pop,month,year,lon,lat,cum_rain,mean_max_temp
Bujeo,1,2015,-5.52654,36.072461,6.164272203,10.9335335
Bujeo,1,2016,-5.52654,36.072461,65.3406584,10.33381092
Bujeo,1,2017,-5.52654,36.072461,13.37374009,14.78664354
Bujeo,1,2018,-5.52654,36.072461,31.78027838,11.07513605
Bujeo,1,2019,-5.52654,36.072461,13.45057078,12.99073624
Bujeo,1,2020,-5.52654,36.072461,17.4865033,12.13729346
Bujeo,1,2021,-5.52654,36.072461,9.886489123,12.41431727
Bujeo,1,2022,-5.52654,36.072461,124.2723979,9.321541866
Bujeo,1,2023,-5.52654,36.072461,5.870315523,13.61226807
Bujeo,1,2024,-5.52654,36.072461,9.849419874,14.89918252
Bujeo,1,2025,-5.52654,36.072461,92.00610493,10.03883588
Bujeo,1,2026,-5.52654,36.072461,34.64407833,11.28764077
Bujeo,1,2027,-5.52654,36.072461,45.64543805,13.12379387
Bujeo,1,2028,-5.52654,36.072461,45.54854043,10.25912357
Bujeo,1,2029,-5.52654,36.072461,17.91194555,12.75790779
Bujeo,1,2030,-5.52654,36.072461,2.008728138,13.33031321
Bujeo,1,2031,-5.52654,36.072461,36.23691975,13.42561764
Bujeo,1,2032,-5.52654,36.072461,77.56464638,12.24502839
Bujeo,1,2033,-5.52654,36.072461,36.81369627,9.680592986
Bujeo,1,2034,-5.52654,36.072461,57.32517534,9.629608942
Bujeo,1,2035,-5.52654,36.072461,21.9303979,13.93768488
Bujeo,1,2036,-5.52654,36.072461,23.70633918,14.19972652
Bujeo,1,2037,-5.52654,36.072461,18.35427051,11.43146815
Bujeo,1,2038,-5.52654,36.072461,77.83028889,11.04053699
Bujeo,1,2039,-5.52654,36.072461,40.06265691,11.72582791
Bujeo,1,2040,-5.52654,36.072461,11.54531058,11.85500488
Bujeo,1,2041,-5.52654,36.072461,69.64765452,12.19207646
Bujeo,1,2042,-5.52654,36.072461,18.2988662,13.22914744
Bujeo,1,2043,-5.52654,36.072461,31.04636719,13.86302018
Bujeo,1,2044,-5.52654,36.072461,81.51727817,11.60786271
Bujeo,1,2045,-5.52654,36.072461,2.622030871,15.95038413
Bujeo,1,2046,-5.52654,36.072461,24.02399939,11.24613293
Bujeo,1,2047,-5.52654,36.072461,5.104409073,15.06168863
Bujeo,1,2048,-5.52654,36.072461,8.804350889,12.75469754
Bujeo,1,2049,-5.52654,36.072461,18.10300565,13.31274887
Bujeo,1,2050,-5.52654,36.072461,10.76686255,12.76338127
Bujeo,1,2051,-5.52654,36.072461,44.78609927,12.08723184
Bujeo,1,2052,-5.52654,36.072461,1.984603559,16.51689177
Bujeo,1,2053,-5.52654,36.072461,23.20290226,13.62728075
Bujeo,1,2054,-5.52654,36.072461,76.52944398,9.951716072
Bujeo,1,2055,-5.52654,36.072461,10.70138752,15.01902604
Bujeo,1,2056,-5.52654,36.072461,17.21351803,12.07415949
Bujeo,1,2057,-5.52654,36.072461,24.87427286,14.66342833
Bujeo,1,2058,-5.52654,36.072461,15.36901838,14.24498901
Bujeo,1,2059,-5.52654,36.072461,59.55285851,13.03767326
Bujeo,1,2060,-5.52654,36.072461,7.993221626,13.14951329
Bujeo,1,2061,-5.52654,36.072461,2.024765534,14.76355551
Bujeo,1,2062,-5.52654,36.072461,16.0065717,12.93030947
Bujeo,1,2063,-5.52654,36.072461,40.02079101,12.27999268
Bujeo,1,2064,-5.52654,36.072461,65.11164229,13.6206289
Bujeo,1,2065,-5.52654,36.072461,52.37024159,11.44432393
Bujeo,1,2066,-5.52654,36.072461,17.44505193,13.03072214
Bujeo,1,2067,-5.52654,36.072461,3.237635824,15.36011215
Bujeo,1,2068,-5.52654,36.072461,77.62868104,11.45949215
Bujeo,1,2069,-5.52654,36.072461,15.86963537,15.48670989
Bujeo,1,2070,-5.52654,36.072461,63.31425713,13.48306255
Bujeo,1,2071,-5.52654,36.072461,37.95385248,13.74463363
Bujeo,1,2072,-5.52654,36.072461,22.42006773,12.4079519
Bujeo,1,2073,-5.52654,36.072461,46.0916096,13.39485592
Bujeo,1,2074,-5.52654,36.072461,22.89132052,15.38897784
Bujeo,1,2075,-5.52654,36.072461,35.14946283,13.19654876
Bujeo,1,2076,-5.52654,36.072461,15.15468484,12.2546306
Bujeo,1,2077,-5.52654,36.072461,6.735347425,15.50169697
Bujeo,1,2078,-5.52654,36.072461,20.32581426,11.58927061
Bujeo,1,2079,-5.52654,36.072461,7.16014857,15.81360631
Bujeo,1,2080,-5.52654,36.072461,63.30749572,11.189069
Bujeo,1,2081,-5.52654,36.072461,7.353081292,14.86522729
Bujeo,1,2082,-5.52654,36.072461,8.787698747,14.12657294
Bujeo,1,2083,-5.52654,36.072461,2.232564753,15.67043457
Bujeo,1,2084,-5.52654,36.072461,11.77702601,15.8545166
Bujeo,1,2085,-5.52654,36.072461,36.46901843,16.74167638
Bujeo,1,2086,-5.52654,36.072461,73.70955688,14.44601519
Bujeo,1,2087,-5.52654,36.072461,51.78583458,13.74438851
Bujeo,1,2088,-5.52654,36.072461,6.164577055,15.39072817
Bujeo,1,2089,-5.52654,36.072461,8.267244655,14.68629387
Bujeo,1,2090,-5.52654,36.072461,22.54915663,14.67691217
Bujeo,1,2091,-5.52654,36.072461,17.07719513,15.63485009
Bujeo,1,2092,-5.52654,36.072461,13.25995477,15.7911375
Bujeo,1,2093,-5.52654,36.072461,6.389007783,14.60252508
Bujeo,1,2094,-5.52654,36.072461,124.9355616,13.47372318
Bujeo,1,2095,-5.52654,36.072461,20.14817119,14.23527064
Bujeo,1,2096,-5.52654,36.072461,11.18055227,13.23789909
Bujeo,1,2097,-5.52654,36.072461,14.97312233,14.47004139
Bujeo,1,2098,-5.52654,36.072461,2.158287935,18.60824565
Bujeo,1,2099,-5.52654,36.072461,34.70589981,13.7124622
Bujeo,1,2100,-5.52654,36.072461,10.28052693,16.35295824
Bujeo,10,2015,-5.52654,36.072461,83.75183137,20.59304396
Bujeo,10,2016,-5.52654,36.072461,42.32269931,19.79761707
Bujeo,10,2017,-5.52654,36.072461,50.80549132,19.10287653
Bujeo,10,2018,-5.52654,36.072461,72.08835365,19.69344679
Bujeo,10,2019,-5.52654,36.072461,63.99326741,22.0658272
Bujeo,10,2020,-5.52654,36.072461,76.22714293,17.59039681
Bujeo,10,2021,-5.52654,36.072461,84.26535463,19.18958287
Bujeo,10,2022,-5.52654,36.072461,271.0707922,16.77562571
Bujeo,10,2023,-5.52654,36.072461,29.02560689,22.95855299
Bujeo,10,2024,-5.52654,36.072461,153.5327856,17.10531203
Bujeo,10,2025,-5.52654,36.072461,181.4963282,16.37296989
Bujeo,10,2026,-5.52654,36.072461,75.89221561,18.36489455
Bujeo,10,2027,-5.52654,36.072461,67.51849624,22.26541413
Bujeo,10,2028,-5.52654,36.072461,79.69104213,20.14873165
Bujeo,10,2029,-5.52654,36.072461,27.96333132,18.87397205
Bujeo,10,2030,-5.52654,36.072461,57.1727113,19.93108225
Bujeo,10,2031,-5.52654,36.072461,226.5560305,17.32243672
Bujeo,10,2032,-5.52654,36.072461,90.35120542,19.37857824
Bujeo,10,2033,-5.52654,36.072461,117.932246,20.60440634
Bujeo,10,2034,-5.52654,36.072461,57.44356456,21.55007423
Bujeo,10,2035,-5.52654,36.072461,82.7089785,18.96875374
Bujeo,10,2036,-5.52654,36.072461,96.38958744,17.57748886
Bujeo,10,2037,-5.52654,36.072461,44.39409119,18.26578034
Bujeo,10,2038,-5.52654,36.072461,24.31632435,22.46077684
Bujeo,10,2039,-5.52654,36.072461,54.9949976,20.12656604
Bujeo,10,2040,-5.52654,36.072461,222.5232823,18.19697108
Bujeo,10,2041,-5.52654,36.072461,113.9548012,18.72797497
Bujeo,10,2042,-5.52654,36.072461,32.75408441,21.09203983
Bujeo,10,2043,-5.52654,36.072461,63.42414523,18.57658022
Bujeo,10,2044,-5.52654,36.072461,92.58709217,21.12574994
Bujeo,10,2045,-5.52654,36.072461,87.98216598,19.10464852
Bujeo,10,2046,-5.52654,36.072461,150.3216548,20.45777824
Bujeo,10,2047,-5.52654,36.072461,48.15724054,21.06614222
Bujeo,10,2048,-5.52654,36.072461,73.23235294,19.50155029
Bujeo,10,2049,-5.52654,36.072461,102.1181569,22.16889491
Bujeo,10,2050,-5.52654,36.072461,58.93468343,23.0071675
Bujeo,10,2051,-5.52654,36.072461,36.55448393,22.24452633
Bujeo,10,2052,-5.52654,36.072461,64.87815111,21.17475232
Bujeo,10,2053,-5.52654,36.072461,29.24950763,22.19689528
Bujeo,10,2054,-5.52654,36.072461,43.10920447,21.21254784
Bujeo,10,2055,-5.52654,36.072461,136.4933427,17.1575089
Bujeo,10,2056,-5.52654,36.072461,39.35813754,20.81880513
Bujeo,10,2057,-5.52654,36.072461,97.6780268,20.10714407
Bujeo,10,2058,-5.52654,36.072461,120.0989036,21.15906037
Bujeo,10,2059,-5.52654,36.072461,82.08935343,22.44918016
Bujeo,10,2060,-5.52654,36.072461,42.3775345,18.66959091
Bujeo,10,2061,-5.52654,36.072461,146.894599,20.63605307
Bujeo,10,2062,-5.52654,36.072461,23.61989436,20.99565056
Bujeo,10,2063,-5.52654,36.072461,56.48063809,22.1272837
Bujeo,10,2064,-5.52654,36.072461,86.36480019,22.45349003
Bujeo,10,2065,-5.52654,36.072461,60.48267111,22.9869373
Bujeo,10,2066,-5.52654,36.072461,63.7795417,22.0265058
Bujeo,10,2067,-5.52654,36.072461,76.99542938,21.18954054
Bujeo,10,2068,-5.52654,36.072461,71.79970251,19.56061165
Bujeo,10,2069,-5.52654,36.072461,135.0725308,21.8381641
Bujeo,10,2070,-5.52654,36.072461,93.69635287,22.35429215
Bujeo,10,2071,-5.52654,36.072461,72.68608809,24.22063697
Bujeo,10,2072,-5.52654,36.072461,61.71964553,23.34059763
Bujeo,10,2073,-5.52654,36.072461,117.1562097,21.00371901
Bujeo,10,2074,-5.52654,36.072461,175.1417948,17.64751095
Bujeo,10,2075,-5.52654,36.072461,18.5307886,24.80715332
Bujeo,10,2076,-5.52654,36.072461,53.41423317,22.50002835
Bujeo,10,2077,-5.52654,36.072461,60.66151459,20.23461501
Bujeo,10,2078,-5.52654,36.072461,43.26428627,25.70672391
Bujeo,10,2079,-5.52654,36.072461,94.71270401,19.84769642
Bujeo,10,2080,-5.52654,36.072461,35.49856486,25.66075262
Bujeo,10,2081,-5.52654,36.072461,13.52149116,24.32885033
Bujeo,10,2082,-5.52654,36.072461,42.77833236,25.50492199
Bujeo,10,2083,-5.52654,36.072461,160.0228045,18.85384128
Bujeo,10,2084,-5.52654,36.072461,42.5780389,24.36271205
Bujeo,10,2085,-5.52654,36.072461,63.96645549,24.36511506
Bujeo,10,2086,-5.52654,36.072461,85.49713603,25.3293081
Bujeo,10,2087,-5.52654,36.072461,90.76510242,23.97567237
Bujeo,10,2088,-5.52654,36.072461,134.3454887,24.70948821
Bujeo,10,2089,-5.52654,36.072461,20.90978696,26.15673316
Bujeo,10,2090,-5.52654,36.072461,118.8311172,22.14233477
Bujeo,10,2091,-5.52654,36.072461,66.82066946,23.06931015
Bujeo,10,2092,-5.52654,36.072461,45.67531929,24.57436228
Bujeo,10,2093,-5.52654,36.072461,38.9741141,23.18641791
Bujeo,10,2094,-5.52654,36.072461,90.25627187,23.20232839
Bujeo,10,2095,-5.52654,36.072461,68.17137717,23.31741313
Bujeo,10,2096,-5.52654,36.072461,168.7706287,17.67973259
Bujeo,10,2097,-5.52654,36.072461,22.66898953,25.42661783
Bujeo,10,2098,-5.52654,36.072461,255.0324897,21.36613789
Bujeo,10,2099,-5.52654,36.072461,4.231280568,23.33086548
Bujeo,10,2100,-5.52654,36.072461,48.28228248,25.66985572
Bujeo,11,2015,-5.52654,36.072461,48.38098225,13.92687073
Bujeo,11,2016,-5.52654,36.072461,75.7213314,17.06195577
Bujeo,11,2017,-5.52654,36.072461,34.94585413,16.01923014
Bujeo,11,2018,-5.52654,36.072461,5.369730724,17.00990194
Bujeo,11,2019,-5.52654,36.072461,88.23189231,14.39065247
Bujeo,11,2020,-5.52654,36.072461,127.6588044,13.70657756
Bujeo,11,2021,-5.52654,36.072461,60.93209029,12.38975627
Bujeo,11,2022,-5.52654,36.072461,70.95474486,15.08192952
Bujeo,11,2023,-5.52654,36.072461,27.06777799,15.98512166
Bujeo,11,2024,-5.52654,36.072461,18.92640109,13.70152893
Bujeo,11,2025,-5.52654,36.072461,81.94071276,14.38966064
Bujeo,11,2026,-5.52654,36.072461,9.939982472,16.76792704
Bujeo,11,2027,-5.52654,36.072461,34.77132525,15.47078756
Bujeo,11,2028,-5.52654,36.072461,19.5173547,15.92893372
Bujeo,11,2029,-5.52654,36.072461,136.4994855,14.67351786
Bujeo,11,2030,-5.52654,36.072461,31.30733511,14.9475057
Bujeo,11,2031,-5.52654,36.072461,73.63070813,13.76139628
Bujeo,11,2032,-5.52654,36.072461,63.23406799,15.02232157
Bujeo,11,2033,-5.52654,36.072461,74.05198942,13.65531921
Bujeo,11,2034,-5.52654,36.072461,10.43811017,18.44635518
Bujeo,11,2035,-5.52654,36.072461,107.4646797,13.07749329
Bujeo,11,2036,-5.52654,36.072461,126.3832921,11.76103719
Bujeo,11,2037,-5.52654,36.072461,14.43164597,16.22931519
Bujeo,11,2038,-5.52654,36.072461,39.93247298,16.96585693
Bujeo,11,2039,-5.52654,36.072461,99.65278831,11.66065674
Bujeo,11,2040,-5.52654,36.072461,74.01070408,12.5390981
Bujeo,11,2041,-5.52654,36.072461,29.95168695,13.16360881
Bujeo,11,2042,-5.52654,36.072461,20.21149411,16.38213908
Bujeo,11,2043,-5.52654,36.072461,4.988953114,18.9180776
Bujeo,11,2044,-5.52654,36.072461,4.422747707,17.37414347
Bujeo,11,2045,-5.52654,36.072461,13.66523954,18.17885946
Bujeo,11,2046,-5.52654,36.072461,26.16726489,14.41564128
Bujeo,11,2047,-5.52654,36.072461,19.73331206,16.67893372
Bujeo,11,2048,-5.52654,36.072461,89.29841286,13.07190247
Bujeo,11,2049,-5.52654,36.072461,50.88493345,15.29458923
Bujeo,11,2050,-5.52654,36.072461,100.7548365,15.77719116
Bujeo,11,2051,-5.52654,36.072461,10.0582045,18.07425842
Bujeo,11,2052,-5.52654,36.072461,24.11150797,14.76038717
Bujeo,11,2053,-5.52654,36.072461,6.731335175,19.53586222
Bujeo,11,2054,-5.52654,36.072461,23.92839872,14.5087616
Bujeo,11,2055,-5.52654,36.072461,3.189226146,16.39730326
Bujeo,11,2056,-5.52654,36.072461,53.66383456,16.46003723
Bujeo,11,2057,-5.52654,36.072461,51.73260921,14.23539124
Bujeo,11,2058,-5.52654,36.072461,56.58804603,16.2322937
Bujeo,11,2059,-5.52654,36.072461,14.66628204,16.69356893
Bujeo,11,2060,-5.52654,36.072461,40.92032828,16.57963562
Bujeo,11,2061,-5.52654,36.072461,15.477388,15.41601054
Bujeo,11,2062,-5.52654,36.072461,69.56790841,14.33757019
Bujeo,11,2063,-5.52654,36.072461,13.36822531,19.70966797
Bujeo,11,2064,-5.52654,36.072461,24.37944403,20.04821472
Bujeo,11,2065,-5.52654,36.072461,8.402127791,22.28623352
Bujeo,11,2066,-5.52654,36.072461,46.0381075,17.57236328
Bujeo,11,2067,-5.52654,36.072461,69.05093343,17.2719401
Bujeo,11,2068,-5.52654,36.072461,23.03060327,17.74725952
Bujeo,11,2069,-5.52654,36.072461,20.62524281,16.2659963
Bujeo,11,2070,-5.52654,36.072461,34.77255267,16.5188741
Bujeo,11,2071,-5.52654,36.072461,113.7402603,14.97013245
Bujeo,11,2072,-5.52654,36.072461,5.236683043,19.18054708
Bujeo,11,2073,-5.52654,36.072461,17.47997395,18.66700643
Bujeo,11,2074,-5.52654,36.072461,92.84937958,17.38985494
Bujeo,11,2075,-5.52654,36.072461,40.3302832,18.41492716
Bujeo,11,2076,-5.52654,36.072461,50.36627683,14.65525818
Bujeo,11,2077,-5.52654,36.072461,38.15942154,17.86218465
Bujeo,11,2078,-5.52654,36.072461,76.49314641,15.48374736
Bujeo,11,2079,-5.52654,36.072461,201.5120784,15.22213643
Bujeo,11,2080,-5.52654,36.072461,11.01991823,20.62233582
Bujeo,11,2081,-5.52654,36.072461,3.620691006,20.21032206
Bujeo,11,2082,-5.52654,36.072461,9.477477465,19.00385234
Bujeo,11,2083,-5.52654,36.072461,12.36584786,17.90292358
Bujeo,11,2084,-5.52654,36.072461,2.133363293,19.22346293
Bujeo,11,2085,-5.52654,36.072461,55.34634899,18.03472392
Bujeo,11,2086,-5.52654,36.072461,19.16679264,16.96880391
Bujeo,11,2087,-5.52654,36.072461,4.666991742,19.796934
Bujeo,11,2088,-5.52654,36.072461,24.82491383,19.60653178
Bujeo,11,2089,-5.52654,36.072461,28.01506739,20.23710938
Bujeo,11,2090,-5.52654,36.072461,20.5429207,19.43281352
Bujeo,11,2091,-5.52654,36.072461,58.18668672,18.17399292
Bujeo,11,2092,-5.52654,36.072461,26.51763047,20.69608154
Bujeo,11,2093,-5.52654,36.072461,20.38684935,19.67825317
Bujeo,11,2094,-5.52654,36.072461,58.54777738,16.8765035
Bujeo,11,2095,-5.52654,36.072461,3.23679085,21.50919189
Bujeo,11,2096,-5.52654,36.072461,11.75700732,15.93886108
Bujeo,11,2097,-5.52654,36.072461,66.67038696,17.92743429
Bujeo,11,2098,-5.52654,36.072461,25.60401463,17.95900981
Bujeo,11,2099,-5.52654,36.072461,16.25759672,19.96364543
Bujeo,11,2100,-5.52654,36.072461,27.92409133,18.23920085
Bujeo,12,2015,-5.52654,36.072461,6.128784906,13.43408407
Bujeo,12,2016,-5.52654,36.072461,4.971569989,15.87442248
Bujeo,12,2017,-5.52654,36.072461,38.07204934,12.29226278
Bujeo,12,2018,-5.52654,36.072461,36.83788875,14.52881673
Bujeo,12,2019,-5.52654,36.072461,4.814012879,12.06860657
Bujeo,12,2020,-5.52654,36.072461,35.45224412,10.29891463
Bujeo,12,2021,-5.52654,36.072461,16.10456286,11.81872457
Bujeo,12,2022,-5.52654,36.072461,36.78543335,12.09379171
Bujeo,12,2023,-5.52654,36.072461,12.14495072,13.21639404
Bujeo,12,2024,-5.52654,36.072461,22.19440263,14.24582351
Bujeo,12,2025,-5.52654,36.072461,45.58015965,11.04454854
Bujeo,12,2026,-5.52654,36.072461,19.11412995,13.83071899
Bujeo,12,2027,-5.52654,36.072461,35.88032101,12.85800578
Bujeo,12,2028,-5.52654,36.072461,22.74376955,12.49347997
Bujeo,12,2029,-5.52654,36.072461,52.86110689,10.02803955
Bujeo,12,2030,-5.52654,36.072461,29.90675211,13.24976501
Bujeo,12,2031,-5.52654,36.072461,45.6760458,9.150120036
Bujeo,12,2032,-5.52654,36.072461,10.55466802,14.38765343
Bujeo,12,2033,-5.52654,36.072461,38.95794092,12.02030029
Bujeo,12,2034,-5.52654,36.072461,7.995759835,13.67126567
Bujeo,12,2035,-5.52654,36.072461,13.95091154,11.90982564
Bujeo,12,2036,-5.52654,36.072461,3.823895441,13.17870483
Bujeo,12,2037,-5.52654,36.072461,26.62763275,12.86779989
Bujeo,12,2038,-5.52654,36.072461,5.67631782,13.89313965
Bujeo,12,2039,-5.52654,36.072461,7.462860757,11.59067891
Bujeo,12,2040,-5.52654,36.072461,28.29987866,11.25072527
Bujeo,12,2041,-5.52654,36.072461,3.6987211,14.69722799
Bujeo,12,2042,-5.52654,36.072461,8.31448768,13.2473053
Bujeo,12,2043,-5.52654,36.072461,9.925176483,14.03182576
Bujeo,12,2044,-5.52654,36.072461,22.02916062,13.45995168
Bujeo,12,2045,-5.52654,36.072461,8.71061031,15.4379364
Bujeo,12,2046,-5.52654,36.072461,12.36059322,11.84570414
Bujeo,12,2047,-5.52654,36.072461,4.93888171,15.81803691
Bujeo,12,2048,-5.52654,36.072461,70.31212982,9.987470114
Bujeo,12,2049,-5.52654,36.072461,22.9735907,11.2826182
Bujeo,12,2050,-5.52654,36.072461,58.78968235,13.58290202
Bujeo,12,2051,-5.52654,36.072461,29.39882506,12.97073263
Bujeo,12,2052,-5.52654,36.072461,68.47626138,9.762600813
Bujeo,12,2053,-5.52654,36.072461,35.17115506,12.17872925
Bujeo,12,2054,-5.52654,36.072461,5.33137888,16.70165812
Bujeo,12,2055,-5.52654,36.072461,8.311787437,14.95313009
Bujeo,12,2056,-5.52654,36.072461,10.19369458,15.96810513
Bujeo,12,2057,-5.52654,36.072461,23.52465738,13.49970703
Bujeo,12,2058,-5.52654,36.072461,10.09592493,15.62369588
Bujeo,12,2059,-5.52654,36.072461,26.56224611,14.12011515
Bujeo,12,2060,-5.52654,36.072461,48.23226284,14.48059945
Bujeo,12,2061,-5.52654,36.072461,26.07550337,13.12870382
Bujeo,12,2062,-5.52654,36.072461,9.930844904,13.74590556
Bujeo,12,2063,-5.52654,36.072461,14.92235543,16.01062927
Bujeo,12,2064,-5.52654,36.072461,21.39641146,16.33248186
Bujeo,12,2065,-5.52654,36.072461,3.546405818,18.29858704
Bujeo,12,2066,-5.52654,36.072461,26.68104217,13.1513265
Bujeo,12,2067,-5.52654,36.072461,7.556664754,15.59015808
Bujeo,12,2068,-5.52654,36.072461,10.30178501,16.03307074
Bujeo,12,2069,-5.52654,36.072461,9.822996386,15.50342102
Bujeo,12,2070,-5.52654,36.072461,12.77268215,15.75173645
Bujeo,12,2071,-5.52654,36.072461,32.56907534,13.82334086
Bujeo,12,2072,-5.52654,36.072461,5.591551773,16.92798714
Bujeo,12,2073,-5.52654,36.072461,10.96149878,14.94423523
Bujeo,12,2074,-5.52654,36.072461,12.31113742,12.24356486
Bujeo,12,2075,-5.52654,36.072461,7.489915198,15.49818624
Bujeo,12,2076,-5.52654,36.072461,6.527394029,15.82555121
Bujeo,12,2077,-5.52654,36.072461,83.70766852,10.82912801
Bujeo,12,2078,-5.52654,36.072461,20.92947296,14.69539897
Bujeo,12,2079,-5.52654,36.072461,36.69669499,11.36711731
Bujeo,12,2080,-5.52654,36.072461,6.196123094,16.57609737
Bujeo,12,2081,-5.52654,36.072461,6.808737067,16.47867025
Bujeo,12,2082,-5.52654,36.072461,3.215897454,17.10918376
Bujeo,12,2083,-5.52654,36.072461,13.78182433,15.27280986
Bujeo,12,2084,-5.52654,36.072461,12.13092851,15.15858217
Bujeo,12,2085,-5.52654,36.072461,14.5304417,14.70055847
Bujeo,12,2086,-5.52654,36.072461,5.515630696,15.01387533
Bujeo,12,2087,-5.52654,36.072461,25.8326019,15.91941223
Bujeo,12,2088,-5.52654,36.072461,56.99867826,12.81648223
Bujeo,12,2089,-5.52654,36.072461,30.17700499,15.23216451
Bujeo,12,2090,-5.52654,36.072461,7.297425484,15.44420675
Bujeo,12,2091,-5.52654,36.072461,22.773178,15.07127787
Bujeo,12,2092,-5.52654,36.072461,14.19240448,16.20004399
Bujeo,12,2093,-5.52654,36.072461,37.71546711,13.00346476
Bujeo,12,2094,-5.52654,36.072461,5.283437468,17.36382243
Bujeo,12,2095,-5.52654,36.072461,16.70439891,16.72524516
Bujeo,12,2096,-5.52654,36.072461,8.181626075,16.5339789
Bujeo,12,2097,-5.52654,36.072461,4.829328228,16.98823751
Bujeo,12,2098,-5.52654,36.072461,14.33135212,15.9709137
Bujeo,12,2099,-5.52654,36.072461,4.781744722,17.60842489
Bujeo,12,2100,-5.52654,36.072461,14.13447537,16.58445638
Bujeo,2,2015,-5.52654,36.072461,14.56981047,14.57076089
Bujeo,2,2016,-5.52654,36.072461,37.83862141,12.70104265
Bujeo,2,2017,-5.52654,36.072461,5.065305385,16.96685181
Bujeo,2,2018,-5.52654,36.072461,31.66268381,13.82570147
Bujeo,2,2019,-5.52654,36.072461,185.0127493,10.61895905
Bujeo,2,2020,-5.52654,36.072461,8.594463899,13.2490268
Bujeo,2,2021,-5.52654,36.072461,26.76689377,11.72285505
Bujeo,2,2022,-5.52654,36.072461,45.50975715,11.04568089
Bujeo,2,2023,-5.52654,36.072461,101.0356151,11.79682966
Bujeo,2,2024,-5.52654,36.072461,4.573946058,17.44195157
Bujeo,2,2025,-5.52654,36.072461,6.535795112,13.18206395
Bujeo,2,2026,-5.52654,36.072461,11.66783703,14.16746129
Bujeo,2,2027,-5.52654,36.072461,33.73916766,13.05458439
Bujeo,2,2028,-5.52654,36.072461,3.982498601,19.15207351
Bujeo,2,2029,-5.52654,36.072461,109.3393032,13.75003749
Bujeo,2,2030,-5.52654,36.072461,52.7497214,13.15426897
Bujeo,2,2031,-5.52654,36.072461,36.98701311,13.16404005
Bujeo,2,2032,-5.52654,36.072461,83.47499147,13.18983428
Bujeo,2,2033,-5.52654,36.072461,6.211673097,16.20361481
Bujeo,2,2034,-5.52654,36.072461,39.86085528,13.31590642
Bujeo,2,2035,-5.52654,36.072461,3.017092834,17.10372641
Bujeo,2,2036,-5.52654,36.072461,41.31163342,16.41458782
Bujeo,2,2037,-5.52654,36.072461,63.69505206,11.75916116
Bujeo,2,2038,-5.52654,36.072461,44.2500466,11.89224505
Bujeo,2,2039,-5.52654,36.072461,7.519027343,17.91934902
Bujeo,2,2040,-5.52654,36.072461,21.37125845,11.88285901
Bujeo,2,2041,-5.52654,36.072461,12.20232961,16.15583082
Bujeo,2,2042,-5.52654,36.072461,5.193737142,18.10212097
Bujeo,2,2043,-5.52654,36.072461,38.03176293,13.80122855
Bujeo,2,2044,-5.52654,36.072461,13.87306832,15.29949341
Bujeo,2,2045,-5.52654,36.072461,73.69899398,13.38610774
Bujeo,2,2046,-5.52654,36.072461,31.11692021,11.72497711
Bujeo,2,2047,-5.52654,36.072461,18.46390275,15.56415274
Bujeo,2,2048,-5.52654,36.072461,33.60406368,15.53599306
Bujeo,2,2049,-5.52654,36.072461,3.420293785,17.92996041
Bujeo,2,2050,-5.52654,36.072461,31.51459089,13.42756805
Bujeo,2,2051,-5.52654,36.072461,47.36270387,12.67746342
Bujeo,2,2052,-5.52654,36.072461,38.31291386,15.05512338
Bujeo,2,2053,-5.52654,36.072461,27.64035552,15.44180886
Bujeo,2,2054,-5.52654,36.072461,1.238324914,14.69081704
Bujeo,2,2055,-5.52654,36.072461,41.02320512,15.19086282
Bujeo,2,2056,-5.52654,36.072461,14.1349381,14.00679721
Bujeo,2,2057,-5.52654,36.072461,29.75616039,14.67676915
Bujeo,2,2058,-5.52654,36.072461,15.19345171,13.9183136
Bujeo,2,2059,-5.52654,36.072461,1.773494946,19.94941973
Bujeo,2,2060,-5.52654,36.072461,10.7399819,16.91478566
Bujeo,2,2061,-5.52654,36.072461,2.22988375,16.40461557
Bujeo,2,2062,-5.52654,36.072461,17.77798842,13.72879617
Bujeo,2,2063,-5.52654,36.072461,26.2782244,14.64788644
Bujeo,2,2064,-5.52654,36.072461,6.393649779,18.60786617
Bujeo,2,2065,-5.52654,36.072461,10.11374081,19.35372641
Bujeo,2,2066,-5.52654,36.072461,2.66746678,17.36077053
Bujeo,2,2067,-5.52654,36.072461,3.723698201,18.18328901
Bujeo,2,2068,-5.52654,36.072461,34.51148897,16.02246957
Bujeo,2,2069,-5.52654,36.072461,42.36405428,13.17243783
Bujeo,2,2070,-5.52654,36.072461,23.10114166,16.22956129
Bujeo,2,2071,-5.52654,36.072461,7.683422874,15.88303419
Bujeo,2,2072,-5.52654,36.072461,81.36074656,12.4333635
Bujeo,2,2073,-5.52654,36.072461,31.05660162,15.20925293
Bujeo,2,2074,-5.52654,36.072461,63.72351679,11.94283338
Bujeo,2,2075,-5.52654,36.072461,5.077408782,18.657821
Bujeo,2,2076,-5.52654,36.072461,2.727674548,18.3310128
Bujeo,2,2077,-5.52654,36.072461,3.564193828,17.12507891
Bujeo,2,2078,-5.52654,36.072461,34.2132874,15.78180302
Bujeo,2,2079,-5.52654,36.072461,11.22785919,15.08473794
Bujeo,2,2080,-5.52654,36.072461,41.86569636,15.01837179
Bujeo,2,2081,-5.52654,36.072461,3.036246829,18.63596606
Bujeo,2,2082,-5.52654,36.072461,27.19194534,15.07352055
Bujeo,2,2083,-5.52654,36.072461,13.24667414,17.34159895
Bujeo,2,2084,-5.52654,36.072461,9.546791149,15.69919686
Bujeo,2,2085,-5.52654,36.072461,23.00298136,14.00052468
Bujeo,2,2086,-5.52654,36.072461,1.590117889,16.89910278
Bujeo,2,2087,-5.52654,36.072461,77.81132366,14.90994524
Bujeo,2,2088,-5.52654,36.072461,2.430025805,21.47169989
Bujeo,2,2089,-5.52654,36.072461,11.60954042,17.26743251
Bujeo,2,2090,-5.52654,36.072461,33.36357444,15.75245492
Bujeo,2,2091,-5.52654,36.072461,34.05711415,17.56029445
Bujeo,2,2092,-5.52654,36.072461,12.91448622,17.41041744
Bujeo,2,2093,-5.52654,36.072461,10.77370415,19.69385463
Bujeo,2,2094,-5.52654,36.072461,23.53838052,16.55590428
Bujeo,2,2095,-5.52654,36.072461,73.78635141,16.44030805
Bujeo,2,2096,-5.52654,36.072461,35.01943861,18.72443595
Bujeo,2,2097,-5.52654,36.072461,22.32224953,17.31812112
Bujeo,2,2098,-5.52654,36.072461,5.351397064,16.21436789
Bujeo,2,2099,-5.52654,36.072461,71.71365464,15.17683454
Bujeo,2,2100,-5.52654,36.072461,65.26522506,16.59628448
Bujeo,3,2015,-5.52654,36.072461,26.45870958,17.18081744
Bujeo,3,2016,-5.52654,36.072461,19.43215064,15.7408337
Bujeo,3,2017,-5.52654,36.072461,105.5384878,16.24716856
Bujeo,3,2018,-5.52654,36.072461,7.535120798,19.12004611
Bujeo,3,2019,-5.52654,36.072461,168.0597814,9.664931562
Bujeo,3,2020,-5.52654,36.072461,23.4351824,19.67917835
Bujeo,3,2021,-5.52654,36.072461,15.21045902,19.6312628
Bujeo,3,2022,-5.52654,36.072461,71.33250881,14.00098326
Bujeo,3,2023,-5.52654,36.072461,69.5378161,15.17560976
Bujeo,3,2024,-5.52654,36.072461,15.77438575,21.08045989
Bujeo,3,2025,-5.52654,36.072461,146.6934402,12.40133254
Bujeo,3,2026,-5.52654,36.072461,13.70171538,19.43623972
Bujeo,3,2027,-5.52654,36.072461,15.76064008,17.38765574
Bujeo,3,2028,-5.52654,36.072461,30.7844919,18.54216821
Bujeo,3,2029,-5.52654,36.072461,48.52270679,15.60094112
Bujeo,3,2030,-5.52654,36.072461,67.51970454,13.7736086
Bujeo,3,2031,-5.52654,36.072461,26.11496125,18.27358005
Bujeo,3,2032,-5.52654,36.072461,46.23059434,11.31617077
Bujeo,3,2033,-5.52654,36.072461,38.6165762,20.04831799
Bujeo,3,2034,-5.52654,36.072461,70.75214019,16.73075601
Bujeo,3,2035,-5.52654,36.072461,75.38040349,14.70197301
Bujeo,3,2036,-5.52654,36.072461,10.38677296,18.16616605
Bujeo,3,2037,-5.52654,36.072461,54.92317319,14.91591305
Bujeo,3,2038,-5.52654,36.072461,29.31543225,17.67774796
Bujeo,3,2039,-5.52654,36.072461,21.73950002,17.05975617
Bujeo,3,2040,-5.52654,36.072461,85.46420567,11.17369109
Bujeo,3,2041,-5.52654,36.072461,73.94192973,15.06253623
Bujeo,3,2042,-5.52654,36.072461,19.76918234,22.45503757
Bujeo,3,2043,-5.52654,36.072461,9.013005929,23.30903557
Bujeo,3,2044,-5.52654,36.072461,72.09224914,13.4355644
Bujeo,3,2045,-5.52654,36.072461,34.82527783,15.32815926
Bujeo,3,2046,-5.52654,36.072461,29.22588556,13.52948471
Bujeo,3,2047,-5.52654,36.072461,16.57882865,19.72897615
Bujeo,3,2048,-5.52654,36.072461,71.42658278,14.22704271
Bujeo,3,2049,-5.52654,36.072461,3.845047498,22.51200502
Bujeo,3,2050,-5.52654,36.072461,37.15502091,18.59372716
Bujeo,3,2051,-5.52654,36.072461,52.52821149,16.43840549
Bujeo,3,2052,-5.52654,36.072461,67.39301501,16.73119802
Bujeo,3,2053,-5.52654,36.072461,108.3771368,17.42418331
Bujeo,3,2054,-5.52654,36.072461,11.44420286,20.84882655
Bujeo,3,2055,-5.52654,36.072461,13.50504863,21.78392157
Bujeo,3,2056,-5.52654,36.072461,12.84990747,19.77203842
Bujeo,3,2057,-5.52654,36.072461,5.597416947,20.82131249
Bujeo,3,2058,-5.52654,36.072461,30.45676001,16.64809373
Bujeo,3,2059,-5.52654,36.072461,52.8448476,15.75064559
Bujeo,3,2060,-5.52654,36.072461,40.69250205,13.69506226
Bujeo,3,2061,-5.52654,36.072461,58.22297291,17.51495834
Bujeo,3,2062,-5.52654,36.072461,27.52221808,18.82247019
Bujeo,3,2063,-5.52654,36.072461,31.12032769,17.40328861
Bujeo,3,2064,-5.52654,36.072461,16.47364152,19.28947675
Bujeo,3,2065,-5.52654,36.072461,35.71951917,21.82615888
Bujeo,3,2066,-5.52654,36.072461,45.86706753,17.67965088
Bujeo,3,2067,-5.52654,36.072461,18.51081409,18.35183795
Bujeo,3,2068,-5.52654,36.072461,5.69116061,22.16350708
Bujeo,3,2069,-5.52654,36.072461,8.855318825,20.63752087
Bujeo,3,2070,-5.52654,36.072461,8.033605454,20.31485556
Bujeo,3,2071,-5.52654,36.072461,24.83206966,20.73268354
Bujeo,3,2072,-5.52654,36.072461,45.55816777,19.01602153
Bujeo,3,2073,-5.52654,36.072461,62.51830533,16.42788775
Bujeo,3,2074,-5.52654,36.072461,9.726548565,17.33389656
Bujeo,3,2075,-5.52654,36.072461,6.195199961,21.98520961
Bujeo,3,2076,-5.52654,36.072461,40.30512606,22.80669753
Bujeo,3,2077,-5.52654,36.072461,17.87014649,20.22502264
Bujeo,3,2078,-5.52654,36.072461,38.83696675,16.96218065
Bujeo,3,2079,-5.52654,36.072461,12.57042902,24.94627607
Bujeo,3,2080,-5.52654,36.072461,69.04058665,18.39354662
Bujeo,3,2081,-5.52654,36.072461,38.41540191,18.00745889
Bujeo,3,2082,-5.52654,36.072461,70.28042363,19.47767078
Bujeo,3,2083,-5.52654,36.072461,28.30544857,21.67705098
Bujeo,3,2084,-5.52654,36.072461,4.927090843,20.28949939
Bujeo,3,2085,-5.52654,36.072461,20.48469606,20.81546001
Bujeo,3,2086,-5.52654,36.072461,21.81826285,23.67495216
Bujeo,3,2087,-5.52654,36.072461,93.96793793,18.30102618
Bujeo,3,2088,-5.52654,36.072461,39.73119022,21.05697218
Bujeo,3,2089,-5.52654,36.072461,91.21321279,17.27991786
Bujeo,3,2090,-5.52654,36.072461,4.370328119,23.084691
Bujeo,3,2091,-5.52654,36.072461,14.3436489,17.64252969
Bujeo,3,2092,-5.52654,36.072461,44.41100748,17.64765566
Bujeo,3,2093,-5.52654,36.072461,21.41733317,21.88523205
Bujeo,3,2094,-5.52654,36.072461,27.80416139,18.74489845
Bujeo,3,2095,-5.52654,36.072461,65.817161,18.22612817
Bujeo,3,2096,-5.52654,36.072461,74.42455975,16.97678971
Bujeo,3,2097,-5.52654,36.072461,2.791301916,23.27640538
Bujeo,3,2098,-5.52654,36.072461,118.6460272,17.52108647
Bujeo,3,2099,-5.52654,36.072461,23.95924836,18.0075278
Bujeo,3,2100,-5.52654,36.072461,56.03438192,15.37172458
Bujeo,4,2015,-5.52654,36.072461,87.86248798,19.57067362
Bujeo,4,2016,-5.52654,36.072461,35.79372671,22.69273275
Bujeo,4,2017,-5.52654,36.072461,57.44957881,17.03928324
Bujeo,4,2018,-5.52654,36.072461,116.2329407,15.29573669
Bujeo,4,2019,-5.52654,36.072461,32.65841101,21.55523071
Bujeo,4,2020,-5.52654,36.072461,67.45486354,18.47242839
Bujeo,4,2021,-5.52654,36.072461,18.54044087,22.83532003
Bujeo,4,2022,-5.52654,36.072461,82.88314428,18.75323385
Bujeo,4,2023,-5.52654,36.072461,146.8125136,18.43040365
Bujeo,4,2024,-5.52654,36.072461,88.62293252,19.52241516
Bujeo,4,2025,-5.52654,36.072461,13.78797552,19.15357768
Bujeo,4,2026,-5.52654,36.072461,43.43252509,20.88469747
Bujeo,4,2027,-5.52654,36.072461,82.54021006,18.10240479
Bujeo,4,2028,-5.52654,36.072461,20.22154302,24.53240763
Bujeo,4,2029,-5.52654,36.072461,22.24775606,19.30502828
Bujeo,4,2030,-5.52654,36.072461,64.52871006,17.10439657
Bujeo,4,2031,-5.52654,36.072461,24.26239004,21.84936218
Bujeo,4,2032,-5.52654,36.072461,138.2182586,14.94075724
Bujeo,4,2033,-5.52654,36.072461,99.22584133,22.43808289
Bujeo,4,2034,-5.52654,36.072461,81.70727469,18.81167908
Bujeo,4,2035,-5.52654,36.072461,36.99571673,18.95671488
Bujeo,4,2036,-5.52654,36.072461,37.83937474,19.47100932
Bujeo,4,2037,-5.52654,36.072461,26.32546598,22.57909953
Bujeo,4,2038,-5.52654,36.072461,147.8563954,18.43634338
Bujeo,4,2039,-5.52654,36.072461,45.27259524,20.05516561
Bujeo,4,2040,-5.52654,36.072461,9.039623157,23.76280009
Bujeo,4,2041,-5.52654,36.072461,22.86326513,21.83891703
Bujeo,4,2042,-5.52654,36.072461,33.94099231,23.18892008
Bujeo,4,2043,-5.52654,36.072461,68.25509976,20.97629089
Bujeo,4,2044,-5.52654,36.072461,57.16349507,20.90174561
Bujeo,4,2045,-5.52654,36.072461,68.51471261,20.91806539
Bujeo,4,2046,-5.52654,36.072461,48.68266468,20.55599772
Bujeo,4,2047,-5.52654,36.072461,89.76571564,20.65195414
Bujeo,4,2048,-5.52654,36.072461,32.67431126,20.17188924
Bujeo,4,2049,-5.52654,36.072461,46.36887444,21.48042806
Bujeo,4,2050,-5.52654,36.072461,33.19186743,20.6683075
Bujeo,4,2051,-5.52654,36.072461,73.62048062,21.68225911
Bujeo,4,2052,-5.52654,36.072461,60.74403183,22.77076721
Bujeo,4,2053,-5.52654,36.072461,39.06968157,20.5127655
Bujeo,4,2054,-5.52654,36.072461,53.49471236,19.25634664
Bujeo,4,2055,-5.52654,36.072461,12.10157535,22.74573873
Bujeo,4,2056,-5.52654,36.072461,26.57969131,21.82719218
Bujeo,4,2057,-5.52654,36.072461,35.13334241,22.13349813
Bujeo,4,2058,-5.52654,36.072461,50.59102623,23.98185221
Bujeo,4,2059,-5.52654,36.072461,54.59427416,19.80013123
Bujeo,4,2060,-5.52654,36.072461,33.47332407,21.47748515
Bujeo,4,2061,-5.52654,36.072461,136.0967294,18.39075216
Bujeo,4,2062,-5.52654,36.072461,30.01956779,21.12775269
Bujeo,4,2063,-5.52654,36.072461,64.88538922,23.11969096
Bujeo,4,2064,-5.52654,36.072461,77.5519317,17.18729451
Bujeo,4,2065,-5.52654,36.072461,27.688848,20.90126444
Bujeo,4,2066,-5.52654,36.072461,68.05680791,17.25269674
Bujeo,4,2067,-5.52654,36.072461,42.31006066,19.97169902
Bujeo,4,2068,-5.52654,36.072461,71.89572297,22.9223348
Bujeo,4,2069,-5.52654,36.072461,36.79719789,21.75903219
Bujeo,4,2070,-5.52654,36.072461,40.80958627,19.42858785
Bujeo,4,2071,-5.52654,36.072461,13.18293547,24.55962931
Bujeo,4,2072,-5.52654,36.072461,89.99401272,19.79191589
Bujeo,4,2073,-5.52654,36.072461,16.14808347,21.0318339
Bujeo,4,2074,-5.52654,36.072461,44.51140806,22.12667948
Bujeo,4,2075,-5.52654,36.072461,28.88782768,23.24069926
Bujeo,4,2076,-5.52654,36.072461,21.25901373,27.31565348
Bujeo,4,2077,-5.52654,36.072461,51.924381,22.47716064
Bujeo,4,2078,-5.52654,36.072461,49.24093729,18.44144389
Bujeo,4,2079,-5.52654,36.072461,14.72400152,24.79536947
Bujeo,4,2080,-5.52654,36.072461,39.60308983,25.24144897
Bujeo,4,2081,-5.52654,36.072461,23.26408011,26.90972392
Bujeo,4,2082,-5.52654,36.072461,49.25815387,20.59119568
Bujeo,4,2083,-5.52654,36.072461,56.75471463,22.762087
Bujeo,4,2084,-5.52654,36.072461,68.93207786,20.69569092
Bujeo,4,2085,-5.52654,36.072461,14.43230611,27.62428792
Bujeo,4,2086,-5.52654,36.072461,30.60147192,21.01143087
Bujeo,4,2087,-5.52654,36.072461,37.9137732,20.03645732
Bujeo,4,2088,-5.52654,36.072461,42.6447561,22.78858846
Bujeo,4,2089,-5.52654,36.072461,53.2581244,24.99601135
Bujeo,4,2090,-5.52654,36.072461,56.5441794,24.48395487
Bujeo,4,2091,-5.52654,36.072461,74.37811879,15.99112447
Bujeo,4,2092,-5.52654,36.072461,52.26855493,22.24474589
Bujeo,4,2093,-5.52654,36.072461,43.73127126,21.67102458
Bujeo,4,2094,-5.52654,36.072461,85.59098994,21.60351563
Bujeo,4,2095,-5.52654,36.072461,62.6663415,22.5458964
Bujeo,4,2096,-5.52654,36.072461,57.27413443,22.68220317
Bujeo,4,2097,-5.52654,36.072461,21.86820321,26.37398885
Bujeo,4,2098,-5.52654,36.072461,7.246157066,23.53695475
Bujeo,4,2099,-5.52654,36.072461,19.92059818,26.52759298
Bujeo,4,2100,-5.52654,36.072461,57.6123769,22.36635437
Bujeo,5,2015,-5.52654,36.072461,58.50697235,21.60629548
Bujeo,5,2016,-5.52654,36.072461,138.3513079,19.77156982
Bujeo,5,2017,-5.52654,36.072461,27.5489445,25.47255072
Bujeo,5,2018,-5.52654,36.072461,88.62303758,21.26040433
Bujeo,5,2019,-5.52654,36.072461,36.26992025,22.27579306
Bujeo,5,2020,-5.52654,36.072461,71.88665975,20.58899989
Bujeo,5,2021,-5.52654,36.072461,42.35509003,23.43939878
Bujeo,5,2022,-5.52654,36.072461,211.8972068,17.80828838
Bujeo,5,2023,-5.52654,36.072461,117.6029296,21.98580322
Bujeo,5,2024,-5.52654,36.072461,61.38524168,24.72121779
Bujeo,5,2025,-5.52654,36.072461,35.52987472,22.07111167
Bujeo,5,2026,-5.52654,36.072461,166.5812364,19.24651981
Bujeo,5,2027,-5.52654,36.072461,69.46527846,21.37927226
Bujeo,5,2028,-5.52654,36.072461,152.8606314,21.55990679
Bujeo,5,2029,-5.52654,36.072461,43.53405474,19.47316402
Bujeo,5,2030,-5.52654,36.072461,24.01178251,26.27144874
Bujeo,5,2031,-5.52654,36.072461,123.5393762,20.48302219
Bujeo,5,2032,-5.52654,36.072461,24.25704659,22.06738163
Bujeo,5,2033,-5.52654,36.072461,45.24487711,20.57099649
Bujeo,5,2034,-5.52654,36.072461,182.3882357,18.32079172
Bujeo,5,2035,-5.52654,36.072461,69.1253913,23.58211473
Bujeo,5,2036,-5.52654,36.072461,18.87312645,23.11432456
Bujeo,5,2037,-5.52654,36.072461,100.6629358,21.16413417
Bujeo,5,2038,-5.52654,36.072461,87.05578845,16.34321033
Bujeo,5,2039,-5.52654,36.072461,71.07853764,24.63311256
Bujeo,5,2040,-5.52654,36.072461,38.08209067,22.07991254
Bujeo,5,2041,-5.52654,36.072461,154.1057515,18.23390129
Bujeo,5,2042,-5.52654,36.072461,188.6427189,21.97253989
Bujeo,5,2043,-5.52654,36.072461,150.8958159,21.68403557
Bujeo,5,2044,-5.52654,36.072461,67.46099196,22.73804676
Bujeo,5,2045,-5.52654,36.072461,150.748228,23.64582559
Bujeo,5,2046,-5.52654,36.072461,39.82846048,21.70578869
Bujeo,5,2047,-5.52654,36.072461,86.18165064,22.50242152
Bujeo,5,2048,-5.52654,36.072461,323.682587,19.73470065
Bujeo,5,2049,-5.52654,36.072461,86.35707887,24.33043134
Bujeo,5,2050,-5.52654,36.072461,43.46663676,25.44300084
Bujeo,5,2051,-5.52654,36.072461,96.07221058,22.67675466
Bujeo,5,2052,-5.52654,36.072461,85.50285693,23.31927175
Bujeo,5,2053,-5.52654,36.072461,29.8770029,28.68845766
Bujeo,5,2054,-5.52654,36.072461,98.97931267,24.15765361
Bujeo,5,2055,-5.52654,36.072461,128.1420481,23.61253682
Bujeo,5,2056,-5.52654,36.072461,70.60894838,20.49379194
Bujeo,5,2057,-5.52654,36.072461,91.80428197,21.68944997
Bujeo,5,2058,-5.52654,36.072461,123.4541159,22.23545178
Bujeo,5,2059,-5.52654,36.072461,50.15906123,26.54707957
Bujeo,5,2060,-5.52654,36.072461,84.45015819,27.35008466
Bujeo,5,2061,-5.52654,36.072461,81.14730518,21.64845995
Bujeo,5,2062,-5.52654,36.072461,186.3312341,24.90653037
Bujeo,5,2063,-5.52654,36.072461,41.47550218,22.16215643
Bujeo,5,2064,-5.52654,36.072461,42.52060308,26.76644582
Bujeo,5,2065,-5.52654,36.072461,43.72690116,26.64478504
Bujeo,5,2066,-5.52654,36.072461,109.0226421,27.27146252
Bujeo,5,2067,-5.52654,36.072461,57.87019529,23.41695655
Bujeo,5,2068,-5.52654,36.072461,55.86815514,26.13302691
Bujeo,5,2069,-5.52654,36.072461,81.8964277,19.87207996
Bujeo,5,2070,-5.52654,36.072461,62.27860299,25.51956649
Bujeo,5,2071,-5.52654,36.072461,120.3991724,25.8618861
Bujeo,5,2072,-5.52654,36.072461,46.94324153,26.27910865
Bujeo,5,2073,-5.52654,36.072461,44.76553507,28.7691609
Bujeo,5,2074,-5.52654,36.072461,64.88351439,27.24511207
Bujeo,5,2075,-5.52654,36.072461,31.6262349,25.26304754
Bujeo,5,2076,-5.52654,36.072461,109.0523111,26.45874988
Bujeo,5,2077,-5.52654,36.072461,50.59997549,27.11236946
Bujeo,5,2078,-5.52654,36.072461,41.52823286,24.33674356
Bujeo,5,2079,-5.52654,36.072461,176.6556311,23.09266101
Bujeo,5,2080,-5.52654,36.072461,70.58164034,24.9142523
Bujeo,5,2081,-5.52654,36.072461,31.32554634,30.16621625
Bujeo,5,2082,-5.52654,36.072461,58.11653704,25.64277974
Bujeo,5,2083,-5.52654,36.072461,36.89573051,28.88497314
Bujeo,5,2084,-5.52654,36.072461,174.4798067,23.03086095
Bujeo,5,2085,-5.52654,36.072461,58.21868415,27.05727933
Bujeo,5,2086,-5.52654,36.072461,24.74122791,28.07571096
Bujeo,5,2087,-5.52654,36.072461,66.48398329,22.26243326
Bujeo,5,2088,-5.52654,36.072461,130.9211258,24.41585496
Bujeo,5,2089,-5.52654,36.072461,149.8192829,23.63888432
Bujeo,5,2090,-5.52654,36.072461,35.08903591,25.64143204
Bujeo,5,2091,-5.52654,36.072461,136.180243,24.60766287
Bujeo,5,2092,-5.52654,36.072461,209.2063419,17.81710304
Bujeo,5,2093,-5.52654,36.072461,41.67396689,27.26116825
Bujeo,5,2094,-5.52654,36.072461,57.97844757,22.27936657
Bujeo,5,2095,-5.52654,36.072461,162.8841436,20.11703964
Bujeo,5,2096,-5.52654,36.072461,99.80302305,25.663955
Bujeo,5,2097,-5.52654,36.072461,90.0503468,24.89924553
Bujeo,5,2098,-5.52654,36.072461,55.19391357,29.9289283
Bujeo,5,2099,-5.52654,36.072461,62.68349494,28.27200987
Bujeo,5,2100,-5.52654,36.072461,48.72335886,24.18601626
Bujeo,6,2015,-5.52654,36.072461,65.02207562,27.36278076
Bujeo,6,2016,-5.52654,36.072461,105.7720591,22.05162048
Bujeo,6,2017,-5.52654,36.072461,52.95637463,28.18379618
Bujeo,6,2018,-5.52654,36.072461,43.99578635,24.93464152
Bujeo,6,2019,-5.52654,36.072461,93.37965096,27.26351827
Bujeo,6,2020,-5.52654,36.072461,141.4502851,27.50091044
Bujeo,6,2021,-5.52654,36.072461,81.98725118,26.01781006
Bujeo,6,2022,-5.52654,36.072461,103.270846,20.19614563
Bujeo,6,2023,-5.52654,36.072461,121.3787989,24.63379008
Bujeo,6,2024,-5.52654,36.072461,89.56628884,26.50597331
Bujeo,6,2025,-5.52654,36.072461,93.80588898,26.98196004
Bujeo,6,2026,-5.52654,36.072461,58.83480749,27.22653605
Bujeo,6,2027,-5.52654,36.072461,80.5848135,22.64336344
Bujeo,6,2028,-5.52654,36.072461,54.74103249,26.56425781
Bujeo,6,2029,-5.52654,36.072461,190.3887356,24.0565094
Bujeo,6,2030,-5.52654,36.072461,76.5893831,26.80871684
Bujeo,6,2031,-5.52654,36.072461,87.75875283,27.03983154
Bujeo,6,2032,-5.52654,36.072461,112.908465,26.19483439
Bujeo,6,2033,-5.52654,36.072461,49.4912098,27.81958313
Bujeo,6,2034,-5.52654,36.072461,49.902306,28.17304993
Bujeo,6,2035,-5.52654,36.072461,68.4432159,25.72252197
Bujeo,6,2036,-5.52654,36.072461,95.37708534,28.37675781
Bujeo,6,2037,-5.52654,36.072461,137.6256641,24.86460673
Bujeo,6,2038,-5.52654,36.072461,50.56450606,27.8595459
Bujeo,6,2039,-5.52654,36.072461,97.14923529,29.34813741
Bujeo,6,2040,-5.52654,36.072461,63.84338615,29.60387573
Bujeo,6,2041,-5.52654,36.072461,86.25601513,24.72249959
Bujeo,6,2042,-5.52654,36.072461,43.18108,27.27174072
Bujeo,6,2043,-5.52654,36.072461,79.0065604,28.05234578
Bujeo,6,2044,-5.52654,36.072461,24.46292926,28.18286438
Bujeo,6,2045,-5.52654,36.072461,113.4771025,28.19390462
Bujeo,6,2046,-5.52654,36.072461,60.07813752,28.74308065
Bujeo,6,2047,-5.52654,36.072461,68.20255923,28.39170125
Bujeo,6,2048,-5.52654,36.072461,94.64614616,22.35031738
Bujeo,6,2049,-5.52654,36.072461,103.3846409,26.76169128
Bujeo,6,2050,-5.52654,36.072461,67.81809187,29.01478475
Bujeo,6,2051,-5.52654,36.072461,102.0779762,27.1407959
Bujeo,6,2052,-5.52654,36.072461,55.84193237,25.69975891
Bujeo,6,2053,-5.52654,36.072461,273.6467403,27.82781982
Bujeo,6,2054,-5.52654,36.072461,49.70311989,27.05073242
Bujeo,6,2055,-5.52654,36.072461,81.23962428,25.67949015
Bujeo,6,2056,-5.52654,36.072461,71.73594912,28.1911733
Bujeo,6,2057,-5.52654,36.072461,62.71494995,28.4851003
Bujeo,6,2058,-5.52654,36.072461,51.84098854,27.00781657
Bujeo,6,2059,-5.52654,36.072461,154.4920027,28.35033061
Bujeo,6,2060,-5.52654,36.072461,127.7266344,27.0344635
Bujeo,6,2061,-5.52654,36.072461,39.87104474,29.68833313
Bujeo,6,2062,-5.52654,36.072461,69.73538671,23.85950623
Bujeo,6,2063,-5.52654,36.072461,53.83677731,29.14246521
Bujeo,6,2064,-5.52654,36.072461,116.5859344,29.04710592
Bujeo,6,2065,-5.52654,36.072461,51.11493377,28.57959493
Bujeo,6,2066,-5.52654,36.072461,106.1240813,27.66340027
Bujeo,6,2067,-5.52654,36.072461,108.498729,26.09935099
Bujeo,6,2068,-5.52654,36.072461,205.36812,28.80492655
Bujeo,6,2069,-5.52654,36.072461,119.0087315,26.24837138
Bujeo,6,2070,-5.52654,36.072461,64.99962891,29.55285034
Bujeo,6,2071,-5.52654,36.072461,59.59139343,28.58878886
Bujeo,6,2072,-5.52654,36.072461,118.0505916,28.56635335
Bujeo,6,2073,-5.52654,36.072461,213.5656878,28.00326233
Bujeo,6,2074,-5.52654,36.072461,263.5225136,25.44019979
Bujeo,6,2075,-5.52654,36.072461,128.0955849,29.34224243
Bujeo,6,2076,-5.52654,36.072461,164.681577,28.2864329
Bujeo,6,2077,-5.52654,36.072461,105.7536216,30.00775757
Bujeo,6,2078,-5.52654,36.072461,87.22604917,28.55781453
Bujeo,6,2079,-5.52654,36.072461,107.1500672,29.15690308
Bujeo,6,2080,-5.52654,36.072461,71.20039291,28.8391805
Bujeo,6,2081,-5.52654,36.072461,121.8464228,29.2784963
Bujeo,6,2082,-5.52654,36.072461,83.82742524,28.88287354
Bujeo,6,2083,-5.52654,36.072461,46.43140206,30.46647441
Bujeo,6,2084,-5.52654,36.072461,108.7623716,27.75553894
Bujeo,6,2085,-5.52654,36.072461,61.08409855,31.73824565
Bujeo,6,2086,-5.52654,36.072461,120.4340199,26.52363688
Bujeo,6,2087,-5.52654,36.072461,129.0581286,30.18581136
Bujeo,6,2088,-5.52654,36.072461,106.1529854,26.95941772
Bujeo,6,2089,-5.52654,36.072461,70.64678834,28.30250956
Bujeo,6,2090,-5.52654,36.072461,135.8446835,27.33485819
Bujeo,6,2091,-5.52654,36.072461,84.70816733,31.70746257
Bujeo,6,2092,-5.52654,36.072461,99.13115991,28.89022522
Bujeo,6,2093,-5.52654,36.072461,266.0208297,27.43182475
Bujeo,6,2094,-5.52654,36.072461,64.5652692,32.04562378
Bujeo,6,2095,-5.52654,36.072461,47.86248485,29.12627563
Bujeo,6,2096,-5.52654,36.072461,100.3021906,29.72119751
Bujeo,6,2097,-5.52654,36.072461,125.3675727,30.97142639
Bujeo,6,2098,-5.52654,36.072461,186.3437394,29.10294698
Bujeo,6,2099,-5.52654,36.072461,194.7813587,27.31389567
Bujeo,6,2100,-5.52654,36.072461,73.06521979,32.16689758
Bujeo,7,2015,-5.52654,36.072461,45.05125663,32.24889329
Bujeo,7,2016,-5.52654,36.072461,122.1238722,28.84056515
Bujeo,7,2017,-5.52654,36.072461,49.41304877,31.69620027
Bujeo,7,2018,-5.52654,36.072461,103.535482,30.40673316
Bujeo,7,2019,-5.52654,36.072461,55.73107892,30.89425935
Bujeo,7,2020,-5.52654,36.072461,86.76051974,29.89248145
Bujeo,7,2021,-5.52654,36.072461,113.4036428,31.37604823
Bujeo,7,2022,-5.52654,36.072461,49.93437064,31.26061992
Bujeo,7,2023,-5.52654,36.072461,109.7349308,27.69992144
Bujeo,7,2024,-5.52654,36.072461,79.44941846,32.91988132
Bujeo,7,2025,-5.52654,36.072461,102.2722371,31.76628044
Bujeo,7,2026,-5.52654,36.072461,75.76580291,32.74622645
Bujeo,7,2027,-5.52654,36.072461,52.19703916,31.82512424
Bujeo,7,2028,-5.52654,36.072461,111.7422239,31.39293233
Bujeo,7,2029,-5.52654,36.072461,59.79149348,29.90450439
Bujeo,7,2030,-5.52654,36.072461,65.36251554,34.00753961
Bujeo,7,2031,-5.52654,36.072461,116.4973814,32.28933598
Bujeo,7,2032,-5.52654,36.072461,55.15913379,29.84560055
Bujeo,7,2033,-5.52654,36.072461,41.07522805,31.86024603
Bujeo,7,2034,-5.52654,36.072461,103.4365099,29.95746224
Bujeo,7,2035,-5.52654,36.072461,147.2266471,30.48364632
Bujeo,7,2036,-5.52654,36.072461,56.24751431,32.27286731
Bujeo,7,2037,-5.52654,36.072461,69.34635807,31.55461544
Bujeo,7,2038,-5.52654,36.072461,51.72497496,32.76675297
Bujeo,7,2039,-5.52654,36.072461,73.2819168,33.41194675
Bujeo,7,2040,-5.52654,36.072461,120.0973992,29.32339852
Bujeo,7,2041,-5.52654,36.072461,58.49894244,30.62692044
Bujeo,7,2042,-5.52654,36.072461,46.2241658,33.4123543
Bujeo,7,2043,-5.52654,36.072461,89.82254262,33.13799537
Bujeo,7,2044,-5.52654,36.072461,50.79247153,31.83885026
Bujeo,7,2045,-5.52654,36.072461,75.24543398,32.27850125
Bujeo,7,2046,-5.52654,36.072461,45.6709581,31.77167713
Bujeo,7,2047,-5.52654,36.072461,64.86022873,32.52726775
Bujeo,7,2048,-5.52654,36.072461,38.81596466,30.95882667
Bujeo,7,2049,-5.52654,36.072461,130.7178477,30.89594175
Bujeo,7,2050,-5.52654,36.072461,91.11240421,31.30678514
Bujeo,7,2051,-5.52654,36.072461,87.38170513,32.79405636
Bujeo,7,2052,-5.52654,36.072461,58.1318449,33.53016594
Bujeo,7,2053,-5.52654,36.072461,106.9058542,29.75373082
Bujeo,7,2054,-5.52654,36.072461,96.24947358,33.35820037
Bujeo,7,2055,-5.52654,36.072461,37.32546073,32.67414492
Bujeo,7,2056,-5.52654,36.072461,63.73396168,33.57778616
Bujeo,7,2057,-5.52654,36.072461,50.34589323,33.63474574
Bujeo,7,2058,-5.52654,36.072461,50.51577399,34.03094955
Bujeo,7,2059,-5.52654,36.072461,56.53100131,32.87664283
Bujeo,7,2060,-5.52654,36.072461,68.41922771,32.83615191
Bujeo,7,2061,-5.52654,36.072461,74.86542071,33.37883222
Bujeo,7,2062,-5.52654,36.072461,88.28173686,32.45699857
Bujeo,7,2063,-5.52654,36.072461,87.00836107,34.3799279
Bujeo,7,2064,-5.52654,36.072461,83.99385291,34.67037944
Bujeo,7,2065,-5.52654,36.072461,127.4310797,32.39025859
Bujeo,7,2066,-5.52654,36.072461,48.86908607,33.12091537
Bujeo,7,2067,-5.52654,36.072461,89.00362207,32.22923899
Bujeo,7,2068,-5.52654,36.072461,49.54871564,34.00135833
Bujeo,7,2069,-5.52654,36.072461,64.76144322,33.60570679
Bujeo,7,2070,-5.52654,36.072461,67.23807051,33.08290917
Bujeo,7,2071,-5.52654,36.072461,70.24851451,34.21290126
Bujeo,7,2072,-5.52654,36.072461,48.5166911,33.75860281
Bujeo,7,2073,-5.52654,36.072461,76.86792744,33.87937858
Bujeo,7,2074,-5.52654,36.072461,61.29141393,31.50432838
Bujeo,7,2075,-5.52654,36.072461,89.54732181,32.4493613
Bujeo,7,2076,-5.52654,36.072461,35.3418931,34.74258502
Bujeo,7,2077,-5.52654,36.072461,48.01197496,35.22108883
Bujeo,7,2078,-5.52654,36.072461,93.60284125,33.62515042
Bujeo,7,2079,-5.52654,36.072461,74.0447155,34.70167473
Bujeo,7,2080,-5.52654,36.072461,81.44629253,34.29445407
Bujeo,7,2081,-5.52654,36.072461,62.38942104,33.54752945
Bujeo,7,2082,-5.52654,36.072461,79.0525583,32.49800533
Bujeo,7,2083,-5.52654,36.072461,57.43091232,35.10670993
Bujeo,7,2084,-5.52654,36.072461,100.8402605,33.04505458
Bujeo,7,2085,-5.52654,36.072461,65.89528028,36.16141909
Bujeo,7,2086,-5.52654,36.072461,79.0368894,34.40197242
Bujeo,7,2087,-5.52654,36.072461,39.43693824,33.91791835
Bujeo,7,2088,-5.52654,36.072461,96.65361648,31.31712765
Bujeo,7,2089,-5.52654,36.072461,62.0676125,35.91138069
Bujeo,7,2090,-5.52654,36.072461,95.90241479,34.4616018
Bujeo,7,2091,-5.52654,36.072461,25.60456151,36.44315442
Bujeo,7,2092,-5.52654,36.072461,103.3447833,33.41029683
Bujeo,7,2093,-5.52654,36.072461,136.9004218,31.233983
Bujeo,7,2094,-5.52654,36.072461,60.79304474,36.96313358
Bujeo,7,2095,-5.52654,36.072461,79.2626778,33.7483804
Bujeo,7,2096,-5.52654,36.072461,69.09825179,35.80905033
Bujeo,7,2097,-5.52654,36.072461,100.525059,33.58147091
Bujeo,7,2098,-5.52654,36.072461,127.496706,30.93401686
Bujeo,7,2099,-5.52654,36.072461,77.1847597,35.79147418
Bujeo,7,2100,-5.52654,36.072461,88.08131381,35.38181901
Bujeo,8,2015,-5.52654,36.072461,41.83775883,30.42531935
Bujeo,8,2016,-5.52654,36.072461,43.15745927,30.04665429
Bujeo,8,2017,-5.52654,36.072461,32.5334791,31.87476452
Bujeo,8,2018,-5.52654,36.072461,67.08083916,31.69016468
Bujeo,8,2019,-5.52654,36.072461,67.31387255,30.3365447
Bujeo,8,2020,-5.52654,36.072461,41.67990327,31.60875658
Bujeo,8,2021,-5.52654,36.072461,54.85988321,30.75645673
Bujeo,8,2022,-5.52654,36.072461,50.93612633,30.93096313
Bujeo,8,2023,-5.52654,36.072461,60.06139751,30.35454909
Bujeo,8,2024,-5.52654,36.072461,47.5099074,33.12743235
Bujeo,8,2025,-5.52654,36.072461,88.67588941,30.3895813
Bujeo,8,2026,-5.52654,36.072461,38.85043337,32.6278153
Bujeo,8,2027,-5.52654,36.072461,70.090482,32.66594061
Bujeo,8,2028,-5.52654,36.072461,74.07159625,30.49609355
Bujeo,8,2029,-5.52654,36.072461,80.4832178,31.30037251
Bujeo,8,2030,-5.52654,36.072461,67.02552881,31.83528561
Bujeo,8,2031,-5.52654,36.072461,88.34221825,28.6742158
Bujeo,8,2032,-5.52654,36.072461,40.12444676,32.48714107
Bujeo,8,2033,-5.52654,36.072461,97.81274705,30.58490463
Bujeo,8,2034,-5.52654,36.072461,70.11057266,31.4061612
Bujeo,8,2035,-5.52654,36.072461,58.17633891,31.69618452
Bujeo,8,2036,-5.52654,36.072461,48.8816005,32.52635321
Bujeo,8,2037,-5.52654,36.072461,39.67178683,32.73738226
Bujeo,8,2038,-5.52654,36.072461,49.94267092,33.09458461
Bujeo,8,2039,-5.52654,36.072461,41.86560986,31.9245131
Bujeo,8,2040,-5.52654,36.072461,67.55184636,31.9629997
Bujeo,8,2041,-5.52654,36.072461,28.51184681,33.61399969
Bujeo,8,2042,-5.52654,36.072461,58.58868474,33.63839407
Bujeo,8,2043,-5.52654,36.072461,56.83644557,31.61947809
Bujeo,8,2044,-5.52654,36.072461,47.492446,32.87984718
Bujeo,8,2045,-5.52654,36.072461,46.22624309,32.66620838
Bujeo,8,2046,-5.52654,36.072461,26.99867517,33.21715403
Bujeo,8,2047,-5.52654,36.072461,67.51419858,31.80500429
Bujeo,8,2048,-5.52654,36.072461,84.60786047,31.86166756
Bujeo,8,2049,-5.52654,36.072461,55.38199514,32.41987147
Bujeo,8,2050,-5.52654,36.072461,95.59774243,32.21661456
Bujeo,8,2051,-5.52654,36.072461,46.77420641,33.17098881
Bujeo,8,2052,-5.52654,36.072461,43.92399407,32.86053349
Bujeo,8,2053,-5.52654,36.072461,48.88072948,32.22267082
Bujeo,8,2054,-5.52654,36.072461,80.20073315,32.14980173
Bujeo,8,2055,-5.52654,36.072461,59.4642471,31.9536121
Bujeo,8,2056,-5.52654,36.072461,58.51092597,34.00658865
Bujeo,8,2057,-5.52654,36.072461,17.74451209,34.36640172
Bujeo,8,2058,-5.52654,36.072461,63.93054022,32.86830267
Bujeo,8,2059,-5.52654,36.072461,75.20948748,33.87467297
Bujeo,8,2060,-5.52654,36.072461,48.2037532,33.58932475
Bujeo,8,2061,-5.52654,36.072461,37.9945297,32.10443292
Bujeo,8,2062,-5.52654,36.072461,55.1195098,34.78773331
Bujeo,8,2063,-5.52654,36.072461,69.29281219,32.78969431
Bujeo,8,2064,-5.52654,36.072461,79.63222459,32.91057838
Bujeo,8,2065,-5.52654,36.072461,61.5613396,32.85134376
Bujeo,8,2066,-5.52654,36.072461,46.96562246,34.30104685
Bujeo,8,2067,-5.52654,36.072461,77.55575678,32.78130395
Bujeo,8,2068,-5.52654,36.072461,42.29738009,33.68924029
Bujeo,8,2069,-5.52654,36.072461,71.96428118,34.24438162
Bujeo,8,2070,-5.52654,36.072461,49.9813137,34.47143043
Bujeo,8,2071,-5.52654,36.072461,146.9417798,29.79671729
Bujeo,8,2072,-5.52654,36.072461,76.71849374,32.84513589
Bujeo,8,2073,-5.52654,36.072461,55.83753043,35.21116865
Bujeo,8,2074,-5.52654,36.072461,97.5572221,31.79540307
Bujeo,8,2075,-5.52654,36.072461,76.82644108,33.7621773
Bujeo,8,2076,-5.52654,36.072461,112.1648753,31.60353905
Bujeo,8,2077,-5.52654,36.072461,37.60499609,34.80974141
Bujeo,8,2078,-5.52654,36.072461,34.98501832,36.6941172
Bujeo,8,2079,-5.52654,36.072461,73.18329396,34.03778056
Bujeo,8,2080,-5.52654,36.072461,24.36080073,35.93812492
Bujeo,8,2081,-5.52654,36.072461,61.62762036,35.28378375
Bujeo,8,2082,-5.52654,36.072461,112.5383305,34.39099692
Bujeo,8,2083,-5.52654,36.072461,77.81891172,35.78446301
Bujeo,8,2084,-5.52654,36.072461,52.62291668,34.39266456
Bujeo,8,2085,-5.52654,36.072461,23.46520127,34.81469707
Bujeo,8,2086,-5.52654,36.072461,57.83993446,34.05648095
Bujeo,8,2087,-5.52654,36.072461,62.65617859,34.47687043
Bujeo,8,2088,-5.52654,36.072461,57.64871242,34.10197478
Bujeo,8,2089,-5.52654,36.072461,21.81429013,35.2609625
Bujeo,8,2090,-5.52654,36.072461,67.70219042,34.95781368
Bujeo,8,2091,-5.52654,36.072461,39.88023855,37.03101649
Bujeo,8,2092,-5.52654,36.072461,63.1659767,35.72166276
Bujeo,8,2093,-5.52654,36.072461,70.22717558,33.9651379
Bujeo,8,2094,-5.52654,36.072461,32.60826814,37.79903761
Bujeo,8,2095,-5.52654,36.072461,70.97092704,34.49394354
Bujeo,8,2096,-5.52654,36.072461,47.94325884,36.58296332
Bujeo,8,2097,-5.52654,36.072461,68.89456809,35.74818745
Bujeo,8,2098,-5.52654,36.072461,19.31008772,34.46412393
Bujeo,8,2099,-5.52654,36.072461,93.07765193,31.97825751
Bujeo,8,2100,-5.52654,36.072461,41.48693801,36.60812752
Bujeo,9,2015,-5.52654,36.072461,101.6221289,26.65684611
Bujeo,9,2016,-5.52654,36.072461,101.5264416,25.19356079
Bujeo,9,2017,-5.52654,36.072461,61.19479391,28.7271108
Bujeo,9,2018,-5.52654,36.072461,76.41637476,24.88515727
Bujeo,9,2019,-5.52654,36.072461,59.47277451,27.99203796
Bujeo,9,2020,-5.52654,36.072461,72.98402464,26.14356893
Bujeo,9,2021,-5.52654,36.072461,55.60491611,25.21778768
Bujeo,9,2022,-5.52654,36.072461,120.6651472,25.70561523
Bujeo,9,2023,-5.52654,36.072461,53.89875519,26.86835531
Bujeo,9,2024,-5.52654,36.072461,99.81015346,25.71776428
Bujeo,9,2025,-5.52654,36.072461,103.7925949,23.91383565
Bujeo,9,2026,-5.52654,36.072461,88.07208951,25.6744161
Bujeo,9,2027,-5.52654,36.072461,32.26833542,26.74070129
Bujeo,9,2028,-5.52654,36.072461,71.0164338,26.83994242
Bujeo,9,2029,-5.52654,36.072461,57.42919552,26.35091451
Bujeo,9,2030,-5.52654,36.072461,117.4977813,26.55979614
Bujeo,9,2031,-5.52654,36.072461,51.95467575,26.08223368
Bujeo,9,2032,-5.52654,36.072461,85.12267597,26.11966654
Bujeo,9,2033,-5.52654,36.072461,128.2537336,24.10019938
Bujeo,9,2034,-5.52654,36.072461,67.21217132,25.83168742
Bujeo,9,2035,-5.52654,36.072461,42.1760342,27.00574341
Bujeo,9,2036,-5.52654,36.072461,108.5968854,24.40023397
Bujeo,9,2037,-5.52654,36.072461,36.51960796,28.3229421
Bujeo,9,2038,-5.52654,36.072461,78.65850171,25.96999003
Bujeo,9,2039,-5.52654,36.072461,67.87967742,26.90432027
Bujeo,9,2040,-5.52654,36.072461,67.40876886,25.45624084
Bujeo,9,2041,-5.52654,36.072461,72.63093528,27.72121175
Bujeo,9,2042,-5.52654,36.072461,117.7971147,25.73380839
Bujeo,9,2043,-5.52654,36.072461,82.10174254,25.69419556
Bujeo,9,2044,-5.52654,36.072461,47.11802663,29.28228556
Bujeo,9,2045,-5.52654,36.072461,52.19943061,26.68302104
Bujeo,9,2046,-5.52654,36.072461,48.01786855,28.64653625
Bujeo,9,2047,-5.52654,36.072461,168.1690489,24.94240723
Bujeo,9,2048,-5.52654,36.072461,53.00510316,27.28094889
Bujeo,9,2049,-5.52654,36.072461,89.11020615,26.37019043
Bujeo,9,2050,-5.52654,36.072461,98.041837,26.22377218
Bujeo,9,2051,-5.52654,36.072461,52.63869645,27.66639201
Bujeo,9,2052,-5.52654,36.072461,73.36385971,28.29583537
Bujeo,9,2053,-5.52654,36.072461,123.6422807,26.8329539
Bujeo,9,2054,-5.52654,36.072461,71.63740398,28.92102661
Bujeo,9,2055,-5.52654,36.072461,81.01839283,26.84522909
Bujeo,9,2056,-5.52654,36.072461,49.15041395,27.4591746
Bujeo,9,2057,-5.52654,36.072461,45.93323179,28.9748057
Bujeo,9,2058,-5.52654,36.072461,82.11306749,26.09436239
Bujeo,9,2059,-5.52654,36.072461,62.22505912,29.27229513
Bujeo,9,2060,-5.52654,36.072461,166.7433698,24.83260295
Bujeo,9,2061,-5.52654,36.072461,103.7542049,28.3188385
Bujeo,9,2062,-5.52654,36.072461,102.5338323,29.48455607
Bujeo,9,2063,-5.52654,36.072461,47.36068349,28.07701721
Bujeo,9,2064,-5.52654,36.072461,46.33463034,27.6907725
Bujeo,9,2065,-5.52654,36.072461,67.64405503,29.28123169
Bujeo,9,2066,-5.52654,36.072461,69.97399406,29.47034505
Bujeo,9,2067,-5.52654,36.072461,113.0937652,26.75270589
Bujeo,9,2068,-5.52654,36.072461,36.30801067,28.56176554
Bujeo,9,2069,-5.52654,36.072461,72.02034124,28.3122996
Bujeo,9,2070,-5.52654,36.072461,69.84009782,28.92534078
Bujeo,9,2071,-5.52654,36.072461,58.27475327,29.99298197
Bujeo,9,2072,-5.52654,36.072461,39.63696374,28.46964722
Bujeo,9,2073,-5.52654,36.072461,55.96279252,29.71316325
Bujeo,9,2074,-5.52654,36.072461,164.9976925,26.80036723
Bujeo,9,2075,-5.52654,36.072461,111.2992217,28.88324585
Bujeo,9,2076,-5.52654,36.072461,108.3275639,26.29450989
Bujeo,9,2077,-5.52654,36.072461,187.0522807,23.95023499
Bujeo,9,2078,-5.52654,36.072461,37.40463215,32.06572266
Bujeo,9,2079,-5.52654,36.072461,63.77799911,28.7604126
Bujeo,9,2080,-5.52654,36.072461,47.45616018,30.32178446
Bujeo,9,2081,-5.52654,36.072461,127.0703366,26.30270793
Bujeo,9,2082,-5.52654,36.072461,68.67423841,29.0265981
Bujeo,9,2083,-5.52654,36.072461,109.5465795,30.44188639
Bujeo,9,2084,-5.52654,36.072461,47.65065827,29.01198425
Bujeo,9,2085,-5.52654,36.072461,46.5481941,29.59851786
Bujeo,9,2086,-5.52654,36.072461,72.60470912,29.87734172
Bujeo,9,2087,-5.52654,36.072461,67.74014072,30.61467997
Bujeo,9,2088,-5.52654,36.072461,36.12057016,29.26948954
Bujeo,9,2089,-5.52654,36.072461,42.96160661,31.1569519
Bujeo,9,2090,-5.52654,36.072461,38.7324951,29.89252726
Bujeo,9,2091,-5.52654,36.072461,17.75889001,31.22068176
Bujeo,9,2092,-5.52654,36.072461,57.09618191,29.08295797
Bujeo,9,2093,-5.52654,36.072461,27.68452271,29.10314331
Bujeo,9,2094,-5.52654,36.072461,77.91010242,31.40940145
Bujeo,9,2095,-5.52654,36.072461,44.66274356,30.1498291
Bujeo,9,2096,-5.52654,36.072461,101.6065497,29.14754232
Bujeo,9,2097,-5.52654,36.072461,54.61990181,30.45243123
Bujeo,9,2098,-5.52654,36.072461,158.7749492,28.86553548
Bujeo,9,2099,-5.52654,36.072461,197.7296789,27.07234904
Bujeo,9,2100,-5.52654,36.072461,28.62930108,30.10253194
MonteraTorero,1,2015,-5.585278,36.226389,6.164272203,10.9335335
MonteraTorero,1,2016,-5.585278,36.226389,65.3406584,10.33381092
MonteraTorero,1,2017,-5.585278,36.226389,13.37374009,14.78664354
MonteraTorero,1,2018,-5.585278,36.226389,31.78027838,11.07513605
MonteraTorero,1,2019,-5.585278,36.226389,13.45057078,12.99073624
MonteraTorero,1,2020,-5.585278,36.226389,17.4865033,12.13729346
MonteraTorero,1,2021,-5.585278,36.226389,9.886489123,12.41431727
MonteraTorero,1,2022,-5.585278,36.226389,124.2723979,9.321541866
MonteraTorero,1,2023,-5.585278,36.226389,5.870315523,13.61226807
MonteraTorero,1,2024,-5.585278,36.226389,9.849419874,14.89918252
MonteraTorero,1,2025,-5.585278,36.226389,92.00610493,10.03883588
MonteraTorero,1,2026,-5.585278,36.226389,34.64407833,11.28764077
MonteraTorero,1,2027,-5.585278,36.226389,45.64543805,13.12379387
MonteraTorero,1,2028,-5.585278,36.226389,45.54854043,10.25912357
MonteraTorero,1,2029,-5.585278,36.226389,17.91194555,12.75790779
MonteraTorero,1,2030,-5.585278,36.226389,2.008728138,13.33031321
MonteraTorero,1,2031,-5.585278,36.226389,36.23691975,13.42561764
MonteraTorero,1,2032,-5.585278,36.226389,77.56464638,12.24502839
MonteraTorero,1,2033,-5.585278,36.226389,36.81369627,9.680592986
MonteraTorero,1,2034,-5.585278,36.226389,57.32517534,9.629608942
MonteraTorero,1,2035,-5.585278,36.226389,21.9303979,13.93768488
MonteraTorero,1,2036,-5.585278,36.226389,23.70633918,14.19972652
MonteraTorero,1,2037,-5.585278,36.226389,18.35427051,11.43146815
MonteraTorero,1,2038,-5.585278,36.226389,77.83028889,11.04053699
MonteraTorero,1,2039,-5.585278,36.226389,40.06265691,11.72582791
MonteraTorero,1,2040,-5.585278,36.226389,11.54531058,11.85500488
MonteraTorero,1,2041,-5.585278,36.226389,69.64765452,12.19207646
MonteraTorero,1,2042,-5.585278,36.226389,18.2988662,13.22914744
MonteraTorero,1,2043,-5.585278,36.226389,31.04636719,13.86302018
MonteraTorero,1,2044,-5.585278,36.226389,81.51727817,11.60786271
MonteraTorero,1,2045,-5.585278,36.226389,2.622030871,15.95038413
MonteraTorero,1,2046,-5.585278,36.226389,24.02399939,11.24613293
MonteraTorero,1,2047,-5.585278,36.226389,5.104409073,15.06168863
MonteraTorero,1,2048,-5.585278,36.226389,8.804350889,12.75469754
MonteraTorero,1,2049,-5.585278,36.226389,18.10300565,13.31274887
MonteraTorero,1,2050,-5.585278,36.226389,10.76686255,12.76338127
MonteraTorero,1,2051,-5.585278,36.226389,44.78609927,12.08723184
MonteraTorero,1,2052,-5.585278,36.226389,1.984603559,16.51689177
MonteraTorero,1,2053,-5.585278,36.226389,23.20290226,13.62728075
MonteraTorero,1,2054,-5.585278,36.226389,76.52944398,9.951716072
MonteraTorero,1,2055,-5.585278,36.226389,10.70138752,15.01902604
MonteraTorero,1,2056,-5.585278,36.226389,17.21351803,12.07415949
MonteraTorero,1,2057,-5.585278,36.226389,24.87427286,14.66342833
MonteraTorero,1,2058,-5.585278,36.226389,15.36901838,14.24498901
MonteraTorero,1,2059,-5.585278,36.226389,59.55285851,13.03767326
MonteraTorero,1,2060,-5.585278,36.226389,7.993221626,13.14951329
MonteraTorero,1,2061,-5.585278,36.226389,2.024765534,14.76355551
MonteraTorero,1,2062,-5.585278,36.226389,16.0065717,12.93030947
MonteraTorero,1,2063,-5.585278,36.226389,40.02079101,12.27999268
MonteraTorero,1,2064,-5.585278,36.226389,65.11164229,13.6206289
MonteraTorero,1,2065,-5.585278,36.226389,52.37024159,11.44432393
MonteraTorero,1,2066,-5.585278,36.226389,17.44505193,13.03072214
MonteraTorero,1,2067,-5.585278,36.226389,3.237635824,15.36011215
MonteraTorero,1,2068,-5.585278,36.226389,77.62868104,11.45949215
MonteraTorero,1,2069,-5.585278,36.226389,15.86963537,15.48670989
MonteraTorero,1,2070,-5.585278,36.226389,63.31425713,13.48306255
MonteraTorero,1,2071,-5.585278,36.226389,37.95385248,13.74463363
MonteraTorero,1,2072,-5.585278,36.226389,22.42006773,12.4079519
MonteraTorero,1,2073,-5.585278,36.226389,46.0916096,13.39485592
MonteraTorero,1,2074,-5.585278,36.226389,22.89132052,15.38897784
MonteraTorero,1,2075,-5.585278,36.226389,35.14946283,13.19654876
MonteraTorero,1,2076,-5.585278,36.226389,15.15468484,12.2546306
MonteraTorero,1,2077,-5.585278,36.226389,6.735347425,15.50169697
MonteraTorero,1,2078,-5.585278,36.226389,20.32581426,11.58927061
MonteraTorero,1,2079,-5.585278,36.226389,7.16014857,15.81360631
MonteraTorero,1,2080,-5.585278,36.226389,63.30749572,11.189069
MonteraTorero,1,2081,-5.585278,36.226389,7.353081292,14.86522729
MonteraTorero,1,2082,-5.585278,36.226389,8.787698747,14.12657294
MonteraTorero,1,2083,-5.585278,36.226389,2.232564753,15.67043457
MonteraTorero,1,2084,-5.585278,36.226389,11.77702601,15.8545166
MonteraTorero,1,2085,-5.585278,36.226389,36.46901843,16.74167638
MonteraTorero,1,2086,-5.585278,36.226389,73.70955688,14.44601519
MonteraTorero,1,2087,-5.585278,36.226389,51.78583458,13.74438851
MonteraTorero,1,2088,-5.585278,36.226389,6.164577055,15.39072817
MonteraTorero,1,2089,-5.585278,36.226389,8.267244655,14.68629387
MonteraTorero,1,2090,-5.585278,36.226389,22.54915663,14.67691217
MonteraTorero,1,2091,-5.585278,36.226389,17.07719513,15.63485009
MonteraTorero,1,2092,-5.585278,36.226389,13.25995477,15.7911375
MonteraTorero,1,2093,-5.585278,36.226389,6.389007783,14.60252508
MonteraTorero,1,2094,-5.585278,36.226389,124.9355616,13.47372318
MonteraTorero,1,2095,-5.585278,36.226389,20.14817119,14.23527064
MonteraTorero,1,2096,-5.585278,36.226389,11.18055227,13.23789909
MonteraTorero,1,2097,-5.585278,36.226389,14.97312233,14.47004139
MonteraTorero,1,2098,-5.585278,36.226389,2.158287935,18.60824565
MonteraTorero,1,2099,-5.585278,36.226389,34.70589981,13.7124622
MonteraTorero,1,2100,-5.585278,36.226389,10.28052693,16.35295824
MonteraTorero,10,2015,-5.585278,36.226389,83.75183137,20.59304396
MonteraTorero,10,2016,-5.585278,36.226389,42.32269931,19.79761707
MonteraTorero,10,2017,-5.585278,36.226389,50.80549132,19.10287653
MonteraTorero,10,2018,-5.585278,36.226389,72.08835365,19.69344679
MonteraTorero,10,2019,-5.585278,36.226389,63.99326741,22.0658272
MonteraTorero,10,2020,-5.585278,36.226389,76.22714293,17.59039681
MonteraTorero,10,2021,-5.585278,36.226389,84.26535463,19.18958287
MonteraTorero,10,2022,-5.585278,36.226389,271.0707922,16.77562571
MonteraTorero,10,2023,-5.585278,36.226389,29.02560689,22.95855299
MonteraTorero,10,2024,-5.585278,36.226389,153.5327856,17.10531203
MonteraTorero,10,2025,-5.585278,36.226389,181.4963282,16.37296989
MonteraTorero,10,2026,-5.585278,36.226389,75.89221561,18.36489455
MonteraTorero,10,2027,-5.585278,36.226389,67.51849624,22.26541413
MonteraTorero,10,2028,-5.585278,36.226389,79.69104213,20.14873165
MonteraTorero,10,2029,-5.585278,36.226389,27.96333132,18.87397205
MonteraTorero,10,2030,-5.585278,36.226389,57.1727113,19.93108225
MonteraTorero,10,2031,-5.585278,36.226389,226.5560305,17.32243672
MonteraTorero,10,2032,-5.585278,36.226389,90.35120542,19.37857824
MonteraTorero,10,2033,-5.585278,36.226389,117.932246,20.60440634
MonteraTorero,10,2034,-5.585278,36.226389,57.44356456,21.55007423
MonteraTorero,10,2035,-5.585278,36.226389,82.7089785,18.96875374
MonteraTorero,10,2036,-5.585278,36.226389,96.38958744,17.57748886
MonteraTorero,10,2037,-5.585278,36.226389,44.39409119,18.26578034
MonteraTorero,10,2038,-5.585278,36.226389,24.31632435,22.46077684
MonteraTorero,10,2039,-5.585278,36.226389,54.9949976,20.12656604
MonteraTorero,10,2040,-5.585278,36.226389,222.5232823,18.19697108
MonteraTorero,10,2041,-5.585278,36.226389,113.9548012,18.72797497
MonteraTorero,10,2042,-5.585278,36.226389,32.75408441,21.09203983
MonteraTorero,10,2043,-5.585278,36.226389,63.42414523,18.57658022
MonteraTorero,10,2044,-5.585278,36.226389,92.58709217,21.12574994
MonteraTorero,10,2045,-5.585278,36.226389,87.98216598,19.10464852
MonteraTorero,10,2046,-5.585278,36.226389,150.3216548,20.45777824
MonteraTorero,10,2047,-5.585278,36.226389,48.15724054,21.06614222
MonteraTorero,10,2048,-5.585278,36.226389,73.23235294,19.50155029
MonteraTorero,10,2049,-5.585278,36.226389,102.1181569,22.16889491
MonteraTorero,10,2050,-5.585278,36.226389,58.93468343,23.0071675
MonteraTorero,10,2051,-5.585278,36.226389,36.55448393,22.24452633
MonteraTorero,10,2052,-5.585278,36.226389,64.87815111,21.17475232
MonteraTorero,10,2053,-5.585278,36.226389,29.24950763,22.19689528
MonteraTorero,10,2054,-5.585278,36.226389,43.10920447,21.21254784
MonteraTorero,10,2055,-5.585278,36.226389,136.4933427,17.1575089
MonteraTorero,10,2056,-5.585278,36.226389,39.35813754,20.81880513
MonteraTorero,10,2057,-5.585278,36.226389,97.6780268,20.10714407
MonteraTorero,10,2058,-5.585278,36.226389,120.0989036,21.15906037
MonteraTorero,10,2059,-5.585278,36.226389,82.08935343,22.44918016
MonteraTorero,10,2060,-5.585278,36.226389,42.3775345,18.66959091
MonteraTorero,10,2061,-5.585278,36.226389,146.894599,20.63605307
MonteraTorero,10,2062,-5.585278,36.226389,23.61989436,20.99565056
MonteraTorero,10,2063,-5.585278,36.226389,56.48063809,22.1272837
MonteraTorero,10,2064,-5.585278,36.226389,86.36480019,22.45349003
MonteraTorero,10,2065,-5.585278,36.226389,60.48267111,22.9869373
MonteraTorero,10,2066,-5.585278,36.226389,63.7795417,22.0265058
MonteraTorero,10,2067,-5.585278,36.226389,76.99542938,21.18954054
MonteraTorero,10,2068,-5.585278,36.226389,71.79970251,19.56061165
MonteraTorero,10,2069,-5.585278,36.226389,135.0725308,21.8381641
MonteraTorero,10,2070,-5.585278,36.226389,93.69635287,22.35429215
MonteraTorero,10,2071,-5.585278,36.226389,72.68608809,24.22063697
MonteraTorero,10,2072,-5.585278,36.226389,61.71964553,23.34059763
MonteraTorero,10,2073,-5.585278,36.226389,117.1562097,21.00371901
MonteraTorero,10,2074,-5.585278,36.226389,175.1417948,17.64751095
MonteraTorero,10,2075,-5.585278,36.226389,18.5307886,24.80715332
MonteraTorero,10,2076,-5.585278,36.226389,53.41423317,22.50002835
MonteraTorero,10,2077,-5.585278,36.226389,60.66151459,20.23461501
MonteraTorero,10,2078,-5.585278,36.226389,43.26428627,25.70672391
MonteraTorero,10,2079,-5.585278,36.226389,94.71270401,19.84769642
MonteraTorero,10,2080,-5.585278,36.226389,35.49856486,25.66075262
MonteraTorero,10,2081,-5.585278,36.226389,13.52149116,24.32885033
MonteraTorero,10,2082,-5.585278,36.226389,42.77833236,25.50492199
MonteraTorero,10,2083,-5.585278,36.226389,160.0228045,18.85384128
MonteraTorero,10,2084,-5.585278,36.226389,42.5780389,24.36271205
MonteraTorero,10,2085,-5.585278,36.226389,63.96645549,24.36511506
MonteraTorero,10,2086,-5.585278,36.226389,85.49713603,25.3293081
MonteraTorero,10,2087,-5.585278,36.226389,90.76510242,23.97567237
MonteraTorero,10,2088,-5.585278,36.226389,134.3454887,24.70948821
MonteraTorero,10,2089,-5.585278,36.226389,20.90978696,26.15673316
MonteraTorero,10,2090,-5.585278,36.226389,118.8311172,22.14233477
MonteraTorero,10,2091,-5.585278,36.226389,66.82066946,23.06931015
MonteraTorero,10,2092,-5.585278,36.226389,45.67531929,24.57436228
MonteraTorero,10,2093,-5.585278,36.226389,38.9741141,23.18641791
MonteraTorero,10,2094,-5.585278,36.226389,90.25627187,23.20232839
MonteraTorero,10,2095,-5.585278,36.226389,68.17137717,23.31741313
MonteraTorero,10,2096,-5.585278,36.226389,168.7706287,17.67973259
MonteraTorero,10,2097,-5.585278,36.226389,22.66898953,25.42661783
MonteraTorero,10,2098,-5.585278,36.226389,255.0324897,21.36613789
MonteraTorero,10,2099,-5.585278,36.226389,4.231280568,23.33086548
MonteraTorero,10,2100,-5.585278,36.226389,48.28228248,25.66985572
MonteraTorero,11,2015,-5.585278,36.226389,48.38098225,13.92687073
MonteraTorero,11,2016,-5.585278,36.226389,75.7213314,17.06195577
MonteraTorero,11,2017,-5.585278,36.226389,34.94585413,16.01923014
MonteraTorero,11,2018,-5.585278,36.226389,5.369730724,17.00990194
MonteraTorero,11,2019,-5.585278,36.226389,88.23189231,14.39065247
MonteraTorero,11,2020,-5.585278,36.226389,127.6588044,13.70657756
MonteraTorero,11,2021,-5.585278,36.226389,60.93209029,12.38975627
MonteraTorero,11,2022,-5.585278,36.226389,70.95474486,15.08192952
MonteraTorero,11,2023,-5.585278,36.226389,27.06777799,15.98512166
MonteraTorero,11,2024,-5.585278,36.226389,18.92640109,13.70152893
MonteraTorero,11,2025,-5.585278,36.226389,81.94071276,14.38966064
MonteraTorero,11,2026,-5.585278,36.226389,9.939982472,16.76792704
MonteraTorero,11,2027,-5.585278,36.226389,34.77132525,15.47078756
MonteraTorero,11,2028,-5.585278,36.226389,19.5173547,15.92893372
MonteraTorero,11,2029,-5.585278,36.226389,136.4994855,14.67351786
MonteraTorero,11,2030,-5.585278,36.226389,31.30733511,14.9475057
MonteraTorero,11,2031,-5.585278,36.226389,73.63070813,13.76139628
MonteraTorero,11,2032,-5.585278,36.226389,63.23406799,15.02232157
MonteraTorero,11,2033,-5.585278,36.226389,74.05198942,13.65531921
MonteraTorero,11,2034,-5.585278,36.226389,10.43811017,18.44635518
MonteraTorero,11,2035,-5.585278,36.226389,107.4646797,13.07749329
MonteraTorero,11,2036,-5.585278,36.226389,126.3832921,11.76103719
MonteraTorero,11,2037,-5.585278,36.226389,14.43164597,16.22931519
MonteraTorero,11,2038,-5.585278,36.226389,39.93247298,16.96585693
MonteraTorero,11,2039,-5.585278,36.226389,99.65278831,11.66065674
MonteraTorero,11,2040,-5.585278,36.226389,74.01070408,12.5390981
MonteraTorero,11,2041,-5.585278,36.226389,29.95168695,13.16360881
MonteraTorero,11,2042,-5.585278,36.226389,20.21149411,16.38213908
MonteraTorero,11,2043,-5.585278,36.226389,4.988953114,18.9180776
MonteraTorero,11,2044,-5.585278,36.226389,4.422747707,17.37414347
MonteraTorero,11,2045,-5.585278,36.226389,13.66523954,18.17885946
MonteraTorero,11,2046,-5.585278,36.226389,26.16726489,14.41564128
MonteraTorero,11,2047,-5.585278,36.226389,19.73331206,16.67893372
MonteraTorero,11,2048,-5.585278,36.226389,89.29841286,13.07190247
MonteraTorero,11,2049,-5.585278,36.226389,50.88493345,15.29458923
MonteraTorero,11,2050,-5.585278,36.226389,100.7548365,15.77719116
MonteraTorero,11,2051,-5.585278,36.226389,10.0582045,18.07425842
MonteraTorero,11,2052,-5.585278,36.226389,24.11150797,14.76038717
MonteraTorero,11,2053,-5.585278,36.226389,6.731335175,19.53586222
MonteraTorero,11,2054,-5.585278,36.226389,23.92839872,14.5087616
MonteraTorero,11,2055,-5.585278,36.226389,3.189226146,16.39730326
MonteraTorero,11,2056,-5.585278,36.226389,53.66383456,16.46003723
MonteraTorero,11,2057,-5.585278,36.226389,51.73260921,14.23539124
MonteraTorero,11,2058,-5.585278,36.226389,56.58804603,16.2322937
MonteraTorero,11,2059,-5.585278,36.226389,14.66628204,16.69356893
MonteraTorero,11,2060,-5.585278,36.226389,40.92032828,16.57963562
MonteraTorero,11,2061,-5.585278,36.226389,15.477388,15.41601054
MonteraTorero,11,2062,-5.585278,36.226389,69.56790841,14.33757019
MonteraTorero,11,2063,-5.585278,36.226389,13.36822531,19.70966797
MonteraTorero,11,2064,-5.585278,36.226389,24.37944403,20.04821472
MonteraTorero,11,2065,-5.585278,36.226389,8.402127791,22.28623352
MonteraTorero,11,2066,-5.585278,36.226389,46.0381075,17.57236328
MonteraTorero,11,2067,-5.585278,36.226389,69.05093343,17.2719401
MonteraTorero,11,2068,-5.585278,36.226389,23.03060327,17.74725952
MonteraTorero,11,2069,-5.585278,36.226389,20.62524281,16.2659963
MonteraTorero,11,2070,-5.585278,36.226389,34.77255267,16.5188741
MonteraTorero,11,2071,-5.585278,36.226389,113.7402603,14.97013245
MonteraTorero,11,2072,-5.585278,36.226389,5.236683043,19.18054708
MonteraTorero,11,2073,-5.585278,36.226389,17.47997395,18.66700643
MonteraTorero,11,2074,-5.585278,36.226389,92.84937958,17.38985494
MonteraTorero,11,2075,-5.585278,36.226389,40.3302832,18.41492716
MonteraTorero,11,2076,-5.585278,36.226389,50.36627683,14.65525818
MonteraTorero,11,2077,-5.585278,36.226389,38.15942154,17.86218465
MonteraTorero,11,2078,-5.585278,36.226389,76.49314641,15.48374736
MonteraTorero,11,2079,-5.585278,36.226389,201.5120784,15.22213643
MonteraTorero,11,2080,-5.585278,36.226389,11.01991823,20.62233582
MonteraTorero,11,2081,-5.585278,36.226389,3.620691006,20.21032206
MonteraTorero,11,2082,-5.585278,36.226389,9.477477465,19.00385234
MonteraTorero,11,2083,-5.585278,36.226389,12.36584786,17.90292358
MonteraTorero,11,2084,-5.585278,36.226389,2.133363293,19.22346293
MonteraTorero,11,2085,-5.585278,36.226389,55.34634899,18.03472392
MonteraTorero,11,2086,-5.585278,36.226389,19.16679264,16.96880391
MonteraTorero,11,2087,-5.585278,36.226389,4.666991742,19.796934
MonteraTorero,11,2088,-5.585278,36.226389,24.82491383,19.60653178
MonteraTorero,11,2089,-5.585278,36.226389,28.01506739,20.23710938
MonteraTorero,11,2090,-5.585278,36.226389,20.5429207,19.43281352
MonteraTorero,11,2091,-5.585278,36.226389,58.18668672,18.17399292
MonteraTorero,11,2092,-5.585278,36.226389,26.51763047,20.69608154
MonteraTorero,11,2093,-5.585278,36.226389,20.38684935,19.67825317
MonteraTorero,11,2094,-5.585278,36.226389,58.54777738,16.8765035
MonteraTorero,11,2095,-5.585278,36.226389,3.23679085,21.50919189
MonteraTorero,11,2096,-5.585278,36.226389,11.75700732,15.93886108
MonteraTorero,11,2097,-5.585278,36.226389,66.67038696,17.92743429
MonteraTorero,11,2098,-5.585278,36.226389,25.60401463,17.95900981
MonteraTorero,11,2099,-5.585278,36.226389,16.25759672,19.96364543
MonteraTorero,11,2100,-5.585278,36.226389,27.92409133,18.23920085
MonteraTorero,12,2015,-5.585278,36.226389,6.128784906,13.43408407
MonteraTorero,12,2016,-5.585278,36.226389,4.971569989,15.87442248
MonteraTorero,12,2017,-5.585278,36.226389,38.07204934,12.29226278
MonteraTorero,12,2018,-5.585278,36.226389,36.83788875,14.52881673
MonteraTorero,12,2019,-5.585278,36.226389,4.814012879,12.06860657
MonteraTorero,12,2020,-5.585278,36.226389,35.45224412,10.29891463
MonteraTorero,12,2021,-5.585278,36.226389,16.10456286,11.81872457
MonteraTorero,12,2022,-5.585278,36.226389,36.78543335,12.09379171
MonteraTorero,12,2023,-5.585278,36.226389,12.14495072,13.21639404
MonteraTorero,12,2024,-5.585278,36.226389,22.19440263,14.24582351
MonteraTorero,12,2025,-5.585278,36.226389,45.58015965,11.04454854
MonteraTorero,12,2026,-5.585278,36.226389,19.11412995,13.83071899
MonteraTorero,12,2027,-5.585278,36.226389,35.88032101,12.85800578
MonteraTorero,12,2028,-5.585278,36.226389,22.74376955,12.49347997
MonteraTorero,12,2029,-5.585278,36.226389,52.86110689,10.02803955
MonteraTorero,12,2030,-5.585278,36.226389,29.90675211,13.24976501
MonteraTorero,12,2031,-5.585278,36.226389,45.6760458,9.150120036
MonteraTorero,12,2032,-5.585278,36.226389,10.55466802,14.38765343
MonteraTorero,12,2033,-5.585278,36.226389,38.95794092,12.02030029
MonteraTorero,12,2034,-5.585278,36.226389,7.995759835,13.67126567
MonteraTorero,12,2035,-5.585278,36.226389,13.95091154,11.90982564
MonteraTorero,12,2036,-5.585278,36.226389,3.823895441,13.17870483
MonteraTorero,12,2037,-5.585278,36.226389,26.62763275,12.86779989
MonteraTorero,12,2038,-5.585278,36.226389,5.67631782,13.89313965
MonteraTorero,12,2039,-5.585278,36.226389,7.462860757,11.59067891
MonteraTorero,12,2040,-5.585278,36.226389,28.29987866,11.25072527
MonteraTorero,12,2041,-5.585278,36.226389,3.6987211,14.69722799
MonteraTorero,12,2042,-5.585278,36.226389,8.31448768,13.2473053
MonteraTorero,12,2043,-5.585278,36.226389,9.925176483,14.03182576
MonteraTorero,12,2044,-5.585278,36.226389,22.02916062,13.45995168
MonteraTorero,12,2045,-5.585278,36.226389,8.71061031,15.4379364
MonteraTorero,12,2046,-5.585278,36.226389,12.36059322,11.84570414
MonteraTorero,12,2047,-5.585278,36.226389,4.93888171,15.81803691
MonteraTorero,12,2048,-5.585278,36.226389,70.31212982,9.987470114
MonteraTorero,12,2049,-5.585278,36.226389,22.9735907,11.2826182
MonteraTorero,12,2050,-5.585278,36.226389,58.78968235,13.58290202
MonteraTorero,12,2051,-5.585278,36.226389,29.39882506,12.97073263
MonteraTorero,12,2052,-5.585278,36.226389,68.47626138,9.762600813
MonteraTorero,12,2053,-5.585278,36.226389,35.17115506,12.17872925
MonteraTorero,12,2054,-5.585278,36.226389,5.33137888,16.70165812
MonteraTorero,12,2055,-5.585278,36.226389,8.311787437,14.95313009
MonteraTorero,12,2056,-5.585278,36.226389,10.19369458,15.96810513
MonteraTorero,12,2057,-5.585278,36.226389,23.52465738,13.49970703
MonteraTorero,12,2058,-5.585278,36.226389,10.09592493,15.62369588
MonteraTorero,12,2059,-5.585278,36.226389,26.56224611,14.12011515
MonteraTorero,12,2060,-5.585278,36.226389,48.23226284,14.48059945
MonteraTorero,12,2061,-5.585278,36.226389,26.07550337,13.12870382
MonteraTorero,12,2062,-5.585278,36.226389,9.930844904,13.74590556
MonteraTorero,12,2063,-5.585278,36.226389,14.92235543,16.01062927
MonteraTorero,12,2064,-5.585278,36.226389,21.39641146,16.33248186
MonteraTorero,12,2065,-5.585278,36.226389,3.546405818,18.29858704
MonteraTorero,12,2066,-5.585278,36.226389,26.68104217,13.1513265
MonteraTorero,12,2067,-5.585278,36.226389,7.556664754,15.59015808
MonteraTorero,12,2068,-5.585278,36.226389,10.30178501,16.03307074
MonteraTorero,12,2069,-5.585278,36.226389,9.822996386,15.50342102
MonteraTorero,12,2070,-5.585278,36.226389,12.77268215,15.75173645
MonteraTorero,12,2071,-5.585278,36.226389,32.56907534,13.82334086
MonteraTorero,12,2072,-5.585278,36.226389,5.591551773,16.92798714
MonteraTorero,12,2073,-5.585278,36.226389,10.96149878,14.94423523
MonteraTorero,12,2074,-5.585278,36.226389,12.31113742,12.24356486
MonteraTorero,12,2075,-5.585278,36.226389,7.489915198,15.49818624
MonteraTorero,12,2076,-5.585278,36.226389,6.527394029,15.82555121
MonteraTorero,12,2077,-5.585278,36.226389,83.70766852,10.82912801
MonteraTorero,12,2078,-5.585278,36.226389,20.92947296,14.69539897
MonteraTorero,12,2079,-5.585278,36.226389,36.69669499,11.36711731
MonteraTorero,12,2080,-5.585278,36.226389,6.196123094,16.57609737
MonteraTorero,12,2081,-5.585278,36.226389,6.808737067,16.47867025
MonteraTorero,12,2082,-5.585278,36.226389,3.215897454,17.10918376
MonteraTorero,12,2083,-5.585278,36.226389,13.78182433,15.27280986
MonteraTorero,12,2084,-5.585278,36.226389,12.13092851,15.15858217
MonteraTorero,12,2085,-5.585278,36.226389,14.5304417,14.70055847
MonteraTorero,12,2086,-5.585278,36.226389,5.515630696,15.01387533
MonteraTorero,12,2087,-5.585278,36.226389,25.8326019,15.91941223
MonteraTorero,12,2088,-5.585278,36.226389,56.99867826,12.81648223
MonteraTorero,12,2089,-5.585278,36.226389,30.17700499,15.23216451
MonteraTorero,12,2090,-5.585278,36.226389,7.297425484,15.44420675
MonteraTorero,12,2091,-5.585278,36.226389,22.773178,15.07127787
MonteraTorero,12,2092,-5.585278,36.226389,14.19240448,16.20004399
MonteraTorero,12,2093,-5.585278,36.226389,37.71546711,13.00346476
MonteraTorero,12,2094,-5.585278,36.226389,5.283437468,17.36382243
MonteraTorero,12,2095,-5.585278,36.226389,16.70439891,16.72524516
MonteraTorero,12,2096,-5.585278,36.226389,8.181626075,16.5339789
MonteraTorero,12,2097,-5.585278,36.226389,4.829328228,16.98823751
MonteraTorero,12,2098,-5.585278,36.226389,14.33135212,15.9709137
MonteraTorero,12,2099,-5.585278,36.226389,4.781744722,17.60842489
MonteraTorero,12,2100,-5.585278,36.226389,14.13447537,16.58445638
MonteraTorero,2,2015,-5.585278,36.226389,14.56981047,14.57076089
MonteraTorero,2,2016,-5.585278,36.226389,37.83862141,12.70104265
MonteraTorero,2,2017,-5.585278,36.226389,5.065305385,16.96685181
MonteraTorero,2,2018,-5.585278,36.226389,31.66268381,13.82570147
MonteraTorero,2,2019,-5.585278,36.226389,185.0127493,10.61895905
MonteraTorero,2,2020,-5.585278,36.226389,8.594463899,13.2490268
MonteraTorero,2,2021,-5.585278,36.226389,26.76689377,11.72285505
MonteraTorero,2,2022,-5.585278,36.226389,45.50975715,11.04568089
MonteraTorero,2,2023,-5.585278,36.226389,101.0356151,11.79682966
MonteraTorero,2,2024,-5.585278,36.226389,4.573946058,17.44195157
MonteraTorero,2,2025,-5.585278,36.226389,6.535795112,13.18206395
MonteraTorero,2,2026,-5.585278,36.226389,11.66783703,14.16746129
MonteraTorero,2,2027,-5.585278,36.226389,33.73916766,13.05458439
MonteraTorero,2,2028,-5.585278,36.226389,3.982498601,19.15207351
MonteraTorero,2,2029,-5.585278,36.226389,109.3393032,13.75003749
MonteraTorero,2,2030,-5.585278,36.226389,52.7497214,13.15426897
MonteraTorero,2,2031,-5.585278,36.226389,36.98701311,13.16404005
MonteraTorero,2,2032,-5.585278,36.226389,83.47499147,13.18983428
MonteraTorero,2,2033,-5.585278,36.226389,6.211673097,16.20361481
MonteraTorero,2,2034,-5.585278,36.226389,39.86085528,13.31590642
MonteraTorero,2,2035,-5.585278,36.226389,3.017092834,17.10372641
MonteraTorero,2,2036,-5.585278,36.226389,41.31163342,16.41458782
MonteraTorero,2,2037,-5.585278,36.226389,63.69505206,11.75916116
MonteraTorero,2,2038,-5.585278,36.226389,44.2500466,11.89224505
MonteraTorero,2,2039,-5.585278,36.226389,7.519027343,17.91934902
MonteraTorero,2,2040,-5.585278,36.226389,21.37125845,11.88285901
MonteraTorero,2,2041,-5.585278,36.226389,12.20232961,16.15583082
MonteraTorero,2,2042,-5.585278,36.226389,5.193737142,18.10212097
MonteraTorero,2,2043,-5.585278,36.226389,38.03176293,13.80122855
MonteraTorero,2,2044,-5.585278,36.226389,13.87306832,15.29949341
MonteraTorero,2,2045,-5.585278,36.226389,73.69899398,13.38610774
MonteraTorero,2,2046,-5.585278,36.226389,31.11692021,11.72497711
MonteraTorero,2,2047,-5.585278,36.226389,18.46390275,15.56415274
MonteraTorero,2,2048,-5.585278,36.226389,33.60406368,15.53599306
MonteraTorero,2,2049,-5.585278,36.226389,3.420293785,17.92996041
MonteraTorero,2,2050,-5.585278,36.226389,31.51459089,13.42756805
MonteraTorero,2,2051,-5.585278,36.226389,47.36270387,12.67746342
MonteraTorero,2,2052,-5.585278,36.226389,38.31291386,15.05512338
MonteraTorero,2,2053,-5.585278,36.226389,27.64035552,15.44180886
MonteraTorero,2,2054,-5.585278,36.226389,1.238324914,14.69081704
MonteraTorero,2,2055,-5.585278,36.226389,41.02320512,15.19086282
MonteraTorero,2,2056,-5.585278,36.226389,14.1349381,14.00679721
MonteraTorero,2,2057,-5.585278,36.226389,29.75616039,14.67676915
MonteraTorero,2,2058,-5.585278,36.226389,15.19345171,13.9183136
MonteraTorero,2,2059,-5.585278,36.226389,1.773494946,19.94941973
MonteraTorero,2,2060,-5.585278,36.226389,10.7399819,16.91478566
MonteraTorero,2,2061,-5.585278,36.226389,2.22988375,16.40461557
MonteraTorero,2,2062,-5.585278,36.226389,17.77798842,13.72879617
MonteraTorero,2,2063,-5.585278,36.226389,26.2782244,14.64788644
MonteraTorero,2,2064,-5.585278,36.226389,6.393649779,18.60786617
MonteraTorero,2,2065,-5.585278,36.226389,10.11374081,19.35372641
MonteraTorero,2,2066,-5.585278,36.226389,2.66746678,17.36077053
MonteraTorero,2,2067,-5.585278,36.226389,3.723698201,18.18328901
MonteraTorero,2,2068,-5.585278,36.226389,34.51148897,16.02246957
MonteraTorero,2,2069,-5.585278,36.226389,42.36405428,13.17243783
MonteraTorero,2,2070,-5.585278,36.226389,23.10114166,16.22956129
MonteraTorero,2,2071,-5.585278,36.226389,7.683422874,15.88303419
MonteraTorero,2,2072,-5.585278,36.226389,81.36074656,12.4333635
MonteraTorero,2,2073,-5.585278,36.226389,31.05660162,15.20925293
MonteraTorero,2,2074,-5.585278,36.226389,63.72351679,11.94283338
MonteraTorero,2,2075,-5.585278,36.226389,5.077408782,18.657821
MonteraTorero,2,2076,-5.585278,36.226389,2.727674548,18.3310128
MonteraTorero,2,2077,-5.585278,36.226389,3.564193828,17.12507891
MonteraTorero,2,2078,-5.585278,36.226389,34.2132874,15.78180302
MonteraTorero,2,2079,-5.585278,36.226389,11.22785919,15.08473794
MonteraTorero,2,2080,-5.585278,36.226389,41.86569636,15.01837179
MonteraTorero,2,2081,-5.585278,36.226389,3.036246829,18.63596606
MonteraTorero,2,2082,-5.585278,36.226389,27.19194534,15.07352055
MonteraTorero,2,2083,-5.585278,36.226389,13.24667414,17.34159895
MonteraTorero,2,2084,-5.585278,36.226389,9.546791149,15.69919686
MonteraTorero,2,2085,-5.585278,36.226389,23.00298136,14.00052468
MonteraTorero,2,2086,-5.585278,36.226389,1.590117889,16.89910278
MonteraTorero,2,2087,-5.585278,36.226389,77.81132366,14.90994524
MonteraTorero,2,2088,-5.585278,36.226389,2.430025805,21.47169989
MonteraTorero,2,2089,-5.585278,36.226389,11.60954042,17.26743251
MonteraTorero,2,2090,-5.585278,36.226389,33.36357444,15.75245492
MonteraTorero,2,2091,-5.585278,36.226389,34.05711415,17.56029445
MonteraTorero,2,2092,-5.585278,36.226389,12.91448622,17.41041744
MonteraTorero,2,2093,-5.585278,36.226389,10.77370415,19.69385463
MonteraTorero,2,2094,-5.585278,36.226389,23.53838052,16.55590428
MonteraTorero,2,2095,-5.585278,36.226389,73.78635141,16.44030805
MonteraTorero,2,2096,-5.585278,36.226389,35.01943861,18.72443595
MonteraTorero,2,2097,-5.585278,36.226389,22.32224953,17.31812112
MonteraTorero,2,2098,-5.585278,36.226389,5.351397064,16.21436789
MonteraTorero,2,2099,-5.585278,36.226389,71.71365464,15.17683454
MonteraTorero,2,2100,-5.585278,36.226389,65.26522506,16.59628448
MonteraTorero,3,2015,-5.585278,36.226389,26.45870958,17.18081744
MonteraTorero,3,2016,-5.585278,36.226389,19.43215064,15.7408337
MonteraTorero,3,2017,-5.585278,36.226389,105.5384878,16.24716856
MonteraTorero,3,2018,-5.585278,36.226389,7.535120798,19.12004611
MonteraTorero,3,2019,-5.585278,36.226389,168.0597814,9.664931562
MonteraTorero,3,2020,-5.585278,36.226389,23.4351824,19.67917835
MonteraTorero,3,2021,-5.585278,36.226389,15.21045902,19.6312628
MonteraTorero,3,2022,-5.585278,36.226389,71.33250881,14.00098326
MonteraTorero,3,2023,-5.585278,36.226389,69.5378161,15.17560976
MonteraTorero,3,2024,-5.585278,36.226389,15.77438575,21.08045989
MonteraTorero,3,2025,-5.585278,36.226389,146.6934402,12.40133254
MonteraTorero,3,2026,-5.585278,36.226389,13.70171538,19.43623972
MonteraTorero,3,2027,-5.585278,36.226389,15.76064008,17.38765574
MonteraTorero,3,2028,-5.585278,36.226389,30.7844919,18.54216821
MonteraTorero,3,2029,-5.585278,36.226389,48.52270679,15.60094112
MonteraTorero,3,2030,-5.585278,36.226389,67.51970454,13.7736086
MonteraTorero,3,2031,-5.585278,36.226389,26.11496125,18.27358005
MonteraTorero,3,2032,-5.585278,36.226389,46.23059434,11.31617077
MonteraTorero,3,2033,-5.585278,36.226389,38.6165762,20.04831799
MonteraTorero,3,2034,-5.585278,36.226389,70.75214019,16.73075601
MonteraTorero,3,2035,-5.585278,36.226389,75.38040349,14.70197301
MonteraTorero,3,2036,-5.585278,36.226389,10.38677296,18.16616605
MonteraTorero,3,2037,-5.585278,36.226389,54.92317319,14.91591305
MonteraTorero,3,2038,-5.585278,36.226389,29.31543225,17.67774796
MonteraTorero,3,2039,-5.585278,36.226389,21.73950002,17.05975617
MonteraTorero,3,2040,-5.585278,36.226389,85.46420567,11.17369109
MonteraTorero,3,2041,-5.585278,36.226389,73.94192973,15.06253623
MonteraTorero,3,2042,-5.585278,36.226389,19.76918234,22.45503757
MonteraTorero,3,2043,-5.585278,36.226389,9.013005929,23.30903557
MonteraTorero,3,2044,-5.585278,36.226389,72.09224914,13.4355644
MonteraTorero,3,2045,-5.585278,36.226389,34.82527783,15.32815926
MonteraTorero,3,2046,-5.585278,36.226389,29.22588556,13.52948471
MonteraTorero,3,2047,-5.585278,36.226389,16.57882865,19.72897615
MonteraTorero,3,2048,-5.585278,36.226389,71.42658278,14.22704271
MonteraTorero,3,2049,-5.585278,36.226389,3.845047498,22.51200502
MonteraTorero,3,2050,-5.585278,36.226389,37.15502091,18.59372716
MonteraTorero,3,2051,-5.585278,36.226389,52.52821149,16.43840549
MonteraTorero,3,2052,-5.585278,36.226389,67.39301501,16.73119802
MonteraTorero,3,2053,-5.585278,36.226389,108.3771368,17.42418331
MonteraTorero,3,2054,-5.585278,36.226389,11.44420286,20.84882655
MonteraTorero,3,2055,-5.585278,36.226389,13.50504863,21.78392157
MonteraTorero,3,2056,-5.585278,36.226389,12.84990747,19.77203842
MonteraTorero,3,2057,-5.585278,36.226389,5.597416947,20.82131249
MonteraTorero,3,2058,-5.585278,36.226389,30.45676001,16.64809373
MonteraTorero,3,2059,-5.585278,36.226389,52.8448476,15.75064559
MonteraTorero,3,2060,-5.585278,36.226389,40.69250205,13.69506226
MonteraTorero,3,2061,-5.585278,36.226389,58.22297291,17.51495834
MonteraTorero,3,2062,-5.585278,36.226389,27.52221808,18.82247019
MonteraTorero,3,2063,-5.585278,36.226389,31.12032769,17.40328861
MonteraTorero,3,2064,-5.585278,36.226389,16.47364152,19.28947675
MonteraTorero,3,2065,-5.585278,36.226389,35.71951917,21.82615888
MonteraTorero,3,2066,-5.585278,36.226389,45.86706753,17.67965088
MonteraTorero,3,2067,-5.585278,36.226389,18.51081409,18.35183795
MonteraTorero,3,2068,-5.585278,36.226389,5.69116061,22.16350708
MonteraTorero,3,2069,-5.585278,36.226389,8.855318825,20.63752087
MonteraTorero,3,2070,-5.585278,36.226389,8.033605454,20.31485556
MonteraTorero,3,2071,-5.585278,36.226389,24.83206966,20.73268354
MonteraTorero,3,2072,-5.585278,36.226389,45.55816777,19.01602153
MonteraTorero,3,2073,-5.585278,36.226389,62.51830533,16.42788775
MonteraTorero,3,2074,-5.585278,36.226389,9.726548565,17.33389656
MonteraTorero,3,2075,-5.585278,36.226389,6.195199961,21.98520961
MonteraTorero,3,2076,-5.585278,36.226389,40.30512606,22.80669753
MonteraTorero,3,2077,-5.585278,36.226389,17.87014649,20.22502264
MonteraTorero,3,2078,-5.585278,36.226389,38.83696675,16.96218065
MonteraTorero,3,2079,-5.585278,36.226389,12.57042902,24.94627607
MonteraTorero,3,2080,-5.585278,36.226389,69.04058665,18.39354662
MonteraTorero,3,2081,-5.585278,36.226389,38.41540191,18.00745889
MonteraTorero,3,2082,-5.585278,36.226389,70.28042363,19.47767078
MonteraTorero,3,2083,-5.585278,36.226389,28.30544857,21.67705098
MonteraTorero,3,2084,-5.585278,36.226389,4.927090843,20.28949939
MonteraTorero,3,2085,-5.585278,36.226389,20.48469606,20.81546001
MonteraTorero,3,2086,-5.585278,36.226389,21.81826285,23.67495216
MonteraTorero,3,2087,-5.585278,36.226389,93.96793793,18.30102618
MonteraTorero,3,2088,-5.585278,36.226389,39.73119022,21.05697218
MonteraTorero,3,2089,-5.585278,36.226389,91.21321279,17.27991786
MonteraTorero,3,2090,-5.585278,36.226389,4.370328119,23.084691
MonteraTorero,3,2091,-5.585278,36.226389,14.3436489,17.64252969
MonteraTorero,3,2092,-5.585278,36.226389,44.41100748,17.64765566
MonteraTorero,3,2093,-5.585278,36.226389,21.41733317,21.88523205
MonteraTorero,3,2094,-5.585278,36.226389,27.80416139,18.74489845
MonteraTorero,3,2095,-5.585278,36.226389,65.817161,18.22612817
MonteraTorero,3,2096,-5.585278,36.226389,74.42455975,16.97678971
MonteraTorero,3,2097,-5.585278,36.226389,2.791301916,23.27640538
MonteraTorero,3,2098,-5.585278,36.226389,118.6460272,17.52108647
MonteraTorero,3,2099,-5.585278,36.226389,23.95924836,18.0075278
MonteraTorero,3,2100,-5.585278,36.226389,56.03438192,15.37172458
MonteraTorero,4,2015,-5.585278,36.226389,87.86248798,19.57067362
MonteraTorero,4,2016,-5.585278,36.226389,35.79372671,22.69273275
MonteraTorero,4,2017,-5.585278,36.226389,57.44957881,17.03928324
MonteraTorero,4,2018,-5.585278,36.226389,116.2329407,15.29573669
MonteraTorero,4,2019,-5.585278,36.226389,32.65841101,21.55523071
MonteraTorero,4,2020,-5.585278,36.226389,67.45486354,18.47242839
MonteraTorero,4,2021,-5.585278,36.226389,18.54044087,22.83532003
MonteraTorero,4,2022,-5.585278,36.226389,82.88314428,18.75323385
MonteraTorero,4,2023,-5.585278,36.226389,146.8125136,18.43040365
MonteraTorero,4,2024,-5.585278,36.226389,88.62293252,19.52241516
MonteraTorero,4,2025,-5.585278,36.226389,13.78797552,19.15357768
MonteraTorero,4,2026,-5.585278,36.226389,43.43252509,20.88469747
MonteraTorero,4,2027,-5.585278,36.226389,82.54021006,18.10240479
MonteraTorero,4,2028,-5.585278,36.226389,20.22154302,24.53240763
MonteraTorero,4,2029,-5.585278,36.226389,22.24775606,19.30502828
MonteraTorero,4,2030,-5.585278,36.226389,64.52871006,17.10439657
MonteraTorero,4,2031,-5.585278,36.226389,24.26239004,21.84936218
MonteraTorero,4,2032,-5.585278,36.226389,138.2182586,14.94075724
MonteraTorero,4,2033,-5.585278,36.226389,99.22584133,22.43808289
MonteraTorero,4,2034,-5.585278,36.226389,81.70727469,18.81167908
MonteraTorero,4,2035,-5.585278,36.226389,36.99571673,18.95671488
MonteraTorero,4,2036,-5.585278,36.226389,37.83937474,19.47100932
MonteraTorero,4,2037,-5.585278,36.226389,26.32546598,22.57909953
MonteraTorero,4,2038,-5.585278,36.226389,147.8563954,18.43634338
MonteraTorero,4,2039,-5.585278,36.226389,45.27259524,20.05516561
MonteraTorero,4,2040,-5.585278,36.226389,9.039623157,23.76280009
MonteraTorero,4,2041,-5.585278,36.226389,22.86326513,21.83891703
MonteraTorero,4,2042,-5.585278,36.226389,33.94099231,23.18892008
MonteraTorero,4,2043,-5.585278,36.226389,68.25509976,20.97629089
MonteraTorero,4,2044,-5.585278,36.226389,57.16349507,20.90174561
MonteraTorero,4,2045,-5.585278,36.226389,68.51471261,20.91806539
MonteraTorero,4,2046,-5.585278,36.226389,48.68266468,20.55599772
MonteraTorero,4,2047,-5.585278,36.226389,89.76571564,20.65195414
MonteraTorero,4,2048,-5.585278,36.226389,32.67431126,20.17188924
MonteraTorero,4,2049,-5.585278,36.226389,46.36887444,21.48042806
MonteraTorero,4,2050,-5.585278,36.226389,33.19186743,20.6683075
MonteraTorero,4,2051,-5.585278,36.226389,73.62048062,21.68225911
MonteraTorero,4,2052,-5.585278,36.226389,60.74403183,22.77076721
MonteraTorero,4,2053,-5.585278,36.226389,39.06968157,20.5127655
MonteraTorero,4,2054,-5.585278,36.226389,53.49471236,19.25634664
MonteraTorero,4,2055,-5.585278,36.226389,12.10157535,22.74573873
MonteraTorero,4,2056,-5.585278,36.226389,26.57969131,21.82719218
MonteraTorero,4,2057,-5.585278,36.226389,35.13334241,22.13349813
MonteraTorero,4,2058,-5.585278,36.226389,50.59102623,23.98185221
MonteraTorero,4,2059,-5.585278,36.226389,54.59427416,19.80013123
MonteraTorero,4,2060,-5.585278,36.226389,33.47332407,21.47748515
MonteraTorero,4,2061,-5.585278,36.226389,136.0967294,18.39075216
MonteraTorero,4,2062,-5.585278,36.226389,30.01956779,21.12775269
MonteraTorero,4,2063,-5.585278,36.226389,64.88538922,23.11969096
MonteraTorero,4,2064,-5.585278,36.226389,77.5519317,17.18729451
MonteraTorero,4,2065,-5.585278,36.226389,27.688848,20.90126444
MonteraTorero,4,2066,-5.585278,36.226389,68.05680791,17.25269674
MonteraTorero,4,2067,-5.585278,36.226389,42.31006066,19.97169902
MonteraTorero,4,2068,-5.585278,36.226389,71.89572297,22.9223348
MonteraTorero,4,2069,-5.585278,36.226389,36.79719789,21.75903219
MonteraTorero,4,2070,-5.585278,36.226389,40.80958627,19.42858785
MonteraTorero,4,2071,-5.585278,36.226389,13.18293547,24.55962931
MonteraTorero,4,2072,-5.585278,36.226389,89.99401272,19.79191589
MonteraTorero,4,2073,-5.585278,36.226389,16.14808347,21.0318339
MonteraTorero,4,2074,-5.585278,36.226389,44.51140806,22.12667948
MonteraTorero,4,2075,-5.585278,36.226389,28.88782768,23.24069926
MonteraTorero,4,2076,-5.585278,36.226389,21.25901373,27.31565348
MonteraTorero,4,2077,-5.585278,36.226389,51.924381,22.47716064
MonteraTorero,4,2078,-5.585278,36.226389,49.24093729,18.44144389
MonteraTorero,4,2079,-5.585278,36.226389,14.72400152,24.79536947
MonteraTorero,4,2080,-5.585278,36.226389,39.60308983,25.24144897
MonteraTorero,4,2081,-5.585278,36.226389,23.26408011,26.90972392
MonteraTorero,4,2082,-5.585278,36.226389,49.25815387,20.59119568
MonteraTorero,4,2083,-5.585278,36.226389,56.75471463,22.762087
MonteraTorero,4,2084,-5.585278,36.226389,68.93207786,20.69569092
MonteraTorero,4,2085,-5.585278,36.226389,14.43230611,27.62428792
MonteraTorero,4,2086,-5.585278,36.226389,30.60147192,21.01143087
MonteraTorero,4,2087,-5.585278,36.226389,37.9137732,20.03645732
MonteraTorero,4,2088,-5.585278,36.226389,42.6447561,22.78858846
MonteraTorero,4,2089,-5.585278,36.226389,53.2581244,24.99601135
MonteraTorero,4,2090,-5.585278,36.226389,56.5441794,24.48395487
MonteraTorero,4,2091,-5.585278,36.226389,74.37811879,15.99112447
MonteraTorero,4,2092,-5.585278,36.226389,52.26855493,22.24474589
MonteraTorero,4,2093,-5.585278,36.226389,43.73127126,21.67102458
MonteraTorero,4,2094,-5.585278,36.226389,85.59098994,21.60351563
MonteraTorero,4,2095,-5.585278,36.226389,62.6663415,22.5458964
MonteraTorero,4,2096,-5.585278,36.226389,57.27413443,22.68220317
MonteraTorero,4,2097,-5.585278,36.226389,21.86820321,26.37398885
MonteraTorero,4,2098,-5.585278,36.226389,7.246157066,23.53695475
MonteraTorero,4,2099,-5.585278,36.226389,19.92059818,26.52759298
MonteraTorero,4,2100,-5.585278,36.226389,57.6123769,22.36635437
MonteraTorero,5,2015,-5.585278,36.226389,58.50697235,21.60629548
MonteraTorero,5,2016,-5.585278,36.226389,138.3513079,19.77156982
MonteraTorero,5,2017,-5.585278,36.226389,27.5489445,25.47255072
MonteraTorero,5,2018,-5.585278,36.226389,88.62303758,21.26040433
MonteraTorero,5,2019,-5.585278,36.226389,36.26992025,22.27579306
MonteraTorero,5,2020,-5.585278,36.226389,71.88665975,20.58899989
MonteraTorero,5,2021,-5.585278,36.226389,42.35509003,23.43939878
MonteraTorero,5,2022,-5.585278,36.226389,211.8972068,17.80828838
MonteraTorero,5,2023,-5.585278,36.226389,117.6029296,21.98580322
MonteraTorero,5,2024,-5.585278,36.226389,61.38524168,24.72121779
MonteraTorero,5,2025,-5.585278,36.226389,35.52987472,22.07111167
MonteraTorero,5,2026,-5.585278,36.226389,166.5812364,19.24651981
MonteraTorero,5,2027,-5.585278,36.226389,69.46527846,21.37927226
MonteraTorero,5,2028,-5.585278,36.226389,152.8606314,21.55990679
MonteraTorero,5,2029,-5.585278,36.226389,43.53405474,19.47316402
MonteraTorero,5,2030,-5.585278,36.226389,24.01178251,26.27144874
MonteraTorero,5,2031,-5.585278,36.226389,123.5393762,20.48302219
MonteraTorero,5,2032,-5.585278,36.226389,24.25704659,22.06738163
MonteraTorero,5,2033,-5.585278,36.226389,45.24487711,20.57099649
MonteraTorero,5,2034,-5.585278,36.226389,182.3882357,18.32079172
MonteraTorero,5,2035,-5.585278,36.226389,69.1253913,23.58211473
MonteraTorero,5,2036,-5.585278,36.226389,18.87312645,23.11432456
MonteraTorero,5,2037,-5.585278,36.226389,100.6629358,21.16413417
MonteraTorero,5,2038,-5.585278,36.226389,87.05578845,16.34321033
MonteraTorero,5,2039,-5.585278,36.226389,71.07853764,24.63311256
MonteraTorero,5,2040,-5.585278,36.226389,38.08209067,22.07991254
MonteraTorero,5,2041,-5.585278,36.226389,154.1057515,18.23390129
MonteraTorero,5,2042,-5.585278,36.226389,188.6427189,21.97253989
MonteraTorero,5,2043,-5.585278,36.226389,150.8958159,21.68403557
MonteraTorero,5,2044,-5.585278,36.226389,67.46099196,22.73804676
MonteraTorero,5,2045,-5.585278,36.226389,150.748228,23.64582559
MonteraTorero,5,2046,-5.585278,36.226389,39.82846048,21.70578869
MonteraTorero,5,2047,-5.585278,36.226389,86.18165064,22.50242152
MonteraTorero,5,2048,-5.585278,36.226389,323.682587,19.73470065
MonteraTorero,5,2049,-5.585278,36.226389,86.35707887,24.33043134
MonteraTorero,5,2050,-5.585278,36.226389,43.46663676,25.44300084
MonteraTorero,5,2051,-5.585278,36.226389,96.07221058,22.67675466
MonteraTorero,5,2052,-5.585278,36.226389,85.50285693,23.31927175
MonteraTorero,5,2053,-5.585278,36.226389,29.8770029,28.68845766
MonteraTorero,5,2054,-5.585278,36.226389,98.97931267,24.15765361
MonteraTorero,5,2055,-5.585278,36.226389,128.1420481,23.61253682
MonteraTorero,5,2056,-5.585278,36.226389,70.60894838,20.49379194
MonteraTorero,5,2057,-5.585278,36.226389,91.80428197,21.68944997
MonteraTorero,5,2058,-5.585278,36.226389,123.4541159,22.23545178
MonteraTorero,5,2059,-5.585278,36.226389,50.15906123,26.54707957
MonteraTorero,5,2060,-5.585278,36.226389,84.45015819,27.35008466
MonteraTorero,5,2061,-5.585278,36.226389,81.14730518,21.64845995
MonteraTorero,5,2062,-5.585278,36.226389,186.3312341,24.90653037
MonteraTorero,5,2063,-5.585278,36.226389,41.47550218,22.16215643
MonteraTorero,5,2064,-5.585278,36.226389,42.52060308,26.76644582
MonteraTorero,5,2065,-5.585278,36.226389,43.72690116,26.64478504
MonteraTorero,5,2066,-5.585278,36.226389,109.0226421,27.27146252
MonteraTorero,5,2067,-5.585278,36.226389,57.87019529,23.41695655
MonteraTorero,5,2068,-5.585278,36.226389,55.86815514,26.13302691
MonteraTorero,5,2069,-5.585278,36.226389,81.8964277,19.87207996
MonteraTorero,5,2070,-5.585278,36.226389,62.27860299,25.51956649
MonteraTorero,5,2071,-5.585278,36.226389,120.3991724,25.8618861
MonteraTorero,5,2072,-5.585278,36.226389,46.94324153,26.27910865
MonteraTorero,5,2073,-5.585278,36.226389,44.76553507,28.7691609
MonteraTorero,5,2074,-5.585278,36.226389,64.88351439,27.24511207
MonteraTorero,5,2075,-5.585278,36.226389,31.6262349,25.26304754
MonteraTorero,5,2076,-5.585278,36.226389,109.0523111,26.45874988
MonteraTorero,5,2077,-5.585278,36.226389,50.59997549,27.11236946
MonteraTorero,5,2078,-5.585278,36.226389,41.52823286,24.33674356
MonteraTorero,5,2079,-5.585278,36.226389,176.6556311,23.09266101
MonteraTorero,5,2080,-5.585278,36.226389,70.58164034,24.9142523
MonteraTorero,5,2081,-5.585278,36.226389,31.32554634,30.16621625
MonteraTorero,5,2082,-5.585278,36.226389,58.11653704,25.64277974
MonteraTorero,5,2083,-5.585278,36.226389,36.89573051,28.88497314
MonteraTorero,5,2084,-5.585278,36.226389,174.4798067,23.03086095
MonteraTorero,5,2085,-5.585278,36.226389,58.21868415,27.05727933
MonteraTorero,5,2086,-5.585278,36.226389,24.74122791,28.07571096
MonteraTorero,5,2087,-5.585278,36.226389,66.48398329,22.26243326
MonteraTorero,5,2088,-5.585278,36.226389,130.9211258,24.41585496
MonteraTorero,5,2089,-5.585278,36.226389,149.8192829,23.63888432
MonteraTorero,5,2090,-5.585278,36.226389,35.08903591,25.64143204
MonteraTorero,5,2091,-5.585278,36.226389,136.180243,24.60766287
MonteraTorero,5,2092,-5.585278,36.226389,209.2063419,17.81710304
MonteraTorero,5,2093,-5.585278,36.226389,41.67396689,27.26116825
MonteraTorero,5,2094,-5.585278,36.226389,57.97844757,22.27936657
MonteraTorero,5,2095,-5.585278,36.226389,162.8841436,20.11703964
MonteraTorero,5,2096,-5.585278,36.226389,99.80302305,25.663955
MonteraTorero,5,2097,-5.585278,36.226389,90.0503468,24.89924553
MonteraTorero,5,2098,-5.585278,36.226389,55.19391357,29.9289283
MonteraTorero,5,2099,-5.585278,36.226389,62.68349494,28.27200987
MonteraTorero,5,2100,-5.585278,36.226389,48.72335886,24.18601626
MonteraTorero,6,2015,-5.585278,36.226389,65.02207562,27.36278076
MonteraTorero,6,2016,-5.585278,36.226389,105.7720591,22.05162048
MonteraTorero,6,2017,-5.585278,36.226389,52.95637463,28.18379618
MonteraTorero,6,2018,-5.585278,36.226389,43.99578635,24.93464152
MonteraTorero,6,2019,-5.585278,36.226389,93.37965096,27.26351827
MonteraTorero,6,2020,-5.585278,36.226389,141.4502851,27.50091044
MonteraTorero,6,2021,-5.585278,36.226389,81.98725118,26.01781006
MonteraTorero,6,2022,-5.585278,36.226389,103.270846,20.19614563
MonteraTorero,6,2023,-5.585278,36.226389,121.3787989,24.63379008
MonteraTorero,6,2024,-5.585278,36.226389,89.56628884,26.50597331
MonteraTorero,6,2025,-5.585278,36.226389,93.80588898,26.98196004
MonteraTorero,6,2026,-5.585278,36.226389,58.83480749,27.22653605
MonteraTorero,6,2027,-5.585278,36.226389,80.5848135,22.64336344
MonteraTorero,6,2028,-5.585278,36.226389,54.74103249,26.56425781
MonteraTorero,6,2029,-5.585278,36.226389,190.3887356,24.0565094
MonteraTorero,6,2030,-5.585278,36.226389,76.5893831,26.80871684
MonteraTorero,6,2031,-5.585278,36.226389,87.75875283,27.03983154
MonteraTorero,6,2032,-5.585278,36.226389,112.908465,26.19483439
MonteraTorero,6,2033,-5.585278,36.226389,49.4912098,27.81958313
MonteraTorero,6,2034,-5.585278,36.226389,49.902306,28.17304993
MonteraTorero,6,2035,-5.585278,36.226389,68.4432159,25.72252197
MonteraTorero,6,2036,-5.585278,36.226389,95.37708534,28.37675781
MonteraTorero,6,2037,-5.585278,36.226389,137.6256641,24.86460673
MonteraTorero,6,2038,-5.585278,36.226389,50.56450606,27.8595459
MonteraTorero,6,2039,-5.585278,36.226389,97.14923529,29.34813741
MonteraTorero,6,2040,-5.585278,36.226389,63.84338615,29.60387573
MonteraTorero,6,2041,-5.585278,36.226389,86.25601513,24.72249959
MonteraTorero,6,2042,-5.585278,36.226389,43.18108,27.27174072
MonteraTorero,6,2043,-5.585278,36.226389,79.0065604,28.05234578
MonteraTorero,6,2044,-5.585278,36.226389,24.46292926,28.18286438
MonteraTorero,6,2045,-5.585278,36.226389,113.4771025,28.19390462
MonteraTorero,6,2046,-5.585278,36.226389,60.07813752,28.74308065
MonteraTorero,6,2047,-5.585278,36.226389,68.20255923,28.39170125
MonteraTorero,6,2048,-5.585278,36.226389,94.64614616,22.35031738
MonteraTorero,6,2049,-5.585278,36.226389,103.3846409,26.76169128
MonteraTorero,6,2050,-5.585278,36.226389,67.81809187,29.01478475
MonteraTorero,6,2051,-5.585278,36.226389,102.0779762,27.1407959
MonteraTorero,6,2052,-5.585278,36.226389,55.84193237,25.69975891
MonteraTorero,6,2053,-5.585278,36.226389,273.6467403,27.82781982
MonteraTorero,6,2054,-5.585278,36.226389,49.70311989,27.05073242
MonteraTorero,6,2055,-5.585278,36.226389,81.23962428,25.67949015
MonteraTorero,6,2056,-5.585278,36.226389,71.73594912,28.1911733
MonteraTorero,6,2057,-5.585278,36.226389,62.71494995,28.4851003
MonteraTorero,6,2058,-5.585278,36.226389,51.84098854,27.00781657
MonteraTorero,6,2059,-5.585278,36.226389,154.4920027,28.35033061
MonteraTorero,6,2060,-5.585278,36.226389,127.7266344,27.0344635
MonteraTorero,6,2061,-5.585278,36.226389,39.87104474,29.68833313
MonteraTorero,6,2062,-5.585278,36.226389,69.73538671,23.85950623
MonteraTorero,6,2063,-5.585278,36.226389,53.83677731,29.14246521
MonteraTorero,6,2064,-5.585278,36.226389,116.5859344,29.04710592
MonteraTorero,6,2065,-5.585278,36.226389,51.11493377,28.57959493
MonteraTorero,6,2066,-5.585278,36.226389,106.1240813,27.66340027
MonteraTorero,6,2067,-5.585278,36.226389,108.498729,26.09935099
MonteraTorero,6,2068,-5.585278,36.226389,205.36812,28.80492655
MonteraTorero,6,2069,-5.585278,36.226389,119.0087315,26.24837138
MonteraTorero,6,2070,-5.585278,36.226389,64.99962891,29.55285034
MonteraTorero,6,2071,-5.585278,36.226389,59.59139343,28.58878886
MonteraTorero,6,2072,-5.585278,36.226389,118.0505916,28.56635335
MonteraTorero,6,2073,-5.585278,36.226389,213.5656878,28.00326233
MonteraTorero,6,2074,-5.585278,36.226389,263.5225136,25.44019979
MonteraTorero,6,2075,-5.585278,36.226389,128.0955849,29.34224243
MonteraTorero,6,2076,-5.585278,36.226389,164.681577,28.2864329
MonteraTorero,6,2077,-5.585278,36.226389,105.7536216,30.00775757
MonteraTorero,6,2078,-5.585278,36.226389,87.22604917,28.55781453
MonteraTorero,6,2079,-5.585278,36.226389,107.1500672,29.15690308
MonteraTorero,6,2080,-5.585278,36.226389,71.20039291,28.8391805
MonteraTorero,6,2081,-5.585278,36.226389,121.8464228,29.2784963
MonteraTorero,6,2082,-5.585278,36.226389,83.82742524,28.88287354
MonteraTorero,6,2083,-5.585278,36.226389,46.43140206,30.46647441
MonteraTorero,6,2084,-5.585278,36.226389,108.7623716,27.75553894
MonteraTorero,6,2085,-5.585278,36.226389,61.08409855,31.73824565
MonteraTorero,6,2086,-5.585278,36.226389,120.4340199,26.52363688
MonteraTorero,6,2087,-5.585278,36.226389,129.0581286,30.18581136
MonteraTorero,6,2088,-5.585278,36.226389,106.1529854,26.95941772
MonteraTorero,6,2089,-5.585278,36.226389,70.64678834,28.30250956
MonteraTorero,6,2090,-5.585278,36.226389,135.8446835,27.33485819
MonteraTorero,6,2091,-5.585278,36.226389,84.70816733,31.70746257
MonteraTorero,6,2092,-5.585278,36.226389,99.13115991,28.89022522
MonteraTorero,6,2093,-5.585278,36.226389,266.0208297,27.43182475
MonteraTorero,6,2094,-5.585278,36.226389,64.5652692,32.04562378
MonteraTorero,6,2095,-5.585278,36.226389,47.86248485,29.12627563
MonteraTorero,6,2096,-5.585278,36.226389,100.3021906,29.72119751
MonteraTorero,6,2097,-5.585278,36.226389,125.3675727,30.97142639
MonteraTorero,6,2098,-5.585278,36.226389,186.3437394,29.10294698
MonteraTorero,6,2099,-5.585278,36.226389,194.7813587,27.31389567
MonteraTorero,6,2100,-5.585278,36.226389,73.06521979,32.16689758
MonteraTorero,7,2015,-5.585278,36.226389,45.05125663,32.24889329
MonteraTorero,7,2016,-5.585278,36.226389,122.1238722,28.84056515
MonteraTorero,7,2017,-5.585278,36.226389,49.41304877,31.69620027
MonteraTorero,7,2018,-5.585278,36.226389,103.535482,30.40673316
MonteraTorero,7,2019,-5.585278,36.226389,55.73107892,30.89425935
MonteraTorero,7,2020,-5.585278,36.226389,86.76051974,29.89248145
MonteraTorero,7,2021,-5.585278,36.226389,113.4036428,31.37604823
MonteraTorero,7,2022,-5.585278,36.226389,49.93437064,31.26061992
MonteraTorero,7,2023,-5.585278,36.226389,109.7349308,27.69992144
MonteraTorero,7,2024,-5.585278,36.226389,79.44941846,32.91988132
MonteraTorero,7,2025,-5.585278,36.226389,102.2722371,31.76628044
MonteraTorero,7,2026,-5.585278,36.226389,75.76580291,32.74622645
MonteraTorero,7,2027,-5.585278,36.226389,52.19703916,31.82512424
MonteraTorero,7,2028,-5.585278,36.226389,111.7422239,31.39293233
MonteraTorero,7,2029,-5.585278,36.226389,59.79149348,29.90450439
MonteraTorero,7,2030,-5.585278,36.226389,65.36251554,34.00753961
MonteraTorero,7,2031,-5.585278,36.226389,116.4973814,32.28933598
MonteraTorero,7,2032,-5.585278,36.226389,55.15913379,29.84560055
MonteraTorero,7,2033,-5.585278,36.226389,41.07522805,31.86024603
MonteraTorero,7,2034,-5.585278,36.226389,103.4365099,29.95746224
MonteraTorero,7,2035,-5.585278,36.226389,147.2266471,30.48364632
MonteraTorero,7,2036,-5.585278,36.226389,56.24751431,32.27286731
MonteraTorero,7,2037,-5.585278,36.226389,69.34635807,31.55461544
MonteraTorero,7,2038,-5.585278,36.226389,51.72497496,32.76675297
MonteraTorero,7,2039,-5.585278,36.226389,73.2819168,33.41194675
MonteraTorero,7,2040,-5.585278,36.226389,120.0973992,29.32339852
MonteraTorero,7,2041,-5.585278,36.226389,58.49894244,30.62692044
MonteraTorero,7,2042,-5.585278,36.226389,46.2241658,33.4123543
MonteraTorero,7,2043,-5.585278,36.226389,89.82254262,33.13799537
MonteraTorero,7,2044,-5.585278,36.226389,50.79247153,31.83885026
MonteraTorero,7,2045,-5.585278,36.226389,75.24543398,32.27850125
MonteraTorero,7,2046,-5.585278,36.226389,45.6709581,31.77167713
MonteraTorero,7,2047,-5.585278,36.226389,64.86022873,32.52726775
MonteraTorero,7,2048,-5.585278,36.226389,38.81596466,30.95882667
MonteraTorero,7,2049,-5.585278,36.226389,130.7178477,30.89594175
MonteraTorero,7,2050,-5.585278,36.226389,91.11240421,31.30678514
MonteraTorero,7,2051,-5.585278,36.226389,87.38170513,32.79405636
MonteraTorero,7,2052,-5.585278,36.226389,58.1318449,33.53016594
MonteraTorero,7,2053,-5.585278,36.226389,106.9058542,29.75373082
MonteraTorero,7,2054,-5.585278,36.226389,96.24947358,33.35820037
MonteraTorero,7,2055,-5.585278,36.226389,37.32546073,32.67414492
MonteraTorero,7,2056,-5.585278,36.226389,63.73396168,33.57778616
MonteraTorero,7,2057,-5.585278,36.226389,50.34589323,33.63474574
MonteraTorero,7,2058,-5.585278,36.226389,50.51577399,34.03094955
MonteraTorero,7,2059,-5.585278,36.226389,56.53100131,32.87664283
MonteraTorero,7,2060,-5.585278,36.226389,68.41922771,32.83615191
MonteraTorero,7,2061,-5.585278,36.226389,74.86542071,33.37883222
MonteraTorero,7,2062,-5.585278,36.226389,88.28173686,32.45699857
MonteraTorero,7,2063,-5.585278,36.226389,87.00836107,34.3799279
MonteraTorero,7,2064,-5.585278,36.226389,83.99385291,34.67037944
MonteraTorero,7,2065,-5.585278,36.226389,127.4310797,32.39025859
MonteraTorero,7,2066,-5.585278,36.226389,48.86908607,33.12091537
MonteraTorero,7,2067,-5.585278,36.226389,89.00362207,32.22923899
MonteraTorero,7,2068,-5.585278,36.226389,49.54871564,34.00135833
MonteraTorero,7,2069,-5.585278,36.226389,64.76144322,33.60570679
MonteraTorero,7,2070,-5.585278,36.226389,67.23807051,33.08290917
MonteraTorero,7,2071,-5.585278,36.226389,70.24851451,34.21290126
MonteraTorero,7,2072,-5.585278,36.226389,48.5166911,33.75860281
MonteraTorero,7,2073,-5.585278,36.226389,76.86792744,33.87937858
MonteraTorero,7,2074,-5.585278,36.226389,61.29141393,31.50432838
MonteraTorero,7,2075,-5.585278,36.226389,89.54732181,32.4493613
MonteraTorero,7,2076,-5.585278,36.226389,35.3418931,34.74258502
MonteraTorero,7,2077,-5.585278,36.226389,48.01197496,35.22108883
MonteraTorero,7,2078,-5.585278,36.226389,93.60284125,33.62515042
MonteraTorero,7,2079,-5.585278,36.226389,74.0447155,34.70167473
MonteraTorero,7,2080,-5.585278,36.226389,81.44629253,34.29445407
MonteraTorero,7,2081,-5.585278,36.226389,62.38942104,33.54752945
MonteraTorero,7,2082,-5.585278,36.226389,79.0525583,32.49800533
MonteraTorero,7,2083,-5.585278,36.226389,57.43091232,35.10670993
MonteraTorero,7,2084,-5.585278,36.226389,100.8402605,33.04505458
MonteraTorero,7,2085,-5.585278,36.226389,65.89528028,36.16141909
MonteraTorero,7,2086,-5.585278,36.226389,79.0368894,34.40197242
MonteraTorero,7,2087,-5.585278,36.226389,39.43693824,33.91791835
MonteraTorero,7,2088,-5.585278,36.226389,96.65361648,31.31712765
MonteraTorero,7,2089,-5.585278,36.226389,62.0676125,35.91138069
MonteraTorero,7,2090,-5.585278,36.226389,95.90241479,34.4616018
MonteraTorero,7,2091,-5.585278,36.226389,25.60456151,36.44315442
MonteraTorero,7,2092,-5.585278,36.226389,103.3447833,33.41029683
MonteraTorero,7,2093,-5.585278,36.226389,136.9004218,31.233983
MonteraTorero,7,2094,-5.585278,36.226389,60.79304474,36.96313358
MonteraTorero,7,2095,-5.585278,36.226389,79.2626778,33.7483804
MonteraTorero,7,2096,-5.585278,36.226389,69.09825179,35.80905033
MonteraTorero,7,2097,-5.585278,36.226389,100.525059,33.58147091
MonteraTorero,7,2098,-5.585278,36.226389,127.496706,30.93401686
MonteraTorero,7,2099,-5.585278,36.226389,77.1847597,35.79147418
MonteraTorero,7,2100,-5.585278,36.226389,88.08131381,35.38181901
MonteraTorero,8,2015,-5.585278,36.226389,41.83775883,30.42531935
MonteraTorero,8,2016,-5.585278,36.226389,43.15745927,30.04665429
MonteraTorero,8,2017,-5.585278,36.226389,32.5334791,31.87476452
MonteraTorero,8,2018,-5.585278,36.226389,67.08083916,31.69016468
MonteraTorero,8,2019,-5.585278,36.226389,67.31387255,30.3365447
MonteraTorero,8,2020,-5.585278,36.226389,41.67990327,31.60875658
MonteraTorero,8,2021,-5.585278,36.226389,54.85988321,30.75645673
MonteraTorero,8,2022,-5.585278,36.226389,50.93612633,30.93096313
MonteraTorero,8,2023,-5.585278,36.226389,60.06139751,30.35454909
MonteraTorero,8,2024,-5.585278,36.226389,47.5099074,33.12743235
MonteraTorero,8,2025,-5.585278,36.226389,88.67588941,30.3895813
MonteraTorero,8,2026,-5.585278,36.226389,38.85043337,32.6278153
MonteraTorero,8,2027,-5.585278,36.226389,70.090482,32.66594061
MonteraTorero,8,2028,-5.585278,36.226389,74.07159625,30.49609355
MonteraTorero,8,2029,-5.585278,36.226389,80.4832178,31.30037251
MonteraTorero,8,2030,-5.585278,36.226389,67.02552881,31.83528561
MonteraTorero,8,2031,-5.585278,36.226389,88.34221825,28.6742158
MonteraTorero,8,2032,-5.585278,36.226389,40.12444676,32.48714107
MonteraTorero,8,2033,-5.585278,36.226389,97.81274705,30.58490463
MonteraTorero,8,2034,-5.585278,36.226389,70.11057266,31.4061612
MonteraTorero,8,2035,-5.585278,36.226389,58.17633891,31.69618452
MonteraTorero,8,2036,-5.585278,36.226389,48.8816005,32.52635321
MonteraTorero,8,2037,-5.585278,36.226389,39.67178683,32.73738226
MonteraTorero,8,2038,-5.585278,36.226389,49.94267092,33.09458461
MonteraTorero,8,2039,-5.585278,36.226389,41.86560986,31.9245131
MonteraTorero,8,2040,-5.585278,36.226389,67.55184636,31.9629997
MonteraTorero,8,2041,-5.585278,36.226389,28.51184681,33.61399969
MonteraTorero,8,2042,-5.585278,36.226389,58.58868474,33.63839407
MonteraTorero,8,2043,-5.585278,36.226389,56.83644557,31.61947809
MonteraTorero,8,2044,-5.585278,36.226389,47.492446,32.87984718
MonteraTorero,8,2045,-5.585278,36.226389,46.22624309,32.66620838
MonteraTorero,8,2046,-5.585278,36.226389,26.99867517,33.21715403
MonteraTorero,8,2047,-5.585278,36.226389,67.51419858,31.80500429
MonteraTorero,8,2048,-5.585278,36.226389,84.60786047,31.86166756
MonteraTorero,8,2049,-5.585278,36.226389,55.38199514,32.41987147
MonteraTorero,8,2050,-5.585278,36.226389,95.59774243,32.21661456
MonteraTorero,8,2051,-5.585278,36.226389,46.77420641,33.17098881
MonteraTorero,8,2052,-5.585278,36.226389,43.92399407,32.86053349
MonteraTorero,8,2053,-5.585278,36.226389,48.88072948,32.22267082
MonteraTorero,8,2054,-5.585278,36.226389,80.20073315,32.14980173
MonteraTorero,8,2055,-5.585278,36.226389,59.4642471,31.9536121
MonteraTorero,8,2056,-5.585278,36.226389,58.51092597,34.00658865
MonteraTorero,8,2057,-5.585278,36.226389,17.74451209,34.36640172
MonteraTorero,8,2058,-5.585278,36.226389,63.93054022,32.86830267
MonteraTorero,8,2059,-5.585278,36.226389,75.20948748,33.87467297
MonteraTorero,8,2060,-5.585278,36.226389,48.2037532,33.58932475
MonteraTorero,8,2061,-5.585278,36.226389,37.9945297,32.10443292
MonteraTorero,8,2062,-5.585278,36.226389,55.1195098,34.78773331
MonteraTorero,8,2063,-5.585278,36.226389,69.29281219,32.78969431
MonteraTorero,8,2064,-5.585278,36.226389,79.63222459,32.91057838
MonteraTorero,8,2065,-5.585278,36.226389,61.5613396,32.85134376
MonteraTorero,8,2066,-5.585278,36.226389,46.96562246,34.30104685
MonteraTorero,8,2067,-5.585278,36.226389,77.55575678,32.78130395
MonteraTorero,8,2068,-5.585278,36.226389,42.29738009,33.68924029
MonteraTorero,8,2069,-5.585278,36.226389,71.96428118,34.24438162
MonteraTorero,8,2070,-5.585278,36.226389,49.9813137,34.47143043
MonteraTorero,8,2071,-5.585278,36.226389,146.9417798,29.79671729
MonteraTorero,8,2072,-5.585278,36.226389,76.71849374,32.84513589
MonteraTorero,8,2073,-5.585278,36.226389,55.83753043,35.21116865
MonteraTorero,8,2074,-5.585278,36.226389,97.5572221,31.79540307
MonteraTorero,8,2075,-5.585278,36.226389,76.82644108,33.7621773
MonteraTorero,8,2076,-5.585278,36.226389,112.1648753,31.60353905
MonteraTorero,8,2077,-5.585278,36.226389,37.60499609,34.80974141
MonteraTorero,8,2078,-5.585278,36.226389,34.98501832,36.6941172
MonteraTorero,8,2079,-5.585278,36.226389,73.18329396,34.03778056
MonteraTorero,8,2080,-5.585278,36.226389,24.36080073,35.93812492
MonteraTorero,8,2081,-5.585278,36.226389,61.62762036,35.28378375
MonteraTorero,8,2082,-5.585278,36.226389,112.5383305,34.39099692
MonteraTorero,8,2083,-5.585278,36.226389,77.81891172,35.78446301
MonteraTorero,8,2084,-5.585278,36.226389,52.62291668,34.39266456
MonteraTorero,8,2085,-5.585278,36.226389,23.46520127,34.81469707
MonteraTorero,8,2086,-5.585278,36.226389,57.83993446,34.05648095
MonteraTorero,8,2087,-5.585278,36.226389,62.65617859,34.47687043
MonteraTorero,8,2088,-5.585278,36.226389,57.64871242,34.10197478
MonteraTorero,8,2089,-5.585278,36.226389,21.81429013,35.2609625
MonteraTorero,8,2090,-5.585278,36.226389,67.70219042,34.95781368
MonteraTorero,8,2091,-5.585278,36.226389,39.88023855,37.03101649
MonteraTorero,8,2092,-5.585278,36.226389,63.1659767,35.72166276
MonteraTorero,8,2093,-5.585278,36.226389,70.22717558,33.9651379
MonteraTorero,8,2094,-5.585278,36.226389,32.60826814,37.79903761
MonteraTorero,8,2095,-5.585278,36.226389,70.97092704,34.49394354
MonteraTorero,8,2096,-5.585278,36.226389,47.94325884,36.58296332
MonteraTorero,8,2097,-5.585278,36.226389,68.89456809,35.74818745
MonteraTorero,8,2098,-5.585278,36.226389,19.31008772,34.46412393
MonteraTorero,8,2099,-5.585278,36.226389,93.07765193,31.97825751
MonteraTorero,8,2100,-5.585278,36.226389,41.48693801,36.60812752
MonteraTorero,9,2015,-5.585278,36.226389,101.6221289,26.65684611
MonteraTorero,9,2016,-5.585278,36.226389,101.5264416,25.19356079
MonteraTorero,9,2017,-5.585278,36.226389,61.19479391,28.7271108
MonteraTorero,9,2018,-5.585278,36.226389,76.41637476,24.88515727
MonteraTorero,9,2019,-5.585278,36.226389,59.47277451,27.99203796
MonteraTorero,9,2020,-5.585278,36.226389,72.98402464,26.14356893
MonteraTorero,9,2021,-5.585278,36.226389,55.60491611,25.21778768
MonteraTorero,9,2022,-5.585278,36.226389,120.6651472,25.70561523
MonteraTorero,9,2023,-5.585278,36.226389,53.89875519,26.86835531
MonteraTorero,9,2024,-5.585278,36.226389,99.81015346,25.71776428
MonteraTorero,9,2025,-5.585278,36.226389,103.7925949,23.91383565
MonteraTorero,9,2026,-5.585278,36.226389,88.07208951,25.6744161
MonteraTorero,9,2027,-5.585278,36.226389,32.26833542,26.74070129
MonteraTorero,9,2028,-5.585278,36.226389,71.0164338,26.83994242
MonteraTorero,9,2029,-5.585278,36.226389,57.42919552,26.35091451
MonteraTorero,9,2030,-5.585278,36.226389,117.4977813,26.55979614
MonteraTorero,9,2031,-5.585278,36.226389,51.95467575,26.08223368
MonteraTorero,9,2032,-5.585278,36.226389,85.12267597,26.11966654
MonteraTorero,9,2033,-5.585278,36.226389,128.2537336,24.10019938
MonteraTorero,9,2034,-5.585278,36.226389,67.21217132,25.83168742
MonteraTorero,9,2035,-5.585278,36.226389,42.1760342,27.00574341
MonteraTorero,9,2036,-5.585278,36.226389,108.5968854,24.40023397
MonteraTorero,9,2037,-5.585278,36.226389,36.51960796,28.3229421
MonteraTorero,9,2038,-5.585278,36.226389,78.65850171,25.96999003
MonteraTorero,9,2039,-5.585278,36.226389,67.87967742,26.90432027
MonteraTorero,9,2040,-5.585278,36.226389,67.40876886,25.45624084
MonteraTorero,9,2041,-5.585278,36.226389,72.63093528,27.72121175
MonteraTorero,9,2042,-5.585278,36.226389,117.7971147,25.73380839
MonteraTorero,9,2043,-5.585278,36.226389,82.10174254,25.69419556
MonteraTorero,9,2044,-5.585278,36.226389,47.11802663,29.28228556
MonteraTorero,9,2045,-5.585278,36.226389,52.19943061,26.68302104
MonteraTorero,9,2046,-5.585278,36.226389,48.01786855,28.64653625
MonteraTorero,9,2047,-5.585278,36.226389,168.1690489,24.94240723
MonteraTorero,9,2048,-5.585278,36.226389,53.00510316,27.28094889
MonteraTorero,9,2049,-5.585278,36.226389,89.11020615,26.37019043
MonteraTorero,9,2050,-5.585278,36.226389,98.041837,26.22377218
MonteraTorero,9,2051,-5.585278,36.226389,52.63869645,27.66639201
MonteraTorero,9,2052,-5.585278,36.226389,73.36385971,28.29583537
MonteraTorero,9,2053,-5.585278,36.226389,123.6422807,26.8329539
MonteraTorero,9,2054,-5.585278,36.226389,71.63740398,28.92102661
MonteraTorero,9,2055,-5.585278,36.226389,81.01839283,26.84522909
MonteraTorero,9,2056,-5.585278,36.226389,49.15041395,27.4591746
MonteraTorero,9,2057,-5.585278,36.226389,45.93323179,28.9748057
MonteraTorero,9,2058,-5.585278,36.226389,82.11306749,26.09436239
MonteraTorero,9,2059,-5.585278,36.226389,62.22505912,29.27229513
MonteraTorero,9,2060,-5.585278,36.226389,166.7433698,24.83260295
MonteraTorero,9,2061,-5.585278,36.226389,103.7542049,28.3188385
MonteraTorero,9,2062,-5.585278,36.226389,102.5338323,29.48455607
MonteraTorero,9,2063,-5.585278,36.226389,47.36068349,28.07701721
MonteraTorero,9,2064,-5.585278,36.226389,46.33463034,27.6907725
MonteraTorero,9,2065,-5.585278,36.226389,67.64405503,29.28123169
MonteraTorero,9,2066,-5.585278,36.226389,69.97399406,29.47034505
MonteraTorero,9,2067,-5.585278,36.226389,113.0937652,26.75270589
MonteraTorero,9,2068,-5.585278,36.226389,36.30801067,28.56176554
MonteraTorero,9,2069,-5.585278,36.226389,72.02034124,28.3122996
MonteraTorero,9,2070,-5.585278,36.226389,69.84009782,28.92534078
MonteraTorero,9,2071,-5.585278,36.226389,58.27475327,29.99298197
MonteraTorero,9,2072,-5.585278,36.226389,39.63696374,28.46964722
MonteraTorero,9,2073,-5.585278,36.226389,55.96279252,29.71316325
MonteraTorero,9,2074,-5.585278,36.226389,164.9976925,26.80036723
MonteraTorero,9,2075,-5.585278,36.226389,111.2992217,28.88324585
MonteraTorero,9,2076,-5.585278,36.226389,108.3275639,26.29450989
MonteraTorero,9,2077,-5.585278,36.226389,187.0522807,23.95023499
MonteraTorero,9,2078,-5.585278,36.226389,37.40463215,32.06572266
MonteraTorero,9,2079,-5.585278,36.226389,63.77799911,28.7604126
MonteraTorero,9,2080,-5.585278,36.226389,47.45616018,30.32178446
MonteraTorero,9,2081,-5.585278,36.226389,127.0703366,26.30270793
MonteraTorero,9,2082,-5.585278,36.226389,68.67423841,29.0265981
MonteraTorero,9,2083,-5.585278,36.226389,109.5465795,30.44188639
MonteraTorero,9,2084,-5.585278,36.226389,47.65065827,29.01198425
MonteraTorero,9,2085,-5.585278,36.226389,46.5481941,29.59851786
MonteraTorero,9,2086,-5.585278,36.226389,72.60470912,29.87734172
MonteraTorero,9,2087,-5.585278,36.226389,67.74014072,30.61467997
MonteraTorero,9,2088,-5.585278,36.226389,36.12057016,29.26948954
MonteraTorero,9,2089,-5.585278,36.226389,42.96160661,31.1569519
MonteraTorero,9,2090,-5.585278,36.226389,38.7324951,29.89252726
MonteraTorero,9,2091,-5.585278,36.226389,17.75889001,31.22068176
MonteraTorero,9,2092,-5.585278,36.226389,57.09618191,29.08295797
MonteraTorero,9,2093,-5.585278,36.226389,27.68452271,29.10314331
MonteraTorero,9,2094,-5.585278,36.226389,77.91010242,31.40940145
MonteraTorero,9,2095,-5.585278,36.226389,44.66274356,30.1498291
MonteraTorero,9,2096,-5.585278,36.226389,101.6065497,29.14754232
MonteraTorero,9,2097,-5.585278,36.226389,54.61990181,30.45243123
MonteraTorero,9,2098,-5.585278,36.226389,158.7749492,28.86553548
MonteraTorero,9,2099,-5.585278,36.226389,197.7296789,27.07234904
MonteraTorero,9,2100,-5.585278,36.226389,28.62930108,30.10253194
Prisioneros,1,2015,-5.486388889,36.105,6.164272203,10.9335335
Prisioneros,1,2016,-5.486388889,36.105,65.3406584,10.33381092
Prisioneros,1,2017,-5.486388889,36.105,13.37374009,14.78664354
Prisioneros,1,2018,-5.486388889,36.105,31.78027838,11.07513605
Prisioneros,1,2019,-5.486388889,36.105,13.45057078,12.99073624
Prisioneros,1,2020,-5.486388889,36.105,17.4865033,12.13729346
Prisioneros,1,2021,-5.486388889,36.105,9.886489123,12.41431727
Prisioneros,1,2022,-5.486388889,36.105,124.2723979,9.321541866
Prisioneros,1,2023,-5.486388889,36.105,5.870315523,13.61226807
Prisioneros,1,2024,-5.486388889,36.105,9.849419874,14.89918252
Prisioneros,1,2025,-5.486388889,36.105,92.00610493,10.03883588
Prisioneros,1,2026,-5.486388889,36.105,34.64407833,11.28764077
Prisioneros,1,2027,-5.486388889,36.105,45.64543805,13.12379387
Prisioneros,1,2028,-5.486388889,36.105,45.54854043,10.25912357
Prisioneros,1,2029,-5.486388889,36.105,17.91194555,12.75790779
Prisioneros,1,2030,-5.486388889,36.105,2.008728138,13.33031321
Prisioneros,1,2031,-5.486388889,36.105,36.23691975,13.42561764
Prisioneros,1,2032,-5.486388889,36.105,77.56464638,12.24502839
Prisioneros,1,2033,-5.486388889,36.105,36.81369627,9.680592986
Prisioneros,1,2034,-5.486388889,36.105,57.32517534,9.629608942
Prisioneros,1,2035,-5.486388889,36.105,21.9303979,13.93768488
Prisioneros,1,2036,-5.486388889,36.105,23.70633918,14.19972652
Prisioneros,1,2037,-5.486388889,36.105,18.35427051,11.43146815
Prisioneros,1,2038,-5.486388889,36.105,77.83028889,11.04053699
Prisioneros,1,2039,-5.486388889,36.105,40.06265691,11.72582791
Prisioneros,1,2040,-5.486388889,36.105,11.54531058,11.85500488
Prisioneros,1,2041,-5.486388889,36.105,69.64765452,12.19207646
Prisioneros,1,2042,-5.486388889,36.105,18.2988662,13.22914744
Prisioneros,1,2043,-5.486388889,36.105,31.04636719,13.86302018
Prisioneros,1,2044,-5.486388889,36.105,81.51727817,11.60786271
Prisioneros,1,2045,-5.486388889,36.105,2.622030871,15.95038413
Prisioneros,1,2046,-5.486388889,36.105,24.02399939,11.24613293
Prisioneros,1,2047,-5.486388889,36.105,5.104409073,15.06168863
Prisioneros,1,2048,-5.486388889,36.105,8.804350889,12.75469754
Prisioneros,1,2049,-5.486388889,36.105,18.10300565,13.31274887
Prisioneros,1,2050,-5.486388889,36.105,10.76686255,12.76338127
Prisioneros,1,2051,-5.486388889,36.105,44.78609927,12.08723184
Prisioneros,1,2052,-5.486388889,36.105,1.984603559,16.51689177
Prisioneros,1,2053,-5.486388889,36.105,23.20290226,13.62728075
Prisioneros,1,2054,-5.486388889,36.105,76.52944398,9.951716072
Prisioneros,1,2055,-5.486388889,36.105,10.70138752,15.01902604
Prisioneros,1,2056,-5.486388889,36.105,17.21351803,12.07415949
Prisioneros,1,2057,-5.486388889,36.105,24.87427286,14.66342833
Prisioneros,1,2058,-5.486388889,36.105,15.36901838,14.24498901
Prisioneros,1,2059,-5.486388889,36.105,59.55285851,13.03767326
Prisioneros,1,2060,-5.486388889,36.105,7.993221626,13.14951329
Prisioneros,1,2061,-5.486388889,36.105,2.024765534,14.76355551
Prisioneros,1,2062,-5.486388889,36.105,16.0065717,12.93030947
Prisioneros,1,2063,-5.486388889,36.105,40.02079101,12.27999268
Prisioneros,1,2064,-5.486388889,36.105,65.11164229,13.6206289
Prisioneros,1,2065,-5.486388889,36.105,52.37024159,11.44432393
Prisioneros,1,2066,-5.486388889,36.105,17.44505193,13.03072214
Prisioneros,1,2067,-5.486388889,36.105,3.237635824,15.36011215
Prisioneros,1,2068,-5.486388889,36.105,77.62868104,11.45949215
Prisioneros,1,2069,-5.486388889,36.105,15.86963537,15.48670989
Prisioneros,1,2070,-5.486388889,36.105,63.31425713,13.48306255
Prisioneros,1,2071,-5.486388889,36.105,37.95385248,13.74463363
Prisioneros,1,2072,-5.486388889,36.105,22.42006773,12.4079519
Prisioneros,1,2073,-5.486388889,36.105,46.0916096,13.39485592
Prisioneros,1,2074,-5.486388889,36.105,22.89132052,15.38897784
Prisioneros,1,2075,-5.486388889,36.105,35.14946283,13.19654876
Prisioneros,1,2076,-5.486388889,36.105,15.15468484,12.2546306
Prisioneros,1,2077,-5.486388889,36.105,6.735347425,15.50169697
Prisioneros,1,2078,-5.486388889,36.105,20.32581426,11.58927061
Prisioneros,1,2079,-5.486388889,36.105,7.16014857,15.81360631
Prisioneros,1,2080,-5.486388889,36.105,63.30749572,11.189069
Prisioneros,1,2081,-5.486388889,36.105,7.353081292,14.86522729
Prisioneros,1,2082,-5.486388889,36.105,8.787698747,14.12657294
Prisioneros,1,2083,-5.486388889,36.105,2.232564753,15.67043457
Prisioneros,1,2084,-5.486388889,36.105,11.77702601,15.8545166
Prisioneros,1,2085,-5.486388889,36.105,36.46901843,16.74167638
Prisioneros,1,2086,-5.486388889,36.105,73.70955688,14.44601519
Prisioneros,1,2087,-5.486388889,36.105,51.78583458,13.74438851
Prisioneros,1,2088,-5.486388889,36.105,6.164577055,15.39072817
Prisioneros,1,2089,-5.486388889,36.105,8.267244655,14.68629387
Prisioneros,1,2090,-5.486388889,36.105,22.54915663,14.67691217
Prisioneros,1,2091,-5.486388889,36.105,17.07719513,15.63485009
Prisioneros,1,2092,-5.486388889,36.105,13.25995477,15.7911375
Prisioneros,1,2093,-5.486388889,36.105,6.389007783,14.60252508
Prisioneros,1,2094,-5.486388889,36.105,124.9355616,13.47372318
Prisioneros,1,2095,-5.486388889,36.105,20.14817119,14.23527064
Prisioneros,1,2096,-5.486388889,36.105,11.18055227,13.23789909
Prisioneros,1,2097,-5.486388889,36.105,14.97312233,14.47004139
Prisioneros,1,2098,-5.486388889,36.105,2.158287935,18.60824565
Prisioneros,1,2099,-5.486388889,36.105,34.70589981,13.7124622
Prisioneros,1,2100,-5.486388889,36.105,10.28052693,16.35295824
Prisioneros,10,2015,-5.486388889,36.105,83.75183137,20.59304396
Prisioneros,10,2016,-5.486388889,36.105,42.32269931,19.79761707
Prisioneros,10,2017,-5.486388889,36.105,50.80549132,19.10287653
Prisioneros,10,2018,-5.486388889,36.105,72.08835365,19.69344679
Prisioneros,10,2019,-5.486388889,36.105,63.99326741,22.0658272
Prisioneros,10,2020,-5.486388889,36.105,76.22714293,17.59039681
Prisioneros,10,2021,-5.486388889,36.105,84.26535463,19.18958287
Prisioneros,10,2022,-5.486388889,36.105,271.0707922,16.77562571
Prisioneros,10,2023,-5.486388889,36.105,29.02560689,22.95855299
Prisioneros,10,2024,-5.486388889,36.105,153.5327856,17.10531203
Prisioneros,10,2025,-5.486388889,36.105,181.4963282,16.37296989
Prisioneros,10,2026,-5.486388889,36.105,75.89221561,18.36489455
Prisioneros,10,2027,-5.486388889,36.105,67.51849624,22.26541413
Prisioneros,10,2028,-5.486388889,36.105,79.69104213,20.14873165
Prisioneros,10,2029,-5.486388889,36.105,27.96333132,18.87397205
Prisioneros,10,2030,-5.486388889,36.105,57.1727113,19.93108225
Prisioneros,10,2031,-5.486388889,36.105,226.5560305,17.32243672
Prisioneros,10,2032,-5.486388889,36.105,90.35120542,19.37857824
Prisioneros,10,2033,-5.486388889,36.105,117.932246,20.60440634
Prisioneros,10,2034,-5.486388889,36.105,57.44356456,21.55007423
Prisioneros,10,2035,-5.486388889,36.105,82.7089785,18.96875374
Prisioneros,10,2036,-5.486388889,36.105,96.38958744,17.57748886
Prisioneros,10,2037,-5.486388889,36.105,44.39409119,18.26578034
Prisioneros,10,2038,-5.486388889,36.105,24.31632435,22.46077684
Prisioneros,10,2039,-5.486388889,36.105,54.9949976,20.12656604
Prisioneros,10,2040,-5.486388889,36.105,222.5232823,18.19697108
Prisioneros,10,2041,-5.486388889,36.105,113.9548012,18.72797497
Prisioneros,10,2042,-5.486388889,36.105,32.75408441,21.09203983
Prisioneros,10,2043,-5.486388889,36.105,63.42414523,18.57658022
Prisioneros,10,2044,-5.486388889,36.105,92.58709217,21.12574994
Prisioneros,10,2045,-5.486388889,36.105,87.98216598,19.10464852
Prisioneros,10,2046,-5.486388889,36.105,150.3216548,20.45777824
Prisioneros,10,2047,-5.486388889,36.105,48.15724054,21.06614222
Prisioneros,10,2048,-5.486388889,36.105,73.23235294,19.50155029
Prisioneros,10,2049,-5.486388889,36.105,102.1181569,22.16889491
Prisioneros,10,2050,-5.486388889,36.105,58.93468343,23.0071675
Prisioneros,10,2051,-5.486388889,36.105,36.55448393,22.24452633
Prisioneros,10,2052,-5.486388889,36.105,64.87815111,21.17475232
Prisioneros,10,2053,-5.486388889,36.105,29.24950763,22.19689528
Prisioneros,10,2054,-5.486388889,36.105,43.10920447,21.21254784
Prisioneros,10,2055,-5.486388889,36.105,136.4933427,17.1575089
Prisioneros,10,2056,-5.486388889,36.105,39.35813754,20.81880513
Prisioneros,10,2057,-5.486388889,36.105,97.6780268,20.10714407
Prisioneros,10,2058,-5.486388889,36.105,120.0989036,21.15906037
Prisioneros,10,2059,-5.486388889,36.105,82.08935343,22.44918016
Prisioneros,10,2060,-5.486388889,36.105,42.3775345,18.66959091
Prisioneros,10,2061,-5.486388889,36.105,146.894599,20.63605307
Prisioneros,10,2062,-5.486388889,36.105,23.61989436,20.99565056
Prisioneros,10,2063,-5.486388889,36.105,56.48063809,22.1272837
Prisioneros,10,2064,-5.486388889,36.105,86.36480019,22.45349003
Prisioneros,10,2065,-5.486388889,36.105,60.48267111,22.9869373
Prisioneros,10,2066,-5.486388889,36.105,63.7795417,22.0265058
Prisioneros,10,2067,-5.486388889,36.105,76.99542938,21.18954054
Prisioneros,10,2068,-5.486388889,36.105,71.79970251,19.56061165
Prisioneros,10,2069,-5.486388889,36.105,135.0725308,21.8381641
Prisioneros,10,2070,-5.486388889,36.105,93.69635287,22.35429215
Prisioneros,10,2071,-5.486388889,36.105,72.68608809,24.22063697
Prisioneros,10,2072,-5.486388889,36.105,61.71964553,23.34059763
Prisioneros,10,2073,-5.486388889,36.105,117.1562097,21.00371901
Prisioneros,10,2074,-5.486388889,36.105,175.1417948,17.64751095
Prisioneros,10,2075,-5.486388889,36.105,18.5307886,24.80715332
Prisioneros,10,2076,-5.486388889,36.105,53.41423317,22.50002835
Prisioneros,10,2077,-5.486388889,36.105,60.66151459,20.23461501
Prisioneros,10,2078,-5.486388889,36.105,43.26428627,25.70672391
Prisioneros,10,2079,-5.486388889,36.105,94.71270401,19.84769642
Prisioneros,10,2080,-5.486388889,36.105,35.49856486,25.66075262
Prisioneros,10,2081,-5.486388889,36.105,13.52149116,24.32885033
Prisioneros,10,2082,-5.486388889,36.105,42.77833236,25.50492199
Prisioneros,10,2083,-5.486388889,36.105,160.0228045,18.85384128
Prisioneros,10,2084,-5.486388889,36.105,42.5780389,24.36271205
Prisioneros,10,2085,-5.486388889,36.105,63.96645549,24.36511506
Prisioneros,10,2086,-5.486388889,36.105,85.49713603,25.3293081
Prisioneros,10,2087,-5.486388889,36.105,90.76510242,23.97567237
Prisioneros,10,2088,-5.486388889,36.105,134.3454887,24.70948821
Prisioneros,10,2089,-5.486388889,36.105,20.90978696,26.15673316
Prisioneros,10,2090,-5.486388889,36.105,118.8311172,22.14233477
Prisioneros,10,2091,-5.486388889,36.105,66.82066946,23.06931015
Prisioneros,10,2092,-5.486388889,36.105,45.67531929,24.57436228
Prisioneros,10,2093,-5.486388889,36.105,38.9741141,23.18641791
Prisioneros,10,2094,-5.486388889,36.105,90.25627187,23.20232839
Prisioneros,10,2095,-5.486388889,36.105,68.17137717,23.31741313
Prisioneros,10,2096,-5.486388889,36.105,168.7706287,17.67973259
Prisioneros,10,2097,-5.486388889,36.105,22.66898953,25.42661783
Prisioneros,10,2098,-5.486388889,36.105,255.0324897,21.36613789
Prisioneros,10,2099,-5.486388889,36.105,4.231280568,23.33086548
Prisioneros,10,2100,-5.486388889,36.105,48.28228248,25.66985572
Prisioneros,11,2015,-5.486388889,36.105,48.38098225,13.92687073
Prisioneros,11,2016,-5.486388889,36.105,75.7213314,17.06195577
Prisioneros,11,2017,-5.486388889,36.105,34.94585413,16.01923014
Prisioneros,11,2018,-5.486388889,36.105,5.369730724,17.00990194
Prisioneros,11,2019,-5.486388889,36.105,88.23189231,14.39065247
Prisioneros,11,2020,-5.486388889,36.105,127.6588044,13.70657756
Prisioneros,11,2021,-5.486388889,36.105,60.93209029,12.38975627
Prisioneros,11,2022,-5.486388889,36.105,70.95474486,15.08192952
Prisioneros,11,2023,-5.486388889,36.105,27.06777799,15.98512166
Prisioneros,11,2024,-5.486388889,36.105,18.92640109,13.70152893
Prisioneros,11,2025,-5.486388889,36.105,81.94071276,14.38966064
Prisioneros,11,2026,-5.486388889,36.105,9.939982472,16.76792704
Prisioneros,11,2027,-5.486388889,36.105,34.77132525,15.47078756
Prisioneros,11,2028,-5.486388889,36.105,19.5173547,15.92893372
Prisioneros,11,2029,-5.486388889,36.105,136.4994855,14.67351786
Prisioneros,11,2030,-5.486388889,36.105,31.30733511,14.9475057
Prisioneros,11,2031,-5.486388889,36.105,73.63070813,13.76139628
Prisioneros,11,2032,-5.486388889,36.105,63.23406799,15.02232157
Prisioneros,11,2033,-5.486388889,36.105,74.05198942,13.65531921
Prisioneros,11,2034,-5.486388889,36.105,10.43811017,18.44635518
Prisioneros,11,2035,-5.486388889,36.105,107.4646797,13.07749329
Prisioneros,11,2036,-5.486388889,36.105,126.3832921,11.76103719
Prisioneros,11,2037,-5.486388889,36.105,14.43164597,16.22931519
Prisioneros,11,2038,-5.486388889,36.105,39.93247298,16.96585693
Prisioneros,11,2039,-5.486388889,36.105,99.65278831,11.66065674
Prisioneros,11,2040,-5.486388889,36.105,74.01070408,12.5390981
Prisioneros,11,2041,-5.486388889,36.105,29.95168695,13.16360881
Prisioneros,11,2042,-5.486388889,36.105,20.21149411,16.38213908
Prisioneros,11,2043,-5.486388889,36.105,4.988953114,18.9180776
Prisioneros,11,2044,-5.486388889,36.105,4.422747707,17.37414347
Prisioneros,11,2045,-5.486388889,36.105,13.66523954,18.17885946
Prisioneros,11,2046,-5.486388889,36.105,26.16726489,14.41564128
Prisioneros,11,2047,-5.486388889,36.105,19.73331206,16.67893372
Prisioneros,11,2048,-5.486388889,36.105,89.29841286,13.07190247
Prisioneros,11,2049,-5.486388889,36.105,50.88493345,15.29458923
Prisioneros,11,2050,-5.486388889,36.105,100.7548365,15.77719116
Prisioneros,11,2051,-5.486388889,36.105,10.0582045,18.07425842
Prisioneros,11,2052,-5.486388889,36.105,24.11150797,14.76038717
Prisioneros,11,2053,-5.486388889,36.105,6.731335175,19.53586222
Prisioneros,11,2054,-5.486388889,36.105,23.92839872,14.5087616
Prisioneros,11,2055,-5.486388889,36.105,3.189226146,16.39730326
Prisioneros,11,2056,-5.486388889,36.105,53.66383456,16.46003723
Prisioneros,11,2057,-5.486388889,36.105,51.73260921,14.23539124
Prisioneros,11,2058,-5.486388889,36.105,56.58804603,16.2322937
Prisioneros,11,2059,-5.486388889,36.105,14.66628204,16.69356893
Prisioneros,11,2060,-5.486388889,36.105,40.92032828,16.57963562
Prisioneros,11,2061,-5.486388889,36.105,15.477388,15.41601054
Prisioneros,11,2062,-5.486388889,36.105,69.56790841,14.33757019
Prisioneros,11,2063,-5.486388889,36.105,13.36822531,19.70966797
Prisioneros,11,2064,-5.486388889,36.105,24.37944403,20.04821472
Prisioneros,11,2065,-5.486388889,36.105,8.402127791,22.28623352
Prisioneros,11,2066,-5.486388889,36.105,46.0381075,17.57236328
Prisioneros,11,2067,-5.486388889,36.105,69.05093343,17.2719401
Prisioneros,11,2068,-5.486388889,36.105,23.03060327,17.74725952
Prisioneros,11,2069,-5.486388889,36.105,20.62524281,16.2659963
Prisioneros,11,2070,-5.486388889,36.105,34.77255267,16.5188741
Prisioneros,11,2071,-5.486388889,36.105,113.7402603,14.97013245
Prisioneros,11,2072,-5.486388889,36.105,5.236683043,19.18054708
Prisioneros,11,2073,-5.486388889,36.105,17.47997395,18.66700643
Prisioneros,11,2074,-5.486388889,36.105,92.84937958,17.38985494
Prisioneros,11,2075,-5.486388889,36.105,40.3302832,18.41492716
Prisioneros,11,2076,-5.486388889,36.105,50.36627683,14.65525818
Prisioneros,11,2077,-5.486388889,36.105,38.15942154,17.86218465
Prisioneros,11,2078,-5.486388889,36.105,76.49314641,15.48374736
Prisioneros,11,2079,-5.486388889,36.105,201.5120784,15.22213643
Prisioneros,11,2080,-5.486388889,36.105,11.01991823,20.62233582
Prisioneros,11,2081,-5.486388889,36.105,3.620691006,20.21032206
Prisioneros,11,2082,-5.486388889,36.105,9.477477465,19.00385234
Prisioneros,11,2083,-5.486388889,36.105,12.36584786,17.90292358
Prisioneros,11,2084,-5.486388889,36.105,2.133363293,19.22346293
Prisioneros,11,2085,-5.486388889,36.105,55.34634899,18.03472392
Prisioneros,11,2086,-5.486388889,36.105,19.16679264,16.96880391
Prisioneros,11,2087,-5.486388889,36.105,4.666991742,19.796934
Prisioneros,11,2088,-5.486388889,36.105,24.82491383,19.60653178
Prisioneros,11,2089,-5.486388889,36.105,28.01506739,20.23710938
Prisioneros,11,2090,-5.486388889,36.105,20.5429207,19.43281352
Prisioneros,11,2091,-5.486388889,36.105,58.18668672,18.17399292
Prisioneros,11,2092,-5.486388889,36.105,26.51763047,20.69608154
Prisioneros,11,2093,-5.486388889,36.105,20.38684935,19.67825317
Prisioneros,11,2094,-5.486388889,36.105,58.54777738,16.8765035
Prisioneros,11,2095,-5.486388889,36.105,3.23679085,21.50919189
Prisioneros,11,2096,-5.486388889,36.105,11.75700732,15.93886108
Prisioneros,11,2097,-5.486388889,36.105,66.67038696,17.92743429
Prisioneros,11,2098,-5.486388889,36.105,25.60401463,17.95900981
Prisioneros,11,2099,-5.486388889,36.105,16.25759672,19.96364543
Prisioneros,11,2100,-5.486388889,36.105,27.92409133,18.23920085
Prisioneros,12,2015,-5.486388889,36.105,6.128784906,13.43408407
Prisioneros,12,2016,-5.486388889,36.105,4.971569989,15.87442248
Prisioneros,12,2017,-5.486388889,36.105,38.07204934,12.29226278
Prisioneros,12,2018,-5.486388889,36.105,36.83788875,14.52881673
Prisioneros,12,2019,-5.486388889,36.105,4.814012879,12.06860657
Prisioneros,12,2020,-5.486388889,36.105,35.45224412,10.29891463
Prisioneros,12,2021,-5.486388889,36.105,16.10456286,11.81872457
Prisioneros,12,2022,-5.486388889,36.105,36.78543335,12.09379171
Prisioneros,12,2023,-5.486388889,36.105,12.14495072,13.21639404
Prisioneros,12,2024,-5.486388889,36.105,22.19440263,14.24582351
Prisioneros,12,2025,-5.486388889,36.105,45.58015965,11.04454854
Prisioneros,12,2026,-5.486388889,36.105,19.11412995,13.83071899
Prisioneros,12,2027,-5.486388889,36.105,35.88032101,12.85800578
Prisioneros,12,2028,-5.486388889,36.105,22.74376955,12.49347997
Prisioneros,12,2029,-5.486388889,36.105,52.86110689,10.02803955
Prisioneros,12,2030,-5.486388889,36.105,29.90675211,13.24976501
Prisioneros,12,2031,-5.486388889,36.105,45.6760458,9.150120036
Prisioneros,12,2032,-5.486388889,36.105,10.55466802,14.38765343
Prisioneros,12,2033,-5.486388889,36.105,38.95794092,12.02030029
Prisioneros,12,2034,-5.486388889,36.105,7.995759835,13.67126567
Prisioneros,12,2035,-5.486388889,36.105,13.95091154,11.90982564
Prisioneros,12,2036,-5.486388889,36.105,3.823895441,13.17870483
Prisioneros,12,2037,-5.486388889,36.105,26.62763275,12.86779989
Prisioneros,12,2038,-5.486388889,36.105,5.67631782,13.89313965
Prisioneros,12,2039,-5.486388889,36.105,7.462860757,11.59067891
Prisioneros,12,2040,-5.486388889,36.105,28.29987866,11.25072527
Prisioneros,12,2041,-5.486388889,36.105,3.6987211,14.69722799
Prisioneros,12,2042,-5.486388889,36.105,8.31448768,13.2473053
Prisioneros,12,2043,-5.486388889,36.105,9.925176483,14.03182576
Prisioneros,12,2044,-5.486388889,36.105,22.02916062,13.45995168
Prisioneros,12,2045,-5.486388889,36.105,8.71061031,15.4379364
Prisioneros,12,2046,-5.486388889,36.105,12.36059322,11.84570414
Prisioneros,12,2047,-5.486388889,36.105,4.93888171,15.81803691
Prisioneros,12,2048,-5.486388889,36.105,70.31212982,9.987470114
Prisioneros,12,2049,-5.486388889,36.105,22.9735907,11.2826182
Prisioneros,12,2050,-5.486388889,36.105,58.78968235,13.58290202
Prisioneros,12,2051,-5.486388889,36.105,29.39882506,12.97073263
Prisioneros,12,2052,-5.486388889,36.105,68.47626138,9.762600813
Prisioneros,12,2053,-5.486388889,36.105,35.17115506,12.17872925
Prisioneros,12,2054,-5.486388889,36.105,5.33137888,16.70165812
Prisioneros,12,2055,-5.486388889,36.105,8.311787437,14.95313009
Prisioneros,12,2056,-5.486388889,36.105,10.19369458,15.96810513
Prisioneros,12,2057,-5.486388889,36.105,23.52465738,13.49970703
Prisioneros,12,2058,-5.486388889,36.105,10.09592493,15.62369588
Prisioneros,12,2059,-5.486388889,36.105,26.56224611,14.12011515
Prisioneros,12,2060,-5.486388889,36.105,48.23226284,14.48059945
Prisioneros,12,2061,-5.486388889,36.105,26.07550337,13.12870382
Prisioneros,12,2062,-5.486388889,36.105,9.930844904,13.74590556
Prisioneros,12,2063,-5.486388889,36.105,14.92235543,16.01062927
Prisioneros,12,2064,-5.486388889,36.105,21.39641146,16.33248186
Prisioneros,12,2065,-5.486388889,36.105,3.546405818,18.29858704
Prisioneros,12,2066,-5.486388889,36.105,26.68104217,13.1513265
Prisioneros,12,2067,-5.486388889,36.105,7.556664754,15.59015808
Prisioneros,12,2068,-5.486388889,36.105,10.30178501,16.03307074
Prisioneros,12,2069,-5.486388889,36.105,9.822996386,15.50342102
Prisioneros,12,2070,-5.486388889,36.105,12.77268215,15.75173645
Prisioneros,12,2071,-5.486388889,36.105,32.56907534,13.82334086
Prisioneros,12,2072,-5.486388889,36.105,5.591551773,16.92798714
Prisioneros,12,2073,-5.486388889,36.105,10.96149878,14.94423523
Prisioneros,12,2074,-5.486388889,36.105,12.31113742,12.24356486
Prisioneros,12,2075,-5.486388889,36.105,7.489915198,15.49818624
Prisioneros,12,2076,-5.486388889,36.105,6.527394029,15.82555121
Prisioneros,12,2077,-5.486388889,36.105,83.70766852,10.82912801
Prisioneros,12,2078,-5.486388889,36.105,20.92947296,14.69539897
Prisioneros,12,2079,-5.486388889,36.105,36.69669499,11.36711731
Prisioneros,12,2080,-5.486388889,36.105,6.196123094,16.57609737
Prisioneros,12,2081,-5.486388889,36.105,6.808737067,16.47867025
Prisioneros,12,2082,-5.486388889,36.105,3.215897454,17.10918376
Prisioneros,12,2083,-5.486388889,36.105,13.78182433,15.27280986
Prisioneros,12,2084,-5.486388889,36.105,12.13092851,15.15858217
Prisioneros,12,2085,-5.486388889,36.105,14.5304417,14.70055847
Prisioneros,12,2086,-5.486388889,36.105,5.515630696,15.01387533
Prisioneros,12,2087,-5.486388889,36.105,25.8326019,15.91941223
Prisioneros,12,2088,-5.486388889,36.105,56.99867826,12.81648223
Prisioneros,12,2089,-5.486388889,36.105,30.17700499,15.23216451
Prisioneros,12,2090,-5.486388889,36.105,7.297425484,15.44420675
Prisioneros,12,2091,-5.486388889,36.105,22.773178,15.07127787
Prisioneros,12,2092,-5.486388889,36.105,14.19240448,16.20004399
Prisioneros,12,2093,-5.486388889,36.105,37.71546711,13.00346476
Prisioneros,12,2094,-5.486388889,36.105,5.283437468,17.36382243
Prisioneros,12,2095,-5.486388889,36.105,16.70439891,16.72524516
Prisioneros,12,2096,-5.486388889,36.105,8.181626075,16.5339789
Prisioneros,12,2097,-5.486388889,36.105,4.829328228,16.98823751
Prisioneros,12,2098,-5.486388889,36.105,14.33135212,15.9709137
Prisioneros,12,2099,-5.486388889,36.105,4.781744722,17.60842489
Prisioneros,12,2100,-5.486388889,36.105,14.13447537,16.58445638
Prisioneros,2,2015,-5.486388889,36.105,14.56981047,14.57076089
Prisioneros,2,2016,-5.486388889,36.105,37.83862141,12.70104265
Prisioneros,2,2017,-5.486388889,36.105,5.065305385,16.96685181
Prisioneros,2,2018,-5.486388889,36.105,31.66268381,13.82570147
Prisioneros,2,2019,-5.486388889,36.105,185.0127493,10.61895905
Prisioneros,2,2020,-5.486388889,36.105,8.594463899,13.2490268
Prisioneros,2,2021,-5.486388889,36.105,26.76689377,11.72285505
Prisioneros,2,2022,-5.486388889,36.105,45.50975715,11.04568089
Prisioneros,2,2023,-5.486388889,36.105,101.0356151,11.79682966
Prisioneros,2,2024,-5.486388889,36.105,4.573946058,17.44195157
Prisioneros,2,2025,-5.486388889,36.105,6.535795112,13.18206395
Prisioneros,2,2026,-5.486388889,36.105,11.66783703,14.16746129
Prisioneros,2,2027,-5.486388889,36.105,33.73916766,13.05458439
Prisioneros,2,2028,-5.486388889,36.105,3.982498601,19.15207351
Prisioneros,2,2029,-5.486388889,36.105,109.3393032,13.75003749
Prisioneros,2,2030,-5.486388889,36.105,52.7497214,13.15426897
Prisioneros,2,2031,-5.486388889,36.105,36.98701311,13.16404005
Prisioneros,2,2032,-5.486388889,36.105,83.47499147,13.18983428
Prisioneros,2,2033,-5.486388889,36.105,6.211673097,16.20361481
Prisioneros,2,2034,-5.486388889,36.105,39.86085528,13.31590642
Prisioneros,2,2035,-5.486388889,36.105,3.017092834,17.10372641
Prisioneros,2,2036,-5.486388889,36.105,41.31163342,16.41458782
Prisioneros,2,2037,-5.486388889,36.105,63.69505206,11.75916116
Prisioneros,2,2038,-5.486388889,36.105,44.2500466,11.89224505
Prisioneros,2,2039,-5.486388889,36.105,7.519027343,17.91934902
Prisioneros,2,2040,-5.486388889,36.105,21.37125845,11.88285901
Prisioneros,2,2041,-5.486388889,36.105,12.20232961,16.15583082
Prisioneros,2,2042,-5.486388889,36.105,5.193737142,18.10212097
Prisioneros,2,2043,-5.486388889,36.105,38.03176293,13.80122855
Prisioneros,2,2044,-5.486388889,36.105,13.87306832,15.29949341
Prisioneros,2,2045,-5.486388889,36.105,73.69899398,13.38610774
Prisioneros,2,2046,-5.486388889,36.105,31.11692021,11.72497711
Prisioneros,2,2047,-5.486388889,36.105,18.46390275,15.56415274
Prisioneros,2,2048,-5.486388889,36.105,33.60406368,15.53599306
Prisioneros,2,2049,-5.486388889,36.105,3.420293785,17.92996041
Prisioneros,2,2050,-5.486388889,36.105,31.51459089,13.42756805
Prisioneros,2,2051,-5.486388889,36.105,47.36270387,12.67746342
Prisioneros,2,2052,-5.486388889,36.105,38.31291386,15.05512338
Prisioneros,2,2053,-5.486388889,36.105,27.64035552,15.44180886
Prisioneros,2,2054,-5.486388889,36.105,1.238324914,14.69081704
Prisioneros,2,2055,-5.486388889,36.105,41.02320512,15.19086282
Prisioneros,2,2056,-5.486388889,36.105,14.1349381,14.00679721
Prisioneros,2,2057,-5.486388889,36.105,29.75616039,14.67676915
Prisioneros,2,2058,-5.486388889,36.105,15.19345171,13.9183136
Prisioneros,2,2059,-5.486388889,36.105,1.773494946,19.94941973
Prisioneros,2,2060,-5.486388889,36.105,10.7399819,16.91478566
Prisioneros,2,2061,-5.486388889,36.105,2.22988375,16.40461557
Prisioneros,2,2062,-5.486388889,36.105,17.77798842,13.72879617
Prisioneros,2,2063,-5.486388889,36.105,26.2782244,14.64788644
Prisioneros,2,2064,-5.486388889,36.105,6.393649779,18.60786617
Prisioneros,2,2065,-5.486388889,36.105,10.11374081,19.35372641
Prisioneros,2,2066,-5.486388889,36.105,2.66746678,17.36077053
Prisioneros,2,2067,-5.486388889,36.105,3.723698201,18.18328901
Prisioneros,2,2068,-5.486388889,36.105,34.51148897,16.02246957
Prisioneros,2,2069,-5.486388889,36.105,42.36405428,13.17243783
Prisioneros,2,2070,-5.486388889,36.105,23.10114166,16.22956129
Prisioneros,2,2071,-5.486388889,36.105,7.683422874,15.88303419
Prisioneros,2,2072,-5.486388889,36.105,81.36074656,12.4333635
Prisioneros,2,2073,-5.486388889,36.105,31.05660162,15.20925293
Prisioneros,2,2074,-5.486388889,36.105,63.72351679,11.94283338
Prisioneros,2,2075,-5.486388889,36.105,5.077408782,18.657821
Prisioneros,2,2076,-5.486388889,36.105,2.727674548,18.3310128
Prisioneros,2,2077,-5.486388889,36.105,3.564193828,17.12507891
Prisioneros,2,2078,-5.486388889,36.105,34.2132874,15.78180302
Prisioneros,2,2079,-5.486388889,36.105,11.22785919,15.08473794
Prisioneros,2,2080,-5.486388889,36.105,41.86569636,15.01837179
Prisioneros,2,2081,-5.486388889,36.105,3.036246829,18.63596606
Prisioneros,2,2082,-5.486388889,36.105,27.19194534,15.07352055
Prisioneros,2,2083,-5.486388889,36.105,13.24667414,17.34159895
Prisioneros,2,2084,-5.486388889,36.105,9.546791149,15.69919686
Prisioneros,2,2085,-5.486388889,36.105,23.00298136,14.00052468
Prisioneros,2,2086,-5.486388889,36.105,1.590117889,16.89910278
Prisioneros,2,2087,-5.486388889,36.105,77.81132366,14.90994524
Prisioneros,2,2088,-5.486388889,36.105,2.430025805,21.47169989
Prisioneros,2,2089,-5.486388889,36.105,11.60954042,17.26743251
Prisioneros,2,2090,-5.486388889,36.105,33.36357444,15.75245492
Prisioneros,2,2091,-5.486388889,36.105,34.05711415,17.56029445
Prisioneros,2,2092,-5.486388889,36.105,12.91448622,17.41041744
Prisioneros,2,2093,-5.486388889,36.105,10.77370415,19.69385463
Prisioneros,2,2094,-5.486388889,36.105,23.53838052,16.55590428
Prisioneros,2,2095,-5.486388889,36.105,73.78635141,16.44030805
Prisioneros,2,2096,-5.486388889,36.105,35.01943861,18.72443595
Prisioneros,2,2097,-5.486388889,36.105,22.32224953,17.31812112
Prisioneros,2,2098,-5.486388889,36.105,5.351397064,16.21436789
Prisioneros,2,2099,-5.486388889,36.105,71.71365464,15.17683454
Prisioneros,2,2100,-5.486388889,36.105,65.26522506,16.59628448
Prisioneros,3,2015,-5.486388889,36.105,26.45870958,17.18081744
Prisioneros,3,2016,-5.486388889,36.105,19.43215064,15.7408337
Prisioneros,3,2017,-5.486388889,36.105,105.5384878,16.24716856
Prisioneros,3,2018,-5.486388889,36.105,7.535120798,19.12004611
Prisioneros,3,2019,-5.486388889,36.105,168.0597814,9.664931562
Prisioneros,3,2020,-5.486388889,36.105,23.4351824,19.67917835
Prisioneros,3,2021,-5.486388889,36.105,15.21045902,19.6312628
Prisioneros,3,2022,-5.486388889,36.105,71.33250881,14.00098326
Prisioneros,3,2023,-5.486388889,36.105,69.5378161,15.17560976
Prisioneros,3,2024,-5.486388889,36.105,15.77438575,21.08045989
Prisioneros,3,2025,-5.486388889,36.105,146.6934402,12.40133254
Prisioneros,3,2026,-5.486388889,36.105,13.70171538,19.43623972
Prisioneros,3,2027,-5.486388889,36.105,15.76064008,17.38765574
Prisioneros,3,2028,-5.486388889,36.105,30.7844919,18.54216821
Prisioneros,3,2029,-5.486388889,36.105,48.52270679,15.60094112
Prisioneros,3,2030,-5.486388889,36.105,67.51970454,13.7736086
Prisioneros,3,2031,-5.486388889,36.105,26.11496125,18.27358005
Prisioneros,3,2032,-5.486388889,36.105,46.23059434,11.31617077
Prisioneros,3,2033,-5.486388889,36.105,38.6165762,20.04831799
Prisioneros,3,2034,-5.486388889,36.105,70.75214019,16.73075601
Prisioneros,3,2035,-5.486388889,36.105,75.38040349,14.70197301
Prisioneros,3,2036,-5.486388889,36.105,10.38677296,18.16616605
Prisioneros,3,2037,-5.486388889,36.105,54.92317319,14.91591305
Prisioneros,3,2038,-5.486388889,36.105,29.31543225,17.67774796
Prisioneros,3,2039,-5.486388889,36.105,21.73950002,17.05975617
Prisioneros,3,2040,-5.486388889,36.105,85.46420567,11.17369109
Prisioneros,3,2041,-5.486388889,36.105,73.94192973,15.06253623
Prisioneros,3,2042,-5.486388889,36.105,19.76918234,22.45503757
Prisioneros,3,2043,-5.486388889,36.105,9.013005929,23.30903557
Prisioneros,3,2044,-5.486388889,36.105,72.09224914,13.4355644
Prisioneros,3,2045,-5.486388889,36.105,34.82527783,15.32815926
Prisioneros,3,2046,-5.486388889,36.105,29.22588556,13.52948471
Prisioneros,3,2047,-5.486388889,36.105,16.57882865,19.72897615
Prisioneros,3,2048,-5.486388889,36.105,71.42658278,14.22704271
Prisioneros,3,2049,-5.486388889,36.105,3.845047498,22.51200502
Prisioneros,3,2050,-5.486388889,36.105,37.15502091,18.59372716
Prisioneros,3,2051,-5.486388889,36.105,52.52821149,16.43840549
Prisioneros,3,2052,-5.486388889,36.105,67.39301501,16.73119802
Prisioneros,3,2053,-5.486388889,36.105,108.3771368,17.42418331
Prisioneros,3,2054,-5.486388889,36.105,11.44420286,20.84882655
Prisioneros,3,2055,-5.486388889,36.105,13.50504863,21.78392157
Prisioneros,3,2056,-5.486388889,36.105,12.84990747,19.77203842
Prisioneros,3,2057,-5.486388889,36.105,5.597416947,20.82131249
Prisioneros,3,2058,-5.486388889,36.105,30.45676001,16.64809373
Prisioneros,3,2059,-5.486388889,36.105,52.8448476,15.75064559
Prisioneros,3,2060,-5.486388889,36.105,40.69250205,13.69506226
Prisioneros,3,2061,-5.486388889,36.105,58.22297291,17.51495834
Prisioneros,3,2062,-5.486388889,36.105,27.52221808,18.82247019
Prisioneros,3,2063,-5.486388889,36.105,31.12032769,17.40328861
Prisioneros,3,2064,-5.486388889,36.105,16.47364152,19.28947675
Prisioneros,3,2065,-5.486388889,36.105,35.71951917,21.82615888
Prisioneros,3,2066,-5.486388889,36.105,45.86706753,17.67965088
Prisioneros,3,2067,-5.486388889,36.105,18.51081409,18.35183795
Prisioneros,3,2068,-5.486388889,36.105,5.69116061,22.16350708
Prisioneros,3,2069,-5.486388889,36.105,8.855318825,20.63752087
Prisioneros,3,2070,-5.486388889,36.105,8.033605454,20.31485556
Prisioneros,3,2071,-5.486388889,36.105,24.83206966,20.73268354
Prisioneros,3,2072,-5.486388889,36.105,45.55816777,19.01602153
Prisioneros,3,2073,-5.486388889,36.105,62.51830533,16.42788775
Prisioneros,3,2074,-5.486388889,36.105,9.726548565,17.33389656
Prisioneros,3,2075,-5.486388889,36.105,6.195199961,21.98520961
Prisioneros,3,2076,-5.486388889,36.105,40.30512606,22.80669753
Prisioneros,3,2077,-5.486388889,36.105,17.87014649,20.22502264
Prisioneros,3,2078,-5.486388889,36.105,38.83696675,16.96218065
Prisioneros,3,2079,-5.486388889,36.105,12.57042902,24.94627607
Prisioneros,3,2080,-5.486388889,36.105,69.04058665,18.39354662
Prisioneros,3,2081,-5.486388889,36.105,38.41540191,18.00745889
Prisioneros,3,2082,-5.486388889,36.105,70.28042363,19.47767078
Prisioneros,3,2083,-5.486388889,36.105,28.30544857,21.67705098
Prisioneros,3,2084,-5.486388889,36.105,4.927090843,20.28949939
Prisioneros,3,2085,-5.486388889,36.105,20.48469606,20.81546001
Prisioneros,3,2086,-5.486388889,36.105,21.81826285,23.67495216
Prisioneros,3,2087,-5.486388889,36.105,93.96793793,18.30102618
Prisioneros,3,2088,-5.486388889,36.105,39.73119022,21.05697218
Prisioneros,3,2089,-5.486388889,36.105,91.21321279,17.27991786
Prisioneros,3,2090,-5.486388889,36.105,4.370328119,23.084691
Prisioneros,3,2091,-5.486388889,36.105,14.3436489,17.64252969
Prisioneros,3,2092,-5.486388889,36.105,44.41100748,17.64765566
Prisioneros,3,2093,-5.486388889,36.105,21.41733317,21.88523205
Prisioneros,3,2094,-5.486388889,36.105,27.80416139,18.74489845
Prisioneros,3,2095,-5.486388889,36.105,65.817161,18.22612817
Prisioneros,3,2096,-5.486388889,36.105,74.42455975,16.97678971
Prisioneros,3,2097,-5.486388889,36.105,2.791301916,23.27640538
Prisioneros,3,2098,-5.486388889,36.105,118.6460272,17.52108647
Prisioneros,3,2099,-5.486388889,36.105,23.95924836,18.0075278
Prisioneros,3,2100,-5.486388889,36.105,56.03438192,15.37172458
Prisioneros,4,2015,-5.486388889,36.105,87.86248798,19.57067362
Prisioneros,4,2016,-5.486388889,36.105,35.79372671,22.69273275
Prisioneros,4,2017,-5.486388889,36.105,57.44957881,17.03928324
Prisioneros,4,2018,-5.486388889,36.105,116.2329407,15.29573669
Prisioneros,4,2019,-5.486388889,36.105,32.65841101,21.55523071
Prisioneros,4,2020,-5.486388889,36.105,67.45486354,18.47242839
Prisioneros,4,2021,-5.486388889,36.105,18.54044087,22.83532003
Prisioneros,4,2022,-5.486388889,36.105,82.88314428,18.75323385
Prisioneros,4,2023,-5.486388889,36.105,146.8125136,18.43040365
Prisioneros,4,2024,-5.486388889,36.105,88.62293252,19.52241516
Prisioneros,4,2025,-5.486388889,36.105,13.78797552,19.15357768
Prisioneros,4,2026,-5.486388889,36.105,43.43252509,20.88469747
Prisioneros,4,2027,-5.486388889,36.105,82.54021006,18.10240479
Prisioneros,4,2028,-5.486388889,36.105,20.22154302,24.53240763
Prisioneros,4,2029,-5.486388889,36.105,22.24775606,19.30502828
Prisioneros,4,2030,-5.486388889,36.105,64.52871006,17.10439657
Prisioneros,4,2031,-5.486388889,36.105,24.26239004,21.84936218
Prisioneros,4,2032,-5.486388889,36.105,138.2182586,14.94075724
Prisioneros,4,2033,-5.486388889,36.105,99.22584133,22.43808289
Prisioneros,4,2034,-5.486388889,36.105,81.70727469,18.81167908
Prisioneros,4,2035,-5.486388889,36.105,36.99571673,18.95671488
Prisioneros,4,2036,-5.486388889,36.105,37.83937474,19.47100932
Prisioneros,4,2037,-5.486388889,36.105,26.32546598,22.57909953
Prisioneros,4,2038,-5.486388889,36.105,147.8563954,18.43634338
Prisioneros,4,2039,-5.486388889,36.105,45.27259524,20.05516561
Prisioneros,4,2040,-5.486388889,36.105,9.039623157,23.76280009
Prisioneros,4,2041,-5.486388889,36.105,22.86326513,21.83891703
Prisioneros,4,2042,-5.486388889,36.105,33.94099231,23.18892008
Prisioneros,4,2043,-5.486388889,36.105,68.25509976,20.97629089
Prisioneros,4,2044,-5.486388889,36.105,57.16349507,20.90174561
Prisioneros,4,2045,-5.486388889,36.105,68.51471261,20.91806539
Prisioneros,4,2046,-5.486388889,36.105,48.68266468,20.55599772
Prisioneros,4,2047,-5.486388889,36.105,89.76571564,20.65195414
Prisioneros,4,2048,-5.486388889,36.105,32.67431126,20.17188924
Prisioneros,4,2049,-5.486388889,36.105,46.36887444,21.48042806
Prisioneros,4,2050,-5.486388889,36.105,33.19186743,20.6683075
Prisioneros,4,2051,-5.486388889,36.105,73.62048062,21.68225911
Prisioneros,4,2052,-5.486388889,36.105,60.74403183,22.77076721
Prisioneros,4,2053,-5.486388889,36.105,39.06968157,20.5127655
Prisioneros,4,2054,-5.486388889,36.105,53.49471236,19.25634664
Prisioneros,4,2055,-5.486388889,36.105,12.10157535,22.74573873
Prisioneros,4,2056,-5.486388889,36.105,26.57969131,21.82719218
Prisioneros,4,2057,-5.486388889,36.105,35.13334241,22.13349813
Prisioneros,4,2058,-5.486388889,36.105,50.59102623,23.98185221
Prisioneros,4,2059,-5.486388889,36.105,54.59427416,19.80013123
Prisioneros,4,2060,-5.486388889,36.105,33.47332407,21.47748515
Prisioneros,4,2061,-5.486388889,36.105,136.0967294,18.39075216
Prisioneros,4,2062,-5.486388889,36.105,30.01956779,21.12775269
Prisioneros,4,2063,-5.486388889,36.105,64.88538922,23.11969096
Prisioneros,4,2064,-5.486388889,36.105,77.5519317,17.18729451
Prisioneros,4,2065,-5.486388889,36.105,27.688848,20.90126444
Prisioneros,4,2066,-5.486388889,36.105,68.05680791,17.25269674
Prisioneros,4,2067,-5.486388889,36.105,42.31006066,19.97169902
Prisioneros,4,2068,-5.486388889,36.105,71.89572297,22.9223348
Prisioneros,4,2069,-5.486388889,36.105,36.79719789,21.75903219
Prisioneros,4,2070,-5.486388889,36.105,40.80958627,19.42858785
Prisioneros,4,2071,-5.486388889,36.105,13.18293547,24.55962931
Prisioneros,4,2072,-5.486388889,36.105,89.99401272,19.79191589
Prisioneros,4,2073,-5.486388889,36.105,16.14808347,21.0318339
Prisioneros,4,2074,-5.486388889,36.105,44.51140806,22.12667948
Prisioneros,4,2075,-5.486388889,36.105,28.88782768,23.24069926
Prisioneros,4,2076,-5.486388889,36.105,21.25901373,27.31565348
Prisioneros,4,2077,-5.486388889,36.105,51.924381,22.47716064
Prisioneros,4,2078,-5.486388889,36.105,49.24093729,18.44144389
Prisioneros,4,2079,-5.486388889,36.105,14.72400152,24.79536947
Prisioneros,4,2080,-5.486388889,36.105,39.60308983,25.24144897
Prisioneros,4,2081,-5.486388889,36.105,23.26408011,26.90972392
Prisioneros,4,2082,-5.486388889,36.105,49.25815387,20.59119568
Prisioneros,4,2083,-5.486388889,36.105,56.75471463,22.762087
Prisioneros,4,2084,-5.486388889,36.105,68.93207786,20.69569092
Prisioneros,4,2085,-5.486388889,36.105,14.43230611,27.62428792
Prisioneros,4,2086,-5.486388889,36.105,30.60147192,21.01143087
Prisioneros,4,2087,-5.486388889,36.105,37.9137732,20.03645732
Prisioneros,4,2088,-5.486388889,36.105,42.6447561,22.78858846
Prisioneros,4,2089,-5.486388889,36.105,53.2581244,24.99601135
Prisioneros,4,2090,-5.486388889,36.105,56.5441794,24.48395487
Prisioneros,4,2091,-5.486388889,36.105,74.37811879,15.99112447
Prisioneros,4,2092,-5.486388889,36.105,52.26855493,22.24474589
Prisioneros,4,2093,-5.486388889,36.105,43.73127126,21.67102458
Prisioneros,4,2094,-5.486388889,36.105,85.59098994,21.60351563
Prisioneros,4,2095,-5.486388889,36.105,62.6663415,22.5458964
Prisioneros,4,2096,-5.486388889,36.105,57.27413443,22.68220317
Prisioneros,4,2097,-5.486388889,36.105,21.86820321,26.37398885
Prisioneros,4,2098,-5.486388889,36.105,7.246157066,23.53695475
Prisioneros,4,2099,-5.486388889,36.105,19.92059818,26.52759298
Prisioneros,4,2100,-5.486388889,36.105,57.6123769,22.36635437
Prisioneros,5,2015,-5.486388889,36.105,58.50697235,21.60629548
Prisioneros,5,2016,-5.486388889,36.105,138.3513079,19.77156982
Prisioneros,5,2017,-5.486388889,36.105,27.5489445,25.47255072
Prisioneros,5,2018,-5.486388889,36.105,88.62303758,21.26040433
Prisioneros,5,2019,-5.486388889,36.105,36.26992025,22.27579306
Prisioneros,5,2020,-5.486388889,36.105,71.88665975,20.58899989
Prisioneros,5,2021,-5.486388889,36.105,42.35509003,23.43939878
Prisioneros,5,2022,-5.486388889,36.105,211.8972068,17.80828838
Prisioneros,5,2023,-5.486388889,36.105,117.6029296,21.98580322
Prisioneros,5,2024,-5.486388889,36.105,61.38524168,24.72121779
Prisioneros,5,2025,-5.486388889,36.105,35.52987472,22.07111167
Prisioneros,5,2026,-5.486388889,36.105,166.5812364,19.24651981
Prisioneros,5,2027,-5.486388889,36.105,69.46527846,21.37927226
Prisioneros,5,2028,-5.486388889,36.105,152.8606314,21.55990679
Prisioneros,5,2029,-5.486388889,36.105,43.53405474,19.47316402
Prisioneros,5,2030,-5.486388889,36.105,24.01178251,26.27144874
Prisioneros,5,2031,-5.486388889,36.105,123.5393762,20.48302219
Prisioneros,5,2032,-5.486388889,36.105,24.25704659,22.06738163
Prisioneros,5,2033,-5.486388889,36.105,45.24487711,20.57099649
Prisioneros,5,2034,-5.486388889,36.105,182.3882357,18.32079172
Prisioneros,5,2035,-5.486388889,36.105,69.1253913,23.58211473
Prisioneros,5,2036,-5.486388889,36.105,18.87312645,23.11432456
Prisioneros,5,2037,-5.486388889,36.105,100.6629358,21.16413417
Prisioneros,5,2038,-5.486388889,36.105,87.05578845,16.34321033
Prisioneros,5,2039,-5.486388889,36.105,71.07853764,24.63311256
Prisioneros,5,2040,-5.486388889,36.105,38.08209067,22.07991254
Prisioneros,5,2041,-5.486388889,36.105,154.1057515,18.23390129
Prisioneros,5,2042,-5.486388889,36.105,188.6427189,21.97253989
Prisioneros,5,2043,-5.486388889,36.105,150.8958159,21.68403557
Prisioneros,5,2044,-5.486388889,36.105,67.46099196,22.73804676
Prisioneros,5,2045,-5.486388889,36.105,150.748228,23.64582559
Prisioneros,5,2046,-5.486388889,36.105,39.82846048,21.70578869
Prisioneros,5,2047,-5.486388889,36.105,86.18165064,22.50242152
Prisioneros,5,2048,-5.486388889,36.105,323.682587,19.73470065
Prisioneros,5,2049,-5.486388889,36.105,86.35707887,24.33043134
Prisioneros,5,2050,-5.486388889,36.105,43.46663676,25.44300084
Prisioneros,5,2051,-5.486388889,36.105,96.07221058,22.67675466
Prisioneros,5,2052,-5.486388889,36.105,85.50285693,23.31927175
Prisioneros,5,2053,-5.486388889,36.105,29.8770029,28.68845766
Prisioneros,5,2054,-5.486388889,36.105,98.97931267,24.15765361
Prisioneros,5,2055,-5.486388889,36.105,128.1420481,23.61253682
Prisioneros,5,2056,-5.486388889,36.105,70.60894838,20.49379194
Prisioneros,5,2057,-5.486388889,36.105,91.80428197,21.68944997
Prisioneros,5,2058,-5.486388889,36.105,123.4541159,22.23545178
Prisioneros,5,2059,-5.486388889,36.105,50.15906123,26.54707957
Prisioneros,5,2060,-5.486388889,36.105,84.45015819,27.35008466
Prisioneros,5,2061,-5.486388889,36.105,81.14730518,21.64845995
Prisioneros,5,2062,-5.486388889,36.105,186.3312341,24.90653037
Prisioneros,5,2063,-5.486388889,36.105,41.47550218,22.16215643
Prisioneros,5,2064,-5.486388889,36.105,42.52060308,26.76644582
Prisioneros,5,2065,-5.486388889,36.105,43.72690116,26.64478504
Prisioneros,5,2066,-5.486388889,36.105,109.0226421,27.27146252
Prisioneros,5,2067,-5.486388889,36.105,57.87019529,23.41695655
Prisioneros,5,2068,-5.486388889,36.105,55.86815514,26.13302691
Prisioneros,5,2069,-5.486388889,36.105,81.8964277,19.87207996
Prisioneros,5,2070,-5.486388889,36.105,62.27860299,25.51956649
Prisioneros,5,2071,-5.486388889,36.105,120.3991724,25.8618861
Prisioneros,5,2072,-5.486388889,36.105,46.94324153,26.27910865
Prisioneros,5,2073,-5.486388889,36.105,44.76553507,28.7691609
Prisioneros,5,2074,-5.486388889,36.105,64.88351439,27.24511207
Prisioneros,5,2075,-5.486388889,36.105,31.6262349,25.26304754
Prisioneros,5,2076,-5.486388889,36.105,109.0523111,26.45874988
Prisioneros,5,2077,-5.486388889,36.105,50.59997549,27.11236946
Prisioneros,5,2078,-5.486388889,36.105,41.52823286,24.33674356
Prisioneros,5,2079,-5.486388889,36.105,176.6556311,23.09266101
Prisioneros,5,2080,-5.486388889,36.105,70.58164034,24.9142523
Prisioneros,5,2081,-5.486388889,36.105,31.32554634,30.16621625
Prisioneros,5,2082,-5.486388889,36.105,58.11653704,25.64277974
Prisioneros,5,2083,-5.486388889,36.105,36.89573051,28.88497314
Prisioneros,5,2084,-5.486388889,36.105,174.4798067,23.03086095
Prisioneros,5,2085,-5.486388889,36.105,58.21868415,27.05727933
Prisioneros,5,2086,-5.486388889,36.105,24.74122791,28.07571096
Prisioneros,5,2087,-5.486388889,36.105,66.48398329,22.26243326
Prisioneros,5,2088,-5.486388889,36.105,130.9211258,24.41585496
Prisioneros,5,2089,-5.486388889,36.105,149.8192829,23.63888432
Prisioneros,5,2090,-5.486388889,36.105,35.08903591,25.64143204
Prisioneros,5,2091,-5.486388889,36.105,136.180243,24.60766287
Prisioneros,5,2092,-5.486388889,36.105,209.2063419,17.81710304
Prisioneros,5,2093,-5.486388889,36.105,41.67396689,27.26116825
Prisioneros,5,2094,-5.486388889,36.105,57.97844757,22.27936657
Prisioneros,5,2095,-5.486388889,36.105,162.8841436,20.11703964
Prisioneros,5,2096,-5.486388889,36.105,99.80302305,25.663955
Prisioneros,5,2097,-5.486388889,36.105,90.0503468,24.89924553
Prisioneros,5,2098,-5.486388889,36.105,55.19391357,29.9289283
Prisioneros,5,2099,-5.486388889,36.105,62.68349494,28.27200987
Prisioneros,5,2100,-5.486388889,36.105,48.72335886,24.18601626
Prisioneros,6,2015,-5.486388889,36.105,65.02207562,27.36278076
Prisioneros,6,2016,-5.486388889,36.105,105.7720591,22.05162048
Prisioneros,6,2017,-5.486388889,36.105,52.95637463,28.18379618
Prisioneros,6,2018,-5.486388889,36.105,43.99578635,24.93464152
Prisioneros,6,2019,-5.486388889,36.105,93.37965096,27.26351827
Prisioneros,6,2020,-5.486388889,36.105,141.4502851,27.50091044
Prisioneros,6,2021,-5.486388889,36.105,81.98725118,26.01781006
Prisioneros,6,2022,-5.486388889,36.105,103.270846,20.19614563
Prisioneros,6,2023,-5.486388889,36.105,121.3787989,24.63379008
Prisioneros,6,2024,-5.486388889,36.105,89.56628884,26.50597331
Prisioneros,6,2025,-5.486388889,36.105,93.80588898,26.98196004
Prisioneros,6,2026,-5.486388889,36.105,58.83480749,27.22653605
Prisioneros,6,2027,-5.486388889,36.105,80.5848135,22.64336344
Prisioneros,6,2028,-5.486388889,36.105,54.74103249,26.56425781
Prisioneros,6,2029,-5.486388889,36.105,190.3887356,24.0565094
Prisioneros,6,2030,-5.486388889,36.105,76.5893831,26.80871684
Prisioneros,6,2031,-5.486388889,36.105,87.75875283,27.03983154
Prisioneros,6,2032,-5.486388889,36.105,112.908465,26.19483439
Prisioneros,6,2033,-5.486388889,36.105,49.4912098,27.81958313
Prisioneros,6,2034,-5.486388889,36.105,49.902306,28.17304993
Prisioneros,6,2035,-5.486388889,36.105,68.4432159,25.72252197
Prisioneros,6,2036,-5.486388889,36.105,95.37708534,28.37675781
Prisioneros,6,2037,-5.486388889,36.105,137.6256641,24.86460673
Prisioneros,6,2038,-5.486388889,36.105,50.56450606,27.8595459
Prisioneros,6,2039,-5.486388889,36.105,97.14923529,29.34813741
Prisioneros,6,2040,-5.486388889,36.105,63.84338615,29.60387573
Prisioneros,6,2041,-5.486388889,36.105,86.25601513,24.72249959
Prisioneros,6,2042,-5.486388889,36.105,43.18108,27.27174072
Prisioneros,6,2043,-5.486388889,36.105,79.0065604,28.05234578
Prisioneros,6,2044,-5.486388889,36.105,24.46292926,28.18286438
Prisioneros,6,2045,-5.486388889,36.105,113.4771025,28.19390462
Prisioneros,6,2046,-5.486388889,36.105,60.07813752,28.74308065
Prisioneros,6,2047,-5.486388889,36.105,68.20255923,28.39170125
Prisioneros,6,2048,-5.486388889,36.105,94.64614616,22.35031738
Prisioneros,6,2049,-5.486388889,36.105,103.3846409,26.76169128
Prisioneros,6,2050,-5.486388889,36.105,67.81809187,29.01478475
Prisioneros,6,2051,-5.486388889,36.105,102.0779762,27.1407959
Prisioneros,6,2052,-5.486388889,36.105,55.84193237,25.69975891
Prisioneros,6,2053,-5.486388889,36.105,273.6467403,27.82781982
Prisioneros,6,2054,-5.486388889,36.105,49.70311989,27.05073242
Prisioneros,6,2055,-5.486388889,36.105,81.23962428,25.67949015
Prisioneros,6,2056,-5.486388889,36.105,71.73594912,28.1911733
Prisioneros,6,2057,-5.486388889,36.105,62.71494995,28.4851003
Prisioneros,6,2058,-5.486388889,36.105,51.84098854,27.00781657
Prisioneros,6,2059,-5.486388889,36.105,154.4920027,28.35033061
Prisioneros,6,2060,-5.486388889,36.105,127.7266344,27.0344635
Prisioneros,6,2061,-5.486388889,36.105,39.87104474,29.68833313
Prisioneros,6,2062,-5.486388889,36.105,69.73538671,23.85950623
Prisioneros,6,2063,-5.486388889,36.105,53.83677731,29.14246521
Prisioneros,6,2064,-5.486388889,36.105,116.5859344,29.04710592
Prisioneros,6,2065,-5.486388889,36.105,51.11493377,28.57959493
Prisioneros,6,2066,-5.486388889,36.105,106.1240813,27.66340027
Prisioneros,6,2067,-5.486388889,36.105,108.498729,26.09935099
Prisioneros,6,2068,-5.486388889,36.105,205.36812,28.80492655
Prisioneros,6,2069,-5.486388889,36.105,119.0087315,26.24837138
Prisioneros,6,2070,-5.486388889,36.105,64.99962891,29.55285034
Prisioneros,6,2071,-5.486388889,36.105,59.59139343,28.58878886
Prisioneros,6,2072,-5.486388889,36.105,118.0505916,28.56635335
Prisioneros,6,2073,-5.486388889,36.105,213.5656878,28.00326233
Prisioneros,6,2074,-5.486388889,36.105,263.5225136,25.44019979
Prisioneros,6,2075,-5.486388889,36.105,128.0955849,29.34224243
Prisioneros,6,2076,-5.486388889,36.105,164.681577,28.2864329
Prisioneros,6,2077,-5.486388889,36.105,105.7536216,30.00775757
Prisioneros,6,2078,-5.486388889,36.105,87.22604917,28.55781453
Prisioneros,6,2079,-5.486388889,36.105,107.1500672,29.15690308
Prisioneros,6,2080,-5.486388889,36.105,71.20039291,28.8391805
Prisioneros,6,2081,-5.486388889,36.105,121.8464228,29.2784963
Prisioneros,6,2082,-5.486388889,36.105,83.82742524,28.88287354
Prisioneros,6,2083,-5.486388889,36.105,46.43140206,30.46647441
Prisioneros,6,2084,-5.486388889,36.105,108.7623716,27.75553894
Prisioneros,6,2085,-5.486388889,36.105,61.08409855,31.73824565
Prisioneros,6,2086,-5.486388889,36.105,120.4340199,26.52363688
Prisioneros,6,2087,-5.486388889,36.105,129.0581286,30.18581136
Prisioneros,6,2088,-5.486388889,36.105,106.1529854,26.95941772
Prisioneros,6,2089,-5.486388889,36.105,70.64678834,28.30250956
Prisioneros,6,2090,-5.486388889,36.105,135.8446835,27.33485819
Prisioneros,6,2091,-5.486388889,36.105,84.70816733,31.70746257
Prisioneros,6,2092,-5.486388889,36.105,99.13115991,28.89022522
Prisioneros,6,2093,-5.486388889,36.105,266.0208297,27.43182475
Prisioneros,6,2094,-5.486388889,36.105,64.5652692,32.04562378
Prisioneros,6,2095,-5.486388889,36.105,47.86248485,29.12627563
Prisioneros,6,2096,-5.486388889,36.105,100.3021906,29.72119751
Prisioneros,6,2097,-5.486388889,36.105,125.3675727,30.97142639
Prisioneros,6,2098,-5.486388889,36.105,186.3437394,29.10294698
Prisioneros,6,2099,-5.486388889,36.105,194.7813587,27.31389567
Prisioneros,6,2100,-5.486388889,36.105,73.06521979,32.16689758
Prisioneros,7,2015,-5.486388889,36.105,45.05125663,32.24889329
Prisioneros,7,2016,-5.486388889,36.105,122.1238722,28.84056515
Prisioneros,7,2017,-5.486388889,36.105,49.41304877,31.69620027
Prisioneros,7,2018,-5.486388889,36.105,103.535482,30.40673316
Prisioneros,7,2019,-5.486388889,36.105,55.73107892,30.89425935
Prisioneros,7,2020,-5.486388889,36.105,86.76051974,29.89248145
Prisioneros,7,2021,-5.486388889,36.105,113.4036428,31.37604823
Prisioneros,7,2022,-5.486388889,36.105,49.93437064,31.26061992
Prisioneros,7,2023,-5.486388889,36.105,109.7349308,27.69992144
Prisioneros,7,2024,-5.486388889,36.105,79.44941846,32.91988132
Prisioneros,7,2025,-5.486388889,36.105,102.2722371,31.76628044
Prisioneros,7,2026,-5.486388889,36.105,75.76580291,32.74622645
Prisioneros,7,2027,-5.486388889,36.105,52.19703916,31.82512424
Prisioneros,7,2028,-5.486388889,36.105,111.7422239,31.39293233
Prisioneros,7,2029,-5.486388889,36.105,59.79149348,29.90450439
Prisioneros,7,2030,-5.486388889,36.105,65.36251554,34.00753961
Prisioneros,7,2031,-5.486388889,36.105,116.4973814,32.28933598
Prisioneros,7,2032,-5.486388889,36.105,55.15913379,29.84560055
Prisioneros,7,2033,-5.486388889,36.105,41.07522805,31.86024603
Prisioneros,7,2034,-5.486388889,36.105,103.4365099,29.95746224
Prisioneros,7,2035,-5.486388889,36.105,147.2266471,30.48364632
Prisioneros,7,2036,-5.486388889,36.105,56.24751431,32.27286731
Prisioneros,7,2037,-5.486388889,36.105,69.34635807,31.55461544
Prisioneros,7,2038,-5.486388889,36.105,51.72497496,32.76675297
Prisioneros,7,2039,-5.486388889,36.105,73.2819168,33.41194675
Prisioneros,7,2040,-5.486388889,36.105,120.0973992,29.32339852
Prisioneros,7,2041,-5.486388889,36.105,58.49894244,30.62692044
Prisioneros,7,2042,-5.486388889,36.105,46.2241658,33.4123543
Prisioneros,7,2043,-5.486388889,36.105,89.82254262,33.13799537
Prisioneros,7,2044,-5.486388889,36.105,50.79247153,31.83885026
Prisioneros,7,2045,-5.486388889,36.105,75.24543398,32.27850125
Prisioneros,7,2046,-5.486388889,36.105,45.6709581,31.77167713
Prisioneros,7,2047,-5.486388889,36.105,64.86022873,32.52726775
Prisioneros,7,2048,-5.486388889,36.105,38.81596466,30.95882667
Prisioneros,7,2049,-5.486388889,36.105,130.7178477,30.89594175
Prisioneros,7,2050,-5.486388889,36.105,91.11240421,31.30678514
Prisioneros,7,2051,-5.486388889,36.105,87.38170513,32.79405636
Prisioneros,7,2052,-5.486388889,36.105,58.1318449,33.53016594
Prisioneros,7,2053,-5.486388889,36.105,106.9058542,29.75373082
Prisioneros,7,2054,-5.486388889,36.105,96.24947358,33.35820037
Prisioneros,7,2055,-5.486388889,36.105,37.32546073,32.67414492
Prisioneros,7,2056,-5.486388889,36.105,63.73396168,33.57778616
Prisioneros,7,2057,-5.486388889,36.105,50.34589323,33.63474574
Prisioneros,7,2058,-5.486388889,36.105,50.51577399,34.03094955
Prisioneros,7,2059,-5.486388889,36.105,56.53100131,32.87664283
Prisioneros,7,2060,-5.486388889,36.105,68.41922771,32.83615191
Prisioneros,7,2061,-5.486388889,36.105,74.86542071,33.37883222
Prisioneros,7,2062,-5.486388889,36.105,88.28173686,32.45699857
Prisioneros,7,2063,-5.486388889,36.105,87.00836107,34.3799279
Prisioneros,7,2064,-5.486388889,36.105,83.99385291,34.67037944
Prisioneros,7,2065,-5.486388889,36.105,127.4310797,32.39025859
Prisioneros,7,2066,-5.486388889,36.105,48.86908607,33.12091537
Prisioneros,7,2067,-5.486388889,36.105,89.00362207,32.22923899
Prisioneros,7,2068,-5.486388889,36.105,49.54871564,34.00135833
Prisioneros,7,2069,-5.486388889,36.105,64.76144322,33.60570679
Prisioneros,7,2070,-5.486388889,36.105,67.23807051,33.08290917
Prisioneros,7,2071,-5.486388889,36.105,70.24851451,34.21290126
Prisioneros,7,2072,-5.486388889,36.105,48.5166911,33.75860281
Prisioneros,7,2073,-5.486388889,36.105,76.86792744,33.87937858
Prisioneros,7,2074,-5.486388889,36.105,61.29141393,31.50432838
Prisioneros,7,2075,-5.486388889,36.105,89.54732181,32.4493613
Prisioneros,7,2076,-5.486388889,36.105,35.3418931,34.74258502
Prisioneros,7,2077,-5.486388889,36.105,48.01197496,35.22108883
Prisioneros,7,2078,-5.486388889,36.105,93.60284125,33.62515042
Prisioneros,7,2079,-5.486388889,36.105,74.0447155,34.70167473
Prisioneros,7,2080,-5.486388889,36.105,81.44629253,34.29445407
Prisioneros,7,2081,-5.486388889,36.105,62.38942104,33.54752945
Prisioneros,7,2082,-5.486388889,36.105,79.0525583,32.49800533
Prisioneros,7,2083,-5.486388889,36.105,57.43091232,35.10670993
Prisioneros,7,2084,-5.486388889,36.105,100.8402605,33.04505458
Prisioneros,7,2085,-5.486388889,36.105,65.89528028,36.16141909
Prisioneros,7,2086,-5.486388889,36.105,79.0368894,34.40197242
Prisioneros,7,2087,-5.486388889,36.105,39.43693824,33.91791835
Prisioneros,7,2088,-5.486388889,36.105,96.65361648,31.31712765
Prisioneros,7,2089,-5.486388889,36.105,62.0676125,35.91138069
Prisioneros,7,2090,-5.486388889,36.105,95.90241479,34.4616018
Prisioneros,7,2091,-5.486388889,36.105,25.60456151,36.44315442
Prisioneros,7,2092,-5.486388889,36.105,103.3447833,33.41029683
Prisioneros,7,2093,-5.486388889,36.105,136.9004218,31.233983
Prisioneros,7,2094,-5.486388889,36.105,60.79304474,36.96313358
Prisioneros,7,2095,-5.486388889,36.105,79.2626778,33.7483804
Prisioneros,7,2096,-5.486388889,36.105,69.09825179,35.80905033
Prisioneros,7,2097,-5.486388889,36.105,100.525059,33.58147091
Prisioneros,7,2098,-5.486388889,36.105,127.496706,30.93401686
Prisioneros,7,2099,-5.486388889,36.105,77.1847597,35.79147418
Prisioneros,7,2100,-5.486388889,36.105,88.08131381,35.38181901
Prisioneros,8,2015,-5.486388889,36.105,41.83775883,30.42531935
Prisioneros,8,2016,-5.486388889,36.105,43.15745927,30.04665429
Prisioneros,8,2017,-5.486388889,36.105,32.5334791,31.87476452
Prisioneros,8,2018,-5.486388889,36.105,67.08083916,31.69016468
Prisioneros,8,2019,-5.486388889,36.105,67.31387255,30.3365447
Prisioneros,8,2020,-5.486388889,36.105,41.67990327,31.60875658
Prisioneros,8,2021,-5.486388889,36.105,54.85988321,30.75645673
Prisioneros,8,2022,-5.486388889,36.105,50.93612633,30.93096313
Prisioneros,8,2023,-5.486388889,36.105,60.06139751,30.35454909
Prisioneros,8,2024,-5.486388889,36.105,47.5099074,33.12743235
Prisioneros,8,2025,-5.486388889,36.105,88.67588941,30.3895813
Prisioneros,8,2026,-5.486388889,36.105,38.85043337,32.6278153
Prisioneros,8,2027,-5.486388889,36.105,70.090482,32.66594061
Prisioneros,8,2028,-5.486388889,36.105,74.07159625,30.49609355
Prisioneros,8,2029,-5.486388889,36.105,80.4832178,31.30037251
Prisioneros,8,2030,-5.486388889,36.105,67.02552881,31.83528561
Prisioneros,8,2031,-5.486388889,36.105,88.34221825,28.6742158
Prisioneros,8,2032,-5.486388889,36.105,40.12444676,32.48714107
Prisioneros,8,2033,-5.486388889,36.105,97.81274705,30.58490463
Prisioneros,8,2034,-5.486388889,36.105,70.11057266,31.4061612
Prisioneros,8,2035,-5.486388889,36.105,58.17633891,31.69618452
Prisioneros,8,2036,-5.486388889,36.105,48.8816005,32.52635321
Prisioneros,8,2037,-5.486388889,36.105,39.67178683,32.73738226
Prisioneros,8,2038,-5.486388889,36.105,49.94267092,33.09458461
Prisioneros,8,2039,-5.486388889,36.105,41.86560986,31.9245131
Prisioneros,8,2040,-5.486388889,36.105,67.55184636,31.9629997
Prisioneros,8,2041,-5.486388889,36.105,28.51184681,33.61399969
Prisioneros,8,2042,-5.486388889,36.105,58.58868474,33.63839407
Prisioneros,8,2043,-5.486388889,36.105,56.83644557,31.61947809
Prisioneros,8,2044,-5.486388889,36.105,47.492446,32.87984718
Prisioneros,8,2045,-5.486388889,36.105,46.22624309,32.66620838
Prisioneros,8,2046,-5.486388889,36.105,26.99867517,33.21715403
Prisioneros,8,2047,-5.486388889,36.105,67.51419858,31.80500429
Prisioneros,8,2048,-5.486388889,36.105,84.60786047,31.86166756
Prisioneros,8,2049,-5.486388889,36.105,55.38199514,32.41987147
Prisioneros,8,2050,-5.486388889,36.105,95.59774243,32.21661456
Prisioneros,8,2051,-5.486388889,36.105,46.77420641,33.17098881
Prisioneros,8,2052,-5.486388889,36.105,43.92399407,32.86053349
Prisioneros,8,2053,-5.486388889,36.105,48.88072948,32.22267082
Prisioneros,8,2054,-5.486388889,36.105,80.20073315,32.14980173
Prisioneros,8,2055,-5.486388889,36.105,59.4642471,31.9536121
Prisioneros,8,2056,-5.486388889,36.105,58.51092597,34.00658865
Prisioneros,8,2057,-5.486388889,36.105,17.74451209,34.36640172
Prisioneros,8,2058,-5.486388889,36.105,63.93054022,32.86830267
Prisioneros,8,2059,-5.486388889,36.105,75.20948748,33.87467297
Prisioneros,8,2060,-5.486388889,36.105,48.2037532,33.58932475
Prisioneros,8,2061,-5.486388889,36.105,37.9945297,32.10443292
Prisioneros,8,2062,-5.486388889,36.105,55.1195098,34.78773331
Prisioneros,8,2063,-5.486388889,36.105,69.29281219,32.78969431
Prisioneros,8,2064,-5.486388889,36.105,79.63222459,32.91057838
Prisioneros,8,2065,-5.486388889,36.105,61.5613396,32.85134376
Prisioneros,8,2066,-5.486388889,36.105,46.96562246,34.30104685
Prisioneros,8,2067,-5.486388889,36.105,77.55575678,32.78130395
Prisioneros,8,2068,-5.486388889,36.105,42.29738009,33.68924029
Prisioneros,8,2069,-5.486388889,36.105,71.96428118,34.24438162
Prisioneros,8,2070,-5.486388889,36.105,49.9813137,34.47143043
Prisioneros,8,2071,-5.486388889,36.105,146.9417798,29.79671729
Prisioneros,8,2072,-5.486388889,36.105,76.71849374,32.84513589
Prisioneros,8,2073,-5.486388889,36.105,55.83753043,35.21116865
Prisioneros,8,2074,-5.486388889,36.105,97.5572221,31.79540307
Prisioneros,8,2075,-5.486388889,36.105,76.82644108,33.7621773
Prisioneros,8,2076,-5.486388889,36.105,112.1648753,31.60353905
Prisioneros,8,2077,-5.486388889,36.105,37.60499609,34.80974141
Prisioneros,8,2078,-5.486388889,36.105,34.98501832,36.6941172
Prisioneros,8,2079,-5.486388889,36.105,73.18329396,34.03778056
Prisioneros,8,2080,-5.486388889,36.105,24.36080073,35.93812492
Prisioneros,8,2081,-5.486388889,36.105,61.62762036,35.28378375
Prisioneros,8,2082,-5.486388889,36.105,112.5383305,34.39099692
Prisioneros,8,2083,-5.486388889,36.105,77.81891172,35.78446301
Prisioneros,8,2084,-5.486388889,36.105,52.62291668,34.39266456
Prisioneros,8,2085,-5.486388889,36.105,23.46520127,34.81469707
Prisioneros,8,2086,-5.486388889,36.105,57.83993446,34.05648095
Prisioneros,8,2087,-5.486388889,36.105,62.65617859,34.47687043
Prisioneros,8,2088,-5.486388889,36.105,57.64871242,34.10197478
Prisioneros,8,2089,-5.486388889,36.105,21.81429013,35.2609625
Prisioneros,8,2090,-5.486388889,36.105,67.70219042,34.95781368
Prisioneros,8,2091,-5.486388889,36.105,39.88023855,37.03101649
Prisioneros,8,2092,-5.486388889,36.105,63.1659767,35.72166276
Prisioneros,8,2093,-5.486388889,36.105,70.22717558,33.9651379
Prisioneros,8,2094,-5.486388889,36.105,32.60826814,37.79903761
Prisioneros,8,2095,-5.486388889,36.105,70.97092704,34.49394354
Prisioneros,8,2096,-5.486388889,36.105,47.94325884,36.58296332
Prisioneros,8,2097,-5.486388889,36.105,68.89456809,35.74818745
Prisioneros,8,2098,-5.486388889,36.105,19.31008772,34.46412393
Prisioneros,8,2099,-5.486388889,36.105,93.07765193,31.97825751
Prisioneros,8,2100,-5.486388889,36.105,41.48693801,36.60812752
Prisioneros,9,2015,-5.486388889,36.105,101.6221289,26.65684611
Prisioneros,9,2016,-5.486388889,36.105,101.5264416,25.19356079
Prisioneros,9,2017,-5.486388889,36.105,61.19479391,28.7271108
Prisioneros,9,2018,-5.486388889,36.105,76.41637476,24.88515727
Prisioneros,9,2019,-5.486388889,36.105,59.47277451,27.99203796
Prisioneros,9,2020,-5.486388889,36.105,72.98402464,26.14356893
Prisioneros,9,2021,-5.486388889,36.105,55.60491611,25.21778768
Prisioneros,9,2022,-5.486388889,36.105,120.6651472,25.70561523
Prisioneros,9,2023,-5.486388889,36.105,53.89875519,26.86835531
Prisioneros,9,2024,-5.486388889,36.105,99.81015346,25.71776428
Prisioneros,9,2025,-5.486388889,36.105,103.7925949,23.91383565
Prisioneros,9,2026,-5.486388889,36.105,88.07208951,25.6744161
Prisioneros,9,2027,-5.486388889,36.105,32.26833542,26.74070129
Prisioneros,9,2028,-5.486388889,36.105,71.0164338,26.83994242
Prisioneros,9,2029,-5.486388889,36.105,57.42919552,26.35091451
Prisioneros,9,2030,-5.486388889,36.105,117.4977813,26.55979614
Prisioneros,9,2031,-5.486388889,36.105,51.95467575,26.08223368
Prisioneros,9,2032,-5.486388889,36.105,85.12267597,26.11966654
Prisioneros,9,2033,-5.486388889,36.105,128.2537336,24.10019938
Prisioneros,9,2034,-5.486388889,36.105,67.21217132,25.83168742
Prisioneros,9,2035,-5.486388889,36.105,42.1760342,27.00574341
Prisioneros,9,2036,-5.486388889,36.105,108.5968854,24.40023397
Prisioneros,9,2037,-5.486388889,36.105,36.51960796,28.3229421
Prisioneros,9,2038,-5.486388889,36.105,78.65850171,25.96999003
Prisioneros,9,2039,-5.486388889,36.105,67.87967742,26.90432027
Prisioneros,9,2040,-5.486388889,36.105,67.40876886,25.45624084
Prisioneros,9,2041,-5.486388889,36.105,72.63093528,27.72121175
Prisioneros,9,2042,-5.486388889,36.105,117.7971147,25.73380839
Prisioneros,9,2043,-5.486388889,36.105,82.10174254,25.69419556
Prisioneros,9,2044,-5.486388889,36.105,47.11802663,29.28228556
Prisioneros,9,2045,-5.486388889,36.105,52.19943061,26.68302104
Prisioneros,9,2046,-5.486388889,36.105,48.01786855,28.64653625
Prisioneros,9,2047,-5.486388889,36.105,168.1690489,24.94240723
Prisioneros,9,2048,-5.486388889,36.105,53.00510316,27.28094889
Prisioneros,9,2049,-5.486388889,36.105,89.11020615,26.37019043
Prisioneros,9,2050,-5.486388889,36.105,98.041837,26.22377218
Prisioneros,9,2051,-5.486388889,36.105,52.63869645,27.66639201
Prisioneros,9,2052,-5.486388889,36.105,73.36385971,28.29583537
Prisioneros,9,2053,-5.486388889,36.105,123.6422807,26.8329539
Prisioneros,9,2054,-5.486388889,36.105,71.63740398,28.92102661
Prisioneros,9,2055,-5.486388889,36.105,81.01839283,26.84522909
Prisioneros,9,2056,-5.486388889,36.105,49.15041395,27.4591746
Prisioneros,9,2057,-5.486388889,36.105,45.93323179,28.9748057
Prisioneros,9,2058,-5.486388889,36.105,82.11306749,26.09436239
Prisioneros,9,2059,-5.486388889,36.105,62.22505912,29.27229513
Prisioneros,9,2060,-5.486388889,36.105,166.7433698,24.83260295
Prisioneros,9,2061,-5.486388889,36.105,103.7542049,28.3188385
Prisioneros,9,2062,-5.486388889,36.105,102.5338323,29.48455607
Prisioneros,9,2063,-5.486388889,36.105,47.36068349,28.07701721
Prisioneros,9,2064,-5.486388889,36.105,46.33463034,27.6907725
Prisioneros,9,2065,-5.486388889,36.105,67.64405503,29.28123169
Prisioneros,9,2066,-5.486388889,36.105,69.97399406,29.47034505
Prisioneros,9,2067,-5.486388889,36.105,113.0937652,26.75270589
Prisioneros,9,2068,-5.486388889,36.105,36.30801067,28.56176554
Prisioneros,9,2069,-5.486388889,36.105,72.02034124,28.3122996
Prisioneros,9,2070,-5.486388889,36.105,69.84009782,28.92534078
Prisioneros,9,2071,-5.486388889,36.105,58.27475327,29.99298197
Prisioneros,9,2072,-5.486388889,36.105,39.63696374,28.46964722
Prisioneros,9,2073,-5.486388889,36.105,55.96279252,29.71316325
Prisioneros,9,2074,-5.486388889,36.105,164.9976925,26.80036723
Prisioneros,9,2075,-5.486388889,36.105,111.2992217,28.88324585
Prisioneros,9,2076,-5.486388889,36.105,108.3275639,26.29450989
Prisioneros,9,2077,-5.486388889,36.105,187.0522807,23.95023499
Prisioneros,9,2078,-5.486388889,36.105,37.40463215,32.06572266
Prisioneros,9,2079,-5.486388889,36.105,63.77799911,28.7604126
Prisioneros,9,2080,-5.486388889,36.105,47.45616018,30.32178446
Prisioneros,9,2081,-5.486388889,36.105,127.0703366,26.30270793
Prisioneros,9,2082,-5.486388889,36.105,68.67423841,29.0265981
Prisioneros,9,2083,-5.486388889,36.105,109.5465795,30.44188639
Prisioneros,9,2084,-5.486388889,36.105,47.65065827,29.01198425
Prisioneros,9,2085,-5.486388889,36.105,46.5481941,29.59851786
Prisioneros,9,2086,-5.486388889,36.105,72.60470912,29.87734172
Prisioneros,9,2087,-5.486388889,36.105,67.74014072,30.61467997
Prisioneros,9,2088,-5.486388889,36.105,36.12057016,29.26948954
Prisioneros,9,2089,-5.486388889,36.105,42.96160661,31.1569519
Prisioneros,9,2090,-5.486388889,36.105,38.7324951,29.89252726
Prisioneros,9,2091,-5.486388889,36.105,17.75889001,31.22068176
Prisioneros,9,2092,-5.486388889,36.105,57.09618191,29.08295797
Prisioneros,9,2093,-5.486388889,36.105,27.68452271,29.10314331
Prisioneros,9,2094,-5.486388889,36.105,77.91010242,31.40940145
Prisioneros,9,2095,-5.486388889,36.105,44.66274356,30.1498291
Prisioneros,9,2096,-5.486388889,36.105,101.6065497,29.14754232
Prisioneros,9,2097,-5.486388889,36.105,54.61990181,30.45243123
Prisioneros,9,2098,-5.486388889,36.105,158.7749492,28.86553548
Prisioneros,9,2099,-5.486388889,36.105,197.7296789,27.07234904
Prisioneros,9,2100,-5.486388889,36.105,28.62930108,30.10253194
Retin,1,2015,-5.823611,36.198056,6.164272203,10.9335335
Retin,1,2016,-5.823611,36.198056,65.3406584,10.33381092
Retin,1,2017,-5.823611,36.198056,13.37374009,14.78664354
Retin,1,2018,-5.823611,36.198056,31.78027838,11.07513605
Retin,1,2019,-5.823611,36.198056,13.45057078,12.99073624
Retin,1,2020,-5.823611,36.198056,17.4865033,12.13729346
Retin,1,2021,-5.823611,36.198056,9.886489123,12.41431727
Retin,1,2022,-5.823611,36.198056,124.2723979,9.321541866
Retin,1,2023,-5.823611,36.198056,5.870315523,13.61226807
Retin,1,2024,-5.823611,36.198056,9.849419874,14.89918252
Retin,1,2025,-5.823611,36.198056,92.00610493,10.03883588
Retin,1,2026,-5.823611,36.198056,34.64407833,11.28764077
Retin,1,2027,-5.823611,36.198056,45.64543805,13.12379387
Retin,1,2028,-5.823611,36.198056,45.54854043,10.25912357
Retin,1,2029,-5.823611,36.198056,17.91194555,12.75790779
Retin,1,2030,-5.823611,36.198056,2.008728138,13.33031321
Retin,1,2031,-5.823611,36.198056,36.23691975,13.42561764
Retin,1,2032,-5.823611,36.198056,77.56464638,12.24502839
Retin,1,2033,-5.823611,36.198056,36.81369627,9.680592986
Retin,1,2034,-5.823611,36.198056,57.32517534,9.629608942
Retin,1,2035,-5.823611,36.198056,21.9303979,13.93768488
Retin,1,2036,-5.823611,36.198056,23.70633918,14.19972652
Retin,1,2037,-5.823611,36.198056,18.35427051,11.43146815
Retin,1,2038,-5.823611,36.198056,77.83028889,11.04053699
Retin,1,2039,-5.823611,36.198056,40.06265691,11.72582791
Retin,1,2040,-5.823611,36.198056,11.54531058,11.85500488
Retin,1,2041,-5.823611,36.198056,69.64765452,12.19207646
Retin,1,2042,-5.823611,36.198056,18.2988662,13.22914744
Retin,1,2043,-5.823611,36.198056,31.04636719,13.86302018
Retin,1,2044,-5.823611,36.198056,81.51727817,11.60786271
Retin,1,2045,-5.823611,36.198056,2.622030871,15.95038413
Retin,1,2046,-5.823611,36.198056,24.02399939,11.24613293
Retin,1,2047,-5.823611,36.198056,5.104409073,15.06168863
Retin,1,2048,-5.823611,36.198056,8.804350889,12.75469754
Retin,1,2049,-5.823611,36.198056,18.10300565,13.31274887
Retin,1,2050,-5.823611,36.198056,10.76686255,12.76338127
Retin,1,2051,-5.823611,36.198056,44.78609927,12.08723184
Retin,1,2052,-5.823611,36.198056,1.984603559,16.51689177
Retin,1,2053,-5.823611,36.198056,23.20290226,13.62728075
Retin,1,2054,-5.823611,36.198056,76.52944398,9.951716072
Retin,1,2055,-5.823611,36.198056,10.70138752,15.01902604
Retin,1,2056,-5.823611,36.198056,17.21351803,12.07415949
Retin,1,2057,-5.823611,36.198056,24.87427286,14.66342833
Retin,1,2058,-5.823611,36.198056,15.36901838,14.24498901
Retin,1,2059,-5.823611,36.198056,59.55285851,13.03767326
Retin,1,2060,-5.823611,36.198056,7.993221626,13.14951329
Retin,1,2061,-5.823611,36.198056,2.024765534,14.76355551
Retin,1,2062,-5.823611,36.198056,16.0065717,12.93030947
Retin,1,2063,-5.823611,36.198056,40.02079101,12.27999268
Retin,1,2064,-5.823611,36.198056,65.11164229,13.6206289
Retin,1,2065,-5.823611,36.198056,52.37024159,11.44432393
Retin,1,2066,-5.823611,36.198056,17.44505193,13.03072214
Retin,1,2067,-5.823611,36.198056,3.237635824,15.36011215
Retin,1,2068,-5.823611,36.198056,77.62868104,11.45949215
Retin,1,2069,-5.823611,36.198056,15.86963537,15.48670989
Retin,1,2070,-5.823611,36.198056,63.31425713,13.48306255
Retin,1,2071,-5.823611,36.198056,37.95385248,13.74463363
Retin,1,2072,-5.823611,36.198056,22.42006773,12.4079519
Retin,1,2073,-5.823611,36.198056,46.0916096,13.39485592
Retin,1,2074,-5.823611,36.198056,22.89132052,15.38897784
Retin,1,2075,-5.823611,36.198056,35.14946283,13.19654876
Retin,1,2076,-5.823611,36.198056,15.15468484,12.2546306
Retin,1,2077,-5.823611,36.198056,6.735347425,15.50169697
Retin,1,2078,-5.823611,36.198056,20.32581426,11.58927061
Retin,1,2079,-5.823611,36.198056,7.16014857,15.81360631
Retin,1,2080,-5.823611,36.198056,63.30749572,11.189069
Retin,1,2081,-5.823611,36.198056,7.353081292,14.86522729
Retin,1,2082,-5.823611,36.198056,8.787698747,14.12657294
Retin,1,2083,-5.823611,36.198056,2.232564753,15.67043457
Retin,1,2084,-5.823611,36.198056,11.77702601,15.8545166
Retin,1,2085,-5.823611,36.198056,36.46901843,16.74167638
Retin,1,2086,-5.823611,36.198056,73.70955688,14.44601519
Retin,1,2087,-5.823611,36.198056,51.78583458,13.74438851
Retin,1,2088,-5.823611,36.198056,6.164577055,15.39072817
Retin,1,2089,-5.823611,36.198056,8.267244655,14.68629387
Retin,1,2090,-5.823611,36.198056,22.54915663,14.67691217
Retin,1,2091,-5.823611,36.198056,17.07719513,15.63485009
Retin,1,2092,-5.823611,36.198056,13.25995477,15.7911375
Retin,1,2093,-5.823611,36.198056,6.389007783,14.60252508
Retin,1,2094,-5.823611,36.198056,124.9355616,13.47372318
Retin,1,2095,-5.823611,36.198056,20.14817119,14.23527064
Retin,1,2096,-5.823611,36.198056,11.18055227,13.23789909
Retin,1,2097,-5.823611,36.198056,14.97312233,14.47004139
Retin,1,2098,-5.823611,36.198056,2.158287935,18.60824565
Retin,1,2099,-5.823611,36.198056,34.70589981,13.7124622
Retin,1,2100,-5.823611,36.198056,10.28052693,16.35295824
Retin,10,2015,-5.823611,36.198056,83.75183137,20.59304396
Retin,10,2016,-5.823611,36.198056,42.32269931,19.79761707
Retin,10,2017,-5.823611,36.198056,50.80549132,19.10287653
Retin,10,2018,-5.823611,36.198056,72.08835365,19.69344679
Retin,10,2019,-5.823611,36.198056,63.99326741,22.0658272
Retin,10,2020,-5.823611,36.198056,76.22714293,17.59039681
Retin,10,2021,-5.823611,36.198056,84.26535463,19.18958287
Retin,10,2022,-5.823611,36.198056,271.0707922,16.77562571
Retin,10,2023,-5.823611,36.198056,29.02560689,22.95855299
Retin,10,2024,-5.823611,36.198056,153.5327856,17.10531203
Retin,10,2025,-5.823611,36.198056,181.4963282,16.37296989
Retin,10,2026,-5.823611,36.198056,75.89221561,18.36489455
Retin,10,2027,-5.823611,36.198056,67.51849624,22.26541413
Retin,10,2028,-5.823611,36.198056,79.69104213,20.14873165
Retin,10,2029,-5.823611,36.198056,27.96333132,18.87397205
Retin,10,2030,-5.823611,36.198056,57.1727113,19.93108225
Retin,10,2031,-5.823611,36.198056,226.5560305,17.32243672
Retin,10,2032,-5.823611,36.198056,90.35120542,19.37857824
Retin,10,2033,-5.823611,36.198056,117.932246,20.60440634
Retin,10,2034,-5.823611,36.198056,57.44356456,21.55007423
Retin,10,2035,-5.823611,36.198056,82.7089785,18.96875374
Retin,10,2036,-5.823611,36.198056,96.38958744,17.57748886
Retin,10,2037,-5.823611,36.198056,44.39409119,18.26578034
Retin,10,2038,-5.823611,36.198056,24.31632435,22.46077684
Retin,10,2039,-5.823611,36.198056,54.9949976,20.12656604
Retin,10,2040,-5.823611,36.198056,222.5232823,18.19697108
Retin,10,2041,-5.823611,36.198056,113.9548012,18.72797497
Retin,10,2042,-5.823611,36.198056,32.75408441,21.09203983
Retin,10,2043,-5.823611,36.198056,63.42414523,18.57658022
Retin,10,2044,-5.823611,36.198056,92.58709217,21.12574994
Retin,10,2045,-5.823611,36.198056,87.98216598,19.10464852
Retin,10,2046,-5.823611,36.198056,150.3216548,20.45777824
Retin,10,2047,-5.823611,36.198056,48.15724054,21.06614222
Retin,10,2048,-5.823611,36.198056,73.23235294,19.50155029
Retin,10,2049,-5.823611,36.198056,102.1181569,22.16889491
Retin,10,2050,-5.823611,36.198056,58.93468343,23.0071675
Retin,10,2051,-5.823611,36.198056,36.55448393,22.24452633
Retin,10,2052,-5.823611,36.198056,64.87815111,21.17475232
Retin,10,2053,-5.823611,36.198056,29.24950763,22.19689528
Retin,10,2054,-5.823611,36.198056,43.10920447,21.21254784
Retin,10,2055,-5.823611,36.198056,136.4933427,17.1575089
Retin,10,2056,-5.823611,36.198056,39.35813754,20.81880513
Retin,10,2057,-5.823611,36.198056,97.6780268,20.10714407
Retin,10,2058,-5.823611,36.198056,120.0989036,21.15906037
Retin,10,2059,-5.823611,36.198056,82.08935343,22.44918016
Retin,10,2060,-5.823611,36.198056,42.3775345,18.66959091
Retin,10,2061,-5.823611,36.198056,146.894599,20.63605307
Retin,10,2062,-5.823611,36.198056,23.61989436,20.99565056
Retin,10,2063,-5.823611,36.198056,56.48063809,22.1272837
Retin,10,2064,-5.823611,36.198056,86.36480019,22.45349003
Retin,10,2065,-5.823611,36.198056,60.48267111,22.9869373
Retin,10,2066,-5.823611,36.198056,63.7795417,22.0265058
Retin,10,2067,-5.823611,36.198056,76.99542938,21.18954054
Retin,10,2068,-5.823611,36.198056,71.79970251,19.56061165
Retin,10,2069,-5.823611,36.198056,135.0725308,21.8381641
Retin,10,2070,-5.823611,36.198056,93.69635287,22.35429215
Retin,10,2071,-5.823611,36.198056,72.68608809,24.22063697
Retin,10,2072,-5.823611,36.198056,61.71964553,23.34059763
Retin,10,2073,-5.823611,36.198056,117.1562097,21.00371901
Retin,10,2074,-5.823611,36.198056,175.1417948,17.64751095
Retin,10,2075,-5.823611,36.198056,18.5307886,24.80715332
Retin,10,2076,-5.823611,36.198056,53.41423317,22.50002835
Retin,10,2077,-5.823611,36.198056,60.66151459,20.23461501
Retin,10,2078,-5.823611,36.198056,43.26428627,25.70672391
Retin,10,2079,-5.823611,36.198056,94.71270401,19.84769642
Retin,10,2080,-5.823611,36.198056,35.49856486,25.66075262
Retin,10,2081,-5.823611,36.198056,13.52149116,24.32885033
Retin,10,2082,-5.823611,36.198056,42.77833236,25.50492199
Retin,10,2083,-5.823611,36.198056,160.0228045,18.85384128
Retin,10,2084,-5.823611,36.198056,42.5780389,24.36271205
Retin,10,2085,-5.823611,36.198056,63.96645549,24.36511506
Retin,10,2086,-5.823611,36.198056,85.49713603,25.3293081
Retin,10,2087,-5.823611,36.198056,90.76510242,23.97567237
Retin,10,2088,-5.823611,36.198056,134.3454887,24.70948821
Retin,10,2089,-5.823611,36.198056,20.90978696,26.15673316
Retin,10,2090,-5.823611,36.198056,118.8311172,22.14233477
Retin,10,2091,-5.823611,36.198056,66.82066946,23.06931015
Retin,10,2092,-5.823611,36.198056,45.67531929,24.57436228
Retin,10,2093,-5.823611,36.198056,38.9741141,23.18641791
Retin,10,2094,-5.823611,36.198056,90.25627187,23.20232839
Retin,10,2095,-5.823611,36.198056,68.17137717,23.31741313
Retin,10,2096,-5.823611,36.198056,168.7706287,17.67973259
Retin,10,2097,-5.823611,36.198056,22.66898953,25.42661783
Retin,10,2098,-5.823611,36.198056,255.0324897,21.36613789
Retin,10,2099,-5.823611,36.198056,4.231280568,23.33086548
Retin,10,2100,-5.823611,36.198056,48.28228248,25.66985572
Retin,11,2015,-5.823611,36.198056,48.38098225,13.92687073
Retin,11,2016,-5.823611,36.198056,75.7213314,17.06195577
Retin,11,2017,-5.823611,36.198056,34.94585413,16.01923014
Retin,11,2018,-5.823611,36.198056,5.369730724,17.00990194
Retin,11,2019,-5.823611,36.198056,88.23189231,14.39065247
Retin,11,2020,-5.823611,36.198056,127.6588044,13.70657756
Retin,11,2021,-5.823611,36.198056,60.93209029,12.38975627
Retin,11,2022,-5.823611,36.198056,70.95474486,15.08192952
Retin,11,2023,-5.823611,36.198056,27.06777799,15.98512166
Retin,11,2024,-5.823611,36.198056,18.92640109,13.70152893
Retin,11,2025,-5.823611,36.198056,81.94071276,14.38966064
Retin,11,2026,-5.823611,36.198056,9.939982472,16.76792704
Retin,11,2027,-5.823611,36.198056,34.77132525,15.47078756
Retin,11,2028,-5.823611,36.198056,19.5173547,15.92893372
Retin,11,2029,-5.823611,36.198056,136.4994855,14.67351786
Retin,11,2030,-5.823611,36.198056,31.30733511,14.9475057
Retin,11,2031,-5.823611,36.198056,73.63070813,13.76139628
Retin,11,2032,-5.823611,36.198056,63.23406799,15.02232157
Retin,11,2033,-5.823611,36.198056,74.05198942,13.65531921
Retin,11,2034,-5.823611,36.198056,10.43811017,18.44635518
Retin,11,2035,-5.823611,36.198056,107.4646797,13.07749329
Retin,11,2036,-5.823611,36.198056,126.3832921,11.76103719
Retin,11,2037,-5.823611,36.198056,14.43164597,16.22931519
Retin,11,2038,-5.823611,36.198056,39.93247298,16.96585693
Retin,11,2039,-5.823611,36.198056,99.65278831,11.66065674
Retin,11,2040,-5.823611,36.198056,74.01070408,12.5390981
Retin,11,2041,-5.823611,36.198056,29.95168695,13.16360881
Retin,11,2042,-5.823611,36.198056,20.21149411,16.38213908
Retin,11,2043,-5.823611,36.198056,4.988953114,18.9180776
Retin,11,2044,-5.823611,36.198056,4.422747707,17.37414347
Retin,11,2045,-5.823611,36.198056,13.66523954,18.17885946
Retin,11,2046,-5.823611,36.198056,26.16726489,14.41564128
Retin,11,2047,-5.823611,36.198056,19.73331206,16.67893372
Retin,11,2048,-5.823611,36.198056,89.29841286,13.07190247
Retin,11,2049,-5.823611,36.198056,50.88493345,15.29458923
Retin,11,2050,-5.823611,36.198056,100.7548365,15.77719116
Retin,11,2051,-5.823611,36.198056,10.0582045,18.07425842
Retin,11,2052,-5.823611,36.198056,24.11150797,14.76038717
Retin,11,2053,-5.823611,36.198056,6.731335175,19.53586222
Retin,11,2054,-5.823611,36.198056,23.92839872,14.5087616
Retin,11,2055,-5.823611,36.198056,3.189226146,16.39730326
Retin,11,2056,-5.823611,36.198056,53.66383456,16.46003723
Retin,11,2057,-5.823611,36.198056,51.73260921,14.23539124
Retin,11,2058,-5.823611,36.198056,56.58804603,16.2322937
Retin,11,2059,-5.823611,36.198056,14.66628204,16.69356893
Retin,11,2060,-5.823611,36.198056,40.92032828,16.57963562
Retin,11,2061,-5.823611,36.198056,15.477388,15.41601054
Retin,11,2062,-5.823611,36.198056,69.56790841,14.33757019
Retin,11,2063,-5.823611,36.198056,13.36822531,19.70966797
Retin,11,2064,-5.823611,36.198056,24.37944403,20.04821472
Retin,11,2065,-5.823611,36.198056,8.402127791,22.28623352
Retin,11,2066,-5.823611,36.198056,46.0381075,17.57236328
Retin,11,2067,-5.823611,36.198056,69.05093343,17.2719401
Retin,11,2068,-5.823611,36.198056,23.03060327,17.74725952
Retin,11,2069,-5.823611,36.198056,20.62524281,16.2659963
Retin,11,2070,-5.823611,36.198056,34.77255267,16.5188741
Retin,11,2071,-5.823611,36.198056,113.7402603,14.97013245
Retin,11,2072,-5.823611,36.198056,5.236683043,19.18054708
Retin,11,2073,-5.823611,36.198056,17.47997395,18.66700643
Retin,11,2074,-5.823611,36.198056,92.84937958,17.38985494
Retin,11,2075,-5.823611,36.198056,40.3302832,18.41492716
Retin,11,2076,-5.823611,36.198056,50.36627683,14.65525818
Retin,11,2077,-5.823611,36.198056,38.15942154,17.86218465
Retin,11,2078,-5.823611,36.198056,76.49314641,15.48374736
Retin,11,2079,-5.823611,36.198056,201.5120784,15.22213643
Retin,11,2080,-5.823611,36.198056,11.01991823,20.62233582
Retin,11,2081,-5.823611,36.198056,3.620691006,20.21032206
Retin,11,2082,-5.823611,36.198056,9.477477465,19.00385234
Retin,11,2083,-5.823611,36.198056,12.36584786,17.90292358
Retin,11,2084,-5.823611,36.198056,2.133363293,19.22346293
Retin,11,2085,-5.823611,36.198056,55.34634899,18.03472392
Retin,11,2086,-5.823611,36.198056,19.16679264,16.96880391
Retin,11,2087,-5.823611,36.198056,4.666991742,19.796934
Retin,11,2088,-5.823611,36.198056,24.82491383,19.60653178
Retin,11,2089,-5.823611,36.198056,28.01506739,20.23710938
Retin,11,2090,-5.823611,36.198056,20.5429207,19.43281352
Retin,11,2091,-5.823611,36.198056,58.18668672,18.17399292
Retin,11,2092,-5.823611,36.198056,26.51763047,20.69608154
Retin,11,2093,-5.823611,36.198056,20.38684935,19.67825317
Retin,11,2094,-5.823611,36.198056,58.54777738,16.8765035
Retin,11,2095,-5.823611,36.198056,3.23679085,21.50919189
Retin,11,2096,-5.823611,36.198056,11.75700732,15.93886108
Retin,11,2097,-5.823611,36.198056,66.67038696,17.92743429
Retin,11,2098,-5.823611,36.198056,25.60401463,17.95900981
Retin,11,2099,-5.823611,36.198056,16.25759672,19.96364543
Retin,11,2100,-5.823611,36.198056,27.92409133,18.23920085
Retin,12,2015,-5.823611,36.198056,6.128784906,13.43408407
Retin,12,2016,-5.823611,36.198056,4.971569989,15.87442248
Retin,12,2017,-5.823611,36.198056,38.07204934,12.29226278
Retin,12,2018,-5.823611,36.198056,36.83788875,14.52881673
Retin,12,2019,-5.823611,36.198056,4.814012879,12.06860657
Retin,12,2020,-5.823611,36.198056,35.45224412,10.29891463
Retin,12,2021,-5.823611,36.198056,16.10456286,11.81872457
Retin,12,2022,-5.823611,36.198056,36.78543335,12.09379171
Retin,12,2023,-5.823611,36.198056,12.14495072,13.21639404
Retin,12,2024,-5.823611,36.198056,22.19440263,14.24582351
Retin,12,2025,-5.823611,36.198056,45.58015965,11.04454854
Retin,12,2026,-5.823611,36.198056,19.11412995,13.83071899
Retin,12,2027,-5.823611,36.198056,35.88032101,12.85800578
Retin,12,2028,-5.823611,36.198056,22.74376955,12.49347997
Retin,12,2029,-5.823611,36.198056,52.86110689,10.02803955
Retin,12,2030,-5.823611,36.198056,29.90675211,13.24976501
Retin,12,2031,-5.823611,36.198056,45.6760458,9.150120036
Retin,12,2032,-5.823611,36.198056,10.55466802,14.38765343
Retin,12,2033,-5.823611,36.198056,38.95794092,12.02030029
Retin,12,2034,-5.823611,36.198056,7.995759835,13.67126567
Retin,12,2035,-5.823611,36.198056,13.95091154,11.90982564
Retin,12,2036,-5.823611,36.198056,3.823895441,13.17870483
Retin,12,2037,-5.823611,36.198056,26.62763275,12.86779989
Retin,12,2038,-5.823611,36.198056,5.67631782,13.89313965
Retin,12,2039,-5.823611,36.198056,7.462860757,11.59067891
Retin,12,2040,-5.823611,36.198056,28.29987866,11.25072527
Retin,12,2041,-5.823611,36.198056,3.6987211,14.69722799
Retin,12,2042,-5.823611,36.198056,8.31448768,13.2473053
Retin,12,2043,-5.823611,36.198056,9.925176483,14.03182576
Retin,12,2044,-5.823611,36.198056,22.02916062,13.45995168
Retin,12,2045,-5.823611,36.198056,8.71061031,15.4379364
Retin,12,2046,-5.823611,36.198056,12.36059322,11.84570414
Retin,12,2047,-5.823611,36.198056,4.93888171,15.81803691
Retin,12,2048,-5.823611,36.198056,70.31212982,9.987470114
Retin,12,2049,-5.823611,36.198056,22.9735907,11.2826182
Retin,12,2050,-5.823611,36.198056,58.78968235,13.58290202
Retin,12,2051,-5.823611,36.198056,29.39882506,12.97073263
Retin,12,2052,-5.823611,36.198056,68.47626138,9.762600813
Retin,12,2053,-5.823611,36.198056,35.17115506,12.17872925
Retin,12,2054,-5.823611,36.198056,5.33137888,16.70165812
Retin,12,2055,-5.823611,36.198056,8.311787437,14.95313009
Retin,12,2056,-5.823611,36.198056,10.19369458,15.96810513
Retin,12,2057,-5.823611,36.198056,23.52465738,13.49970703
Retin,12,2058,-5.823611,36.198056,10.09592493,15.62369588
Retin,12,2059,-5.823611,36.198056,26.56224611,14.12011515
Retin,12,2060,-5.823611,36.198056,48.23226284,14.48059945
Retin,12,2061,-5.823611,36.198056,26.07550337,13.12870382
Retin,12,2062,-5.823611,36.198056,9.930844904,13.74590556
Retin,12,2063,-5.823611,36.198056,14.92235543,16.01062927
Retin,12,2064,-5.823611,36.198056,21.39641146,16.33248186
Retin,12,2065,-5.823611,36.198056,3.546405818,18.29858704
Retin,12,2066,-5.823611,36.198056,26.68104217,13.1513265
Retin,12,2067,-5.823611,36.198056,7.556664754,15.59015808
Retin,12,2068,-5.823611,36.198056,10.30178501,16.03307074
Retin,12,2069,-5.823611,36.198056,9.822996386,15.50342102
Retin,12,2070,-5.823611,36.198056,12.77268215,15.75173645
Retin,12,2071,-5.823611,36.198056,32.56907534,13.82334086
Retin,12,2072,-5.823611,36.198056,5.591551773,16.92798714
Retin,12,2073,-5.823611,36.198056,10.96149878,14.94423523
Retin,12,2074,-5.823611,36.198056,12.31113742,12.24356486
Retin,12,2075,-5.823611,36.198056,7.489915198,15.49818624
Retin,12,2076,-5.823611,36.198056,6.527394029,15.82555121
Retin,12,2077,-5.823611,36.198056,83.70766852,10.82912801
Retin,12,2078,-5.823611,36.198056,20.92947296,14.69539897
Retin,12,2079,-5.823611,36.198056,36.69669499,11.36711731
Retin,12,2080,-5.823611,36.198056,6.196123094,16.57609737
Retin,12,2081,-5.823611,36.198056,6.808737067,16.47867025
Retin,12,2082,-5.823611,36.198056,3.215897454,17.10918376
Retin,12,2083,-5.823611,36.198056,13.78182433,15.27280986
Retin,12,2084,-5.823611,36.198056,12.13092851,15.15858217
Retin,12,2085,-5.823611,36.198056,14.5304417,14.70055847
Retin,12,2086,-5.823611,36.198056,5.515630696,15.01387533
Retin,12,2087,-5.823611,36.198056,25.8326019,15.91941223
Retin,12,2088,-5.823611,36.198056,56.99867826,12.81648223
Retin,12,2089,-5.823611,36.198056,30.17700499,15.23216451
Retin,12,2090,-5.823611,36.198056,7.297425484,15.44420675
Retin,12,2091,-5.823611,36.198056,22.773178,15.07127787
Retin,12,2092,-5.823611,36.198056,14.19240448,16.20004399
Retin,12,2093,-5.823611,36.198056,37.71546711,13.00346476
Retin,12,2094,-5.823611,36.198056,5.283437468,17.36382243
Retin,12,2095,-5.823611,36.198056,16.70439891,16.72524516
Retin,12,2096,-5.823611,36.198056,8.181626075,16.5339789
Retin,12,2097,-5.823611,36.198056,4.829328228,16.98823751
Retin,12,2098,-5.823611,36.198056,14.33135212,15.9709137
Retin,12,2099,-5.823611,36.198056,4.781744722,17.60842489
Retin,12,2100,-5.823611,36.198056,14.13447537,16.58445638
Retin,2,2015,-5.823611,36.198056,14.56981047,14.57076089
Retin,2,2016,-5.823611,36.198056,37.83862141,12.70104265
Retin,2,2017,-5.823611,36.198056,5.065305385,16.96685181
Retin,2,2018,-5.823611,36.198056,31.66268381,13.82570147
Retin,2,2019,-5.823611,36.198056,185.0127493,10.61895905
Retin,2,2020,-5.823611,36.198056,8.594463899,13.2490268
Retin,2,2021,-5.823611,36.198056,26.76689377,11.72285505
Retin,2,2022,-5.823611,36.198056,45.50975715,11.04568089
Retin,2,2023,-5.823611,36.198056,101.0356151,11.79682966
Retin,2,2024,-5.823611,36.198056,4.573946058,17.44195157
Retin,2,2025,-5.823611,36.198056,6.535795112,13.18206395
Retin,2,2026,-5.823611,36.198056,11.66783703,14.16746129
Retin,2,2027,-5.823611,36.198056,33.73916766,13.05458439
Retin,2,2028,-5.823611,36.198056,3.982498601,19.15207351
Retin,2,2029,-5.823611,36.198056,109.3393032,13.75003749
Retin,2,2030,-5.823611,36.198056,52.7497214,13.15426897
Retin,2,2031,-5.823611,36.198056,36.98701311,13.16404005
Retin,2,2032,-5.823611,36.198056,83.47499147,13.18983428
Retin,2,2033,-5.823611,36.198056,6.211673097,16.20361481
Retin,2,2034,-5.823611,36.198056,39.86085528,13.31590642
Retin,2,2035,-5.823611,36.198056,3.017092834,17.10372641
Retin,2,2036,-5.823611,36.198056,41.31163342,16.41458782
Retin,2,2037,-5.823611,36.198056,63.69505206,11.75916116
Retin,2,2038,-5.823611,36.198056,44.2500466,11.89224505
Retin,2,2039,-5.823611,36.198056,7.519027343,17.91934902
Retin,2,2040,-5.823611,36.198056,21.37125845,11.88285901
Retin,2,2041,-5.823611,36.198056,12.20232961,16.15583082
Retin,2,2042,-5.823611,36.198056,5.193737142,18.10212097
Retin,2,2043,-5.823611,36.198056,38.03176293,13.80122855
Retin,2,2044,-5.823611,36.198056,13.87306832,15.29949341
Retin,2,2045,-5.823611,36.198056,73.69899398,13.38610774
Retin,2,2046,-5.823611,36.198056,31.11692021,11.72497711
Retin,2,2047,-5.823611,36.198056,18.46390275,15.56415274
Retin,2,2048,-5.823611,36.198056,33.60406368,15.53599306
Retin,2,2049,-5.823611,36.198056,3.420293785,17.92996041
Retin,2,2050,-5.823611,36.198056,31.51459089,13.42756805
Retin,2,2051,-5.823611,36.198056,47.36270387,12.67746342
Retin,2,2052,-5.823611,36.198056,38.31291386,15.05512338
Retin,2,2053,-5.823611,36.198056,27.64035552,15.44180886
Retin,2,2054,-5.823611,36.198056,1.238324914,14.69081704
Retin,2,2055,-5.823611,36.198056,41.02320512,15.19086282
Retin,2,2056,-5.823611,36.198056,14.1349381,14.00679721
Retin,2,2057,-5.823611,36.198056,29.75616039,14.67676915
Retin,2,2058,-5.823611,36.198056,15.19345171,13.9183136
Retin,2,2059,-5.823611,36.198056,1.773494946,19.94941973
Retin,2,2060,-5.823611,36.198056,10.7399819,16.91478566
Retin,2,2061,-5.823611,36.198056,2.22988375,16.40461557
Retin,2,2062,-5.823611,36.198056,17.77798842,13.72879617
Retin,2,2063,-5.823611,36.198056,26.2782244,14.64788644
Retin,2,2064,-5.823611,36.198056,6.393649779,18.60786617
Retin,2,2065,-5.823611,36.198056,10.11374081,19.35372641
Retin,2,2066,-5.823611,36.198056,2.66746678,17.36077053
Retin,2,2067,-5.823611,36.198056,3.723698201,18.18328901
Retin,2,2068,-5.823611,36.198056,34.51148897,16.02246957
Retin,2,2069,-5.823611,36.198056,42.36405428,13.17243783
Retin,2,2070,-5.823611,36.198056,23.10114166,16.22956129
Retin,2,2071,-5.823611,36.198056,7.683422874,15.88303419
Retin,2,2072,-5.823611,36.198056,81.36074656,12.4333635
Retin,2,2073,-5.823611,36.198056,31.05660162,15.20925293
Retin,2,2074,-5.823611,36.198056,63.72351679,11.94283338
Retin,2,2075,-5.823611,36.198056,5.077408782,18.657821
Retin,2,2076,-5.823611,36.198056,2.727674548,18.3310128
Retin,2,2077,-5.823611,36.198056,3.564193828,17.12507891
Retin,2,2078,-5.823611,36.198056,34.2132874,15.78180302
Retin,2,2079,-5.823611,36.198056,11.22785919,15.08473794
Retin,2,2080,-5.823611,36.198056,41.86569636,15.01837179
Retin,2,2081,-5.823611,36.198056,3.036246829,18.63596606
Retin,2,2082,-5.823611,36.198056,27.19194534,15.07352055
Retin,2,2083,-5.823611,36.198056,13.24667414,17.34159895
Retin,2,2084,-5.823611,36.198056,9.546791149,15.69919686
Retin,2,2085,-5.823611,36.198056,23.00298136,14.00052468
Retin,2,2086,-5.823611,36.198056,1.590117889,16.89910278
Retin,2,2087,-5.823611,36.198056,77.81132366,14.90994524
Retin,2,2088,-5.823611,36.198056,2.430025805,21.47169989
Retin,2,2089,-5.823611,36.198056,11.60954042,17.26743251
Retin,2,2090,-5.823611,36.198056,33.36357444,15.75245492
Retin,2,2091,-5.823611,36.198056,34.05711415,17.56029445
Retin,2,2092,-5.823611,36.198056,12.91448622,17.41041744
Retin,2,2093,-5.823611,36.198056,10.77370415,19.69385463
Retin,2,2094,-5.823611,36.198056,23.53838052,16.55590428
Retin,2,2095,-5.823611,36.198056,73.78635141,16.44030805
Retin,2,2096,-5.823611,36.198056,35.01943861,18.72443595
Retin,2,2097,-5.823611,36.198056,22.32224953,17.31812112
Retin,2,2098,-5.823611,36.198056,5.351397064,16.21436789
Retin,2,2099,-5.823611,36.198056,71.71365464,15.17683454
Retin,2,2100,-5.823611,36.198056,65.26522506,16.59628448
Retin,3,2015,-5.823611,36.198056,26.45870958,17.18081744
Retin,3,2016,-5.823611,36.198056,19.43215064,15.7408337
Retin,3,2017,-5.823611,36.198056,105.5384878,16.24716856
Retin,3,2018,-5.823611,36.198056,7.535120798,19.12004611
Retin,3,2019,-5.823611,36.198056,168.0597814,9.664931562
Retin,3,2020,-5.823611,36.198056,23.4351824,19.67917835
Retin,3,2021,-5.823611,36.198056,15.21045902,19.6312628
Retin,3,2022,-5.823611,36.198056,71.33250881,14.00098326
Retin,3,2023,-5.823611,36.198056,69.5378161,15.17560976
Retin,3,2024,-5.823611,36.198056,15.77438575,21.08045989
Retin,3,2025,-5.823611,36.198056,146.6934402,12.40133254
Retin,3,2026,-5.823611,36.198056,13.70171538,19.43623972
Retin,3,2027,-5.823611,36.198056,15.76064008,17.38765574
Retin,3,2028,-5.823611,36.198056,30.7844919,18.54216821
Retin,3,2029,-5.823611,36.198056,48.52270679,15.60094112
Retin,3,2030,-5.823611,36.198056,67.51970454,13.7736086
Retin,3,2031,-5.823611,36.198056,26.11496125,18.27358005
Retin,3,2032,-5.823611,36.198056,46.23059434,11.31617077
Retin,3,2033,-5.823611,36.198056,38.6165762,20.04831799
Retin,3,2034,-5.823611,36.198056,70.75214019,16.73075601
Retin,3,2035,-5.823611,36.198056,75.38040349,14.70197301
Retin,3,2036,-5.823611,36.198056,10.38677296,18.16616605
Retin,3,2037,-5.823611,36.198056,54.92317319,14.91591305
Retin,3,2038,-5.823611,36.198056,29.31543225,17.67774796
Retin,3,2039,-5.823611,36.198056,21.73950002,17.05975617
Retin,3,2040,-5.823611,36.198056,85.46420567,11.17369109
Retin,3,2041,-5.823611,36.198056,73.94192973,15.06253623
Retin,3,2042,-5.823611,36.198056,19.76918234,22.45503757
Retin,3,2043,-5.823611,36.198056,9.013005929,23.30903557
Retin,3,2044,-5.823611,36.198056,72.09224914,13.4355644
Retin,3,2045,-5.823611,36.198056,34.82527783,15.32815926
Retin,3,2046,-5.823611,36.198056,29.22588556,13.52948471
Retin,3,2047,-5.823611,36.198056,16.57882865,19.72897615
Retin,3,2048,-5.823611,36.198056,71.42658278,14.22704271
Retin,3,2049,-5.823611,36.198056,3.845047498,22.51200502
Retin,3,2050,-5.823611,36.198056,37.15502091,18.59372716
Retin,3,2051,-5.823611,36.198056,52.52821149,16.43840549
Retin,3,2052,-5.823611,36.198056,67.39301501,16.73119802
Retin,3,2053,-5.823611,36.198056,108.3771368,17.42418331
Retin,3,2054,-5.823611,36.198056,11.44420286,20.84882655
Retin,3,2055,-5.823611,36.198056,13.50504863,21.78392157
Retin,3,2056,-5.823611,36.198056,12.84990747,19.77203842
Retin,3,2057,-5.823611,36.198056,5.597416947,20.82131249
Retin,3,2058,-5.823611,36.198056,30.45676001,16.64809373
Retin,3,2059,-5.823611,36.198056,52.8448476,15.75064559
Retin,3,2060,-5.823611,36.198056,40.69250205,13.69506226
Retin,3,2061,-5.823611,36.198056,58.22297291,17.51495834
Retin,3,2062,-5.823611,36.198056,27.52221808,18.82247019
Retin,3,2063,-5.823611,36.198056,31.12032769,17.40328861
Retin,3,2064,-5.823611,36.198056,16.47364152,19.28947675
Retin,3,2065,-5.823611,36.198056,35.71951917,21.82615888
Retin,3,2066,-5.823611,36.198056,45.86706753,17.67965088
Retin,3,2067,-5.823611,36.198056,18.51081409,18.35183795
Retin,3,2068,-5.823611,36.198056,5.69116061,22.16350708
Retin,3,2069,-5.823611,36.198056,8.855318825,20.63752087
Retin,3,2070,-5.823611,36.198056,8.033605454,20.31485556
Retin,3,2071,-5.823611,36.198056,24.83206966,20.73268354
Retin,3,2072,-5.823611,36.198056,45.55816777,19.01602153
Retin,3,2073,-5.823611,36.198056,62.51830533,16.42788775
Retin,3,2074,-5.823611,36.198056,9.726548565,17.33389656
Retin,3,2075,-5.823611,36.198056,6.195199961,21.98520961
Retin,3,2076,-5.823611,36.198056,40.30512606,22.80669753
Retin,3,2077,-5.823611,36.198056,17.87014649,20.22502264
Retin,3,2078,-5.823611,36.198056,38.83696675,16.96218065
Retin,3,2079,-5.823611,36.198056,12.57042902,24.94627607
Retin,3,2080,-5.823611,36.198056,69.04058665,18.39354662
Retin,3,2081,-5.823611,36.198056,38.41540191,18.00745889
Retin,3,2082,-5.823611,36.198056,70.28042363,19.47767078
Retin,3,2083,-5.823611,36.198056,28.30544857,21.67705098
Retin,3,2084,-5.823611,36.198056,4.927090843,20.28949939
Retin,3,2085,-5.823611,36.198056,20.48469606,20.81546001
Retin,3,2086,-5.823611,36.198056,21.81826285,23.67495216
Retin,3,2087,-5.823611,36.198056,93.96793793,18.30102618
Retin,3,2088,-5.823611,36.198056,39.73119022,21.05697218
Retin,3,2089,-5.823611,36.198056,91.21321279,17.27991786
Retin,3,2090,-5.823611,36.198056,4.370328119,23.084691
Retin,3,2091,-5.823611,36.198056,14.3436489,17.64252969
Retin,3,2092,-5.823611,36.198056,44.41100748,17.64765566
Retin,3,2093,-5.823611,36.198056,21.41733317,21.88523205
Retin,3,2094,-5.823611,36.198056,27.80416139,18.74489845
Retin,3,2095,-5.823611,36.198056,65.817161,18.22612817
Retin,3,2096,-5.823611,36.198056,74.42455975,16.97678971
Retin,3,2097,-5.823611,36.198056,2.791301916,23.27640538
Retin,3,2098,-5.823611,36.198056,118.6460272,17.52108647
Retin,3,2099,-5.823611,36.198056,23.95924836,18.0075278
Retin,3,2100,-5.823611,36.198056,56.03438192,15.37172458
Retin,4,2015,-5.823611,36.198056,87.86248798,19.57067362
Retin,4,2016,-5.823611,36.198056,35.79372671,22.69273275
Retin,4,2017,-5.823611,36.198056,57.44957881,17.03928324
Retin,4,2018,-5.823611,36.198056,116.2329407,15.29573669
Retin,4,2019,-5.823611,36.198056,32.65841101,21.55523071
Retin,4,2020,-5.823611,36.198056,67.45486354,18.47242839
Retin,4,2021,-5.823611,36.198056,18.54044087,22.83532003
Retin,4,2022,-5.823611,36.198056,82.88314428,18.75323385
Retin,4,2023,-5.823611,36.198056,146.8125136,18.43040365
Retin,4,2024,-5.823611,36.198056,88.62293252,19.52241516
Retin,4,2025,-5.823611,36.198056,13.78797552,19.15357768
Retin,4,2026,-5.823611,36.198056,43.43252509,20.88469747
Retin,4,2027,-5.823611,36.198056,82.54021006,18.10240479
Retin,4,2028,-5.823611,36.198056,20.22154302,24.53240763
Retin,4,2029,-5.823611,36.198056,22.24775606,19.30502828
Retin,4,2030,-5.823611,36.198056,64.52871006,17.10439657
Retin,4,2031,-5.823611,36.198056,24.26239004,21.84936218
Retin,4,2032,-5.823611,36.198056,138.2182586,14.94075724
Retin,4,2033,-5.823611,36.198056,99.22584133,22.43808289
Retin,4,2034,-5.823611,36.198056,81.70727469,18.81167908
Retin,4,2035,-5.823611,36.198056,36.99571673,18.95671488
Retin,4,2036,-5.823611,36.198056,37.83937474,19.47100932
Retin,4,2037,-5.823611,36.198056,26.32546598,22.57909953
Retin,4,2038,-5.823611,36.198056,147.8563954,18.43634338
Retin,4,2039,-5.823611,36.198056,45.27259524,20.05516561
Retin,4,2040,-5.823611,36.198056,9.039623157,23.76280009
Retin,4,2041,-5.823611,36.198056,22.86326513,21.83891703
Retin,4,2042,-5.823611,36.198056,33.94099231,23.18892008
Retin,4,2043,-5.823611,36.198056,68.25509976,20.97629089
Retin,4,2044,-5.823611,36.198056,57.16349507,20.90174561
Retin,4,2045,-5.823611,36.198056,68.51471261,20.91806539
Retin,4,2046,-5.823611,36.198056,48.68266468,20.55599772
Retin,4,2047,-5.823611,36.198056,89.76571564,20.65195414
Retin,4,2048,-5.823611,36.198056,32.67431126,20.17188924
Retin,4,2049,-5.823611,36.198056,46.36887444,21.48042806
Retin,4,2050,-5.823611,36.198056,33.19186743,20.6683075
Retin,4,2051,-5.823611,36.198056,73.62048062,21.68225911
Retin,4,2052,-5.823611,36.198056,60.74403183,22.77076721
Retin,4,2053,-5.823611,36.198056,39.06968157,20.5127655
Retin,4,2054,-5.823611,36.198056,53.49471236,19.25634664
Retin,4,2055,-5.823611,36.198056,12.10157535,22.74573873
Retin,4,2056,-5.823611,36.198056,26.57969131,21.82719218
Retin,4,2057,-5.823611,36.198056,35.13334241,22.13349813
Retin,4,2058,-5.823611,36.198056,50.59102623,23.98185221
Retin,4,2059,-5.823611,36.198056,54.59427416,19.80013123
Retin,4,2060,-5.823611,36.198056,33.47332407,21.47748515
Retin,4,2061,-5.823611,36.198056,136.0967294,18.39075216
Retin,4,2062,-5.823611,36.198056,30.01956779,21.12775269
Retin,4,2063,-5.823611,36.198056,64.88538922,23.11969096
Retin,4,2064,-5.823611,36.198056,77.5519317,17.18729451
Retin,4,2065,-5.823611,36.198056,27.688848,20.90126444
Retin,4,2066,-5.823611,36.198056,68.05680791,17.25269674
Retin,4,2067,-5.823611,36.198056,42.31006066,19.97169902
Retin,4,2068,-5.823611,36.198056,71.89572297,22.9223348
Retin,4,2069,-5.823611,36.198056,36.79719789,21.75903219
Retin,4,2070,-5.823611,36.198056,40.80958627,19.42858785
Retin,4,2071,-5.823611,36.198056,13.18293547,24.55962931
Retin,4,2072,-5.823611,36.198056,89.99401272,19.79191589
Retin,4,2073,-5.823611,36.198056,16.14808347,21.0318339
Retin,4,2074,-5.823611,36.198056,44.51140806,22.12667948
Retin,4,2075,-5.823611,36.198056,28.88782768,23.24069926
Retin,4,2076,-5.823611,36.198056,21.25901373,27.31565348
Retin,4,2077,-5.823611,36.198056,51.924381,22.47716064
Retin,4,2078,-5.823611,36.198056,49.24093729,18.44144389
Retin,4,2079,-5.823611,36.198056,14.72400152,24.79536947
Retin,4,2080,-5.823611,36.198056,39.60308983,25.24144897
Retin,4,2081,-5.823611,36.198056,23.26408011,26.90972392
Retin,4,2082,-5.823611,36.198056,49.25815387,20.59119568
Retin,4,2083,-5.823611,36.198056,56.75471463,22.762087
Retin,4,2084,-5.823611,36.198056,68.93207786,20.69569092
Retin,4,2085,-5.823611,36.198056,14.43230611,27.62428792
Retin,4,2086,-5.823611,36.198056,30.60147192,21.01143087
Retin,4,2087,-5.823611,36.198056,37.9137732,20.03645732
Retin,4,2088,-5.823611,36.198056,42.6447561,22.78858846
Retin,4,2089,-5.823611,36.198056,53.2581244,24.99601135
Retin,4,2090,-5.823611,36.198056,56.5441794,24.48395487
Retin,4,2091,-5.823611,36.198056,74.37811879,15.99112447
Retin,4,2092,-5.823611,36.198056,52.26855493,22.24474589
Retin,4,2093,-5.823611,36.198056,43.73127126,21.67102458
Retin,4,2094,-5.823611,36.198056,85.59098994,21.60351563
Retin,4,2095,-5.823611,36.198056,62.6663415,22.5458964
Retin,4,2096,-5.823611,36.198056,57.27413443,22.68220317
Retin,4,2097,-5.823611,36.198056,21.86820321,26.37398885
Retin,4,2098,-5.823611,36.198056,7.246157066,23.53695475
Retin,4,2099,-5.823611,36.198056,19.92059818,26.52759298
Retin,4,2100,-5.823611,36.198056,57.6123769,22.36635437
Retin,5,2015,-5.823611,36.198056,58.50697235,21.60629548
Retin,5,2016,-5.823611,36.198056,138.3513079,19.77156982
Retin,5,2017,-5.823611,36.198056,27.5489445,25.47255072
Retin,5,2018,-5.823611,36.198056,88.62303758,21.26040433
Retin,5,2019,-5.823611,36.198056,36.26992025,22.27579306
Retin,5,2020,-5.823611,36.198056,71.88665975,20.58899989
Retin,5,2021,-5.823611,36.198056,42.35509003,23.43939878
Retin,5,2022,-5.823611,36.198056,211.8972068,17.80828838
Retin,5,2023,-5.823611,36.198056,117.6029296,21.98580322
Retin,5,2024,-5.823611,36.198056,61.38524168,24.72121779
Retin,5,2025,-5.823611,36.198056,35.52987472,22.07111167
Retin,5,2026,-5.823611,36.198056,166.5812364,19.24651981
Retin,5,2027,-5.823611,36.198056,69.46527846,21.37927226
Retin,5,2028,-5.823611,36.198056,152.8606314,21.55990679
Retin,5,2029,-5.823611,36.198056,43.53405474,19.47316402
Retin,5,2030,-5.823611,36.198056,24.01178251,26.27144874
Retin,5,2031,-5.823611,36.198056,123.5393762,20.48302219
Retin,5,2032,-5.823611,36.198056,24.25704659,22.06738163
Retin,5,2033,-5.823611,36.198056,45.24487711,20.57099649
Retin,5,2034,-5.823611,36.198056,182.3882357,18.32079172
Retin,5,2035,-5.823611,36.198056,69.1253913,23.58211473
Retin,5,2036,-5.823611,36.198056,18.87312645,23.11432456
Retin,5,2037,-5.823611,36.198056,100.6629358,21.16413417
Retin,5,2038,-5.823611,36.198056,87.05578845,16.34321033
Retin,5,2039,-5.823611,36.198056,71.07853764,24.63311256
Retin,5,2040,-5.823611,36.198056,38.08209067,22.07991254
Retin,5,2041,-5.823611,36.198056,154.1057515,18.23390129
Retin,5,2042,-5.823611,36.198056,188.6427189,21.97253989
Retin,5,2043,-5.823611,36.198056,150.8958159,21.68403557
Retin,5,2044,-5.823611,36.198056,67.46099196,22.73804676
Retin,5,2045,-5.823611,36.198056,150.748228,23.64582559
Retin,5,2046,-5.823611,36.198056,39.82846048,21.70578869
Retin,5,2047,-5.823611,36.198056,86.18165064,22.50242152
Retin,5,2048,-5.823611,36.198056,323.682587,19.73470065
Retin,5,2049,-5.823611,36.198056,86.35707887,24.33043134
Retin,5,2050,-5.823611,36.198056,43.46663676,25.44300084
Retin,5,2051,-5.823611,36.198056,96.07221058,22.67675466
Retin,5,2052,-5.823611,36.198056,85.50285693,23.31927175
Retin,5,2053,-5.823611,36.198056,29.8770029,28.68845766
Retin,5,2054,-5.823611,36.198056,98.97931267,24.15765361
Retin,5,2055,-5.823611,36.198056,128.1420481,23.61253682
Retin,5,2056,-5.823611,36.198056,70.60894838,20.49379194
Retin,5,2057,-5.823611,36.198056,91.80428197,21.68944997
Retin,5,2058,-5.823611,36.198056,123.4541159,22.23545178
Retin,5,2059,-5.823611,36.198056,50.15906123,26.54707957
Retin,5,2060,-5.823611,36.198056,84.45015819,27.35008466
Retin,5,2061,-5.823611,36.198056,81.14730518,21.64845995
Retin,5,2062,-5.823611,36.198056,186.3312341,24.90653037
Retin,5,2063,-5.823611,36.198056,41.47550218,22.16215643
Retin,5,2064,-5.823611,36.198056,42.52060308,26.76644582
Retin,5,2065,-5.823611,36.198056,43.72690116,26.64478504
Retin,5,2066,-5.823611,36.198056,109.0226421,27.27146252
Retin,5,2067,-5.823611,36.198056,57.87019529,23.41695655
Retin,5,2068,-5.823611,36.198056,55.86815514,26.13302691
Retin,5,2069,-5.823611,36.198056,81.8964277,19.87207996
Retin,5,2070,-5.823611,36.198056,62.27860299,25.51956649
Retin,5,2071,-5.823611,36.198056,120.3991724,25.8618861
Retin,5,2072,-5.823611,36.198056,46.94324153,26.27910865
Retin,5,2073,-5.823611,36.198056,44.76553507,28.7691609
Retin,5,2074,-5.823611,36.198056,64.88351439,27.24511207
Retin,5,2075,-5.823611,36.198056,31.6262349,25.26304754
Retin,5,2076,-5.823611,36.198056,109.0523111,26.45874988
Retin,5,2077,-5.823611,36.198056,50.59997549,27.11236946
Retin,5,2078,-5.823611,36.198056,41.52823286,24.33674356
Retin,5,2079,-5.823611,36.198056,176.6556311,23.09266101
Retin,5,2080,-5.823611,36.198056,70.58164034,24.9142523
Retin,5,2081,-5.823611,36.198056,31.32554634,30.16621625
Retin,5,2082,-5.823611,36.198056,58.11653704,25.64277974
Retin,5,2083,-5.823611,36.198056,36.89573051,28.88497314
Retin,5,2084,-5.823611,36.198056,174.4798067,23.03086095
Retin,5,2085,-5.823611,36.198056,58.21868415,27.05727933
Retin,5,2086,-5.823611,36.198056,24.74122791,28.07571096
Retin,5,2087,-5.823611,36.198056,66.48398329,22.26243326
Retin,5,2088,-5.823611,36.198056,130.9211258,24.41585496
Retin,5,2089,-5.823611,36.198056,149.8192829,23.63888432
Retin,5,2090,-5.823611,36.198056,35.08903591,25.64143204
Retin,5,2091,-5.823611,36.198056,136.180243,24.60766287
Retin,5,2092,-5.823611,36.198056,209.2063419,17.81710304
Retin,5,2093,-5.823611,36.198056,41.67396689,27.26116825
Retin,5,2094,-5.823611,36.198056,57.97844757,22.27936657
Retin,5,2095,-5.823611,36.198056,162.8841436,20.11703964
Retin,5,2096,-5.823611,36.198056,99.80302305,25.663955
Retin,5,2097,-5.823611,36.198056,90.0503468,24.89924553
Retin,5,2098,-5.823611,36.198056,55.19391357,29.9289283
Retin,5,2099,-5.823611,36.198056,62.68349494,28.27200987
Retin,5,2100,-5.823611,36.198056,48.72335886,24.18601626
Retin,6,2015,-5.823611,36.198056,65.02207562,27.36278076
Retin,6,2016,-5.823611,36.198056,105.7720591,22.05162048
Retin,6,2017,-5.823611,36.198056,52.95637463,28.18379618
Retin,6,2018,-5.823611,36.198056,43.99578635,24.93464152
Retin,6,2019,-5.823611,36.198056,93.37965096,27.26351827
Retin,6,2020,-5.823611,36.198056,141.4502851,27.50091044
Retin,6,2021,-5.823611,36.198056,81.98725118,26.01781006
Retin,6,2022,-5.823611,36.198056,103.270846,20.19614563
Retin,6,2023,-5.823611,36.198056,121.3787989,24.63379008
Retin,6,2024,-5.823611,36.198056,89.56628884,26.50597331
Retin,6,2025,-5.823611,36.198056,93.80588898,26.98196004
Retin,6,2026,-5.823611,36.198056,58.83480749,27.22653605
Retin,6,2027,-5.823611,36.198056,80.5848135,22.64336344
Retin,6,2028,-5.823611,36.198056,54.74103249,26.56425781
Retin,6,2029,-5.823611,36.198056,190.3887356,24.0565094
Retin,6,2030,-5.823611,36.198056,76.5893831,26.80871684
Retin,6,2031,-5.823611,36.198056,87.75875283,27.03983154
Retin,6,2032,-5.823611,36.198056,112.908465,26.19483439
Retin,6,2033,-5.823611,36.198056,49.4912098,27.81958313
Retin,6,2034,-5.823611,36.198056,49.902306,28.17304993
Retin,6,2035,-5.823611,36.198056,68.4432159,25.72252197
Retin,6,2036,-5.823611,36.198056,95.37708534,28.37675781
Retin,6,2037,-5.823611,36.198056,137.6256641,24.86460673
Retin,6,2038,-5.823611,36.198056,50.56450606,27.8595459
Retin,6,2039,-5.823611,36.198056,97.14923529,29.34813741
Retin,6,2040,-5.823611,36.198056,63.84338615,29.60387573
Retin,6,2041,-5.823611,36.198056,86.25601513,24.72249959
Retin,6,2042,-5.823611,36.198056,43.18108,27.27174072
Retin,6,2043,-5.823611,36.198056,79.0065604,28.05234578
Retin,6,2044,-5.823611,36.198056,24.46292926,28.18286438
Retin,6,2045,-5.823611,36.198056,113.4771025,28.19390462
Retin,6,2046,-5.823611,36.198056,60.07813752,28.74308065
Retin,6,2047,-5.823611,36.198056,68.20255923,28.39170125
Retin,6,2048,-5.823611,36.198056,94.64614616,22.35031738
Retin,6,2049,-5.823611,36.198056,103.3846409,26.76169128
Retin,6,2050,-5.823611,36.198056,67.81809187,29.01478475
Retin,6,2051,-5.823611,36.198056,102.0779762,27.1407959
Retin,6,2052,-5.823611,36.198056,55.84193237,25.69975891
Retin,6,2053,-5.823611,36.198056,273.6467403,27.82781982
Retin,6,2054,-5.823611,36.198056,49.70311989,27.05073242
Retin,6,2055,-5.823611,36.198056,81.23962428,25.67949015
Retin,6,2056,-5.823611,36.198056,71.73594912,28.1911733
Retin,6,2057,-5.823611,36.198056,62.71494995,28.4851003
Retin,6,2058,-5.823611,36.198056,51.84098854,27.00781657
Retin,6,2059,-5.823611,36.198056,154.4920027,28.35033061
Retin,6,2060,-5.823611,36.198056,127.7266344,27.0344635
Retin,6,2061,-5.823611,36.198056,39.87104474,29.68833313
Retin,6,2062,-5.823611,36.198056,69.73538671,23.85950623
Retin,6,2063,-5.823611,36.198056,53.83677731,29.14246521
Retin,6,2064,-5.823611,36.198056,116.5859344,29.04710592
Retin,6,2065,-5.823611,36.198056,51.11493377,28.57959493
Retin,6,2066,-5.823611,36.198056,106.1240813,27.66340027
Retin,6,2067,-5.823611,36.198056,108.498729,26.09935099
Retin,6,2068,-5.823611,36.198056,205.36812,28.80492655
Retin,6,2069,-5.823611,36.198056,119.0087315,26.24837138
Retin,6,2070,-5.823611,36.198056,64.99962891,29.55285034
Retin,6,2071,-5.823611,36.198056,59.59139343,28.58878886
Retin,6,2072,-5.823611,36.198056,118.0505916,28.56635335
Retin,6,2073,-5.823611,36.198056,213.5656878,28.00326233
Retin,6,2074,-5.823611,36.198056,263.5225136,25.44019979
Retin,6,2075,-5.823611,36.198056,128.0955849,29.34224243
Retin,6,2076,-5.823611,36.198056,164.681577,28.2864329
Retin,6,2077,-5.823611,36.198056,105.7536216,30.00775757
Retin,6,2078,-5.823611,36.198056,87.22604917,28.55781453
Retin,6,2079,-5.823611,36.198056,107.1500672,29.15690308
Retin,6,2080,-5.823611,36.198056,71.20039291,28.8391805
Retin,6,2081,-5.823611,36.198056,121.8464228,29.2784963
Retin,6,2082,-5.823611,36.198056,83.82742524,28.88287354
Retin,6,2083,-5.823611,36.198056,46.43140206,30.46647441
Retin,6,2084,-5.823611,36.198056,108.7623716,27.75553894
Retin,6,2085,-5.823611,36.198056,61.08409855,31.73824565
Retin,6,2086,-5.823611,36.198056,120.4340199,26.52363688
Retin,6,2087,-5.823611,36.198056,129.0581286,30.18581136
Retin,6,2088,-5.823611,36.198056,106.1529854,26.95941772
Retin,6,2089,-5.823611,36.198056,70.64678834,28.30250956
Retin,6,2090,-5.823611,36.198056,135.8446835,27.33485819
Retin,6,2091,-5.823611,36.198056,84.70816733,31.70746257
Retin,6,2092,-5.823611,36.198056,99.13115991,28.89022522
Retin,6,2093,-5.823611,36.198056,266.0208297,27.43182475
Retin,6,2094,-5.823611,36.198056,64.5652692,32.04562378
Retin,6,2095,-5.823611,36.198056,47.86248485,29.12627563
Retin,6,2096,-5.823611,36.198056,100.3021906,29.72119751
Retin,6,2097,-5.823611,36.198056,125.3675727,30.97142639
Retin,6,2098,-5.823611,36.198056,186.3437394,29.10294698
Retin,6,2099,-5.823611,36.198056,194.7813587,27.31389567
Retin,6,2100,-5.823611,36.198056,73.06521979,32.16689758
Retin,7,2015,-5.823611,36.198056,45.05125663,32.24889329
Retin,7,2016,-5.823611,36.198056,122.1238722,28.84056515
Retin,7,2017,-5.823611,36.198056,49.41304877,31.69620027
Retin,7,2018,-5.823611,36.198056,103.535482,30.40673316
Retin,7,2019,-5.823611,36.198056,55.73107892,30.89425935
Retin,7,2020,-5.823611,36.198056,86.76051974,29.89248145
Retin,7,2021,-5.823611,36.198056,113.4036428,31.37604823
Retin,7,2022,-5.823611,36.198056,49.93437064,31.26061992
Retin,7,2023,-5.823611,36.198056,109.7349308,27.69992144
Retin,7,2024,-5.823611,36.198056,79.44941846,32.91988132
Retin,7,2025,-5.823611,36.198056,102.2722371,31.76628044
Retin,7,2026,-5.823611,36.198056,75.76580291,32.74622645
Retin,7,2027,-5.823611,36.198056,52.19703916,31.82512424
Retin,7,2028,-5.823611,36.198056,111.7422239,31.39293233
Retin,7,2029,-5.823611,36.198056,59.79149348,29.90450439
Retin,7,2030,-5.823611,36.198056,65.36251554,34.00753961
Retin,7,2031,-5.823611,36.198056,116.4973814,32.28933598
Retin,7,2032,-5.823611,36.198056,55.15913379,29.84560055
Retin,7,2033,-5.823611,36.198056,41.07522805,31.86024603
Retin,7,2034,-5.823611,36.198056,103.4365099,29.95746224
Retin,7,2035,-5.823611,36.198056,147.2266471,30.48364632
Retin,7,2036,-5.823611,36.198056,56.24751431,32.27286731
Retin,7,2037,-5.823611,36.198056,69.34635807,31.55461544
Retin,7,2038,-5.823611,36.198056,51.72497496,32.76675297
Retin,7,2039,-5.823611,36.198056,73.2819168,33.41194675
Retin,7,2040,-5.823611,36.198056,120.0973992,29.32339852
Retin,7,2041,-5.823611,36.198056,58.49894244,30.62692044
Retin,7,2042,-5.823611,36.198056,46.2241658,33.4123543
Retin,7,2043,-5.823611,36.198056,89.82254262,33.13799537
Retin,7,2044,-5.823611,36.198056,50.79247153,31.83885026
Retin,7,2045,-5.823611,36.198056,75.24543398,32.27850125
Retin,7,2046,-5.823611,36.198056,45.6709581,31.77167713
Retin,7,2047,-5.823611,36.198056,64.86022873,32.52726775
Retin,7,2048,-5.823611,36.198056,38.81596466,30.95882667
Retin,7,2049,-5.823611,36.198056,130.7178477,30.89594175
Retin,7,2050,-5.823611,36.198056,91.11240421,31.30678514
Retin,7,2051,-5.823611,36.198056,87.38170513,32.79405636
Retin,7,2052,-5.823611,36.198056,58.1318449,33.53016594
Retin,7,2053,-5.823611,36.198056,106.9058542,29.75373082
Retin,7,2054,-5.823611,36.198056,96.24947358,33.35820037
Retin,7,2055,-5.823611,36.198056,37.32546073,32.67414492
Retin,7,2056,-5.823611,36.198056,63.73396168,33.57778616
Retin,7,2057,-5.823611,36.198056,50.34589323,33.63474574
Retin,7,2058,-5.823611,36.198056,50.51577399,34.03094955
Retin,7,2059,-5.823611,36.198056,56.53100131,32.87664283
Retin,7,2060,-5.823611,36.198056,68.41922771,32.83615191
Retin,7,2061,-5.823611,36.198056,74.86542071,33.37883222
Retin,7,2062,-5.823611,36.198056,88.28173686,32.45699857
Retin,7,2063,-5.823611,36.198056,87.00836107,34.3799279
Retin,7,2064,-5.823611,36.198056,83.99385291,34.67037944
Retin,7,2065,-5.823611,36.198056,127.4310797,32.39025859
Retin,7,2066,-5.823611,36.198056,48.86908607,33.12091537
Retin,7,2067,-5.823611,36.198056,89.00362207,32.22923899
Retin,7,2068,-5.823611,36.198056,49.54871564,34.00135833
Retin,7,2069,-5.823611,36.198056,64.76144322,33.60570679
Retin,7,2070,-5.823611,36.198056,67.23807051,33.08290917
Retin,7,2071,-5.823611,36.198056,70.24851451,34.21290126
Retin,7,2072,-5.823611,36.198056,48.5166911,33.75860281
Retin,7,2073,-5.823611,36.198056,76.86792744,33.87937858
Retin,7,2074,-5.823611,36.198056,61.29141393,31.50432838
Retin,7,2075,-5.823611,36.198056,89.54732181,32.4493613
Retin,7,2076,-5.823611,36.198056,35.3418931,34.74258502
Retin,7,2077,-5.823611,36.198056,48.01197496,35.22108883
Retin,7,2078,-5.823611,36.198056,93.60284125,33.62515042
Retin,7,2079,-5.823611,36.198056,74.0447155,34.70167473
Retin,7,2080,-5.823611,36.198056,81.44629253,34.29445407
Retin,7,2081,-5.823611,36.198056,62.38942104,33.54752945
Retin,7,2082,-5.823611,36.198056,79.0525583,32.49800533
Retin,7,2083,-5.823611,36.198056,57.43091232,35.10670993
Retin,7,2084,-5.823611,36.198056,100.8402605,33.04505458
Retin,7,2085,-5.823611,36.198056,65.89528028,36.16141909
Retin,7,2086,-5.823611,36.198056,79.0368894,34.40197242
Retin,7,2087,-5.823611,36.198056,39.43693824,33.91791835
Retin,7,2088,-5.823611,36.198056,96.65361648,31.31712765
Retin,7,2089,-5.823611,36.198056,62.0676125,35.91138069
Retin,7,2090,-5.823611,36.198056,95.90241479,34.4616018
Retin,7,2091,-5.823611,36.198056,25.60456151,36.44315442
Retin,7,2092,-5.823611,36.198056,103.3447833,33.41029683
Retin,7,2093,-5.823611,36.198056,136.9004218,31.233983
Retin,7,2094,-5.823611,36.198056,60.79304474,36.96313358
Retin,7,2095,-5.823611,36.198056,79.2626778,33.7483804
Retin,7,2096,-5.823611,36.198056,69.09825179,35.80905033
Retin,7,2097,-5.823611,36.198056,100.525059,33.58147091
Retin,7,2098,-5.823611,36.198056,127.496706,30.93401686
Retin,7,2099,-5.823611,36.198056,77.1847597,35.79147418
Retin,7,2100,-5.823611,36.198056,88.08131381,35.38181901
Retin,8,2015,-5.823611,36.198056,41.83775883,30.42531935
Retin,8,2016,-5.823611,36.198056,43.15745927,30.04665429
Retin,8,2017,-5.823611,36.198056,32.5334791,31.87476452
Retin,8,2018,-5.823611,36.198056,67.08083916,31.69016468
Retin,8,2019,-5.823611,36.198056,67.31387255,30.3365447
Retin,8,2020,-5.823611,36.198056,41.67990327,31.60875658
Retin,8,2021,-5.823611,36.198056,54.85988321,30.75645673
Retin,8,2022,-5.823611,36.198056,50.93612633,30.93096313
Retin,8,2023,-5.823611,36.198056,60.06139751,30.35454909
Retin,8,2024,-5.823611,36.198056,47.5099074,33.12743235
Retin,8,2025,-5.823611,36.198056,88.67588941,30.3895813
Retin,8,2026,-5.823611,36.198056,38.85043337,32.6278153
Retin,8,2027,-5.823611,36.198056,70.090482,32.66594061
Retin,8,2028,-5.823611,36.198056,74.07159625,30.49609355
Retin,8,2029,-5.823611,36.198056,80.4832178,31.30037251
Retin,8,2030,-5.823611,36.198056,67.02552881,31.83528561
Retin,8,2031,-5.823611,36.198056,88.34221825,28.6742158
Retin,8,2032,-5.823611,36.198056,40.12444676,32.48714107
Retin,8,2033,-5.823611,36.198056,97.81274705,30.58490463
Retin,8,2034,-5.823611,36.198056,70.11057266,31.4061612
Retin,8,2035,-5.823611,36.198056,58.17633891,31.69618452
Retin,8,2036,-5.823611,36.198056,48.8816005,32.52635321
Retin,8,2037,-5.823611,36.198056,39.67178683,32.73738226
Retin,8,2038,-5.823611,36.198056,49.94267092,33.09458461
Retin,8,2039,-5.823611,36.198056,41.86560986,31.9245131
Retin,8,2040,-5.823611,36.198056,67.55184636,31.9629997
Retin,8,2041,-5.823611,36.198056,28.51184681,33.61399969
Retin,8,2042,-5.823611,36.198056,58.58868474,33.63839407
Retin,8,2043,-5.823611,36.198056,56.83644557,31.61947809
Retin,8,2044,-5.823611,36.198056,47.492446,32.87984718
Retin,8,2045,-5.823611,36.198056,46.22624309,32.66620838
Retin,8,2046,-5.823611,36.198056,26.99867517,33.21715403
Retin,8,2047,-5.823611,36.198056,67.51419858,31.80500429
Retin,8,2048,-5.823611,36.198056,84.60786047,31.86166756
Retin,8,2049,-5.823611,36.198056,55.38199514,32.41987147
Retin,8,2050,-5.823611,36.198056,95.59774243,32.21661456
Retin,8,2051,-5.823611,36.198056,46.77420641,33.17098881
Retin,8,2052,-5.823611,36.198056,43.92399407,32.86053349
Retin,8,2053,-5.823611,36.198056,48.88072948,32.22267082
Retin,8,2054,-5.823611,36.198056,80.20073315,32.14980173
Retin,8,2055,-5.823611,36.198056,59.4642471,31.9536121
Retin,8,2056,-5.823611,36.198056,58.51092597,34.00658865
Retin,8,2057,-5.823611,36.198056,17.74451209,34.36640172
Retin,8,2058,-5.823611,36.198056,63.93054022,32.86830267
Retin,8,2059,-5.823611,36.198056,75.20948748,33.87467297
Retin,8,2060,-5.823611,36.198056,48.2037532,33.58932475
Retin,8,2061,-5.823611,36.198056,37.9945297,32.10443292
Retin,8,2062,-5.823611,36.198056,55.1195098,34.78773331
Retin,8,2063,-5.823611,36.198056,69.29281219,32.78969431
Retin,8,2064,-5.823611,36.198056,79.63222459,32.91057838
Retin,8,2065,-5.823611,36.198056,61.5613396,32.85134376
Retin,8,2066,-5.823611,36.198056,46.96562246,34.30104685
Retin,8,2067,-5.823611,36.198056,77.55575678,32.78130395
Retin,8,2068,-5.823611,36.198056,42.29738009,33.68924029
Retin,8,2069,-5.823611,36.198056,71.96428118,34.24438162
Retin,8,2070,-5.823611,36.198056,49.9813137,34.47143043
Retin,8,2071,-5.823611,36.198056,146.9417798,29.79671729
Retin,8,2072,-5.823611,36.198056,76.71849374,32.84513589
Retin,8,2073,-5.823611,36.198056,55.83753043,35.21116865
Retin,8,2074,-5.823611,36.198056,97.5572221,31.79540307
Retin,8,2075,-5.823611,36.198056,76.82644108,33.7621773
Retin,8,2076,-5.823611,36.198056,112.1648753,31.60353905
Retin,8,2077,-5.823611,36.198056,37.60499609,34.80974141
Retin,8,2078,-5.823611,36.198056,34.98501832,36.6941172
Retin,8,2079,-5.823611,36.198056,73.18329396,34.03778056
Retin,8,2080,-5.823611,36.198056,24.36080073,35.93812492
Retin,8,2081,-5.823611,36.198056,61.62762036,35.28378375
Retin,8,2082,-5.823611,36.198056,112.5383305,34.39099692
Retin,8,2083,-5.823611,36.198056,77.81891172,35.78446301
Retin,8,2084,-5.823611,36.198056,52.62291668,34.39266456
Retin,8,2085,-5.823611,36.198056,23.46520127,34.81469707
Retin,8,2086,-5.823611,36.198056,57.83993446,34.05648095
Retin,8,2087,-5.823611,36.198056,62.65617859,34.47687043
Retin,8,2088,-5.823611,36.198056,57.64871242,34.10197478
Retin,8,2089,-5.823611,36.198056,21.81429013,35.2609625
Retin,8,2090,-5.823611,36.198056,67.70219042,34.95781368
Retin,8,2091,-5.823611,36.198056,39.88023855,37.03101649
Retin,8,2092,-5.823611,36.198056,63.1659767,35.72166276
Retin,8,2093,-5.823611,36.198056,70.22717558,33.9651379
Retin,8,2094,-5.823611,36.198056,32.60826814,37.79903761
Retin,8,2095,-5.823611,36.198056,70.97092704,34.49394354
Retin,8,2096,-5.823611,36.198056,47.94325884,36.58296332
Retin,8,2097,-5.823611,36.198056,68.89456809,35.74818745
Retin,8,2098,-5.823611,36.198056,19.31008772,34.46412393
Retin,8,2099,-5.823611,36.198056,93.07765193,31.97825751
Retin,8,2100,-5.823611,36.198056,41.48693801,36.60812752
Retin,9,2015,-5.823611,36.198056,101.6221289,26.65684611
Retin,9,2016,-5.823611,36.198056,101.5264416,25.19356079
Retin,9,2017,-5.823611,36.198056,61.19479391,28.7271108
Retin,9,2018,-5.823611,36.198056,76.41637476,24.88515727
Retin,9,2019,-5.823611,36.198056,59.47277451,27.99203796
Retin,9,2020,-5.823611,36.198056,72.98402464,26.14356893
Retin,9,2021,-5.823611,36.198056,55.60491611,25.21778768
Retin,9,2022,-5.823611,36.198056,120.6651472,25.70561523
Retin,9,2023,-5.823611,36.198056,53.89875519,26.86835531
Retin,9,2024,-5.823611,36.198056,99.81015346,25.71776428
Retin,9,2025,-5.823611,36.198056,103.7925949,23.91383565
Retin,9,2026,-5.823611,36.198056,88.07208951,25.6744161
Retin,9,2027,-5.823611,36.198056,32.26833542,26.74070129
Retin,9,2028,-5.823611,36.198056,71.0164338,26.83994242
Retin,9,2029,-5.823611,36.198056,57.42919552,26.35091451
Retin,9,2030,-5.823611,36.198056,117.4977813,26.55979614
Retin,9,2031,-5.823611,36.198056,51.95467575,26.08223368
Retin,9,2032,-5.823611,36.198056,85.12267597,26.11966654
Retin,9,2033,-5.823611,36.198056,128.2537336,24.10019938
Retin,9,2034,-5.823611,36.198056,67.21217132,25.83168742
Retin,9,2035,-5.823611,36.198056,42.1760342,27.00574341
Retin,9,2036,-5.823611,36.198056,108.5968854,24.40023397
Retin,9,2037,-5.823611,36.198056,36.51960796,28.3229421
Retin,9,2038,-5.823611,36.198056,78.65850171,25.96999003
Retin,9,2039,-5.823611,36.198056,67.87967742,26.90432027
Retin,9,2040,-5.823611,36.198056,67.40876886,25.45624084
Retin,9,2041,-5.823611,36.198056,72.63093528,27.72121175
Retin,9,2042,-5.823611,36.198056,117.7971147,25.73380839
Retin,9,2043,-5.823611,36.198056,82.10174254,25.69419556
Retin,9,2044,-5.823611,36.198056,47.11802663,29.28228556
Retin,9,2045,-5.823611,36.198056,52.19943061,26.68302104
Retin,9,2046,-5.823611,36.198056,48.01786855,28.64653625
Retin,9,2047,-5.823611,36.198056,168.1690489,24.94240723
Retin,9,2048,-5.823611,36.198056,53.00510316,27.28094889
Retin,9,2049,-5.823611,36.198056,89.11020615,26.37019043
Retin,9,2050,-5.823611,36.198056,98.041837,26.22377218
Retin,9,2051,-5.823611,36.198056,52.63869645,27.66639201
Retin,9,2052,-5.823611,36.198056,73.36385971,28.29583537
Retin,9,2053,-5.823611,36.198056,123.6422807,26.8329539
Retin,9,2054,-5.823611,36.198056,71.63740398,28.92102661
Retin,9,2055,-5.823611,36.198056,81.01839283,26.84522909
Retin,9,2056,-5.823611,36.198056,49.15041395,27.4591746
Retin,9,2057,-5.823611,36.198056,45.93323179,28.9748057
Retin,9,2058,-5.823611,36.198056,82.11306749,26.09436239
Retin,9,2059,-5.823611,36.198056,62.22505912,29.27229513
Retin,9,2060,-5.823611,36.198056,166.7433698,24.83260295
Retin,9,2061,-5.823611,36.198056,103.7542049,28.3188385
Retin,9,2062,-5.823611,36.198056,102.5338323,29.48455607
Retin,9,2063,-5.823611,36.198056,47.36068349,28.07701721
Retin,9,2064,-5.823611,36.198056,46.33463034,27.6907725
Retin,9,2065,-5.823611,36.198056,67.64405503,29.28123169
Retin,9,2066,-5.823611,36.198056,69.97399406,29.47034505
Retin,9,2067,-5.823611,36.198056,113.0937652,26.75270589
Retin,9,2068,-5.823611,36.198056,36.30801067,28.56176554
Retin,9,2069,-5.823611,36.198056,72.02034124,28.3122996
Retin,9,2070,-5.823611,36.198056,69.84009782,28.92534078
Retin,9,2071,-5.823611,36.198056,58.27475327,29.99298197
Retin,9,2072,-5.823611,36.198056,39.63696374,28.46964722
Retin,9,2073,-5.823611,36.198056,55.96279252,29.71316325
Retin,9,2074,-5.823611,36.198056,164.9976925,26.80036723
Retin,9,2075,-5.823611,36.198056,111.2992217,28.88324585
Retin,9,2076,-5.823611,36.198056,108.3275639,26.29450989
Retin,9,2077,-5.823611,36.198056,187.0522807,23.95023499
Retin,9,2078,-5.823611,36.198056,37.40463215,32.06572266
Retin,9,2079,-5.823611,36.198056,63.77799911,28.7604126
Retin,9,2080,-5.823611,36.198056,47.45616018,30.32178446
Retin,9,2081,-5.823611,36.198056,127.0703366,26.30270793
Retin,9,2082,-5.823611,36.198056,68.67423841,29.0265981
Retin,9,2083,-5.823611,36.198056,109.5465795,30.44188639
Retin,9,2084,-5.823611,36.198056,47.65065827,29.01198425
Retin,9,2085,-5.823611,36.198056,46.5481941,29.59851786
Retin,9,2086,-5.823611,36.198056,72.60470912,29.87734172
Retin,9,2087,-5.823611,36.198056,67.74014072,30.61467997
Retin,9,2088,-5.823611,36.198056,36.12057016,29.26948954
Retin,9,2089,-5.823611,36.198056,42.96160661,31.1569519
Retin,9,2090,-5.823611,36.198056,38.7324951,29.89252726
Retin,9,2091,-5.823611,36.198056,17.75889001,31.22068176
Retin,9,2092,-5.823611,36.198056,57.09618191,29.08295797
Retin,9,2093,-5.823611,36.198056,27.68452271,29.10314331
Retin,9,2094,-5.823611,36.198056,77.91010242,31.40940145
Retin,9,2095,-5.823611,36.198056,44.66274356,30.1498291
Retin,9,2096,-5.823611,36.198056,101.6065497,29.14754232
Retin,9,2097,-5.823611,36.198056,54.61990181,30.45243123
Retin,9,2098,-5.823611,36.198056,158.7749492,28.86553548
Retin,9,2099,-5.823611,36.198056,197.7296789,27.07234904
Retin,9,2100,-5.823611,36.198056,28.62930108,30.10253194
SCarbDist,1,2015,-5.360555556,36.20638889,6.164272203,10.9335335
SCarbDist,1,2016,-5.360555556,36.20638889,65.3406584,10.33381092
SCarbDist,1,2017,-5.360555556,36.20638889,13.37374009,14.78664354
SCarbDist,1,2018,-5.360555556,36.20638889,31.78027838,11.07513605
SCarbDist,1,2019,-5.360555556,36.20638889,13.45057078,12.99073624
SCarbDist,1,2020,-5.360555556,36.20638889,17.4865033,12.13729346
SCarbDist,1,2021,-5.360555556,36.20638889,9.886489123,12.41431727
SCarbDist,1,2022,-5.360555556,36.20638889,124.2723979,9.321541866
SCarbDist,1,2023,-5.360555556,36.20638889,5.870315523,13.61226807
SCarbDist,1,2024,-5.360555556,36.20638889,9.849419874,14.89918252
SCarbDist,1,2025,-5.360555556,36.20638889,92.00610493,10.03883588
SCarbDist,1,2026,-5.360555556,36.20638889,34.64407833,11.28764077
SCarbDist,1,2027,-5.360555556,36.20638889,45.64543805,13.12379387
SCarbDist,1,2028,-5.360555556,36.20638889,45.54854043,10.25912357
SCarbDist,1,2029,-5.360555556,36.20638889,17.91194555,12.75790779
SCarbDist,1,2030,-5.360555556,36.20638889,2.008728138,13.33031321
SCarbDist,1,2031,-5.360555556,36.20638889,36.23691975,13.42561764
SCarbDist,1,2032,-5.360555556,36.20638889,77.56464638,12.24502839
SCarbDist,1,2033,-5.360555556,36.20638889,36.81369627,9.680592986
SCarbDist,1,2034,-5.360555556,36.20638889,57.32517534,9.629608942
SCarbDist,1,2035,-5.360555556,36.20638889,21.9303979,13.93768488
SCarbDist,1,2036,-5.360555556,36.20638889,23.70633918,14.19972652
SCarbDist,1,2037,-5.360555556,36.20638889,18.35427051,11.43146815
SCarbDist,1,2038,-5.360555556,36.20638889,77.83028889,11.04053699
SCarbDist,1,2039,-5.360555556,36.20638889,40.06265691,11.72582791
SCarbDist,1,2040,-5.360555556,36.20638889,11.54531058,11.85500488
SCarbDist,1,2041,-5.360555556,36.20638889,69.64765452,12.19207646
SCarbDist,1,2042,-5.360555556,36.20638889,18.2988662,13.22914744
SCarbDist,1,2043,-5.360555556,36.20638889,31.04636719,13.86302018
SCarbDist,1,2044,-5.360555556,36.20638889,81.51727817,11.60786271
SCarbDist,1,2045,-5.360555556,36.20638889,2.622030871,15.95038413
SCarbDist,1,2046,-5.360555556,36.20638889,24.02399939,11.24613293
SCarbDist,1,2047,-5.360555556,36.20638889,5.104409073,15.06168863
SCarbDist,1,2048,-5.360555556,36.20638889,8.804350889,12.75469754
SCarbDist,1,2049,-5.360555556,36.20638889,18.10300565,13.31274887
SCarbDist,1,2050,-5.360555556,36.20638889,10.76686255,12.76338127
SCarbDist,1,2051,-5.360555556,36.20638889,44.78609927,12.08723184
SCarbDist,1,2052,-5.360555556,36.20638889,1.984603559,16.51689177
SCarbDist,1,2053,-5.360555556,36.20638889,23.20290226,13.62728075
SCarbDist,1,2054,-5.360555556,36.20638889,76.52944398,9.951716072
SCarbDist,1,2055,-5.360555556,36.20638889,10.70138752,15.01902604
SCarbDist,1,2056,-5.360555556,36.20638889,17.21351803,12.07415949
SCarbDist,1,2057,-5.360555556,36.20638889,24.87427286,14.66342833
SCarbDist,1,2058,-5.360555556,36.20638889,15.36901838,14.24498901
SCarbDist,1,2059,-5.360555556,36.20638889,59.55285851,13.03767326
SCarbDist,1,2060,-5.360555556,36.20638889,7.993221626,13.14951329
SCarbDist,1,2061,-5.360555556,36.20638889,2.024765534,14.76355551
SCarbDist,1,2062,-5.360555556,36.20638889,16.0065717,12.93030947
SCarbDist,1,2063,-5.360555556,36.20638889,40.02079101,12.27999268
SCarbDist,1,2064,-5.360555556,36.20638889,65.11164229,13.6206289
SCarbDist,1,2065,-5.360555556,36.20638889,52.37024159,11.44432393
SCarbDist,1,2066,-5.360555556,36.20638889,17.44505193,13.03072214
SCarbDist,1,2067,-5.360555556,36.20638889,3.237635824,15.36011215
SCarbDist,1,2068,-5.360555556,36.20638889,77.62868104,11.45949215
SCarbDist,1,2069,-5.360555556,36.20638889,15.86963537,15.48670989
SCarbDist,1,2070,-5.360555556,36.20638889,63.31425713,13.48306255
SCarbDist,1,2071,-5.360555556,36.20638889,37.95385248,13.74463363
SCarbDist,1,2072,-5.360555556,36.20638889,22.42006773,12.4079519
SCarbDist,1,2073,-5.360555556,36.20638889,46.0916096,13.39485592
SCarbDist,1,2074,-5.360555556,36.20638889,22.89132052,15.38897784
SCarbDist,1,2075,-5.360555556,36.20638889,35.14946283,13.19654876
SCarbDist,1,2076,-5.360555556,36.20638889,15.15468484,12.2546306
SCarbDist,1,2077,-5.360555556,36.20638889,6.735347425,15.50169697
SCarbDist,1,2078,-5.360555556,36.20638889,20.32581426,11.58927061
SCarbDist,1,2079,-5.360555556,36.20638889,7.16014857,15.81360631
SCarbDist,1,2080,-5.360555556,36.20638889,63.30749572,11.189069
SCarbDist,1,2081,-5.360555556,36.20638889,7.353081292,14.86522729
SCarbDist,1,2082,-5.360555556,36.20638889,8.787698747,14.12657294
SCarbDist,1,2083,-5.360555556,36.20638889,2.232564753,15.67043457
SCarbDist,1,2084,-5.360555556,36.20638889,11.77702601,15.8545166
SCarbDist,1,2085,-5.360555556,36.20638889,36.46901843,16.74167638
SCarbDist,1,2086,-5.360555556,36.20638889,73.70955688,14.44601519
SCarbDist,1,2087,-5.360555556,36.20638889,51.78583458,13.74438851
SCarbDist,1,2088,-5.360555556,36.20638889,6.164577055,15.39072817
SCarbDist,1,2089,-5.360555556,36.20638889,8.267244655,14.68629387
SCarbDist,1,2090,-5.360555556,36.20638889,22.54915663,14.67691217
SCarbDist,1,2091,-5.360555556,36.20638889,17.07719513,15.63485009
SCarbDist,1,2092,-5.360555556,36.20638889,13.25995477,15.7911375
SCarbDist,1,2093,-5.360555556,36.20638889,6.389007783,14.60252508
SCarbDist,1,2094,-5.360555556,36.20638889,124.9355616,13.47372318
SCarbDist,1,2095,-5.360555556,36.20638889,20.14817119,14.23527064
SCarbDist,1,2096,-5.360555556,36.20638889,11.18055227,13.23789909
SCarbDist,1,2097,-5.360555556,36.20638889,14.97312233,14.47004139
SCarbDist,1,2098,-5.360555556,36.20638889,2.158287935,18.60824565
SCarbDist,1,2099,-5.360555556,36.20638889,34.70589981,13.7124622
SCarbDist,1,2100,-5.360555556,36.20638889,10.28052693,16.35295824
SCarbDist,10,2015,-5.360555556,36.20638889,83.75183137,20.59304396
SCarbDist,10,2016,-5.360555556,36.20638889,42.32269931,19.79761707
SCarbDist,10,2017,-5.360555556,36.20638889,50.80549132,19.10287653
SCarbDist,10,2018,-5.360555556,36.20638889,72.08835365,19.69344679
SCarbDist,10,2019,-5.360555556,36.20638889,63.99326741,22.0658272
SCarbDist,10,2020,-5.360555556,36.20638889,76.22714293,17.59039681
SCarbDist,10,2021,-5.360555556,36.20638889,84.26535463,19.18958287
SCarbDist,10,2022,-5.360555556,36.20638889,271.0707922,16.77562571
SCarbDist,10,2023,-5.360555556,36.20638889,29.02560689,22.95855299
SCarbDist,10,2024,-5.360555556,36.20638889,153.5327856,17.10531203
SCarbDist,10,2025,-5.360555556,36.20638889,181.4963282,16.37296989
SCarbDist,10,2026,-5.360555556,36.20638889,75.89221561,18.36489455
SCarbDist,10,2027,-5.360555556,36.20638889,67.51849624,22.26541413
SCarbDist,10,2028,-5.360555556,36.20638889,79.69104213,20.14873165
SCarbDist,10,2029,-5.360555556,36.20638889,27.96333132,18.87397205
SCarbDist,10,2030,-5.360555556,36.20638889,57.1727113,19.93108225
SCarbDist,10,2031,-5.360555556,36.20638889,226.5560305,17.32243672
SCarbDist,10,2032,-5.360555556,36.20638889,90.35120542,19.37857824
SCarbDist,10,2033,-5.360555556,36.20638889,117.932246,20.60440634
SCarbDist,10,2034,-5.360555556,36.20638889,57.44356456,21.55007423
SCarbDist,10,2035,-5.360555556,36.20638889,82.7089785,18.96875374
SCarbDist,10,2036,-5.360555556,36.20638889,96.38958744,17.57748886
SCarbDist,10,2037,-5.360555556,36.20638889,44.39409119,18.26578034
SCarbDist,10,2038,-5.360555556,36.20638889,24.31632435,22.46077684
SCarbDist,10,2039,-5.360555556,36.20638889,54.9949976,20.12656604
SCarbDist,10,2040,-5.360555556,36.20638889,222.5232823,18.19697108
SCarbDist,10,2041,-5.360555556,36.20638889,113.9548012,18.72797497
SCarbDist,10,2042,-5.360555556,36.20638889,32.75408441,21.09203983
SCarbDist,10,2043,-5.360555556,36.20638889,63.42414523,18.57658022
SCarbDist,10,2044,-5.360555556,36.20638889,92.58709217,21.12574994
SCarbDist,10,2045,-5.360555556,36.20638889,87.98216598,19.10464852
SCarbDist,10,2046,-5.360555556,36.20638889,150.3216548,20.45777824
SCarbDist,10,2047,-5.360555556,36.20638889,48.15724054,21.06614222
SCarbDist,10,2048,-5.360555556,36.20638889,73.23235294,19.50155029
SCarbDist,10,2049,-5.360555556,36.20638889,102.1181569,22.16889491
SCarbDist,10,2050,-5.360555556,36.20638889,58.93468343,23.0071675
SCarbDist,10,2051,-5.360555556,36.20638889,36.55448393,22.24452633
SCarbDist,10,2052,-5.360555556,36.20638889,64.87815111,21.17475232
SCarbDist,10,2053,-5.360555556,36.20638889,29.24950763,22.19689528
SCarbDist,10,2054,-5.360555556,36.20638889,43.10920447,21.21254784
SCarbDist,10,2055,-5.360555556,36.20638889,136.4933427,17.1575089
SCarbDist,10,2056,-5.360555556,36.20638889,39.35813754,20.81880513
SCarbDist,10,2057,-5.360555556,36.20638889,97.6780268,20.10714407
SCarbDist,10,2058,-5.360555556,36.20638889,120.0989036,21.15906037
SCarbDist,10,2059,-5.360555556,36.20638889,82.08935343,22.44918016
SCarbDist,10,2060,-5.360555556,36.20638889,42.3775345,18.66959091
SCarbDist,10,2061,-5.360555556,36.20638889,146.894599,20.63605307
SCarbDist,10,2062,-5.360555556,36.20638889,23.61989436,20.99565056
SCarbDist,10,2063,-5.360555556,36.20638889,56.48063809,22.1272837
SCarbDist,10,2064,-5.360555556,36.20638889,86.36480019,22.45349003
SCarbDist,10,2065,-5.360555556,36.20638889,60.48267111,22.9869373
SCarbDist,10,2066,-5.360555556,36.20638889,63.7795417,22.0265058
SCarbDist,10,2067,-5.360555556,36.20638889,76.99542938,21.18954054
SCarbDist,10,2068,-5.360555556,36.20638889,71.79970251,19.56061165
SCarbDist,10,2069,-5.360555556,36.20638889,135.0725308,21.8381641
SCarbDist,10,2070,-5.360555556,36.20638889,93.69635287,22.35429215
SCarbDist,10,2071,-5.360555556,36.20638889,72.68608809,24.22063697
SCarbDist,10,2072,-5.360555556,36.20638889,61.71964553,23.34059763
SCarbDist,10,2073,-5.360555556,36.20638889,117.1562097,21.00371901
SCarbDist,10,2074,-5.360555556,36.20638889,175.1417948,17.64751095
SCarbDist,10,2075,-5.360555556,36.20638889,18.5307886,24.80715332
SCarbDist,10,2076,-5.360555556,36.20638889,53.41423317,22.50002835
SCarbDist,10,2077,-5.360555556,36.20638889,60.66151459,20.23461501
SCarbDist,10,2078,-5.360555556,36.20638889,43.26428627,25.70672391
SCarbDist,10,2079,-5.360555556,36.20638889,94.71270401,19.84769642
SCarbDist,10,2080,-5.360555556,36.20638889,35.49856486,25.66075262
SCarbDist,10,2081,-5.360555556,36.20638889,13.52149116,24.32885033
SCarbDist,10,2082,-5.360555556,36.20638889,42.77833236,25.50492199
SCarbDist,10,2083,-5.360555556,36.20638889,160.0228045,18.85384128
SCarbDist,10,2084,-5.360555556,36.20638889,42.5780389,24.36271205
SCarbDist,10,2085,-5.360555556,36.20638889,63.96645549,24.36511506
SCarbDist,10,2086,-5.360555556,36.20638889,85.49713603,25.3293081
SCarbDist,10,2087,-5.360555556,36.20638889,90.76510242,23.97567237
SCarbDist,10,2088,-5.360555556,36.20638889,134.3454887,24.70948821
SCarbDist,10,2089,-5.360555556,36.20638889,20.90978696,26.15673316
SCarbDist,10,2090,-5.360555556,36.20638889,118.8311172,22.14233477
SCarbDist,10,2091,-5.360555556,36.20638889,66.82066946,23.06931015
SCarbDist,10,2092,-5.360555556,36.20638889,45.67531929,24.57436228
SCarbDist,10,2093,-5.360555556,36.20638889,38.9741141,23.18641791
SCarbDist,10,2094,-5.360555556,36.20638889,90.25627187,23.20232839
SCarbDist,10,2095,-5.360555556,36.20638889,68.17137717,23.31741313
SCarbDist,10,2096,-5.360555556,36.20638889,168.7706287,17.67973259
SCarbDist,10,2097,-5.360555556,36.20638889,22.66898953,25.42661783
SCarbDist,10,2098,-5.360555556,36.20638889,255.0324897,21.36613789
SCarbDist,10,2099,-5.360555556,36.20638889,4.231280568,23.33086548
SCarbDist,10,2100,-5.360555556,36.20638889,48.28228248,25.66985572
SCarbDist,11,2015,-5.360555556,36.20638889,48.38098225,13.92687073
SCarbDist,11,2016,-5.360555556,36.20638889,75.7213314,17.06195577
SCarbDist,11,2017,-5.360555556,36.20638889,34.94585413,16.01923014
SCarbDist,11,2018,-5.360555556,36.20638889,5.369730724,17.00990194
SCarbDist,11,2019,-5.360555556,36.20638889,88.23189231,14.39065247
SCarbDist,11,2020,-5.360555556,36.20638889,127.6588044,13.70657756
SCarbDist,11,2021,-5.360555556,36.20638889,60.93209029,12.38975627
SCarbDist,11,2022,-5.360555556,36.20638889,70.95474486,15.08192952
SCarbDist,11,2023,-5.360555556,36.20638889,27.06777799,15.98512166
SCarbDist,11,2024,-5.360555556,36.20638889,18.92640109,13.70152893
SCarbDist,11,2025,-5.360555556,36.20638889,81.94071276,14.38966064
SCarbDist,11,2026,-5.360555556,36.20638889,9.939982472,16.76792704
SCarbDist,11,2027,-5.360555556,36.20638889,34.77132525,15.47078756
SCarbDist,11,2028,-5.360555556,36.20638889,19.5173547,15.92893372
SCarbDist,11,2029,-5.360555556,36.20638889,136.4994855,14.67351786
SCarbDist,11,2030,-5.360555556,36.20638889,31.30733511,14.9475057
SCarbDist,11,2031,-5.360555556,36.20638889,73.63070813,13.76139628
SCarbDist,11,2032,-5.360555556,36.20638889,63.23406799,15.02232157
SCarbDist,11,2033,-5.360555556,36.20638889,74.05198942,13.65531921
SCarbDist,11,2034,-5.360555556,36.20638889,10.43811017,18.44635518
SCarbDist,11,2035,-5.360555556,36.20638889,107.4646797,13.07749329
SCarbDist,11,2036,-5.360555556,36.20638889,126.3832921,11.76103719
SCarbDist,11,2037,-5.360555556,36.20638889,14.43164597,16.22931519
SCarbDist,11,2038,-5.360555556,36.20638889,39.93247298,16.96585693
SCarbDist,11,2039,-5.360555556,36.20638889,99.65278831,11.66065674
SCarbDist,11,2040,-5.360555556,36.20638889,74.01070408,12.5390981
SCarbDist,11,2041,-5.360555556,36.20638889,29.95168695,13.16360881
SCarbDist,11,2042,-5.360555556,36.20638889,20.21149411,16.38213908
SCarbDist,11,2043,-5.360555556,36.20638889,4.988953114,18.9180776
SCarbDist,11,2044,-5.360555556,36.20638889,4.422747707,17.37414347
SCarbDist,11,2045,-5.360555556,36.20638889,13.66523954,18.17885946
SCarbDist,11,2046,-5.360555556,36.20638889,26.16726489,14.41564128
SCarbDist,11,2047,-5.360555556,36.20638889,19.73331206,16.67893372
SCarbDist,11,2048,-5.360555556,36.20638889,89.29841286,13.07190247
SCarbDist,11,2049,-5.360555556,36.20638889,50.88493345,15.29458923
SCarbDist,11,2050,-5.360555556,36.20638889,100.7548365,15.77719116
SCarbDist,11,2051,-5.360555556,36.20638889,10.0582045,18.07425842
SCarbDist,11,2052,-5.360555556,36.20638889,24.11150797,14.76038717
SCarbDist,11,2053,-5.360555556,36.20638889,6.731335175,19.53586222
SCarbDist,11,2054,-5.360555556,36.20638889,23.92839872,14.5087616
SCarbDist,11,2055,-5.360555556,36.20638889,3.189226146,16.39730326
SCarbDist,11,2056,-5.360555556,36.20638889,53.66383456,16.46003723
SCarbDist,11,2057,-5.360555556,36.20638889,51.73260921,14.23539124
SCarbDist,11,2058,-5.360555556,36.20638889,56.58804603,16.2322937
SCarbDist,11,2059,-5.360555556,36.20638889,14.66628204,16.69356893
SCarbDist,11,2060,-5.360555556,36.20638889,40.92032828,16.57963562
SCarbDist,11,2061,-5.360555556,36.20638889,15.477388,15.41601054
SCarbDist,11,2062,-5.360555556,36.20638889,69.56790841,14.33757019
SCarbDist,11,2063,-5.360555556,36.20638889,13.36822531,19.70966797
SCarbDist,11,2064,-5.360555556,36.20638889,24.37944403,20.04821472
SCarbDist,11,2065,-5.360555556,36.20638889,8.402127791,22.28623352
SCarbDist,11,2066,-5.360555556,36.20638889,46.0381075,17.57236328
SCarbDist,11,2067,-5.360555556,36.20638889,69.05093343,17.2719401
SCarbDist,11,2068,-5.360555556,36.20638889,23.03060327,17.74725952
SCarbDist,11,2069,-5.360555556,36.20638889,20.62524281,16.2659963
SCarbDist,11,2070,-5.360555556,36.20638889,34.77255267,16.5188741
SCarbDist,11,2071,-5.360555556,36.20638889,113.7402603,14.97013245
SCarbDist,11,2072,-5.360555556,36.20638889,5.236683043,19.18054708
SCarbDist,11,2073,-5.360555556,36.20638889,17.47997395,18.66700643
SCarbDist,11,2074,-5.360555556,36.20638889,92.84937958,17.38985494
SCarbDist,11,2075,-5.360555556,36.20638889,40.3302832,18.41492716
SCarbDist,11,2076,-5.360555556,36.20638889,50.36627683,14.65525818
SCarbDist,11,2077,-5.360555556,36.20638889,38.15942154,17.86218465
SCarbDist,11,2078,-5.360555556,36.20638889,76.49314641,15.48374736
SCarbDist,11,2079,-5.360555556,36.20638889,201.5120784,15.22213643
SCarbDist,11,2080,-5.360555556,36.20638889,11.01991823,20.62233582
SCarbDist,11,2081,-5.360555556,36.20638889,3.620691006,20.21032206
SCarbDist,11,2082,-5.360555556,36.20638889,9.477477465,19.00385234
SCarbDist,11,2083,-5.360555556,36.20638889,12.36584786,17.90292358
SCarbDist,11,2084,-5.360555556,36.20638889,2.133363293,19.22346293
SCarbDist,11,2085,-5.360555556,36.20638889,55.34634899,18.03472392
SCarbDist,11,2086,-5.360555556,36.20638889,19.16679264,16.96880391
SCarbDist,11,2087,-5.360555556,36.20638889,4.666991742,19.796934
SCarbDist,11,2088,-5.360555556,36.20638889,24.82491383,19.60653178
SCarbDist,11,2089,-5.360555556,36.20638889,28.01506739,20.23710938
SCarbDist,11,2090,-5.360555556,36.20638889,20.5429207,19.43281352
SCarbDist,11,2091,-5.360555556,36.20638889,58.18668672,18.17399292
SCarbDist,11,2092,-5.360555556,36.20638889,26.51763047,20.69608154
SCarbDist,11,2093,-5.360555556,36.20638889,20.38684935,19.67825317
SCarbDist,11,2094,-5.360555556,36.20638889,58.54777738,16.8765035
SCarbDist,11,2095,-5.360555556,36.20638889,3.23679085,21.50919189
SCarbDist,11,2096,-5.360555556,36.20638889,11.75700732,15.93886108
SCarbDist,11,2097,-5.360555556,36.20638889,66.67038696,17.92743429
SCarbDist,11,2098,-5.360555556,36.20638889,25.60401463,17.95900981
SCarbDist,11,2099,-5.360555556,36.20638889,16.25759672,19.96364543
SCarbDist,11,2100,-5.360555556,36.20638889,27.92409133,18.23920085
SCarbDist,12,2015,-5.360555556,36.20638889,6.128784906,13.43408407
SCarbDist,12,2016,-5.360555556,36.20638889,4.971569989,15.87442248
SCarbDist,12,2017,-5.360555556,36.20638889,38.07204934,12.29226278
SCarbDist,12,2018,-5.360555556,36.20638889,36.83788875,14.52881673
SCarbDist,12,2019,-5.360555556,36.20638889,4.814012879,12.06860657
SCarbDist,12,2020,-5.360555556,36.20638889,35.45224412,10.29891463
SCarbDist,12,2021,-5.360555556,36.20638889,16.10456286,11.81872457
SCarbDist,12,2022,-5.360555556,36.20638889,36.78543335,12.09379171
SCarbDist,12,2023,-5.360555556,36.20638889,12.14495072,13.21639404
SCarbDist,12,2024,-5.360555556,36.20638889,22.19440263,14.24582351
SCarbDist,12,2025,-5.360555556,36.20638889,45.58015965,11.04454854
SCarbDist,12,2026,-5.360555556,36.20638889,19.11412995,13.83071899
SCarbDist,12,2027,-5.360555556,36.20638889,35.88032101,12.85800578
SCarbDist,12,2028,-5.360555556,36.20638889,22.74376955,12.49347997
SCarbDist,12,2029,-5.360555556,36.20638889,52.86110689,10.02803955
SCarbDist,12,2030,-5.360555556,36.20638889,29.90675211,13.24976501
SCarbDist,12,2031,-5.360555556,36.20638889,45.6760458,9.150120036
SCarbDist,12,2032,-5.360555556,36.20638889,10.55466802,14.38765343
SCarbDist,12,2033,-5.360555556,36.20638889,38.95794092,12.02030029
SCarbDist,12,2034,-5.360555556,36.20638889,7.995759835,13.67126567
SCarbDist,12,2035,-5.360555556,36.20638889,13.95091154,11.90982564
SCarbDist,12,2036,-5.360555556,36.20638889,3.823895441,13.17870483
SCarbDist,12,2037,-5.360555556,36.20638889,26.62763275,12.86779989
SCarbDist,12,2038,-5.360555556,36.20638889,5.67631782,13.89313965
SCarbDist,12,2039,-5.360555556,36.20638889,7.462860757,11.59067891
SCarbDist,12,2040,-5.360555556,36.20638889,28.29987866,11.25072527
SCarbDist,12,2041,-5.360555556,36.20638889,3.6987211,14.69722799
SCarbDist,12,2042,-5.360555556,36.20638889,8.31448768,13.2473053
SCarbDist,12,2043,-5.360555556,36.20638889,9.925176483,14.03182576
SCarbDist,12,2044,-5.360555556,36.20638889,22.02916062,13.45995168
SCarbDist,12,2045,-5.360555556,36.20638889,8.71061031,15.4379364
SCarbDist,12,2046,-5.360555556,36.20638889,12.36059322,11.84570414
SCarbDist,12,2047,-5.360555556,36.20638889,4.93888171,15.81803691
SCarbDist,12,2048,-5.360555556,36.20638889,70.31212982,9.987470114
SCarbDist,12,2049,-5.360555556,36.20638889,22.9735907,11.2826182
SCarbDist,12,2050,-5.360555556,36.20638889,58.78968235,13.58290202
SCarbDist,12,2051,-5.360555556,36.20638889,29.39882506,12.97073263
SCarbDist,12,2052,-5.360555556,36.20638889,68.47626138,9.762600813
SCarbDist,12,2053,-5.360555556,36.20638889,35.17115506,12.17872925
SCarbDist,12,2054,-5.360555556,36.20638889,5.33137888,16.70165812
SCarbDist,12,2055,-5.360555556,36.20638889,8.311787437,14.95313009
SCarbDist,12,2056,-5.360555556,36.20638889,10.19369458,15.96810513
SCarbDist,12,2057,-5.360555556,36.20638889,23.52465738,13.49970703
SCarbDist,12,2058,-5.360555556,36.20638889,10.09592493,15.62369588
SCarbDist,12,2059,-5.360555556,36.20638889,26.56224611,14.12011515
SCarbDist,12,2060,-5.360555556,36.20638889,48.23226284,14.48059945
SCarbDist,12,2061,-5.360555556,36.20638889,26.07550337,13.12870382
SCarbDist,12,2062,-5.360555556,36.20638889,9.930844904,13.74590556
SCarbDist,12,2063,-5.360555556,36.20638889,14.92235543,16.01062927
SCarbDist,12,2064,-5.360555556,36.20638889,21.39641146,16.33248186
SCarbDist,12,2065,-5.360555556,36.20638889,3.546405818,18.29858704
SCarbDist,12,2066,-5.360555556,36.20638889,26.68104217,13.1513265
SCarbDist,12,2067,-5.360555556,36.20638889,7.556664754,15.59015808
SCarbDist,12,2068,-5.360555556,36.20638889,10.30178501,16.03307074
SCarbDist,12,2069,-5.360555556,36.20638889,9.822996386,15.50342102
SCarbDist,12,2070,-5.360555556,36.20638889,12.77268215,15.75173645
SCarbDist,12,2071,-5.360555556,36.20638889,32.56907534,13.82334086
SCarbDist,12,2072,-5.360555556,36.20638889,5.591551773,16.92798714
SCarbDist,12,2073,-5.360555556,36.20638889,10.96149878,14.94423523
SCarbDist,12,2074,-5.360555556,36.20638889,12.31113742,12.24356486
SCarbDist,12,2075,-5.360555556,36.20638889,7.489915198,15.49818624
SCarbDist,12,2076,-5.360555556,36.20638889,6.527394029,15.82555121
SCarbDist,12,2077,-5.360555556,36.20638889,83.70766852,10.82912801
SCarbDist,12,2078,-5.360555556,36.20638889,20.92947296,14.69539897
SCarbDist,12,2079,-5.360555556,36.20638889,36.69669499,11.36711731
SCarbDist,12,2080,-5.360555556,36.20638889,6.196123094,16.57609737
SCarbDist,12,2081,-5.360555556,36.20638889,6.808737067,16.47867025
SCarbDist,12,2082,-5.360555556,36.20638889,3.215897454,17.10918376
SCarbDist,12,2083,-5.360555556,36.20638889,13.78182433,15.27280986
SCarbDist,12,2084,-5.360555556,36.20638889,12.13092851,15.15858217
SCarbDist,12,2085,-5.360555556,36.20638889,14.5304417,14.70055847
SCarbDist,12,2086,-5.360555556,36.20638889,5.515630696,15.01387533
SCarbDist,12,2087,-5.360555556,36.20638889,25.8326019,15.91941223
SCarbDist,12,2088,-5.360555556,36.20638889,56.99867826,12.81648223
SCarbDist,12,2089,-5.360555556,36.20638889,30.17700499,15.23216451
SCarbDist,12,2090,-5.360555556,36.20638889,7.297425484,15.44420675
SCarbDist,12,2091,-5.360555556,36.20638889,22.773178,15.07127787
SCarbDist,12,2092,-5.360555556,36.20638889,14.19240448,16.20004399
SCarbDist,12,2093,-5.360555556,36.20638889,37.71546711,13.00346476
SCarbDist,12,2094,-5.360555556,36.20638889,5.283437468,17.36382243
SCarbDist,12,2095,-5.360555556,36.20638889,16.70439891,16.72524516
SCarbDist,12,2096,-5.360555556,36.20638889,8.181626075,16.5339789
SCarbDist,12,2097,-5.360555556,36.20638889,4.829328228,16.98823751
SCarbDist,12,2098,-5.360555556,36.20638889,14.33135212,15.9709137
SCarbDist,12,2099,-5.360555556,36.20638889,4.781744722,17.60842489
SCarbDist,12,2100,-5.360555556,36.20638889,14.13447537,16.58445638
SCarbDist,2,2015,-5.360555556,36.20638889,14.56981047,14.57076089
SCarbDist,2,2016,-5.360555556,36.20638889,37.83862141,12.70104265
SCarbDist,2,2017,-5.360555556,36.20638889,5.065305385,16.96685181
SCarbDist,2,2018,-5.360555556,36.20638889,31.66268381,13.82570147
SCarbDist,2,2019,-5.360555556,36.20638889,185.0127493,10.61895905
SCarbDist,2,2020,-5.360555556,36.20638889,8.594463899,13.2490268
SCarbDist,2,2021,-5.360555556,36.20638889,26.76689377,11.72285505
SCarbDist,2,2022,-5.360555556,36.20638889,45.50975715,11.04568089
SCarbDist,2,2023,-5.360555556,36.20638889,101.0356151,11.79682966
SCarbDist,2,2024,-5.360555556,36.20638889,4.573946058,17.44195157
SCarbDist,2,2025,-5.360555556,36.20638889,6.535795112,13.18206395
SCarbDist,2,2026,-5.360555556,36.20638889,11.66783703,14.16746129
SCarbDist,2,2027,-5.360555556,36.20638889,33.73916766,13.05458439
SCarbDist,2,2028,-5.360555556,36.20638889,3.982498601,19.15207351
SCarbDist,2,2029,-5.360555556,36.20638889,109.3393032,13.75003749
SCarbDist,2,2030,-5.360555556,36.20638889,52.7497214,13.15426897
SCarbDist,2,2031,-5.360555556,36.20638889,36.98701311,13.16404005
SCarbDist,2,2032,-5.360555556,36.20638889,83.47499147,13.18983428
SCarbDist,2,2033,-5.360555556,36.20638889,6.211673097,16.20361481
SCarbDist,2,2034,-5.360555556,36.20638889,39.86085528,13.31590642
SCarbDist,2,2035,-5.360555556,36.20638889,3.017092834,17.10372641
SCarbDist,2,2036,-5.360555556,36.20638889,41.31163342,16.41458782
SCarbDist,2,2037,-5.360555556,36.20638889,63.69505206,11.75916116
SCarbDist,2,2038,-5.360555556,36.20638889,44.2500466,11.89224505
SCarbDist,2,2039,-5.360555556,36.20638889,7.519027343,17.91934902
SCarbDist,2,2040,-5.360555556,36.20638889,21.37125845,11.88285901
SCarbDist,2,2041,-5.360555556,36.20638889,12.20232961,16.15583082
SCarbDist,2,2042,-5.360555556,36.20638889,5.193737142,18.10212097
SCarbDist,2,2043,-5.360555556,36.20638889,38.03176293,13.80122855
SCarbDist,2,2044,-5.360555556,36.20638889,13.87306832,15.29949341
SCarbDist,2,2045,-5.360555556,36.20638889,73.69899398,13.38610774
SCarbDist,2,2046,-5.360555556,36.20638889,31.11692021,11.72497711
SCarbDist,2,2047,-5.360555556,36.20638889,18.46390275,15.56415274
SCarbDist,2,2048,-5.360555556,36.20638889,33.60406368,15.53599306
SCarbDist,2,2049,-5.360555556,36.20638889,3.420293785,17.92996041
SCarbDist,2,2050,-5.360555556,36.20638889,31.51459089,13.42756805
SCarbDist,2,2051,-5.360555556,36.20638889,47.36270387,12.67746342
SCarbDist,2,2052,-5.360555556,36.20638889,38.31291386,15.05512338
SCarbDist,2,2053,-5.360555556,36.20638889,27.64035552,15.44180886
SCarbDist,2,2054,-5.360555556,36.20638889,1.238324914,14.69081704
SCarbDist,2,2055,-5.360555556,36.20638889,41.02320512,15.19086282
SCarbDist,2,2056,-5.360555556,36.20638889,14.1349381,14.00679721
SCarbDist,2,2057,-5.360555556,36.20638889,29.75616039,14.67676915
SCarbDist,2,2058,-5.360555556,36.20638889,15.19345171,13.9183136
SCarbDist,2,2059,-5.360555556,36.20638889,1.773494946,19.94941973
SCarbDist,2,2060,-5.360555556,36.20638889,10.7399819,16.91478566
SCarbDist,2,2061,-5.360555556,36.20638889,2.22988375,16.40461557
SCarbDist,2,2062,-5.360555556,36.20638889,17.77798842,13.72879617
SCarbDist,2,2063,-5.360555556,36.20638889,26.2782244,14.64788644
SCarbDist,2,2064,-5.360555556,36.20638889,6.393649779,18.60786617
SCarbDist,2,2065,-5.360555556,36.20638889,10.11374081,19.35372641
SCarbDist,2,2066,-5.360555556,36.20638889,2.66746678,17.36077053
SCarbDist,2,2067,-5.360555556,36.20638889,3.723698201,18.18328901
SCarbDist,2,2068,-5.360555556,36.20638889,34.51148897,16.02246957
SCarbDist,2,2069,-5.360555556,36.20638889,42.36405428,13.17243783
SCarbDist,2,2070,-5.360555556,36.20638889,23.10114166,16.22956129
SCarbDist,2,2071,-5.360555556,36.20638889,7.683422874,15.88303419
SCarbDist,2,2072,-5.360555556,36.20638889,81.36074656,12.4333635
SCarbDist,2,2073,-5.360555556,36.20638889,31.05660162,15.20925293
SCarbDist,2,2074,-5.360555556,36.20638889,63.72351679,11.94283338
SCarbDist,2,2075,-5.360555556,36.20638889,5.077408782,18.657821
SCarbDist,2,2076,-5.360555556,36.20638889,2.727674548,18.3310128
SCarbDist,2,2077,-5.360555556,36.20638889,3.564193828,17.12507891
SCarbDist,2,2078,-5.360555556,36.20638889,34.2132874,15.78180302
SCarbDist,2,2079,-5.360555556,36.20638889,11.22785919,15.08473794
SCarbDist,2,2080,-5.360555556,36.20638889,41.86569636,15.01837179
SCarbDist,2,2081,-5.360555556,36.20638889,3.036246829,18.63596606
SCarbDist,2,2082,-5.360555556,36.20638889,27.19194534,15.07352055
SCarbDist,2,2083,-5.360555556,36.20638889,13.24667414,17.34159895
SCarbDist,2,2084,-5.360555556,36.20638889,9.546791149,15.69919686
SCarbDist,2,2085,-5.360555556,36.20638889,23.00298136,14.00052468
SCarbDist,2,2086,-5.360555556,36.20638889,1.590117889,16.89910278
SCarbDist,2,2087,-5.360555556,36.20638889,77.81132366,14.90994524
SCarbDist,2,2088,-5.360555556,36.20638889,2.430025805,21.47169989
SCarbDist,2,2089,-5.360555556,36.20638889,11.60954042,17.26743251
SCarbDist,2,2090,-5.360555556,36.20638889,33.36357444,15.75245492
SCarbDist,2,2091,-5.360555556,36.20638889,34.05711415,17.56029445
SCarbDist,2,2092,-5.360555556,36.20638889,12.91448622,17.41041744
SCarbDist,2,2093,-5.360555556,36.20638889,10.77370415,19.69385463
SCarbDist,2,2094,-5.360555556,36.20638889,23.53838052,16.55590428
SCarbDist,2,2095,-5.360555556,36.20638889,73.78635141,16.44030805
SCarbDist,2,2096,-5.360555556,36.20638889,35.01943861,18.72443595
SCarbDist,2,2097,-5.360555556,36.20638889,22.32224953,17.31812112
SCarbDist,2,2098,-5.360555556,36.20638889,5.351397064,16.21436789
SCarbDist,2,2099,-5.360555556,36.20638889,71.71365464,15.17683454
SCarbDist,2,2100,-5.360555556,36.20638889,65.26522506,16.59628448
SCarbDist,3,2015,-5.360555556,36.20638889,26.45870958,17.18081744
SCarbDist,3,2016,-5.360555556,36.20638889,19.43215064,15.7408337
SCarbDist,3,2017,-5.360555556,36.20638889,105.5384878,16.24716856
SCarbDist,3,2018,-5.360555556,36.20638889,7.535120798,19.12004611
SCarbDist,3,2019,-5.360555556,36.20638889,168.0597814,9.664931562
SCarbDist,3,2020,-5.360555556,36.20638889,23.4351824,19.67917835
SCarbDist,3,2021,-5.360555556,36.20638889,15.21045902,19.6312628
SCarbDist,3,2022,-5.360555556,36.20638889,71.33250881,14.00098326
SCarbDist,3,2023,-5.360555556,36.20638889,69.5378161,15.17560976
SCarbDist,3,2024,-5.360555556,36.20638889,15.77438575,21.08045989
SCarbDist,3,2025,-5.360555556,36.20638889,146.6934402,12.40133254
SCarbDist,3,2026,-5.360555556,36.20638889,13.70171538,19.43623972
SCarbDist,3,2027,-5.360555556,36.20638889,15.76064008,17.38765574
SCarbDist,3,2028,-5.360555556,36.20638889,30.7844919,18.54216821
SCarbDist,3,2029,-5.360555556,36.20638889,48.52270679,15.60094112
SCarbDist,3,2030,-5.360555556,36.20638889,67.51970454,13.7736086
SCarbDist,3,2031,-5.360555556,36.20638889,26.11496125,18.27358005
SCarbDist,3,2032,-5.360555556,36.20638889,46.23059434,11.31617077
SCarbDist,3,2033,-5.360555556,36.20638889,38.6165762,20.04831799
SCarbDist,3,2034,-5.360555556,36.20638889,70.75214019,16.73075601
SCarbDist,3,2035,-5.360555556,36.20638889,75.38040349,14.70197301
SCarbDist,3,2036,-5.360555556,36.20638889,10.38677296,18.16616605
SCarbDist,3,2037,-5.360555556,36.20638889,54.92317319,14.91591305
SCarbDist,3,2038,-5.360555556,36.20638889,29.31543225,17.67774796
SCarbDist,3,2039,-5.360555556,36.20638889,21.73950002,17.05975617
SCarbDist,3,2040,-5.360555556,36.20638889,85.46420567,11.17369109
SCarbDist,3,2041,-5.360555556,36.20638889,73.94192973,15.06253623
SCarbDist,3,2042,-5.360555556,36.20638889,19.76918234,22.45503757
SCarbDist,3,2043,-5.360555556,36.20638889,9.013005929,23.30903557
SCarbDist,3,2044,-5.360555556,36.20638889,72.09224914,13.4355644
SCarbDist,3,2045,-5.360555556,36.20638889,34.82527783,15.32815926
SCarbDist,3,2046,-5.360555556,36.20638889,29.22588556,13.52948471
SCarbDist,3,2047,-5.360555556,36.20638889,16.57882865,19.72897615
SCarbDist,3,2048,-5.360555556,36.20638889,71.42658278,14.22704271
SCarbDist,3,2049,-5.360555556,36.20638889,3.845047498,22.51200502
SCarbDist,3,2050,-5.360555556,36.20638889,37.15502091,18.59372716
SCarbDist,3,2051,-5.360555556,36.20638889,52.52821149,16.43840549
SCarbDist,3,2052,-5.360555556,36.20638889,67.39301501,16.73119802
SCarbDist,3,2053,-5.360555556,36.20638889,108.3771368,17.42418331
SCarbDist,3,2054,-5.360555556,36.20638889,11.44420286,20.84882655
SCarbDist,3,2055,-5.360555556,36.20638889,13.50504863,21.78392157
SCarbDist,3,2056,-5.360555556,36.20638889,12.84990747,19.77203842
SCarbDist,3,2057,-5.360555556,36.20638889,5.597416947,20.82131249
SCarbDist,3,2058,-5.360555556,36.20638889,30.45676001,16.64809373
SCarbDist,3,2059,-5.360555556,36.20638889,52.8448476,15.75064559
SCarbDist,3,2060,-5.360555556,36.20638889,40.69250205,13.69506226
SCarbDist,3,2061,-5.360555556,36.20638889,58.22297291,17.51495834
SCarbDist,3,2062,-5.360555556,36.20638889,27.52221808,18.82247019
SCarbDist,3,2063,-5.360555556,36.20638889,31.12032769,17.40328861
SCarbDist,3,2064,-5.360555556,36.20638889,16.47364152,19.28947675
SCarbDist,3,2065,-5.360555556,36.20638889,35.71951917,21.82615888
SCarbDist,3,2066,-5.360555556,36.20638889,45.86706753,17.67965088
SCarbDist,3,2067,-5.360555556,36.20638889,18.51081409,18.35183795
SCarbDist,3,2068,-5.360555556,36.20638889,5.69116061,22.16350708
SCarbDist,3,2069,-5.360555556,36.20638889,8.855318825,20.63752087
SCarbDist,3,2070,-5.360555556,36.20638889,8.033605454,20.31485556
SCarbDist,3,2071,-5.360555556,36.20638889,24.83206966,20.73268354
SCarbDist,3,2072,-5.360555556,36.20638889,45.55816777,19.01602153
SCarbDist,3,2073,-5.360555556,36.20638889,62.51830533,16.42788775
SCarbDist,3,2074,-5.360555556,36.20638889,9.726548565,17.33389656
SCarbDist,3,2075,-5.360555556,36.20638889,6.195199961,21.98520961
SCarbDist,3,2076,-5.360555556,36.20638889,40.30512606,22.80669753
SCarbDist,3,2077,-5.360555556,36.20638889,17.87014649,20.22502264
SCarbDist,3,2078,-5.360555556,36.20638889,38.83696675,16.96218065
SCarbDist,3,2079,-5.360555556,36.20638889,12.57042902,24.94627607
SCarbDist,3,2080,-5.360555556,36.20638889,69.04058665,18.39354662
SCarbDist,3,2081,-5.360555556,36.20638889,38.41540191,18.00745889
SCarbDist,3,2082,-5.360555556,36.20638889,70.28042363,19.47767078
SCarbDist,3,2083,-5.360555556,36.20638889,28.30544857,21.67705098
SCarbDist,3,2084,-5.360555556,36.20638889,4.927090843,20.28949939
SCarbDist,3,2085,-5.360555556,36.20638889,20.48469606,20.81546001
SCarbDist,3,2086,-5.360555556,36.20638889,21.81826285,23.67495216
SCarbDist,3,2087,-5.360555556,36.20638889,93.96793793,18.30102618
SCarbDist,3,2088,-5.360555556,36.20638889,39.73119022,21.05697218
SCarbDist,3,2089,-5.360555556,36.20638889,91.21321279,17.27991786
SCarbDist,3,2090,-5.360555556,36.20638889,4.370328119,23.084691
SCarbDist,3,2091,-5.360555556,36.20638889,14.3436489,17.64252969
SCarbDist,3,2092,-5.360555556,36.20638889,44.41100748,17.64765566
SCarbDist,3,2093,-5.360555556,36.20638889,21.41733317,21.88523205
SCarbDist,3,2094,-5.360555556,36.20638889,27.80416139,18.74489845
SCarbDist,3,2095,-5.360555556,36.20638889,65.817161,18.22612817
SCarbDist,3,2096,-5.360555556,36.20638889,74.42455975,16.97678971
SCarbDist,3,2097,-5.360555556,36.20638889,2.791301916,23.27640538
SCarbDist,3,2098,-5.360555556,36.20638889,118.6460272,17.52108647
SCarbDist,3,2099,-5.360555556,36.20638889,23.95924836,18.0075278
SCarbDist,3,2100,-5.360555556,36.20638889,56.03438192,15.37172458
SCarbDist,4,2015,-5.360555556,36.20638889,87.86248798,19.57067362
SCarbDist,4,2016,-5.360555556,36.20638889,35.79372671,22.69273275
SCarbDist,4,2017,-5.360555556,36.20638889,57.44957881,17.03928324
SCarbDist,4,2018,-5.360555556,36.20638889,116.2329407,15.29573669
SCarbDist,4,2019,-5.360555556,36.20638889,32.65841101,21.55523071
SCarbDist,4,2020,-5.360555556,36.20638889,67.45486354,18.47242839
SCarbDist,4,2021,-5.360555556,36.20638889,18.54044087,22.83532003
SCarbDist,4,2022,-5.360555556,36.20638889,82.88314428,18.75323385
SCarbDist,4,2023,-5.360555556,36.20638889,146.8125136,18.43040365
SCarbDist,4,2024,-5.360555556,36.20638889,88.62293252,19.52241516
SCarbDist,4,2025,-5.360555556,36.20638889,13.78797552,19.15357768
SCarbDist,4,2026,-5.360555556,36.20638889,43.43252509,20.88469747
SCarbDist,4,2027,-5.360555556,36.20638889,82.54021006,18.10240479
SCarbDist,4,2028,-5.360555556,36.20638889,20.22154302,24.53240763
SCarbDist,4,2029,-5.360555556,36.20638889,22.24775606,19.30502828
SCarbDist,4,2030,-5.360555556,36.20638889,64.52871006,17.10439657
SCarbDist,4,2031,-5.360555556,36.20638889,24.26239004,21.84936218
SCarbDist,4,2032,-5.360555556,36.20638889,138.2182586,14.94075724
SCarbDist,4,2033,-5.360555556,36.20638889,99.22584133,22.43808289
SCarbDist,4,2034,-5.360555556,36.20638889,81.70727469,18.81167908
SCarbDist,4,2035,-5.360555556,36.20638889,36.99571673,18.95671488
SCarbDist,4,2036,-5.360555556,36.20638889,37.83937474,19.47100932
SCarbDist,4,2037,-5.360555556,36.20638889,26.32546598,22.57909953
SCarbDist,4,2038,-5.360555556,36.20638889,147.8563954,18.43634338
SCarbDist,4,2039,-5.360555556,36.20638889,45.27259524,20.05516561
SCarbDist,4,2040,-5.360555556,36.20638889,9.039623157,23.76280009
SCarbDist,4,2041,-5.360555556,36.20638889,22.86326513,21.83891703
SCarbDist,4,2042,-5.360555556,36.20638889,33.94099231,23.18892008
SCarbDist,4,2043,-5.360555556,36.20638889,68.25509976,20.97629089
SCarbDist,4,2044,-5.360555556,36.20638889,57.16349507,20.90174561
SCarbDist,4,2045,-5.360555556,36.20638889,68.51471261,20.91806539
SCarbDist,4,2046,-5.360555556,36.20638889,48.68266468,20.55599772
SCarbDist,4,2047,-5.360555556,36.20638889,89.76571564,20.65195414
SCarbDist,4,2048,-5.360555556,36.20638889,32.67431126,20.17188924
SCarbDist,4,2049,-5.360555556,36.20638889,46.36887444,21.48042806
SCarbDist,4,2050,-5.360555556,36.20638889,33.19186743,20.6683075
SCarbDist,4,2051,-5.360555556,36.20638889,73.62048062,21.68225911
SCarbDist,4,2052,-5.360555556,36.20638889,60.74403183,22.77076721
SCarbDist,4,2053,-5.360555556,36.20638889,39.06968157,20.5127655
SCarbDist,4,2054,-5.360555556,36.20638889,53.49471236,19.25634664
SCarbDist,4,2055,-5.360555556,36.20638889,12.10157535,22.74573873
SCarbDist,4,2056,-5.360555556,36.20638889,26.57969131,21.82719218
SCarbDist,4,2057,-5.360555556,36.20638889,35.13334241,22.13349813
SCarbDist,4,2058,-5.360555556,36.20638889,50.59102623,23.98185221
SCarbDist,4,2059,-5.360555556,36.20638889,54.59427416,19.80013123
SCarbDist,4,2060,-5.360555556,36.20638889,33.47332407,21.47748515
SCarbDist,4,2061,-5.360555556,36.20638889,136.0967294,18.39075216
SCarbDist,4,2062,-5.360555556,36.20638889,30.01956779,21.12775269
SCarbDist,4,2063,-5.360555556,36.20638889,64.88538922,23.11969096
SCarbDist,4,2064,-5.360555556,36.20638889,77.5519317,17.18729451
SCarbDist,4,2065,-5.360555556,36.20638889,27.688848,20.90126444
SCarbDist,4,2066,-5.360555556,36.20638889,68.05680791,17.25269674
SCarbDist,4,2067,-5.360555556,36.20638889,42.31006066,19.97169902
SCarbDist,4,2068,-5.360555556,36.20638889,71.89572297,22.9223348
SCarbDist,4,2069,-5.360555556,36.20638889,36.79719789,21.75903219
SCarbDist,4,2070,-5.360555556,36.20638889,40.80958627,19.42858785
SCarbDist,4,2071,-5.360555556,36.20638889,13.18293547,24.55962931
SCarbDist,4,2072,-5.360555556,36.20638889,89.99401272,19.79191589
SCarbDist,4,2073,-5.360555556,36.20638889,16.14808347,21.0318339
SCarbDist,4,2074,-5.360555556,36.20638889,44.51140806,22.12667948
SCarbDist,4,2075,-5.360555556,36.20638889,28.88782768,23.24069926
SCarbDist,4,2076,-5.360555556,36.20638889,21.25901373,27.31565348
SCarbDist,4,2077,-5.360555556,36.20638889,51.924381,22.47716064
SCarbDist,4,2078,-5.360555556,36.20638889,49.24093729,18.44144389
SCarbDist,4,2079,-5.360555556,36.20638889,14.72400152,24.79536947
SCarbDist,4,2080,-5.360555556,36.20638889,39.60308983,25.24144897
SCarbDist,4,2081,-5.360555556,36.20638889,23.26408011,26.90972392
SCarbDist,4,2082,-5.360555556,36.20638889,49.25815387,20.59119568
SCarbDist,4,2083,-5.360555556,36.20638889,56.75471463,22.762087
SCarbDist,4,2084,-5.360555556,36.20638889,68.93207786,20.69569092
SCarbDist,4,2085,-5.360555556,36.20638889,14.43230611,27.62428792
SCarbDist,4,2086,-5.360555556,36.20638889,30.60147192,21.01143087
SCarbDist,4,2087,-5.360555556,36.20638889,37.9137732,20.03645732
SCarbDist,4,2088,-5.360555556,36.20638889,42.6447561,22.78858846
SCarbDist,4,2089,-5.360555556,36.20638889,53.2581244,24.99601135
SCarbDist,4,2090,-5.360555556,36.20638889,56.5441794,24.48395487
SCarbDist,4,2091,-5.360555556,36.20638889,74.37811879,15.99112447
SCarbDist,4,2092,-5.360555556,36.20638889,52.26855493,22.24474589
SCarbDist,4,2093,-5.360555556,36.20638889,43.73127126,21.67102458
SCarbDist,4,2094,-5.360555556,36.20638889,85.59098994,21.60351563
SCarbDist,4,2095,-5.360555556,36.20638889,62.6663415,22.5458964
SCarbDist,4,2096,-5.360555556,36.20638889,57.27413443,22.68220317
SCarbDist,4,2097,-5.360555556,36.20638889,21.86820321,26.37398885
SCarbDist,4,2098,-5.360555556,36.20638889,7.246157066,23.53695475
SCarbDist,4,2099,-5.360555556,36.20638889,19.92059818,26.52759298
SCarbDist,4,2100,-5.360555556,36.20638889,57.6123769,22.36635437
SCarbDist,5,2015,-5.360555556,36.20638889,58.50697235,21.60629548
SCarbDist,5,2016,-5.360555556,36.20638889,138.3513079,19.77156982
SCarbDist,5,2017,-5.360555556,36.20638889,27.5489445,25.47255072
SCarbDist,5,2018,-5.360555556,36.20638889,88.62303758,21.26040433
SCarbDist,5,2019,-5.360555556,36.20638889,36.26992025,22.27579306
SCarbDist,5,2020,-5.360555556,36.20638889,71.88665975,20.58899989
SCarbDist,5,2021,-5.360555556,36.20638889,42.35509003,23.43939878
SCarbDist,5,2022,-5.360555556,36.20638889,211.8972068,17.80828838
SCarbDist,5,2023,-5.360555556,36.20638889,117.6029296,21.98580322
SCarbDist,5,2024,-5.360555556,36.20638889,61.38524168,24.72121779
SCarbDist,5,2025,-5.360555556,36.20638889,35.52987472,22.07111167
SCarbDist,5,2026,-5.360555556,36.20638889,166.5812364,19.24651981
SCarbDist,5,2027,-5.360555556,36.20638889,69.46527846,21.37927226
SCarbDist,5,2028,-5.360555556,36.20638889,152.8606314,21.55990679
SCarbDist,5,2029,-5.360555556,36.20638889,43.53405474,19.47316402
SCarbDist,5,2030,-5.360555556,36.20638889,24.01178251,26.27144874
SCarbDist,5,2031,-5.360555556,36.20638889,123.5393762,20.48302219
SCarbDist,5,2032,-5.360555556,36.20638889,24.25704659,22.06738163
SCarbDist,5,2033,-5.360555556,36.20638889,45.24487711,20.57099649
SCarbDist,5,2034,-5.360555556,36.20638889,182.3882357,18.32079172
SCarbDist,5,2035,-5.360555556,36.20638889,69.1253913,23.58211473
SCarbDist,5,2036,-5.360555556,36.20638889,18.87312645,23.11432456
SCarbDist,5,2037,-5.360555556,36.20638889,100.6629358,21.16413417
SCarbDist,5,2038,-5.360555556,36.20638889,87.05578845,16.34321033
SCarbDist,5,2039,-5.360555556,36.20638889,71.07853764,24.63311256
SCarbDist,5,2040,-5.360555556,36.20638889,38.08209067,22.07991254
SCarbDist,5,2041,-5.360555556,36.20638889,154.1057515,18.23390129
SCarbDist,5,2042,-5.360555556,36.20638889,188.6427189,21.97253989
SCarbDist,5,2043,-5.360555556,36.20638889,150.8958159,21.68403557
SCarbDist,5,2044,-5.360555556,36.20638889,67.46099196,22.73804676
SCarbDist,5,2045,-5.360555556,36.20638889,150.748228,23.64582559
SCarbDist,5,2046,-5.360555556,36.20638889,39.82846048,21.70578869
SCarbDist,5,2047,-5.360555556,36.20638889,86.18165064,22.50242152
SCarbDist,5,2048,-5.360555556,36.20638889,323.682587,19.73470065
SCarbDist,5,2049,-5.360555556,36.20638889,86.35707887,24.33043134
SCarbDist,5,2050,-5.360555556,36.20638889,43.46663676,25.44300084
SCarbDist,5,2051,-5.360555556,36.20638889,96.07221058,22.67675466
SCarbDist,5,2052,-5.360555556,36.20638889,85.50285693,23.31927175
SCarbDist,5,2053,-5.360555556,36.20638889,29.8770029,28.68845766
SCarbDist,5,2054,-5.360555556,36.20638889,98.97931267,24.15765361
SCarbDist,5,2055,-5.360555556,36.20638889,128.1420481,23.61253682
SCarbDist,5,2056,-5.360555556,36.20638889,70.60894838,20.49379194
SCarbDist,5,2057,-5.360555556,36.20638889,91.80428197,21.68944997
SCarbDist,5,2058,-5.360555556,36.20638889,123.4541159,22.23545178
SCarbDist,5,2059,-5.360555556,36.20638889,50.15906123,26.54707957
SCarbDist,5,2060,-5.360555556,36.20638889,84.45015819,27.35008466
SCarbDist,5,2061,-5.360555556,36.20638889,81.14730518,21.64845995
SCarbDist,5,2062,-5.360555556,36.20638889,186.3312341,24.90653037
SCarbDist,5,2063,-5.360555556,36.20638889,41.47550218,22.16215643
SCarbDist,5,2064,-5.360555556,36.20638889,42.52060308,26.76644582
SCarbDist,5,2065,-5.360555556,36.20638889,43.72690116,26.64478504
SCarbDist,5,2066,-5.360555556,36.20638889,109.0226421,27.27146252
SCarbDist,5,2067,-5.360555556,36.20638889,57.87019529,23.41695655
SCarbDist,5,2068,-5.360555556,36.20638889,55.86815514,26.13302691
SCarbDist,5,2069,-5.360555556,36.20638889,81.8964277,19.87207996
SCarbDist,5,2070,-5.360555556,36.20638889,62.27860299,25.51956649
SCarbDist,5,2071,-5.360555556,36.20638889,120.3991724,25.8618861
SCarbDist,5,2072,-5.360555556,36.20638889,46.94324153,26.27910865
SCarbDist,5,2073,-5.360555556,36.20638889,44.76553507,28.7691609
SCarbDist,5,2074,-5.360555556,36.20638889,64.88351439,27.24511207
SCarbDist,5,2075,-5.360555556,36.20638889,31.6262349,25.26304754
SCarbDist,5,2076,-5.360555556,36.20638889,109.0523111,26.45874988
SCarbDist,5,2077,-5.360555556,36.20638889,50.59997549,27.11236946
SCarbDist,5,2078,-5.360555556,36.20638889,41.52823286,24.33674356
SCarbDist,5,2079,-5.360555556,36.20638889,176.6556311,23.09266101
SCarbDist,5,2080,-5.360555556,36.20638889,70.58164034,24.9142523
SCarbDist,5,2081,-5.360555556,36.20638889,31.32554634,30.16621625
SCarbDist,5,2082,-5.360555556,36.20638889,58.11653704,25.64277974
SCarbDist,5,2083,-5.360555556,36.20638889,36.89573051,28.88497314
SCarbDist,5,2084,-5.360555556,36.20638889,174.4798067,23.03086095
SCarbDist,5,2085,-5.360555556,36.20638889,58.21868415,27.05727933
SCarbDist,5,2086,-5.360555556,36.20638889,24.74122791,28.07571096
SCarbDist,5,2087,-5.360555556,36.20638889,66.48398329,22.26243326
SCarbDist,5,2088,-5.360555556,36.20638889,130.9211258,24.41585496
SCarbDist,5,2089,-5.360555556,36.20638889,149.8192829,23.63888432
SCarbDist,5,2090,-5.360555556,36.20638889,35.08903591,25.64143204
SCarbDist,5,2091,-5.360555556,36.20638889,136.180243,24.60766287
SCarbDist,5,2092,-5.360555556,36.20638889,209.2063419,17.81710304
SCarbDist,5,2093,-5.360555556,36.20638889,41.67396689,27.26116825
SCarbDist,5,2094,-5.360555556,36.20638889,57.97844757,22.27936657
SCarbDist,5,2095,-5.360555556,36.20638889,162.8841436,20.11703964
SCarbDist,5,2096,-5.360555556,36.20638889,99.80302305,25.663955
SCarbDist,5,2097,-5.360555556,36.20638889,90.0503468,24.89924553
SCarbDist,5,2098,-5.360555556,36.20638889,55.19391357,29.9289283
SCarbDist,5,2099,-5.360555556,36.20638889,62.68349494,28.27200987
SCarbDist,5,2100,-5.360555556,36.20638889,48.72335886,24.18601626
SCarbDist,6,2015,-5.360555556,36.20638889,65.02207562,27.36278076
SCarbDist,6,2016,-5.360555556,36.20638889,105.7720591,22.05162048
SCarbDist,6,2017,-5.360555556,36.20638889,52.95637463,28.18379618
SCarbDist,6,2018,-5.360555556,36.20638889,43.99578635,24.93464152
SCarbDist,6,2019,-5.360555556,36.20638889,93.37965096,27.26351827
SCarbDist,6,2020,-5.360555556,36.20638889,141.4502851,27.50091044
SCarbDist,6,2021,-5.360555556,36.20638889,81.98725118,26.01781006
SCarbDist,6,2022,-5.360555556,36.20638889,103.270846,20.19614563
SCarbDist,6,2023,-5.360555556,36.20638889,121.3787989,24.63379008
SCarbDist,6,2024,-5.360555556,36.20638889,89.56628884,26.50597331
SCarbDist,6,2025,-5.360555556,36.20638889,93.80588898,26.98196004
SCarbDist,6,2026,-5.360555556,36.20638889,58.83480749,27.22653605
SCarbDist,6,2027,-5.360555556,36.20638889,80.5848135,22.64336344
SCarbDist,6,2028,-5.360555556,36.20638889,54.74103249,26.56425781
SCarbDist,6,2029,-5.360555556,36.20638889,190.3887356,24.0565094
SCarbDist,6,2030,-5.360555556,36.20638889,76.5893831,26.80871684
SCarbDist,6,2031,-5.360555556,36.20638889,87.75875283,27.03983154
SCarbDist,6,2032,-5.360555556,36.20638889,112.908465,26.19483439
SCarbDist,6,2033,-5.360555556,36.20638889,49.4912098,27.81958313
SCarbDist,6,2034,-5.360555556,36.20638889,49.902306,28.17304993
SCarbDist,6,2035,-5.360555556,36.20638889,68.4432159,25.72252197
SCarbDist,6,2036,-5.360555556,36.20638889,95.37708534,28.37675781
SCarbDist,6,2037,-5.360555556,36.20638889,137.6256641,24.86460673
SCarbDist,6,2038,-5.360555556,36.20638889,50.56450606,27.8595459
SCarbDist,6,2039,-5.360555556,36.20638889,97.14923529,29.34813741
SCarbDist,6,2040,-5.360555556,36.20638889,63.84338615,29.60387573
SCarbDist,6,2041,-5.360555556,36.20638889,86.25601513,24.72249959
SCarbDist,6,2042,-5.360555556,36.20638889,43.18108,27.27174072
SCarbDist,6,2043,-5.360555556,36.20638889,79.0065604,28.05234578
SCarbDist,6,2044,-5.360555556,36.20638889,24.46292926,28.18286438
SCarbDist,6,2045,-5.360555556,36.20638889,113.4771025,28.19390462
SCarbDist,6,2046,-5.360555556,36.20638889,60.07813752,28.74308065
SCarbDist,6,2047,-5.360555556,36.20638889,68.20255923,28.39170125
SCarbDist,6,2048,-5.360555556,36.20638889,94.64614616,22.35031738
SCarbDist,6,2049,-5.360555556,36.20638889,103.3846409,26.76169128
SCarbDist,6,2050,-5.360555556,36.20638889,67.81809187,29.01478475
SCarbDist,6,2051,-5.360555556,36.20638889,102.0779762,27.1407959
SCarbDist,6,2052,-5.360555556,36.20638889,55.84193237,25.69975891
SCarbDist,6,2053,-5.360555556,36.20638889,273.6467403,27.82781982
SCarbDist,6,2054,-5.360555556,36.20638889,49.70311989,27.05073242
SCarbDist,6,2055,-5.360555556,36.20638889,81.23962428,25.67949015
SCarbDist,6,2056,-5.360555556,36.20638889,71.73594912,28.1911733
SCarbDist,6,2057,-5.360555556,36.20638889,62.71494995,28.4851003
SCarbDist,6,2058,-5.360555556,36.20638889,51.84098854,27.00781657
SCarbDist,6,2059,-5.360555556,36.20638889,154.4920027,28.35033061
SCarbDist,6,2060,-5.360555556,36.20638889,127.7266344,27.0344635
SCarbDist,6,2061,-5.360555556,36.20638889,39.87104474,29.68833313
SCarbDist,6,2062,-5.360555556,36.20638889,69.73538671,23.85950623
SCarbDist,6,2063,-5.360555556,36.20638889,53.83677731,29.14246521
SCarbDist,6,2064,-5.360555556,36.20638889,116.5859344,29.04710592
SCarbDist,6,2065,-5.360555556,36.20638889,51.11493377,28.57959493
SCarbDist,6,2066,-5.360555556,36.20638889,106.1240813,27.66340027
SCarbDist,6,2067,-5.360555556,36.20638889,108.498729,26.09935099
SCarbDist,6,2068,-5.360555556,36.20638889,205.36812,28.80492655
SCarbDist,6,2069,-5.360555556,36.20638889,119.0087315,26.24837138
SCarbDist,6,2070,-5.360555556,36.20638889,64.99962891,29.55285034
SCarbDist,6,2071,-5.360555556,36.20638889,59.59139343,28.58878886
SCarbDist,6,2072,-5.360555556,36.20638889,118.0505916,28.56635335
SCarbDist,6,2073,-5.360555556,36.20638889,213.5656878,28.00326233
SCarbDist,6,2074,-5.360555556,36.20638889,263.5225136,25.44019979
SCarbDist,6,2075,-5.360555556,36.20638889,128.0955849,29.34224243
SCarbDist,6,2076,-5.360555556,36.20638889,164.681577,28.2864329
SCarbDist,6,2077,-5.360555556,36.20638889,105.7536216,30.00775757
SCarbDist,6,2078,-5.360555556,36.20638889,87.22604917,28.55781453
SCarbDist,6,2079,-5.360555556,36.20638889,107.1500672,29.15690308
SCarbDist,6,2080,-5.360555556,36.20638889,71.20039291,28.8391805
SCarbDist,6,2081,-5.360555556,36.20638889,121.8464228,29.2784963
SCarbDist,6,2082,-5.360555556,36.20638889,83.82742524,28.88287354
SCarbDist,6,2083,-5.360555556,36.20638889,46.43140206,30.46647441
SCarbDist,6,2084,-5.360555556,36.20638889,108.7623716,27.75553894
SCarbDist,6,2085,-5.360555556,36.20638889,61.08409855,31.73824565
SCarbDist,6,2086,-5.360555556,36.20638889,120.4340199,26.52363688
SCarbDist,6,2087,-5.360555556,36.20638889,129.0581286,30.18581136
SCarbDist,6,2088,-5.360555556,36.20638889,106.1529854,26.95941772
SCarbDist,6,2089,-5.360555556,36.20638889,70.64678834,28.30250956
SCarbDist,6,2090,-5.360555556,36.20638889,135.8446835,27.33485819
SCarbDist,6,2091,-5.360555556,36.20638889,84.70816733,31.70746257
SCarbDist,6,2092,-5.360555556,36.20638889,99.13115991,28.89022522
SCarbDist,6,2093,-5.360555556,36.20638889,266.0208297,27.43182475
SCarbDist,6,2094,-5.360555556,36.20638889,64.5652692,32.04562378
SCarbDist,6,2095,-5.360555556,36.20638889,47.86248485,29.12627563
SCarbDist,6,2096,-5.360555556,36.20638889,100.3021906,29.72119751
SCarbDist,6,2097,-5.360555556,36.20638889,125.3675727,30.97142639
SCarbDist,6,2098,-5.360555556,36.20638889,186.3437394,29.10294698
SCarbDist,6,2099,-5.360555556,36.20638889,194.7813587,27.31389567
SCarbDist,6,2100,-5.360555556,36.20638889,73.06521979,32.16689758
SCarbDist,7,2015,-5.360555556,36.20638889,45.05125663,32.24889329
SCarbDist,7,2016,-5.360555556,36.20638889,122.1238722,28.84056515
SCarbDist,7,2017,-5.360555556,36.20638889,49.41304877,31.69620027
SCarbDist,7,2018,-5.360555556,36.20638889,103.535482,30.40673316
SCarbDist,7,2019,-5.360555556,36.20638889,55.73107892,30.89425935
SCarbDist,7,2020,-5.360555556,36.20638889,86.76051974,29.89248145
SCarbDist,7,2021,-5.360555556,36.20638889,113.4036428,31.37604823
SCarbDist,7,2022,-5.360555556,36.20638889,49.93437064,31.26061992
SCarbDist,7,2023,-5.360555556,36.20638889,109.7349308,27.69992144
SCarbDist,7,2024,-5.360555556,36.20638889,79.44941846,32.91988132
SCarbDist,7,2025,-5.360555556,36.20638889,102.2722371,31.76628044
SCarbDist,7,2026,-5.360555556,36.20638889,75.76580291,32.74622645
SCarbDist,7,2027,-5.360555556,36.20638889,52.19703916,31.82512424
SCarbDist,7,2028,-5.360555556,36.20638889,111.7422239,31.39293233
SCarbDist,7,2029,-5.360555556,36.20638889,59.79149348,29.90450439
SCarbDist,7,2030,-5.360555556,36.20638889,65.36251554,34.00753961
SCarbDist,7,2031,-5.360555556,36.20638889,116.4973814,32.28933598
SCarbDist,7,2032,-5.360555556,36.20638889,55.15913379,29.84560055
SCarbDist,7,2033,-5.360555556,36.20638889,41.07522805,31.86024603
SCarbDist,7,2034,-5.360555556,36.20638889,103.4365099,29.95746224
SCarbDist,7,2035,-5.360555556,36.20638889,147.2266471,30.48364632
SCarbDist,7,2036,-5.360555556,36.20638889,56.24751431,32.27286731
SCarbDist,7,2037,-5.360555556,36.20638889,69.34635807,31.55461544
SCarbDist,7,2038,-5.360555556,36.20638889,51.72497496,32.76675297
SCarbDist,7,2039,-5.360555556,36.20638889,73.2819168,33.41194675
SCarbDist,7,2040,-5.360555556,36.20638889,120.0973992,29.32339852
SCarbDist,7,2041,-5.360555556,36.20638889,58.49894244,30.62692044
SCarbDist,7,2042,-5.360555556,36.20638889,46.2241658,33.4123543
SCarbDist,7,2043,-5.360555556,36.20638889,89.82254262,33.13799537
SCarbDist,7,2044,-5.360555556,36.20638889,50.79247153,31.83885026
SCarbDist,7,2045,-5.360555556,36.20638889,75.24543398,32.27850125
SCarbDist,7,2046,-5.360555556,36.20638889,45.6709581,31.77167713
SCarbDist,7,2047,-5.360555556,36.20638889,64.86022873,32.52726775
SCarbDist,7,2048,-5.360555556,36.20638889,38.81596466,30.95882667
SCarbDist,7,2049,-5.360555556,36.20638889,130.7178477,30.89594175
SCarbDist,7,2050,-5.360555556,36.20638889,91.11240421,31.30678514
SCarbDist,7,2051,-5.360555556,36.20638889,87.38170513,32.79405636
SCarbDist,7,2052,-5.360555556,36.20638889,58.1318449,33.53016594
SCarbDist,7,2053,-5.360555556,36.20638889,106.9058542,29.75373082
SCarbDist,7,2054,-5.360555556,36.20638889,96.24947358,33.35820037
SCarbDist,7,2055,-5.360555556,36.20638889,37.32546073,32.67414492
SCarbDist,7,2056,-5.360555556,36.20638889,63.73396168,33.57778616
SCarbDist,7,2057,-5.360555556,36.20638889,50.34589323,33.63474574
SCarbDist,7,2058,-5.360555556,36.20638889,50.51577399,34.03094955
SCarbDist,7,2059,-5.360555556,36.20638889,56.53100131,32.87664283
SCarbDist,7,2060,-5.360555556,36.20638889,68.41922771,32.83615191
SCarbDist,7,2061,-5.360555556,36.20638889,74.86542071,33.37883222
SCarbDist,7,2062,-5.360555556,36.20638889,88.28173686,32.45699857
SCarbDist,7,2063,-5.360555556,36.20638889,87.00836107,34.3799279
SCarbDist,7,2064,-5.360555556,36.20638889,83.99385291,34.67037944
SCarbDist,7,2065,-5.360555556,36.20638889,127.4310797,32.39025859
SCarbDist,7,2066,-5.360555556,36.20638889,48.86908607,33.12091537
SCarbDist,7,2067,-5.360555556,36.20638889,89.00362207,32.22923899
SCarbDist,7,2068,-5.360555556,36.20638889,49.54871564,34.00135833
SCarbDist,7,2069,-5.360555556,36.20638889,64.76144322,33.60570679
SCarbDist,7,2070,-5.360555556,36.20638889,67.23807051,33.08290917
SCarbDist,7,2071,-5.360555556,36.20638889,70.24851451,34.21290126
SCarbDist,7,2072,-5.360555556,36.20638889,48.5166911,33.75860281
SCarbDist,7,2073,-5.360555556,36.20638889,76.86792744,33.87937858
SCarbDist,7,2074,-5.360555556,36.20638889,61.29141393,31.50432838
SCarbDist,7,2075,-5.360555556,36.20638889,89.54732181,32.4493613
SCarbDist,7,2076,-5.360555556,36.20638889,35.3418931,34.74258502
SCarbDist,7,2077,-5.360555556,36.20638889,48.01197496,35.22108883
SCarbDist,7,2078,-5.360555556,36.20638889,93.60284125,33.62515042
SCarbDist,7,2079,-5.360555556,36.20638889,74.0447155,34.70167473
SCarbDist,7,2080,-5.360555556,36.20638889,81.44629253,34.29445407
SCarbDist,7,2081,-5.360555556,36.20638889,62.38942104,33.54752945
SCarbDist,7,2082,-5.360555556,36.20638889,79.0525583,32.49800533
SCarbDist,7,2083,-5.360555556,36.20638889,57.43091232,35.10670993
SCarbDist,7,2084,-5.360555556,36.20638889,100.8402605,33.04505458
SCarbDist,7,2085,-5.360555556,36.20638889,65.89528028,36.16141909
SCarbDist,7,2086,-5.360555556,36.20638889,79.0368894,34.40197242
SCarbDist,7,2087,-5.360555556,36.20638889,39.43693824,33.91791835
SCarbDist,7,2088,-5.360555556,36.20638889,96.65361648,31.31712765
SCarbDist,7,2089,-5.360555556,36.20638889,62.0676125,35.91138069
SCarbDist,7,2090,-5.360555556,36.20638889,95.90241479,34.4616018
SCarbDist,7,2091,-5.360555556,36.20638889,25.60456151,36.44315442
SCarbDist,7,2092,-5.360555556,36.20638889,103.3447833,33.41029683
SCarbDist,7,2093,-5.360555556,36.20638889,136.9004218,31.233983
SCarbDist,7,2094,-5.360555556,36.20638889,60.79304474,36.96313358
SCarbDist,7,2095,-5.360555556,36.20638889,79.2626778,33.7483804
SCarbDist,7,2096,-5.360555556,36.20638889,69.09825179,35.80905033
SCarbDist,7,2097,-5.360555556,36.20638889,100.525059,33.58147091
SCarbDist,7,2098,-5.360555556,36.20638889,127.496706,30.93401686
SCarbDist,7,2099,-5.360555556,36.20638889,77.1847597,35.79147418
SCarbDist,7,2100,-5.360555556,36.20638889,88.08131381,35.38181901
SCarbDist,8,2015,-5.360555556,36.20638889,41.83775883,30.42531935
SCarbDist,8,2016,-5.360555556,36.20638889,43.15745927,30.04665429
SCarbDist,8,2017,-5.360555556,36.20638889,32.5334791,31.87476452
SCarbDist,8,2018,-5.360555556,36.20638889,67.08083916,31.69016468
SCarbDist,8,2019,-5.360555556,36.20638889,67.31387255,30.3365447
SCarbDist,8,2020,-5.360555556,36.20638889,41.67990327,31.60875658
SCarbDist,8,2021,-5.360555556,36.20638889,54.85988321,30.75645673
SCarbDist,8,2022,-5.360555556,36.20638889,50.93612633,30.93096313
SCarbDist,8,2023,-5.360555556,36.20638889,60.06139751,30.35454909
SCarbDist,8,2024,-5.360555556,36.20638889,47.5099074,33.12743235
SCarbDist,8,2025,-5.360555556,36.20638889,88.67588941,30.3895813
SCarbDist,8,2026,-5.360555556,36.20638889,38.85043337,32.6278153
SCarbDist,8,2027,-5.360555556,36.20638889,70.090482,32.66594061
SCarbDist,8,2028,-5.360555556,36.20638889,74.07159625,30.49609355
SCarbDist,8,2029,-5.360555556,36.20638889,80.4832178,31.30037251
SCarbDist,8,2030,-5.360555556,36.20638889,67.02552881,31.83528561
SCarbDist,8,2031,-5.360555556,36.20638889,88.34221825,28.6742158
SCarbDist,8,2032,-5.360555556,36.20638889,40.12444676,32.48714107
SCarbDist,8,2033,-5.360555556,36.20638889,97.81274705,30.58490463
SCarbDist,8,2034,-5.360555556,36.20638889,70.11057266,31.4061612
SCarbDist,8,2035,-5.360555556,36.20638889,58.17633891,31.69618452
SCarbDist,8,2036,-5.360555556,36.20638889,48.8816005,32.52635321
SCarbDist,8,2037,-5.360555556,36.20638889,39.67178683,32.73738226
SCarbDist,8,2038,-5.360555556,36.20638889,49.94267092,33.09458461
SCarbDist,8,2039,-5.360555556,36.20638889,41.86560986,31.9245131
SCarbDist,8,2040,-5.360555556,36.20638889,67.55184636,31.9629997
SCarbDist,8,2041,-5.360555556,36.20638889,28.51184681,33.61399969
SCarbDist,8,2042,-5.360555556,36.20638889,58.58868474,33.63839407
SCarbDist,8,2043,-5.360555556,36.20638889,56.83644557,31.61947809
SCarbDist,8,2044,-5.360555556,36.20638889,47.492446,32.87984718
SCarbDist,8,2045,-5.360555556,36.20638889,46.22624309,32.66620838
SCarbDist,8,2046,-5.360555556,36.20638889,26.99867517,33.21715403
SCarbDist,8,2047,-5.360555556,36.20638889,67.51419858,31.80500429
SCarbDist,8,2048,-5.360555556,36.20638889,84.60786047,31.86166756
SCarbDist,8,2049,-5.360555556,36.20638889,55.38199514,32.41987147
SCarbDist,8,2050,-5.360555556,36.20638889,95.59774243,32.21661456
SCarbDist,8,2051,-5.360555556,36.20638889,46.77420641,33.17098881
SCarbDist,8,2052,-5.360555556,36.20638889,43.92399407,32.86053349
SCarbDist,8,2053,-5.360555556,36.20638889,48.88072948,32.22267082
SCarbDist,8,2054,-5.360555556,36.20638889,80.20073315,32.14980173
SCarbDist,8,2055,-5.360555556,36.20638889,59.4642471,31.9536121
SCarbDist,8,2056,-5.360555556,36.20638889,58.51092597,34.00658865
SCarbDist,8,2057,-5.360555556,36.20638889,17.74451209,34.36640172
SCarbDist,8,2058,-5.360555556,36.20638889,63.93054022,32.86830267
SCarbDist,8,2059,-5.360555556,36.20638889,75.20948748,33.87467297
SCarbDist,8,2060,-5.360555556,36.20638889,48.2037532,33.58932475
SCarbDist,8,2061,-5.360555556,36.20638889,37.9945297,32.10443292
SCarbDist,8,2062,-5.360555556,36.20638889,55.1195098,34.78773331
SCarbDist,8,2063,-5.360555556,36.20638889,69.29281219,32.78969431
SCarbDist,8,2064,-5.360555556,36.20638889,79.63222459,32.91057838
SCarbDist,8,2065,-5.360555556,36.20638889,61.5613396,32.85134376
SCarbDist,8,2066,-5.360555556,36.20638889,46.96562246,34.30104685
SCarbDist,8,2067,-5.360555556,36.20638889,77.55575678,32.78130395
SCarbDist,8,2068,-5.360555556,36.20638889,42.29738009,33.68924029
SCarbDist,8,2069,-5.360555556,36.20638889,71.96428118,34.24438162
SCarbDist,8,2070,-5.360555556,36.20638889,49.9813137,34.47143043
SCarbDist,8,2071,-5.360555556,36.20638889,146.9417798,29.79671729
SCarbDist,8,2072,-5.360555556,36.20638889,76.71849374,32.84513589
SCarbDist,8,2073,-5.360555556,36.20638889,55.83753043,35.21116865
SCarbDist,8,2074,-5.360555556,36.20638889,97.5572221,31.79540307
SCarbDist,8,2075,-5.360555556,36.20638889,76.82644108,33.7621773
SCarbDist,8,2076,-5.360555556,36.20638889,112.1648753,31.60353905
SCarbDist,8,2077,-5.360555556,36.20638889,37.60499609,34.80974141
SCarbDist,8,2078,-5.360555556,36.20638889,34.98501832,36.6941172
SCarbDist,8,2079,-5.360555556,36.20638889,73.18329396,34.03778056
SCarbDist,8,2080,-5.360555556,36.20638889,24.36080073,35.93812492
SCarbDist,8,2081,-5.360555556,36.20638889,61.62762036,35.28378375
SCarbDist,8,2082,-5.360555556,36.20638889,112.5383305,34.39099692
SCarbDist,8,2083,-5.360555556,36.20638889,77.81891172,35.78446301
SCarbDist,8,2084,-5.360555556,36.20638889,52.62291668,34.39266456
SCarbDist,8,2085,-5.360555556,36.20638889,23.46520127,34.81469707
SCarbDist,8,2086,-5.360555556,36.20638889,57.83993446,34.05648095
SCarbDist,8,2087,-5.360555556,36.20638889,62.65617859,34.47687043
SCarbDist,8,2088,-5.360555556,36.20638889,57.64871242,34.10197478
SCarbDist,8,2089,-5.360555556,36.20638889,21.81429013,35.2609625
SCarbDist,8,2090,-5.360555556,36.20638889,67.70219042,34.95781368
SCarbDist,8,2091,-5.360555556,36.20638889,39.88023855,37.03101649
SCarbDist,8,2092,-5.360555556,36.20638889,63.1659767,35.72166276
SCarbDist,8,2093,-5.360555556,36.20638889,70.22717558,33.9651379
SCarbDist,8,2094,-5.360555556,36.20638889,32.60826814,37.79903761
SCarbDist,8,2095,-5.360555556,36.20638889,70.97092704,34.49394354
SCarbDist,8,2096,-5.360555556,36.20638889,47.94325884,36.58296332
SCarbDist,8,2097,-5.360555556,36.20638889,68.89456809,35.74818745
SCarbDist,8,2098,-5.360555556,36.20638889,19.31008772,34.46412393
SCarbDist,8,2099,-5.360555556,36.20638889,93.07765193,31.97825751
SCarbDist,8,2100,-5.360555556,36.20638889,41.48693801,36.60812752
SCarbDist,9,2015,-5.360555556,36.20638889,101.6221289,26.65684611
SCarbDist,9,2016,-5.360555556,36.20638889,101.5264416,25.19356079
SCarbDist,9,2017,-5.360555556,36.20638889,61.19479391,28.7271108
SCarbDist,9,2018,-5.360555556,36.20638889,76.41637476,24.88515727
SCarbDist,9,2019,-5.360555556,36.20638889,59.47277451,27.99203796
SCarbDist,9,2020,-5.360555556,36.20638889,72.98402464,26.14356893
SCarbDist,9,2021,-5.360555556,36.20638889,55.60491611,25.21778768
SCarbDist,9,2022,-5.360555556,36.20638889,120.6651472,25.70561523
SCarbDist,9,2023,-5.360555556,36.20638889,53.89875519,26.86835531
SCarbDist,9,2024,-5.360555556,36.20638889,99.81015346,25.71776428
SCarbDist,9,2025,-5.360555556,36.20638889,103.7925949,23.91383565
SCarbDist,9,2026,-5.360555556,36.20638889,88.07208951,25.6744161
SCarbDist,9,2027,-5.360555556,36.20638889,32.26833542,26.74070129
SCarbDist,9,2028,-5.360555556,36.20638889,71.0164338,26.83994242
SCarbDist,9,2029,-5.360555556,36.20638889,57.42919552,26.35091451
SCarbDist,9,2030,-5.360555556,36.20638889,117.4977813,26.55979614
SCarbDist,9,2031,-5.360555556,36.20638889,51.95467575,26.08223368
SCarbDist,9,2032,-5.360555556,36.20638889,85.12267597,26.11966654
SCarbDist,9,2033,-5.360555556,36.20638889,128.2537336,24.10019938
SCarbDist,9,2034,-5.360555556,36.20638889,67.21217132,25.83168742
SCarbDist,9,2035,-5.360555556,36.20638889,42.1760342,27.00574341
SCarbDist,9,2036,-5.360555556,36.20638889,108.5968854,24.40023397
SCarbDist,9,2037,-5.360555556,36.20638889,36.51960796,28.3229421
SCarbDist,9,2038,-5.360555556,36.20638889,78.65850171,25.96999003
SCarbDist,9,2039,-5.360555556,36.20638889,67.87967742,26.90432027
SCarbDist,9,2040,-5.360555556,36.20638889,67.40876886,25.45624084
SCarbDist,9,2041,-5.360555556,36.20638889,72.63093528,27.72121175
SCarbDist,9,2042,-5.360555556,36.20638889,117.7971147,25.73380839
SCarbDist,9,2043,-5.360555556,36.20638889,82.10174254,25.69419556
SCarbDist,9,2044,-5.360555556,36.20638889,47.11802663,29.28228556
SCarbDist,9,2045,-5.360555556,36.20638889,52.19943061,26.68302104
SCarbDist,9,2046,-5.360555556,36.20638889,48.01786855,28.64653625
SCarbDist,9,2047,-5.360555556,36.20638889,168.1690489,24.94240723
SCarbDist,9,2048,-5.360555556,36.20638889,53.00510316,27.28094889
SCarbDist,9,2049,-5.360555556,36.20638889,89.11020615,26.37019043
SCarbDist,9,2050,-5.360555556,36.20638889,98.041837,26.22377218
SCarbDist,9,2051,-5.360555556,36.20638889,52.63869645,27.66639201
SCarbDist,9,2052,-5.360555556,36.20638889,73.36385971,28.29583537
SCarbDist,9,2053,-5.360555556,36.20638889,123.6422807,26.8329539
SCarbDist,9,2054,-5.360555556,36.20638889,71.63740398,28.92102661
SCarbDist,9,2055,-5.360555556,36.20638889,81.01839283,26.84522909
SCarbDist,9,2056,-5.360555556,36.20638889,49.15041395,27.4591746
SCarbDist,9,2057,-5.360555556,36.20638889,45.93323179,28.9748057
SCarbDist,9,2058,-5.360555556,36.20638889,82.11306749,26.09436239
SCarbDist,9,2059,-5.360555556,36.20638889,62.22505912,29.27229513
SCarbDist,9,2060,-5.360555556,36.20638889,166.7433698,24.83260295
SCarbDist,9,2061,-5.360555556,36.20638889,103.7542049,28.3188385
SCarbDist,9,2062,-5.360555556,36.20638889,102.5338323,29.48455607
SCarbDist,9,2063,-5.360555556,36.20638889,47.36068349,28.07701721
SCarbDist,9,2064,-5.360555556,36.20638889,46.33463034,27.6907725
SCarbDist,9,2065,-5.360555556,36.20638889,67.64405503,29.28123169
SCarbDist,9,2066,-5.360555556,36.20638889,69.97399406,29.47034505
SCarbDist,9,2067,-5.360555556,36.20638889,113.0937652,26.75270589
SCarbDist,9,2068,-5.360555556,36.20638889,36.30801067,28.56176554
SCarbDist,9,2069,-5.360555556,36.20638889,72.02034124,28.3122996
SCarbDist,9,2070,-5.360555556,36.20638889,69.84009782,28.92534078
SCarbDist,9,2071,-5.360555556,36.20638889,58.27475327,29.99298197
SCarbDist,9,2072,-5.360555556,36.20638889,39.63696374,28.46964722
SCarbDist,9,2073,-5.360555556,36.20638889,55.96279252,29.71316325
SCarbDist,9,2074,-5.360555556,36.20638889,164.9976925,26.80036723
SCarbDist,9,2075,-5.360555556,36.20638889,111.2992217,28.88324585
SCarbDist,9,2076,-5.360555556,36.20638889,108.3275639,26.29450989
SCarbDist,9,2077,-5.360555556,36.20638889,187.0522807,23.95023499
SCarbDist,9,2078,-5.360555556,36.20638889,37.40463215,32.06572266
SCarbDist,9,2079,-5.360555556,36.20638889,63.77799911,28.7604126
SCarbDist,9,2080,-5.360555556,36.20638889,47.45616018,30.32178446
SCarbDist,9,2081,-5.360555556,36.20638889,127.0703366,26.30270793
SCarbDist,9,2082,-5.360555556,36.20638889,68.67423841,29.0265981
SCarbDist,9,2083,-5.360555556,36.20638889,109.5465795,30.44188639
SCarbDist,9,2084,-5.360555556,36.20638889,47.65065827,29.01198425
SCarbDist,9,2085,-5.360555556,36.20638889,46.5481941,29.59851786
SCarbDist,9,2086,-5.360555556,36.20638889,72.60470912,29.87734172
SCarbDist,9,2087,-5.360555556,36.20638889,67.74014072,30.61467997
SCarbDist,9,2088,-5.360555556,36.20638889,36.12057016,29.26948954
SCarbDist,9,2089,-5.360555556,36.20638889,42.96160661,31.1569519
SCarbDist,9,2090,-5.360555556,36.20638889,38.7324951,29.89252726
SCarbDist,9,2091,-5.360555556,36.20638889,17.75889001,31.22068176
SCarbDist,9,2092,-5.360555556,36.20638889,57.09618191,29.08295797
SCarbDist,9,2093,-5.360555556,36.20638889,27.68452271,29.10314331
SCarbDist,9,2094,-5.360555556,36.20638889,77.91010242,31.40940145
SCarbDist,9,2095,-5.360555556,36.20638889,44.66274356,30.1498291
SCarbDist,9,2096,-5.360555556,36.20638889,101.6065497,29.14754232
SCarbDist,9,2097,-5.360555556,36.20638889,54.61990181,30.45243123
SCarbDist,9,2098,-5.360555556,36.20638889,158.7749492,28.86553548
SCarbDist,9,2099,-5.360555556,36.20638889,197.7296789,27.07234904
SCarbDist,9,2100,-5.360555556,36.20638889,28.62930108,30.10253194
SierraCarbonera,1,2015,-5.360833,36.204444,6.164272203,10.9335335
SierraCarbonera,1,2016,-5.360833,36.204444,65.3406584,10.33381092
SierraCarbonera,1,2017,-5.360833,36.204444,13.37374009,14.78664354
SierraCarbonera,1,2018,-5.360833,36.204444,31.78027838,11.07513605
SierraCarbonera,1,2019,-5.360833,36.204444,13.45057078,12.99073624
SierraCarbonera,1,2020,-5.360833,36.204444,17.4865033,12.13729346
SierraCarbonera,1,2021,-5.360833,36.204444,9.886489123,12.41431727
SierraCarbonera,1,2022,-5.360833,36.204444,124.2723979,9.321541866
SierraCarbonera,1,2023,-5.360833,36.204444,5.870315523,13.61226807
SierraCarbonera,1,2024,-5.360833,36.204444,9.849419874,14.89918252
SierraCarbonera,1,2025,-5.360833,36.204444,92.00610493,10.03883588
SierraCarbonera,1,2026,-5.360833,36.204444,34.64407833,11.28764077
SierraCarbonera,1,2027,-5.360833,36.204444,45.64543805,13.12379387
SierraCarbonera,1,2028,-5.360833,36.204444,45.54854043,10.25912357
SierraCarbonera,1,2029,-5.360833,36.204444,17.91194555,12.75790779
SierraCarbonera,1,2030,-5.360833,36.204444,2.008728138,13.33031321
SierraCarbonera,1,2031,-5.360833,36.204444,36.23691975,13.42561764
SierraCarbonera,1,2032,-5.360833,36.204444,77.56464638,12.24502839
SierraCarbonera,1,2033,-5.360833,36.204444,36.81369627,9.680592986
SierraCarbonera,1,2034,-5.360833,36.204444,57.32517534,9.629608942
SierraCarbonera,1,2035,-5.360833,36.204444,21.9303979,13.93768488
SierraCarbonera,1,2036,-5.360833,36.204444,23.70633918,14.19972652
SierraCarbonera,1,2037,-5.360833,36.204444,18.35427051,11.43146815
SierraCarbonera,1,2038,-5.360833,36.204444,77.83028889,11.04053699
SierraCarbonera,1,2039,-5.360833,36.204444,40.06265691,11.72582791
SierraCarbonera,1,2040,-5.360833,36.204444,11.54531058,11.85500488
SierraCarbonera,1,2041,-5.360833,36.204444,69.64765452,12.19207646
SierraCarbonera,1,2042,-5.360833,36.204444,18.2988662,13.22914744
SierraCarbonera,1,2043,-5.360833,36.204444,31.04636719,13.86302018
SierraCarbonera,1,2044,-5.360833,36.204444,81.51727817,11.60786271
SierraCarbonera,1,2045,-5.360833,36.204444,2.622030871,15.95038413
SierraCarbonera,1,2046,-5.360833,36.204444,24.02399939,11.24613293
SierraCarbonera,1,2047,-5.360833,36.204444,5.104409073,15.06168863
SierraCarbonera,1,2048,-5.360833,36.204444,8.804350889,12.75469754
SierraCarbonera,1,2049,-5.360833,36.204444,18.10300565,13.31274887
SierraCarbonera,1,2050,-5.360833,36.204444,10.76686255,12.76338127
SierraCarbonera,1,2051,-5.360833,36.204444,44.78609927,12.08723184
SierraCarbonera,1,2052,-5.360833,36.204444,1.984603559,16.51689177
SierraCarbonera,1,2053,-5.360833,36.204444,23.20290226,13.62728075
SierraCarbonera,1,2054,-5.360833,36.204444,76.52944398,9.951716072
SierraCarbonera,1,2055,-5.360833,36.204444,10.70138752,15.01902604
SierraCarbonera,1,2056,-5.360833,36.204444,17.21351803,12.07415949
SierraCarbonera,1,2057,-5.360833,36.204444,24.87427286,14.66342833
SierraCarbonera,1,2058,-5.360833,36.204444,15.36901838,14.24498901
SierraCarbonera,1,2059,-5.360833,36.204444,59.55285851,13.03767326
SierraCarbonera,1,2060,-5.360833,36.204444,7.993221626,13.14951329
SierraCarbonera,1,2061,-5.360833,36.204444,2.024765534,14.76355551
SierraCarbonera,1,2062,-5.360833,36.204444,16.0065717,12.93030947
SierraCarbonera,1,2063,-5.360833,36.204444,40.02079101,12.27999268
SierraCarbonera,1,2064,-5.360833,36.204444,65.11164229,13.6206289
SierraCarbonera,1,2065,-5.360833,36.204444,52.37024159,11.44432393
SierraCarbonera,1,2066,-5.360833,36.204444,17.44505193,13.03072214
SierraCarbonera,1,2067,-5.360833,36.204444,3.237635824,15.36011215
SierraCarbonera,1,2068,-5.360833,36.204444,77.62868104,11.45949215
SierraCarbonera,1,2069,-5.360833,36.204444,15.86963537,15.48670989
SierraCarbonera,1,2070,-5.360833,36.204444,63.31425713,13.48306255
SierraCarbonera,1,2071,-5.360833,36.204444,37.95385248,13.74463363
SierraCarbonera,1,2072,-5.360833,36.204444,22.42006773,12.4079519
SierraCarbonera,1,2073,-5.360833,36.204444,46.0916096,13.39485592
SierraCarbonera,1,2074,-5.360833,36.204444,22.89132052,15.38897784
SierraCarbonera,1,2075,-5.360833,36.204444,35.14946283,13.19654876
SierraCarbonera,1,2076,-5.360833,36.204444,15.15468484,12.2546306
SierraCarbonera,1,2077,-5.360833,36.204444,6.735347425,15.50169697
SierraCarbonera,1,2078,-5.360833,36.204444,20.32581426,11.58927061
SierraCarbonera,1,2079,-5.360833,36.204444,7.16014857,15.81360631
SierraCarbonera,1,2080,-5.360833,36.204444,63.30749572,11.189069
SierraCarbonera,1,2081,-5.360833,36.204444,7.353081292,14.86522729
SierraCarbonera,1,2082,-5.360833,36.204444,8.787698747,14.12657294
SierraCarbonera,1,2083,-5.360833,36.204444,2.232564753,15.67043457
SierraCarbonera,1,2084,-5.360833,36.204444,11.77702601,15.8545166
SierraCarbonera,1,2085,-5.360833,36.204444,36.46901843,16.74167638
SierraCarbonera,1,2086,-5.360833,36.204444,73.70955688,14.44601519
SierraCarbonera,1,2087,-5.360833,36.204444,51.78583458,13.74438851
SierraCarbonera,1,2088,-5.360833,36.204444,6.164577055,15.39072817
SierraCarbonera,1,2089,-5.360833,36.204444,8.267244655,14.68629387
SierraCarbonera,1,2090,-5.360833,36.204444,22.54915663,14.67691217
SierraCarbonera,1,2091,-5.360833,36.204444,17.07719513,15.63485009
SierraCarbonera,1,2092,-5.360833,36.204444,13.25995477,15.7911375
SierraCarbonera,1,2093,-5.360833,36.204444,6.389007783,14.60252508
SierraCarbonera,1,2094,-5.360833,36.204444,124.9355616,13.47372318
SierraCarbonera,1,2095,-5.360833,36.204444,20.14817119,14.23527064
SierraCarbonera,1,2096,-5.360833,36.204444,11.18055227,13.23789909
SierraCarbonera,1,2097,-5.360833,36.204444,14.97312233,14.47004139
SierraCarbonera,1,2098,-5.360833,36.204444,2.158287935,18.60824565
SierraCarbonera,1,2099,-5.360833,36.204444,34.70589981,13.7124622
SierraCarbonera,1,2100,-5.360833,36.204444,10.28052693,16.35295824
SierraCarbonera,10,2015,-5.360833,36.204444,83.75183137,20.59304396
SierraCarbonera,10,2016,-5.360833,36.204444,42.32269931,19.79761707
SierraCarbonera,10,2017,-5.360833,36.204444,50.80549132,19.10287653
SierraCarbonera,10,2018,-5.360833,36.204444,72.08835365,19.69344679
SierraCarbonera,10,2019,-5.360833,36.204444,63.99326741,22.0658272
SierraCarbonera,10,2020,-5.360833,36.204444,76.22714293,17.59039681
SierraCarbonera,10,2021,-5.360833,36.204444,84.26535463,19.18958287
SierraCarbonera,10,2022,-5.360833,36.204444,271.0707922,16.77562571
SierraCarbonera,10,2023,-5.360833,36.204444,29.02560689,22.95855299
SierraCarbonera,10,2024,-5.360833,36.204444,153.5327856,17.10531203
SierraCarbonera,10,2025,-5.360833,36.204444,181.4963282,16.37296989
SierraCarbonera,10,2026,-5.360833,36.204444,75.89221561,18.36489455
SierraCarbonera,10,2027,-5.360833,36.204444,67.51849624,22.26541413
SierraCarbonera,10,2028,-5.360833,36.204444,79.69104213,20.14873165
SierraCarbonera,10,2029,-5.360833,36.204444,27.96333132,18.87397205
SierraCarbonera,10,2030,-5.360833,36.204444,57.1727113,19.93108225
SierraCarbonera,10,2031,-5.360833,36.204444,226.5560305,17.32243672
SierraCarbonera,10,2032,-5.360833,36.204444,90.35120542,19.37857824
SierraCarbonera,10,2033,-5.360833,36.204444,117.932246,20.60440634
SierraCarbonera,10,2034,-5.360833,36.204444,57.44356456,21.55007423
SierraCarbonera,10,2035,-5.360833,36.204444,82.7089785,18.96875374
SierraCarbonera,10,2036,-5.360833,36.204444,96.38958744,17.57748886
SierraCarbonera,10,2037,-5.360833,36.204444,44.39409119,18.26578034
SierraCarbonera,10,2038,-5.360833,36.204444,24.31632435,22.46077684
SierraCarbonera,10,2039,-5.360833,36.204444,54.9949976,20.12656604
SierraCarbonera,10,2040,-5.360833,36.204444,222.5232823,18.19697108
SierraCarbonera,10,2041,-5.360833,36.204444,113.9548012,18.72797497
SierraCarbonera,10,2042,-5.360833,36.204444,32.75408441,21.09203983
SierraCarbonera,10,2043,-5.360833,36.204444,63.42414523,18.57658022
SierraCarbonera,10,2044,-5.360833,36.204444,92.58709217,21.12574994
SierraCarbonera,10,2045,-5.360833,36.204444,87.98216598,19.10464852
SierraCarbonera,10,2046,-5.360833,36.204444,150.3216548,20.45777824
SierraCarbonera,10,2047,-5.360833,36.204444,48.15724054,21.06614222
SierraCarbonera,10,2048,-5.360833,36.204444,73.23235294,19.50155029
SierraCarbonera,10,2049,-5.360833,36.204444,102.1181569,22.16889491
SierraCarbonera,10,2050,-5.360833,36.204444,58.93468343,23.0071675
SierraCarbonera,10,2051,-5.360833,36.204444,36.55448393,22.24452633
SierraCarbonera,10,2052,-5.360833,36.204444,64.87815111,21.17475232
SierraCarbonera,10,2053,-5.360833,36.204444,29.24950763,22.19689528
SierraCarbonera,10,2054,-5.360833,36.204444,43.10920447,21.21254784
SierraCarbonera,10,2055,-5.360833,36.204444,136.4933427,17.1575089
SierraCarbonera,10,2056,-5.360833,36.204444,39.35813754,20.81880513
SierraCarbonera,10,2057,-5.360833,36.204444,97.6780268,20.10714407
SierraCarbonera,10,2058,-5.360833,36.204444,120.0989036,21.15906037
SierraCarbonera,10,2059,-5.360833,36.204444,82.08935343,22.44918016
SierraCarbonera,10,2060,-5.360833,36.204444,42.3775345,18.66959091
SierraCarbonera,10,2061,-5.360833,36.204444,146.894599,20.63605307
SierraCarbonera,10,2062,-5.360833,36.204444,23.61989436,20.99565056
SierraCarbonera,10,2063,-5.360833,36.204444,56.48063809,22.1272837
SierraCarbonera,10,2064,-5.360833,36.204444,86.36480019,22.45349003
SierraCarbonera,10,2065,-5.360833,36.204444,60.48267111,22.9869373
SierraCarbonera,10,2066,-5.360833,36.204444,63.7795417,22.0265058
SierraCarbonera,10,2067,-5.360833,36.204444,76.99542938,21.18954054
SierraCarbonera,10,2068,-5.360833,36.204444,71.79970251,19.56061165
SierraCarbonera,10,2069,-5.360833,36.204444,135.0725308,21.8381641
SierraCarbonera,10,2070,-5.360833,36.204444,93.69635287,22.35429215
SierraCarbonera,10,2071,-5.360833,36.204444,72.68608809,24.22063697
SierraCarbonera,10,2072,-5.360833,36.204444,61.71964553,23.34059763
SierraCarbonera,10,2073,-5.360833,36.204444,117.1562097,21.00371901
SierraCarbonera,10,2074,-5.360833,36.204444,175.1417948,17.64751095
SierraCarbonera,10,2075,-5.360833,36.204444,18.5307886,24.80715332
SierraCarbonera,10,2076,-5.360833,36.204444,53.41423317,22.50002835
SierraCarbonera,10,2077,-5.360833,36.204444,60.66151459,20.23461501
SierraCarbonera,10,2078,-5.360833,36.204444,43.26428627,25.70672391
SierraCarbonera,10,2079,-5.360833,36.204444,94.71270401,19.84769642
SierraCarbonera,10,2080,-5.360833,36.204444,35.49856486,25.66075262
SierraCarbonera,10,2081,-5.360833,36.204444,13.52149116,24.32885033
SierraCarbonera,10,2082,-5.360833,36.204444,42.77833236,25.50492199
SierraCarbonera,10,2083,-5.360833,36.204444,160.0228045,18.85384128
SierraCarbonera,10,2084,-5.360833,36.204444,42.5780389,24.36271205
SierraCarbonera,10,2085,-5.360833,36.204444,63.96645549,24.36511506
SierraCarbonera,10,2086,-5.360833,36.204444,85.49713603,25.3293081
SierraCarbonera,10,2087,-5.360833,36.204444,90.76510242,23.97567237
SierraCarbonera,10,2088,-5.360833,36.204444,134.3454887,24.70948821
SierraCarbonera,10,2089,-5.360833,36.204444,20.90978696,26.15673316
SierraCarbonera,10,2090,-5.360833,36.204444,118.8311172,22.14233477
SierraCarbonera,10,2091,-5.360833,36.204444,66.82066946,23.06931015
SierraCarbonera,10,2092,-5.360833,36.204444,45.67531929,24.57436228
SierraCarbonera,10,2093,-5.360833,36.204444,38.9741141,23.18641791
SierraCarbonera,10,2094,-5.360833,36.204444,90.25627187,23.20232839
SierraCarbonera,10,2095,-5.360833,36.204444,68.17137717,23.31741313
SierraCarbonera,10,2096,-5.360833,36.204444,168.7706287,17.67973259
SierraCarbonera,10,2097,-5.360833,36.204444,22.66898953,25.42661783
SierraCarbonera,10,2098,-5.360833,36.204444,255.0324897,21.36613789
SierraCarbonera,10,2099,-5.360833,36.204444,4.231280568,23.33086548
SierraCarbonera,10,2100,-5.360833,36.204444,48.28228248,25.66985572
SierraCarbonera,11,2015,-5.360833,36.204444,48.38098225,13.92687073
SierraCarbonera,11,2016,-5.360833,36.204444,75.7213314,17.06195577
SierraCarbonera,11,2017,-5.360833,36.204444,34.94585413,16.01923014
SierraCarbonera,11,2018,-5.360833,36.204444,5.369730724,17.00990194
SierraCarbonera,11,2019,-5.360833,36.204444,88.23189231,14.39065247
SierraCarbonera,11,2020,-5.360833,36.204444,127.6588044,13.70657756
SierraCarbonera,11,2021,-5.360833,36.204444,60.93209029,12.38975627
SierraCarbonera,11,2022,-5.360833,36.204444,70.95474486,15.08192952
SierraCarbonera,11,2023,-5.360833,36.204444,27.06777799,15.98512166
SierraCarbonera,11,2024,-5.360833,36.204444,18.92640109,13.70152893
SierraCarbonera,11,2025,-5.360833,36.204444,81.94071276,14.38966064
SierraCarbonera,11,2026,-5.360833,36.204444,9.939982472,16.76792704
SierraCarbonera,11,2027,-5.360833,36.204444,34.77132525,15.47078756
SierraCarbonera,11,2028,-5.360833,36.204444,19.5173547,15.92893372
SierraCarbonera,11,2029,-5.360833,36.204444,136.4994855,14.67351786
SierraCarbonera,11,2030,-5.360833,36.204444,31.30733511,14.9475057
SierraCarbonera,11,2031,-5.360833,36.204444,73.63070813,13.76139628
SierraCarbonera,11,2032,-5.360833,36.204444,63.23406799,15.02232157
SierraCarbonera,11,2033,-5.360833,36.204444,74.05198942,13.65531921
SierraCarbonera,11,2034,-5.360833,36.204444,10.43811017,18.44635518
SierraCarbonera,11,2035,-5.360833,36.204444,107.4646797,13.07749329
SierraCarbonera,11,2036,-5.360833,36.204444,126.3832921,11.76103719
SierraCarbonera,11,2037,-5.360833,36.204444,14.43164597,16.22931519
SierraCarbonera,11,2038,-5.360833,36.204444,39.93247298,16.96585693
SierraCarbonera,11,2039,-5.360833,36.204444,99.65278831,11.66065674
SierraCarbonera,11,2040,-5.360833,36.204444,74.01070408,12.5390981
SierraCarbonera,11,2041,-5.360833,36.204444,29.95168695,13.16360881
SierraCarbonera,11,2042,-5.360833,36.204444,20.21149411,16.38213908
SierraCarbonera,11,2043,-5.360833,36.204444,4.988953114,18.9180776
SierraCarbonera,11,2044,-5.360833,36.204444,4.422747707,17.37414347
SierraCarbonera,11,2045,-5.360833,36.204444,13.66523954,18.17885946
SierraCarbonera,11,2046,-5.360833,36.204444,26.16726489,14.41564128
SierraCarbonera,11,2047,-5.360833,36.204444,19.73331206,16.67893372
SierraCarbonera,11,2048,-5.360833,36.204444,89.29841286,13.07190247
SierraCarbonera,11,2049,-5.360833,36.204444,50.88493345,15.29458923
SierraCarbonera,11,2050,-5.360833,36.204444,100.7548365,15.77719116
SierraCarbonera,11,2051,-5.360833,36.204444,10.0582045,18.07425842
SierraCarbonera,11,2052,-5.360833,36.204444,24.11150797,14.76038717
SierraCarbonera,11,2053,-5.360833,36.204444,6.731335175,19.53586222
SierraCarbonera,11,2054,-5.360833,36.204444,23.92839872,14.5087616
SierraCarbonera,11,2055,-5.360833,36.204444,3.189226146,16.39730326
SierraCarbonera,11,2056,-5.360833,36.204444,53.66383456,16.46003723
SierraCarbonera,11,2057,-5.360833,36.204444,51.73260921,14.23539124
SierraCarbonera,11,2058,-5.360833,36.204444,56.58804603,16.2322937
SierraCarbonera,11,2059,-5.360833,36.204444,14.66628204,16.69356893
SierraCarbonera,11,2060,-5.360833,36.204444,40.92032828,16.57963562
SierraCarbonera,11,2061,-5.360833,36.204444,15.477388,15.41601054
SierraCarbonera,11,2062,-5.360833,36.204444,69.56790841,14.33757019
SierraCarbonera,11,2063,-5.360833,36.204444,13.36822531,19.70966797
SierraCarbonera,11,2064,-5.360833,36.204444,24.37944403,20.04821472
SierraCarbonera,11,2065,-5.360833,36.204444,8.402127791,22.28623352
SierraCarbonera,11,2066,-5.360833,36.204444,46.0381075,17.57236328
SierraCarbonera,11,2067,-5.360833,36.204444,69.05093343,17.2719401
SierraCarbonera,11,2068,-5.360833,36.204444,23.03060327,17.74725952
SierraCarbonera,11,2069,-5.360833,36.204444,20.62524281,16.2659963
SierraCarbonera,11,2070,-5.360833,36.204444,34.77255267,16.5188741
SierraCarbonera,11,2071,-5.360833,36.204444,113.7402603,14.97013245
SierraCarbonera,11,2072,-5.360833,36.204444,5.236683043,19.18054708
SierraCarbonera,11,2073,-5.360833,36.204444,17.47997395,18.66700643
SierraCarbonera,11,2074,-5.360833,36.204444,92.84937958,17.38985494
SierraCarbonera,11,2075,-5.360833,36.204444,40.3302832,18.41492716
SierraCarbonera,11,2076,-5.360833,36.204444,50.36627683,14.65525818
SierraCarbonera,11,2077,-5.360833,36.204444,38.15942154,17.86218465
SierraCarbonera,11,2078,-5.360833,36.204444,76.49314641,15.48374736
SierraCarbonera,11,2079,-5.360833,36.204444,201.5120784,15.22213643
SierraCarbonera,11,2080,-5.360833,36.204444,11.01991823,20.62233582
SierraCarbonera,11,2081,-5.360833,36.204444,3.620691006,20.21032206
SierraCarbonera,11,2082,-5.360833,36.204444,9.477477465,19.00385234
SierraCarbonera,11,2083,-5.360833,36.204444,12.36584786,17.90292358
SierraCarbonera,11,2084,-5.360833,36.204444,2.133363293,19.22346293
SierraCarbonera,11,2085,-5.360833,36.204444,55.34634899,18.03472392
SierraCarbonera,11,2086,-5.360833,36.204444,19.16679264,16.96880391
SierraCarbonera,11,2087,-5.360833,36.204444,4.666991742,19.796934
SierraCarbonera,11,2088,-5.360833,36.204444,24.82491383,19.60653178
SierraCarbonera,11,2089,-5.360833,36.204444,28.01506739,20.23710938
SierraCarbonera,11,2090,-5.360833,36.204444,20.5429207,19.43281352
SierraCarbonera,11,2091,-5.360833,36.204444,58.18668672,18.17399292
SierraCarbonera,11,2092,-5.360833,36.204444,26.51763047,20.69608154
SierraCarbonera,11,2093,-5.360833,36.204444,20.38684935,19.67825317
SierraCarbonera,11,2094,-5.360833,36.204444,58.54777738,16.8765035
SierraCarbonera,11,2095,-5.360833,36.204444,3.23679085,21.50919189
SierraCarbonera,11,2096,-5.360833,36.204444,11.75700732,15.93886108
SierraCarbonera,11,2097,-5.360833,36.204444,66.67038696,17.92743429
SierraCarbonera,11,2098,-5.360833,36.204444,25.60401463,17.95900981
SierraCarbonera,11,2099,-5.360833,36.204444,16.25759672,19.96364543
SierraCarbonera,11,2100,-5.360833,36.204444,27.92409133,18.23920085
SierraCarbonera,12,2015,-5.360833,36.204444,6.128784906,13.43408407
SierraCarbonera,12,2016,-5.360833,36.204444,4.971569989,15.87442248
SierraCarbonera,12,2017,-5.360833,36.204444,38.07204934,12.29226278
SierraCarbonera,12,2018,-5.360833,36.204444,36.83788875,14.52881673
SierraCarbonera,12,2019,-5.360833,36.204444,4.814012879,12.06860657
SierraCarbonera,12,2020,-5.360833,36.204444,35.45224412,10.29891463
SierraCarbonera,12,2021,-5.360833,36.204444,16.10456286,11.81872457
SierraCarbonera,12,2022,-5.360833,36.204444,36.78543335,12.09379171
SierraCarbonera,12,2023,-5.360833,36.204444,12.14495072,13.21639404
SierraCarbonera,12,2024,-5.360833,36.204444,22.19440263,14.24582351
SierraCarbonera,12,2025,-5.360833,36.204444,45.58015965,11.04454854
SierraCarbonera,12,2026,-5.360833,36.204444,19.11412995,13.83071899
SierraCarbonera,12,2027,-5.360833,36.204444,35.88032101,12.85800578
SierraCarbonera,12,2028,-5.360833,36.204444,22.74376955,12.49347997
SierraCarbonera,12,2029,-5.360833,36.204444,52.86110689,10.02803955
SierraCarbonera,12,2030,-5.360833,36.204444,29.90675211,13.24976501
SierraCarbonera,12,2031,-5.360833,36.204444,45.6760458,9.150120036
SierraCarbonera,12,2032,-5.360833,36.204444,10.55466802,14.38765343
SierraCarbonera,12,2033,-5.360833,36.204444,38.95794092,12.02030029
SierraCarbonera,12,2034,-5.360833,36.204444,7.995759835,13.67126567
SierraCarbonera,12,2035,-5.360833,36.204444,13.95091154,11.90982564
SierraCarbonera,12,2036,-5.360833,36.204444,3.823895441,13.17870483
SierraCarbonera,12,2037,-5.360833,36.204444,26.62763275,12.86779989
SierraCarbonera,12,2038,-5.360833,36.204444,5.67631782,13.89313965
SierraCarbonera,12,2039,-5.360833,36.204444,7.462860757,11.59067891
SierraCarbonera,12,2040,-5.360833,36.204444,28.29987866,11.25072527
SierraCarbonera,12,2041,-5.360833,36.204444,3.6987211,14.69722799
SierraCarbonera,12,2042,-5.360833,36.204444,8.31448768,13.2473053
SierraCarbonera,12,2043,-5.360833,36.204444,9.925176483,14.03182576
SierraCarbonera,12,2044,-5.360833,36.204444,22.02916062,13.45995168
SierraCarbonera,12,2045,-5.360833,36.204444,8.71061031,15.4379364
SierraCarbonera,12,2046,-5.360833,36.204444,12.36059322,11.84570414
SierraCarbonera,12,2047,-5.360833,36.204444,4.93888171,15.81803691
SierraCarbonera,12,2048,-5.360833,36.204444,70.31212982,9.987470114
SierraCarbonera,12,2049,-5.360833,36.204444,22.9735907,11.2826182
SierraCarbonera,12,2050,-5.360833,36.204444,58.78968235,13.58290202
SierraCarbonera,12,2051,-5.360833,36.204444,29.39882506,12.97073263
SierraCarbonera,12,2052,-5.360833,36.204444,68.47626138,9.762600813
SierraCarbonera,12,2053,-5.360833,36.204444,35.17115506,12.17872925
SierraCarbonera,12,2054,-5.360833,36.204444,5.33137888,16.70165812
SierraCarbonera,12,2055,-5.360833,36.204444,8.311787437,14.95313009
SierraCarbonera,12,2056,-5.360833,36.204444,10.19369458,15.96810513
SierraCarbonera,12,2057,-5.360833,36.204444,23.52465738,13.49970703
SierraCarbonera,12,2058,-5.360833,36.204444,10.09592493,15.62369588
SierraCarbonera,12,2059,-5.360833,36.204444,26.56224611,14.12011515
SierraCarbonera,12,2060,-5.360833,36.204444,48.23226284,14.48059945
SierraCarbonera,12,2061,-5.360833,36.204444,26.07550337,13.12870382
SierraCarbonera,12,2062,-5.360833,36.204444,9.930844904,13.74590556
SierraCarbonera,12,2063,-5.360833,36.204444,14.92235543,16.01062927
SierraCarbonera,12,2064,-5.360833,36.204444,21.39641146,16.33248186
SierraCarbonera,12,2065,-5.360833,36.204444,3.546405818,18.29858704
SierraCarbonera,12,2066,-5.360833,36.204444,26.68104217,13.1513265
SierraCarbonera,12,2067,-5.360833,36.204444,7.556664754,15.59015808
SierraCarbonera,12,2068,-5.360833,36.204444,10.30178501,16.03307074
SierraCarbonera,12,2069,-5.360833,36.204444,9.822996386,15.50342102
SierraCarbonera,12,2070,-5.360833,36.204444,12.77268215,15.75173645
SierraCarbonera,12,2071,-5.360833,36.204444,32.56907534,13.82334086
SierraCarbonera,12,2072,-5.360833,36.204444,5.591551773,16.92798714
SierraCarbonera,12,2073,-5.360833,36.204444,10.96149878,14.94423523
SierraCarbonera,12,2074,-5.360833,36.204444,12.31113742,12.24356486
SierraCarbonera,12,2075,-5.360833,36.204444,7.489915198,15.49818624
SierraCarbonera,12,2076,-5.360833,36.204444,6.527394029,15.82555121
SierraCarbonera,12,2077,-5.360833,36.204444,83.70766852,10.82912801
SierraCarbonera,12,2078,-5.360833,36.204444,20.92947296,14.69539897
SierraCarbonera,12,2079,-5.360833,36.204444,36.69669499,11.36711731
SierraCarbonera,12,2080,-5.360833,36.204444,6.196123094,16.57609737
SierraCarbonera,12,2081,-5.360833,36.204444,6.808737067,16.47867025
SierraCarbonera,12,2082,-5.360833,36.204444,3.215897454,17.10918376
SierraCarbonera,12,2083,-5.360833,36.204444,13.78182433,15.27280986
SierraCarbonera,12,2084,-5.360833,36.204444,12.13092851,15.15858217
SierraCarbonera,12,2085,-5.360833,36.204444,14.5304417,14.70055847
SierraCarbonera,12,2086,-5.360833,36.204444,5.515630696,15.01387533
SierraCarbonera,12,2087,-5.360833,36.204444,25.8326019,15.91941223
SierraCarbonera,12,2088,-5.360833,36.204444,56.99867826,12.81648223
SierraCarbonera,12,2089,-5.360833,36.204444,30.17700499,15.23216451
SierraCarbonera,12,2090,-5.360833,36.204444,7.297425484,15.44420675
SierraCarbonera,12,2091,-5.360833,36.204444,22.773178,15.07127787
SierraCarbonera,12,2092,-5.360833,36.204444,14.19240448,16.20004399
SierraCarbonera,12,2093,-5.360833,36.204444,37.71546711,13.00346476
SierraCarbonera,12,2094,-5.360833,36.204444,5.283437468,17.36382243
SierraCarbonera,12,2095,-5.360833,36.204444,16.70439891,16.72524516
SierraCarbonera,12,2096,-5.360833,36.204444,8.181626075,16.5339789
SierraCarbonera,12,2097,-5.360833,36.204444,4.829328228,16.98823751
SierraCarbonera,12,2098,-5.360833,36.204444,14.33135212,15.9709137
SierraCarbonera,12,2099,-5.360833,36.204444,4.781744722,17.60842489
SierraCarbonera,12,2100,-5.360833,36.204444,14.13447537,16.58445638
SierraCarbonera,2,2015,-5.360833,36.204444,14.56981047,14.57076089
SierraCarbonera,2,2016,-5.360833,36.204444,37.83862141,12.70104265
SierraCarbonera,2,2017,-5.360833,36.204444,5.065305385,16.96685181
SierraCarbonera,2,2018,-5.360833,36.204444,31.66268381,13.82570147
SierraCarbonera,2,2019,-5.360833,36.204444,185.0127493,10.61895905
SierraCarbonera,2,2020,-5.360833,36.204444,8.594463899,13.2490268
SierraCarbonera,2,2021,-5.360833,36.204444,26.76689377,11.72285505
SierraCarbonera,2,2022,-5.360833,36.204444,45.50975715,11.04568089
SierraCarbonera,2,2023,-5.360833,36.204444,101.0356151,11.79682966
SierraCarbonera,2,2024,-5.360833,36.204444,4.573946058,17.44195157
SierraCarbonera,2,2025,-5.360833,36.204444,6.535795112,13.18206395
SierraCarbonera,2,2026,-5.360833,36.204444,11.66783703,14.16746129
SierraCarbonera,2,2027,-5.360833,36.204444,33.73916766,13.05458439
SierraCarbonera,2,2028,-5.360833,36.204444,3.982498601,19.15207351
SierraCarbonera,2,2029,-5.360833,36.204444,109.3393032,13.75003749
SierraCarbonera,2,2030,-5.360833,36.204444,52.7497214,13.15426897
SierraCarbonera,2,2031,-5.360833,36.204444,36.98701311,13.16404005
SierraCarbonera,2,2032,-5.360833,36.204444,83.47499147,13.18983428
SierraCarbonera,2,2033,-5.360833,36.204444,6.211673097,16.20361481
SierraCarbonera,2,2034,-5.360833,36.204444,39.86085528,13.31590642
SierraCarbonera,2,2035,-5.360833,36.204444,3.017092834,17.10372641
SierraCarbonera,2,2036,-5.360833,36.204444,41.31163342,16.41458782
SierraCarbonera,2,2037,-5.360833,36.204444,63.69505206,11.75916116
SierraCarbonera,2,2038,-5.360833,36.204444,44.2500466,11.89224505
SierraCarbonera,2,2039,-5.360833,36.204444,7.519027343,17.91934902
SierraCarbonera,2,2040,-5.360833,36.204444,21.37125845,11.88285901
SierraCarbonera,2,2041,-5.360833,36.204444,12.20232961,16.15583082
SierraCarbonera,2,2042,-5.360833,36.204444,5.193737142,18.10212097
SierraCarbonera,2,2043,-5.360833,36.204444,38.03176293,13.80122855
SierraCarbonera,2,2044,-5.360833,36.204444,13.87306832,15.29949341
SierraCarbonera,2,2045,-5.360833,36.204444,73.69899398,13.38610774
SierraCarbonera,2,2046,-5.360833,36.204444,31.11692021,11.72497711
SierraCarbonera,2,2047,-5.360833,36.204444,18.46390275,15.56415274
SierraCarbonera,2,2048,-5.360833,36.204444,33.60406368,15.53599306
SierraCarbonera,2,2049,-5.360833,36.204444,3.420293785,17.92996041
SierraCarbonera,2,2050,-5.360833,36.204444,31.51459089,13.42756805
SierraCarbonera,2,2051,-5.360833,36.204444,47.36270387,12.67746342
SierraCarbonera,2,2052,-5.360833,36.204444,38.31291386,15.05512338
SierraCarbonera,2,2053,-5.360833,36.204444,27.64035552,15.44180886
SierraCarbonera,2,2054,-5.360833,36.204444,1.238324914,14.69081704
SierraCarbonera,2,2055,-5.360833,36.204444,41.02320512,15.19086282
SierraCarbonera,2,2056,-5.360833,36.204444,14.1349381,14.00679721
SierraCarbonera,2,2057,-5.360833,36.204444,29.75616039,14.67676915
SierraCarbonera,2,2058,-5.360833,36.204444,15.19345171,13.9183136
SierraCarbonera,2,2059,-5.360833,36.204444,1.773494946,19.94941973
SierraCarbonera,2,2060,-5.360833,36.204444,10.7399819,16.91478566
SierraCarbonera,2,2061,-5.360833,36.204444,2.22988375,16.40461557
SierraCarbonera,2,2062,-5.360833,36.204444,17.77798842,13.72879617
SierraCarbonera,2,2063,-5.360833,36.204444,26.2782244,14.64788644
SierraCarbonera,2,2064,-5.360833,36.204444,6.393649779,18.60786617
SierraCarbonera,2,2065,-5.360833,36.204444,10.11374081,19.35372641
SierraCarbonera,2,2066,-5.360833,36.204444,2.66746678,17.36077053
SierraCarbonera,2,2067,-5.360833,36.204444,3.723698201,18.18328901
SierraCarbonera,2,2068,-5.360833,36.204444,34.51148897,16.02246957
SierraCarbonera,2,2069,-5.360833,36.204444,42.36405428,13.17243783
SierraCarbonera,2,2070,-5.360833,36.204444,23.10114166,16.22956129
SierraCarbonera,2,2071,-5.360833,36.204444,7.683422874,15.88303419
SierraCarbonera,2,2072,-5.360833,36.204444,81.36074656,12.4333635
SierraCarbonera,2,2073,-5.360833,36.204444,31.05660162,15.20925293
SierraCarbonera,2,2074,-5.360833,36.204444,63.72351679,11.94283338
SierraCarbonera,2,2075,-5.360833,36.204444,5.077408782,18.657821
SierraCarbonera,2,2076,-5.360833,36.204444,2.727674548,18.3310128
SierraCarbonera,2,2077,-5.360833,36.204444,3.564193828,17.12507891
SierraCarbonera,2,2078,-5.360833,36.204444,34.2132874,15.78180302
SierraCarbonera,2,2079,-5.360833,36.204444,11.22785919,15.08473794
SierraCarbonera,2,2080,-5.360833,36.204444,41.86569636,15.01837179
SierraCarbonera,2,2081,-5.360833,36.204444,3.036246829,18.63596606
SierraCarbonera,2,2082,-5.360833,36.204444,27.19194534,15.07352055
SierraCarbonera,2,2083,-5.360833,36.204444,13.24667414,17.34159895
SierraCarbonera,2,2084,-5.360833,36.204444,9.546791149,15.69919686
SierraCarbonera,2,2085,-5.360833,36.204444,23.00298136,14.00052468
SierraCarbonera,2,2086,-5.360833,36.204444,1.590117889,16.89910278
SierraCarbonera,2,2087,-5.360833,36.204444,77.81132366,14.90994524
SierraCarbonera,2,2088,-5.360833,36.204444,2.430025805,21.47169989
SierraCarbonera,2,2089,-5.360833,36.204444,11.60954042,17.26743251
SierraCarbonera,2,2090,-5.360833,36.204444,33.36357444,15.75245492
SierraCarbonera,2,2091,-5.360833,36.204444,34.05711415,17.56029445
SierraCarbonera,2,2092,-5.360833,36.204444,12.91448622,17.41041744
SierraCarbonera,2,2093,-5.360833,36.204444,10.77370415,19.69385463
SierraCarbonera,2,2094,-5.360833,36.204444,23.53838052,16.55590428
SierraCarbonera,2,2095,-5.360833,36.204444,73.78635141,16.44030805
SierraCarbonera,2,2096,-5.360833,36.204444,35.01943861,18.72443595
SierraCarbonera,2,2097,-5.360833,36.204444,22.32224953,17.31812112
SierraCarbonera,2,2098,-5.360833,36.204444,5.351397064,16.21436789
SierraCarbonera,2,2099,-5.360833,36.204444,71.71365464,15.17683454
SierraCarbonera,2,2100,-5.360833,36.204444,65.26522506,16.59628448
SierraCarbonera,3,2015,-5.360833,36.204444,26.45870958,17.18081744
SierraCarbonera,3,2016,-5.360833,36.204444,19.43215064,15.7408337
SierraCarbonera,3,2017,-5.360833,36.204444,105.5384878,16.24716856
SierraCarbonera,3,2018,-5.360833,36.204444,7.535120798,19.12004611
SierraCarbonera,3,2019,-5.360833,36.204444,168.0597814,9.664931562
SierraCarbonera,3,2020,-5.360833,36.204444,23.4351824,19.67917835
SierraCarbonera,3,2021,-5.360833,36.204444,15.21045902,19.6312628
SierraCarbonera,3,2022,-5.360833,36.204444,71.33250881,14.00098326
SierraCarbonera,3,2023,-5.360833,36.204444,69.5378161,15.17560976
SierraCarbonera,3,2024,-5.360833,36.204444,15.77438575,21.08045989
SierraCarbonera,3,2025,-5.360833,36.204444,146.6934402,12.40133254
SierraCarbonera,3,2026,-5.360833,36.204444,13.70171538,19.43623972
SierraCarbonera,3,2027,-5.360833,36.204444,15.76064008,17.38765574
SierraCarbonera,3,2028,-5.360833,36.204444,30.7844919,18.54216821
SierraCarbonera,3,2029,-5.360833,36.204444,48.52270679,15.60094112
SierraCarbonera,3,2030,-5.360833,36.204444,67.51970454,13.7736086
SierraCarbonera,3,2031,-5.360833,36.204444,26.11496125,18.27358005
SierraCarbonera,3,2032,-5.360833,36.204444,46.23059434,11.31617077
SierraCarbonera,3,2033,-5.360833,36.204444,38.6165762,20.04831799
SierraCarbonera,3,2034,-5.360833,36.204444,70.75214019,16.73075601
SierraCarbonera,3,2035,-5.360833,36.204444,75.38040349,14.70197301
SierraCarbonera,3,2036,-5.360833,36.204444,10.38677296,18.16616605
SierraCarbonera,3,2037,-5.360833,36.204444,54.92317319,14.91591305
SierraCarbonera,3,2038,-5.360833,36.204444,29.31543225,17.67774796
SierraCarbonera,3,2039,-5.360833,36.204444,21.73950002,17.05975617
SierraCarbonera,3,2040,-5.360833,36.204444,85.46420567,11.17369109
SierraCarbonera,3,2041,-5.360833,36.204444,73.94192973,15.06253623
SierraCarbonera,3,2042,-5.360833,36.204444,19.76918234,22.45503757
SierraCarbonera,3,2043,-5.360833,36.204444,9.013005929,23.30903557
SierraCarbonera,3,2044,-5.360833,36.204444,72.09224914,13.4355644
SierraCarbonera,3,2045,-5.360833,36.204444,34.82527783,15.32815926
SierraCarbonera,3,2046,-5.360833,36.204444,29.22588556,13.52948471
SierraCarbonera,3,2047,-5.360833,36.204444,16.57882865,19.72897615
SierraCarbonera,3,2048,-5.360833,36.204444,71.42658278,14.22704271
SierraCarbonera,3,2049,-5.360833,36.204444,3.845047498,22.51200502
SierraCarbonera,3,2050,-5.360833,36.204444,37.15502091,18.59372716
SierraCarbonera,3,2051,-5.360833,36.204444,52.52821149,16.43840549
SierraCarbonera,3,2052,-5.360833,36.204444,67.39301501,16.73119802
SierraCarbonera,3,2053,-5.360833,36.204444,108.3771368,17.42418331
SierraCarbonera,3,2054,-5.360833,36.204444,11.44420286,20.84882655
SierraCarbonera,3,2055,-5.360833,36.204444,13.50504863,21.78392157
SierraCarbonera,3,2056,-5.360833,36.204444,12.84990747,19.77203842
SierraCarbonera,3,2057,-5.360833,36.204444,5.597416947,20.82131249
SierraCarbonera,3,2058,-5.360833,36.204444,30.45676001,16.64809373
SierraCarbonera,3,2059,-5.360833,36.204444,52.8448476,15.75064559
SierraCarbonera,3,2060,-5.360833,36.204444,40.69250205,13.69506226
SierraCarbonera,3,2061,-5.360833,36.204444,58.22297291,17.51495834
SierraCarbonera,3,2062,-5.360833,36.204444,27.52221808,18.82247019
SierraCarbonera,3,2063,-5.360833,36.204444,31.12032769,17.40328861
SierraCarbonera,3,2064,-5.360833,36.204444,16.47364152,19.28947675
SierraCarbonera,3,2065,-5.360833,36.204444,35.71951917,21.82615888
SierraCarbonera,3,2066,-5.360833,36.204444,45.86706753,17.67965088
SierraCarbonera,3,2067,-5.360833,36.204444,18.51081409,18.35183795
SierraCarbonera,3,2068,-5.360833,36.204444,5.69116061,22.16350708
SierraCarbonera,3,2069,-5.360833,36.204444,8.855318825,20.63752087
SierraCarbonera,3,2070,-5.360833,36.204444,8.033605454,20.31485556
SierraCarbonera,3,2071,-5.360833,36.204444,24.83206966,20.73268354
SierraCarbonera,3,2072,-5.360833,36.204444,45.55816777,19.01602153
SierraCarbonera,3,2073,-5.360833,36.204444,62.51830533,16.42788775
SierraCarbonera,3,2074,-5.360833,36.204444,9.726548565,17.33389656
SierraCarbonera,3,2075,-5.360833,36.204444,6.195199961,21.98520961
SierraCarbonera,3,2076,-5.360833,36.204444,40.30512606,22.80669753
SierraCarbonera,3,2077,-5.360833,36.204444,17.87014649,20.22502264
SierraCarbonera,3,2078,-5.360833,36.204444,38.83696675,16.96218065
SierraCarbonera,3,2079,-5.360833,36.204444,12.57042902,24.94627607
SierraCarbonera,3,2080,-5.360833,36.204444,69.04058665,18.39354662
SierraCarbonera,3,2081,-5.360833,36.204444,38.41540191,18.00745889
SierraCarbonera,3,2082,-5.360833,36.204444,70.28042363,19.47767078
SierraCarbonera,3,2083,-5.360833,36.204444,28.30544857,21.67705098
SierraCarbonera,3,2084,-5.360833,36.204444,4.927090843,20.28949939
SierraCarbonera,3,2085,-5.360833,36.204444,20.48469606,20.81546001
SierraCarbonera,3,2086,-5.360833,36.204444,21.81826285,23.67495216
SierraCarbonera,3,2087,-5.360833,36.204444,93.96793793,18.30102618
SierraCarbonera,3,2088,-5.360833,36.204444,39.73119022,21.05697218
SierraCarbonera,3,2089,-5.360833,36.204444,91.21321279,17.27991786
SierraCarbonera,3,2090,-5.360833,36.204444,4.370328119,23.084691
SierraCarbonera,3,2091,-5.360833,36.204444,14.3436489,17.64252969
SierraCarbonera,3,2092,-5.360833,36.204444,44.41100748,17.64765566
SierraCarbonera,3,2093,-5.360833,36.204444,21.41733317,21.88523205
SierraCarbonera,3,2094,-5.360833,36.204444,27.80416139,18.74489845
SierraCarbonera,3,2095,-5.360833,36.204444,65.817161,18.22612817
SierraCarbonera,3,2096,-5.360833,36.204444,74.42455975,16.97678971
SierraCarbonera,3,2097,-5.360833,36.204444,2.791301916,23.27640538
SierraCarbonera,3,2098,-5.360833,36.204444,118.6460272,17.52108647
SierraCarbonera,3,2099,-5.360833,36.204444,23.95924836,18.0075278
SierraCarbonera,3,2100,-5.360833,36.204444,56.03438192,15.37172458
SierraCarbonera,4,2015,-5.360833,36.204444,87.86248798,19.57067362
SierraCarbonera,4,2016,-5.360833,36.204444,35.79372671,22.69273275
SierraCarbonera,4,2017,-5.360833,36.204444,57.44957881,17.03928324
SierraCarbonera,4,2018,-5.360833,36.204444,116.2329407,15.29573669
SierraCarbonera,4,2019,-5.360833,36.204444,32.65841101,21.55523071
SierraCarbonera,4,2020,-5.360833,36.204444,67.45486354,18.47242839
SierraCarbonera,4,2021,-5.360833,36.204444,18.54044087,22.83532003
SierraCarbonera,4,2022,-5.360833,36.204444,82.88314428,18.75323385
SierraCarbonera,4,2023,-5.360833,36.204444,146.8125136,18.43040365
SierraCarbonera,4,2024,-5.360833,36.204444,88.62293252,19.52241516
SierraCarbonera,4,2025,-5.360833,36.204444,13.78797552,19.15357768
SierraCarbonera,4,2026,-5.360833,36.204444,43.43252509,20.88469747
SierraCarbonera,4,2027,-5.360833,36.204444,82.54021006,18.10240479
SierraCarbonera,4,2028,-5.360833,36.204444,20.22154302,24.53240763
SierraCarbonera,4,2029,-5.360833,36.204444,22.24775606,19.30502828
SierraCarbonera,4,2030,-5.360833,36.204444,64.52871006,17.10439657
SierraCarbonera,4,2031,-5.360833,36.204444,24.26239004,21.84936218
SierraCarbonera,4,2032,-5.360833,36.204444,138.2182586,14.94075724
SierraCarbonera,4,2033,-5.360833,36.204444,99.22584133,22.43808289
SierraCarbonera,4,2034,-5.360833,36.204444,81.70727469,18.81167908
SierraCarbonera,4,2035,-5.360833,36.204444,36.99571673,18.95671488
SierraCarbonera,4,2036,-5.360833,36.204444,37.83937474,19.47100932
SierraCarbonera,4,2037,-5.360833,36.204444,26.32546598,22.57909953
SierraCarbonera,4,2038,-5.360833,36.204444,147.8563954,18.43634338
SierraCarbonera,4,2039,-5.360833,36.204444,45.27259524,20.05516561
SierraCarbonera,4,2040,-5.360833,36.204444,9.039623157,23.76280009
SierraCarbonera,4,2041,-5.360833,36.204444,22.86326513,21.83891703
SierraCarbonera,4,2042,-5.360833,36.204444,33.94099231,23.18892008
SierraCarbonera,4,2043,-5.360833,36.204444,68.25509976,20.97629089
SierraCarbonera,4,2044,-5.360833,36.204444,57.16349507,20.90174561
SierraCarbonera,4,2045,-5.360833,36.204444,68.51471261,20.91806539
SierraCarbonera,4,2046,-5.360833,36.204444,48.68266468,20.55599772
SierraCarbonera,4,2047,-5.360833,36.204444,89.76571564,20.65195414
SierraCarbonera,4,2048,-5.360833,36.204444,32.67431126,20.17188924
SierraCarbonera,4,2049,-5.360833,36.204444,46.36887444,21.48042806
SierraCarbonera,4,2050,-5.360833,36.204444,33.19186743,20.6683075
SierraCarbonera,4,2051,-5.360833,36.204444,73.62048062,21.68225911
SierraCarbonera,4,2052,-5.360833,36.204444,60.74403183,22.77076721
SierraCarbonera,4,2053,-5.360833,36.204444,39.06968157,20.5127655
SierraCarbonera,4,2054,-5.360833,36.204444,53.49471236,19.25634664
SierraCarbonera,4,2055,-5.360833,36.204444,12.10157535,22.74573873
SierraCarbonera,4,2056,-5.360833,36.204444,26.57969131,21.82719218
SierraCarbonera,4,2057,-5.360833,36.204444,35.13334241,22.13349813
SierraCarbonera,4,2058,-5.360833,36.204444,50.59102623,23.98185221
SierraCarbonera,4,2059,-5.360833,36.204444,54.59427416,19.80013123
SierraCarbonera,4,2060,-5.360833,36.204444,33.47332407,21.47748515
SierraCarbonera,4,2061,-5.360833,36.204444,136.0967294,18.39075216
SierraCarbonera,4,2062,-5.360833,36.204444,30.01956779,21.12775269
SierraCarbonera,4,2063,-5.360833,36.204444,64.88538922,23.11969096
SierraCarbonera,4,2064,-5.360833,36.204444,77.5519317,17.18729451
SierraCarbonera,4,2065,-5.360833,36.204444,27.688848,20.90126444
SierraCarbonera,4,2066,-5.360833,36.204444,68.05680791,17.25269674
SierraCarbonera,4,2067,-5.360833,36.204444,42.31006066,19.97169902
SierraCarbonera,4,2068,-5.360833,36.204444,71.89572297,22.9223348
SierraCarbonera,4,2069,-5.360833,36.204444,36.79719789,21.75903219
SierraCarbonera,4,2070,-5.360833,36.204444,40.80958627,19.42858785
SierraCarbonera,4,2071,-5.360833,36.204444,13.18293547,24.55962931
SierraCarbonera,4,2072,-5.360833,36.204444,89.99401272,19.79191589
SierraCarbonera,4,2073,-5.360833,36.204444,16.14808347,21.0318339
SierraCarbonera,4,2074,-5.360833,36.204444,44.51140806,22.12667948
SierraCarbonera,4,2075,-5.360833,36.204444,28.88782768,23.24069926
SierraCarbonera,4,2076,-5.360833,36.204444,21.25901373,27.31565348
SierraCarbonera,4,2077,-5.360833,36.204444,51.924381,22.47716064
SierraCarbonera,4,2078,-5.360833,36.204444,49.24093729,18.44144389
SierraCarbonera,4,2079,-5.360833,36.204444,14.72400152,24.79536947
SierraCarbonera,4,2080,-5.360833,36.204444,39.60308983,25.24144897
SierraCarbonera,4,2081,-5.360833,36.204444,23.26408011,26.90972392
SierraCarbonera,4,2082,-5.360833,36.204444,49.25815387,20.59119568
SierraCarbonera,4,2083,-5.360833,36.204444,56.75471463,22.762087
SierraCarbonera,4,2084,-5.360833,36.204444,68.93207786,20.69569092
SierraCarbonera,4,2085,-5.360833,36.204444,14.43230611,27.62428792
SierraCarbonera,4,2086,-5.360833,36.204444,30.60147192,21.01143087
SierraCarbonera,4,2087,-5.360833,36.204444,37.9137732,20.03645732
SierraCarbonera,4,2088,-5.360833,36.204444,42.6447561,22.78858846
SierraCarbonera,4,2089,-5.360833,36.204444,53.2581244,24.99601135
SierraCarbonera,4,2090,-5.360833,36.204444,56.5441794,24.48395487
SierraCarbonera,4,2091,-5.360833,36.204444,74.37811879,15.99112447
SierraCarbonera,4,2092,-5.360833,36.204444,52.26855493,22.24474589
SierraCarbonera,4,2093,-5.360833,36.204444,43.73127126,21.67102458
SierraCarbonera,4,2094,-5.360833,36.204444,85.59098994,21.60351563
SierraCarbonera,4,2095,-5.360833,36.204444,62.6663415,22.5458964
SierraCarbonera,4,2096,-5.360833,36.204444,57.27413443,22.68220317
SierraCarbonera,4,2097,-5.360833,36.204444,21.86820321,26.37398885
SierraCarbonera,4,2098,-5.360833,36.204444,7.246157066,23.53695475
SierraCarbonera,4,2099,-5.360833,36.204444,19.92059818,26.52759298
SierraCarbonera,4,2100,-5.360833,36.204444,57.6123769,22.36635437
SierraCarbonera,5,2015,-5.360833,36.204444,58.50697235,21.60629548
SierraCarbonera,5,2016,-5.360833,36.204444,138.3513079,19.77156982
SierraCarbonera,5,2017,-5.360833,36.204444,27.5489445,25.47255072
SierraCarbonera,5,2018,-5.360833,36.204444,88.62303758,21.26040433
SierraCarbonera,5,2019,-5.360833,36.204444,36.26992025,22.27579306
SierraCarbonera,5,2020,-5.360833,36.204444,71.88665975,20.58899989
SierraCarbonera,5,2021,-5.360833,36.204444,42.35509003,23.43939878
SierraCarbonera,5,2022,-5.360833,36.204444,211.8972068,17.80828838
SierraCarbonera,5,2023,-5.360833,36.204444,117.6029296,21.98580322
SierraCarbonera,5,2024,-5.360833,36.204444,61.38524168,24.72121779
SierraCarbonera,5,2025,-5.360833,36.204444,35.52987472,22.07111167
SierraCarbonera,5,2026,-5.360833,36.204444,166.5812364,19.24651981
SierraCarbonera,5,2027,-5.360833,36.204444,69.46527846,21.37927226
SierraCarbonera,5,2028,-5.360833,36.204444,152.8606314,21.55990679
SierraCarbonera,5,2029,-5.360833,36.204444,43.53405474,19.47316402
SierraCarbonera,5,2030,-5.360833,36.204444,24.01178251,26.27144874
SierraCarbonera,5,2031,-5.360833,36.204444,123.5393762,20.48302219
SierraCarbonera,5,2032,-5.360833,36.204444,24.25704659,22.06738163
SierraCarbonera,5,2033,-5.360833,36.204444,45.24487711,20.57099649
SierraCarbonera,5,2034,-5.360833,36.204444,182.3882357,18.32079172
SierraCarbonera,5,2035,-5.360833,36.204444,69.1253913,23.58211473
SierraCarbonera,5,2036,-5.360833,36.204444,18.87312645,23.11432456
SierraCarbonera,5,2037,-5.360833,36.204444,100.6629358,21.16413417
SierraCarbonera,5,2038,-5.360833,36.204444,87.05578845,16.34321033
SierraCarbonera,5,2039,-5.360833,36.204444,71.07853764,24.63311256
SierraCarbonera,5,2040,-5.360833,36.204444,38.08209067,22.07991254
SierraCarbonera,5,2041,-5.360833,36.204444,154.1057515,18.23390129
SierraCarbonera,5,2042,-5.360833,36.204444,188.6427189,21.97253989
SierraCarbonera,5,2043,-5.360833,36.204444,150.8958159,21.68403557
SierraCarbonera,5,2044,-5.360833,36.204444,67.46099196,22.73804676
SierraCarbonera,5,2045,-5.360833,36.204444,150.748228,23.64582559
SierraCarbonera,5,2046,-5.360833,36.204444,39.82846048,21.70578869
SierraCarbonera,5,2047,-5.360833,36.204444,86.18165064,22.50242152
SierraCarbonera,5,2048,-5.360833,36.204444,323.682587,19.73470065
SierraCarbonera,5,2049,-5.360833,36.204444,86.35707887,24.33043134
SierraCarbonera,5,2050,-5.360833,36.204444,43.46663676,25.44300084
SierraCarbonera,5,2051,-5.360833,36.204444,96.07221058,22.67675466
SierraCarbonera,5,2052,-5.360833,36.204444,85.50285693,23.31927175
SierraCarbonera,5,2053,-5.360833,36.204444,29.8770029,28.68845766
SierraCarbonera,5,2054,-5.360833,36.204444,98.97931267,24.15765361
SierraCarbonera,5,2055,-5.360833,36.204444,128.1420481,23.61253682
SierraCarbonera,5,2056,-5.360833,36.204444,70.60894838,20.49379194
SierraCarbonera,5,2057,-5.360833,36.204444,91.80428197,21.68944997
SierraCarbonera,5,2058,-5.360833,36.204444,123.4541159,22.23545178
SierraCarbonera,5,2059,-5.360833,36.204444,50.15906123,26.54707957
SierraCarbonera,5,2060,-5.360833,36.204444,84.45015819,27.35008466
SierraCarbonera,5,2061,-5.360833,36.204444,81.14730518,21.64845995
SierraCarbonera,5,2062,-5.360833,36.204444,186.3312341,24.90653037
SierraCarbonera,5,2063,-5.360833,36.204444,41.47550218,22.16215643
SierraCarbonera,5,2064,-5.360833,36.204444,42.52060308,26.76644582
SierraCarbonera,5,2065,-5.360833,36.204444,43.72690116,26.64478504
SierraCarbonera,5,2066,-5.360833,36.204444,109.0226421,27.27146252
SierraCarbonera,5,2067,-5.360833,36.204444,57.87019529,23.41695655
SierraCarbonera,5,2068,-5.360833,36.204444,55.86815514,26.13302691
SierraCarbonera,5,2069,-5.360833,36.204444,81.8964277,19.87207996
SierraCarbonera,5,2070,-5.360833,36.204444,62.27860299,25.51956649
SierraCarbonera,5,2071,-5.360833,36.204444,120.3991724,25.8618861
SierraCarbonera,5,2072,-5.360833,36.204444,46.94324153,26.27910865
SierraCarbonera,5,2073,-5.360833,36.204444,44.76553507,28.7691609
SierraCarbonera,5,2074,-5.360833,36.204444,64.88351439,27.24511207
SierraCarbonera,5,2075,-5.360833,36.204444,31.6262349,25.26304754
SierraCarbonera,5,2076,-5.360833,36.204444,109.0523111,26.45874988
SierraCarbonera,5,2077,-5.360833,36.204444,50.59997549,27.11236946
SierraCarbonera,5,2078,-5.360833,36.204444,41.52823286,24.33674356
SierraCarbonera,5,2079,-5.360833,36.204444,176.6556311,23.09266101
SierraCarbonera,5,2080,-5.360833,36.204444,70.58164034,24.9142523
SierraCarbonera,5,2081,-5.360833,36.204444,31.32554634,30.16621625
SierraCarbonera,5,2082,-5.360833,36.204444,58.11653704,25.64277974
SierraCarbonera,5,2083,-5.360833,36.204444,36.89573051,28.88497314
SierraCarbonera,5,2084,-5.360833,36.204444,174.4798067,23.03086095
SierraCarbonera,5,2085,-5.360833,36.204444,58.21868415,27.05727933
SierraCarbonera,5,2086,-5.360833,36.204444,24.74122791,28.07571096
SierraCarbonera,5,2087,-5.360833,36.204444,66.48398329,22.26243326
SierraCarbonera,5,2088,-5.360833,36.204444,130.9211258,24.41585496
SierraCarbonera,5,2089,-5.360833,36.204444,149.8192829,23.63888432
SierraCarbonera,5,2090,-5.360833,36.204444,35.08903591,25.64143204
SierraCarbonera,5,2091,-5.360833,36.204444,136.180243,24.60766287
SierraCarbonera,5,2092,-5.360833,36.204444,209.2063419,17.81710304
SierraCarbonera,5,2093,-5.360833,36.204444,41.67396689,27.26116825
SierraCarbonera,5,2094,-5.360833,36.204444,57.97844757,22.27936657
SierraCarbonera,5,2095,-5.360833,36.204444,162.8841436,20.11703964
SierraCarbonera,5,2096,-5.360833,36.204444,99.80302305,25.663955
SierraCarbonera,5,2097,-5.360833,36.204444,90.0503468,24.89924553
SierraCarbonera,5,2098,-5.360833,36.204444,55.19391357,29.9289283
SierraCarbonera,5,2099,-5.360833,36.204444,62.68349494,28.27200987
SierraCarbonera,5,2100,-5.360833,36.204444,48.72335886,24.18601626
SierraCarbonera,6,2015,-5.360833,36.204444,65.02207562,27.36278076
SierraCarbonera,6,2016,-5.360833,36.204444,105.7720591,22.05162048
SierraCarbonera,6,2017,-5.360833,36.204444,52.95637463,28.18379618
SierraCarbonera,6,2018,-5.360833,36.204444,43.99578635,24.93464152
SierraCarbonera,6,2019,-5.360833,36.204444,93.37965096,27.26351827
SierraCarbonera,6,2020,-5.360833,36.204444,141.4502851,27.50091044
SierraCarbonera,6,2021,-5.360833,36.204444,81.98725118,26.01781006
SierraCarbonera,6,2022,-5.360833,36.204444,103.270846,20.19614563
SierraCarbonera,6,2023,-5.360833,36.204444,121.3787989,24.63379008
SierraCarbonera,6,2024,-5.360833,36.204444,89.56628884,26.50597331
SierraCarbonera,6,2025,-5.360833,36.204444,93.80588898,26.98196004
SierraCarbonera,6,2026,-5.360833,36.204444,58.83480749,27.22653605
SierraCarbonera,6,2027,-5.360833,36.204444,80.5848135,22.64336344
SierraCarbonera,6,2028,-5.360833,36.204444,54.74103249,26.56425781
SierraCarbonera,6,2029,-5.360833,36.204444,190.3887356,24.0565094
SierraCarbonera,6,2030,-5.360833,36.204444,76.5893831,26.80871684
SierraCarbonera,6,2031,-5.360833,36.204444,87.75875283,27.03983154
SierraCarbonera,6,2032,-5.360833,36.204444,112.908465,26.19483439
SierraCarbonera,6,2033,-5.360833,36.204444,49.4912098,27.81958313
SierraCarbonera,6,2034,-5.360833,36.204444,49.902306,28.17304993
SierraCarbonera,6,2035,-5.360833,36.204444,68.4432159,25.72252197
SierraCarbonera,6,2036,-5.360833,36.204444,95.37708534,28.37675781
SierraCarbonera,6,2037,-5.360833,36.204444,137.6256641,24.86460673
SierraCarbonera,6,2038,-5.360833,36.204444,50.56450606,27.8595459
SierraCarbonera,6,2039,-5.360833,36.204444,97.14923529,29.34813741
SierraCarbonera,6,2040,-5.360833,36.204444,63.84338615,29.60387573
SierraCarbonera,6,2041,-5.360833,36.204444,86.25601513,24.72249959
SierraCarbonera,6,2042,-5.360833,36.204444,43.18108,27.27174072
SierraCarbonera,6,2043,-5.360833,36.204444,79.0065604,28.05234578
SierraCarbonera,6,2044,-5.360833,36.204444,24.46292926,28.18286438
SierraCarbonera,6,2045,-5.360833,36.204444,113.4771025,28.19390462
SierraCarbonera,6,2046,-5.360833,36.204444,60.07813752,28.74308065
SierraCarbonera,6,2047,-5.360833,36.204444,68.20255923,28.39170125
SierraCarbonera,6,2048,-5.360833,36.204444,94.64614616,22.35031738
SierraCarbonera,6,2049,-5.360833,36.204444,103.3846409,26.76169128
SierraCarbonera,6,2050,-5.360833,36.204444,67.81809187,29.01478475
SierraCarbonera,6,2051,-5.360833,36.204444,102.0779762,27.1407959
SierraCarbonera,6,2052,-5.360833,36.204444,55.84193237,25.69975891
SierraCarbonera,6,2053,-5.360833,36.204444,273.6467403,27.82781982
SierraCarbonera,6,2054,-5.360833,36.204444,49.70311989,27.05073242
SierraCarbonera,6,2055,-5.360833,36.204444,81.23962428,25.67949015
SierraCarbonera,6,2056,-5.360833,36.204444,71.73594912,28.1911733
SierraCarbonera,6,2057,-5.360833,36.204444,62.71494995,28.4851003
SierraCarbonera,6,2058,-5.360833,36.204444,51.84098854,27.00781657
SierraCarbonera,6,2059,-5.360833,36.204444,154.4920027,28.35033061
SierraCarbonera,6,2060,-5.360833,36.204444,127.7266344,27.0344635
SierraCarbonera,6,2061,-5.360833,36.204444,39.87104474,29.68833313
SierraCarbonera,6,2062,-5.360833,36.204444,69.73538671,23.85950623
SierraCarbonera,6,2063,-5.360833,36.204444,53.83677731,29.14246521
SierraCarbonera,6,2064,-5.360833,36.204444,116.5859344,29.04710592
SierraCarbonera,6,2065,-5.360833,36.204444,51.11493377,28.57959493
SierraCarbonera,6,2066,-5.360833,36.204444,106.1240813,27.66340027
SierraCarbonera,6,2067,-5.360833,36.204444,108.498729,26.09935099
SierraCarbonera,6,2068,-5.360833,36.204444,205.36812,28.80492655
SierraCarbonera,6,2069,-5.360833,36.204444,119.0087315,26.24837138
SierraCarbonera,6,2070,-5.360833,36.204444,64.99962891,29.55285034
SierraCarbonera,6,2071,-5.360833,36.204444,59.59139343,28.58878886
SierraCarbonera,6,2072,-5.360833,36.204444,118.0505916,28.56635335
SierraCarbonera,6,2073,-5.360833,36.204444,213.5656878,28.00326233
SierraCarbonera,6,2074,-5.360833,36.204444,263.5225136,25.44019979
SierraCarbonera,6,2075,-5.360833,36.204444,128.0955849,29.34224243
SierraCarbonera,6,2076,-5.360833,36.204444,164.681577,28.2864329
SierraCarbonera,6,2077,-5.360833,36.204444,105.7536216,30.00775757
SierraCarbonera,6,2078,-5.360833,36.204444,87.22604917,28.55781453
SierraCarbonera,6,2079,-5.360833,36.204444,107.1500672,29.15690308
SierraCarbonera,6,2080,-5.360833,36.204444,71.20039291,28.8391805
SierraCarbonera,6,2081,-5.360833,36.204444,121.8464228,29.2784963
SierraCarbonera,6,2082,-5.360833,36.204444,83.82742524,28.88287354
SierraCarbonera,6,2083,-5.360833,36.204444,46.43140206,30.46647441
SierraCarbonera,6,2084,-5.360833,36.204444,108.7623716,27.75553894
SierraCarbonera,6,2085,-5.360833,36.204444,61.08409855,31.73824565
SierraCarbonera,6,2086,-5.360833,36.204444,120.4340199,26.52363688
SierraCarbonera,6,2087,-5.360833,36.204444,129.0581286,30.18581136
SierraCarbonera,6,2088,-5.360833,36.204444,106.1529854,26.95941772
SierraCarbonera,6,2089,-5.360833,36.204444,70.64678834,28.30250956
SierraCarbonera,6,2090,-5.360833,36.204444,135.8446835,27.33485819
SierraCarbonera,6,2091,-5.360833,36.204444,84.70816733,31.70746257
SierraCarbonera,6,2092,-5.360833,36.204444,99.13115991,28.89022522
SierraCarbonera,6,2093,-5.360833,36.204444,266.0208297,27.43182475
SierraCarbonera,6,2094,-5.360833,36.204444,64.5652692,32.04562378
SierraCarbonera,6,2095,-5.360833,36.204444,47.86248485,29.12627563
SierraCarbonera,6,2096,-5.360833,36.204444,100.3021906,29.72119751
SierraCarbonera,6,2097,-5.360833,36.204444,125.3675727,30.97142639
SierraCarbonera,6,2098,-5.360833,36.204444,186.3437394,29.10294698
SierraCarbonera,6,2099,-5.360833,36.204444,194.7813587,27.31389567
SierraCarbonera,6,2100,-5.360833,36.204444,73.06521979,32.16689758
SierraCarbonera,7,2015,-5.360833,36.204444,45.05125663,32.24889329
SierraCarbonera,7,2016,-5.360833,36.204444,122.1238722,28.84056515
SierraCarbonera,7,2017,-5.360833,36.204444,49.41304877,31.69620027
SierraCarbonera,7,2018,-5.360833,36.204444,103.535482,30.40673316
SierraCarbonera,7,2019,-5.360833,36.204444,55.73107892,30.89425935
SierraCarbonera,7,2020,-5.360833,36.204444,86.76051974,29.89248145
SierraCarbonera,7,2021,-5.360833,36.204444,113.4036428,31.37604823
SierraCarbonera,7,2022,-5.360833,36.204444,49.93437064,31.26061992
SierraCarbonera,7,2023,-5.360833,36.204444,109.7349308,27.69992144
SierraCarbonera,7,2024,-5.360833,36.204444,79.44941846,32.91988132
SierraCarbonera,7,2025,-5.360833,36.204444,102.2722371,31.76628044
SierraCarbonera,7,2026,-5.360833,36.204444,75.76580291,32.74622645
SierraCarbonera,7,2027,-5.360833,36.204444,52.19703916,31.82512424
SierraCarbonera,7,2028,-5.360833,36.204444,111.7422239,31.39293233
SierraCarbonera,7,2029,-5.360833,36.204444,59.79149348,29.90450439
SierraCarbonera,7,2030,-5.360833,36.204444,65.36251554,34.00753961
SierraCarbonera,7,2031,-5.360833,36.204444,116.4973814,32.28933598
SierraCarbonera,7,2032,-5.360833,36.204444,55.15913379,29.84560055
SierraCarbonera,7,2033,-5.360833,36.204444,41.07522805,31.86024603
SierraCarbonera,7,2034,-5.360833,36.204444,103.4365099,29.95746224
SierraCarbonera,7,2035,-5.360833,36.204444,147.2266471,30.48364632
SierraCarbonera,7,2036,-5.360833,36.204444,56.24751431,32.27286731
SierraCarbonera,7,2037,-5.360833,36.204444,69.34635807,31.55461544
SierraCarbonera,7,2038,-5.360833,36.204444,51.72497496,32.76675297
SierraCarbonera,7,2039,-5.360833,36.204444,73.2819168,33.41194675
SierraCarbonera,7,2040,-5.360833,36.204444,120.0973992,29.32339852
SierraCarbonera,7,2041,-5.360833,36.204444,58.49894244,30.62692044
SierraCarbonera,7,2042,-5.360833,36.204444,46.2241658,33.4123543
SierraCarbonera,7,2043,-5.360833,36.204444,89.82254262,33.13799537
SierraCarbonera,7,2044,-5.360833,36.204444,50.79247153,31.83885026
SierraCarbonera,7,2045,-5.360833,36.204444,75.24543398,32.27850125
SierraCarbonera,7,2046,-5.360833,36.204444,45.6709581,31.77167713
SierraCarbonera,7,2047,-5.360833,36.204444,64.86022873,32.52726775
SierraCarbonera,7,2048,-5.360833,36.204444,38.81596466,30.95882667
SierraCarbonera,7,2049,-5.360833,36.204444,130.7178477,30.89594175
SierraCarbonera,7,2050,-5.360833,36.204444,91.11240421,31.30678514
SierraCarbonera,7,2051,-5.360833,36.204444,87.38170513,32.79405636
SierraCarbonera,7,2052,-5.360833,36.204444,58.1318449,33.53016594
SierraCarbonera,7,2053,-5.360833,36.204444,106.9058542,29.75373082
SierraCarbonera,7,2054,-5.360833,36.204444,96.24947358,33.35820037
SierraCarbonera,7,2055,-5.360833,36.204444,37.32546073,32.67414492
SierraCarbonera,7,2056,-5.360833,36.204444,63.73396168,33.57778616
SierraCarbonera,7,2057,-5.360833,36.204444,50.34589323,33.63474574
SierraCarbonera,7,2058,-5.360833,36.204444,50.51577399,34.03094955
SierraCarbonera,7,2059,-5.360833,36.204444,56.53100131,32.87664283
SierraCarbonera,7,2060,-5.360833,36.204444,68.41922771,32.83615191
SierraCarbonera,7,2061,-5.360833,36.204444,74.86542071,33.37883222
SierraCarbonera,7,2062,-5.360833,36.204444,88.28173686,32.45699857
SierraCarbonera,7,2063,-5.360833,36.204444,87.00836107,34.3799279
SierraCarbonera,7,2064,-5.360833,36.204444,83.99385291,34.67037944
SierraCarbonera,7,2065,-5.360833,36.204444,127.4310797,32.39025859
SierraCarbonera,7,2066,-5.360833,36.204444,48.86908607,33.12091537
SierraCarbonera,7,2067,-5.360833,36.204444,89.00362207,32.22923899
SierraCarbonera,7,2068,-5.360833,36.204444,49.54871564,34.00135833
SierraCarbonera,7,2069,-5.360833,36.204444,64.76144322,33.60570679
SierraCarbonera,7,2070,-5.360833,36.204444,67.23807051,33.08290917
SierraCarbonera,7,2071,-5.360833,36.204444,70.24851451,34.21290126
SierraCarbonera,7,2072,-5.360833,36.204444,48.5166911,33.75860281
SierraCarbonera,7,2073,-5.360833,36.204444,76.86792744,33.87937858
SierraCarbonera,7,2074,-5.360833,36.204444,61.29141393,31.50432838
SierraCarbonera,7,2075,-5.360833,36.204444,89.54732181,32.4493613
SierraCarbonera,7,2076,-5.360833,36.204444,35.3418931,34.74258502
SierraCarbonera,7,2077,-5.360833,36.204444,48.01197496,35.22108883
SierraCarbonera,7,2078,-5.360833,36.204444,93.60284125,33.62515042
SierraCarbonera,7,2079,-5.360833,36.204444,74.0447155,34.70167473
SierraCarbonera,7,2080,-5.360833,36.204444,81.44629253,34.29445407
SierraCarbonera,7,2081,-5.360833,36.204444,62.38942104,33.54752945
SierraCarbonera,7,2082,-5.360833,36.204444,79.0525583,32.49800533
SierraCarbonera,7,2083,-5.360833,36.204444,57.43091232,35.10670993
SierraCarbonera,7,2084,-5.360833,36.204444,100.8402605,33.04505458
SierraCarbonera,7,2085,-5.360833,36.204444,65.89528028,36.16141909
SierraCarbonera,7,2086,-5.360833,36.204444,79.0368894,34.40197242
SierraCarbonera,7,2087,-5.360833,36.204444,39.43693824,33.91791835
SierraCarbonera,7,2088,-5.360833,36.204444,96.65361648,31.31712765
SierraCarbonera,7,2089,-5.360833,36.204444,62.0676125,35.91138069
SierraCarbonera,7,2090,-5.360833,36.204444,95.90241479,34.4616018
SierraCarbonera,7,2091,-5.360833,36.204444,25.60456151,36.44315442
SierraCarbonera,7,2092,-5.360833,36.204444,103.3447833,33.41029683
SierraCarbonera,7,2093,-5.360833,36.204444,136.9004218,31.233983
SierraCarbonera,7,2094,-5.360833,36.204444,60.79304474,36.96313358
SierraCarbonera,7,2095,-5.360833,36.204444,79.2626778,33.7483804
SierraCarbonera,7,2096,-5.360833,36.204444,69.09825179,35.80905033
SierraCarbonera,7,2097,-5.360833,36.204444,100.525059,33.58147091
SierraCarbonera,7,2098,-5.360833,36.204444,127.496706,30.93401686
SierraCarbonera,7,2099,-5.360833,36.204444,77.1847597,35.79147418
SierraCarbonera,7,2100,-5.360833,36.204444,88.08131381,35.38181901
SierraCarbonera,8,2015,-5.360833,36.204444,41.83775883,30.42531935
SierraCarbonera,8,2016,-5.360833,36.204444,43.15745927,30.04665429
SierraCarbonera,8,2017,-5.360833,36.204444,32.5334791,31.87476452
SierraCarbonera,8,2018,-5.360833,36.204444,67.08083916,31.69016468
SierraCarbonera,8,2019,-5.360833,36.204444,67.31387255,30.3365447
SierraCarbonera,8,2020,-5.360833,36.204444,41.67990327,31.60875658
SierraCarbonera,8,2021,-5.360833,36.204444,54.85988321,30.75645673
SierraCarbonera,8,2022,-5.360833,36.204444,50.93612633,30.93096313
SierraCarbonera,8,2023,-5.360833,36.204444,60.06139751,30.35454909
SierraCarbonera,8,2024,-5.360833,36.204444,47.5099074,33.12743235
SierraCarbonera,8,2025,-5.360833,36.204444,88.67588941,30.3895813
SierraCarbonera,8,2026,-5.360833,36.204444,38.85043337,32.6278153
SierraCarbonera,8,2027,-5.360833,36.204444,70.090482,32.66594061
SierraCarbonera,8,2028,-5.360833,36.204444,74.07159625,30.49609355
SierraCarbonera,8,2029,-5.360833,36.204444,80.4832178,31.30037251
SierraCarbonera,8,2030,-5.360833,36.204444,67.02552881,31.83528561
SierraCarbonera,8,2031,-5.360833,36.204444,88.34221825,28.6742158
SierraCarbonera,8,2032,-5.360833,36.204444,40.12444676,32.48714107
SierraCarbonera,8,2033,-5.360833,36.204444,97.81274705,30.58490463
SierraCarbonera,8,2034,-5.360833,36.204444,70.11057266,31.4061612
SierraCarbonera,8,2035,-5.360833,36.204444,58.17633891,31.69618452
SierraCarbonera,8,2036,-5.360833,36.204444,48.8816005,32.52635321
SierraCarbonera,8,2037,-5.360833,36.204444,39.67178683,32.73738226
SierraCarbonera,8,2038,-5.360833,36.204444,49.94267092,33.09458461
SierraCarbonera,8,2039,-5.360833,36.204444,41.86560986,31.9245131
SierraCarbonera,8,2040,-5.360833,36.204444,67.55184636,31.9629997
SierraCarbonera,8,2041,-5.360833,36.204444,28.51184681,33.61399969
SierraCarbonera,8,2042,-5.360833,36.204444,58.58868474,33.63839407
SierraCarbonera,8,2043,-5.360833,36.204444,56.83644557,31.61947809
SierraCarbonera,8,2044,-5.360833,36.204444,47.492446,32.87984718
SierraCarbonera,8,2045,-5.360833,36.204444,46.22624309,32.66620838
SierraCarbonera,8,2046,-5.360833,36.204444,26.99867517,33.21715403
SierraCarbonera,8,2047,-5.360833,36.204444,67.51419858,31.80500429
SierraCarbonera,8,2048,-5.360833,36.204444,84.60786047,31.86166756
SierraCarbonera,8,2049,-5.360833,36.204444,55.38199514,32.41987147
SierraCarbonera,8,2050,-5.360833,36.204444,95.59774243,32.21661456
SierraCarbonera,8,2051,-5.360833,36.204444,46.77420641,33.17098881
SierraCarbonera,8,2052,-5.360833,36.204444,43.92399407,32.86053349
SierraCarbonera,8,2053,-5.360833,36.204444,48.88072948,32.22267082
SierraCarbonera,8,2054,-5.360833,36.204444,80.20073315,32.14980173
SierraCarbonera,8,2055,-5.360833,36.204444,59.4642471,31.9536121
SierraCarbonera,8,2056,-5.360833,36.204444,58.51092597,34.00658865
SierraCarbonera,8,2057,-5.360833,36.204444,17.74451209,34.36640172
SierraCarbonera,8,2058,-5.360833,36.204444,63.93054022,32.86830267
SierraCarbonera,8,2059,-5.360833,36.204444,75.20948748,33.87467297
SierraCarbonera,8,2060,-5.360833,36.204444,48.2037532,33.58932475
SierraCarbonera,8,2061,-5.360833,36.204444,37.9945297,32.10443292
SierraCarbonera,8,2062,-5.360833,36.204444,55.1195098,34.78773331
SierraCarbonera,8,2063,-5.360833,36.204444,69.29281219,32.78969431
SierraCarbonera,8,2064,-5.360833,36.204444,79.63222459,32.91057838
SierraCarbonera,8,2065,-5.360833,36.204444,61.5613396,32.85134376
SierraCarbonera,8,2066,-5.360833,36.204444,46.96562246,34.30104685
SierraCarbonera,8,2067,-5.360833,36.204444,77.55575678,32.78130395
SierraCarbonera,8,2068,-5.360833,36.204444,42.29738009,33.68924029
SierraCarbonera,8,2069,-5.360833,36.204444,71.96428118,34.24438162
SierraCarbonera,8,2070,-5.360833,36.204444,49.9813137,34.47143043
SierraCarbonera,8,2071,-5.360833,36.204444,146.9417798,29.79671729
SierraCarbonera,8,2072,-5.360833,36.204444,76.71849374,32.84513589
SierraCarbonera,8,2073,-5.360833,36.204444,55.83753043,35.21116865
SierraCarbonera,8,2074,-5.360833,36.204444,97.5572221,31.79540307
SierraCarbonera,8,2075,-5.360833,36.204444,76.82644108,33.7621773
SierraCarbonera,8,2076,-5.360833,36.204444,112.1648753,31.60353905
SierraCarbonera,8,2077,-5.360833,36.204444,37.60499609,34.80974141
SierraCarbonera,8,2078,-5.360833,36.204444,34.98501832,36.6941172
SierraCarbonera,8,2079,-5.360833,36.204444,73.18329396,34.03778056
SierraCarbonera,8,2080,-5.360833,36.204444,24.36080073,35.93812492
SierraCarbonera,8,2081,-5.360833,36.204444,61.62762036,35.28378375
SierraCarbonera,8,2082,-5.360833,36.204444,112.5383305,34.39099692
SierraCarbonera,8,2083,-5.360833,36.204444,77.81891172,35.78446301
SierraCarbonera,8,2084,-5.360833,36.204444,52.62291668,34.39266456
SierraCarbonera,8,2085,-5.360833,36.204444,23.46520127,34.81469707
SierraCarbonera,8,2086,-5.360833,36.204444,57.83993446,34.05648095
SierraCarbonera,8,2087,-5.360833,36.204444,62.65617859,34.47687043
SierraCarbonera,8,2088,-5.360833,36.204444,57.64871242,34.10197478
SierraCarbonera,8,2089,-5.360833,36.204444,21.81429013,35.2609625
SierraCarbonera,8,2090,-5.360833,36.204444,67.70219042,34.95781368
SierraCarbonera,8,2091,-5.360833,36.204444,39.88023855,37.03101649
SierraCarbonera,8,2092,-5.360833,36.204444,63.1659767,35.72166276
SierraCarbonera,8,2093,-5.360833,36.204444,70.22717558,33.9651379
SierraCarbonera,8,2094,-5.360833,36.204444,32.60826814,37.79903761
SierraCarbonera,8,2095,-5.360833,36.204444,70.97092704,34.49394354
SierraCarbonera,8,2096,-5.360833,36.204444,47.94325884,36.58296332
SierraCarbonera,8,2097,-5.360833,36.204444,68.89456809,35.74818745
SierraCarbonera,8,2098,-5.360833,36.204444,19.31008772,34.46412393
SierraCarbonera,8,2099,-5.360833,36.204444,93.07765193,31.97825751
SierraCarbonera,8,2100,-5.360833,36.204444,41.48693801,36.60812752
SierraCarbonera,9,2015,-5.360833,36.204444,101.6221289,26.65684611
SierraCarbonera,9,2016,-5.360833,36.204444,101.5264416,25.19356079
SierraCarbonera,9,2017,-5.360833,36.204444,61.19479391,28.7271108
SierraCarbonera,9,2018,-5.360833,36.204444,76.41637476,24.88515727
SierraCarbonera,9,2019,-5.360833,36.204444,59.47277451,27.99203796
SierraCarbonera,9,2020,-5.360833,36.204444,72.98402464,26.14356893
SierraCarbonera,9,2021,-5.360833,36.204444,55.60491611,25.21778768
SierraCarbonera,9,2022,-5.360833,36.204444,120.6651472,25.70561523
SierraCarbonera,9,2023,-5.360833,36.204444,53.89875519,26.86835531
SierraCarbonera,9,2024,-5.360833,36.204444,99.81015346,25.71776428
SierraCarbonera,9,2025,-5.360833,36.204444,103.7925949,23.91383565
SierraCarbonera,9,2026,-5.360833,36.204444,88.07208951,25.6744161
SierraCarbonera,9,2027,-5.360833,36.204444,32.26833542,26.74070129
SierraCarbonera,9,2028,-5.360833,36.204444,71.0164338,26.83994242
SierraCarbonera,9,2029,-5.360833,36.204444,57.42919552,26.35091451
SierraCarbonera,9,2030,-5.360833,36.204444,117.4977813,26.55979614
SierraCarbonera,9,2031,-5.360833,36.204444,51.95467575,26.08223368
SierraCarbonera,9,2032,-5.360833,36.204444,85.12267597,26.11966654
SierraCarbonera,9,2033,-5.360833,36.204444,128.2537336,24.10019938
SierraCarbonera,9,2034,-5.360833,36.204444,67.21217132,25.83168742
SierraCarbonera,9,2035,-5.360833,36.204444,42.1760342,27.00574341
SierraCarbonera,9,2036,-5.360833,36.204444,108.5968854,24.40023397
SierraCarbonera,9,2037,-5.360833,36.204444,36.51960796,28.3229421
SierraCarbonera,9,2038,-5.360833,36.204444,78.65850171,25.96999003
SierraCarbonera,9,2039,-5.360833,36.204444,67.87967742,26.90432027
SierraCarbonera,9,2040,-5.360833,36.204444,67.40876886,25.45624084
SierraCarbonera,9,2041,-5.360833,36.204444,72.63093528,27.72121175
SierraCarbonera,9,2042,-5.360833,36.204444,117.7971147,25.73380839
SierraCarbonera,9,2043,-5.360833,36.204444,82.10174254,25.69419556
SierraCarbonera,9,2044,-5.360833,36.204444,47.11802663,29.28228556
SierraCarbonera,9,2045,-5.360833,36.204444,52.19943061,26.68302104
SierraCarbonera,9,2046,-5.360833,36.204444,48.01786855,28.64653625
SierraCarbonera,9,2047,-5.360833,36.204444,168.1690489,24.94240723
SierraCarbonera,9,2048,-5.360833,36.204444,53.00510316,27.28094889
SierraCarbonera,9,2049,-5.360833,36.204444,89.11020615,26.37019043
SierraCarbonera,9,2050,-5.360833,36.204444,98.041837,26.22377218
SierraCarbonera,9,2051,-5.360833,36.204444,52.63869645,27.66639201
SierraCarbonera,9,2052,-5.360833,36.204444,73.36385971,28.29583537
SierraCarbonera,9,2053,-5.360833,36.204444,123.6422807,26.8329539
SierraCarbonera,9,2054,-5.360833,36.204444,71.63740398,28.92102661
SierraCarbonera,9,2055,-5.360833,36.204444,81.01839283,26.84522909
SierraCarbonera,9,2056,-5.360833,36.204444,49.15041395,27.4591746
SierraCarbonera,9,2057,-5.360833,36.204444,45.93323179,28.9748057
SierraCarbonera,9,2058,-5.360833,36.204444,82.11306749,26.09436239
SierraCarbonera,9,2059,-5.360833,36.204444,62.22505912,29.27229513
SierraCarbonera,9,2060,-5.360833,36.204444,166.7433698,24.83260295
SierraCarbonera,9,2061,-5.360833,36.204444,103.7542049,28.3188385
SierraCarbonera,9,2062,-5.360833,36.204444,102.5338323,29.48455607
SierraCarbonera,9,2063,-5.360833,36.204444,47.36068349,28.07701721
SierraCarbonera,9,2064,-5.360833,36.204444,46.33463034,27.6907725
SierraCarbonera,9,2065,-5.360833,36.204444,67.64405503,29.28123169
SierraCarbonera,9,2066,-5.360833,36.204444,69.97399406,29.47034505
SierraCarbonera,9,2067,-5.360833,36.204444,113.0937652,26.75270589
SierraCarbonera,9,2068,-5.360833,36.204444,36.30801067,28.56176554
SierraCarbonera,9,2069,-5.360833,36.204444,72.02034124,28.3122996
SierraCarbonera,9,2070,-5.360833,36.204444,69.84009782,28.92534078
SierraCarbonera,9,2071,-5.360833,36.204444,58.27475327,29.99298197
SierraCarbonera,9,2072,-5.360833,36.204444,39.63696374,28.46964722
SierraCarbonera,9,2073,-5.360833,36.204444,55.96279252,29.71316325
SierraCarbonera,9,2074,-5.360833,36.204444,164.9976925,26.80036723
SierraCarbonera,9,2075,-5.360833,36.204444,111.2992217,28.88324585
SierraCarbonera,9,2076,-5.360833,36.204444,108.3275639,26.29450989
SierraCarbonera,9,2077,-5.360833,36.204444,187.0522807,23.95023499
SierraCarbonera,9,2078,-5.360833,36.204444,37.40463215,32.06572266
SierraCarbonera,9,2079,-5.360833,36.204444,63.77799911,28.7604126
SierraCarbonera,9,2080,-5.360833,36.204444,47.45616018,30.32178446
SierraCarbonera,9,2081,-5.360833,36.204444,127.0703366,26.30270793
SierraCarbonera,9,2082,-5.360833,36.204444,68.67423841,29.0265981
SierraCarbonera,9,2083,-5.360833,36.204444,109.5465795,30.44188639
SierraCarbonera,9,2084,-5.360833,36.204444,47.65065827,29.01198425
SierraCarbonera,9,2085,-5.360833,36.204444,46.5481941,29.59851786
SierraCarbonera,9,2086,-5.360833,36.204444,72.60470912,29.87734172
SierraCarbonera,9,2087,-5.360833,36.204444,67.74014072,30.61467997
SierraCarbonera,9,2088,-5.360833,36.204444,36.12057016,29.26948954
SierraCarbonera,9,2089,-5.360833,36.204444,42.96160661,31.1569519
SierraCarbonera,9,2090,-5.360833,36.204444,38.7324951,29.89252726
SierraCarbonera,9,2091,-5.360833,36.204444,17.75889001,31.22068176
SierraCarbonera,9,2092,-5.360833,36.204444,57.09618191,29.08295797
SierraCarbonera,9,2093,-5.360833,36.204444,27.68452271,29.10314331
SierraCarbonera,9,2094,-5.360833,36.204444,77.91010242,31.40940145
SierraCarbonera,9,2095,-5.360833,36.204444,44.66274356,30.1498291
SierraCarbonera,9,2096,-5.360833,36.204444,101.6065497,29.14754232
SierraCarbonera,9,2097,-5.360833,36.204444,54.61990181,30.45243123
SierraCarbonera,9,2098,-5.360833,36.204444,158.7749492,28.86553548
SierraCarbonera,9,2099,-5.360833,36.204444,197.7296789,27.07234904
SierraCarbonera,9,2100,-5.360833,36.204444,28.62930108,30.10253194
SierraCarboneraY5,1,2015,-5.36,36.209722,6.164272203,10.9335335
SierraCarboneraY5,1,2016,-5.36,36.209722,65.3406584,10.33381092
SierraCarboneraY5,1,2017,-5.36,36.209722,13.37374009,14.78664354
SierraCarboneraY5,1,2018,-5.36,36.209722,31.78027838,11.07513605
SierraCarboneraY5,1,2019,-5.36,36.209722,13.45057078,12.99073624
SierraCarboneraY5,1,2020,-5.36,36.209722,17.4865033,12.13729346
SierraCarboneraY5,1,2021,-5.36,36.209722,9.886489123,12.41431727
SierraCarboneraY5,1,2022,-5.36,36.209722,124.2723979,9.321541866
SierraCarboneraY5,1,2023,-5.36,36.209722,5.870315523,13.61226807
SierraCarboneraY5,1,2024,-5.36,36.209722,9.849419874,14.89918252
SierraCarboneraY5,1,2025,-5.36,36.209722,92.00610493,10.03883588
SierraCarboneraY5,1,2026,-5.36,36.209722,34.64407833,11.28764077
SierraCarboneraY5,1,2027,-5.36,36.209722,45.64543805,13.12379387
SierraCarboneraY5,1,2028,-5.36,36.209722,45.54854043,10.25912357
SierraCarboneraY5,1,2029,-5.36,36.209722,17.91194555,12.75790779
SierraCarboneraY5,1,2030,-5.36,36.209722,2.008728138,13.33031321
SierraCarboneraY5,1,2031,-5.36,36.209722,36.23691975,13.42561764
SierraCarboneraY5,1,2032,-5.36,36.209722,77.56464638,12.24502839
SierraCarboneraY5,1,2033,-5.36,36.209722,36.81369627,9.680592986
SierraCarboneraY5,1,2034,-5.36,36.209722,57.32517534,9.629608942
SierraCarboneraY5,1,2035,-5.36,36.209722,21.9303979,13.93768488
SierraCarboneraY5,1,2036,-5.36,36.209722,23.70633918,14.19972652
SierraCarboneraY5,1,2037,-5.36,36.209722,18.35427051,11.43146815
SierraCarboneraY5,1,2038,-5.36,36.209722,77.83028889,11.04053699
SierraCarboneraY5,1,2039,-5.36,36.209722,40.06265691,11.72582791
SierraCarboneraY5,1,2040,-5.36,36.209722,11.54531058,11.85500488
SierraCarboneraY5,1,2041,-5.36,36.209722,69.64765452,12.19207646
SierraCarboneraY5,1,2042,-5.36,36.209722,18.2988662,13.22914744
SierraCarboneraY5,1,2043,-5.36,36.209722,31.04636719,13.86302018
SierraCarboneraY5,1,2044,-5.36,36.209722,81.51727817,11.60786271
SierraCarboneraY5,1,2045,-5.36,36.209722,2.622030871,15.95038413
SierraCarboneraY5,1,2046,-5.36,36.209722,24.02399939,11.24613293
SierraCarboneraY5,1,2047,-5.36,36.209722,5.104409073,15.06168863
SierraCarboneraY5,1,2048,-5.36,36.209722,8.804350889,12.75469754
SierraCarboneraY5,1,2049,-5.36,36.209722,18.10300565,13.31274887
SierraCarboneraY5,1,2050,-5.36,36.209722,10.76686255,12.76338127
SierraCarboneraY5,1,2051,-5.36,36.209722,44.78609927,12.08723184
SierraCarboneraY5,1,2052,-5.36,36.209722,1.984603559,16.51689177
SierraCarboneraY5,1,2053,-5.36,36.209722,23.20290226,13.62728075
SierraCarboneraY5,1,2054,-5.36,36.209722,76.52944398,9.951716072
SierraCarboneraY5,1,2055,-5.36,36.209722,10.70138752,15.01902604
SierraCarboneraY5,1,2056,-5.36,36.209722,17.21351803,12.07415949
SierraCarboneraY5,1,2057,-5.36,36.209722,24.87427286,14.66342833
SierraCarboneraY5,1,2058,-5.36,36.209722,15.36901838,14.24498901
SierraCarboneraY5,1,2059,-5.36,36.209722,59.55285851,13.03767326
SierraCarboneraY5,1,2060,-5.36,36.209722,7.993221626,13.14951329
SierraCarboneraY5,1,2061,-5.36,36.209722,2.024765534,14.76355551
SierraCarboneraY5,1,2062,-5.36,36.209722,16.0065717,12.93030947
SierraCarboneraY5,1,2063,-5.36,36.209722,40.02079101,12.27999268
SierraCarboneraY5,1,2064,-5.36,36.209722,65.11164229,13.6206289
SierraCarboneraY5,1,2065,-5.36,36.209722,52.37024159,11.44432393
SierraCarboneraY5,1,2066,-5.36,36.209722,17.44505193,13.03072214
SierraCarboneraY5,1,2067,-5.36,36.209722,3.237635824,15.36011215
SierraCarboneraY5,1,2068,-5.36,36.209722,77.62868104,11.45949215
SierraCarboneraY5,1,2069,-5.36,36.209722,15.86963537,15.48670989
SierraCarboneraY5,1,2070,-5.36,36.209722,63.31425713,13.48306255
SierraCarboneraY5,1,2071,-5.36,36.209722,37.95385248,13.74463363
SierraCarboneraY5,1,2072,-5.36,36.209722,22.42006773,12.4079519
SierraCarboneraY5,1,2073,-5.36,36.209722,46.0916096,13.39485592
SierraCarboneraY5,1,2074,-5.36,36.209722,22.89132052,15.38897784
SierraCarboneraY5,1,2075,-5.36,36.209722,35.14946283,13.19654876
SierraCarboneraY5,1,2076,-5.36,36.209722,15.15468484,12.2546306
SierraCarboneraY5,1,2077,-5.36,36.209722,6.735347425,15.50169697
SierraCarboneraY5,1,2078,-5.36,36.209722,20.32581426,11.58927061
SierraCarboneraY5,1,2079,-5.36,36.209722,7.16014857,15.81360631
SierraCarboneraY5,1,2080,-5.36,36.209722,63.30749572,11.189069
SierraCarboneraY5,1,2081,-5.36,36.209722,7.353081292,14.86522729
SierraCarboneraY5,1,2082,-5.36,36.209722,8.787698747,14.12657294
SierraCarboneraY5,1,2083,-5.36,36.209722,2.232564753,15.67043457
SierraCarboneraY5,1,2084,-5.36,36.209722,11.77702601,15.8545166
SierraCarboneraY5,1,2085,-5.36,36.209722,36.46901843,16.74167638
SierraCarboneraY5,1,2086,-5.36,36.209722,73.70955688,14.44601519
SierraCarboneraY5,1,2087,-5.36,36.209722,51.78583458,13.74438851
SierraCarboneraY5,1,2088,-5.36,36.209722,6.164577055,15.39072817
SierraCarboneraY5,1,2089,-5.36,36.209722,8.267244655,14.68629387
SierraCarboneraY5,1,2090,-5.36,36.209722,22.54915663,14.67691217
SierraCarboneraY5,1,2091,-5.36,36.209722,17.07719513,15.63485009
SierraCarboneraY5,1,2092,-5.36,36.209722,13.25995477,15.7911375
SierraCarboneraY5,1,2093,-5.36,36.209722,6.389007783,14.60252508
SierraCarboneraY5,1,2094,-5.36,36.209722,124.9355616,13.47372318
SierraCarboneraY5,1,2095,-5.36,36.209722,20.14817119,14.23527064
SierraCarboneraY5,1,2096,-5.36,36.209722,11.18055227,13.23789909
SierraCarboneraY5,1,2097,-5.36,36.209722,14.97312233,14.47004139
SierraCarboneraY5,1,2098,-5.36,36.209722,2.158287935,18.60824565
SierraCarboneraY5,1,2099,-5.36,36.209722,34.70589981,13.7124622
SierraCarboneraY5,1,2100,-5.36,36.209722,10.28052693,16.35295824
SierraCarboneraY5,10,2015,-5.36,36.209722,83.75183137,20.59304396
SierraCarboneraY5,10,2016,-5.36,36.209722,42.32269931,19.79761707
SierraCarboneraY5,10,2017,-5.36,36.209722,50.80549132,19.10287653
SierraCarboneraY5,10,2018,-5.36,36.209722,72.08835365,19.69344679
SierraCarboneraY5,10,2019,-5.36,36.209722,63.99326741,22.0658272
SierraCarboneraY5,10,2020,-5.36,36.209722,76.22714293,17.59039681
SierraCarboneraY5,10,2021,-5.36,36.209722,84.26535463,19.18958287
SierraCarboneraY5,10,2022,-5.36,36.209722,271.0707922,16.77562571
SierraCarboneraY5,10,2023,-5.36,36.209722,29.02560689,22.95855299
SierraCarboneraY5,10,2024,-5.36,36.209722,153.5327856,17.10531203
SierraCarboneraY5,10,2025,-5.36,36.209722,181.4963282,16.37296989
SierraCarboneraY5,10,2026,-5.36,36.209722,75.89221561,18.36489455
SierraCarboneraY5,10,2027,-5.36,36.209722,67.51849624,22.26541413
SierraCarboneraY5,10,2028,-5.36,36.209722,79.69104213,20.14873165
SierraCarboneraY5,10,2029,-5.36,36.209722,27.96333132,18.87397205
SierraCarboneraY5,10,2030,-5.36,36.209722,57.1727113,19.93108225
SierraCarboneraY5,10,2031,-5.36,36.209722,226.5560305,17.32243672
SierraCarboneraY5,10,2032,-5.36,36.209722,90.35120542,19.37857824
SierraCarboneraY5,10,2033,-5.36,36.209722,117.932246,20.60440634
SierraCarboneraY5,10,2034,-5.36,36.209722,57.44356456,21.55007423
SierraCarboneraY5,10,2035,-5.36,36.209722,82.7089785,18.96875374
SierraCarboneraY5,10,2036,-5.36,36.209722,96.38958744,17.57748886
SierraCarboneraY5,10,2037,-5.36,36.209722,44.39409119,18.26578034
SierraCarboneraY5,10,2038,-5.36,36.209722,24.31632435,22.46077684
SierraCarboneraY5,10,2039,-5.36,36.209722,54.9949976,20.12656604
SierraCarboneraY5,10,2040,-5.36,36.209722,222.5232823,18.19697108
SierraCarboneraY5,10,2041,-5.36,36.209722,113.9548012,18.72797497
SierraCarboneraY5,10,2042,-5.36,36.209722,32.75408441,21.09203983
SierraCarboneraY5,10,2043,-5.36,36.209722,63.42414523,18.57658022
SierraCarboneraY5,10,2044,-5.36,36.209722,92.58709217,21.12574994
SierraCarboneraY5,10,2045,-5.36,36.209722,87.98216598,19.10464852
SierraCarboneraY5,10,2046,-5.36,36.209722,150.3216548,20.45777824
SierraCarboneraY5,10,2047,-5.36,36.209722,48.15724054,21.06614222
SierraCarboneraY5,10,2048,-5.36,36.209722,73.23235294,19.50155029
SierraCarboneraY5,10,2049,-5.36,36.209722,102.1181569,22.16889491
SierraCarboneraY5,10,2050,-5.36,36.209722,58.93468343,23.0071675
SierraCarboneraY5,10,2051,-5.36,36.209722,36.55448393,22.24452633
SierraCarboneraY5,10,2052,-5.36,36.209722,64.87815111,21.17475232
SierraCarboneraY5,10,2053,-5.36,36.209722,29.24950763,22.19689528
SierraCarboneraY5,10,2054,-5.36,36.209722,43.10920447,21.21254784
SierraCarboneraY5,10,2055,-5.36,36.209722,136.4933427,17.1575089
SierraCarboneraY5,10,2056,-5.36,36.209722,39.35813754,20.81880513
SierraCarboneraY5,10,2057,-5.36,36.209722,97.6780268,20.10714407
SierraCarboneraY5,10,2058,-5.36,36.209722,120.0989036,21.15906037
SierraCarboneraY5,10,2059,-5.36,36.209722,82.08935343,22.44918016
SierraCarboneraY5,10,2060,-5.36,36.209722,42.3775345,18.66959091
SierraCarboneraY5,10,2061,-5.36,36.209722,146.894599,20.63605307
SierraCarboneraY5,10,2062,-5.36,36.209722,23.61989436,20.99565056
SierraCarboneraY5,10,2063,-5.36,36.209722,56.48063809,22.1272837
SierraCarboneraY5,10,2064,-5.36,36.209722,86.36480019,22.45349003
SierraCarboneraY5,10,2065,-5.36,36.209722,60.48267111,22.9869373
SierraCarboneraY5,10,2066,-5.36,36.209722,63.7795417,22.0265058
SierraCarboneraY5,10,2067,-5.36,36.209722,76.99542938,21.18954054
SierraCarboneraY5,10,2068,-5.36,36.209722,71.79970251,19.56061165
SierraCarboneraY5,10,2069,-5.36,36.209722,135.0725308,21.8381641
SierraCarboneraY5,10,2070,-5.36,36.209722,93.69635287,22.35429215
SierraCarboneraY5,10,2071,-5.36,36.209722,72.68608809,24.22063697
SierraCarboneraY5,10,2072,-5.36,36.209722,61.71964553,23.34059763
SierraCarboneraY5,10,2073,-5.36,36.209722,117.1562097,21.00371901
SierraCarboneraY5,10,2074,-5.36,36.209722,175.1417948,17.64751095
SierraCarboneraY5,10,2075,-5.36,36.209722,18.5307886,24.80715332
SierraCarboneraY5,10,2076,-5.36,36.209722,53.41423317,22.50002835
SierraCarboneraY5,10,2077,-5.36,36.209722,60.66151459,20.23461501
SierraCarboneraY5,10,2078,-5.36,36.209722,43.26428627,25.70672391
SierraCarboneraY5,10,2079,-5.36,36.209722,94.71270401,19.84769642
SierraCarboneraY5,10,2080,-5.36,36.209722,35.49856486,25.66075262
SierraCarboneraY5,10,2081,-5.36,36.209722,13.52149116,24.32885033
SierraCarboneraY5,10,2082,-5.36,36.209722,42.77833236,25.50492199
SierraCarboneraY5,10,2083,-5.36,36.209722,160.0228045,18.85384128
SierraCarboneraY5,10,2084,-5.36,36.209722,42.5780389,24.36271205
SierraCarboneraY5,10,2085,-5.36,36.209722,63.96645549,24.36511506
SierraCarboneraY5,10,2086,-5.36,36.209722,85.49713603,25.3293081
SierraCarboneraY5,10,2087,-5.36,36.209722,90.76510242,23.97567237
SierraCarboneraY5,10,2088,-5.36,36.209722,134.3454887,24.70948821
SierraCarboneraY5,10,2089,-5.36,36.209722,20.90978696,26.15673316
SierraCarboneraY5,10,2090,-5.36,36.209722,118.8311172,22.14233477
SierraCarboneraY5,10,2091,-5.36,36.209722,66.82066946,23.06931015
SierraCarboneraY5,10,2092,-5.36,36.209722,45.67531929,24.57436228
SierraCarboneraY5,10,2093,-5.36,36.209722,38.9741141,23.18641791
SierraCarboneraY5,10,2094,-5.36,36.209722,90.25627187,23.20232839
SierraCarboneraY5,10,2095,-5.36,36.209722,68.17137717,23.31741313
SierraCarboneraY5,10,2096,-5.36,36.209722,168.7706287,17.67973259
SierraCarboneraY5,10,2097,-5.36,36.209722,22.66898953,25.42661783
SierraCarboneraY5,10,2098,-5.36,36.209722,255.0324897,21.36613789
SierraCarboneraY5,10,2099,-5.36,36.209722,4.231280568,23.33086548
SierraCarboneraY5,10,2100,-5.36,36.209722,48.28228248,25.66985572
SierraCarboneraY5,11,2015,-5.36,36.209722,48.38098225,13.92687073
SierraCarboneraY5,11,2016,-5.36,36.209722,75.7213314,17.06195577
SierraCarboneraY5,11,2017,-5.36,36.209722,34.94585413,16.01923014
SierraCarboneraY5,11,2018,-5.36,36.209722,5.369730724,17.00990194
SierraCarboneraY5,11,2019,-5.36,36.209722,88.23189231,14.39065247
SierraCarboneraY5,11,2020,-5.36,36.209722,127.6588044,13.70657756
SierraCarboneraY5,11,2021,-5.36,36.209722,60.93209029,12.38975627
SierraCarboneraY5,11,2022,-5.36,36.209722,70.95474486,15.08192952
SierraCarboneraY5,11,2023,-5.36,36.209722,27.06777799,15.98512166
SierraCarboneraY5,11,2024,-5.36,36.209722,18.92640109,13.70152893
SierraCarboneraY5,11,2025,-5.36,36.209722,81.94071276,14.38966064
SierraCarboneraY5,11,2026,-5.36,36.209722,9.939982472,16.76792704
SierraCarboneraY5,11,2027,-5.36,36.209722,34.77132525,15.47078756
SierraCarboneraY5,11,2028,-5.36,36.209722,19.5173547,15.92893372
SierraCarboneraY5,11,2029,-5.36,36.209722,136.4994855,14.67351786
SierraCarboneraY5,11,2030,-5.36,36.209722,31.30733511,14.9475057
SierraCarboneraY5,11,2031,-5.36,36.209722,73.63070813,13.76139628
SierraCarboneraY5,11,2032,-5.36,36.209722,63.23406799,15.02232157
SierraCarboneraY5,11,2033,-5.36,36.209722,74.05198942,13.65531921
SierraCarboneraY5,11,2034,-5.36,36.209722,10.43811017,18.44635518
SierraCarboneraY5,11,2035,-5.36,36.209722,107.4646797,13.07749329
SierraCarboneraY5,11,2036,-5.36,36.209722,126.3832921,11.76103719
SierraCarboneraY5,11,2037,-5.36,36.209722,14.43164597,16.22931519
SierraCarboneraY5,11,2038,-5.36,36.209722,39.93247298,16.96585693
SierraCarboneraY5,11,2039,-5.36,36.209722,99.65278831,11.66065674
SierraCarboneraY5,11,2040,-5.36,36.209722,74.01070408,12.5390981
SierraCarboneraY5,11,2041,-5.36,36.209722,29.95168695,13.16360881
SierraCarboneraY5,11,2042,-5.36,36.209722,20.21149411,16.38213908
SierraCarboneraY5,11,2043,-5.36,36.209722,4.988953114,18.9180776
SierraCarboneraY5,11,2044,-5.36,36.209722,4.422747707,17.37414347
SierraCarboneraY5,11,2045,-5.36,36.209722,13.66523954,18.17885946
SierraCarboneraY5,11,2046,-5.36,36.209722,26.16726489,14.41564128
SierraCarboneraY5,11,2047,-5.36,36.209722,19.73331206,16.67893372
SierraCarboneraY5,11,2048,-5.36,36.209722,89.29841286,13.07190247
SierraCarboneraY5,11,2049,-5.36,36.209722,50.88493345,15.29458923
SierraCarboneraY5,11,2050,-5.36,36.209722,100.7548365,15.77719116
SierraCarboneraY5,11,2051,-5.36,36.209722,10.0582045,18.07425842
SierraCarboneraY5,11,2052,-5.36,36.209722,24.11150797,14.76038717
SierraCarboneraY5,11,2053,-5.36,36.209722,6.731335175,19.53586222
SierraCarboneraY5,11,2054,-5.36,36.209722,23.92839872,14.5087616
SierraCarboneraY5,11,2055,-5.36,36.209722,3.189226146,16.39730326
SierraCarboneraY5,11,2056,-5.36,36.209722,53.66383456,16.46003723
SierraCarboneraY5,11,2057,-5.36,36.209722,51.73260921,14.23539124
SierraCarboneraY5,11,2058,-5.36,36.209722,56.58804603,16.2322937
SierraCarboneraY5,11,2059,-5.36,36.209722,14.66628204,16.69356893
SierraCarboneraY5,11,2060,-5.36,36.209722,40.92032828,16.57963562
SierraCarboneraY5,11,2061,-5.36,36.209722,15.477388,15.41601054
SierraCarboneraY5,11,2062,-5.36,36.209722,69.56790841,14.33757019
SierraCarboneraY5,11,2063,-5.36,36.209722,13.36822531,19.70966797
SierraCarboneraY5,11,2064,-5.36,36.209722,24.37944403,20.04821472
SierraCarboneraY5,11,2065,-5.36,36.209722,8.402127791,22.28623352
SierraCarboneraY5,11,2066,-5.36,36.209722,46.0381075,17.57236328
SierraCarboneraY5,11,2067,-5.36,36.209722,69.05093343,17.2719401
SierraCarboneraY5,11,2068,-5.36,36.209722,23.03060327,17.74725952
SierraCarboneraY5,11,2069,-5.36,36.209722,20.62524281,16.2659963
SierraCarboneraY5,11,2070,-5.36,36.209722,34.77255267,16.5188741
SierraCarboneraY5,11,2071,-5.36,36.209722,113.7402603,14.97013245
SierraCarboneraY5,11,2072,-5.36,36.209722,5.236683043,19.18054708
SierraCarboneraY5,11,2073,-5.36,36.209722,17.47997395,18.66700643
SierraCarboneraY5,11,2074,-5.36,36.209722,92.84937958,17.38985494
SierraCarboneraY5,11,2075,-5.36,36.209722,40.3302832,18.41492716
SierraCarboneraY5,11,2076,-5.36,36.209722,50.36627683,14.65525818
SierraCarboneraY5,11,2077,-5.36,36.209722,38.15942154,17.86218465
SierraCarboneraY5,11,2078,-5.36,36.209722,76.49314641,15.48374736
SierraCarboneraY5,11,2079,-5.36,36.209722,201.5120784,15.22213643
SierraCarboneraY5,11,2080,-5.36,36.209722,11.01991823,20.62233582
SierraCarboneraY5,11,2081,-5.36,36.209722,3.620691006,20.21032206
SierraCarboneraY5,11,2082,-5.36,36.209722,9.477477465,19.00385234
SierraCarboneraY5,11,2083,-5.36,36.209722,12.36584786,17.90292358
SierraCarboneraY5,11,2084,-5.36,36.209722,2.133363293,19.22346293
SierraCarboneraY5,11,2085,-5.36,36.209722,55.34634899,18.03472392
SierraCarboneraY5,11,2086,-5.36,36.209722,19.16679264,16.96880391
SierraCarboneraY5,11,2087,-5.36,36.209722,4.666991742,19.796934
SierraCarboneraY5,11,2088,-5.36,36.209722,24.82491383,19.60653178
SierraCarboneraY5,11,2089,-5.36,36.209722,28.01506739,20.23710938
SierraCarboneraY5,11,2090,-5.36,36.209722,20.5429207,19.43281352
SierraCarboneraY5,11,2091,-5.36,36.209722,58.18668672,18.17399292
SierraCarboneraY5,11,2092,-5.36,36.209722,26.51763047,20.69608154
SierraCarboneraY5,11,2093,-5.36,36.209722,20.38684935,19.67825317
SierraCarboneraY5,11,2094,-5.36,36.209722,58.54777738,16.8765035
SierraCarboneraY5,11,2095,-5.36,36.209722,3.23679085,21.50919189
SierraCarboneraY5,11,2096,-5.36,36.209722,11.75700732,15.93886108
SierraCarboneraY5,11,2097,-5.36,36.209722,66.67038696,17.92743429
SierraCarboneraY5,11,2098,-5.36,36.209722,25.60401463,17.95900981
SierraCarboneraY5,11,2099,-5.36,36.209722,16.25759672,19.96364543
SierraCarboneraY5,11,2100,-5.36,36.209722,27.92409133,18.23920085
SierraCarboneraY5,12,2015,-5.36,36.209722,6.128784906,13.43408407
SierraCarboneraY5,12,2016,-5.36,36.209722,4.971569989,15.87442248
SierraCarboneraY5,12,2017,-5.36,36.209722,38.07204934,12.29226278
SierraCarboneraY5,12,2018,-5.36,36.209722,36.83788875,14.52881673
SierraCarboneraY5,12,2019,-5.36,36.209722,4.814012879,12.06860657
SierraCarboneraY5,12,2020,-5.36,36.209722,35.45224412,10.29891463
SierraCarboneraY5,12,2021,-5.36,36.209722,16.10456286,11.81872457
SierraCarboneraY5,12,2022,-5.36,36.209722,36.78543335,12.09379171
SierraCarboneraY5,12,2023,-5.36,36.209722,12.14495072,13.21639404
SierraCarboneraY5,12,2024,-5.36,36.209722,22.19440263,14.24582351
SierraCarboneraY5,12,2025,-5.36,36.209722,45.58015965,11.04454854
SierraCarboneraY5,12,2026,-5.36,36.209722,19.11412995,13.83071899
SierraCarboneraY5,12,2027,-5.36,36.209722,35.88032101,12.85800578
SierraCarboneraY5,12,2028,-5.36,36.209722,22.74376955,12.49347997
SierraCarboneraY5,12,2029,-5.36,36.209722,52.86110689,10.02803955
SierraCarboneraY5,12,2030,-5.36,36.209722,29.90675211,13.24976501
SierraCarboneraY5,12,2031,-5.36,36.209722,45.6760458,9.150120036
SierraCarboneraY5,12,2032,-5.36,36.209722,10.55466802,14.38765343
SierraCarboneraY5,12,2033,-5.36,36.209722,38.95794092,12.02030029
SierraCarboneraY5,12,2034,-5.36,36.209722,7.995759835,13.67126567
SierraCarboneraY5,12,2035,-5.36,36.209722,13.95091154,11.90982564
SierraCarboneraY5,12,2036,-5.36,36.209722,3.823895441,13.17870483
SierraCarboneraY5,12,2037,-5.36,36.209722,26.62763275,12.86779989
SierraCarboneraY5,12,2038,-5.36,36.209722,5.67631782,13.89313965
SierraCarboneraY5,12,2039,-5.36,36.209722,7.462860757,11.59067891
SierraCarboneraY5,12,2040,-5.36,36.209722,28.29987866,11.25072527
SierraCarboneraY5,12,2041,-5.36,36.209722,3.6987211,14.69722799
SierraCarboneraY5,12,2042,-5.36,36.209722,8.31448768,13.2473053
SierraCarboneraY5,12,2043,-5.36,36.209722,9.925176483,14.03182576
SierraCarboneraY5,12,2044,-5.36,36.209722,22.02916062,13.45995168
SierraCarboneraY5,12,2045,-5.36,36.209722,8.71061031,15.4379364
SierraCarboneraY5,12,2046,-5.36,36.209722,12.36059322,11.84570414
SierraCarboneraY5,12,2047,-5.36,36.209722,4.93888171,15.81803691
SierraCarboneraY5,12,2048,-5.36,36.209722,70.31212982,9.987470114
SierraCarboneraY5,12,2049,-5.36,36.209722,22.9735907,11.2826182
SierraCarboneraY5,12,2050,-5.36,36.209722,58.78968235,13.58290202
SierraCarboneraY5,12,2051,-5.36,36.209722,29.39882506,12.97073263
SierraCarboneraY5,12,2052,-5.36,36.209722,68.47626138,9.762600813
SierraCarboneraY5,12,2053,-5.36,36.209722,35.17115506,12.17872925
SierraCarboneraY5,12,2054,-5.36,36.209722,5.33137888,16.70165812
SierraCarboneraY5,12,2055,-5.36,36.209722,8.311787437,14.95313009
SierraCarboneraY5,12,2056,-5.36,36.209722,10.19369458,15.96810513
SierraCarboneraY5,12,2057,-5.36,36.209722,23.52465738,13.49970703
SierraCarboneraY5,12,2058,-5.36,36.209722,10.09592493,15.62369588
SierraCarboneraY5,12,2059,-5.36,36.209722,26.56224611,14.12011515
SierraCarboneraY5,12,2060,-5.36,36.209722,48.23226284,14.48059945
SierraCarboneraY5,12,2061,-5.36,36.209722,26.07550337,13.12870382
SierraCarboneraY5,12,2062,-5.36,36.209722,9.930844904,13.74590556
SierraCarboneraY5,12,2063,-5.36,36.209722,14.92235543,16.01062927
SierraCarboneraY5,12,2064,-5.36,36.209722,21.39641146,16.33248186
SierraCarboneraY5,12,2065,-5.36,36.209722,3.546405818,18.29858704
SierraCarboneraY5,12,2066,-5.36,36.209722,26.68104217,13.1513265
SierraCarboneraY5,12,2067,-5.36,36.209722,7.556664754,15.59015808
SierraCarboneraY5,12,2068,-5.36,36.209722,10.30178501,16.03307074
SierraCarboneraY5,12,2069,-5.36,36.209722,9.822996386,15.50342102
SierraCarboneraY5,12,2070,-5.36,36.209722,12.77268215,15.75173645
SierraCarboneraY5,12,2071,-5.36,36.209722,32.56907534,13.82334086
SierraCarboneraY5,12,2072,-5.36,36.209722,5.591551773,16.92798714
SierraCarboneraY5,12,2073,-5.36,36.209722,10.96149878,14.94423523
SierraCarboneraY5,12,2074,-5.36,36.209722,12.31113742,12.24356486
SierraCarboneraY5,12,2075,-5.36,36.209722,7.489915198,15.49818624
SierraCarboneraY5,12,2076,-5.36,36.209722,6.527394029,15.82555121
SierraCarboneraY5,12,2077,-5.36,36.209722,83.70766852,10.82912801
SierraCarboneraY5,12,2078,-5.36,36.209722,20.92947296,14.69539897
SierraCarboneraY5,12,2079,-5.36,36.209722,36.69669499,11.36711731
SierraCarboneraY5,12,2080,-5.36,36.209722,6.196123094,16.57609737
SierraCarboneraY5,12,2081,-5.36,36.209722,6.808737067,16.47867025
SierraCarboneraY5,12,2082,-5.36,36.209722,3.215897454,17.10918376
SierraCarboneraY5,12,2083,-5.36,36.209722,13.78182433,15.27280986
SierraCarboneraY5,12,2084,-5.36,36.209722,12.13092851,15.15858217
SierraCarboneraY5,12,2085,-5.36,36.209722,14.5304417,14.70055847
SierraCarboneraY5,12,2086,-5.36,36.209722,5.515630696,15.01387533
SierraCarboneraY5,12,2087,-5.36,36.209722,25.8326019,15.91941223
SierraCarboneraY5,12,2088,-5.36,36.209722,56.99867826,12.81648223
SierraCarboneraY5,12,2089,-5.36,36.209722,30.17700499,15.23216451
SierraCarboneraY5,12,2090,-5.36,36.209722,7.297425484,15.44420675
SierraCarboneraY5,12,2091,-5.36,36.209722,22.773178,15.07127787
SierraCarboneraY5,12,2092,-5.36,36.209722,14.19240448,16.20004399
SierraCarboneraY5,12,2093,-5.36,36.209722,37.71546711,13.00346476
SierraCarboneraY5,12,2094,-5.36,36.209722,5.283437468,17.36382243
SierraCarboneraY5,12,2095,-5.36,36.209722,16.70439891,16.72524516
SierraCarboneraY5,12,2096,-5.36,36.209722,8.181626075,16.5339789
SierraCarboneraY5,12,2097,-5.36,36.209722,4.829328228,16.98823751
SierraCarboneraY5,12,2098,-5.36,36.209722,14.33135212,15.9709137
SierraCarboneraY5,12,2099,-5.36,36.209722,4.781744722,17.60842489
SierraCarboneraY5,12,2100,-5.36,36.209722,14.13447537,16.58445638
SierraCarboneraY5,2,2015,-5.36,36.209722,14.56981047,14.57076089
SierraCarboneraY5,2,2016,-5.36,36.209722,37.83862141,12.70104265
SierraCarboneraY5,2,2017,-5.36,36.209722,5.065305385,16.96685181
SierraCarboneraY5,2,2018,-5.36,36.209722,31.66268381,13.82570147
SierraCarboneraY5,2,2019,-5.36,36.209722,185.0127493,10.61895905
SierraCarboneraY5,2,2020,-5.36,36.209722,8.594463899,13.2490268
SierraCarboneraY5,2,2021,-5.36,36.209722,26.76689377,11.72285505
SierraCarboneraY5,2,2022,-5.36,36.209722,45.50975715,11.04568089
SierraCarboneraY5,2,2023,-5.36,36.209722,101.0356151,11.79682966
SierraCarboneraY5,2,2024,-5.36,36.209722,4.573946058,17.44195157
SierraCarboneraY5,2,2025,-5.36,36.209722,6.535795112,13.18206395
SierraCarboneraY5,2,2026,-5.36,36.209722,11.66783703,14.16746129
SierraCarboneraY5,2,2027,-5.36,36.209722,33.73916766,13.05458439
SierraCarboneraY5,2,2028,-5.36,36.209722,3.982498601,19.15207351
SierraCarboneraY5,2,2029,-5.36,36.209722,109.3393032,13.75003749
SierraCarboneraY5,2,2030,-5.36,36.209722,52.7497214,13.15426897
SierraCarboneraY5,2,2031,-5.36,36.209722,36.98701311,13.16404005
SierraCarboneraY5,2,2032,-5.36,36.209722,83.47499147,13.18983428
SierraCarboneraY5,2,2033,-5.36,36.209722,6.211673097,16.20361481
SierraCarboneraY5,2,2034,-5.36,36.209722,39.86085528,13.31590642
SierraCarboneraY5,2,2035,-5.36,36.209722,3.017092834,17.10372641
SierraCarboneraY5,2,2036,-5.36,36.209722,41.31163342,16.41458782
SierraCarboneraY5,2,2037,-5.36,36.209722,63.69505206,11.75916116
SierraCarboneraY5,2,2038,-5.36,36.209722,44.2500466,11.89224505
SierraCarboneraY5,2,2039,-5.36,36.209722,7.519027343,17.91934902
SierraCarboneraY5,2,2040,-5.36,36.209722,21.37125845,11.88285901
SierraCarboneraY5,2,2041,-5.36,36.209722,12.20232961,16.15583082
SierraCarboneraY5,2,2042,-5.36,36.209722,5.193737142,18.10212097
SierraCarboneraY5,2,2043,-5.36,36.209722,38.03176293,13.80122855
SierraCarboneraY5,2,2044,-5.36,36.209722,13.87306832,15.29949341
SierraCarboneraY5,2,2045,-5.36,36.209722,73.69899398,13.38610774
SierraCarboneraY5,2,2046,-5.36,36.209722,31.11692021,11.72497711
SierraCarboneraY5,2,2047,-5.36,36.209722,18.46390275,15.56415274
SierraCarboneraY5,2,2048,-5.36,36.209722,33.60406368,15.53599306
SierraCarboneraY5,2,2049,-5.36,36.209722,3.420293785,17.92996041
SierraCarboneraY5,2,2050,-5.36,36.209722,31.51459089,13.42756805
SierraCarboneraY5,2,2051,-5.36,36.209722,47.36270387,12.67746342
SierraCarboneraY5,2,2052,-5.36,36.209722,38.31291386,15.05512338
SierraCarboneraY5,2,2053,-5.36,36.209722,27.64035552,15.44180886
SierraCarboneraY5,2,2054,-5.36,36.209722,1.238324914,14.69081704
SierraCarboneraY5,2,2055,-5.36,36.209722,41.02320512,15.19086282
SierraCarboneraY5,2,2056,-5.36,36.209722,14.1349381,14.00679721
SierraCarboneraY5,2,2057,-5.36,36.209722,29.75616039,14.67676915
SierraCarboneraY5,2,2058,-5.36,36.209722,15.19345171,13.9183136
SierraCarboneraY5,2,2059,-5.36,36.209722,1.773494946,19.94941973
SierraCarboneraY5,2,2060,-5.36,36.209722,10.7399819,16.91478566
SierraCarboneraY5,2,2061,-5.36,36.209722,2.22988375,16.40461557
SierraCarboneraY5,2,2062,-5.36,36.209722,17.77798842,13.72879617
SierraCarboneraY5,2,2063,-5.36,36.209722,26.2782244,14.64788644
SierraCarboneraY5,2,2064,-5.36,36.209722,6.393649779,18.60786617
SierraCarboneraY5,2,2065,-5.36,36.209722,10.11374081,19.35372641
SierraCarboneraY5,2,2066,-5.36,36.209722,2.66746678,17.36077053
SierraCarboneraY5,2,2067,-5.36,36.209722,3.723698201,18.18328901
SierraCarboneraY5,2,2068,-5.36,36.209722,34.51148897,16.02246957
SierraCarboneraY5,2,2069,-5.36,36.209722,42.36405428,13.17243783
SierraCarboneraY5,2,2070,-5.36,36.209722,23.10114166,16.22956129
SierraCarboneraY5,2,2071,-5.36,36.209722,7.683422874,15.88303419
SierraCarboneraY5,2,2072,-5.36,36.209722,81.36074656,12.4333635
SierraCarboneraY5,2,2073,-5.36,36.209722,31.05660162,15.20925293
SierraCarboneraY5,2,2074,-5.36,36.209722,63.72351679,11.94283338
SierraCarboneraY5,2,2075,-5.36,36.209722,5.077408782,18.657821
SierraCarboneraY5,2,2076,-5.36,36.209722,2.727674548,18.3310128
SierraCarboneraY5,2,2077,-5.36,36.209722,3.564193828,17.12507891
SierraCarboneraY5,2,2078,-5.36,36.209722,34.2132874,15.78180302
SierraCarboneraY5,2,2079,-5.36,36.209722,11.22785919,15.08473794
SierraCarboneraY5,2,2080,-5.36,36.209722,41.86569636,15.01837179
SierraCarboneraY5,2,2081,-5.36,36.209722,3.036246829,18.63596606
SierraCarboneraY5,2,2082,-5.36,36.209722,27.19194534,15.07352055
SierraCarboneraY5,2,2083,-5.36,36.209722,13.24667414,17.34159895
SierraCarboneraY5,2,2084,-5.36,36.209722,9.546791149,15.69919686
SierraCarboneraY5,2,2085,-5.36,36.209722,23.00298136,14.00052468
SierraCarboneraY5,2,2086,-5.36,36.209722,1.590117889,16.89910278
SierraCarboneraY5,2,2087,-5.36,36.209722,77.81132366,14.90994524
SierraCarboneraY5,2,2088,-5.36,36.209722,2.430025805,21.47169989
SierraCarboneraY5,2,2089,-5.36,36.209722,11.60954042,17.26743251
SierraCarboneraY5,2,2090,-5.36,36.209722,33.36357444,15.75245492
SierraCarboneraY5,2,2091,-5.36,36.209722,34.05711415,17.56029445
SierraCarboneraY5,2,2092,-5.36,36.209722,12.91448622,17.41041744
SierraCarboneraY5,2,2093,-5.36,36.209722,10.77370415,19.69385463
SierraCarboneraY5,2,2094,-5.36,36.209722,23.53838052,16.55590428
SierraCarboneraY5,2,2095,-5.36,36.209722,73.78635141,16.44030805
SierraCarboneraY5,2,2096,-5.36,36.209722,35.01943861,18.72443595
SierraCarboneraY5,2,2097,-5.36,36.209722,22.32224953,17.31812112
SierraCarboneraY5,2,2098,-5.36,36.209722,5.351397064,16.21436789
SierraCarboneraY5,2,2099,-5.36,36.209722,71.71365464,15.17683454
SierraCarboneraY5,2,2100,-5.36,36.209722,65.26522506,16.59628448
SierraCarboneraY5,3,2015,-5.36,36.209722,26.45870958,17.18081744
SierraCarboneraY5,3,2016,-5.36,36.209722,19.43215064,15.7408337
SierraCarboneraY5,3,2017,-5.36,36.209722,105.5384878,16.24716856
SierraCarboneraY5,3,2018,-5.36,36.209722,7.535120798,19.12004611
SierraCarboneraY5,3,2019,-5.36,36.209722,168.0597814,9.664931562
SierraCarboneraY5,3,2020,-5.36,36.209722,23.4351824,19.67917835
SierraCarboneraY5,3,2021,-5.36,36.209722,15.21045902,19.6312628
SierraCarboneraY5,3,2022,-5.36,36.209722,71.33250881,14.00098326
SierraCarboneraY5,3,2023,-5.36,36.209722,69.5378161,15.17560976
SierraCarboneraY5,3,2024,-5.36,36.209722,15.77438575,21.08045989
SierraCarboneraY5,3,2025,-5.36,36.209722,146.6934402,12.40133254
SierraCarboneraY5,3,2026,-5.36,36.209722,13.70171538,19.43623972
SierraCarboneraY5,3,2027,-5.36,36.209722,15.76064008,17.38765574
SierraCarboneraY5,3,2028,-5.36,36.209722,30.7844919,18.54216821
SierraCarboneraY5,3,2029,-5.36,36.209722,48.52270679,15.60094112
SierraCarboneraY5,3,2030,-5.36,36.209722,67.51970454,13.7736086
SierraCarboneraY5,3,2031,-5.36,36.209722,26.11496125,18.27358005
SierraCarboneraY5,3,2032,-5.36,36.209722,46.23059434,11.31617077
SierraCarboneraY5,3,2033,-5.36,36.209722,38.6165762,20.04831799
SierraCarboneraY5,3,2034,-5.36,36.209722,70.75214019,16.73075601
SierraCarboneraY5,3,2035,-5.36,36.209722,75.38040349,14.70197301
SierraCarboneraY5,3,2036,-5.36,36.209722,10.38677296,18.16616605
SierraCarboneraY5,3,2037,-5.36,36.209722,54.92317319,14.91591305
SierraCarboneraY5,3,2038,-5.36,36.209722,29.31543225,17.67774796
SierraCarboneraY5,3,2039,-5.36,36.209722,21.73950002,17.05975617
SierraCarboneraY5,3,2040,-5.36,36.209722,85.46420567,11.17369109
SierraCarboneraY5,3,2041,-5.36,36.209722,73.94192973,15.06253623
SierraCarboneraY5,3,2042,-5.36,36.209722,19.76918234,22.45503757
SierraCarboneraY5,3,2043,-5.36,36.209722,9.013005929,23.30903557
SierraCarboneraY5,3,2044,-5.36,36.209722,72.09224914,13.4355644
SierraCarboneraY5,3,2045,-5.36,36.209722,34.82527783,15.32815926
SierraCarboneraY5,3,2046,-5.36,36.209722,29.22588556,13.52948471
SierraCarboneraY5,3,2047,-5.36,36.209722,16.57882865,19.72897615
SierraCarboneraY5,3,2048,-5.36,36.209722,71.42658278,14.22704271
SierraCarboneraY5,3,2049,-5.36,36.209722,3.845047498,22.51200502
SierraCarboneraY5,3,2050,-5.36,36.209722,37.15502091,18.59372716
SierraCarboneraY5,3,2051,-5.36,36.209722,52.52821149,16.43840549
SierraCarboneraY5,3,2052,-5.36,36.209722,67.39301501,16.73119802
SierraCarboneraY5,3,2053,-5.36,36.209722,108.3771368,17.42418331
SierraCarboneraY5,3,2054,-5.36,36.209722,11.44420286,20.84882655
SierraCarboneraY5,3,2055,-5.36,36.209722,13.50504863,21.78392157
SierraCarboneraY5,3,2056,-5.36,36.209722,12.84990747,19.77203842
SierraCarboneraY5,3,2057,-5.36,36.209722,5.597416947,20.82131249
SierraCarboneraY5,3,2058,-5.36,36.209722,30.45676001,16.64809373
SierraCarboneraY5,3,2059,-5.36,36.209722,52.8448476,15.75064559
SierraCarboneraY5,3,2060,-5.36,36.209722,40.69250205,13.69506226
SierraCarboneraY5,3,2061,-5.36,36.209722,58.22297291,17.51495834
SierraCarboneraY5,3,2062,-5.36,36.209722,27.52221808,18.82247019
SierraCarboneraY5,3,2063,-5.36,36.209722,31.12032769,17.40328861
SierraCarboneraY5,3,2064,-5.36,36.209722,16.47364152,19.28947675
SierraCarboneraY5,3,2065,-5.36,36.209722,35.71951917,21.82615888
SierraCarboneraY5,3,2066,-5.36,36.209722,45.86706753,17.67965088
SierraCarboneraY5,3,2067,-5.36,36.209722,18.51081409,18.35183795
SierraCarboneraY5,3,2068,-5.36,36.209722,5.69116061,22.16350708
SierraCarboneraY5,3,2069,-5.36,36.209722,8.855318825,20.63752087
SierraCarboneraY5,3,2070,-5.36,36.209722,8.033605454,20.31485556
SierraCarboneraY5,3,2071,-5.36,36.209722,24.83206966,20.73268354
SierraCarboneraY5,3,2072,-5.36,36.209722,45.55816777,19.01602153
SierraCarboneraY5,3,2073,-5.36,36.209722,62.51830533,16.42788775
SierraCarboneraY5,3,2074,-5.36,36.209722,9.726548565,17.33389656
SierraCarboneraY5,3,2075,-5.36,36.209722,6.195199961,21.98520961
SierraCarboneraY5,3,2076,-5.36,36.209722,40.30512606,22.80669753
SierraCarboneraY5,3,2077,-5.36,36.209722,17.87014649,20.22502264
SierraCarboneraY5,3,2078,-5.36,36.209722,38.83696675,16.96218065
SierraCarboneraY5,3,2079,-5.36,36.209722,12.57042902,24.94627607
SierraCarboneraY5,3,2080,-5.36,36.209722,69.04058665,18.39354662
SierraCarboneraY5,3,2081,-5.36,36.209722,38.41540191,18.00745889
SierraCarboneraY5,3,2082,-5.36,36.209722,70.28042363,19.47767078
SierraCarboneraY5,3,2083,-5.36,36.209722,28.30544857,21.67705098
SierraCarboneraY5,3,2084,-5.36,36.209722,4.927090843,20.28949939
SierraCarboneraY5,3,2085,-5.36,36.209722,20.48469606,20.81546001
SierraCarboneraY5,3,2086,-5.36,36.209722,21.81826285,23.67495216
SierraCarboneraY5,3,2087,-5.36,36.209722,93.96793793,18.30102618
SierraCarboneraY5,3,2088,-5.36,36.209722,39.73119022,21.05697218
SierraCarboneraY5,3,2089,-5.36,36.209722,91.21321279,17.27991786
SierraCarboneraY5,3,2090,-5.36,36.209722,4.370328119,23.084691
SierraCarboneraY5,3,2091,-5.36,36.209722,14.3436489,17.64252969
SierraCarboneraY5,3,2092,-5.36,36.209722,44.41100748,17.64765566
SierraCarboneraY5,3,2093,-5.36,36.209722,21.41733317,21.88523205
SierraCarboneraY5,3,2094,-5.36,36.209722,27.80416139,18.74489845
SierraCarboneraY5,3,2095,-5.36,36.209722,65.817161,18.22612817
SierraCarboneraY5,3,2096,-5.36,36.209722,74.42455975,16.97678971
SierraCarboneraY5,3,2097,-5.36,36.209722,2.791301916,23.27640538
SierraCarboneraY5,3,2098,-5.36,36.209722,118.6460272,17.52108647
SierraCarboneraY5,3,2099,-5.36,36.209722,23.95924836,18.0075278
SierraCarboneraY5,3,2100,-5.36,36.209722,56.03438192,15.37172458
SierraCarboneraY5,4,2015,-5.36,36.209722,87.86248798,19.57067362
SierraCarboneraY5,4,2016,-5.36,36.209722,35.79372671,22.69273275
SierraCarboneraY5,4,2017,-5.36,36.209722,57.44957881,17.03928324
SierraCarboneraY5,4,2018,-5.36,36.209722,116.2329407,15.29573669
SierraCarboneraY5,4,2019,-5.36,36.209722,32.65841101,21.55523071
SierraCarboneraY5,4,2020,-5.36,36.209722,67.45486354,18.47242839
SierraCarboneraY5,4,2021,-5.36,36.209722,18.54044087,22.83532003
SierraCarboneraY5,4,2022,-5.36,36.209722,82.88314428,18.75323385
SierraCarboneraY5,4,2023,-5.36,36.209722,146.8125136,18.43040365
SierraCarboneraY5,4,2024,-5.36,36.209722,88.62293252,19.52241516
SierraCarboneraY5,4,2025,-5.36,36.209722,13.78797552,19.15357768
SierraCarboneraY5,4,2026,-5.36,36.209722,43.43252509,20.88469747
SierraCarboneraY5,4,2027,-5.36,36.209722,82.54021006,18.10240479
SierraCarboneraY5,4,2028,-5.36,36.209722,20.22154302,24.53240763
SierraCarboneraY5,4,2029,-5.36,36.209722,22.24775606,19.30502828
SierraCarboneraY5,4,2030,-5.36,36.209722,64.52871006,17.10439657
SierraCarboneraY5,4,2031,-5.36,36.209722,24.26239004,21.84936218
SierraCarboneraY5,4,2032,-5.36,36.209722,138.2182586,14.94075724
SierraCarboneraY5,4,2033,-5.36,36.209722,99.22584133,22.43808289
SierraCarboneraY5,4,2034,-5.36,36.209722,81.70727469,18.81167908
SierraCarboneraY5,4,2035,-5.36,36.209722,36.99571673,18.95671488
SierraCarboneraY5,4,2036,-5.36,36.209722,37.83937474,19.47100932
SierraCarboneraY5,4,2037,-5.36,36.209722,26.32546598,22.57909953
SierraCarboneraY5,4,2038,-5.36,36.209722,147.8563954,18.43634338
SierraCarboneraY5,4,2039,-5.36,36.209722,45.27259524,20.05516561
SierraCarboneraY5,4,2040,-5.36,36.209722,9.039623157,23.76280009
SierraCarboneraY5,4,2041,-5.36,36.209722,22.86326513,21.83891703
SierraCarboneraY5,4,2042,-5.36,36.209722,33.94099231,23.18892008
SierraCarboneraY5,4,2043,-5.36,36.209722,68.25509976,20.97629089
SierraCarboneraY5,4,2044,-5.36,36.209722,57.16349507,20.90174561
SierraCarboneraY5,4,2045,-5.36,36.209722,68.51471261,20.91806539
SierraCarboneraY5,4,2046,-5.36,36.209722,48.68266468,20.55599772
SierraCarboneraY5,4,2047,-5.36,36.209722,89.76571564,20.65195414
SierraCarboneraY5,4,2048,-5.36,36.209722,32.67431126,20.17188924
SierraCarboneraY5,4,2049,-5.36,36.209722,46.36887444,21.48042806
SierraCarboneraY5,4,2050,-5.36,36.209722,33.19186743,20.6683075
SierraCarboneraY5,4,2051,-5.36,36.209722,73.62048062,21.68225911
SierraCarboneraY5,4,2052,-5.36,36.209722,60.74403183,22.77076721
SierraCarboneraY5,4,2053,-5.36,36.209722,39.06968157,20.5127655
SierraCarboneraY5,4,2054,-5.36,36.209722,53.49471236,19.25634664
SierraCarboneraY5,4,2055,-5.36,36.209722,12.10157535,22.74573873
SierraCarboneraY5,4,2056,-5.36,36.209722,26.57969131,21.82719218
SierraCarboneraY5,4,2057,-5.36,36.209722,35.13334241,22.13349813
SierraCarboneraY5,4,2058,-5.36,36.209722,50.59102623,23.98185221
SierraCarboneraY5,4,2059,-5.36,36.209722,54.59427416,19.80013123
SierraCarboneraY5,4,2060,-5.36,36.209722,33.47332407,21.47748515
SierraCarboneraY5,4,2061,-5.36,36.209722,136.0967294,18.39075216
SierraCarboneraY5,4,2062,-5.36,36.209722,30.01956779,21.12775269
SierraCarboneraY5,4,2063,-5.36,36.209722,64.88538922,23.11969096
SierraCarboneraY5,4,2064,-5.36,36.209722,77.5519317,17.18729451
SierraCarboneraY5,4,2065,-5.36,36.209722,27.688848,20.90126444
SierraCarboneraY5,4,2066,-5.36,36.209722,68.05680791,17.25269674
SierraCarboneraY5,4,2067,-5.36,36.209722,42.31006066,19.97169902
SierraCarboneraY5,4,2068,-5.36,36.209722,71.89572297,22.9223348
SierraCarboneraY5,4,2069,-5.36,36.209722,36.79719789,21.75903219
SierraCarboneraY5,4,2070,-5.36,36.209722,40.80958627,19.42858785
SierraCarboneraY5,4,2071,-5.36,36.209722,13.18293547,24.55962931
SierraCarboneraY5,4,2072,-5.36,36.209722,89.99401272,19.79191589
SierraCarboneraY5,4,2073,-5.36,36.209722,16.14808347,21.0318339
SierraCarboneraY5,4,2074,-5.36,36.209722,44.51140806,22.12667948
SierraCarboneraY5,4,2075,-5.36,36.209722,28.88782768,23.24069926
SierraCarboneraY5,4,2076,-5.36,36.209722,21.25901373,27.31565348
SierraCarboneraY5,4,2077,-5.36,36.209722,51.924381,22.47716064
SierraCarboneraY5,4,2078,-5.36,36.209722,49.24093729,18.44144389
SierraCarboneraY5,4,2079,-5.36,36.209722,14.72400152,24.79536947
SierraCarboneraY5,4,2080,-5.36,36.209722,39.60308983,25.24144897
SierraCarboneraY5,4,2081,-5.36,36.209722,23.26408011,26.90972392
SierraCarboneraY5,4,2082,-5.36,36.209722,49.25815387,20.59119568
SierraCarboneraY5,4,2083,-5.36,36.209722,56.75471463,22.762087
SierraCarboneraY5,4,2084,-5.36,36.209722,68.93207786,20.69569092
SierraCarboneraY5,4,2085,-5.36,36.209722,14.43230611,27.62428792
SierraCarboneraY5,4,2086,-5.36,36.209722,30.60147192,21.01143087
SierraCarboneraY5,4,2087,-5.36,36.209722,37.9137732,20.03645732
SierraCarboneraY5,4,2088,-5.36,36.209722,42.6447561,22.78858846
SierraCarboneraY5,4,2089,-5.36,36.209722,53.2581244,24.99601135
SierraCarboneraY5,4,2090,-5.36,36.209722,56.5441794,24.48395487
SierraCarboneraY5,4,2091,-5.36,36.209722,74.37811879,15.99112447
SierraCarboneraY5,4,2092,-5.36,36.209722,52.26855493,22.24474589
SierraCarboneraY5,4,2093,-5.36,36.209722,43.73127126,21.67102458
SierraCarboneraY5,4,2094,-5.36,36.209722,85.59098994,21.60351563
SierraCarboneraY5,4,2095,-5.36,36.209722,62.6663415,22.5458964
SierraCarboneraY5,4,2096,-5.36,36.209722,57.27413443,22.68220317
SierraCarboneraY5,4,2097,-5.36,36.209722,21.86820321,26.37398885
SierraCarboneraY5,4,2098,-5.36,36.209722,7.246157066,23.53695475
SierraCarboneraY5,4,2099,-5.36,36.209722,19.92059818,26.52759298
SierraCarboneraY5,4,2100,-5.36,36.209722,57.6123769,22.36635437
SierraCarboneraY5,5,2015,-5.36,36.209722,58.50697235,21.60629548
SierraCarboneraY5,5,2016,-5.36,36.209722,138.3513079,19.77156982
SierraCarboneraY5,5,2017,-5.36,36.209722,27.5489445,25.47255072
SierraCarboneraY5,5,2018,-5.36,36.209722,88.62303758,21.26040433
SierraCarboneraY5,5,2019,-5.36,36.209722,36.26992025,22.27579306
SierraCarboneraY5,5,2020,-5.36,36.209722,71.88665975,20.58899989
SierraCarboneraY5,5,2021,-5.36,36.209722,42.35509003,23.43939878
SierraCarboneraY5,5,2022,-5.36,36.209722,211.8972068,17.80828838
SierraCarboneraY5,5,2023,-5.36,36.209722,117.6029296,21.98580322
SierraCarboneraY5,5,2024,-5.36,36.209722,61.38524168,24.72121779
SierraCarboneraY5,5,2025,-5.36,36.209722,35.52987472,22.07111167
SierraCarboneraY5,5,2026,-5.36,36.209722,166.5812364,19.24651981
SierraCarboneraY5,5,2027,-5.36,36.209722,69.46527846,21.37927226
SierraCarboneraY5,5,2028,-5.36,36.209722,152.8606314,21.55990679
SierraCarboneraY5,5,2029,-5.36,36.209722,43.53405474,19.47316402
SierraCarboneraY5,5,2030,-5.36,36.209722,24.01178251,26.27144874
SierraCarboneraY5,5,2031,-5.36,36.209722,123.5393762,20.48302219
SierraCarboneraY5,5,2032,-5.36,36.209722,24.25704659,22.06738163
SierraCarboneraY5,5,2033,-5.36,36.209722,45.24487711,20.57099649
SierraCarboneraY5,5,2034,-5.36,36.209722,182.3882357,18.32079172
SierraCarboneraY5,5,2035,-5.36,36.209722,69.1253913,23.58211473
SierraCarboneraY5,5,2036,-5.36,36.209722,18.87312645,23.11432456
SierraCarboneraY5,5,2037,-5.36,36.209722,100.6629358,21.16413417
SierraCarboneraY5,5,2038,-5.36,36.209722,87.05578845,16.34321033
SierraCarboneraY5,5,2039,-5.36,36.209722,71.07853764,24.63311256
SierraCarboneraY5,5,2040,-5.36,36.209722,38.08209067,22.07991254
SierraCarboneraY5,5,2041,-5.36,36.209722,154.1057515,18.23390129
SierraCarboneraY5,5,2042,-5.36,36.209722,188.6427189,21.97253989
SierraCarboneraY5,5,2043,-5.36,36.209722,150.8958159,21.68403557
SierraCarboneraY5,5,2044,-5.36,36.209722,67.46099196,22.73804676
SierraCarboneraY5,5,2045,-5.36,36.209722,150.748228,23.64582559
SierraCarboneraY5,5,2046,-5.36,36.209722,39.82846048,21.70578869
SierraCarboneraY5,5,2047,-5.36,36.209722,86.18165064,22.50242152
SierraCarboneraY5,5,2048,-5.36,36.209722,323.682587,19.73470065
SierraCarboneraY5,5,2049,-5.36,36.209722,86.35707887,24.33043134
SierraCarboneraY5,5,2050,-5.36,36.209722,43.46663676,25.44300084
SierraCarboneraY5,5,2051,-5.36,36.209722,96.07221058,22.67675466
SierraCarboneraY5,5,2052,-5.36,36.209722,85.50285693,23.31927175
SierraCarboneraY5,5,2053,-5.36,36.209722,29.8770029,28.68845766
SierraCarboneraY5,5,2054,-5.36,36.209722,98.97931267,24.15765361
SierraCarboneraY5,5,2055,-5.36,36.209722,128.1420481,23.61253682
SierraCarboneraY5,5,2056,-5.36,36.209722,70.60894838,20.49379194
SierraCarboneraY5,5,2057,-5.36,36.209722,91.80428197,21.68944997
SierraCarboneraY5,5,2058,-5.36,36.209722,123.4541159,22.23545178
SierraCarboneraY5,5,2059,-5.36,36.209722,50.15906123,26.54707957
SierraCarboneraY5,5,2060,-5.36,36.209722,84.45015819,27.35008466
SierraCarboneraY5,5,2061,-5.36,36.209722,81.14730518,21.64845995
SierraCarboneraY5,5,2062,-5.36,36.209722,186.3312341,24.90653037
SierraCarboneraY5,5,2063,-5.36,36.209722,41.47550218,22.16215643
SierraCarboneraY5,5,2064,-5.36,36.209722,42.52060308,26.76644582
SierraCarboneraY5,5,2065,-5.36,36.209722,43.72690116,26.64478504
SierraCarboneraY5,5,2066,-5.36,36.209722,109.0226421,27.27146252
SierraCarboneraY5,5,2067,-5.36,36.209722,57.87019529,23.41695655
SierraCarboneraY5,5,2068,-5.36,36.209722,55.86815514,26.13302691
SierraCarboneraY5,5,2069,-5.36,36.209722,81.8964277,19.87207996
SierraCarboneraY5,5,2070,-5.36,36.209722,62.27860299,25.51956649
SierraCarboneraY5,5,2071,-5.36,36.209722,120.3991724,25.8618861
SierraCarboneraY5,5,2072,-5.36,36.209722,46.94324153,26.27910865
SierraCarboneraY5,5,2073,-5.36,36.209722,44.76553507,28.7691609
SierraCarboneraY5,5,2074,-5.36,36.209722,64.88351439,27.24511207
SierraCarboneraY5,5,2075,-5.36,36.209722,31.6262349,25.26304754
SierraCarboneraY5,5,2076,-5.36,36.209722,109.0523111,26.45874988
SierraCarboneraY5,5,2077,-5.36,36.209722,50.59997549,27.11236946
SierraCarboneraY5,5,2078,-5.36,36.209722,41.52823286,24.33674356
SierraCarboneraY5,5,2079,-5.36,36.209722,176.6556311,23.09266101
SierraCarboneraY5,5,2080,-5.36,36.209722,70.58164034,24.9142523
SierraCarboneraY5,5,2081,-5.36,36.209722,31.32554634,30.16621625
SierraCarboneraY5,5,2082,-5.36,36.209722,58.11653704,25.64277974
SierraCarboneraY5,5,2083,-5.36,36.209722,36.89573051,28.88497314
SierraCarboneraY5,5,2084,-5.36,36.209722,174.4798067,23.03086095
SierraCarboneraY5,5,2085,-5.36,36.209722,58.21868415,27.05727933
SierraCarboneraY5,5,2086,-5.36,36.209722,24.74122791,28.07571096
SierraCarboneraY5,5,2087,-5.36,36.209722,66.48398329,22.26243326
SierraCarboneraY5,5,2088,-5.36,36.209722,130.9211258,24.41585496
SierraCarboneraY5,5,2089,-5.36,36.209722,149.8192829,23.63888432
SierraCarboneraY5,5,2090,-5.36,36.209722,35.08903591,25.64143204
SierraCarboneraY5,5,2091,-5.36,36.209722,136.180243,24.60766287
SierraCarboneraY5,5,2092,-5.36,36.209722,209.2063419,17.81710304
SierraCarboneraY5,5,2093,-5.36,36.209722,41.67396689,27.26116825
SierraCarboneraY5,5,2094,-5.36,36.209722,57.97844757,22.27936657
SierraCarboneraY5,5,2095,-5.36,36.209722,162.8841436,20.11703964
SierraCarboneraY5,5,2096,-5.36,36.209722,99.80302305,25.663955
SierraCarboneraY5,5,2097,-5.36,36.209722,90.0503468,24.89924553
SierraCarboneraY5,5,2098,-5.36,36.209722,55.19391357,29.9289283
SierraCarboneraY5,5,2099,-5.36,36.209722,62.68349494,28.27200987
SierraCarboneraY5,5,2100,-5.36,36.209722,48.72335886,24.18601626
SierraCarboneraY5,6,2015,-5.36,36.209722,65.02207562,27.36278076
SierraCarboneraY5,6,2016,-5.36,36.209722,105.7720591,22.05162048
SierraCarboneraY5,6,2017,-5.36,36.209722,52.95637463,28.18379618
SierraCarboneraY5,6,2018,-5.36,36.209722,43.99578635,24.93464152
SierraCarboneraY5,6,2019,-5.36,36.209722,93.37965096,27.26351827
SierraCarboneraY5,6,2020,-5.36,36.209722,141.4502851,27.50091044
SierraCarboneraY5,6,2021,-5.36,36.209722,81.98725118,26.01781006
SierraCarboneraY5,6,2022,-5.36,36.209722,103.270846,20.19614563
SierraCarboneraY5,6,2023,-5.36,36.209722,121.3787989,24.63379008
SierraCarboneraY5,6,2024,-5.36,36.209722,89.56628884,26.50597331
SierraCarboneraY5,6,2025,-5.36,36.209722,93.80588898,26.98196004
SierraCarboneraY5,6,2026,-5.36,36.209722,58.83480749,27.22653605
SierraCarboneraY5,6,2027,-5.36,36.209722,80.5848135,22.64336344
SierraCarboneraY5,6,2028,-5.36,36.209722,54.74103249,26.56425781
SierraCarboneraY5,6,2029,-5.36,36.209722,190.3887356,24.0565094
SierraCarboneraY5,6,2030,-5.36,36.209722,76.5893831,26.80871684
SierraCarboneraY5,6,2031,-5.36,36.209722,87.75875283,27.03983154
SierraCarboneraY5,6,2032,-5.36,36.209722,112.908465,26.19483439
SierraCarboneraY5,6,2033,-5.36,36.209722,49.4912098,27.81958313
SierraCarboneraY5,6,2034,-5.36,36.209722,49.902306,28.17304993
SierraCarboneraY5,6,2035,-5.36,36.209722,68.4432159,25.72252197
SierraCarboneraY5,6,2036,-5.36,36.209722,95.37708534,28.37675781
SierraCarboneraY5,6,2037,-5.36,36.209722,137.6256641,24.86460673
SierraCarboneraY5,6,2038,-5.36,36.209722,50.56450606,27.8595459
SierraCarboneraY5,6,2039,-5.36,36.209722,97.14923529,29.34813741
SierraCarboneraY5,6,2040,-5.36,36.209722,63.84338615,29.60387573
SierraCarboneraY5,6,2041,-5.36,36.209722,86.25601513,24.72249959
SierraCarboneraY5,6,2042,-5.36,36.209722,43.18108,27.27174072
SierraCarboneraY5,6,2043,-5.36,36.209722,79.0065604,28.05234578
SierraCarboneraY5,6,2044,-5.36,36.209722,24.46292926,28.18286438
SierraCarboneraY5,6,2045,-5.36,36.209722,113.4771025,28.19390462
SierraCarboneraY5,6,2046,-5.36,36.209722,60.07813752,28.74308065
SierraCarboneraY5,6,2047,-5.36,36.209722,68.20255923,28.39170125
SierraCarboneraY5,6,2048,-5.36,36.209722,94.64614616,22.35031738
SierraCarboneraY5,6,2049,-5.36,36.209722,103.3846409,26.76169128
SierraCarboneraY5,6,2050,-5.36,36.209722,67.81809187,29.01478475
SierraCarboneraY5,6,2051,-5.36,36.209722,102.0779762,27.1407959
SierraCarboneraY5,6,2052,-5.36,36.209722,55.84193237,25.69975891
SierraCarboneraY5,6,2053,-5.36,36.209722,273.6467403,27.82781982
SierraCarboneraY5,6,2054,-5.36,36.209722,49.70311989,27.05073242
SierraCarboneraY5,6,2055,-5.36,36.209722,81.23962428,25.67949015
SierraCarboneraY5,6,2056,-5.36,36.209722,71.73594912,28.1911733
SierraCarboneraY5,6,2057,-5.36,36.209722,62.71494995,28.4851003
SierraCarboneraY5,6,2058,-5.36,36.209722,51.84098854,27.00781657
SierraCarboneraY5,6,2059,-5.36,36.209722,154.4920027,28.35033061
SierraCarboneraY5,6,2060,-5.36,36.209722,127.7266344,27.0344635
SierraCarboneraY5,6,2061,-5.36,36.209722,39.87104474,29.68833313
SierraCarboneraY5,6,2062,-5.36,36.209722,69.73538671,23.85950623
SierraCarboneraY5,6,2063,-5.36,36.209722,53.83677731,29.14246521
SierraCarboneraY5,6,2064,-5.36,36.209722,116.5859344,29.04710592
SierraCarboneraY5,6,2065,-5.36,36.209722,51.11493377,28.57959493
SierraCarboneraY5,6,2066,-5.36,36.209722,106.1240813,27.66340027
SierraCarboneraY5,6,2067,-5.36,36.209722,108.498729,26.09935099
SierraCarboneraY5,6,2068,-5.36,36.209722,205.36812,28.80492655
SierraCarboneraY5,6,2069,-5.36,36.209722,119.0087315,26.24837138
SierraCarboneraY5,6,2070,-5.36,36.209722,64.99962891,29.55285034
SierraCarboneraY5,6,2071,-5.36,36.209722,59.59139343,28.58878886
SierraCarboneraY5,6,2072,-5.36,36.209722,118.0505916,28.56635335
SierraCarboneraY5,6,2073,-5.36,36.209722,213.5656878,28.00326233
SierraCarboneraY5,6,2074,-5.36,36.209722,263.5225136,25.44019979
SierraCarboneraY5,6,2075,-5.36,36.209722,128.0955849,29.34224243
SierraCarboneraY5,6,2076,-5.36,36.209722,164.681577,28.2864329
SierraCarboneraY5,6,2077,-5.36,36.209722,105.7536216,30.00775757
SierraCarboneraY5,6,2078,-5.36,36.209722,87.22604917,28.55781453
SierraCarboneraY5,6,2079,-5.36,36.209722,107.1500672,29.15690308
SierraCarboneraY5,6,2080,-5.36,36.209722,71.20039291,28.8391805
SierraCarboneraY5,6,2081,-5.36,36.209722,121.8464228,29.2784963
SierraCarboneraY5,6,2082,-5.36,36.209722,83.82742524,28.88287354
SierraCarboneraY5,6,2083,-5.36,36.209722,46.43140206,30.46647441
SierraCarboneraY5,6,2084,-5.36,36.209722,108.7623716,27.75553894
SierraCarboneraY5,6,2085,-5.36,36.209722,61.08409855,31.73824565
SierraCarboneraY5,6,2086,-5.36,36.209722,120.4340199,26.52363688
SierraCarboneraY5,6,2087,-5.36,36.209722,129.0581286,30.18581136
SierraCarboneraY5,6,2088,-5.36,36.209722,106.1529854,26.95941772
SierraCarboneraY5,6,2089,-5.36,36.209722,70.64678834,28.30250956
SierraCarboneraY5,6,2090,-5.36,36.209722,135.8446835,27.33485819
SierraCarboneraY5,6,2091,-5.36,36.209722,84.70816733,31.70746257
SierraCarboneraY5,6,2092,-5.36,36.209722,99.13115991,28.89022522
SierraCarboneraY5,6,2093,-5.36,36.209722,266.0208297,27.43182475
SierraCarboneraY5,6,2094,-5.36,36.209722,64.5652692,32.04562378
SierraCarboneraY5,6,2095,-5.36,36.209722,47.86248485,29.12627563
SierraCarboneraY5,6,2096,-5.36,36.209722,100.3021906,29.72119751
SierraCarboneraY5,6,2097,-5.36,36.209722,125.3675727,30.97142639
SierraCarboneraY5,6,2098,-5.36,36.209722,186.3437394,29.10294698
SierraCarboneraY5,6,2099,-5.36,36.209722,194.7813587,27.31389567
SierraCarboneraY5,6,2100,-5.36,36.209722,73.06521979,32.16689758
SierraCarboneraY5,7,2015,-5.36,36.209722,45.05125663,32.24889329
SierraCarboneraY5,7,2016,-5.36,36.209722,122.1238722,28.84056515
SierraCarboneraY5,7,2017,-5.36,36.209722,49.41304877,31.69620027
SierraCarboneraY5,7,2018,-5.36,36.209722,103.535482,30.40673316
SierraCarboneraY5,7,2019,-5.36,36.209722,55.73107892,30.89425935
SierraCarboneraY5,7,2020,-5.36,36.209722,86.76051974,29.89248145
SierraCarboneraY5,7,2021,-5.36,36.209722,113.4036428,31.37604823
SierraCarboneraY5,7,2022,-5.36,36.209722,49.93437064,31.26061992
SierraCarboneraY5,7,2023,-5.36,36.209722,109.7349308,27.69992144
SierraCarboneraY5,7,2024,-5.36,36.209722,79.44941846,32.91988132
SierraCarboneraY5,7,2025,-5.36,36.209722,102.2722371,31.76628044
SierraCarboneraY5,7,2026,-5.36,36.209722,75.76580291,32.74622645
SierraCarboneraY5,7,2027,-5.36,36.209722,52.19703916,31.82512424
SierraCarboneraY5,7,2028,-5.36,36.209722,111.7422239,31.39293233
SierraCarboneraY5,7,2029,-5.36,36.209722,59.79149348,29.90450439
SierraCarboneraY5,7,2030,-5.36,36.209722,65.36251554,34.00753961
SierraCarboneraY5,7,2031,-5.36,36.209722,116.4973814,32.28933598
SierraCarboneraY5,7,2032,-5.36,36.209722,55.15913379,29.84560055
SierraCarboneraY5,7,2033,-5.36,36.209722,41.07522805,31.86024603
SierraCarboneraY5,7,2034,-5.36,36.209722,103.4365099,29.95746224
SierraCarboneraY5,7,2035,-5.36,36.209722,147.2266471,30.48364632
SierraCarboneraY5,7,2036,-5.36,36.209722,56.24751431,32.27286731
SierraCarboneraY5,7,2037,-5.36,36.209722,69.34635807,31.55461544
SierraCarboneraY5,7,2038,-5.36,36.209722,51.72497496,32.76675297
SierraCarboneraY5,7,2039,-5.36,36.209722,73.2819168,33.41194675
SierraCarboneraY5,7,2040,-5.36,36.209722,120.0973992,29.32339852
SierraCarboneraY5,7,2041,-5.36,36.209722,58.49894244,30.62692044
SierraCarboneraY5,7,2042,-5.36,36.209722,46.2241658,33.4123543
SierraCarboneraY5,7,2043,-5.36,36.209722,89.82254262,33.13799537
SierraCarboneraY5,7,2044,-5.36,36.209722,50.79247153,31.83885026
SierraCarboneraY5,7,2045,-5.36,36.209722,75.24543398,32.27850125
SierraCarboneraY5,7,2046,-5.36,36.209722,45.6709581,31.77167713
SierraCarboneraY5,7,2047,-5.36,36.209722,64.86022873,32.52726775
SierraCarboneraY5,7,2048,-5.36,36.209722,38.81596466,30.95882667
SierraCarboneraY5,7,2049,-5.36,36.209722,130.7178477,30.89594175
SierraCarboneraY5,7,2050,-5.36,36.209722,91.11240421,31.30678514
SierraCarboneraY5,7,2051,-5.36,36.209722,87.38170513,32.79405636
SierraCarboneraY5,7,2052,-5.36,36.209722,58.1318449,33.53016594
SierraCarboneraY5,7,2053,-5.36,36.209722,106.9058542,29.75373082
SierraCarboneraY5,7,2054,-5.36,36.209722,96.24947358,33.35820037
SierraCarboneraY5,7,2055,-5.36,36.209722,37.32546073,32.67414492
SierraCarboneraY5,7,2056,-5.36,36.209722,63.73396168,33.57778616
SierraCarboneraY5,7,2057,-5.36,36.209722,50.34589323,33.63474574
SierraCarboneraY5,7,2058,-5.36,36.209722,50.51577399,34.03094955
SierraCarboneraY5,7,2059,-5.36,36.209722,56.53100131,32.87664283
SierraCarboneraY5,7,2060,-5.36,36.209722,68.41922771,32.83615191
SierraCarboneraY5,7,2061,-5.36,36.209722,74.86542071,33.37883222
SierraCarboneraY5,7,2062,-5.36,36.209722,88.28173686,32.45699857
SierraCarboneraY5,7,2063,-5.36,36.209722,87.00836107,34.3799279
SierraCarboneraY5,7,2064,-5.36,36.209722,83.99385291,34.67037944
SierraCarboneraY5,7,2065,-5.36,36.209722,127.4310797,32.39025859
SierraCarboneraY5,7,2066,-5.36,36.209722,48.86908607,33.12091537
SierraCarboneraY5,7,2067,-5.36,36.209722,89.00362207,32.22923899
SierraCarboneraY5,7,2068,-5.36,36.209722,49.54871564,34.00135833
SierraCarboneraY5,7,2069,-5.36,36.209722,64.76144322,33.60570679
SierraCarboneraY5,7,2070,-5.36,36.209722,67.23807051,33.08290917
SierraCarboneraY5,7,2071,-5.36,36.209722,70.24851451,34.21290126
SierraCarboneraY5,7,2072,-5.36,36.209722,48.5166911,33.75860281
SierraCarboneraY5,7,2073,-5.36,36.209722,76.86792744,33.87937858
SierraCarboneraY5,7,2074,-5.36,36.209722,61.29141393,31.50432838
SierraCarboneraY5,7,2075,-5.36,36.209722,89.54732181,32.4493613
SierraCarboneraY5,7,2076,-5.36,36.209722,35.3418931,34.74258502
SierraCarboneraY5,7,2077,-5.36,36.209722,48.01197496,35.22108883
SierraCarboneraY5,7,2078,-5.36,36.209722,93.60284125,33.62515042
SierraCarboneraY5,7,2079,-5.36,36.209722,74.0447155,34.70167473
SierraCarboneraY5,7,2080,-5.36,36.209722,81.44629253,34.29445407
SierraCarboneraY5,7,2081,-5.36,36.209722,62.38942104,33.54752945
SierraCarboneraY5,7,2082,-5.36,36.209722,79.0525583,32.49800533
SierraCarboneraY5,7,2083,-5.36,36.209722,57.43091232,35.10670993
SierraCarboneraY5,7,2084,-5.36,36.209722,100.8402605,33.04505458
SierraCarboneraY5,7,2085,-5.36,36.209722,65.89528028,36.16141909
SierraCarboneraY5,7,2086,-5.36,36.209722,79.0368894,34.40197242
SierraCarboneraY5,7,2087,-5.36,36.209722,39.43693824,33.91791835
SierraCarboneraY5,7,2088,-5.36,36.209722,96.65361648,31.31712765
SierraCarboneraY5,7,2089,-5.36,36.209722,62.0676125,35.91138069
SierraCarboneraY5,7,2090,-5.36,36.209722,95.90241479,34.4616018
SierraCarboneraY5,7,2091,-5.36,36.209722,25.60456151,36.44315442
SierraCarboneraY5,7,2092,-5.36,36.209722,103.3447833,33.41029683
SierraCarboneraY5,7,2093,-5.36,36.209722,136.9004218,31.233983
SierraCarboneraY5,7,2094,-5.36,36.209722,60.79304474,36.96313358
SierraCarboneraY5,7,2095,-5.36,36.209722,79.2626778,33.7483804
SierraCarboneraY5,7,2096,-5.36,36.209722,69.09825179,35.80905033
SierraCarboneraY5,7,2097,-5.36,36.209722,100.525059,33.58147091
SierraCarboneraY5,7,2098,-5.36,36.209722,127.496706,30.93401686
SierraCarboneraY5,7,2099,-5.36,36.209722,77.1847597,35.79147418
SierraCarboneraY5,7,2100,-5.36,36.209722,88.08131381,35.38181901
SierraCarboneraY5,8,2015,-5.36,36.209722,41.83775883,30.42531935
SierraCarboneraY5,8,2016,-5.36,36.209722,43.15745927,30.04665429
SierraCarboneraY5,8,2017,-5.36,36.209722,32.5334791,31.87476452
SierraCarboneraY5,8,2018,-5.36,36.209722,67.08083916,31.69016468
SierraCarboneraY5,8,2019,-5.36,36.209722,67.31387255,30.3365447
SierraCarboneraY5,8,2020,-5.36,36.209722,41.67990327,31.60875658
SierraCarboneraY5,8,2021,-5.36,36.209722,54.85988321,30.75645673
SierraCarboneraY5,8,2022,-5.36,36.209722,50.93612633,30.93096313
SierraCarboneraY5,8,2023,-5.36,36.209722,60.06139751,30.35454909
SierraCarboneraY5,8,2024,-5.36,36.209722,47.5099074,33.12743235
SierraCarboneraY5,8,2025,-5.36,36.209722,88.67588941,30.3895813
SierraCarboneraY5,8,2026,-5.36,36.209722,38.85043337,32.6278153
SierraCarboneraY5,8,2027,-5.36,36.209722,70.090482,32.66594061
SierraCarboneraY5,8,2028,-5.36,36.209722,74.07159625,30.49609355
SierraCarboneraY5,8,2029,-5.36,36.209722,80.4832178,31.30037251
SierraCarboneraY5,8,2030,-5.36,36.209722,67.02552881,31.83528561
SierraCarboneraY5,8,2031,-5.36,36.209722,88.34221825,28.6742158
SierraCarboneraY5,8,2032,-5.36,36.209722,40.12444676,32.48714107
SierraCarboneraY5,8,2033,-5.36,36.209722,97.81274705,30.58490463
SierraCarboneraY5,8,2034,-5.36,36.209722,70.11057266,31.4061612
SierraCarboneraY5,8,2035,-5.36,36.209722,58.17633891,31.69618452
SierraCarboneraY5,8,2036,-5.36,36.209722,48.8816005,32.52635321
SierraCarboneraY5,8,2037,-5.36,36.209722,39.67178683,32.73738226
SierraCarboneraY5,8,2038,-5.36,36.209722,49.94267092,33.09458461
SierraCarboneraY5,8,2039,-5.36,36.209722,41.86560986,31.9245131
SierraCarboneraY5,8,2040,-5.36,36.209722,67.55184636,31.9629997
SierraCarboneraY5,8,2041,-5.36,36.209722,28.51184681,33.61399969
SierraCarboneraY5,8,2042,-5.36,36.209722,58.58868474,33.63839407
SierraCarboneraY5,8,2043,-5.36,36.209722,56.83644557,31.61947809
SierraCarboneraY5,8,2044,-5.36,36.209722,47.492446,32.87984718
SierraCarboneraY5,8,2045,-5.36,36.209722,46.22624309,32.66620838
SierraCarboneraY5,8,2046,-5.36,36.209722,26.99867517,33.21715403
SierraCarboneraY5,8,2047,-5.36,36.209722,67.51419858,31.80500429
SierraCarboneraY5,8,2048,-5.36,36.209722,84.60786047,31.86166756
SierraCarboneraY5,8,2049,-5.36,36.209722,55.38199514,32.41987147
SierraCarboneraY5,8,2050,-5.36,36.209722,95.59774243,32.21661456
SierraCarboneraY5,8,2051,-5.36,36.209722,46.77420641,33.17098881
SierraCarboneraY5,8,2052,-5.36,36.209722,43.92399407,32.86053349
SierraCarboneraY5,8,2053,-5.36,36.209722,48.88072948,32.22267082
SierraCarboneraY5,8,2054,-5.36,36.209722,80.20073315,32.14980173
SierraCarboneraY5,8,2055,-5.36,36.209722,59.4642471,31.9536121
SierraCarboneraY5,8,2056,-5.36,36.209722,58.51092597,34.00658865
SierraCarboneraY5,8,2057,-5.36,36.209722,17.74451209,34.36640172
SierraCarboneraY5,8,2058,-5.36,36.209722,63.93054022,32.86830267
SierraCarboneraY5,8,2059,-5.36,36.209722,75.20948748,33.87467297
SierraCarboneraY5,8,2060,-5.36,36.209722,48.2037532,33.58932475
SierraCarboneraY5,8,2061,-5.36,36.209722,37.9945297,32.10443292
SierraCarboneraY5,8,2062,-5.36,36.209722,55.1195098,34.78773331
SierraCarboneraY5,8,2063,-5.36,36.209722,69.29281219,32.78969431
SierraCarboneraY5,8,2064,-5.36,36.209722,79.63222459,32.91057838
SierraCarboneraY5,8,2065,-5.36,36.209722,61.5613396,32.85134376
SierraCarboneraY5,8,2066,-5.36,36.209722,46.96562246,34.30104685
SierraCarboneraY5,8,2067,-5.36,36.209722,77.55575678,32.78130395
SierraCarboneraY5,8,2068,-5.36,36.209722,42.29738009,33.68924029
SierraCarboneraY5,8,2069,-5.36,36.209722,71.96428118,34.24438162
SierraCarboneraY5,8,2070,-5.36,36.209722,49.9813137,34.47143043
SierraCarboneraY5,8,2071,-5.36,36.209722,146.9417798,29.79671729
SierraCarboneraY5,8,2072,-5.36,36.209722,76.71849374,32.84513589
SierraCarboneraY5,8,2073,-5.36,36.209722,55.83753043,35.21116865
SierraCarboneraY5,8,2074,-5.36,36.209722,97.5572221,31.79540307
SierraCarboneraY5,8,2075,-5.36,36.209722,76.82644108,33.7621773
SierraCarboneraY5,8,2076,-5.36,36.209722,112.1648753,31.60353905
SierraCarboneraY5,8,2077,-5.36,36.209722,37.60499609,34.80974141
SierraCarboneraY5,8,2078,-5.36,36.209722,34.98501832,36.6941172
SierraCarboneraY5,8,2079,-5.36,36.209722,73.18329396,34.03778056
SierraCarboneraY5,8,2080,-5.36,36.209722,24.36080073,35.93812492
SierraCarboneraY5,8,2081,-5.36,36.209722,61.62762036,35.28378375
SierraCarboneraY5,8,2082,-5.36,36.209722,112.5383305,34.39099692
SierraCarboneraY5,8,2083,-5.36,36.209722,77.81891172,35.78446301
SierraCarboneraY5,8,2084,-5.36,36.209722,52.62291668,34.39266456
SierraCarboneraY5,8,2085,-5.36,36.209722,23.46520127,34.81469707
SierraCarboneraY5,8,2086,-5.36,36.209722,57.83993446,34.05648095
SierraCarboneraY5,8,2087,-5.36,36.209722,62.65617859,34.47687043
SierraCarboneraY5,8,2088,-5.36,36.209722,57.64871242,34.10197478
SierraCarboneraY5,8,2089,-5.36,36.209722,21.81429013,35.2609625
SierraCarboneraY5,8,2090,-5.36,36.209722,67.70219042,34.95781368
SierraCarboneraY5,8,2091,-5.36,36.209722,39.88023855,37.03101649
SierraCarboneraY5,8,2092,-5.36,36.209722,63.1659767,35.72166276
SierraCarboneraY5,8,2093,-5.36,36.209722,70.22717558,33.9651379
SierraCarboneraY5,8,2094,-5.36,36.209722,32.60826814,37.79903761
SierraCarboneraY5,8,2095,-5.36,36.209722,70.97092704,34.49394354
SierraCarboneraY5,8,2096,-5.36,36.209722,47.94325884,36.58296332
SierraCarboneraY5,8,2097,-5.36,36.209722,68.89456809,35.74818745
SierraCarboneraY5,8,2098,-5.36,36.209722,19.31008772,34.46412393
SierraCarboneraY5,8,2099,-5.36,36.209722,93.07765193,31.97825751
SierraCarboneraY5,8,2100,-5.36,36.209722,41.48693801,36.60812752
SierraCarboneraY5,9,2015,-5.36,36.209722,101.6221289,26.65684611
SierraCarboneraY5,9,2016,-5.36,36.209722,101.5264416,25.19356079
SierraCarboneraY5,9,2017,-5.36,36.209722,61.19479391,28.7271108
SierraCarboneraY5,9,2018,-5.36,36.209722,76.41637476,24.88515727
SierraCarboneraY5,9,2019,-5.36,36.209722,59.47277451,27.99203796
SierraCarboneraY5,9,2020,-5.36,36.209722,72.98402464,26.14356893
SierraCarboneraY5,9,2021,-5.36,36.209722,55.60491611,25.21778768
SierraCarboneraY5,9,2022,-5.36,36.209722,120.6651472,25.70561523
SierraCarboneraY5,9,2023,-5.36,36.209722,53.89875519,26.86835531
SierraCarboneraY5,9,2024,-5.36,36.209722,99.81015346,25.71776428
SierraCarboneraY5,9,2025,-5.36,36.209722,103.7925949,23.91383565
SierraCarboneraY5,9,2026,-5.36,36.209722,88.07208951,25.6744161
SierraCarboneraY5,9,2027,-5.36,36.209722,32.26833542,26.74070129
SierraCarboneraY5,9,2028,-5.36,36.209722,71.0164338,26.83994242
SierraCarboneraY5,9,2029,-5.36,36.209722,57.42919552,26.35091451
SierraCarboneraY5,9,2030,-5.36,36.209722,117.4977813,26.55979614
SierraCarboneraY5,9,2031,-5.36,36.209722,51.95467575,26.08223368
SierraCarboneraY5,9,2032,-5.36,36.209722,85.12267597,26.11966654
SierraCarboneraY5,9,2033,-5.36,36.209722,128.2537336,24.10019938
SierraCarboneraY5,9,2034,-5.36,36.209722,67.21217132,25.83168742
SierraCarboneraY5,9,2035,-5.36,36.209722,42.1760342,27.00574341
SierraCarboneraY5,9,2036,-5.36,36.209722,108.5968854,24.40023397
SierraCarboneraY5,9,2037,-5.36,36.209722,36.51960796,28.3229421
SierraCarboneraY5,9,2038,-5.36,36.209722,78.65850171,25.96999003
SierraCarboneraY5,9,2039,-5.36,36.209722,67.87967742,26.90432027
SierraCarboneraY5,9,2040,-5.36,36.209722,67.40876886,25.45624084
SierraCarboneraY5,9,2041,-5.36,36.209722,72.63093528,27.72121175
SierraCarboneraY5,9,2042,-5.36,36.209722,117.7971147,25.73380839
SierraCarboneraY5,9,2043,-5.36,36.209722,82.10174254,25.69419556
SierraCarboneraY5,9,2044,-5.36,36.209722,47.11802663,29.28228556
SierraCarboneraY5,9,2045,-5.36,36.209722,52.19943061,26.68302104
SierraCarboneraY5,9,2046,-5.36,36.209722,48.01786855,28.64653625
SierraCarboneraY5,9,2047,-5.36,36.209722,168.1690489,24.94240723
SierraCarboneraY5,9,2048,-5.36,36.209722,53.00510316,27.28094889
SierraCarboneraY5,9,2049,-5.36,36.209722,89.11020615,26.37019043
SierraCarboneraY5,9,2050,-5.36,36.209722,98.041837,26.22377218
SierraCarboneraY5,9,2051,-5.36,36.209722,52.63869645,27.66639201
SierraCarboneraY5,9,2052,-5.36,36.209722,73.36385971,28.29583537
SierraCarboneraY5,9,2053,-5.36,36.209722,123.6422807,26.8329539
SierraCarboneraY5,9,2054,-5.36,36.209722,71.63740398,28.92102661
SierraCarboneraY5,9,2055,-5.36,36.209722,81.01839283,26.84522909
SierraCarboneraY5,9,2056,-5.36,36.209722,49.15041395,27.4591746
SierraCarboneraY5,9,2057,-5.36,36.209722,45.93323179,28.9748057
SierraCarboneraY5,9,2058,-5.36,36.209722,82.11306749,26.09436239
SierraCarboneraY5,9,2059,-5.36,36.209722,62.22505912,29.27229513
SierraCarboneraY5,9,2060,-5.36,36.209722,166.7433698,24.83260295
SierraCarboneraY5,9,2061,-5.36,36.209722,103.7542049,28.3188385
SierraCarboneraY5,9,2062,-5.36,36.209722,102.5338323,29.48455607
SierraCarboneraY5,9,2063,-5.36,36.209722,47.36068349,28.07701721
SierraCarboneraY5,9,2064,-5.36,36.209722,46.33463034,27.6907725
SierraCarboneraY5,9,2065,-5.36,36.209722,67.64405503,29.28123169
SierraCarboneraY5,9,2066,-5.36,36.209722,69.97399406,29.47034505
SierraCarboneraY5,9,2067,-5.36,36.209722,113.0937652,26.75270589
SierraCarboneraY5,9,2068,-5.36,36.209722,36.30801067,28.56176554
SierraCarboneraY5,9,2069,-5.36,36.209722,72.02034124,28.3122996
SierraCarboneraY5,9,2070,-5.36,36.209722,69.84009782,28.92534078
SierraCarboneraY5,9,2071,-5.36,36.209722,58.27475327,29.99298197
SierraCarboneraY5,9,2072,-5.36,36.209722,39.63696374,28.46964722
SierraCarboneraY5,9,2073,-5.36,36.209722,55.96279252,29.71316325
SierraCarboneraY5,9,2074,-5.36,36.209722,164.9976925,26.80036723
SierraCarboneraY5,9,2075,-5.36,36.209722,111.2992217,28.88324585
SierraCarboneraY5,9,2076,-5.36,36.209722,108.3275639,26.29450989
SierraCarboneraY5,9,2077,-5.36,36.209722,187.0522807,23.95023499
SierraCarboneraY5,9,2078,-5.36,36.209722,37.40463215,32.06572266
SierraCarboneraY5,9,2079,-5.36,36.209722,63.77799911,28.7604126
SierraCarboneraY5,9,2080,-5.36,36.209722,47.45616018,30.32178446
SierraCarboneraY5,9,2081,-5.36,36.209722,127.0703366,26.30270793
SierraCarboneraY5,9,2082,-5.36,36.209722,68.67423841,29.0265981
SierraCarboneraY5,9,2083,-5.36,36.209722,109.5465795,30.44188639
SierraCarboneraY5,9,2084,-5.36,36.209722,47.65065827,29.01198425
SierraCarboneraY5,9,2085,-5.36,36.209722,46.5481941,29.59851786
SierraCarboneraY5,9,2086,-5.36,36.209722,72.60470912,29.87734172
SierraCarboneraY5,9,2087,-5.36,36.209722,67.74014072,30.61467997
SierraCarboneraY5,9,2088,-5.36,36.209722,36.12057016,29.26948954
SierraCarboneraY5,9,2089,-5.36,36.209722,42.96160661,31.1569519
SierraCarboneraY5,9,2090,-5.36,36.209722,38.7324951,29.89252726
SierraCarboneraY5,9,2091,-5.36,36.209722,17.75889001,31.22068176
SierraCarboneraY5,9,2092,-5.36,36.209722,57.09618191,29.08295797
SierraCarboneraY5,9,2093,-5.36,36.209722,27.68452271,29.10314331
SierraCarboneraY5,9,2094,-5.36,36.209722,77.91010242,31.40940145
SierraCarboneraY5,9,2095,-5.36,36.209722,44.66274356,30.1498291
SierraCarboneraY5,9,2096,-5.36,36.209722,101.6065497,29.14754232
SierraCarboneraY5,9,2097,-5.36,36.209722,54.61990181,30.45243123
SierraCarboneraY5,9,2098,-5.36,36.209722,158.7749492,28.86553548
SierraCarboneraY5,9,2099,-5.36,36.209722,197.7296789,27.07234904
SierraCarboneraY5,9,2100,-5.36,36.209722,28.62930108,30.10253194
SierraPlata,1,2015,-5.788333,36.107778,6.164272203,10.9335335
SierraPlata,1,2016,-5.788333,36.107778,65.3406584,10.33381092
SierraPlata,1,2017,-5.788333,36.107778,13.37374009,14.78664354
SierraPlata,1,2018,-5.788333,36.107778,31.78027838,11.07513605
SierraPlata,1,2019,-5.788333,36.107778,13.45057078,12.99073624
SierraPlata,1,2020,-5.788333,36.107778,17.4865033,12.13729346
SierraPlata,1,2021,-5.788333,36.107778,9.886489123,12.41431727
SierraPlata,1,2022,-5.788333,36.107778,124.2723979,9.321541866
SierraPlata,1,2023,-5.788333,36.107778,5.870315523,13.61226807
SierraPlata,1,2024,-5.788333,36.107778,9.849419874,14.89918252
SierraPlata,1,2025,-5.788333,36.107778,92.00610493,10.03883588
SierraPlata,1,2026,-5.788333,36.107778,34.64407833,11.28764077
SierraPlata,1,2027,-5.788333,36.107778,45.64543805,13.12379387
SierraPlata,1,2028,-5.788333,36.107778,45.54854043,10.25912357
SierraPlata,1,2029,-5.788333,36.107778,17.91194555,12.75790779
SierraPlata,1,2030,-5.788333,36.107778,2.008728138,13.33031321
SierraPlata,1,2031,-5.788333,36.107778,36.23691975,13.42561764
SierraPlata,1,2032,-5.788333,36.107778,77.56464638,12.24502839
SierraPlata,1,2033,-5.788333,36.107778,36.81369627,9.680592986
SierraPlata,1,2034,-5.788333,36.107778,57.32517534,9.629608942
SierraPlata,1,2035,-5.788333,36.107778,21.9303979,13.93768488
SierraPlata,1,2036,-5.788333,36.107778,23.70633918,14.19972652
SierraPlata,1,2037,-5.788333,36.107778,18.35427051,11.43146815
SierraPlata,1,2038,-5.788333,36.107778,77.83028889,11.04053699
SierraPlata,1,2039,-5.788333,36.107778,40.06265691,11.72582791
SierraPlata,1,2040,-5.788333,36.107778,11.54531058,11.85500488
SierraPlata,1,2041,-5.788333,36.107778,69.64765452,12.19207646
SierraPlata,1,2042,-5.788333,36.107778,18.2988662,13.22914744
SierraPlata,1,2043,-5.788333,36.107778,31.04636719,13.86302018
SierraPlata,1,2044,-5.788333,36.107778,81.51727817,11.60786271
SierraPlata,1,2045,-5.788333,36.107778,2.622030871,15.95038413
SierraPlata,1,2046,-5.788333,36.107778,24.02399939,11.24613293
SierraPlata,1,2047,-5.788333,36.107778,5.104409073,15.06168863
SierraPlata,1,2048,-5.788333,36.107778,8.804350889,12.75469754
SierraPlata,1,2049,-5.788333,36.107778,18.10300565,13.31274887
SierraPlata,1,2050,-5.788333,36.107778,10.76686255,12.76338127
SierraPlata,1,2051,-5.788333,36.107778,44.78609927,12.08723184
SierraPlata,1,2052,-5.788333,36.107778,1.984603559,16.51689177
SierraPlata,1,2053,-5.788333,36.107778,23.20290226,13.62728075
SierraPlata,1,2054,-5.788333,36.107778,76.52944398,9.951716072
SierraPlata,1,2055,-5.788333,36.107778,10.70138752,15.01902604
SierraPlata,1,2056,-5.788333,36.107778,17.21351803,12.07415949
SierraPlata,1,2057,-5.788333,36.107778,24.87427286,14.66342833
SierraPlata,1,2058,-5.788333,36.107778,15.36901838,14.24498901
SierraPlata,1,2059,-5.788333,36.107778,59.55285851,13.03767326
SierraPlata,1,2060,-5.788333,36.107778,7.993221626,13.14951329
SierraPlata,1,2061,-5.788333,36.107778,2.024765534,14.76355551
SierraPlata,1,2062,-5.788333,36.107778,16.0065717,12.93030947
SierraPlata,1,2063,-5.788333,36.107778,40.02079101,12.27999268
SierraPlata,1,2064,-5.788333,36.107778,65.11164229,13.6206289
SierraPlata,1,2065,-5.788333,36.107778,52.37024159,11.44432393
SierraPlata,1,2066,-5.788333,36.107778,17.44505193,13.03072214
SierraPlata,1,2067,-5.788333,36.107778,3.237635824,15.36011215
SierraPlata,1,2068,-5.788333,36.107778,77.62868104,11.45949215
SierraPlata,1,2069,-5.788333,36.107778,15.86963537,15.48670989
SierraPlata,1,2070,-5.788333,36.107778,63.31425713,13.48306255
SierraPlata,1,2071,-5.788333,36.107778,37.95385248,13.74463363
SierraPlata,1,2072,-5.788333,36.107778,22.42006773,12.4079519
SierraPlata,1,2073,-5.788333,36.107778,46.0916096,13.39485592
SierraPlata,1,2074,-5.788333,36.107778,22.89132052,15.38897784
SierraPlata,1,2075,-5.788333,36.107778,35.14946283,13.19654876
SierraPlata,1,2076,-5.788333,36.107778,15.15468484,12.2546306
SierraPlata,1,2077,-5.788333,36.107778,6.735347425,15.50169697
SierraPlata,1,2078,-5.788333,36.107778,20.32581426,11.58927061
SierraPlata,1,2079,-5.788333,36.107778,7.16014857,15.81360631
SierraPlata,1,2080,-5.788333,36.107778,63.30749572,11.189069
SierraPlata,1,2081,-5.788333,36.107778,7.353081292,14.86522729
SierraPlata,1,2082,-5.788333,36.107778,8.787698747,14.12657294
SierraPlata,1,2083,-5.788333,36.107778,2.232564753,15.67043457
SierraPlata,1,2084,-5.788333,36.107778,11.77702601,15.8545166
SierraPlata,1,2085,-5.788333,36.107778,36.46901843,16.74167638
SierraPlata,1,2086,-5.788333,36.107778,73.70955688,14.44601519
SierraPlata,1,2087,-5.788333,36.107778,51.78583458,13.74438851
SierraPlata,1,2088,-5.788333,36.107778,6.164577055,15.39072817
SierraPlata,1,2089,-5.788333,36.107778,8.267244655,14.68629387
SierraPlata,1,2090,-5.788333,36.107778,22.54915663,14.67691217
SierraPlata,1,2091,-5.788333,36.107778,17.07719513,15.63485009
SierraPlata,1,2092,-5.788333,36.107778,13.25995477,15.7911375
SierraPlata,1,2093,-5.788333,36.107778,6.389007783,14.60252508
SierraPlata,1,2094,-5.788333,36.107778,124.9355616,13.47372318
SierraPlata,1,2095,-5.788333,36.107778,20.14817119,14.23527064
SierraPlata,1,2096,-5.788333,36.107778,11.18055227,13.23789909
SierraPlata,1,2097,-5.788333,36.107778,14.97312233,14.47004139
SierraPlata,1,2098,-5.788333,36.107778,2.158287935,18.60824565
SierraPlata,1,2099,-5.788333,36.107778,34.70589981,13.7124622
SierraPlata,1,2100,-5.788333,36.107778,10.28052693,16.35295824
SierraPlata,10,2015,-5.788333,36.107778,83.75183137,20.59304396
SierraPlata,10,2016,-5.788333,36.107778,42.32269931,19.79761707
SierraPlata,10,2017,-5.788333,36.107778,50.80549132,19.10287653
SierraPlata,10,2018,-5.788333,36.107778,72.08835365,19.69344679
SierraPlata,10,2019,-5.788333,36.107778,63.99326741,22.0658272
SierraPlata,10,2020,-5.788333,36.107778,76.22714293,17.59039681
SierraPlata,10,2021,-5.788333,36.107778,84.26535463,19.18958287
SierraPlata,10,2022,-5.788333,36.107778,271.0707922,16.77562571
SierraPlata,10,2023,-5.788333,36.107778,29.02560689,22.95855299
SierraPlata,10,2024,-5.788333,36.107778,153.5327856,17.10531203
SierraPlata,10,2025,-5.788333,36.107778,181.4963282,16.37296989
SierraPlata,10,2026,-5.788333,36.107778,75.89221561,18.36489455
SierraPlata,10,2027,-5.788333,36.107778,67.51849624,22.26541413
SierraPlata,10,2028,-5.788333,36.107778,79.69104213,20.14873165
SierraPlata,10,2029,-5.788333,36.107778,27.96333132,18.87397205
SierraPlata,10,2030,-5.788333,36.107778,57.1727113,19.93108225
SierraPlata,10,2031,-5.788333,36.107778,226.5560305,17.32243672
SierraPlata,10,2032,-5.788333,36.107778,90.35120542,19.37857824
SierraPlata,10,2033,-5.788333,36.107778,117.932246,20.60440634
SierraPlata,10,2034,-5.788333,36.107778,57.44356456,21.55007423
SierraPlata,10,2035,-5.788333,36.107778,82.7089785,18.96875374
SierraPlata,10,2036,-5.788333,36.107778,96.38958744,17.57748886
SierraPlata,10,2037,-5.788333,36.107778,44.39409119,18.26578034
SierraPlata,10,2038,-5.788333,36.107778,24.31632435,22.46077684
SierraPlata,10,2039,-5.788333,36.107778,54.9949976,20.12656604
SierraPlata,10,2040,-5.788333,36.107778,222.5232823,18.19697108
SierraPlata,10,2041,-5.788333,36.107778,113.9548012,18.72797497
SierraPlata,10,2042,-5.788333,36.107778,32.75408441,21.09203983
SierraPlata,10,2043,-5.788333,36.107778,63.42414523,18.57658022
SierraPlata,10,2044,-5.788333,36.107778,92.58709217,21.12574994
SierraPlata,10,2045,-5.788333,36.107778,87.98216598,19.10464852
SierraPlata,10,2046,-5.788333,36.107778,150.3216548,20.45777824
SierraPlata,10,2047,-5.788333,36.107778,48.15724054,21.06614222
SierraPlata,10,2048,-5.788333,36.107778,73.23235294,19.50155029
SierraPlata,10,2049,-5.788333,36.107778,102.1181569,22.16889491
SierraPlata,10,2050,-5.788333,36.107778,58.93468343,23.0071675
SierraPlata,10,2051,-5.788333,36.107778,36.55448393,22.24452633
SierraPlata,10,2052,-5.788333,36.107778,64.87815111,21.17475232
SierraPlata,10,2053,-5.788333,36.107778,29.24950763,22.19689528
SierraPlata,10,2054,-5.788333,36.107778,43.10920447,21.21254784
SierraPlata,10,2055,-5.788333,36.107778,136.4933427,17.1575089
SierraPlata,10,2056,-5.788333,36.107778,39.35813754,20.81880513
SierraPlata,10,2057,-5.788333,36.107778,97.6780268,20.10714407
SierraPlata,10,2058,-5.788333,36.107778,120.0989036,21.15906037
SierraPlata,10,2059,-5.788333,36.107778,82.08935343,22.44918016
SierraPlata,10,2060,-5.788333,36.107778,42.3775345,18.66959091
SierraPlata,10,2061,-5.788333,36.107778,146.894599,20.63605307
SierraPlata,10,2062,-5.788333,36.107778,23.61989436,20.99565056
SierraPlata,10,2063,-5.788333,36.107778,56.48063809,22.1272837
SierraPlata,10,2064,-5.788333,36.107778,86.36480019,22.45349003
SierraPlata,10,2065,-5.788333,36.107778,60.48267111,22.9869373
SierraPlata,10,2066,-5.788333,36.107778,63.7795417,22.0265058
SierraPlata,10,2067,-5.788333,36.107778,76.99542938,21.18954054
SierraPlata,10,2068,-5.788333,36.107778,71.79970251,19.56061165
SierraPlata,10,2069,-5.788333,36.107778,135.0725308,21.8381641
SierraPlata,10,2070,-5.788333,36.107778,93.69635287,22.35429215
SierraPlata,10,2071,-5.788333,36.107778,72.68608809,24.22063697
SierraPlata,10,2072,-5.788333,36.107778,61.71964553,23.34059763
SierraPlata,10,2073,-5.788333,36.107778,117.1562097,21.00371901
SierraPlata,10,2074,-5.788333,36.107778,175.1417948,17.64751095
SierraPlata,10,2075,-5.788333,36.107778,18.5307886,24.80715332
SierraPlata,10,2076,-5.788333,36.107778,53.41423317,22.50002835
SierraPlata,10,2077,-5.788333,36.107778,60.66151459,20.23461501
SierraPlata,10,2078,-5.788333,36.107778,43.26428627,25.70672391
SierraPlata,10,2079,-5.788333,36.107778,94.71270401,19.84769642
SierraPlata,10,2080,-5.788333,36.107778,35.49856486,25.66075262
SierraPlata,10,2081,-5.788333,36.107778,13.52149116,24.32885033
SierraPlata,10,2082,-5.788333,36.107778,42.77833236,25.50492199
SierraPlata,10,2083,-5.788333,36.107778,160.0228045,18.85384128
SierraPlata,10,2084,-5.788333,36.107778,42.5780389,24.36271205
SierraPlata,10,2085,-5.788333,36.107778,63.96645549,24.36511506
SierraPlata,10,2086,-5.788333,36.107778,85.49713603,25.3293081
SierraPlata,10,2087,-5.788333,36.107778,90.76510242,23.97567237
SierraPlata,10,2088,-5.788333,36.107778,134.3454887,24.70948821
SierraPlata,10,2089,-5.788333,36.107778,20.90978696,26.15673316
SierraPlata,10,2090,-5.788333,36.107778,118.8311172,22.14233477
SierraPlata,10,2091,-5.788333,36.107778,66.82066946,23.06931015
SierraPlata,10,2092,-5.788333,36.107778,45.67531929,24.57436228
SierraPlata,10,2093,-5.788333,36.107778,38.9741141,23.18641791
SierraPlata,10,2094,-5.788333,36.107778,90.25627187,23.20232839
SierraPlata,10,2095,-5.788333,36.107778,68.17137717,23.31741313
SierraPlata,10,2096,-5.788333,36.107778,168.7706287,17.67973259
SierraPlata,10,2097,-5.788333,36.107778,22.66898953,25.42661783
SierraPlata,10,2098,-5.788333,36.107778,255.0324897,21.36613789
SierraPlata,10,2099,-5.788333,36.107778,4.231280568,23.33086548
SierraPlata,10,2100,-5.788333,36.107778,48.28228248,25.66985572
SierraPlata,11,2015,-5.788333,36.107778,48.38098225,13.92687073
SierraPlata,11,2016,-5.788333,36.107778,75.7213314,17.06195577
SierraPlata,11,2017,-5.788333,36.107778,34.94585413,16.01923014
SierraPlata,11,2018,-5.788333,36.107778,5.369730724,17.00990194
SierraPlata,11,2019,-5.788333,36.107778,88.23189231,14.39065247
SierraPlata,11,2020,-5.788333,36.107778,127.6588044,13.70657756
SierraPlata,11,2021,-5.788333,36.107778,60.93209029,12.38975627
SierraPlata,11,2022,-5.788333,36.107778,70.95474486,15.08192952
SierraPlata,11,2023,-5.788333,36.107778,27.06777799,15.98512166
SierraPlata,11,2024,-5.788333,36.107778,18.92640109,13.70152893
SierraPlata,11,2025,-5.788333,36.107778,81.94071276,14.38966064
SierraPlata,11,2026,-5.788333,36.107778,9.939982472,16.76792704
SierraPlata,11,2027,-5.788333,36.107778,34.77132525,15.47078756
SierraPlata,11,2028,-5.788333,36.107778,19.5173547,15.92893372
SierraPlata,11,2029,-5.788333,36.107778,136.4994855,14.67351786
SierraPlata,11,2030,-5.788333,36.107778,31.30733511,14.9475057
SierraPlata,11,2031,-5.788333,36.107778,73.63070813,13.76139628
SierraPlata,11,2032,-5.788333,36.107778,63.23406799,15.02232157
SierraPlata,11,2033,-5.788333,36.107778,74.05198942,13.65531921
SierraPlata,11,2034,-5.788333,36.107778,10.43811017,18.44635518
SierraPlata,11,2035,-5.788333,36.107778,107.4646797,13.07749329
SierraPlata,11,2036,-5.788333,36.107778,126.3832921,11.76103719
SierraPlata,11,2037,-5.788333,36.107778,14.43164597,16.22931519
SierraPlata,11,2038,-5.788333,36.107778,39.93247298,16.96585693
SierraPlata,11,2039,-5.788333,36.107778,99.65278831,11.66065674
SierraPlata,11,2040,-5.788333,36.107778,74.01070408,12.5390981
SierraPlata,11,2041,-5.788333,36.107778,29.95168695,13.16360881
SierraPlata,11,2042,-5.788333,36.107778,20.21149411,16.38213908
SierraPlata,11,2043,-5.788333,36.107778,4.988953114,18.9180776
SierraPlata,11,2044,-5.788333,36.107778,4.422747707,17.37414347
SierraPlata,11,2045,-5.788333,36.107778,13.66523954,18.17885946
SierraPlata,11,2046,-5.788333,36.107778,26.16726489,14.41564128
SierraPlata,11,2047,-5.788333,36.107778,19.73331206,16.67893372
SierraPlata,11,2048,-5.788333,36.107778,89.29841286,13.07190247
SierraPlata,11,2049,-5.788333,36.107778,50.88493345,15.29458923
SierraPlata,11,2050,-5.788333,36.107778,100.7548365,15.77719116
SierraPlata,11,2051,-5.788333,36.107778,10.0582045,18.07425842
SierraPlata,11,2052,-5.788333,36.107778,24.11150797,14.76038717
SierraPlata,11,2053,-5.788333,36.107778,6.731335175,19.53586222
SierraPlata,11,2054,-5.788333,36.107778,23.92839872,14.5087616
SierraPlata,11,2055,-5.788333,36.107778,3.189226146,16.39730326
SierraPlata,11,2056,-5.788333,36.107778,53.66383456,16.46003723
SierraPlata,11,2057,-5.788333,36.107778,51.73260921,14.23539124
SierraPlata,11,2058,-5.788333,36.107778,56.58804603,16.2322937
SierraPlata,11,2059,-5.788333,36.107778,14.66628204,16.69356893
SierraPlata,11,2060,-5.788333,36.107778,40.92032828,16.57963562
SierraPlata,11,2061,-5.788333,36.107778,15.477388,15.41601054
SierraPlata,11,2062,-5.788333,36.107778,69.56790841,14.33757019
SierraPlata,11,2063,-5.788333,36.107778,13.36822531,19.70966797
SierraPlata,11,2064,-5.788333,36.107778,24.37944403,20.04821472
SierraPlata,11,2065,-5.788333,36.107778,8.402127791,22.28623352
SierraPlata,11,2066,-5.788333,36.107778,46.0381075,17.57236328
SierraPlata,11,2067,-5.788333,36.107778,69.05093343,17.2719401
SierraPlata,11,2068,-5.788333,36.107778,23.03060327,17.74725952
SierraPlata,11,2069,-5.788333,36.107778,20.62524281,16.2659963
SierraPlata,11,2070,-5.788333,36.107778,34.77255267,16.5188741
SierraPlata,11,2071,-5.788333,36.107778,113.7402603,14.97013245
SierraPlata,11,2072,-5.788333,36.107778,5.236683043,19.18054708
SierraPlata,11,2073,-5.788333,36.107778,17.47997395,18.66700643
SierraPlata,11,2074,-5.788333,36.107778,92.84937958,17.38985494
SierraPlata,11,2075,-5.788333,36.107778,40.3302832,18.41492716
SierraPlata,11,2076,-5.788333,36.107778,50.36627683,14.65525818
SierraPlata,11,2077,-5.788333,36.107778,38.15942154,17.86218465
SierraPlata,11,2078,-5.788333,36.107778,76.49314641,15.48374736
SierraPlata,11,2079,-5.788333,36.107778,201.5120784,15.22213643
SierraPlata,11,2080,-5.788333,36.107778,11.01991823,20.62233582
SierraPlata,11,2081,-5.788333,36.107778,3.620691006,20.21032206
SierraPlata,11,2082,-5.788333,36.107778,9.477477465,19.00385234
SierraPlata,11,2083,-5.788333,36.107778,12.36584786,17.90292358
SierraPlata,11,2084,-5.788333,36.107778,2.133363293,19.22346293
SierraPlata,11,2085,-5.788333,36.107778,55.34634899,18.03472392
SierraPlata,11,2086,-5.788333,36.107778,19.16679264,16.96880391
SierraPlata,11,2087,-5.788333,36.107778,4.666991742,19.796934
SierraPlata,11,2088,-5.788333,36.107778,24.82491383,19.60653178
SierraPlata,11,2089,-5.788333,36.107778,28.01506739,20.23710938
SierraPlata,11,2090,-5.788333,36.107778,20.5429207,19.43281352
SierraPlata,11,2091,-5.788333,36.107778,58.18668672,18.17399292
SierraPlata,11,2092,-5.788333,36.107778,26.51763047,20.69608154
SierraPlata,11,2093,-5.788333,36.107778,20.38684935,19.67825317
SierraPlata,11,2094,-5.788333,36.107778,58.54777738,16.8765035
SierraPlata,11,2095,-5.788333,36.107778,3.23679085,21.50919189
SierraPlata,11,2096,-5.788333,36.107778,11.75700732,15.93886108
SierraPlata,11,2097,-5.788333,36.107778,66.67038696,17.92743429
SierraPlata,11,2098,-5.788333,36.107778,25.60401463,17.95900981
SierraPlata,11,2099,-5.788333,36.107778,16.25759672,19.96364543
SierraPlata,11,2100,-5.788333,36.107778,27.92409133,18.23920085
SierraPlata,12,2015,-5.788333,36.107778,6.128784906,13.43408407
SierraPlata,12,2016,-5.788333,36.107778,4.971569989,15.87442248
SierraPlata,12,2017,-5.788333,36.107778,38.07204934,12.29226278
SierraPlata,12,2018,-5.788333,36.107778,36.83788875,14.52881673
SierraPlata,12,2019,-5.788333,36.107778,4.814012879,12.06860657
SierraPlata,12,2020,-5.788333,36.107778,35.45224412,10.29891463
SierraPlata,12,2021,-5.788333,36.107778,16.10456286,11.81872457
SierraPlata,12,2022,-5.788333,36.107778,36.78543335,12.09379171
SierraPlata,12,2023,-5.788333,36.107778,12.14495072,13.21639404
SierraPlata,12,2024,-5.788333,36.107778,22.19440263,14.24582351
SierraPlata,12,2025,-5.788333,36.107778,45.58015965,11.04454854
SierraPlata,12,2026,-5.788333,36.107778,19.11412995,13.83071899
SierraPlata,12,2027,-5.788333,36.107778,35.88032101,12.85800578
SierraPlata,12,2028,-5.788333,36.107778,22.74376955,12.49347997
SierraPlata,12,2029,-5.788333,36.107778,52.86110689,10.02803955
SierraPlata,12,2030,-5.788333,36.107778,29.90675211,13.24976501
SierraPlata,12,2031,-5.788333,36.107778,45.6760458,9.150120036
SierraPlata,12,2032,-5.788333,36.107778,10.55466802,14.38765343
SierraPlata,12,2033,-5.788333,36.107778,38.95794092,12.02030029
SierraPlata,12,2034,-5.788333,36.107778,7.995759835,13.67126567
SierraPlata,12,2035,-5.788333,36.107778,13.95091154,11.90982564
SierraPlata,12,2036,-5.788333,36.107778,3.823895441,13.17870483
SierraPlata,12,2037,-5.788333,36.107778,26.62763275,12.86779989
SierraPlata,12,2038,-5.788333,36.107778,5.67631782,13.89313965
SierraPlata,12,2039,-5.788333,36.107778,7.462860757,11.59067891
SierraPlata,12,2040,-5.788333,36.107778,28.29987866,11.25072527
SierraPlata,12,2041,-5.788333,36.107778,3.6987211,14.69722799
SierraPlata,12,2042,-5.788333,36.107778,8.31448768,13.2473053
SierraPlata,12,2043,-5.788333,36.107778,9.925176483,14.03182576
SierraPlata,12,2044,-5.788333,36.107778,22.02916062,13.45995168
SierraPlata,12,2045,-5.788333,36.107778,8.71061031,15.4379364
SierraPlata,12,2046,-5.788333,36.107778,12.36059322,11.84570414
SierraPlata,12,2047,-5.788333,36.107778,4.93888171,15.81803691
SierraPlata,12,2048,-5.788333,36.107778,70.31212982,9.987470114
SierraPlata,12,2049,-5.788333,36.107778,22.9735907,11.2826182
SierraPlata,12,2050,-5.788333,36.107778,58.78968235,13.58290202
SierraPlata,12,2051,-5.788333,36.107778,29.39882506,12.97073263
SierraPlata,12,2052,-5.788333,36.107778,68.47626138,9.762600813
SierraPlata,12,2053,-5.788333,36.107778,35.17115506,12.17872925
SierraPlata,12,2054,-5.788333,36.107778,5.33137888,16.70165812
SierraPlata,12,2055,-5.788333,36.107778,8.311787437,14.95313009
SierraPlata,12,2056,-5.788333,36.107778,10.19369458,15.96810513
SierraPlata,12,2057,-5.788333,36.107778,23.52465738,13.49970703
SierraPlata,12,2058,-5.788333,36.107778,10.09592493,15.62369588
SierraPlata,12,2059,-5.788333,36.107778,26.56224611,14.12011515
SierraPlata,12,2060,-5.788333,36.107778,48.23226284,14.48059945
SierraPlata,12,2061,-5.788333,36.107778,26.07550337,13.12870382
SierraPlata,12,2062,-5.788333,36.107778,9.930844904,13.74590556
SierraPlata,12,2063,-5.788333,36.107778,14.92235543,16.01062927
SierraPlata,12,2064,-5.788333,36.107778,21.39641146,16.33248186
SierraPlata,12,2065,-5.788333,36.107778,3.546405818,18.29858704
SierraPlata,12,2066,-5.788333,36.107778,26.68104217,13.1513265
SierraPlata,12,2067,-5.788333,36.107778,7.556664754,15.59015808
SierraPlata,12,2068,-5.788333,36.107778,10.30178501,16.03307074
SierraPlata,12,2069,-5.788333,36.107778,9.822996386,15.50342102
SierraPlata,12,2070,-5.788333,36.107778,12.77268215,15.75173645
SierraPlata,12,2071,-5.788333,36.107778,32.56907534,13.82334086
SierraPlata,12,2072,-5.788333,36.107778,5.591551773,16.92798714
SierraPlata,12,2073,-5.788333,36.107778,10.96149878,14.94423523
SierraPlata,12,2074,-5.788333,36.107778,12.31113742,12.24356486
SierraPlata,12,2075,-5.788333,36.107778,7.489915198,15.49818624
SierraPlata,12,2076,-5.788333,36.107778,6.527394029,15.82555121
SierraPlata,12,2077,-5.788333,36.107778,83.70766852,10.82912801
SierraPlata,12,2078,-5.788333,36.107778,20.92947296,14.69539897
SierraPlata,12,2079,-5.788333,36.107778,36.69669499,11.36711731
SierraPlata,12,2080,-5.788333,36.107778,6.196123094,16.57609737
SierraPlata,12,2081,-5.788333,36.107778,6.808737067,16.47867025
SierraPlata,12,2082,-5.788333,36.107778,3.215897454,17.10918376
SierraPlata,12,2083,-5.788333,36.107778,13.78182433,15.27280986
SierraPlata,12,2084,-5.788333,36.107778,12.13092851,15.15858217
SierraPlata,12,2085,-5.788333,36.107778,14.5304417,14.70055847
SierraPlata,12,2086,-5.788333,36.107778,5.515630696,15.01387533
SierraPlata,12,2087,-5.788333,36.107778,25.8326019,15.91941223
SierraPlata,12,2088,-5.788333,36.107778,56.99867826,12.81648223
SierraPlata,12,2089,-5.788333,36.107778,30.17700499,15.23216451
SierraPlata,12,2090,-5.788333,36.107778,7.297425484,15.44420675
SierraPlata,12,2091,-5.788333,36.107778,22.773178,15.07127787
SierraPlata,12,2092,-5.788333,36.107778,14.19240448,16.20004399
SierraPlata,12,2093,-5.788333,36.107778,37.71546711,13.00346476
SierraPlata,12,2094,-5.788333,36.107778,5.283437468,17.36382243
SierraPlata,12,2095,-5.788333,36.107778,16.70439891,16.72524516
SierraPlata,12,2096,-5.788333,36.107778,8.181626075,16.5339789
SierraPlata,12,2097,-5.788333,36.107778,4.829328228,16.98823751
SierraPlata,12,2098,-5.788333,36.107778,14.33135212,15.9709137
SierraPlata,12,2099,-5.788333,36.107778,4.781744722,17.60842489
SierraPlata,12,2100,-5.788333,36.107778,14.13447537,16.58445638
SierraPlata,2,2015,-5.788333,36.107778,14.56981047,14.57076089
SierraPlata,2,2016,-5.788333,36.107778,37.83862141,12.70104265
SierraPlata,2,2017,-5.788333,36.107778,5.065305385,16.96685181
SierraPlata,2,2018,-5.788333,36.107778,31.66268381,13.82570147
SierraPlata,2,2019,-5.788333,36.107778,185.0127493,10.61895905
SierraPlata,2,2020,-5.788333,36.107778,8.594463899,13.2490268
SierraPlata,2,2021,-5.788333,36.107778,26.76689377,11.72285505
SierraPlata,2,2022,-5.788333,36.107778,45.50975715,11.04568089
SierraPlata,2,2023,-5.788333,36.107778,101.0356151,11.79682966
SierraPlata,2,2024,-5.788333,36.107778,4.573946058,17.44195157
SierraPlata,2,2025,-5.788333,36.107778,6.535795112,13.18206395
SierraPlata,2,2026,-5.788333,36.107778,11.66783703,14.16746129
SierraPlata,2,2027,-5.788333,36.107778,33.73916766,13.05458439
SierraPlata,2,2028,-5.788333,36.107778,3.982498601,19.15207351
SierraPlata,2,2029,-5.788333,36.107778,109.3393032,13.75003749
SierraPlata,2,2030,-5.788333,36.107778,52.7497214,13.15426897
SierraPlata,2,2031,-5.788333,36.107778,36.98701311,13.16404005
SierraPlata,2,2032,-5.788333,36.107778,83.47499147,13.18983428
SierraPlata,2,2033,-5.788333,36.107778,6.211673097,16.20361481
SierraPlata,2,2034,-5.788333,36.107778,39.86085528,13.31590642
SierraPlata,2,2035,-5.788333,36.107778,3.017092834,17.10372641
SierraPlata,2,2036,-5.788333,36.107778,41.31163342,16.41458782
SierraPlata,2,2037,-5.788333,36.107778,63.69505206,11.75916116
SierraPlata,2,2038,-5.788333,36.107778,44.2500466,11.89224505
SierraPlata,2,2039,-5.788333,36.107778,7.519027343,17.91934902
SierraPlata,2,2040,-5.788333,36.107778,21.37125845,11.88285901
SierraPlata,2,2041,-5.788333,36.107778,12.20232961,16.15583082
SierraPlata,2,2042,-5.788333,36.107778,5.193737142,18.10212097
SierraPlata,2,2043,-5.788333,36.107778,38.03176293,13.80122855
SierraPlata,2,2044,-5.788333,36.107778,13.87306832,15.29949341
SierraPlata,2,2045,-5.788333,36.107778,73.69899398,13.38610774
SierraPlata,2,2046,-5.788333,36.107778,31.11692021,11.72497711
SierraPlata,2,2047,-5.788333,36.107778,18.46390275,15.56415274
SierraPlata,2,2048,-5.788333,36.107778,33.60406368,15.53599306
SierraPlata,2,2049,-5.788333,36.107778,3.420293785,17.92996041
SierraPlata,2,2050,-5.788333,36.107778,31.51459089,13.42756805
SierraPlata,2,2051,-5.788333,36.107778,47.36270387,12.67746342
SierraPlata,2,2052,-5.788333,36.107778,38.31291386,15.05512338
SierraPlata,2,2053,-5.788333,36.107778,27.64035552,15.44180886
SierraPlata,2,2054,-5.788333,36.107778,1.238324914,14.69081704
SierraPlata,2,2055,-5.788333,36.107778,41.02320512,15.19086282
SierraPlata,2,2056,-5.788333,36.107778,14.1349381,14.00679721
SierraPlata,2,2057,-5.788333,36.107778,29.75616039,14.67676915
SierraPlata,2,2058,-5.788333,36.107778,15.19345171,13.9183136
SierraPlata,2,2059,-5.788333,36.107778,1.773494946,19.94941973
SierraPlata,2,2060,-5.788333,36.107778,10.7399819,16.91478566
SierraPlata,2,2061,-5.788333,36.107778,2.22988375,16.40461557
SierraPlata,2,2062,-5.788333,36.107778,17.77798842,13.72879617
SierraPlata,2,2063,-5.788333,36.107778,26.2782244,14.64788644
SierraPlata,2,2064,-5.788333,36.107778,6.393649779,18.60786617
SierraPlata,2,2065,-5.788333,36.107778,10.11374081,19.35372641
SierraPlata,2,2066,-5.788333,36.107778,2.66746678,17.36077053
SierraPlata,2,2067,-5.788333,36.107778,3.723698201,18.18328901
SierraPlata,2,2068,-5.788333,36.107778,34.51148897,16.02246957
SierraPlata,2,2069,-5.788333,36.107778,42.36405428,13.17243783
SierraPlata,2,2070,-5.788333,36.107778,23.10114166,16.22956129
SierraPlata,2,2071,-5.788333,36.107778,7.683422874,15.88303419
SierraPlata,2,2072,-5.788333,36.107778,81.36074656,12.4333635
SierraPlata,2,2073,-5.788333,36.107778,31.05660162,15.20925293
SierraPlata,2,2074,-5.788333,36.107778,63.72351679,11.94283338
SierraPlata,2,2075,-5.788333,36.107778,5.077408782,18.657821
SierraPlata,2,2076,-5.788333,36.107778,2.727674548,18.3310128
SierraPlata,2,2077,-5.788333,36.107778,3.564193828,17.12507891
SierraPlata,2,2078,-5.788333,36.107778,34.2132874,15.78180302
SierraPlata,2,2079,-5.788333,36.107778,11.22785919,15.08473794
SierraPlata,2,2080,-5.788333,36.107778,41.86569636,15.01837179
SierraPlata,2,2081,-5.788333,36.107778,3.036246829,18.63596606
SierraPlata,2,2082,-5.788333,36.107778,27.19194534,15.07352055
SierraPlata,2,2083,-5.788333,36.107778,13.24667414,17.34159895
SierraPlata,2,2084,-5.788333,36.107778,9.546791149,15.69919686
SierraPlata,2,2085,-5.788333,36.107778,23.00298136,14.00052468
SierraPlata,2,2086,-5.788333,36.107778,1.590117889,16.89910278
SierraPlata,2,2087,-5.788333,36.107778,77.81132366,14.90994524
SierraPlata,2,2088,-5.788333,36.107778,2.430025805,21.47169989
SierraPlata,2,2089,-5.788333,36.107778,11.60954042,17.26743251
SierraPlata,2,2090,-5.788333,36.107778,33.36357444,15.75245492
SierraPlata,2,2091,-5.788333,36.107778,34.05711415,17.56029445
SierraPlata,2,2092,-5.788333,36.107778,12.91448622,17.41041744
SierraPlata,2,2093,-5.788333,36.107778,10.77370415,19.69385463
SierraPlata,2,2094,-5.788333,36.107778,23.53838052,16.55590428
SierraPlata,2,2095,-5.788333,36.107778,73.78635141,16.44030805
SierraPlata,2,2096,-5.788333,36.107778,35.01943861,18.72443595
SierraPlata,2,2097,-5.788333,36.107778,22.32224953,17.31812112
SierraPlata,2,2098,-5.788333,36.107778,5.351397064,16.21436789
SierraPlata,2,2099,-5.788333,36.107778,71.71365464,15.17683454
SierraPlata,2,2100,-5.788333,36.107778,65.26522506,16.59628448
SierraPlata,3,2015,-5.788333,36.107778,26.45870958,17.18081744
SierraPlata,3,2016,-5.788333,36.107778,19.43215064,15.7408337
SierraPlata,3,2017,-5.788333,36.107778,105.5384878,16.24716856
SierraPlata,3,2018,-5.788333,36.107778,7.535120798,19.12004611
SierraPlata,3,2019,-5.788333,36.107778,168.0597814,9.664931562
SierraPlata,3,2020,-5.788333,36.107778,23.4351824,19.67917835
SierraPlata,3,2021,-5.788333,36.107778,15.21045902,19.6312628
SierraPlata,3,2022,-5.788333,36.107778,71.33250881,14.00098326
SierraPlata,3,2023,-5.788333,36.107778,69.5378161,15.17560976
SierraPlata,3,2024,-5.788333,36.107778,15.77438575,21.08045989
SierraPlata,3,2025,-5.788333,36.107778,146.6934402,12.40133254
SierraPlata,3,2026,-5.788333,36.107778,13.70171538,19.43623972
SierraPlata,3,2027,-5.788333,36.107778,15.76064008,17.38765574
SierraPlata,3,2028,-5.788333,36.107778,30.7844919,18.54216821
SierraPlata,3,2029,-5.788333,36.107778,48.52270679,15.60094112
SierraPlata,3,2030,-5.788333,36.107778,67.51970454,13.7736086
SierraPlata,3,2031,-5.788333,36.107778,26.11496125,18.27358005
SierraPlata,3,2032,-5.788333,36.107778,46.23059434,11.31617077
SierraPlata,3,2033,-5.788333,36.107778,38.6165762,20.04831799
SierraPlata,3,2034,-5.788333,36.107778,70.75214019,16.73075601
SierraPlata,3,2035,-5.788333,36.107778,75.38040349,14.70197301
SierraPlata,3,2036,-5.788333,36.107778,10.38677296,18.16616605
SierraPlata,3,2037,-5.788333,36.107778,54.92317319,14.91591305
SierraPlata,3,2038,-5.788333,36.107778,29.31543225,17.67774796
SierraPlata,3,2039,-5.788333,36.107778,21.73950002,17.05975617
SierraPlata,3,2040,-5.788333,36.107778,85.46420567,11.17369109
SierraPlata,3,2041,-5.788333,36.107778,73.94192973,15.06253623
SierraPlata,3,2042,-5.788333,36.107778,19.76918234,22.45503757
SierraPlata,3,2043,-5.788333,36.107778,9.013005929,23.30903557
SierraPlata,3,2044,-5.788333,36.107778,72.09224914,13.4355644
SierraPlata,3,2045,-5.788333,36.107778,34.82527783,15.32815926
SierraPlata,3,2046,-5.788333,36.107778,29.22588556,13.52948471
SierraPlata,3,2047,-5.788333,36.107778,16.57882865,19.72897615
SierraPlata,3,2048,-5.788333,36.107778,71.42658278,14.22704271
SierraPlata,3,2049,-5.788333,36.107778,3.845047498,22.51200502
SierraPlata,3,2050,-5.788333,36.107778,37.15502091,18.59372716
SierraPlata,3,2051,-5.788333,36.107778,52.52821149,16.43840549
SierraPlata,3,2052,-5.788333,36.107778,67.39301501,16.73119802
SierraPlata,3,2053,-5.788333,36.107778,108.3771368,17.42418331
SierraPlata,3,2054,-5.788333,36.107778,11.44420286,20.84882655
SierraPlata,3,2055,-5.788333,36.107778,13.50504863,21.78392157
SierraPlata,3,2056,-5.788333,36.107778,12.84990747,19.77203842
SierraPlata,3,2057,-5.788333,36.107778,5.597416947,20.82131249
SierraPlata,3,2058,-5.788333,36.107778,30.45676001,16.64809373
SierraPlata,3,2059,-5.788333,36.107778,52.8448476,15.75064559
SierraPlata,3,2060,-5.788333,36.107778,40.69250205,13.69506226
SierraPlata,3,2061,-5.788333,36.107778,58.22297291,17.51495834
SierraPlata,3,2062,-5.788333,36.107778,27.52221808,18.82247019
SierraPlata,3,2063,-5.788333,36.107778,31.12032769,17.40328861
SierraPlata,3,2064,-5.788333,36.107778,16.47364152,19.28947675
SierraPlata,3,2065,-5.788333,36.107778,35.71951917,21.82615888
SierraPlata,3,2066,-5.788333,36.107778,45.86706753,17.67965088
SierraPlata,3,2067,-5.788333,36.107778,18.51081409,18.35183795
SierraPlata,3,2068,-5.788333,36.107778,5.69116061,22.16350708
SierraPlata,3,2069,-5.788333,36.107778,8.855318825,20.63752087
SierraPlata,3,2070,-5.788333,36.107778,8.033605454,20.31485556
SierraPlata,3,2071,-5.788333,36.107778,24.83206966,20.73268354
SierraPlata,3,2072,-5.788333,36.107778,45.55816777,19.01602153
SierraPlata,3,2073,-5.788333,36.107778,62.51830533,16.42788775
SierraPlata,3,2074,-5.788333,36.107778,9.726548565,17.33389656
SierraPlata,3,2075,-5.788333,36.107778,6.195199961,21.98520961
SierraPlata,3,2076,-5.788333,36.107778,40.30512606,22.80669753
SierraPlata,3,2077,-5.788333,36.107778,17.87014649,20.22502264
SierraPlata,3,2078,-5.788333,36.107778,38.83696675,16.96218065
SierraPlata,3,2079,-5.788333,36.107778,12.57042902,24.94627607
SierraPlata,3,2080,-5.788333,36.107778,69.04058665,18.39354662
SierraPlata,3,2081,-5.788333,36.107778,38.41540191,18.00745889
SierraPlata,3,2082,-5.788333,36.107778,70.28042363,19.47767078
SierraPlata,3,2083,-5.788333,36.107778,28.30544857,21.67705098
SierraPlata,3,2084,-5.788333,36.107778,4.927090843,20.28949939
SierraPlata,3,2085,-5.788333,36.107778,20.48469606,20.81546001
SierraPlata,3,2086,-5.788333,36.107778,21.81826285,23.67495216
SierraPlata,3,2087,-5.788333,36.107778,93.96793793,18.30102618
SierraPlata,3,2088,-5.788333,36.107778,39.73119022,21.05697218
SierraPlata,3,2089,-5.788333,36.107778,91.21321279,17.27991786
SierraPlata,3,2090,-5.788333,36.107778,4.370328119,23.084691
SierraPlata,3,2091,-5.788333,36.107778,14.3436489,17.64252969
SierraPlata,3,2092,-5.788333,36.107778,44.41100748,17.64765566
SierraPlata,3,2093,-5.788333,36.107778,21.41733317,21.88523205
SierraPlata,3,2094,-5.788333,36.107778,27.80416139,18.74489845
SierraPlata,3,2095,-5.788333,36.107778,65.817161,18.22612817
SierraPlata,3,2096,-5.788333,36.107778,74.42455975,16.97678971
SierraPlata,3,2097,-5.788333,36.107778,2.791301916,23.27640538
SierraPlata,3,2098,-5.788333,36.107778,118.6460272,17.52108647
SierraPlata,3,2099,-5.788333,36.107778,23.95924836,18.0075278
SierraPlata,3,2100,-5.788333,36.107778,56.03438192,15.37172458
SierraPlata,4,2015,-5.788333,36.107778,87.86248798,19.57067362
SierraPlata,4,2016,-5.788333,36.107778,35.79372671,22.69273275
SierraPlata,4,2017,-5.788333,36.107778,57.44957881,17.03928324
SierraPlata,4,2018,-5.788333,36.107778,116.2329407,15.29573669
SierraPlata,4,2019,-5.788333,36.107778,32.65841101,21.55523071
SierraPlata,4,2020,-5.788333,36.107778,67.45486354,18.47242839
SierraPlata,4,2021,-5.788333,36.107778,18.54044087,22.83532003
SierraPlata,4,2022,-5.788333,36.107778,82.88314428,18.75323385
SierraPlata,4,2023,-5.788333,36.107778,146.8125136,18.43040365
SierraPlata,4,2024,-5.788333,36.107778,88.62293252,19.52241516
SierraPlata,4,2025,-5.788333,36.107778,13.78797552,19.15357768
SierraPlata,4,2026,-5.788333,36.107778,43.43252509,20.88469747
SierraPlata,4,2027,-5.788333,36.107778,82.54021006,18.10240479
SierraPlata,4,2028,-5.788333,36.107778,20.22154302,24.53240763
SierraPlata,4,2029,-5.788333,36.107778,22.24775606,19.30502828
SierraPlata,4,2030,-5.788333,36.107778,64.52871006,17.10439657
SierraPlata,4,2031,-5.788333,36.107778,24.26239004,21.84936218
SierraPlata,4,2032,-5.788333,36.107778,138.2182586,14.94075724
SierraPlata,4,2033,-5.788333,36.107778,99.22584133,22.43808289
SierraPlata,4,2034,-5.788333,36.107778,81.70727469,18.81167908
SierraPlata,4,2035,-5.788333,36.107778,36.99571673,18.95671488
SierraPlata,4,2036,-5.788333,36.107778,37.83937474,19.47100932
SierraPlata,4,2037,-5.788333,36.107778,26.32546598,22.57909953
SierraPlata,4,2038,-5.788333,36.107778,147.8563954,18.43634338
SierraPlata,4,2039,-5.788333,36.107778,45.27259524,20.05516561
SierraPlata,4,2040,-5.788333,36.107778,9.039623157,23.76280009
SierraPlata,4,2041,-5.788333,36.107778,22.86326513,21.83891703
SierraPlata,4,2042,-5.788333,36.107778,33.94099231,23.18892008
SierraPlata,4,2043,-5.788333,36.107778,68.25509976,20.97629089
SierraPlata,4,2044,-5.788333,36.107778,57.16349507,20.90174561
SierraPlata,4,2045,-5.788333,36.107778,68.51471261,20.91806539
SierraPlata,4,2046,-5.788333,36.107778,48.68266468,20.55599772
SierraPlata,4,2047,-5.788333,36.107778,89.76571564,20.65195414
SierraPlata,4,2048,-5.788333,36.107778,32.67431126,20.17188924
SierraPlata,4,2049,-5.788333,36.107778,46.36887444,21.48042806
SierraPlata,4,2050,-5.788333,36.107778,33.19186743,20.6683075
SierraPlata,4,2051,-5.788333,36.107778,73.62048062,21.68225911
SierraPlata,4,2052,-5.788333,36.107778,60.74403183,22.77076721
SierraPlata,4,2053,-5.788333,36.107778,39.06968157,20.5127655
SierraPlata,4,2054,-5.788333,36.107778,53.49471236,19.25634664
SierraPlata,4,2055,-5.788333,36.107778,12.10157535,22.74573873
SierraPlata,4,2056,-5.788333,36.107778,26.57969131,21.82719218
SierraPlata,4,2057,-5.788333,36.107778,35.13334241,22.13349813
SierraPlata,4,2058,-5.788333,36.107778,50.59102623,23.98185221
SierraPlata,4,2059,-5.788333,36.107778,54.59427416,19.80013123
SierraPlata,4,2060,-5.788333,36.107778,33.47332407,21.47748515
SierraPlata,4,2061,-5.788333,36.107778,136.0967294,18.39075216
SierraPlata,4,2062,-5.788333,36.107778,30.01956779,21.12775269
SierraPlata,4,2063,-5.788333,36.107778,64.88538922,23.11969096
SierraPlata,4,2064,-5.788333,36.107778,77.5519317,17.18729451
SierraPlata,4,2065,-5.788333,36.107778,27.688848,20.90126444
SierraPlata,4,2066,-5.788333,36.107778,68.05680791,17.25269674
SierraPlata,4,2067,-5.788333,36.107778,42.31006066,19.97169902
SierraPlata,4,2068,-5.788333,36.107778,71.89572297,22.9223348
SierraPlata,4,2069,-5.788333,36.107778,36.79719789,21.75903219
SierraPlata,4,2070,-5.788333,36.107778,40.80958627,19.42858785
SierraPlata,4,2071,-5.788333,36.107778,13.18293547,24.55962931
SierraPlata,4,2072,-5.788333,36.107778,89.99401272,19.79191589
SierraPlata,4,2073,-5.788333,36.107778,16.14808347,21.0318339
SierraPlata,4,2074,-5.788333,36.107778,44.51140806,22.12667948
SierraPlata,4,2075,-5.788333,36.107778,28.88782768,23.24069926
SierraPlata,4,2076,-5.788333,36.107778,21.25901373,27.31565348
SierraPlata,4,2077,-5.788333,36.107778,51.924381,22.47716064
SierraPlata,4,2078,-5.788333,36.107778,49.24093729,18.44144389
SierraPlata,4,2079,-5.788333,36.107778,14.72400152,24.79536947
SierraPlata,4,2080,-5.788333,36.107778,39.60308983,25.24144897
SierraPlata,4,2081,-5.788333,36.107778,23.26408011,26.90972392
SierraPlata,4,2082,-5.788333,36.107778,49.25815387,20.59119568
SierraPlata,4,2083,-5.788333,36.107778,56.75471463,22.762087
SierraPlata,4,2084,-5.788333,36.107778,68.93207786,20.69569092
SierraPlata,4,2085,-5.788333,36.107778,14.43230611,27.62428792
SierraPlata,4,2086,-5.788333,36.107778,30.60147192,21.01143087
SierraPlata,4,2087,-5.788333,36.107778,37.9137732,20.03645732
SierraPlata,4,2088,-5.788333,36.107778,42.6447561,22.78858846
SierraPlata,4,2089,-5.788333,36.107778,53.2581244,24.99601135
SierraPlata,4,2090,-5.788333,36.107778,56.5441794,24.48395487
SierraPlata,4,2091,-5.788333,36.107778,74.37811879,15.99112447
SierraPlata,4,2092,-5.788333,36.107778,52.26855493,22.24474589
SierraPlata,4,2093,-5.788333,36.107778,43.73127126,21.67102458
SierraPlata,4,2094,-5.788333,36.107778,85.59098994,21.60351563
SierraPlata,4,2095,-5.788333,36.107778,62.6663415,22.5458964
SierraPlata,4,2096,-5.788333,36.107778,57.27413443,22.68220317
SierraPlata,4,2097,-5.788333,36.107778,21.86820321,26.37398885
SierraPlata,4,2098,-5.788333,36.107778,7.246157066,23.53695475
SierraPlata,4,2099,-5.788333,36.107778,19.92059818,26.52759298
SierraPlata,4,2100,-5.788333,36.107778,57.6123769,22.36635437
SierraPlata,5,2015,-5.788333,36.107778,58.50697235,21.60629548
SierraPlata,5,2016,-5.788333,36.107778,138.3513079,19.77156982
SierraPlata,5,2017,-5.788333,36.107778,27.5489445,25.47255072
SierraPlata,5,2018,-5.788333,36.107778,88.62303758,21.26040433
SierraPlata,5,2019,-5.788333,36.107778,36.26992025,22.27579306
SierraPlata,5,2020,-5.788333,36.107778,71.88665975,20.58899989
SierraPlata,5,2021,-5.788333,36.107778,42.35509003,23.43939878
SierraPlata,5,2022,-5.788333,36.107778,211.8972068,17.80828838
SierraPlata,5,2023,-5.788333,36.107778,117.6029296,21.98580322
SierraPlata,5,2024,-5.788333,36.107778,61.38524168,24.72121779
SierraPlata,5,2025,-5.788333,36.107778,35.52987472,22.07111167
SierraPlata,5,2026,-5.788333,36.107778,166.5812364,19.24651981
SierraPlata,5,2027,-5.788333,36.107778,69.46527846,21.37927226
SierraPlata,5,2028,-5.788333,36.107778,152.8606314,21.55990679
SierraPlata,5,2029,-5.788333,36.107778,43.53405474,19.47316402
SierraPlata,5,2030,-5.788333,36.107778,24.01178251,26.27144874
SierraPlata,5,2031,-5.788333,36.107778,123.5393762,20.48302219
SierraPlata,5,2032,-5.788333,36.107778,24.25704659,22.06738163
SierraPlata,5,2033,-5.788333,36.107778,45.24487711,20.57099649
SierraPlata,5,2034,-5.788333,36.107778,182.3882357,18.32079172
SierraPlata,5,2035,-5.788333,36.107778,69.1253913,23.58211473
SierraPlata,5,2036,-5.788333,36.107778,18.87312645,23.11432456
SierraPlata,5,2037,-5.788333,36.107778,100.6629358,21.16413417
SierraPlata,5,2038,-5.788333,36.107778,87.05578845,16.34321033
SierraPlata,5,2039,-5.788333,36.107778,71.07853764,24.63311256
SierraPlata,5,2040,-5.788333,36.107778,38.08209067,22.07991254
SierraPlata,5,2041,-5.788333,36.107778,154.1057515,18.23390129
SierraPlata,5,2042,-5.788333,36.107778,188.6427189,21.97253989
SierraPlata,5,2043,-5.788333,36.107778,150.8958159,21.68403557
SierraPlata,5,2044,-5.788333,36.107778,67.46099196,22.73804676
SierraPlata,5,2045,-5.788333,36.107778,150.748228,23.64582559
SierraPlata,5,2046,-5.788333,36.107778,39.82846048,21.70578869
SierraPlata,5,2047,-5.788333,36.107778,86.18165064,22.50242152
SierraPlata,5,2048,-5.788333,36.107778,323.682587,19.73470065
SierraPlata,5,2049,-5.788333,36.107778,86.35707887,24.33043134
SierraPlata,5,2050,-5.788333,36.107778,43.46663676,25.44300084
SierraPlata,5,2051,-5.788333,36.107778,96.07221058,22.67675466
SierraPlata,5,2052,-5.788333,36.107778,85.50285693,23.31927175
SierraPlata,5,2053,-5.788333,36.107778,29.8770029,28.68845766
SierraPlata,5,2054,-5.788333,36.107778,98.97931267,24.15765361
SierraPlata,5,2055,-5.788333,36.107778,128.1420481,23.61253682
SierraPlata,5,2056,-5.788333,36.107778,70.60894838,20.49379194
SierraPlata,5,2057,-5.788333,36.107778,91.80428197,21.68944997
SierraPlata,5,2058,-5.788333,36.107778,123.4541159,22.23545178
SierraPlata,5,2059,-5.788333,36.107778,50.15906123,26.54707957
SierraPlata,5,2060,-5.788333,36.107778,84.45015819,27.35008466
SierraPlata,5,2061,-5.788333,36.107778,81.14730518,21.64845995
SierraPlata,5,2062,-5.788333,36.107778,186.3312341,24.90653037
SierraPlata,5,2063,-5.788333,36.107778,41.47550218,22.16215643
SierraPlata,5,2064,-5.788333,36.107778,42.52060308,26.76644582
SierraPlata,5,2065,-5.788333,36.107778,43.72690116,26.64478504
SierraPlata,5,2066,-5.788333,36.107778,109.0226421,27.27146252
SierraPlata,5,2067,-5.788333,36.107778,57.87019529,23.41695655
SierraPlata,5,2068,-5.788333,36.107778,55.86815514,26.13302691
SierraPlata,5,2069,-5.788333,36.107778,81.8964277,19.87207996
SierraPlata,5,2070,-5.788333,36.107778,62.27860299,25.51956649
SierraPlata,5,2071,-5.788333,36.107778,120.3991724,25.8618861
SierraPlata,5,2072,-5.788333,36.107778,46.94324153,26.27910865
SierraPlata,5,2073,-5.788333,36.107778,44.76553507,28.7691609
SierraPlata,5,2074,-5.788333,36.107778,64.88351439,27.24511207
SierraPlata,5,2075,-5.788333,36.107778,31.6262349,25.26304754
SierraPlata,5,2076,-5.788333,36.107778,109.0523111,26.45874988
SierraPlata,5,2077,-5.788333,36.107778,50.59997549,27.11236946
SierraPlata,5,2078,-5.788333,36.107778,41.52823286,24.33674356
SierraPlata,5,2079,-5.788333,36.107778,176.6556311,23.09266101
SierraPlata,5,2080,-5.788333,36.107778,70.58164034,24.9142523
SierraPlata,5,2081,-5.788333,36.107778,31.32554634,30.16621625
SierraPlata,5,2082,-5.788333,36.107778,58.11653704,25.64277974
SierraPlata,5,2083,-5.788333,36.107778,36.89573051,28.88497314
SierraPlata,5,2084,-5.788333,36.107778,174.4798067,23.03086095
SierraPlata,5,2085,-5.788333,36.107778,58.21868415,27.05727933
SierraPlata,5,2086,-5.788333,36.107778,24.74122791,28.07571096
SierraPlata,5,2087,-5.788333,36.107778,66.48398329,22.26243326
SierraPlata,5,2088,-5.788333,36.107778,130.9211258,24.41585496
SierraPlata,5,2089,-5.788333,36.107778,149.8192829,23.63888432
SierraPlata,5,2090,-5.788333,36.107778,35.08903591,25.64143204
SierraPlata,5,2091,-5.788333,36.107778,136.180243,24.60766287
SierraPlata,5,2092,-5.788333,36.107778,209.2063419,17.81710304
SierraPlata,5,2093,-5.788333,36.107778,41.67396689,27.26116825
SierraPlata,5,2094,-5.788333,36.107778,57.97844757,22.27936657
SierraPlata,5,2095,-5.788333,36.107778,162.8841436,20.11703964
SierraPlata,5,2096,-5.788333,36.107778,99.80302305,25.663955
SierraPlata,5,2097,-5.788333,36.107778,90.0503468,24.89924553
SierraPlata,5,2098,-5.788333,36.107778,55.19391357,29.9289283
SierraPlata,5,2099,-5.788333,36.107778,62.68349494,28.27200987
SierraPlata,5,2100,-5.788333,36.107778,48.72335886,24.18601626
SierraPlata,6,2015,-5.788333,36.107778,65.02207562,27.36278076
SierraPlata,6,2016,-5.788333,36.107778,105.7720591,22.05162048
SierraPlata,6,2017,-5.788333,36.107778,52.95637463,28.18379618
SierraPlata,6,2018,-5.788333,36.107778,43.99578635,24.93464152
SierraPlata,6,2019,-5.788333,36.107778,93.37965096,27.26351827
SierraPlata,6,2020,-5.788333,36.107778,141.4502851,27.50091044
SierraPlata,6,2021,-5.788333,36.107778,81.98725118,26.01781006
SierraPlata,6,2022,-5.788333,36.107778,103.270846,20.19614563
SierraPlata,6,2023,-5.788333,36.107778,121.3787989,24.63379008
SierraPlata,6,2024,-5.788333,36.107778,89.56628884,26.50597331
SierraPlata,6,2025,-5.788333,36.107778,93.80588898,26.98196004
SierraPlata,6,2026,-5.788333,36.107778,58.83480749,27.22653605
SierraPlata,6,2027,-5.788333,36.107778,80.5848135,22.64336344
SierraPlata,6,2028,-5.788333,36.107778,54.74103249,26.56425781
SierraPlata,6,2029,-5.788333,36.107778,190.3887356,24.0565094
SierraPlata,6,2030,-5.788333,36.107778,76.5893831,26.80871684
SierraPlata,6,2031,-5.788333,36.107778,87.75875283,27.03983154
SierraPlata,6,2032,-5.788333,36.107778,112.908465,26.19483439
SierraPlata,6,2033,-5.788333,36.107778,49.4912098,27.81958313
SierraPlata,6,2034,-5.788333,36.107778,49.902306,28.17304993
SierraPlata,6,2035,-5.788333,36.107778,68.4432159,25.72252197
SierraPlata,6,2036,-5.788333,36.107778,95.37708534,28.37675781
SierraPlata,6,2037,-5.788333,36.107778,137.6256641,24.86460673
SierraPlata,6,2038,-5.788333,36.107778,50.56450606,27.8595459
SierraPlata,6,2039,-5.788333,36.107778,97.14923529,29.34813741
SierraPlata,6,2040,-5.788333,36.107778,63.84338615,29.60387573
SierraPlata,6,2041,-5.788333,36.107778,86.25601513,24.72249959
SierraPlata,6,2042,-5.788333,36.107778,43.18108,27.27174072
SierraPlata,6,2043,-5.788333,36.107778,79.0065604,28.05234578
SierraPlata,6,2044,-5.788333,36.107778,24.46292926,28.18286438
SierraPlata,6,2045,-5.788333,36.107778,113.4771025,28.19390462
SierraPlata,6,2046,-5.788333,36.107778,60.07813752,28.74308065
SierraPlata,6,2047,-5.788333,36.107778,68.20255923,28.39170125
SierraPlata,6,2048,-5.788333,36.107778,94.64614616,22.35031738
SierraPlata,6,2049,-5.788333,36.107778,103.3846409,26.76169128
SierraPlata,6,2050,-5.788333,36.107778,67.81809187,29.01478475
SierraPlata,6,2051,-5.788333,36.107778,102.0779762,27.1407959
SierraPlata,6,2052,-5.788333,36.107778,55.84193237,25.69975891
SierraPlata,6,2053,-5.788333,36.107778,273.6467403,27.82781982
SierraPlata,6,2054,-5.788333,36.107778,49.70311989,27.05073242
SierraPlata,6,2055,-5.788333,36.107778,81.23962428,25.67949015
SierraPlata,6,2056,-5.788333,36.107778,71.73594912,28.1911733
SierraPlata,6,2057,-5.788333,36.107778,62.71494995,28.4851003
SierraPlata,6,2058,-5.788333,36.107778,51.84098854,27.00781657
SierraPlata,6,2059,-5.788333,36.107778,154.4920027,28.35033061
SierraPlata,6,2060,-5.788333,36.107778,127.7266344,27.0344635
SierraPlata,6,2061,-5.788333,36.107778,39.87104474,29.68833313
SierraPlata,6,2062,-5.788333,36.107778,69.73538671,23.85950623
SierraPlata,6,2063,-5.788333,36.107778,53.83677731,29.14246521
SierraPlata,6,2064,-5.788333,36.107778,116.5859344,29.04710592
SierraPlata,6,2065,-5.788333,36.107778,51.11493377,28.57959493
SierraPlata,6,2066,-5.788333,36.107778,106.1240813,27.66340027
SierraPlata,6,2067,-5.788333,36.107778,108.498729,26.09935099
SierraPlata,6,2068,-5.788333,36.107778,205.36812,28.80492655
SierraPlata,6,2069,-5.788333,36.107778,119.0087315,26.24837138
SierraPlata,6,2070,-5.788333,36.107778,64.99962891,29.55285034
SierraPlata,6,2071,-5.788333,36.107778,59.59139343,28.58878886
SierraPlata,6,2072,-5.788333,36.107778,118.0505916,28.56635335
SierraPlata,6,2073,-5.788333,36.107778,213.5656878,28.00326233
SierraPlata,6,2074,-5.788333,36.107778,263.5225136,25.44019979
SierraPlata,6,2075,-5.788333,36.107778,128.0955849,29.34224243
SierraPlata,6,2076,-5.788333,36.107778,164.681577,28.2864329
SierraPlata,6,2077,-5.788333,36.107778,105.7536216,30.00775757
SierraPlata,6,2078,-5.788333,36.107778,87.22604917,28.55781453
SierraPlata,6,2079,-5.788333,36.107778,107.1500672,29.15690308
SierraPlata,6,2080,-5.788333,36.107778,71.20039291,28.8391805
SierraPlata,6,2081,-5.788333,36.107778,121.8464228,29.2784963
SierraPlata,6,2082,-5.788333,36.107778,83.82742524,28.88287354
SierraPlata,6,2083,-5.788333,36.107778,46.43140206,30.46647441
SierraPlata,6,2084,-5.788333,36.107778,108.7623716,27.75553894
SierraPlata,6,2085,-5.788333,36.107778,61.08409855,31.73824565
SierraPlata,6,2086,-5.788333,36.107778,120.4340199,26.52363688
SierraPlata,6,2087,-5.788333,36.107778,129.0581286,30.18581136
SierraPlata,6,2088,-5.788333,36.107778,106.1529854,26.95941772
SierraPlata,6,2089,-5.788333,36.107778,70.64678834,28.30250956
SierraPlata,6,2090,-5.788333,36.107778,135.8446835,27.33485819
SierraPlata,6,2091,-5.788333,36.107778,84.70816733,31.70746257
SierraPlata,6,2092,-5.788333,36.107778,99.13115991,28.89022522
SierraPlata,6,2093,-5.788333,36.107778,266.0208297,27.43182475
SierraPlata,6,2094,-5.788333,36.107778,64.5652692,32.04562378
SierraPlata,6,2095,-5.788333,36.107778,47.86248485,29.12627563
SierraPlata,6,2096,-5.788333,36.107778,100.3021906,29.72119751
SierraPlata,6,2097,-5.788333,36.107778,125.3675727,30.97142639
SierraPlata,6,2098,-5.788333,36.107778,186.3437394,29.10294698
SierraPlata,6,2099,-5.788333,36.107778,194.7813587,27.31389567
SierraPlata,6,2100,-5.788333,36.107778,73.06521979,32.16689758
SierraPlata,7,2015,-5.788333,36.107778,45.05125663,32.24889329
SierraPlata,7,2016,-5.788333,36.107778,122.1238722,28.84056515
SierraPlata,7,2017,-5.788333,36.107778,49.41304877,31.69620027
SierraPlata,7,2018,-5.788333,36.107778,103.535482,30.40673316
SierraPlata,7,2019,-5.788333,36.107778,55.73107892,30.89425935
SierraPlata,7,2020,-5.788333,36.107778,86.76051974,29.89248145
SierraPlata,7,2021,-5.788333,36.107778,113.4036428,31.37604823
SierraPlata,7,2022,-5.788333,36.107778,49.93437064,31.26061992
SierraPlata,7,2023,-5.788333,36.107778,109.7349308,27.69992144
SierraPlata,7,2024,-5.788333,36.107778,79.44941846,32.91988132
SierraPlata,7,2025,-5.788333,36.107778,102.2722371,31.76628044
SierraPlata,7,2026,-5.788333,36.107778,75.76580291,32.74622645
SierraPlata,7,2027,-5.788333,36.107778,52.19703916,31.82512424
SierraPlata,7,2028,-5.788333,36.107778,111.7422239,31.39293233
SierraPlata,7,2029,-5.788333,36.107778,59.79149348,29.90450439
SierraPlata,7,2030,-5.788333,36.107778,65.36251554,34.00753961
SierraPlata,7,2031,-5.788333,36.107778,116.4973814,32.28933598
SierraPlata,7,2032,-5.788333,36.107778,55.15913379,29.84560055
SierraPlata,7,2033,-5.788333,36.107778,41.07522805,31.86024603
SierraPlata,7,2034,-5.788333,36.107778,103.4365099,29.95746224
SierraPlata,7,2035,-5.788333,36.107778,147.2266471,30.48364632
SierraPlata,7,2036,-5.788333,36.107778,56.24751431,32.27286731
SierraPlata,7,2037,-5.788333,36.107778,69.34635807,31.55461544
SierraPlata,7,2038,-5.788333,36.107778,51.72497496,32.76675297
SierraPlata,7,2039,-5.788333,36.107778,73.2819168,33.41194675
SierraPlata,7,2040,-5.788333,36.107778,120.0973992,29.32339852
SierraPlata,7,2041,-5.788333,36.107778,58.49894244,30.62692044
SierraPlata,7,2042,-5.788333,36.107778,46.2241658,33.4123543
SierraPlata,7,2043,-5.788333,36.107778,89.82254262,33.13799537
SierraPlata,7,2044,-5.788333,36.107778,50.79247153,31.83885026
SierraPlata,7,2045,-5.788333,36.107778,75.24543398,32.27850125
SierraPlata,7,2046,-5.788333,36.107778,45.6709581,31.77167713
SierraPlata,7,2047,-5.788333,36.107778,64.86022873,32.52726775
SierraPlata,7,2048,-5.788333,36.107778,38.81596466,30.95882667
SierraPlata,7,2049,-5.788333,36.107778,130.7178477,30.89594175
SierraPlata,7,2050,-5.788333,36.107778,91.11240421,31.30678514
SierraPlata,7,2051,-5.788333,36.107778,87.38170513,32.79405636
SierraPlata,7,2052,-5.788333,36.107778,58.1318449,33.53016594
SierraPlata,7,2053,-5.788333,36.107778,106.9058542,29.75373082
SierraPlata,7,2054,-5.788333,36.107778,96.24947358,33.35820037
SierraPlata,7,2055,-5.788333,36.107778,37.32546073,32.67414492
SierraPlata,7,2056,-5.788333,36.107778,63.73396168,33.57778616
SierraPlata,7,2057,-5.788333,36.107778,50.34589323,33.63474574
SierraPlata,7,2058,-5.788333,36.107778,50.51577399,34.03094955
SierraPlata,7,2059,-5.788333,36.107778,56.53100131,32.87664283
SierraPlata,7,2060,-5.788333,36.107778,68.41922771,32.83615191
SierraPlata,7,2061,-5.788333,36.107778,74.86542071,33.37883222
SierraPlata,7,2062,-5.788333,36.107778,88.28173686,32.45699857
SierraPlata,7,2063,-5.788333,36.107778,87.00836107,34.3799279
SierraPlata,7,2064,-5.788333,36.107778,83.99385291,34.67037944
SierraPlata,7,2065,-5.788333,36.107778,127.4310797,32.39025859
SierraPlata,7,2066,-5.788333,36.107778,48.86908607,33.12091537
SierraPlata,7,2067,-5.788333,36.107778,89.00362207,32.22923899
SierraPlata,7,2068,-5.788333,36.107778,49.54871564,34.00135833
SierraPlata,7,2069,-5.788333,36.107778,64.76144322,33.60570679
SierraPlata,7,2070,-5.788333,36.107778,67.23807051,33.08290917
SierraPlata,7,2071,-5.788333,36.107778,70.24851451,34.21290126
SierraPlata,7,2072,-5.788333,36.107778,48.5166911,33.75860281
SierraPlata,7,2073,-5.788333,36.107778,76.86792744,33.87937858
SierraPlata,7,2074,-5.788333,36.107778,61.29141393,31.50432838
SierraPlata,7,2075,-5.788333,36.107778,89.54732181,32.4493613
SierraPlata,7,2076,-5.788333,36.107778,35.3418931,34.74258502
SierraPlata,7,2077,-5.788333,36.107778,48.01197496,35.22108883
SierraPlata,7,2078,-5.788333,36.107778,93.60284125,33.62515042
SierraPlata,7,2079,-5.788333,36.107778,74.0447155,34.70167473
SierraPlata,7,2080,-5.788333,36.107778,81.44629253,34.29445407
SierraPlata,7,2081,-5.788333,36.107778,62.38942104,33.54752945
SierraPlata,7,2082,-5.788333,36.107778,79.0525583,32.49800533
SierraPlata,7,2083,-5.788333,36.107778,57.43091232,35.10670993
SierraPlata,7,2084,-5.788333,36.107778,100.8402605,33.04505458
SierraPlata,7,2085,-5.788333,36.107778,65.89528028,36.16141909
SierraPlata,7,2086,-5.788333,36.107778,79.0368894,34.40197242
SierraPlata,7,2087,-5.788333,36.107778,39.43693824,33.91791835
SierraPlata,7,2088,-5.788333,36.107778,96.65361648,31.31712765
SierraPlata,7,2089,-5.788333,36.107778,62.0676125,35.91138069
SierraPlata,7,2090,-5.788333,36.107778,95.90241479,34.4616018
SierraPlata,7,2091,-5.788333,36.107778,25.60456151,36.44315442
SierraPlata,7,2092,-5.788333,36.107778,103.3447833,33.41029683
SierraPlata,7,2093,-5.788333,36.107778,136.9004218,31.233983
SierraPlata,7,2094,-5.788333,36.107778,60.79304474,36.96313358
SierraPlata,7,2095,-5.788333,36.107778,79.2626778,33.7483804
SierraPlata,7,2096,-5.788333,36.107778,69.09825179,35.80905033
SierraPlata,7,2097,-5.788333,36.107778,100.525059,33.58147091
SierraPlata,7,2098,-5.788333,36.107778,127.496706,30.93401686
SierraPlata,7,2099,-5.788333,36.107778,77.1847597,35.79147418
SierraPlata,7,2100,-5.788333,36.107778,88.08131381,35.38181901
SierraPlata,8,2015,-5.788333,36.107778,41.83775883,30.42531935
SierraPlata,8,2016,-5.788333,36.107778,43.15745927,30.04665429
SierraPlata,8,2017,-5.788333,36.107778,32.5334791,31.87476452
SierraPlata,8,2018,-5.788333,36.107778,67.08083916,31.69016468
SierraPlata,8,2019,-5.788333,36.107778,67.31387255,30.3365447
SierraPlata,8,2020,-5.788333,36.107778,41.67990327,31.60875658
SierraPlata,8,2021,-5.788333,36.107778,54.85988321,30.75645673
SierraPlata,8,2022,-5.788333,36.107778,50.93612633,30.93096313
SierraPlata,8,2023,-5.788333,36.107778,60.06139751,30.35454909
SierraPlata,8,2024,-5.788333,36.107778,47.5099074,33.12743235
SierraPlata,8,2025,-5.788333,36.107778,88.67588941,30.3895813
SierraPlata,8,2026,-5.788333,36.107778,38.85043337,32.6278153
SierraPlata,8,2027,-5.788333,36.107778,70.090482,32.66594061
SierraPlata,8,2028,-5.788333,36.107778,74.07159625,30.49609355
SierraPlata,8,2029,-5.788333,36.107778,80.4832178,31.30037251
SierraPlata,8,2030,-5.788333,36.107778,67.02552881,31.83528561
SierraPlata,8,2031,-5.788333,36.107778,88.34221825,28.6742158
SierraPlata,8,2032,-5.788333,36.107778,40.12444676,32.48714107
SierraPlata,8,2033,-5.788333,36.107778,97.81274705,30.58490463
SierraPlata,8,2034,-5.788333,36.107778,70.11057266,31.4061612
SierraPlata,8,2035,-5.788333,36.107778,58.17633891,31.69618452
SierraPlata,8,2036,-5.788333,36.107778,48.8816005,32.52635321
SierraPlata,8,2037,-5.788333,36.107778,39.67178683,32.73738226
SierraPlata,8,2038,-5.788333,36.107778,49.94267092,33.09458461
SierraPlata,8,2039,-5.788333,36.107778,41.86560986,31.9245131
SierraPlata,8,2040,-5.788333,36.107778,67.55184636,31.9629997
SierraPlata,8,2041,-5.788333,36.107778,28.51184681,33.61399969
SierraPlata,8,2042,-5.788333,36.107778,58.58868474,33.63839407
SierraPlata,8,2043,-5.788333,36.107778,56.83644557,31.61947809
SierraPlata,8,2044,-5.788333,36.107778,47.492446,32.87984718
SierraPlata,8,2045,-5.788333,36.107778,46.22624309,32.66620838
SierraPlata,8,2046,-5.788333,36.107778,26.99867517,33.21715403
SierraPlata,8,2047,-5.788333,36.107778,67.51419858,31.80500429
SierraPlata,8,2048,-5.788333,36.107778,84.60786047,31.86166756
SierraPlata,8,2049,-5.788333,36.107778,55.38199514,32.41987147
SierraPlata,8,2050,-5.788333,36.107778,95.59774243,32.21661456
SierraPlata,8,2051,-5.788333,36.107778,46.77420641,33.17098881
SierraPlata,8,2052,-5.788333,36.107778,43.92399407,32.86053349
SierraPlata,8,2053,-5.788333,36.107778,48.88072948,32.22267082
SierraPlata,8,2054,-5.788333,36.107778,80.20073315,32.14980173
SierraPlata,8,2055,-5.788333,36.107778,59.4642471,31.9536121
SierraPlata,8,2056,-5.788333,36.107778,58.51092597,34.00658865
SierraPlata,8,2057,-5.788333,36.107778,17.74451209,34.36640172
SierraPlata,8,2058,-5.788333,36.107778,63.93054022,32.86830267
SierraPlata,8,2059,-5.788333,36.107778,75.20948748,33.87467297
SierraPlata,8,2060,-5.788333,36.107778,48.2037532,33.58932475
SierraPlata,8,2061,-5.788333,36.107778,37.9945297,32.10443292
SierraPlata,8,2062,-5.788333,36.107778,55.1195098,34.78773331
SierraPlata,8,2063,-5.788333,36.107778,69.29281219,32.78969431
SierraPlata,8,2064,-5.788333,36.107778,79.63222459,32.91057838
SierraPlata,8,2065,-5.788333,36.107778,61.5613396,32.85134376
SierraPlata,8,2066,-5.788333,36.107778,46.96562246,34.30104685
SierraPlata,8,2067,-5.788333,36.107778,77.55575678,32.78130395
SierraPlata,8,2068,-5.788333,36.107778,42.29738009,33.68924029
SierraPlata,8,2069,-5.788333,36.107778,71.96428118,34.24438162
SierraPlata,8,2070,-5.788333,36.107778,49.9813137,34.47143043
SierraPlata,8,2071,-5.788333,36.107778,146.9417798,29.79671729
SierraPlata,8,2072,-5.788333,36.107778,76.71849374,32.84513589
SierraPlata,8,2073,-5.788333,36.107778,55.83753043,35.21116865
SierraPlata,8,2074,-5.788333,36.107778,97.5572221,31.79540307
SierraPlata,8,2075,-5.788333,36.107778,76.82644108,33.7621773
SierraPlata,8,2076,-5.788333,36.107778,112.1648753,31.60353905
SierraPlata,8,2077,-5.788333,36.107778,37.60499609,34.80974141
SierraPlata,8,2078,-5.788333,36.107778,34.98501832,36.6941172
SierraPlata,8,2079,-5.788333,36.107778,73.18329396,34.03778056
SierraPlata,8,2080,-5.788333,36.107778,24.36080073,35.93812492
SierraPlata,8,2081,-5.788333,36.107778,61.62762036,35.28378375
SierraPlata,8,2082,-5.788333,36.107778,112.5383305,34.39099692
SierraPlata,8,2083,-5.788333,36.107778,77.81891172,35.78446301
SierraPlata,8,2084,-5.788333,36.107778,52.62291668,34.39266456
SierraPlata,8,2085,-5.788333,36.107778,23.46520127,34.81469707
SierraPlata,8,2086,-5.788333,36.107778,57.83993446,34.05648095
SierraPlata,8,2087,-5.788333,36.107778,62.65617859,34.47687043
SierraPlata,8,2088,-5.788333,36.107778,57.64871242,34.10197478
SierraPlata,8,2089,-5.788333,36.107778,21.81429013,35.2609625
SierraPlata,8,2090,-5.788333,36.107778,67.70219042,34.95781368
SierraPlata,8,2091,-5.788333,36.107778,39.88023855,37.03101649
SierraPlata,8,2092,-5.788333,36.107778,63.1659767,35.72166276
SierraPlata,8,2093,-5.788333,36.107778,70.22717558,33.9651379
SierraPlata,8,2094,-5.788333,36.107778,32.60826814,37.79903761
SierraPlata,8,2095,-5.788333,36.107778,70.97092704,34.49394354
SierraPlata,8,2096,-5.788333,36.107778,47.94325884,36.58296332
SierraPlata,8,2097,-5.788333,36.107778,68.89456809,35.74818745
SierraPlata,8,2098,-5.788333,36.107778,19.31008772,34.46412393
SierraPlata,8,2099,-5.788333,36.107778,93.07765193,31.97825751
SierraPlata,8,2100,-5.788333,36.107778,41.48693801,36.60812752
SierraPlata,9,2015,-5.788333,36.107778,101.6221289,26.65684611
SierraPlata,9,2016,-5.788333,36.107778,101.5264416,25.19356079
SierraPlata,9,2017,-5.788333,36.107778,61.19479391,28.7271108
SierraPlata,9,2018,-5.788333,36.107778,76.41637476,24.88515727
SierraPlata,9,2019,-5.788333,36.107778,59.47277451,27.99203796
SierraPlata,9,2020,-5.788333,36.107778,72.98402464,26.14356893
SierraPlata,9,2021,-5.788333,36.107778,55.60491611,25.21778768
SierraPlata,9,2022,-5.788333,36.107778,120.6651472,25.70561523
SierraPlata,9,2023,-5.788333,36.107778,53.89875519,26.86835531
SierraPlata,9,2024,-5.788333,36.107778,99.81015346,25.71776428
SierraPlata,9,2025,-5.788333,36.107778,103.7925949,23.91383565
SierraPlata,9,2026,-5.788333,36.107778,88.07208951,25.6744161
SierraPlata,9,2027,-5.788333,36.107778,32.26833542,26.74070129
SierraPlata,9,2028,-5.788333,36.107778,71.0164338,26.83994242
SierraPlata,9,2029,-5.788333,36.107778,57.42919552,26.35091451
SierraPlata,9,2030,-5.788333,36.107778,117.4977813,26.55979614
SierraPlata,9,2031,-5.788333,36.107778,51.95467575,26.08223368
SierraPlata,9,2032,-5.788333,36.107778,85.12267597,26.11966654
SierraPlata,9,2033,-5.788333,36.107778,128.2537336,24.10019938
SierraPlata,9,2034,-5.788333,36.107778,67.21217132,25.83168742
SierraPlata,9,2035,-5.788333,36.107778,42.1760342,27.00574341
SierraPlata,9,2036,-5.788333,36.107778,108.5968854,24.40023397
SierraPlata,9,2037,-5.788333,36.107778,36.51960796,28.3229421
SierraPlata,9,2038,-5.788333,36.107778,78.65850171,25.96999003
SierraPlata,9,2039,-5.788333,36.107778,67.87967742,26.90432027
SierraPlata,9,2040,-5.788333,36.107778,67.40876886,25.45624084
SierraPlata,9,2041,-5.788333,36.107778,72.63093528,27.72121175
SierraPlata,9,2042,-5.788333,36.107778,117.7971147,25.73380839
SierraPlata,9,2043,-5.788333,36.107778,82.10174254,25.69419556
SierraPlata,9,2044,-5.788333,36.107778,47.11802663,29.28228556
SierraPlata,9,2045,-5.788333,36.107778,52.19943061,26.68302104
SierraPlata,9,2046,-5.788333,36.107778,48.01786855,28.64653625
SierraPlata,9,2047,-5.788333,36.107778,168.1690489,24.94240723
SierraPlata,9,2048,-5.788333,36.107778,53.00510316,27.28094889
SierraPlata,9,2049,-5.788333,36.107778,89.11020615,26.37019043
SierraPlata,9,2050,-5.788333,36.107778,98.041837,26.22377218
SierraPlata,9,2051,-5.788333,36.107778,52.63869645,27.66639201
SierraPlata,9,2052,-5.788333,36.107778,73.36385971,28.29583537
SierraPlata,9,2053,-5.788333,36.107778,123.6422807,26.8329539
SierraPlata,9,2054,-5.788333,36.107778,71.63740398,28.92102661
SierraPlata,9,2055,-5.788333,36.107778,81.01839283,26.84522909
SierraPlata,9,2056,-5.788333,36.107778,49.15041395,27.4591746
SierraPlata,9,2057,-5.788333,36.107778,45.93323179,28.9748057
SierraPlata,9,2058,-5.788333,36.107778,82.11306749,26.09436239
SierraPlata,9,2059,-5.788333,36.107778,62.22505912,29.27229513
SierraPlata,9,2060,-5.788333,36.107778,166.7433698,24.83260295
SierraPlata,9,2061,-5.788333,36.107778,103.7542049,28.3188385
SierraPlata,9,2062,-5.788333,36.107778,102.5338323,29.48455607
SierraPlata,9,2063,-5.788333,36.107778,47.36068349,28.07701721
SierraPlata,9,2064,-5.788333,36.107778,46.33463034,27.6907725
SierraPlata,9,2065,-5.788333,36.107778,67.64405503,29.28123169
SierraPlata,9,2066,-5.788333,36.107778,69.97399406,29.47034505
SierraPlata,9,2067,-5.788333,36.107778,113.0937652,26.75270589
SierraPlata,9,2068,-5.788333,36.107778,36.30801067,28.56176554
SierraPlata,9,2069,-5.788333,36.107778,72.02034124,28.3122996
SierraPlata,9,2070,-5.788333,36.107778,69.84009782,28.92534078
SierraPlata,9,2071,-5.788333,36.107778,58.27475327,29.99298197
SierraPlata,9,2072,-5.788333,36.107778,39.63696374,28.46964722
SierraPlata,9,2073,-5.788333,36.107778,55.96279252,29.71316325
SierraPlata,9,2074,-5.788333,36.107778,164.9976925,26.80036723
SierraPlata,9,2075,-5.788333,36.107778,111.2992217,28.88324585
SierraPlata,9,2076,-5.788333,36.107778,108.3275639,26.29450989
SierraPlata,9,2077,-5.788333,36.107778,187.0522807,23.95023499
SierraPlata,9,2078,-5.788333,36.107778,37.40463215,32.06572266
SierraPlata,9,2079,-5.788333,36.107778,63.77799911,28.7604126
SierraPlata,9,2080,-5.788333,36.107778,47.45616018,30.32178446
SierraPlata,9,2081,-5.788333,36.107778,127.0703366,26.30270793
SierraPlata,9,2082,-5.788333,36.107778,68.67423841,29.0265981
SierraPlata,9,2083,-5.788333,36.107778,109.5465795,30.44188639
SierraPlata,9,2084,-5.788333,36.107778,47.65065827,29.01198425
SierraPlata,9,2085,-5.788333,36.107778,46.5481941,29.59851786
SierraPlata,9,2086,-5.788333,36.107778,72.60470912,29.87734172
SierraPlata,9,2087,-5.788333,36.107778,67.74014072,30.61467997
SierraPlata,9,2088,-5.788333,36.107778,36.12057016,29.26948954
SierraPlata,9,2089,-5.788333,36.107778,42.96160661,31.1569519
SierraPlata,9,2090,-5.788333,36.107778,38.7324951,29.89252726
SierraPlata,9,2091,-5.788333,36.107778,17.75889001,31.22068176
SierraPlata,9,2092,-5.788333,36.107778,57.09618191,29.08295797
SierraPlata,9,2093,-5.788333,36.107778,27.68452271,29.10314331
SierraPlata,9,2094,-5.788333,36.107778,77.91010242,31.40940145
SierraPlata,9,2095,-5.788333,36.107778,44.66274356,30.1498291
SierraPlata,9,2096,-5.788333,36.107778,101.6065497,29.14754232
SierraPlata,9,2097,-5.788333,36.107778,54.61990181,30.45243123
SierraPlata,9,2098,-5.788333,36.107778,158.7749492,28.86553548
SierraPlata,9,2099,-5.788333,36.107778,197.7296789,27.07234904
SierraPlata,9,2100,-5.788333,36.107778,28.62930108,30.10253194
SierraRetinY4,1,2015,-5.848056,36.173056,6.164272203,10.9335335
SierraRetinY4,1,2016,-5.848056,36.173056,65.3406584,10.33381092
SierraRetinY4,1,2017,-5.848056,36.173056,13.37374009,14.78664354
SierraRetinY4,1,2018,-5.848056,36.173056,31.78027838,11.07513605
SierraRetinY4,1,2019,-5.848056,36.173056,13.45057078,12.99073624
SierraRetinY4,1,2020,-5.848056,36.173056,17.4865033,12.13729346
SierraRetinY4,1,2021,-5.848056,36.173056,9.886489123,12.41431727
SierraRetinY4,1,2022,-5.848056,36.173056,124.2723979,9.321541866
SierraRetinY4,1,2023,-5.848056,36.173056,5.870315523,13.61226807
SierraRetinY4,1,2024,-5.848056,36.173056,9.849419874,14.89918252
SierraRetinY4,1,2025,-5.848056,36.173056,92.00610493,10.03883588
SierraRetinY4,1,2026,-5.848056,36.173056,34.64407833,11.28764077
SierraRetinY4,1,2027,-5.848056,36.173056,45.64543805,13.12379387
SierraRetinY4,1,2028,-5.848056,36.173056,45.54854043,10.25912357
SierraRetinY4,1,2029,-5.848056,36.173056,17.91194555,12.75790779
SierraRetinY4,1,2030,-5.848056,36.173056,2.008728138,13.33031321
SierraRetinY4,1,2031,-5.848056,36.173056,36.23691975,13.42561764
SierraRetinY4,1,2032,-5.848056,36.173056,77.56464638,12.24502839
SierraRetinY4,1,2033,-5.848056,36.173056,36.81369627,9.680592986
SierraRetinY4,1,2034,-5.848056,36.173056,57.32517534,9.629608942
SierraRetinY4,1,2035,-5.848056,36.173056,21.9303979,13.93768488
SierraRetinY4,1,2036,-5.848056,36.173056,23.70633918,14.19972652
SierraRetinY4,1,2037,-5.848056,36.173056,18.35427051,11.43146815
SierraRetinY4,1,2038,-5.848056,36.173056,77.83028889,11.04053699
SierraRetinY4,1,2039,-5.848056,36.173056,40.06265691,11.72582791
SierraRetinY4,1,2040,-5.848056,36.173056,11.54531058,11.85500488
SierraRetinY4,1,2041,-5.848056,36.173056,69.64765452,12.19207646
SierraRetinY4,1,2042,-5.848056,36.173056,18.2988662,13.22914744
SierraRetinY4,1,2043,-5.848056,36.173056,31.04636719,13.86302018
SierraRetinY4,1,2044,-5.848056,36.173056,81.51727817,11.60786271
SierraRetinY4,1,2045,-5.848056,36.173056,2.622030871,15.95038413
SierraRetinY4,1,2046,-5.848056,36.173056,24.02399939,11.24613293
SierraRetinY4,1,2047,-5.848056,36.173056,5.104409073,15.06168863
SierraRetinY4,1,2048,-5.848056,36.173056,8.804350889,12.75469754
SierraRetinY4,1,2049,-5.848056,36.173056,18.10300565,13.31274887
SierraRetinY4,1,2050,-5.848056,36.173056,10.76686255,12.76338127
SierraRetinY4,1,2051,-5.848056,36.173056,44.78609927,12.08723184
SierraRetinY4,1,2052,-5.848056,36.173056,1.984603559,16.51689177
SierraRetinY4,1,2053,-5.848056,36.173056,23.20290226,13.62728075
SierraRetinY4,1,2054,-5.848056,36.173056,76.52944398,9.951716072
SierraRetinY4,1,2055,-5.848056,36.173056,10.70138752,15.01902604
SierraRetinY4,1,2056,-5.848056,36.173056,17.21351803,12.07415949
SierraRetinY4,1,2057,-5.848056,36.173056,24.87427286,14.66342833
SierraRetinY4,1,2058,-5.848056,36.173056,15.36901838,14.24498901
SierraRetinY4,1,2059,-5.848056,36.173056,59.55285851,13.03767326
SierraRetinY4,1,2060,-5.848056,36.173056,7.993221626,13.14951329
SierraRetinY4,1,2061,-5.848056,36.173056,2.024765534,14.76355551
SierraRetinY4,1,2062,-5.848056,36.173056,16.0065717,12.93030947
SierraRetinY4,1,2063,-5.848056,36.173056,40.02079101,12.27999268
SierraRetinY4,1,2064,-5.848056,36.173056,65.11164229,13.6206289
SierraRetinY4,1,2065,-5.848056,36.173056,52.37024159,11.44432393
SierraRetinY4,1,2066,-5.848056,36.173056,17.44505193,13.03072214
SierraRetinY4,1,2067,-5.848056,36.173056,3.237635824,15.36011215
SierraRetinY4,1,2068,-5.848056,36.173056,77.62868104,11.45949215
SierraRetinY4,1,2069,-5.848056,36.173056,15.86963537,15.48670989
SierraRetinY4,1,2070,-5.848056,36.173056,63.31425713,13.48306255
SierraRetinY4,1,2071,-5.848056,36.173056,37.95385248,13.74463363
SierraRetinY4,1,2072,-5.848056,36.173056,22.42006773,12.4079519
SierraRetinY4,1,2073,-5.848056,36.173056,46.0916096,13.39485592
SierraRetinY4,1,2074,-5.848056,36.173056,22.89132052,15.38897784
SierraRetinY4,1,2075,-5.848056,36.173056,35.14946283,13.19654876
SierraRetinY4,1,2076,-5.848056,36.173056,15.15468484,12.2546306
SierraRetinY4,1,2077,-5.848056,36.173056,6.735347425,15.50169697
SierraRetinY4,1,2078,-5.848056,36.173056,20.32581426,11.58927061
SierraRetinY4,1,2079,-5.848056,36.173056,7.16014857,15.81360631
SierraRetinY4,1,2080,-5.848056,36.173056,63.30749572,11.189069
SierraRetinY4,1,2081,-5.848056,36.173056,7.353081292,14.86522729
SierraRetinY4,1,2082,-5.848056,36.173056,8.787698747,14.12657294
SierraRetinY4,1,2083,-5.848056,36.173056,2.232564753,15.67043457
SierraRetinY4,1,2084,-5.848056,36.173056,11.77702601,15.8545166
SierraRetinY4,1,2085,-5.848056,36.173056,36.46901843,16.74167638
SierraRetinY4,1,2086,-5.848056,36.173056,73.70955688,14.44601519
SierraRetinY4,1,2087,-5.848056,36.173056,51.78583458,13.74438851
SierraRetinY4,1,2088,-5.848056,36.173056,6.164577055,15.39072817
SierraRetinY4,1,2089,-5.848056,36.173056,8.267244655,14.68629387
SierraRetinY4,1,2090,-5.848056,36.173056,22.54915663,14.67691217
SierraRetinY4,1,2091,-5.848056,36.173056,17.07719513,15.63485009
SierraRetinY4,1,2092,-5.848056,36.173056,13.25995477,15.7911375
SierraRetinY4,1,2093,-5.848056,36.173056,6.389007783,14.60252508
SierraRetinY4,1,2094,-5.848056,36.173056,124.9355616,13.47372318
SierraRetinY4,1,2095,-5.848056,36.173056,20.14817119,14.23527064
SierraRetinY4,1,2096,-5.848056,36.173056,11.18055227,13.23789909
SierraRetinY4,1,2097,-5.848056,36.173056,14.97312233,14.47004139
SierraRetinY4,1,2098,-5.848056,36.173056,2.158287935,18.60824565
SierraRetinY4,1,2099,-5.848056,36.173056,34.70589981,13.7124622
SierraRetinY4,1,2100,-5.848056,36.173056,10.28052693,16.35295824
SierraRetinY4,10,2015,-5.848056,36.173056,83.75183137,20.59304396
SierraRetinY4,10,2016,-5.848056,36.173056,42.32269931,19.79761707
SierraRetinY4,10,2017,-5.848056,36.173056,50.80549132,19.10287653
SierraRetinY4,10,2018,-5.848056,36.173056,72.08835365,19.69344679
SierraRetinY4,10,2019,-5.848056,36.173056,63.99326741,22.0658272
SierraRetinY4,10,2020,-5.848056,36.173056,76.22714293,17.59039681
SierraRetinY4,10,2021,-5.848056,36.173056,84.26535463,19.18958287
SierraRetinY4,10,2022,-5.848056,36.173056,271.0707922,16.77562571
SierraRetinY4,10,2023,-5.848056,36.173056,29.02560689,22.95855299
SierraRetinY4,10,2024,-5.848056,36.173056,153.5327856,17.10531203
SierraRetinY4,10,2025,-5.848056,36.173056,181.4963282,16.37296989
SierraRetinY4,10,2026,-5.848056,36.173056,75.89221561,18.36489455
SierraRetinY4,10,2027,-5.848056,36.173056,67.51849624,22.26541413
SierraRetinY4,10,2028,-5.848056,36.173056,79.69104213,20.14873165
SierraRetinY4,10,2029,-5.848056,36.173056,27.96333132,18.87397205
SierraRetinY4,10,2030,-5.848056,36.173056,57.1727113,19.93108225
SierraRetinY4,10,2031,-5.848056,36.173056,226.5560305,17.32243672
SierraRetinY4,10,2032,-5.848056,36.173056,90.35120542,19.37857824
SierraRetinY4,10,2033,-5.848056,36.173056,117.932246,20.60440634
SierraRetinY4,10,2034,-5.848056,36.173056,57.44356456,21.55007423
SierraRetinY4,10,2035,-5.848056,36.173056,82.7089785,18.96875374
SierraRetinY4,10,2036,-5.848056,36.173056,96.38958744,17.57748886
SierraRetinY4,10,2037,-5.848056,36.173056,44.39409119,18.26578034
SierraRetinY4,10,2038,-5.848056,36.173056,24.31632435,22.46077684
SierraRetinY4,10,2039,-5.848056,36.173056,54.9949976,20.12656604
SierraRetinY4,10,2040,-5.848056,36.173056,222.5232823,18.19697108
SierraRetinY4,10,2041,-5.848056,36.173056,113.9548012,18.72797497
SierraRetinY4,10,2042,-5.848056,36.173056,32.75408441,21.09203983
SierraRetinY4,10,2043,-5.848056,36.173056,63.42414523,18.57658022
SierraRetinY4,10,2044,-5.848056,36.173056,92.58709217,21.12574994
SierraRetinY4,10,2045,-5.848056,36.173056,87.98216598,19.10464852
SierraRetinY4,10,2046,-5.848056,36.173056,150.3216548,20.45777824
SierraRetinY4,10,2047,-5.848056,36.173056,48.15724054,21.06614222
SierraRetinY4,10,2048,-5.848056,36.173056,73.23235294,19.50155029
SierraRetinY4,10,2049,-5.848056,36.173056,102.1181569,22.16889491
SierraRetinY4,10,2050,-5.848056,36.173056,58.93468343,23.0071675
SierraRetinY4,10,2051,-5.848056,36.173056,36.55448393,22.24452633
SierraRetinY4,10,2052,-5.848056,36.173056,64.87815111,21.17475232
SierraRetinY4,10,2053,-5.848056,36.173056,29.24950763,22.19689528
SierraRetinY4,10,2054,-5.848056,36.173056,43.10920447,21.21254784
SierraRetinY4,10,2055,-5.848056,36.173056,136.4933427,17.1575089
SierraRetinY4,10,2056,-5.848056,36.173056,39.35813754,20.81880513
SierraRetinY4,10,2057,-5.848056,36.173056,97.6780268,20.10714407
SierraRetinY4,10,2058,-5.848056,36.173056,120.0989036,21.15906037
SierraRetinY4,10,2059,-5.848056,36.173056,82.08935343,22.44918016
SierraRetinY4,10,2060,-5.848056,36.173056,42.3775345,18.66959091
SierraRetinY4,10,2061,-5.848056,36.173056,146.894599,20.63605307
SierraRetinY4,10,2062,-5.848056,36.173056,23.61989436,20.99565056
SierraRetinY4,10,2063,-5.848056,36.173056,56.48063809,22.1272837
SierraRetinY4,10,2064,-5.848056,36.173056,86.36480019,22.45349003
SierraRetinY4,10,2065,-5.848056,36.173056,60.48267111,22.9869373
SierraRetinY4,10,2066,-5.848056,36.173056,63.7795417,22.0265058
SierraRetinY4,10,2067,-5.848056,36.173056,76.99542938,21.18954054
SierraRetinY4,10,2068,-5.848056,36.173056,71.79970251,19.56061165
SierraRetinY4,10,2069,-5.848056,36.173056,135.0725308,21.8381641
SierraRetinY4,10,2070,-5.848056,36.173056,93.69635287,22.35429215
SierraRetinY4,10,2071,-5.848056,36.173056,72.68608809,24.22063697
SierraRetinY4,10,2072,-5.848056,36.173056,61.71964553,23.34059763
SierraRetinY4,10,2073,-5.848056,36.173056,117.1562097,21.00371901
SierraRetinY4,10,2074,-5.848056,36.173056,175.1417948,17.64751095
SierraRetinY4,10,2075,-5.848056,36.173056,18.5307886,24.80715332
SierraRetinY4,10,2076,-5.848056,36.173056,53.41423317,22.50002835
SierraRetinY4,10,2077,-5.848056,36.173056,60.66151459,20.23461501
SierraRetinY4,10,2078,-5.848056,36.173056,43.26428627,25.70672391
SierraRetinY4,10,2079,-5.848056,36.173056,94.71270401,19.84769642
SierraRetinY4,10,2080,-5.848056,36.173056,35.49856486,25.66075262
SierraRetinY4,10,2081,-5.848056,36.173056,13.52149116,24.32885033
SierraRetinY4,10,2082,-5.848056,36.173056,42.77833236,25.50492199
SierraRetinY4,10,2083,-5.848056,36.173056,160.0228045,18.85384128
SierraRetinY4,10,2084,-5.848056,36.173056,42.5780389,24.36271205
SierraRetinY4,10,2085,-5.848056,36.173056,63.96645549,24.36511506
SierraRetinY4,10,2086,-5.848056,36.173056,85.49713603,25.3293081
SierraRetinY4,10,2087,-5.848056,36.173056,90.76510242,23.97567237
SierraRetinY4,10,2088,-5.848056,36.173056,134.3454887,24.70948821
SierraRetinY4,10,2089,-5.848056,36.173056,20.90978696,26.15673316
SierraRetinY4,10,2090,-5.848056,36.173056,118.8311172,22.14233477
SierraRetinY4,10,2091,-5.848056,36.173056,66.82066946,23.06931015
SierraRetinY4,10,2092,-5.848056,36.173056,45.67531929,24.57436228
SierraRetinY4,10,2093,-5.848056,36.173056,38.9741141,23.18641791
SierraRetinY4,10,2094,-5.848056,36.173056,90.25627187,23.20232839
SierraRetinY4,10,2095,-5.848056,36.173056,68.17137717,23.31741313
SierraRetinY4,10,2096,-5.848056,36.173056,168.7706287,17.67973259
SierraRetinY4,10,2097,-5.848056,36.173056,22.66898953,25.42661783
SierraRetinY4,10,2098,-5.848056,36.173056,255.0324897,21.36613789
SierraRetinY4,10,2099,-5.848056,36.173056,4.231280568,23.33086548
SierraRetinY4,10,2100,-5.848056,36.173056,48.28228248,25.66985572
SierraRetinY4,11,2015,-5.848056,36.173056,48.38098225,13.92687073
SierraRetinY4,11,2016,-5.848056,36.173056,75.7213314,17.06195577
SierraRetinY4,11,2017,-5.848056,36.173056,34.94585413,16.01923014
SierraRetinY4,11,2018,-5.848056,36.173056,5.369730724,17.00990194
SierraRetinY4,11,2019,-5.848056,36.173056,88.23189231,14.39065247
SierraRetinY4,11,2020,-5.848056,36.173056,127.6588044,13.70657756
SierraRetinY4,11,2021,-5.848056,36.173056,60.93209029,12.38975627
SierraRetinY4,11,2022,-5.848056,36.173056,70.95474486,15.08192952
SierraRetinY4,11,2023,-5.848056,36.173056,27.06777799,15.98512166
SierraRetinY4,11,2024,-5.848056,36.173056,18.92640109,13.70152893
SierraRetinY4,11,2025,-5.848056,36.173056,81.94071276,14.38966064
SierraRetinY4,11,2026,-5.848056,36.173056,9.939982472,16.76792704
SierraRetinY4,11,2027,-5.848056,36.173056,34.77132525,15.47078756
SierraRetinY4,11,2028,-5.848056,36.173056,19.5173547,15.92893372
SierraRetinY4,11,2029,-5.848056,36.173056,136.4994855,14.67351786
SierraRetinY4,11,2030,-5.848056,36.173056,31.30733511,14.9475057
SierraRetinY4,11,2031,-5.848056,36.173056,73.63070813,13.76139628
SierraRetinY4,11,2032,-5.848056,36.173056,63.23406799,15.02232157
SierraRetinY4,11,2033,-5.848056,36.173056,74.05198942,13.65531921
SierraRetinY4,11,2034,-5.848056,36.173056,10.43811017,18.44635518
SierraRetinY4,11,2035,-5.848056,36.173056,107.4646797,13.07749329
SierraRetinY4,11,2036,-5.848056,36.173056,126.3832921,11.76103719
SierraRetinY4,11,2037,-5.848056,36.173056,14.43164597,16.22931519
SierraRetinY4,11,2038,-5.848056,36.173056,39.93247298,16.96585693
SierraRetinY4,11,2039,-5.848056,36.173056,99.65278831,11.66065674
SierraRetinY4,11,2040,-5.848056,36.173056,74.01070408,12.5390981
SierraRetinY4,11,2041,-5.848056,36.173056,29.95168695,13.16360881
SierraRetinY4,11,2042,-5.848056,36.173056,20.21149411,16.38213908
SierraRetinY4,11,2043,-5.848056,36.173056,4.988953114,18.9180776
SierraRetinY4,11,2044,-5.848056,36.173056,4.422747707,17.37414347
SierraRetinY4,11,2045,-5.848056,36.173056,13.66523954,18.17885946
SierraRetinY4,11,2046,-5.848056,36.173056,26.16726489,14.41564128
SierraRetinY4,11,2047,-5.848056,36.173056,19.73331206,16.67893372
SierraRetinY4,11,2048,-5.848056,36.173056,89.29841286,13.07190247
SierraRetinY4,11,2049,-5.848056,36.173056,50.88493345,15.29458923
SierraRetinY4,11,2050,-5.848056,36.173056,100.7548365,15.77719116
SierraRetinY4,11,2051,-5.848056,36.173056,10.0582045,18.07425842
SierraRetinY4,11,2052,-5.848056,36.173056,24.11150797,14.76038717
SierraRetinY4,11,2053,-5.848056,36.173056,6.731335175,19.53586222
SierraRetinY4,11,2054,-5.848056,36.173056,23.92839872,14.5087616
SierraRetinY4,11,2055,-5.848056,36.173056,3.189226146,16.39730326
SierraRetinY4,11,2056,-5.848056,36.173056,53.66383456,16.46003723
SierraRetinY4,11,2057,-5.848056,36.173056,51.73260921,14.23539124
SierraRetinY4,11,2058,-5.848056,36.173056,56.58804603,16.2322937
SierraRetinY4,11,2059,-5.848056,36.173056,14.66628204,16.69356893
SierraRetinY4,11,2060,-5.848056,36.173056,40.92032828,16.57963562
SierraRetinY4,11,2061,-5.848056,36.173056,15.477388,15.41601054
SierraRetinY4,11,2062,-5.848056,36.173056,69.56790841,14.33757019
SierraRetinY4,11,2063,-5.848056,36.173056,13.36822531,19.70966797
SierraRetinY4,11,2064,-5.848056,36.173056,24.37944403,20.04821472
SierraRetinY4,11,2065,-5.848056,36.173056,8.402127791,22.28623352
SierraRetinY4,11,2066,-5.848056,36.173056,46.0381075,17.57236328
SierraRetinY4,11,2067,-5.848056,36.173056,69.05093343,17.2719401
SierraRetinY4,11,2068,-5.848056,36.173056,23.03060327,17.74725952
SierraRetinY4,11,2069,-5.848056,36.173056,20.62524281,16.2659963
SierraRetinY4,11,2070,-5.848056,36.173056,34.77255267,16.5188741
SierraRetinY4,11,2071,-5.848056,36.173056,113.7402603,14.97013245
SierraRetinY4,11,2072,-5.848056,36.173056,5.236683043,19.18054708
SierraRetinY4,11,2073,-5.848056,36.173056,17.47997395,18.66700643
SierraRetinY4,11,2074,-5.848056,36.173056,92.84937958,17.38985494
SierraRetinY4,11,2075,-5.848056,36.173056,40.3302832,18.41492716
SierraRetinY4,11,2076,-5.848056,36.173056,50.36627683,14.65525818
SierraRetinY4,11,2077,-5.848056,36.173056,38.15942154,17.86218465
SierraRetinY4,11,2078,-5.848056,36.173056,76.49314641,15.48374736
SierraRetinY4,11,2079,-5.848056,36.173056,201.5120784,15.22213643
SierraRetinY4,11,2080,-5.848056,36.173056,11.01991823,20.62233582
SierraRetinY4,11,2081,-5.848056,36.173056,3.620691006,20.21032206
SierraRetinY4,11,2082,-5.848056,36.173056,9.477477465,19.00385234
SierraRetinY4,11,2083,-5.848056,36.173056,12.36584786,17.90292358
SierraRetinY4,11,2084,-5.848056,36.173056,2.133363293,19.22346293
SierraRetinY4,11,2085,-5.848056,36.173056,55.34634899,18.03472392
SierraRetinY4,11,2086,-5.848056,36.173056,19.16679264,16.96880391
SierraRetinY4,11,2087,-5.848056,36.173056,4.666991742,19.796934
SierraRetinY4,11,2088,-5.848056,36.173056,24.82491383,19.60653178
SierraRetinY4,11,2089,-5.848056,36.173056,28.01506739,20.23710938
SierraRetinY4,11,2090,-5.848056,36.173056,20.5429207,19.43281352
SierraRetinY4,11,2091,-5.848056,36.173056,58.18668672,18.17399292
SierraRetinY4,11,2092,-5.848056,36.173056,26.51763047,20.69608154
SierraRetinY4,11,2093,-5.848056,36.173056,20.38684935,19.67825317
SierraRetinY4,11,2094,-5.848056,36.173056,58.54777738,16.8765035
SierraRetinY4,11,2095,-5.848056,36.173056,3.23679085,21.50919189
SierraRetinY4,11,2096,-5.848056,36.173056,11.75700732,15.93886108
SierraRetinY4,11,2097,-5.848056,36.173056,66.67038696,17.92743429
SierraRetinY4,11,2098,-5.848056,36.173056,25.60401463,17.95900981
SierraRetinY4,11,2099,-5.848056,36.173056,16.25759672,19.96364543
SierraRetinY4,11,2100,-5.848056,36.173056,27.92409133,18.23920085
SierraRetinY4,12,2015,-5.848056,36.173056,6.128784906,13.43408407
SierraRetinY4,12,2016,-5.848056,36.173056,4.971569989,15.87442248
SierraRetinY4,12,2017,-5.848056,36.173056,38.07204934,12.29226278
SierraRetinY4,12,2018,-5.848056,36.173056,36.83788875,14.52881673
SierraRetinY4,12,2019,-5.848056,36.173056,4.814012879,12.06860657
SierraRetinY4,12,2020,-5.848056,36.173056,35.45224412,10.29891463
SierraRetinY4,12,2021,-5.848056,36.173056,16.10456286,11.81872457
SierraRetinY4,12,2022,-5.848056,36.173056,36.78543335,12.09379171
SierraRetinY4,12,2023,-5.848056,36.173056,12.14495072,13.21639404
SierraRetinY4,12,2024,-5.848056,36.173056,22.19440263,14.24582351
SierraRetinY4,12,2025,-5.848056,36.173056,45.58015965,11.04454854
SierraRetinY4,12,2026,-5.848056,36.173056,19.11412995,13.83071899
SierraRetinY4,12,2027,-5.848056,36.173056,35.88032101,12.85800578
SierraRetinY4,12,2028,-5.848056,36.173056,22.74376955,12.49347997
SierraRetinY4,12,2029,-5.848056,36.173056,52.86110689,10.02803955
SierraRetinY4,12,2030,-5.848056,36.173056,29.90675211,13.24976501
SierraRetinY4,12,2031,-5.848056,36.173056,45.6760458,9.150120036
SierraRetinY4,12,2032,-5.848056,36.173056,10.55466802,14.38765343
SierraRetinY4,12,2033,-5.848056,36.173056,38.95794092,12.02030029
SierraRetinY4,12,2034,-5.848056,36.173056,7.995759835,13.67126567
SierraRetinY4,12,2035,-5.848056,36.173056,13.95091154,11.90982564
SierraRetinY4,12,2036,-5.848056,36.173056,3.823895441,13.17870483
SierraRetinY4,12,2037,-5.848056,36.173056,26.62763275,12.86779989
SierraRetinY4,12,2038,-5.848056,36.173056,5.67631782,13.89313965
SierraRetinY4,12,2039,-5.848056,36.173056,7.462860757,11.59067891
SierraRetinY4,12,2040,-5.848056,36.173056,28.29987866,11.25072527
SierraRetinY4,12,2041,-5.848056,36.173056,3.6987211,14.69722799
SierraRetinY4,12,2042,-5.848056,36.173056,8.31448768,13.2473053
SierraRetinY4,12,2043,-5.848056,36.173056,9.925176483,14.03182576
SierraRetinY4,12,2044,-5.848056,36.173056,22.02916062,13.45995168
SierraRetinY4,12,2045,-5.848056,36.173056,8.71061031,15.4379364
SierraRetinY4,12,2046,-5.848056,36.173056,12.36059322,11.84570414
SierraRetinY4,12,2047,-5.848056,36.173056,4.93888171,15.81803691
SierraRetinY4,12,2048,-5.848056,36.173056,70.31212982,9.987470114
SierraRetinY4,12,2049,-5.848056,36.173056,22.9735907,11.2826182
SierraRetinY4,12,2050,-5.848056,36.173056,58.78968235,13.58290202
SierraRetinY4,12,2051,-5.848056,36.173056,29.39882506,12.97073263
SierraRetinY4,12,2052,-5.848056,36.173056,68.47626138,9.762600813
SierraRetinY4,12,2053,-5.848056,36.173056,35.17115506,12.17872925
SierraRetinY4,12,2054,-5.848056,36.173056,5.33137888,16.70165812
SierraRetinY4,12,2055,-5.848056,36.173056,8.311787437,14.95313009
SierraRetinY4,12,2056,-5.848056,36.173056,10.19369458,15.96810513
SierraRetinY4,12,2057,-5.848056,36.173056,23.52465738,13.49970703
SierraRetinY4,12,2058,-5.848056,36.173056,10.09592493,15.62369588
SierraRetinY4,12,2059,-5.848056,36.173056,26.56224611,14.12011515
SierraRetinY4,12,2060,-5.848056,36.173056,48.23226284,14.48059945
SierraRetinY4,12,2061,-5.848056,36.173056,26.07550337,13.12870382
SierraRetinY4,12,2062,-5.848056,36.173056,9.930844904,13.74590556
SierraRetinY4,12,2063,-5.848056,36.173056,14.92235543,16.01062927
SierraRetinY4,12,2064,-5.848056,36.173056,21.39641146,16.33248186
SierraRetinY4,12,2065,-5.848056,36.173056,3.546405818,18.29858704
SierraRetinY4,12,2066,-5.848056,36.173056,26.68104217,13.1513265
SierraRetinY4,12,2067,-5.848056,36.173056,7.556664754,15.59015808
SierraRetinY4,12,2068,-5.848056,36.173056,10.30178501,16.03307074
SierraRetinY4,12,2069,-5.848056,36.173056,9.822996386,15.50342102
SierraRetinY4,12,2070,-5.848056,36.173056,12.77268215,15.75173645
SierraRetinY4,12,2071,-5.848056,36.173056,32.56907534,13.82334086
SierraRetinY4,12,2072,-5.848056,36.173056,5.591551773,16.92798714
SierraRetinY4,12,2073,-5.848056,36.173056,10.96149878,14.94423523
SierraRetinY4,12,2074,-5.848056,36.173056,12.31113742,12.24356486
SierraRetinY4,12,2075,-5.848056,36.173056,7.489915198,15.49818624
SierraRetinY4,12,2076,-5.848056,36.173056,6.527394029,15.82555121
SierraRetinY4,12,2077,-5.848056,36.173056,83.70766852,10.82912801
SierraRetinY4,12,2078,-5.848056,36.173056,20.92947296,14.69539897
SierraRetinY4,12,2079,-5.848056,36.173056,36.69669499,11.36711731
SierraRetinY4,12,2080,-5.848056,36.173056,6.196123094,16.57609737
SierraRetinY4,12,2081,-5.848056,36.173056,6.808737067,16.47867025
SierraRetinY4,12,2082,-5.848056,36.173056,3.215897454,17.10918376
SierraRetinY4,12,2083,-5.848056,36.173056,13.78182433,15.27280986
SierraRetinY4,12,2084,-5.848056,36.173056,12.13092851,15.15858217
SierraRetinY4,12,2085,-5.848056,36.173056,14.5304417,14.70055847
SierraRetinY4,12,2086,-5.848056,36.173056,5.515630696,15.01387533
SierraRetinY4,12,2087,-5.848056,36.173056,25.8326019,15.91941223
SierraRetinY4,12,2088,-5.848056,36.173056,56.99867826,12.81648223
SierraRetinY4,12,2089,-5.848056,36.173056,30.17700499,15.23216451
SierraRetinY4,12,2090,-5.848056,36.173056,7.297425484,15.44420675
SierraRetinY4,12,2091,-5.848056,36.173056,22.773178,15.07127787
SierraRetinY4,12,2092,-5.848056,36.173056,14.19240448,16.20004399
SierraRetinY4,12,2093,-5.848056,36.173056,37.71546711,13.00346476
SierraRetinY4,12,2094,-5.848056,36.173056,5.283437468,17.36382243
SierraRetinY4,12,2095,-5.848056,36.173056,16.70439891,16.72524516
SierraRetinY4,12,2096,-5.848056,36.173056,8.181626075,16.5339789
SierraRetinY4,12,2097,-5.848056,36.173056,4.829328228,16.98823751
SierraRetinY4,12,2098,-5.848056,36.173056,14.33135212,15.9709137
SierraRetinY4,12,2099,-5.848056,36.173056,4.781744722,17.60842489
SierraRetinY4,12,2100,-5.848056,36.173056,14.13447537,16.58445638
SierraRetinY4,2,2015,-5.848056,36.173056,14.56981047,14.57076089
SierraRetinY4,2,2016,-5.848056,36.173056,37.83862141,12.70104265
SierraRetinY4,2,2017,-5.848056,36.173056,5.065305385,16.96685181
SierraRetinY4,2,2018,-5.848056,36.173056,31.66268381,13.82570147
SierraRetinY4,2,2019,-5.848056,36.173056,185.0127493,10.61895905
SierraRetinY4,2,2020,-5.848056,36.173056,8.594463899,13.2490268
SierraRetinY4,2,2021,-5.848056,36.173056,26.76689377,11.72285505
SierraRetinY4,2,2022,-5.848056,36.173056,45.50975715,11.04568089
SierraRetinY4,2,2023,-5.848056,36.173056,101.0356151,11.79682966
SierraRetinY4,2,2024,-5.848056,36.173056,4.573946058,17.44195157
SierraRetinY4,2,2025,-5.848056,36.173056,6.535795112,13.18206395
SierraRetinY4,2,2026,-5.848056,36.173056,11.66783703,14.16746129
SierraRetinY4,2,2027,-5.848056,36.173056,33.73916766,13.05458439
SierraRetinY4,2,2028,-5.848056,36.173056,3.982498601,19.15207351
SierraRetinY4,2,2029,-5.848056,36.173056,109.3393032,13.75003749
SierraRetinY4,2,2030,-5.848056,36.173056,52.7497214,13.15426897
SierraRetinY4,2,2031,-5.848056,36.173056,36.98701311,13.16404005
SierraRetinY4,2,2032,-5.848056,36.173056,83.47499147,13.18983428
SierraRetinY4,2,2033,-5.848056,36.173056,6.211673097,16.20361481
SierraRetinY4,2,2034,-5.848056,36.173056,39.86085528,13.31590642
SierraRetinY4,2,2035,-5.848056,36.173056,3.017092834,17.10372641
SierraRetinY4,2,2036,-5.848056,36.173056,41.31163342,16.41458782
SierraRetinY4,2,2037,-5.848056,36.173056,63.69505206,11.75916116
SierraRetinY4,2,2038,-5.848056,36.173056,44.2500466,11.89224505
SierraRetinY4,2,2039,-5.848056,36.173056,7.519027343,17.91934902
SierraRetinY4,2,2040,-5.848056,36.173056,21.37125845,11.88285901
SierraRetinY4,2,2041,-5.848056,36.173056,12.20232961,16.15583082
SierraRetinY4,2,2042,-5.848056,36.173056,5.193737142,18.10212097
SierraRetinY4,2,2043,-5.848056,36.173056,38.03176293,13.80122855
SierraRetinY4,2,2044,-5.848056,36.173056,13.87306832,15.29949341
SierraRetinY4,2,2045,-5.848056,36.173056,73.69899398,13.38610774
SierraRetinY4,2,2046,-5.848056,36.173056,31.11692021,11.72497711
SierraRetinY4,2,2047,-5.848056,36.173056,18.46390275,15.56415274
SierraRetinY4,2,2048,-5.848056,36.173056,33.60406368,15.53599306
SierraRetinY4,2,2049,-5.848056,36.173056,3.420293785,17.92996041
SierraRetinY4,2,2050,-5.848056,36.173056,31.51459089,13.42756805
SierraRetinY4,2,2051,-5.848056,36.173056,47.36270387,12.67746342
SierraRetinY4,2,2052,-5.848056,36.173056,38.31291386,15.05512338
SierraRetinY4,2,2053,-5.848056,36.173056,27.64035552,15.44180886
SierraRetinY4,2,2054,-5.848056,36.173056,1.238324914,14.69081704
SierraRetinY4,2,2055,-5.848056,36.173056,41.02320512,15.19086282
SierraRetinY4,2,2056,-5.848056,36.173056,14.1349381,14.00679721
SierraRetinY4,2,2057,-5.848056,36.173056,29.75616039,14.67676915
SierraRetinY4,2,2058,-5.848056,36.173056,15.19345171,13.9183136
SierraRetinY4,2,2059,-5.848056,36.173056,1.773494946,19.94941973
SierraRetinY4,2,2060,-5.848056,36.173056,10.7399819,16.91478566
SierraRetinY4,2,2061,-5.848056,36.173056,2.22988375,16.40461557
SierraRetinY4,2,2062,-5.848056,36.173056,17.77798842,13.72879617
SierraRetinY4,2,2063,-5.848056,36.173056,26.2782244,14.64788644
SierraRetinY4,2,2064,-5.848056,36.173056,6.393649779,18.60786617
SierraRetinY4,2,2065,-5.848056,36.173056,10.11374081,19.35372641
SierraRetinY4,2,2066,-5.848056,36.173056,2.66746678,17.36077053
SierraRetinY4,2,2067,-5.848056,36.173056,3.723698201,18.18328901
SierraRetinY4,2,2068,-5.848056,36.173056,34.51148897,16.02246957
SierraRetinY4,2,2069,-5.848056,36.173056,42.36405428,13.17243783
SierraRetinY4,2,2070,-5.848056,36.173056,23.10114166,16.22956129
SierraRetinY4,2,2071,-5.848056,36.173056,7.683422874,15.88303419
SierraRetinY4,2,2072,-5.848056,36.173056,81.36074656,12.4333635
SierraRetinY4,2,2073,-5.848056,36.173056,31.05660162,15.20925293
SierraRetinY4,2,2074,-5.848056,36.173056,63.72351679,11.94283338
SierraRetinY4,2,2075,-5.848056,36.173056,5.077408782,18.657821
SierraRetinY4,2,2076,-5.848056,36.173056,2.727674548,18.3310128
SierraRetinY4,2,2077,-5.848056,36.173056,3.564193828,17.12507891
SierraRetinY4,2,2078,-5.848056,36.173056,34.2132874,15.78180302
SierraRetinY4,2,2079,-5.848056,36.173056,11.22785919,15.08473794
SierraRetinY4,2,2080,-5.848056,36.173056,41.86569636,15.01837179
SierraRetinY4,2,2081,-5.848056,36.173056,3.036246829,18.63596606
SierraRetinY4,2,2082,-5.848056,36.173056,27.19194534,15.07352055
SierraRetinY4,2,2083,-5.848056,36.173056,13.24667414,17.34159895
SierraRetinY4,2,2084,-5.848056,36.173056,9.546791149,15.69919686
SierraRetinY4,2,2085,-5.848056,36.173056,23.00298136,14.00052468
SierraRetinY4,2,2086,-5.848056,36.173056,1.590117889,16.89910278
SierraRetinY4,2,2087,-5.848056,36.173056,77.81132366,14.90994524
SierraRetinY4,2,2088,-5.848056,36.173056,2.430025805,21.47169989
SierraRetinY4,2,2089,-5.848056,36.173056,11.60954042,17.26743251
SierraRetinY4,2,2090,-5.848056,36.173056,33.36357444,15.75245492
SierraRetinY4,2,2091,-5.848056,36.173056,34.05711415,17.56029445
SierraRetinY4,2,2092,-5.848056,36.173056,12.91448622,17.41041744
SierraRetinY4,2,2093,-5.848056,36.173056,10.77370415,19.69385463
SierraRetinY4,2,2094,-5.848056,36.173056,23.53838052,16.55590428
SierraRetinY4,2,2095,-5.848056,36.173056,73.78635141,16.44030805
SierraRetinY4,2,2096,-5.848056,36.173056,35.01943861,18.72443595
SierraRetinY4,2,2097,-5.848056,36.173056,22.32224953,17.31812112
SierraRetinY4,2,2098,-5.848056,36.173056,5.351397064,16.21436789
SierraRetinY4,2,2099,-5.848056,36.173056,71.71365464,15.17683454
SierraRetinY4,2,2100,-5.848056,36.173056,65.26522506,16.59628448
SierraRetinY4,3,2015,-5.848056,36.173056,26.45870958,17.18081744
SierraRetinY4,3,2016,-5.848056,36.173056,19.43215064,15.7408337
SierraRetinY4,3,2017,-5.848056,36.173056,105.5384878,16.24716856
SierraRetinY4,3,2018,-5.848056,36.173056,7.535120798,19.12004611
SierraRetinY4,3,2019,-5.848056,36.173056,168.0597814,9.664931562
SierraRetinY4,3,2020,-5.848056,36.173056,23.4351824,19.67917835
SierraRetinY4,3,2021,-5.848056,36.173056,15.21045902,19.6312628
SierraRetinY4,3,2022,-5.848056,36.173056,71.33250881,14.00098326
SierraRetinY4,3,2023,-5.848056,36.173056,69.5378161,15.17560976
SierraRetinY4,3,2024,-5.848056,36.173056,15.77438575,21.08045989
SierraRetinY4,3,2025,-5.848056,36.173056,146.6934402,12.40133254
SierraRetinY4,3,2026,-5.848056,36.173056,13.70171538,19.43623972
SierraRetinY4,3,2027,-5.848056,36.173056,15.76064008,17.38765574
SierraRetinY4,3,2028,-5.848056,36.173056,30.7844919,18.54216821
SierraRetinY4,3,2029,-5.848056,36.173056,48.52270679,15.60094112
SierraRetinY4,3,2030,-5.848056,36.173056,67.51970454,13.7736086
SierraRetinY4,3,2031,-5.848056,36.173056,26.11496125,18.27358005
SierraRetinY4,3,2032,-5.848056,36.173056,46.23059434,11.31617077
SierraRetinY4,3,2033,-5.848056,36.173056,38.6165762,20.04831799
SierraRetinY4,3,2034,-5.848056,36.173056,70.75214019,16.73075601
SierraRetinY4,3,2035,-5.848056,36.173056,75.38040349,14.70197301
SierraRetinY4,3,2036,-5.848056,36.173056,10.38677296,18.16616605
SierraRetinY4,3,2037,-5.848056,36.173056,54.92317319,14.91591305
SierraRetinY4,3,2038,-5.848056,36.173056,29.31543225,17.67774796
SierraRetinY4,3,2039,-5.848056,36.173056,21.73950002,17.05975617
SierraRetinY4,3,2040,-5.848056,36.173056,85.46420567,11.17369109
SierraRetinY4,3,2041,-5.848056,36.173056,73.94192973,15.06253623
SierraRetinY4,3,2042,-5.848056,36.173056,19.76918234,22.45503757
SierraRetinY4,3,2043,-5.848056,36.173056,9.013005929,23.30903557
SierraRetinY4,3,2044,-5.848056,36.173056,72.09224914,13.4355644
SierraRetinY4,3,2045,-5.848056,36.173056,34.82527783,15.32815926
SierraRetinY4,3,2046,-5.848056,36.173056,29.22588556,13.52948471
SierraRetinY4,3,2047,-5.848056,36.173056,16.57882865,19.72897615
SierraRetinY4,3,2048,-5.848056,36.173056,71.42658278,14.22704271
SierraRetinY4,3,2049,-5.848056,36.173056,3.845047498,22.51200502
SierraRetinY4,3,2050,-5.848056,36.173056,37.15502091,18.59372716
SierraRetinY4,3,2051,-5.848056,36.173056,52.52821149,16.43840549
SierraRetinY4,3,2052,-5.848056,36.173056,67.39301501,16.73119802
SierraRetinY4,3,2053,-5.848056,36.173056,108.3771368,17.42418331
SierraRetinY4,3,2054,-5.848056,36.173056,11.44420286,20.84882655
SierraRetinY4,3,2055,-5.848056,36.173056,13.50504863,21.78392157
SierraRetinY4,3,2056,-5.848056,36.173056,12.84990747,19.77203842
SierraRetinY4,3,2057,-5.848056,36.173056,5.597416947,20.82131249
SierraRetinY4,3,2058,-5.848056,36.173056,30.45676001,16.64809373
SierraRetinY4,3,2059,-5.848056,36.173056,52.8448476,15.75064559
SierraRetinY4,3,2060,-5.848056,36.173056,40.69250205,13.69506226
SierraRetinY4,3,2061,-5.848056,36.173056,58.22297291,17.51495834
SierraRetinY4,3,2062,-5.848056,36.173056,27.52221808,18.82247019
SierraRetinY4,3,2063,-5.848056,36.173056,31.12032769,17.40328861
SierraRetinY4,3,2064,-5.848056,36.173056,16.47364152,19.28947675
SierraRetinY4,3,2065,-5.848056,36.173056,35.71951917,21.82615888
SierraRetinY4,3,2066,-5.848056,36.173056,45.86706753,17.67965088
SierraRetinY4,3,2067,-5.848056,36.173056,18.51081409,18.35183795
SierraRetinY4,3,2068,-5.848056,36.173056,5.69116061,22.16350708
SierraRetinY4,3,2069,-5.848056,36.173056,8.855318825,20.63752087
SierraRetinY4,3,2070,-5.848056,36.173056,8.033605454,20.31485556
SierraRetinY4,3,2071,-5.848056,36.173056,24.83206966,20.73268354
SierraRetinY4,3,2072,-5.848056,36.173056,45.55816777,19.01602153
SierraRetinY4,3,2073,-5.848056,36.173056,62.51830533,16.42788775
SierraRetinY4,3,2074,-5.848056,36.173056,9.726548565,17.33389656
SierraRetinY4,3,2075,-5.848056,36.173056,6.195199961,21.98520961
SierraRetinY4,3,2076,-5.848056,36.173056,40.30512606,22.80669753
SierraRetinY4,3,2077,-5.848056,36.173056,17.87014649,20.22502264
SierraRetinY4,3,2078,-5.848056,36.173056,38.83696675,16.96218065
SierraRetinY4,3,2079,-5.848056,36.173056,12.57042902,24.94627607
SierraRetinY4,3,2080,-5.848056,36.173056,69.04058665,18.39354662
SierraRetinY4,3,2081,-5.848056,36.173056,38.41540191,18.00745889
SierraRetinY4,3,2082,-5.848056,36.173056,70.28042363,19.47767078
SierraRetinY4,3,2083,-5.848056,36.173056,28.30544857,21.67705098
SierraRetinY4,3,2084,-5.848056,36.173056,4.927090843,20.28949939
SierraRetinY4,3,2085,-5.848056,36.173056,20.48469606,20.81546001
SierraRetinY4,3,2086,-5.848056,36.173056,21.81826285,23.67495216
SierraRetinY4,3,2087,-5.848056,36.173056,93.96793793,18.30102618
SierraRetinY4,3,2088,-5.848056,36.173056,39.73119022,21.05697218
SierraRetinY4,3,2089,-5.848056,36.173056,91.21321279,17.27991786
SierraRetinY4,3,2090,-5.848056,36.173056,4.370328119,23.084691
SierraRetinY4,3,2091,-5.848056,36.173056,14.3436489,17.64252969
SierraRetinY4,3,2092,-5.848056,36.173056,44.41100748,17.64765566
SierraRetinY4,3,2093,-5.848056,36.173056,21.41733317,21.88523205
SierraRetinY4,3,2094,-5.848056,36.173056,27.80416139,18.74489845
SierraRetinY4,3,2095,-5.848056,36.173056,65.817161,18.22612817
SierraRetinY4,3,2096,-5.848056,36.173056,74.42455975,16.97678971
SierraRetinY4,3,2097,-5.848056,36.173056,2.791301916,23.27640538
SierraRetinY4,3,2098,-5.848056,36.173056,118.6460272,17.52108647
SierraRetinY4,3,2099,-5.848056,36.173056,23.95924836,18.0075278
SierraRetinY4,3,2100,-5.848056,36.173056,56.03438192,15.37172458
SierraRetinY4,4,2015,-5.848056,36.173056,87.86248798,19.57067362
SierraRetinY4,4,2016,-5.848056,36.173056,35.79372671,22.69273275
SierraRetinY4,4,2017,-5.848056,36.173056,57.44957881,17.03928324
SierraRetinY4,4,2018,-5.848056,36.173056,116.2329407,15.29573669
SierraRetinY4,4,2019,-5.848056,36.173056,32.65841101,21.55523071
SierraRetinY4,4,2020,-5.848056,36.173056,67.45486354,18.47242839
SierraRetinY4,4,2021,-5.848056,36.173056,18.54044087,22.83532003
SierraRetinY4,4,2022,-5.848056,36.173056,82.88314428,18.75323385
SierraRetinY4,4,2023,-5.848056,36.173056,146.8125136,18.43040365
SierraRetinY4,4,2024,-5.848056,36.173056,88.62293252,19.52241516
SierraRetinY4,4,2025,-5.848056,36.173056,13.78797552,19.15357768
SierraRetinY4,4,2026,-5.848056,36.173056,43.43252509,20.88469747
SierraRetinY4,4,2027,-5.848056,36.173056,82.54021006,18.10240479
SierraRetinY4,4,2028,-5.848056,36.173056,20.22154302,24.53240763
SierraRetinY4,4,2029,-5.848056,36.173056,22.24775606,19.30502828
SierraRetinY4,4,2030,-5.848056,36.173056,64.52871006,17.10439657
SierraRetinY4,4,2031,-5.848056,36.173056,24.26239004,21.84936218
SierraRetinY4,4,2032,-5.848056,36.173056,138.2182586,14.94075724
SierraRetinY4,4,2033,-5.848056,36.173056,99.22584133,22.43808289
SierraRetinY4,4,2034,-5.848056,36.173056,81.70727469,18.81167908
SierraRetinY4,4,2035,-5.848056,36.173056,36.99571673,18.95671488
SierraRetinY4,4,2036,-5.848056,36.173056,37.83937474,19.47100932
SierraRetinY4,4,2037,-5.848056,36.173056,26.32546598,22.57909953
SierraRetinY4,4,2038,-5.848056,36.173056,147.8563954,18.43634338
SierraRetinY4,4,2039,-5.848056,36.173056,45.27259524,20.05516561
SierraRetinY4,4,2040,-5.848056,36.173056,9.039623157,23.76280009
SierraRetinY4,4,2041,-5.848056,36.173056,22.86326513,21.83891703
SierraRetinY4,4,2042,-5.848056,36.173056,33.94099231,23.18892008
SierraRetinY4,4,2043,-5.848056,36.173056,68.25509976,20.97629089
SierraRetinY4,4,2044,-5.848056,36.173056,57.16349507,20.90174561
SierraRetinY4,4,2045,-5.848056,36.173056,68.51471261,20.91806539
SierraRetinY4,4,2046,-5.848056,36.173056,48.68266468,20.55599772
SierraRetinY4,4,2047,-5.848056,36.173056,89.76571564,20.65195414
SierraRetinY4,4,2048,-5.848056,36.173056,32.67431126,20.17188924
SierraRetinY4,4,2049,-5.848056,36.173056,46.36887444,21.48042806
SierraRetinY4,4,2050,-5.848056,36.173056,33.19186743,20.6683075
SierraRetinY4,4,2051,-5.848056,36.173056,73.62048062,21.68225911
SierraRetinY4,4,2052,-5.848056,36.173056,60.74403183,22.77076721
SierraRetinY4,4,2053,-5.848056,36.173056,39.06968157,20.5127655
SierraRetinY4,4,2054,-5.848056,36.173056,53.49471236,19.25634664
SierraRetinY4,4,2055,-5.848056,36.173056,12.10157535,22.74573873
SierraRetinY4,4,2056,-5.848056,36.173056,26.57969131,21.82719218
SierraRetinY4,4,2057,-5.848056,36.173056,35.13334241,22.13349813
SierraRetinY4,4,2058,-5.848056,36.173056,50.59102623,23.98185221
SierraRetinY4,4,2059,-5.848056,36.173056,54.59427416,19.80013123
SierraRetinY4,4,2060,-5.848056,36.173056,33.47332407,21.47748515
SierraRetinY4,4,2061,-5.848056,36.173056,136.0967294,18.39075216
SierraRetinY4,4,2062,-5.848056,36.173056,30.01956779,21.12775269
SierraRetinY4,4,2063,-5.848056,36.173056,64.88538922,23.11969096
SierraRetinY4,4,2064,-5.848056,36.173056,77.5519317,17.18729451
SierraRetinY4,4,2065,-5.848056,36.173056,27.688848,20.90126444
SierraRetinY4,4,2066,-5.848056,36.173056,68.05680791,17.25269674
SierraRetinY4,4,2067,-5.848056,36.173056,42.31006066,19.97169902
SierraRetinY4,4,2068,-5.848056,36.173056,71.89572297,22.9223348
SierraRetinY4,4,2069,-5.848056,36.173056,36.79719789,21.75903219
SierraRetinY4,4,2070,-5.848056,36.173056,40.80958627,19.42858785
SierraRetinY4,4,2071,-5.848056,36.173056,13.18293547,24.55962931
SierraRetinY4,4,2072,-5.848056,36.173056,89.99401272,19.79191589
SierraRetinY4,4,2073,-5.848056,36.173056,16.14808347,21.0318339
SierraRetinY4,4,2074,-5.848056,36.173056,44.51140806,22.12667948
SierraRetinY4,4,2075,-5.848056,36.173056,28.88782768,23.24069926
SierraRetinY4,4,2076,-5.848056,36.173056,21.25901373,27.31565348
SierraRetinY4,4,2077,-5.848056,36.173056,51.924381,22.47716064
SierraRetinY4,4,2078,-5.848056,36.173056,49.24093729,18.44144389
SierraRetinY4,4,2079,-5.848056,36.173056,14.72400152,24.79536947
SierraRetinY4,4,2080,-5.848056,36.173056,39.60308983,25.24144897
SierraRetinY4,4,2081,-5.848056,36.173056,23.26408011,26.90972392
SierraRetinY4,4,2082,-5.848056,36.173056,49.25815387,20.59119568
SierraRetinY4,4,2083,-5.848056,36.173056,56.75471463,22.762087
SierraRetinY4,4,2084,-5.848056,36.173056,68.93207786,20.69569092
SierraRetinY4,4,2085,-5.848056,36.173056,14.43230611,27.62428792
SierraRetinY4,4,2086,-5.848056,36.173056,30.60147192,21.01143087
SierraRetinY4,4,2087,-5.848056,36.173056,37.9137732,20.03645732
SierraRetinY4,4,2088,-5.848056,36.173056,42.6447561,22.78858846
SierraRetinY4,4,2089,-5.848056,36.173056,53.2581244,24.99601135
SierraRetinY4,4,2090,-5.848056,36.173056,56.5441794,24.48395487
SierraRetinY4,4,2091,-5.848056,36.173056,74.37811879,15.99112447
SierraRetinY4,4,2092,-5.848056,36.173056,52.26855493,22.24474589
SierraRetinY4,4,2093,-5.848056,36.173056,43.73127126,21.67102458
SierraRetinY4,4,2094,-5.848056,36.173056,85.59098994,21.60351563
SierraRetinY4,4,2095,-5.848056,36.173056,62.6663415,22.5458964
SierraRetinY4,4,2096,-5.848056,36.173056,57.27413443,22.68220317
SierraRetinY4,4,2097,-5.848056,36.173056,21.86820321,26.37398885
SierraRetinY4,4,2098,-5.848056,36.173056,7.246157066,23.53695475
SierraRetinY4,4,2099,-5.848056,36.173056,19.92059818,26.52759298
SierraRetinY4,4,2100,-5.848056,36.173056,57.6123769,22.36635437
SierraRetinY4,5,2015,-5.848056,36.173056,58.50697235,21.60629548
SierraRetinY4,5,2016,-5.848056,36.173056,138.3513079,19.77156982
SierraRetinY4,5,2017,-5.848056,36.173056,27.5489445,25.47255072
SierraRetinY4,5,2018,-5.848056,36.173056,88.62303758,21.26040433
SierraRetinY4,5,2019,-5.848056,36.173056,36.26992025,22.27579306
SierraRetinY4,5,2020,-5.848056,36.173056,71.88665975,20.58899989
SierraRetinY4,5,2021,-5.848056,36.173056,42.35509003,23.43939878
SierraRetinY4,5,2022,-5.848056,36.173056,211.8972068,17.80828838
SierraRetinY4,5,2023,-5.848056,36.173056,117.6029296,21.98580322
SierraRetinY4,5,2024,-5.848056,36.173056,61.38524168,24.72121779
SierraRetinY4,5,2025,-5.848056,36.173056,35.52987472,22.07111167
SierraRetinY4,5,2026,-5.848056,36.173056,166.5812364,19.24651981
SierraRetinY4,5,2027,-5.848056,36.173056,69.46527846,21.37927226
SierraRetinY4,5,2028,-5.848056,36.173056,152.8606314,21.55990679
SierraRetinY4,5,2029,-5.848056,36.173056,43.53405474,19.47316402
SierraRetinY4,5,2030,-5.848056,36.173056,24.01178251,26.27144874
SierraRetinY4,5,2031,-5.848056,36.173056,123.5393762,20.48302219
SierraRetinY4,5,2032,-5.848056,36.173056,24.25704659,22.06738163
SierraRetinY4,5,2033,-5.848056,36.173056,45.24487711,20.57099649
SierraRetinY4,5,2034,-5.848056,36.173056,182.3882357,18.32079172
SierraRetinY4,5,2035,-5.848056,36.173056,69.1253913,23.58211473
SierraRetinY4,5,2036,-5.848056,36.173056,18.87312645,23.11432456
SierraRetinY4,5,2037,-5.848056,36.173056,100.6629358,21.16413417
SierraRetinY4,5,2038,-5.848056,36.173056,87.05578845,16.34321033
SierraRetinY4,5,2039,-5.848056,36.173056,71.07853764,24.63311256
SierraRetinY4,5,2040,-5.848056,36.173056,38.08209067,22.07991254
SierraRetinY4,5,2041,-5.848056,36.173056,154.1057515,18.23390129
SierraRetinY4,5,2042,-5.848056,36.173056,188.6427189,21.97253989
SierraRetinY4,5,2043,-5.848056,36.173056,150.8958159,21.68403557
SierraRetinY4,5,2044,-5.848056,36.173056,67.46099196,22.73804676
SierraRetinY4,5,2045,-5.848056,36.173056,150.748228,23.64582559
SierraRetinY4,5,2046,-5.848056,36.173056,39.82846048,21.70578869
SierraRetinY4,5,2047,-5.848056,36.173056,86.18165064,22.50242152
SierraRetinY4,5,2048,-5.848056,36.173056,323.682587,19.73470065
SierraRetinY4,5,2049,-5.848056,36.173056,86.35707887,24.33043134
SierraRetinY4,5,2050,-5.848056,36.173056,43.46663676,25.44300084
SierraRetinY4,5,2051,-5.848056,36.173056,96.07221058,22.67675466
SierraRetinY4,5,2052,-5.848056,36.173056,85.50285693,23.31927175
SierraRetinY4,5,2053,-5.848056,36.173056,29.8770029,28.68845766
SierraRetinY4,5,2054,-5.848056,36.173056,98.97931267,24.15765361
SierraRetinY4,5,2055,-5.848056,36.173056,128.1420481,23.61253682
SierraRetinY4,5,2056,-5.848056,36.173056,70.60894838,20.49379194
SierraRetinY4,5,2057,-5.848056,36.173056,91.80428197,21.68944997
SierraRetinY4,5,2058,-5.848056,36.173056,123.4541159,22.23545178
SierraRetinY4,5,2059,-5.848056,36.173056,50.15906123,26.54707957
SierraRetinY4,5,2060,-5.848056,36.173056,84.45015819,27.35008466
SierraRetinY4,5,2061,-5.848056,36.173056,81.14730518,21.64845995
SierraRetinY4,5,2062,-5.848056,36.173056,186.3312341,24.90653037
SierraRetinY4,5,2063,-5.848056,36.173056,41.47550218,22.16215643
SierraRetinY4,5,2064,-5.848056,36.173056,42.52060308,26.76644582
SierraRetinY4,5,2065,-5.848056,36.173056,43.72690116,26.64478504
SierraRetinY4,5,2066,-5.848056,36.173056,109.0226421,27.27146252
SierraRetinY4,5,2067,-5.848056,36.173056,57.87019529,23.41695655
SierraRetinY4,5,2068,-5.848056,36.173056,55.86815514,26.13302691
SierraRetinY4,5,2069,-5.848056,36.173056,81.8964277,19.87207996
SierraRetinY4,5,2070,-5.848056,36.173056,62.27860299,25.51956649
SierraRetinY4,5,2071,-5.848056,36.173056,120.3991724,25.8618861
SierraRetinY4,5,2072,-5.848056,36.173056,46.94324153,26.27910865
SierraRetinY4,5,2073,-5.848056,36.173056,44.76553507,28.7691609
SierraRetinY4,5,2074,-5.848056,36.173056,64.88351439,27.24511207
SierraRetinY4,5,2075,-5.848056,36.173056,31.6262349,25.26304754
SierraRetinY4,5,2076,-5.848056,36.173056,109.0523111,26.45874988
SierraRetinY4,5,2077,-5.848056,36.173056,50.59997549,27.11236946
SierraRetinY4,5,2078,-5.848056,36.173056,41.52823286,24.33674356
SierraRetinY4,5,2079,-5.848056,36.173056,176.6556311,23.09266101
SierraRetinY4,5,2080,-5.848056,36.173056,70.58164034,24.9142523
SierraRetinY4,5,2081,-5.848056,36.173056,31.32554634,30.16621625
SierraRetinY4,5,2082,-5.848056,36.173056,58.11653704,25.64277974
SierraRetinY4,5,2083,-5.848056,36.173056,36.89573051,28.88497314
SierraRetinY4,5,2084,-5.848056,36.173056,174.4798067,23.03086095
SierraRetinY4,5,2085,-5.848056,36.173056,58.21868415,27.05727933
SierraRetinY4,5,2086,-5.848056,36.173056,24.74122791,28.07571096
SierraRetinY4,5,2087,-5.848056,36.173056,66.48398329,22.26243326
SierraRetinY4,5,2088,-5.848056,36.173056,130.9211258,24.41585496
SierraRetinY4,5,2089,-5.848056,36.173056,149.8192829,23.63888432
SierraRetinY4,5,2090,-5.848056,36.173056,35.08903591,25.64143204
SierraRetinY4,5,2091,-5.848056,36.173056,136.180243,24.60766287
SierraRetinY4,5,2092,-5.848056,36.173056,209.2063419,17.81710304
SierraRetinY4,5,2093,-5.848056,36.173056,41.67396689,27.26116825
SierraRetinY4,5,2094,-5.848056,36.173056,57.97844757,22.27936657
SierraRetinY4,5,2095,-5.848056,36.173056,162.8841436,20.11703964
SierraRetinY4,5,2096,-5.848056,36.173056,99.80302305,25.663955
SierraRetinY4,5,2097,-5.848056,36.173056,90.0503468,24.89924553
SierraRetinY4,5,2098,-5.848056,36.173056,55.19391357,29.9289283
SierraRetinY4,5,2099,-5.848056,36.173056,62.68349494,28.27200987
SierraRetinY4,5,2100,-5.848056,36.173056,48.72335886,24.18601626
SierraRetinY4,6,2015,-5.848056,36.173056,65.02207562,27.36278076
SierraRetinY4,6,2016,-5.848056,36.173056,105.7720591,22.05162048
SierraRetinY4,6,2017,-5.848056,36.173056,52.95637463,28.18379618
SierraRetinY4,6,2018,-5.848056,36.173056,43.99578635,24.93464152
SierraRetinY4,6,2019,-5.848056,36.173056,93.37965096,27.26351827
SierraRetinY4,6,2020,-5.848056,36.173056,141.4502851,27.50091044
SierraRetinY4,6,2021,-5.848056,36.173056,81.98725118,26.01781006
SierraRetinY4,6,2022,-5.848056,36.173056,103.270846,20.19614563
SierraRetinY4,6,2023,-5.848056,36.173056,121.3787989,24.63379008
SierraRetinY4,6,2024,-5.848056,36.173056,89.56628884,26.50597331
SierraRetinY4,6,2025,-5.848056,36.173056,93.80588898,26.98196004
SierraRetinY4,6,2026,-5.848056,36.173056,58.83480749,27.22653605
SierraRetinY4,6,2027,-5.848056,36.173056,80.5848135,22.64336344
SierraRetinY4,6,2028,-5.848056,36.173056,54.74103249,26.56425781
SierraRetinY4,6,2029,-5.848056,36.173056,190.3887356,24.0565094
SierraRetinY4,6,2030,-5.848056,36.173056,76.5893831,26.80871684
SierraRetinY4,6,2031,-5.848056,36.173056,87.75875283,27.03983154
SierraRetinY4,6,2032,-5.848056,36.173056,112.908465,26.19483439
SierraRetinY4,6,2033,-5.848056,36.173056,49.4912098,27.81958313
SierraRetinY4,6,2034,-5.848056,36.173056,49.902306,28.17304993
SierraRetinY4,6,2035,-5.848056,36.173056,68.4432159,25.72252197
SierraRetinY4,6,2036,-5.848056,36.173056,95.37708534,28.37675781
SierraRetinY4,6,2037,-5.848056,36.173056,137.6256641,24.86460673
SierraRetinY4,6,2038,-5.848056,36.173056,50.56450606,27.8595459
SierraRetinY4,6,2039,-5.848056,36.173056,97.14923529,29.34813741
SierraRetinY4,6,2040,-5.848056,36.173056,63.84338615,29.60387573
SierraRetinY4,6,2041,-5.848056,36.173056,86.25601513,24.72249959
SierraRetinY4,6,2042,-5.848056,36.173056,43.18108,27.27174072
SierraRetinY4,6,2043,-5.848056,36.173056,79.0065604,28.05234578
SierraRetinY4,6,2044,-5.848056,36.173056,24.46292926,28.18286438
SierraRetinY4,6,2045,-5.848056,36.173056,113.4771025,28.19390462
SierraRetinY4,6,2046,-5.848056,36.173056,60.07813752,28.74308065
SierraRetinY4,6,2047,-5.848056,36.173056,68.20255923,28.39170125
SierraRetinY4,6,2048,-5.848056,36.173056,94.64614616,22.35031738
SierraRetinY4,6,2049,-5.848056,36.173056,103.3846409,26.76169128
SierraRetinY4,6,2050,-5.848056,36.173056,67.81809187,29.01478475
SierraRetinY4,6,2051,-5.848056,36.173056,102.0779762,27.1407959
SierraRetinY4,6,2052,-5.848056,36.173056,55.84193237,25.69975891
SierraRetinY4,6,2053,-5.848056,36.173056,273.6467403,27.82781982
SierraRetinY4,6,2054,-5.848056,36.173056,49.70311989,27.05073242
SierraRetinY4,6,2055,-5.848056,36.173056,81.23962428,25.67949015
SierraRetinY4,6,2056,-5.848056,36.173056,71.73594912,28.1911733
SierraRetinY4,6,2057,-5.848056,36.173056,62.71494995,28.4851003
SierraRetinY4,6,2058,-5.848056,36.173056,51.84098854,27.00781657
SierraRetinY4,6,2059,-5.848056,36.173056,154.4920027,28.35033061
SierraRetinY4,6,2060,-5.848056,36.173056,127.7266344,27.0344635
SierraRetinY4,6,2061,-5.848056,36.173056,39.87104474,29.68833313
SierraRetinY4,6,2062,-5.848056,36.173056,69.73538671,23.85950623
SierraRetinY4,6,2063,-5.848056,36.173056,53.83677731,29.14246521
SierraRetinY4,6,2064,-5.848056,36.173056,116.5859344,29.04710592
SierraRetinY4,6,2065,-5.848056,36.173056,51.11493377,28.57959493
SierraRetinY4,6,2066,-5.848056,36.173056,106.1240813,27.66340027
SierraRetinY4,6,2067,-5.848056,36.173056,108.498729,26.09935099
SierraRetinY4,6,2068,-5.848056,36.173056,205.36812,28.80492655
SierraRetinY4,6,2069,-5.848056,36.173056,119.0087315,26.24837138
SierraRetinY4,6,2070,-5.848056,36.173056,64.99962891,29.55285034
SierraRetinY4,6,2071,-5.848056,36.173056,59.59139343,28.58878886
SierraRetinY4,6,2072,-5.848056,36.173056,118.0505916,28.56635335
SierraRetinY4,6,2073,-5.848056,36.173056,213.5656878,28.00326233
SierraRetinY4,6,2074,-5.848056,36.173056,263.5225136,25.44019979
SierraRetinY4,6,2075,-5.848056,36.173056,128.0955849,29.34224243
SierraRetinY4,6,2076,-5.848056,36.173056,164.681577,28.2864329
SierraRetinY4,6,2077,-5.848056,36.173056,105.7536216,30.00775757
SierraRetinY4,6,2078,-5.848056,36.173056,87.22604917,28.55781453
SierraRetinY4,6,2079,-5.848056,36.173056,107.1500672,29.15690308
SierraRetinY4,6,2080,-5.848056,36.173056,71.20039291,28.8391805
SierraRetinY4,6,2081,-5.848056,36.173056,121.8464228,29.2784963
SierraRetinY4,6,2082,-5.848056,36.173056,83.82742524,28.88287354
SierraRetinY4,6,2083,-5.848056,36.173056,46.43140206,30.46647441
SierraRetinY4,6,2084,-5.848056,36.173056,108.7623716,27.75553894
SierraRetinY4,6,2085,-5.848056,36.173056,61.08409855,31.73824565
SierraRetinY4,6,2086,-5.848056,36.173056,120.4340199,26.52363688
SierraRetinY4,6,2087,-5.848056,36.173056,129.0581286,30.18581136
SierraRetinY4,6,2088,-5.848056,36.173056,106.1529854,26.95941772
SierraRetinY4,6,2089,-5.848056,36.173056,70.64678834,28.30250956
SierraRetinY4,6,2090,-5.848056,36.173056,135.8446835,27.33485819
SierraRetinY4,6,2091,-5.848056,36.173056,84.70816733,31.70746257
SierraRetinY4,6,2092,-5.848056,36.173056,99.13115991,28.89022522
SierraRetinY4,6,2093,-5.848056,36.173056,266.0208297,27.43182475
SierraRetinY4,6,2094,-5.848056,36.173056,64.5652692,32.04562378
SierraRetinY4,6,2095,-5.848056,36.173056,47.86248485,29.12627563
SierraRetinY4,6,2096,-5.848056,36.173056,100.3021906,29.72119751
SierraRetinY4,6,2097,-5.848056,36.173056,125.3675727,30.97142639
SierraRetinY4,6,2098,-5.848056,36.173056,186.3437394,29.10294698
SierraRetinY4,6,2099,-5.848056,36.173056,194.7813587,27.31389567
SierraRetinY4,6,2100,-5.848056,36.173056,73.06521979,32.16689758
SierraRetinY4,7,2015,-5.848056,36.173056,45.05125663,32.24889329
SierraRetinY4,7,2016,-5.848056,36.173056,122.1238722,28.84056515
SierraRetinY4,7,2017,-5.848056,36.173056,49.41304877,31.69620027
SierraRetinY4,7,2018,-5.848056,36.173056,103.535482,30.40673316
SierraRetinY4,7,2019,-5.848056,36.173056,55.73107892,30.89425935
SierraRetinY4,7,2020,-5.848056,36.173056,86.76051974,29.89248145
SierraRetinY4,7,2021,-5.848056,36.173056,113.4036428,31.37604823
SierraRetinY4,7,2022,-5.848056,36.173056,49.93437064,31.26061992
SierraRetinY4,7,2023,-5.848056,36.173056,109.7349308,27.69992144
SierraRetinY4,7,2024,-5.848056,36.173056,79.44941846,32.91988132
SierraRetinY4,7,2025,-5.848056,36.173056,102.2722371,31.76628044
SierraRetinY4,7,2026,-5.848056,36.173056,75.76580291,32.74622645
SierraRetinY4,7,2027,-5.848056,36.173056,52.19703916,31.82512424
SierraRetinY4,7,2028,-5.848056,36.173056,111.7422239,31.39293233
SierraRetinY4,7,2029,-5.848056,36.173056,59.79149348,29.90450439
SierraRetinY4,7,2030,-5.848056,36.173056,65.36251554,34.00753961
SierraRetinY4,7,2031,-5.848056,36.173056,116.4973814,32.28933598
SierraRetinY4,7,2032,-5.848056,36.173056,55.15913379,29.84560055
SierraRetinY4,7,2033,-5.848056,36.173056,41.07522805,31.86024603
SierraRetinY4,7,2034,-5.848056,36.173056,103.4365099,29.95746224
SierraRetinY4,7,2035,-5.848056,36.173056,147.2266471,30.48364632
SierraRetinY4,7,2036,-5.848056,36.173056,56.24751431,32.27286731
SierraRetinY4,7,2037,-5.848056,36.173056,69.34635807,31.55461544
SierraRetinY4,7,2038,-5.848056,36.173056,51.72497496,32.76675297
SierraRetinY4,7,2039,-5.848056,36.173056,73.2819168,33.41194675
SierraRetinY4,7,2040,-5.848056,36.173056,120.0973992,29.32339852
SierraRetinY4,7,2041,-5.848056,36.173056,58.49894244,30.62692044
SierraRetinY4,7,2042,-5.848056,36.173056,46.2241658,33.4123543
SierraRetinY4,7,2043,-5.848056,36.173056,89.82254262,33.13799537
SierraRetinY4,7,2044,-5.848056,36.173056,50.79247153,31.83885026
SierraRetinY4,7,2045,-5.848056,36.173056,75.24543398,32.27850125
SierraRetinY4,7,2046,-5.848056,36.173056,45.6709581,31.77167713
SierraRetinY4,7,2047,-5.848056,36.173056,64.86022873,32.52726775
SierraRetinY4,7,2048,-5.848056,36.173056,38.81596466,30.95882667
SierraRetinY4,7,2049,-5.848056,36.173056,130.7178477,30.89594175
SierraRetinY4,7,2050,-5.848056,36.173056,91.11240421,31.30678514
SierraRetinY4,7,2051,-5.848056,36.173056,87.38170513,32.79405636
SierraRetinY4,7,2052,-5.848056,36.173056,58.1318449,33.53016594
SierraRetinY4,7,2053,-5.848056,36.173056,106.9058542,29.75373082
SierraRetinY4,7,2054,-5.848056,36.173056,96.24947358,33.35820037
SierraRetinY4,7,2055,-5.848056,36.173056,37.32546073,32.67414492
SierraRetinY4,7,2056,-5.848056,36.173056,63.73396168,33.57778616
SierraRetinY4,7,2057,-5.848056,36.173056,50.34589323,33.63474574
SierraRetinY4,7,2058,-5.848056,36.173056,50.51577399,34.03094955
SierraRetinY4,7,2059,-5.848056,36.173056,56.53100131,32.87664283
SierraRetinY4,7,2060,-5.848056,36.173056,68.41922771,32.83615191
SierraRetinY4,7,2061,-5.848056,36.173056,74.86542071,33.37883222
SierraRetinY4,7,2062,-5.848056,36.173056,88.28173686,32.45699857
SierraRetinY4,7,2063,-5.848056,36.173056,87.00836107,34.3799279
SierraRetinY4,7,2064,-5.848056,36.173056,83.99385291,34.67037944
SierraRetinY4,7,2065,-5.848056,36.173056,127.4310797,32.39025859
SierraRetinY4,7,2066,-5.848056,36.173056,48.86908607,33.12091537
SierraRetinY4,7,2067,-5.848056,36.173056,89.00362207,32.22923899
SierraRetinY4,7,2068,-5.848056,36.173056,49.54871564,34.00135833
SierraRetinY4,7,2069,-5.848056,36.173056,64.76144322,33.60570679
SierraRetinY4,7,2070,-5.848056,36.173056,67.23807051,33.08290917
SierraRetinY4,7,2071,-5.848056,36.173056,70.24851451,34.21290126
SierraRetinY4,7,2072,-5.848056,36.173056,48.5166911,33.75860281
SierraRetinY4,7,2073,-5.848056,36.173056,76.86792744,33.87937858
SierraRetinY4,7,2074,-5.848056,36.173056,61.29141393,31.50432838
SierraRetinY4,7,2075,-5.848056,36.173056,89.54732181,32.4493613
SierraRetinY4,7,2076,-5.848056,36.173056,35.3418931,34.74258502
SierraRetinY4,7,2077,-5.848056,36.173056,48.01197496,35.22108883
SierraRetinY4,7,2078,-5.848056,36.173056,93.60284125,33.62515042
SierraRetinY4,7,2079,-5.848056,36.173056,74.0447155,34.70167473
SierraRetinY4,7,2080,-5.848056,36.173056,81.44629253,34.29445407
SierraRetinY4,7,2081,-5.848056,36.173056,62.38942104,33.54752945
SierraRetinY4,7,2082,-5.848056,36.173056,79.0525583,32.49800533
SierraRetinY4,7,2083,-5.848056,36.173056,57.43091232,35.10670993
SierraRetinY4,7,2084,-5.848056,36.173056,100.8402605,33.04505458
SierraRetinY4,7,2085,-5.848056,36.173056,65.89528028,36.16141909
SierraRetinY4,7,2086,-5.848056,36.173056,79.0368894,34.40197242
SierraRetinY4,7,2087,-5.848056,36.173056,39.43693824,33.91791835
SierraRetinY4,7,2088,-5.848056,36.173056,96.65361648,31.31712765
SierraRetinY4,7,2089,-5.848056,36.173056,62.0676125,35.91138069
SierraRetinY4,7,2090,-5.848056,36.173056,95.90241479,34.4616018
SierraRetinY4,7,2091,-5.848056,36.173056,25.60456151,36.44315442
SierraRetinY4,7,2092,-5.848056,36.173056,103.3447833,33.41029683
SierraRetinY4,7,2093,-5.848056,36.173056,136.9004218,31.233983
SierraRetinY4,7,2094,-5.848056,36.173056,60.79304474,36.96313358
SierraRetinY4,7,2095,-5.848056,36.173056,79.2626778,33.7483804
SierraRetinY4,7,2096,-5.848056,36.173056,69.09825179,35.80905033
SierraRetinY4,7,2097,-5.848056,36.173056,100.525059,33.58147091
SierraRetinY4,7,2098,-5.848056,36.173056,127.496706,30.93401686
SierraRetinY4,7,2099,-5.848056,36.173056,77.1847597,35.79147418
SierraRetinY4,7,2100,-5.848056,36.173056,88.08131381,35.38181901
SierraRetinY4,8,2015,-5.848056,36.173056,41.83775883,30.42531935
SierraRetinY4,8,2016,-5.848056,36.173056,43.15745927,30.04665429
SierraRetinY4,8,2017,-5.848056,36.173056,32.5334791,31.87476452
SierraRetinY4,8,2018,-5.848056,36.173056,67.08083916,31.69016468
SierraRetinY4,8,2019,-5.848056,36.173056,67.31387255,30.3365447
SierraRetinY4,8,2020,-5.848056,36.173056,41.67990327,31.60875658
SierraRetinY4,8,2021,-5.848056,36.173056,54.85988321,30.75645673
SierraRetinY4,8,2022,-5.848056,36.173056,50.93612633,30.93096313
SierraRetinY4,8,2023,-5.848056,36.173056,60.06139751,30.35454909
SierraRetinY4,8,2024,-5.848056,36.173056,47.5099074,33.12743235
SierraRetinY4,8,2025,-5.848056,36.173056,88.67588941,30.3895813
SierraRetinY4,8,2026,-5.848056,36.173056,38.85043337,32.6278153
SierraRetinY4,8,2027,-5.848056,36.173056,70.090482,32.66594061
SierraRetinY4,8,2028,-5.848056,36.173056,74.07159625,30.49609355
SierraRetinY4,8,2029,-5.848056,36.173056,80.4832178,31.30037251
SierraRetinY4,8,2030,-5.848056,36.173056,67.02552881,31.83528561
SierraRetinY4,8,2031,-5.848056,36.173056,88.34221825,28.6742158
SierraRetinY4,8,2032,-5.848056,36.173056,40.12444676,32.48714107
SierraRetinY4,8,2033,-5.848056,36.173056,97.81274705,30.58490463
SierraRetinY4,8,2034,-5.848056,36.173056,70.11057266,31.4061612
SierraRetinY4,8,2035,-5.848056,36.173056,58.17633891,31.69618452
SierraRetinY4,8,2036,-5.848056,36.173056,48.8816005,32.52635321
SierraRetinY4,8,2037,-5.848056,36.173056,39.67178683,32.73738226
SierraRetinY4,8,2038,-5.848056,36.173056,49.94267092,33.09458461
SierraRetinY4,8,2039,-5.848056,36.173056,41.86560986,31.9245131
SierraRetinY4,8,2040,-5.848056,36.173056,67.55184636,31.9629997
SierraRetinY4,8,2041,-5.848056,36.173056,28.51184681,33.61399969
SierraRetinY4,8,2042,-5.848056,36.173056,58.58868474,33.63839407
SierraRetinY4,8,2043,-5.848056,36.173056,56.83644557,31.61947809
SierraRetinY4,8,2044,-5.848056,36.173056,47.492446,32.87984718
SierraRetinY4,8,2045,-5.848056,36.173056,46.22624309,32.66620838
SierraRetinY4,8,2046,-5.848056,36.173056,26.99867517,33.21715403
SierraRetinY4,8,2047,-5.848056,36.173056,67.51419858,31.80500429
SierraRetinY4,8,2048,-5.848056,36.173056,84.60786047,31.86166756
SierraRetinY4,8,2049,-5.848056,36.173056,55.38199514,32.41987147
SierraRetinY4,8,2050,-5.848056,36.173056,95.59774243,32.21661456
SierraRetinY4,8,2051,-5.848056,36.173056,46.77420641,33.17098881
SierraRetinY4,8,2052,-5.848056,36.173056,43.92399407,32.86053349
SierraRetinY4,8,2053,-5.848056,36.173056,48.88072948,32.22267082
SierraRetinY4,8,2054,-5.848056,36.173056,80.20073315,32.14980173
SierraRetinY4,8,2055,-5.848056,36.173056,59.4642471,31.9536121
SierraRetinY4,8,2056,-5.848056,36.173056,58.51092597,34.00658865
SierraRetinY4,8,2057,-5.848056,36.173056,17.74451209,34.36640172
SierraRetinY4,8,2058,-5.848056,36.173056,63.93054022,32.86830267
SierraRetinY4,8,2059,-5.848056,36.173056,75.20948748,33.87467297
SierraRetinY4,8,2060,-5.848056,36.173056,48.2037532,33.58932475
SierraRetinY4,8,2061,-5.848056,36.173056,37.9945297,32.10443292
SierraRetinY4,8,2062,-5.848056,36.173056,55.1195098,34.78773331
SierraRetinY4,8,2063,-5.848056,36.173056,69.29281219,32.78969431
SierraRetinY4,8,2064,-5.848056,36.173056,79.63222459,32.91057838
SierraRetinY4,8,2065,-5.848056,36.173056,61.5613396,32.85134376
SierraRetinY4,8,2066,-5.848056,36.173056,46.96562246,34.30104685
SierraRetinY4,8,2067,-5.848056,36.173056,77.55575678,32.78130395
SierraRetinY4,8,2068,-5.848056,36.173056,42.29738009,33.68924029
SierraRetinY4,8,2069,-5.848056,36.173056,71.96428118,34.24438162
SierraRetinY4,8,2070,-5.848056,36.173056,49.9813137,34.47143043
SierraRetinY4,8,2071,-5.848056,36.173056,146.9417798,29.79671729
SierraRetinY4,8,2072,-5.848056,36.173056,76.71849374,32.84513589
SierraRetinY4,8,2073,-5.848056,36.173056,55.83753043,35.21116865
SierraRetinY4,8,2074,-5.848056,36.173056,97.5572221,31.79540307
SierraRetinY4,8,2075,-5.848056,36.173056,76.82644108,33.7621773
SierraRetinY4,8,2076,-5.848056,36.173056,112.1648753,31.60353905
SierraRetinY4,8,2077,-5.848056,36.173056,37.60499609,34.80974141
SierraRetinY4,8,2078,-5.848056,36.173056,34.98501832,36.6941172
SierraRetinY4,8,2079,-5.848056,36.173056,73.18329396,34.03778056
SierraRetinY4,8,2080,-5.848056,36.173056,24.36080073,35.93812492
SierraRetinY4,8,2081,-5.848056,36.173056,61.62762036,35.28378375
SierraRetinY4,8,2082,-5.848056,36.173056,112.5383305,34.39099692
SierraRetinY4,8,2083,-5.848056,36.173056,77.81891172,35.78446301
SierraRetinY4,8,2084,-5.848056,36.173056,52.62291668,34.39266456
SierraRetinY4,8,2085,-5.848056,36.173056,23.46520127,34.81469707
SierraRetinY4,8,2086,-5.848056,36.173056,57.83993446,34.05648095
SierraRetinY4,8,2087,-5.848056,36.173056,62.65617859,34.47687043
SierraRetinY4,8,2088,-5.848056,36.173056,57.64871242,34.10197478
SierraRetinY4,8,2089,-5.848056,36.173056,21.81429013,35.2609625
SierraRetinY4,8,2090,-5.848056,36.173056,67.70219042,34.95781368
SierraRetinY4,8,2091,-5.848056,36.173056,39.88023855,37.03101649
SierraRetinY4,8,2092,-5.848056,36.173056,63.1659767,35.72166276
SierraRetinY4,8,2093,-5.848056,36.173056,70.22717558,33.9651379
SierraRetinY4,8,2094,-5.848056,36.173056,32.60826814,37.79903761
SierraRetinY4,8,2095,-5.848056,36.173056,70.97092704,34.49394354
SierraRetinY4,8,2096,-5.848056,36.173056,47.94325884,36.58296332
SierraRetinY4,8,2097,-5.848056,36.173056,68.89456809,35.74818745
SierraRetinY4,8,2098,-5.848056,36.173056,19.31008772,34.46412393
SierraRetinY4,8,2099,-5.848056,36.173056,93.07765193,31.97825751
SierraRetinY4,8,2100,-5.848056,36.173056,41.48693801,36.60812752
SierraRetinY4,9,2015,-5.848056,36.173056,101.6221289,26.65684611
SierraRetinY4,9,2016,-5.848056,36.173056,101.5264416,25.19356079
SierraRetinY4,9,2017,-5.848056,36.173056,61.19479391,28.7271108
SierraRetinY4,9,2018,-5.848056,36.173056,76.41637476,24.88515727
SierraRetinY4,9,2019,-5.848056,36.173056,59.47277451,27.99203796
SierraRetinY4,9,2020,-5.848056,36.173056,72.98402464,26.14356893
SierraRetinY4,9,2021,-5.848056,36.173056,55.60491611,25.21778768
SierraRetinY4,9,2022,-5.848056,36.173056,120.6651472,25.70561523
SierraRetinY4,9,2023,-5.848056,36.173056,53.89875519,26.86835531
SierraRetinY4,9,2024,-5.848056,36.173056,99.81015346,25.71776428
SierraRetinY4,9,2025,-5.848056,36.173056,103.7925949,23.91383565
SierraRetinY4,9,2026,-5.848056,36.173056,88.07208951,25.6744161
SierraRetinY4,9,2027,-5.848056,36.173056,32.26833542,26.74070129
SierraRetinY4,9,2028,-5.848056,36.173056,71.0164338,26.83994242
SierraRetinY4,9,2029,-5.848056,36.173056,57.42919552,26.35091451
SierraRetinY4,9,2030,-5.848056,36.173056,117.4977813,26.55979614
SierraRetinY4,9,2031,-5.848056,36.173056,51.95467575,26.08223368
SierraRetinY4,9,2032,-5.848056,36.173056,85.12267597,26.11966654
SierraRetinY4,9,2033,-5.848056,36.173056,128.2537336,24.10019938
SierraRetinY4,9,2034,-5.848056,36.173056,67.21217132,25.83168742
SierraRetinY4,9,2035,-5.848056,36.173056,42.1760342,27.00574341
SierraRetinY4,9,2036,-5.848056,36.173056,108.5968854,24.40023397
SierraRetinY4,9,2037,-5.848056,36.173056,36.51960796,28.3229421
SierraRetinY4,9,2038,-5.848056,36.173056,78.65850171,25.96999003
SierraRetinY4,9,2039,-5.848056,36.173056,67.87967742,26.90432027
SierraRetinY4,9,2040,-5.848056,36.173056,67.40876886,25.45624084
SierraRetinY4,9,2041,-5.848056,36.173056,72.63093528,27.72121175
SierraRetinY4,9,2042,-5.848056,36.173056,117.7971147,25.73380839
SierraRetinY4,9,2043,-5.848056,36.173056,82.10174254,25.69419556
SierraRetinY4,9,2044,-5.848056,36.173056,47.11802663,29.28228556
SierraRetinY4,9,2045,-5.848056,36.173056,52.19943061,26.68302104
SierraRetinY4,9,2046,-5.848056,36.173056,48.01786855,28.64653625
SierraRetinY4,9,2047,-5.848056,36.173056,168.1690489,24.94240723
SierraRetinY4,9,2048,-5.848056,36.173056,53.00510316,27.28094889
SierraRetinY4,9,2049,-5.848056,36.173056,89.11020615,26.37019043
SierraRetinY4,9,2050,-5.848056,36.173056,98.041837,26.22377218
SierraRetinY4,9,2051,-5.848056,36.173056,52.63869645,27.66639201
SierraRetinY4,9,2052,-5.848056,36.173056,73.36385971,28.29583537
SierraRetinY4,9,2053,-5.848056,36.173056,123.6422807,26.8329539
SierraRetinY4,9,2054,-5.848056,36.173056,71.63740398,28.92102661
SierraRetinY4,9,2055,-5.848056,36.173056,81.01839283,26.84522909
SierraRetinY4,9,2056,-5.848056,36.173056,49.15041395,27.4591746
SierraRetinY4,9,2057,-5.848056,36.173056,45.93323179,28.9748057
SierraRetinY4,9,2058,-5.848056,36.173056,82.11306749,26.09436239
SierraRetinY4,9,2059,-5.848056,36.173056,62.22505912,29.27229513
SierraRetinY4,9,2060,-5.848056,36.173056,166.7433698,24.83260295
SierraRetinY4,9,2061,-5.848056,36.173056,103.7542049,28.3188385
SierraRetinY4,9,2062,-5.848056,36.173056,102.5338323,29.48455607
SierraRetinY4,9,2063,-5.848056,36.173056,47.36068349,28.07701721
SierraRetinY4,9,2064,-5.848056,36.173056,46.33463034,27.6907725
SierraRetinY4,9,2065,-5.848056,36.173056,67.64405503,29.28123169
SierraRetinY4,9,2066,-5.848056,36.173056,69.97399406,29.47034505
SierraRetinY4,9,2067,-5.848056,36.173056,113.0937652,26.75270589
SierraRetinY4,9,2068,-5.848056,36.173056,36.30801067,28.56176554
SierraRetinY4,9,2069,-5.848056,36.173056,72.02034124,28.3122996
SierraRetinY4,9,2070,-5.848056,36.173056,69.84009782,28.92534078
SierraRetinY4,9,2071,-5.848056,36.173056,58.27475327,29.99298197
SierraRetinY4,9,2072,-5.848056,36.173056,39.63696374,28.46964722
SierraRetinY4,9,2073,-5.848056,36.173056,55.96279252,29.71316325
SierraRetinY4,9,2074,-5.848056,36.173056,164.9976925,26.80036723
SierraRetinY4,9,2075,-5.848056,36.173056,111.2992217,28.88324585
SierraRetinY4,9,2076,-5.848056,36.173056,108.3275639,26.29450989
SierraRetinY4,9,2077,-5.848056,36.173056,187.0522807,23.95023499
SierraRetinY4,9,2078,-5.848056,36.173056,37.40463215,32.06572266
SierraRetinY4,9,2079,-5.848056,36.173056,63.77799911,28.7604126
SierraRetinY4,9,2080,-5.848056,36.173056,47.45616018,30.32178446
SierraRetinY4,9,2081,-5.848056,36.173056,127.0703366,26.30270793
SierraRetinY4,9,2082,-5.848056,36.173056,68.67423841,29.0265981
SierraRetinY4,9,2083,-5.848056,36.173056,109.5465795,30.44188639
SierraRetinY4,9,2084,-5.848056,36.173056,47.65065827,29.01198425
SierraRetinY4,9,2085,-5.848056,36.173056,46.5481941,29.59851786
SierraRetinY4,9,2086,-5.848056,36.173056,72.60470912,29.87734172
SierraRetinY4,9,2087,-5.848056,36.173056,67.74014072,30.61467997
SierraRetinY4,9,2088,-5.848056,36.173056,36.12057016,29.26948954
SierraRetinY4,9,2089,-5.848056,36.173056,42.96160661,31.1569519
SierraRetinY4,9,2090,-5.848056,36.173056,38.7324951,29.89252726
SierraRetinY4,9,2091,-5.848056,36.173056,17.75889001,31.22068176
SierraRetinY4,9,2092,-5.848056,36.173056,57.09618191,29.08295797
SierraRetinY4,9,2093,-5.848056,36.173056,27.68452271,29.10314331
SierraRetinY4,9,2094,-5.848056,36.173056,77.91010242,31.40940145
SierraRetinY4,9,2095,-5.848056,36.173056,44.66274356,30.1498291
SierraRetinY4,9,2096,-5.848056,36.173056,101.6065497,29.14754232
SierraRetinY4,9,2097,-5.848056,36.173056,54.61990181,30.45243123
SierraRetinY4,9,2098,-5.848056,36.173056,158.7749492,28.86553548
SierraRetinY4,9,2099,-5.848056,36.173056,197.7296789,27.07234904
SierraRetinY4,9,2100,-5.848056,36.173056,28.62930108,30.10253194
SierraRetinY5,1,2015,-5.833055556,36.17694444,6.164272203,10.9335335
SierraRetinY5,1,2016,-5.833055556,36.17694444,65.3406584,10.33381092
SierraRetinY5,1,2017,-5.833055556,36.17694444,13.37374009,14.78664354
SierraRetinY5,1,2018,-5.833055556,36.17694444,31.78027838,11.07513605
SierraRetinY5,1,2019,-5.833055556,36.17694444,13.45057078,12.99073624
SierraRetinY5,1,2020,-5.833055556,36.17694444,17.4865033,12.13729346
SierraRetinY5,1,2021,-5.833055556,36.17694444,9.886489123,12.41431727
SierraRetinY5,1,2022,-5.833055556,36.17694444,124.2723979,9.321541866
SierraRetinY5,1,2023,-5.833055556,36.17694444,5.870315523,13.61226807
SierraRetinY5,1,2024,-5.833055556,36.17694444,9.849419874,14.89918252
SierraRetinY5,1,2025,-5.833055556,36.17694444,92.00610493,10.03883588
SierraRetinY5,1,2026,-5.833055556,36.17694444,34.64407833,11.28764077
SierraRetinY5,1,2027,-5.833055556,36.17694444,45.64543805,13.12379387
SierraRetinY5,1,2028,-5.833055556,36.17694444,45.54854043,10.25912357
SierraRetinY5,1,2029,-5.833055556,36.17694444,17.91194555,12.75790779
SierraRetinY5,1,2030,-5.833055556,36.17694444,2.008728138,13.33031321
SierraRetinY5,1,2031,-5.833055556,36.17694444,36.23691975,13.42561764
SierraRetinY5,1,2032,-5.833055556,36.17694444,77.56464638,12.24502839
SierraRetinY5,1,2033,-5.833055556,36.17694444,36.81369627,9.680592986
SierraRetinY5,1,2034,-5.833055556,36.17694444,57.32517534,9.629608942
SierraRetinY5,1,2035,-5.833055556,36.17694444,21.9303979,13.93768488
SierraRetinY5,1,2036,-5.833055556,36.17694444,23.70633918,14.19972652
SierraRetinY5,1,2037,-5.833055556,36.17694444,18.35427051,11.43146815
SierraRetinY5,1,2038,-5.833055556,36.17694444,77.83028889,11.04053699
SierraRetinY5,1,2039,-5.833055556,36.17694444,40.06265691,11.72582791
SierraRetinY5,1,2040,-5.833055556,36.17694444,11.54531058,11.85500488
SierraRetinY5,1,2041,-5.833055556,36.17694444,69.64765452,12.19207646
SierraRetinY5,1,2042,-5.833055556,36.17694444,18.2988662,13.22914744
SierraRetinY5,1,2043,-5.833055556,36.17694444,31.04636719,13.86302018
SierraRetinY5,1,2044,-5.833055556,36.17694444,81.51727817,11.60786271
SierraRetinY5,1,2045,-5.833055556,36.17694444,2.622030871,15.95038413
SierraRetinY5,1,2046,-5.833055556,36.17694444,24.02399939,11.24613293
SierraRetinY5,1,2047,-5.833055556,36.17694444,5.104409073,15.06168863
SierraRetinY5,1,2048,-5.833055556,36.17694444,8.804350889,12.75469754
SierraRetinY5,1,2049,-5.833055556,36.17694444,18.10300565,13.31274887
SierraRetinY5,1,2050,-5.833055556,36.17694444,10.76686255,12.76338127
SierraRetinY5,1,2051,-5.833055556,36.17694444,44.78609927,12.08723184
SierraRetinY5,1,2052,-5.833055556,36.17694444,1.984603559,16.51689177
SierraRetinY5,1,2053,-5.833055556,36.17694444,23.20290226,13.62728075
SierraRetinY5,1,2054,-5.833055556,36.17694444,76.52944398,9.951716072
SierraRetinY5,1,2055,-5.833055556,36.17694444,10.70138752,15.01902604
SierraRetinY5,1,2056,-5.833055556,36.17694444,17.21351803,12.07415949
SierraRetinY5,1,2057,-5.833055556,36.17694444,24.87427286,14.66342833
SierraRetinY5,1,2058,-5.833055556,36.17694444,15.36901838,14.24498901
SierraRetinY5,1,2059,-5.833055556,36.17694444,59.55285851,13.03767326
SierraRetinY5,1,2060,-5.833055556,36.17694444,7.993221626,13.14951329
SierraRetinY5,1,2061,-5.833055556,36.17694444,2.024765534,14.76355551
SierraRetinY5,1,2062,-5.833055556,36.17694444,16.0065717,12.93030947
SierraRetinY5,1,2063,-5.833055556,36.17694444,40.02079101,12.27999268
SierraRetinY5,1,2064,-5.833055556,36.17694444,65.11164229,13.6206289
SierraRetinY5,1,2065,-5.833055556,36.17694444,52.37024159,11.44432393
SierraRetinY5,1,2066,-5.833055556,36.17694444,17.44505193,13.03072214
SierraRetinY5,1,2067,-5.833055556,36.17694444,3.237635824,15.36011215
SierraRetinY5,1,2068,-5.833055556,36.17694444,77.62868104,11.45949215
SierraRetinY5,1,2069,-5.833055556,36.17694444,15.86963537,15.48670989
SierraRetinY5,1,2070,-5.833055556,36.17694444,63.31425713,13.48306255
SierraRetinY5,1,2071,-5.833055556,36.17694444,37.95385248,13.74463363
SierraRetinY5,1,2072,-5.833055556,36.17694444,22.42006773,12.4079519
SierraRetinY5,1,2073,-5.833055556,36.17694444,46.0916096,13.39485592
SierraRetinY5,1,2074,-5.833055556,36.17694444,22.89132052,15.38897784
SierraRetinY5,1,2075,-5.833055556,36.17694444,35.14946283,13.19654876
SierraRetinY5,1,2076,-5.833055556,36.17694444,15.15468484,12.2546306
SierraRetinY5,1,2077,-5.833055556,36.17694444,6.735347425,15.50169697
SierraRetinY5,1,2078,-5.833055556,36.17694444,20.32581426,11.58927061
SierraRetinY5,1,2079,-5.833055556,36.17694444,7.16014857,15.81360631
SierraRetinY5,1,2080,-5.833055556,36.17694444,63.30749572,11.189069
SierraRetinY5,1,2081,-5.833055556,36.17694444,7.353081292,14.86522729
SierraRetinY5,1,2082,-5.833055556,36.17694444,8.787698747,14.12657294
SierraRetinY5,1,2083,-5.833055556,36.17694444,2.232564753,15.67043457
SierraRetinY5,1,2084,-5.833055556,36.17694444,11.77702601,15.8545166
SierraRetinY5,1,2085,-5.833055556,36.17694444,36.46901843,16.74167638
SierraRetinY5,1,2086,-5.833055556,36.17694444,73.70955688,14.44601519
SierraRetinY5,1,2087,-5.833055556,36.17694444,51.78583458,13.74438851
SierraRetinY5,1,2088,-5.833055556,36.17694444,6.164577055,15.39072817
SierraRetinY5,1,2089,-5.833055556,36.17694444,8.267244655,14.68629387
SierraRetinY5,1,2090,-5.833055556,36.17694444,22.54915663,14.67691217
SierraRetinY5,1,2091,-5.833055556,36.17694444,17.07719513,15.63485009
SierraRetinY5,1,2092,-5.833055556,36.17694444,13.25995477,15.7911375
SierraRetinY5,1,2093,-5.833055556,36.17694444,6.389007783,14.60252508
SierraRetinY5,1,2094,-5.833055556,36.17694444,124.9355616,13.47372318
SierraRetinY5,1,2095,-5.833055556,36.17694444,20.14817119,14.23527064
SierraRetinY5,1,2096,-5.833055556,36.17694444,11.18055227,13.23789909
SierraRetinY5,1,2097,-5.833055556,36.17694444,14.97312233,14.47004139
SierraRetinY5,1,2098,-5.833055556,36.17694444,2.158287935,18.60824565
SierraRetinY5,1,2099,-5.833055556,36.17694444,34.70589981,13.7124622
SierraRetinY5,1,2100,-5.833055556,36.17694444,10.28052693,16.35295824
SierraRetinY5,10,2015,-5.833055556,36.17694444,83.75183137,20.59304396
SierraRetinY5,10,2016,-5.833055556,36.17694444,42.32269931,19.79761707
SierraRetinY5,10,2017,-5.833055556,36.17694444,50.80549132,19.10287653
SierraRetinY5,10,2018,-5.833055556,36.17694444,72.08835365,19.69344679
SierraRetinY5,10,2019,-5.833055556,36.17694444,63.99326741,22.0658272
SierraRetinY5,10,2020,-5.833055556,36.17694444,76.22714293,17.59039681
SierraRetinY5,10,2021,-5.833055556,36.17694444,84.26535463,19.18958287
SierraRetinY5,10,2022,-5.833055556,36.17694444,271.0707922,16.77562571
SierraRetinY5,10,2023,-5.833055556,36.17694444,29.02560689,22.95855299
SierraRetinY5,10,2024,-5.833055556,36.17694444,153.5327856,17.10531203
SierraRetinY5,10,2025,-5.833055556,36.17694444,181.4963282,16.37296989
SierraRetinY5,10,2026,-5.833055556,36.17694444,75.89221561,18.36489455
SierraRetinY5,10,2027,-5.833055556,36.17694444,67.51849624,22.26541413
SierraRetinY5,10,2028,-5.833055556,36.17694444,79.69104213,20.14873165
SierraRetinY5,10,2029,-5.833055556,36.17694444,27.96333132,18.87397205
SierraRetinY5,10,2030,-5.833055556,36.17694444,57.1727113,19.93108225
SierraRetinY5,10,2031,-5.833055556,36.17694444,226.5560305,17.32243672
SierraRetinY5,10,2032,-5.833055556,36.17694444,90.35120542,19.37857824
SierraRetinY5,10,2033,-5.833055556,36.17694444,117.932246,20.60440634
SierraRetinY5,10,2034,-5.833055556,36.17694444,57.44356456,21.55007423
SierraRetinY5,10,2035,-5.833055556,36.17694444,82.7089785,18.96875374
SierraRetinY5,10,2036,-5.833055556,36.17694444,96.38958744,17.57748886
SierraRetinY5,10,2037,-5.833055556,36.17694444,44.39409119,18.26578034
SierraRetinY5,10,2038,-5.833055556,36.17694444,24.31632435,22.46077684
SierraRetinY5,10,2039,-5.833055556,36.17694444,54.9949976,20.12656604
SierraRetinY5,10,2040,-5.833055556,36.17694444,222.5232823,18.19697108
SierraRetinY5,10,2041,-5.833055556,36.17694444,113.9548012,18.72797497
SierraRetinY5,10,2042,-5.833055556,36.17694444,32.75408441,21.09203983
SierraRetinY5,10,2043,-5.833055556,36.17694444,63.42414523,18.57658022
SierraRetinY5,10,2044,-5.833055556,36.17694444,92.58709217,21.12574994
SierraRetinY5,10,2045,-5.833055556,36.17694444,87.98216598,19.10464852
SierraRetinY5,10,2046,-5.833055556,36.17694444,150.3216548,20.45777824
SierraRetinY5,10,2047,-5.833055556,36.17694444,48.15724054,21.06614222
SierraRetinY5,10,2048,-5.833055556,36.17694444,73.23235294,19.50155029
SierraRetinY5,10,2049,-5.833055556,36.17694444,102.1181569,22.16889491
SierraRetinY5,10,2050,-5.833055556,36.17694444,58.93468343,23.0071675
SierraRetinY5,10,2051,-5.833055556,36.17694444,36.55448393,22.24452633
SierraRetinY5,10,2052,-5.833055556,36.17694444,64.87815111,21.17475232
SierraRetinY5,10,2053,-5.833055556,36.17694444,29.24950763,22.19689528
SierraRetinY5,10,2054,-5.833055556,36.17694444,43.10920447,21.21254784
SierraRetinY5,10,2055,-5.833055556,36.17694444,136.4933427,17.1575089
SierraRetinY5,10,2056,-5.833055556,36.17694444,39.35813754,20.81880513
SierraRetinY5,10,2057,-5.833055556,36.17694444,97.6780268,20.10714407
SierraRetinY5,10,2058,-5.833055556,36.17694444,120.0989036,21.15906037
SierraRetinY5,10,2059,-5.833055556,36.17694444,82.08935343,22.44918016
SierraRetinY5,10,2060,-5.833055556,36.17694444,42.3775345,18.66959091
SierraRetinY5,10,2061,-5.833055556,36.17694444,146.894599,20.63605307
SierraRetinY5,10,2062,-5.833055556,36.17694444,23.61989436,20.99565056
SierraRetinY5,10,2063,-5.833055556,36.17694444,56.48063809,22.1272837
SierraRetinY5,10,2064,-5.833055556,36.17694444,86.36480019,22.45349003
SierraRetinY5,10,2065,-5.833055556,36.17694444,60.48267111,22.9869373
SierraRetinY5,10,2066,-5.833055556,36.17694444,63.7795417,22.0265058
SierraRetinY5,10,2067,-5.833055556,36.17694444,76.99542938,21.18954054
SierraRetinY5,10,2068,-5.833055556,36.17694444,71.79970251,19.56061165
SierraRetinY5,10,2069,-5.833055556,36.17694444,135.0725308,21.8381641
SierraRetinY5,10,2070,-5.833055556,36.17694444,93.69635287,22.35429215
SierraRetinY5,10,2071,-5.833055556,36.17694444,72.68608809,24.22063697
SierraRetinY5,10,2072,-5.833055556,36.17694444,61.71964553,23.34059763
SierraRetinY5,10,2073,-5.833055556,36.17694444,117.1562097,21.00371901
SierraRetinY5,10,2074,-5.833055556,36.17694444,175.1417948,17.64751095
SierraRetinY5,10,2075,-5.833055556,36.17694444,18.5307886,24.80715332
SierraRetinY5,10,2076,-5.833055556,36.17694444,53.41423317,22.50002835
SierraRetinY5,10,2077,-5.833055556,36.17694444,60.66151459,20.23461501
SierraRetinY5,10,2078,-5.833055556,36.17694444,43.26428627,25.70672391
SierraRetinY5,10,2079,-5.833055556,36.17694444,94.71270401,19.84769642
SierraRetinY5,10,2080,-5.833055556,36.17694444,35.49856486,25.66075262
SierraRetinY5,10,2081,-5.833055556,36.17694444,13.52149116,24.32885033
SierraRetinY5,10,2082,-5.833055556,36.17694444,42.77833236,25.50492199
SierraRetinY5,10,2083,-5.833055556,36.17694444,160.0228045,18.85384128
SierraRetinY5,10,2084,-5.833055556,36.17694444,42.5780389,24.36271205
SierraRetinY5,10,2085,-5.833055556,36.17694444,63.96645549,24.36511506
SierraRetinY5,10,2086,-5.833055556,36.17694444,85.49713603,25.3293081
SierraRetinY5,10,2087,-5.833055556,36.17694444,90.76510242,23.97567237
SierraRetinY5,10,2088,-5.833055556,36.17694444,134.3454887,24.70948821
SierraRetinY5,10,2089,-5.833055556,36.17694444,20.90978696,26.15673316
SierraRetinY5,10,2090,-5.833055556,36.17694444,118.8311172,22.14233477
SierraRetinY5,10,2091,-5.833055556,36.17694444,66.82066946,23.06931015
SierraRetinY5,10,2092,-5.833055556,36.17694444,45.67531929,24.57436228
SierraRetinY5,10,2093,-5.833055556,36.17694444,38.9741141,23.18641791
SierraRetinY5,10,2094,-5.833055556,36.17694444,90.25627187,23.20232839
SierraRetinY5,10,2095,-5.833055556,36.17694444,68.17137717,23.31741313
SierraRetinY5,10,2096,-5.833055556,36.17694444,168.7706287,17.67973259
SierraRetinY5,10,2097,-5.833055556,36.17694444,22.66898953,25.42661783
SierraRetinY5,10,2098,-5.833055556,36.17694444,255.0324897,21.36613789
SierraRetinY5,10,2099,-5.833055556,36.17694444,4.231280568,23.33086548
SierraRetinY5,10,2100,-5.833055556,36.17694444,48.28228248,25.66985572
SierraRetinY5,11,2015,-5.833055556,36.17694444,48.38098225,13.92687073
SierraRetinY5,11,2016,-5.833055556,36.17694444,75.7213314,17.06195577
SierraRetinY5,11,2017,-5.833055556,36.17694444,34.94585413,16.01923014
SierraRetinY5,11,2018,-5.833055556,36.17694444,5.369730724,17.00990194
SierraRetinY5,11,2019,-5.833055556,36.17694444,88.23189231,14.39065247
SierraRetinY5,11,2020,-5.833055556,36.17694444,127.6588044,13.70657756
SierraRetinY5,11,2021,-5.833055556,36.17694444,60.93209029,12.38975627
SierraRetinY5,11,2022,-5.833055556,36.17694444,70.95474486,15.08192952
SierraRetinY5,11,2023,-5.833055556,36.17694444,27.06777799,15.98512166
SierraRetinY5,11,2024,-5.833055556,36.17694444,18.92640109,13.70152893
SierraRetinY5,11,2025,-5.833055556,36.17694444,81.94071276,14.38966064
SierraRetinY5,11,2026,-5.833055556,36.17694444,9.939982472,16.76792704
SierraRetinY5,11,2027,-5.833055556,36.17694444,34.77132525,15.47078756
SierraRetinY5,11,2028,-5.833055556,36.17694444,19.5173547,15.92893372
SierraRetinY5,11,2029,-5.833055556,36.17694444,136.4994855,14.67351786
SierraRetinY5,11,2030,-5.833055556,36.17694444,31.30733511,14.9475057
SierraRetinY5,11,2031,-5.833055556,36.17694444,73.63070813,13.76139628
SierraRetinY5,11,2032,-5.833055556,36.17694444,63.23406799,15.02232157
SierraRetinY5,11,2033,-5.833055556,36.17694444,74.05198942,13.65531921
SierraRetinY5,11,2034,-5.833055556,36.17694444,10.43811017,18.44635518
SierraRetinY5,11,2035,-5.833055556,36.17694444,107.4646797,13.07749329
SierraRetinY5,11,2036,-5.833055556,36.17694444,126.3832921,11.76103719
SierraRetinY5,11,2037,-5.833055556,36.17694444,14.43164597,16.22931519
SierraRetinY5,11,2038,-5.833055556,36.17694444,39.93247298,16.96585693
SierraRetinY5,11,2039,-5.833055556,36.17694444,99.65278831,11.66065674
SierraRetinY5,11,2040,-5.833055556,36.17694444,74.01070408,12.5390981
SierraRetinY5,11,2041,-5.833055556,36.17694444,29.95168695,13.16360881
SierraRetinY5,11,2042,-5.833055556,36.17694444,20.21149411,16.38213908
SierraRetinY5,11,2043,-5.833055556,36.17694444,4.988953114,18.9180776
SierraRetinY5,11,2044,-5.833055556,36.17694444,4.422747707,17.37414347
SierraRetinY5,11,2045,-5.833055556,36.17694444,13.66523954,18.17885946
SierraRetinY5,11,2046,-5.833055556,36.17694444,26.16726489,14.41564128
SierraRetinY5,11,2047,-5.833055556,36.17694444,19.73331206,16.67893372
SierraRetinY5,11,2048,-5.833055556,36.17694444,89.29841286,13.07190247
SierraRetinY5,11,2049,-5.833055556,36.17694444,50.88493345,15.29458923
SierraRetinY5,11,2050,-5.833055556,36.17694444,100.7548365,15.77719116
SierraRetinY5,11,2051,-5.833055556,36.17694444,10.0582045,18.07425842
SierraRetinY5,11,2052,-5.833055556,36.17694444,24.11150797,14.76038717
SierraRetinY5,11,2053,-5.833055556,36.17694444,6.731335175,19.53586222
SierraRetinY5,11,2054,-5.833055556,36.17694444,23.92839872,14.5087616
SierraRetinY5,11,2055,-5.833055556,36.17694444,3.189226146,16.39730326
SierraRetinY5,11,2056,-5.833055556,36.17694444,53.66383456,16.46003723
SierraRetinY5,11,2057,-5.833055556,36.17694444,51.73260921,14.23539124
SierraRetinY5,11,2058,-5.833055556,36.17694444,56.58804603,16.2322937
SierraRetinY5,11,2059,-5.833055556,36.17694444,14.66628204,16.69356893
SierraRetinY5,11,2060,-5.833055556,36.17694444,40.92032828,16.57963562
SierraRetinY5,11,2061,-5.833055556,36.17694444,15.477388,15.41601054
SierraRetinY5,11,2062,-5.833055556,36.17694444,69.56790841,14.33757019
SierraRetinY5,11,2063,-5.833055556,36.17694444,13.36822531,19.70966797
SierraRetinY5,11,2064,-5.833055556,36.17694444,24.37944403,20.04821472
SierraRetinY5,11,2065,-5.833055556,36.17694444,8.402127791,22.28623352
SierraRetinY5,11,2066,-5.833055556,36.17694444,46.0381075,17.57236328
SierraRetinY5,11,2067,-5.833055556,36.17694444,69.05093343,17.2719401
SierraRetinY5,11,2068,-5.833055556,36.17694444,23.03060327,17.74725952
SierraRetinY5,11,2069,-5.833055556,36.17694444,20.62524281,16.2659963
SierraRetinY5,11,2070,-5.833055556,36.17694444,34.77255267,16.5188741
SierraRetinY5,11,2071,-5.833055556,36.17694444,113.7402603,14.97013245
SierraRetinY5,11,2072,-5.833055556,36.17694444,5.236683043,19.18054708
SierraRetinY5,11,2073,-5.833055556,36.17694444,17.47997395,18.66700643
SierraRetinY5,11,2074,-5.833055556,36.17694444,92.84937958,17.38985494
SierraRetinY5,11,2075,-5.833055556,36.17694444,40.3302832,18.41492716
SierraRetinY5,11,2076,-5.833055556,36.17694444,50.36627683,14.65525818
SierraRetinY5,11,2077,-5.833055556,36.17694444,38.15942154,17.86218465
SierraRetinY5,11,2078,-5.833055556,36.17694444,76.49314641,15.48374736
SierraRetinY5,11,2079,-5.833055556,36.17694444,201.5120784,15.22213643
SierraRetinY5,11,2080,-5.833055556,36.17694444,11.01991823,20.62233582
SierraRetinY5,11,2081,-5.833055556,36.17694444,3.620691006,20.21032206
SierraRetinY5,11,2082,-5.833055556,36.17694444,9.477477465,19.00385234
SierraRetinY5,11,2083,-5.833055556,36.17694444,12.36584786,17.90292358
SierraRetinY5,11,2084,-5.833055556,36.17694444,2.133363293,19.22346293
SierraRetinY5,11,2085,-5.833055556,36.17694444,55.34634899,18.03472392
SierraRetinY5,11,2086,-5.833055556,36.17694444,19.16679264,16.96880391
SierraRetinY5,11,2087,-5.833055556,36.17694444,4.666991742,19.796934
SierraRetinY5,11,2088,-5.833055556,36.17694444,24.82491383,19.60653178
SierraRetinY5,11,2089,-5.833055556,36.17694444,28.01506739,20.23710938
SierraRetinY5,11,2090,-5.833055556,36.17694444,20.5429207,19.43281352
SierraRetinY5,11,2091,-5.833055556,36.17694444,58.18668672,18.17399292
SierraRetinY5,11,2092,-5.833055556,36.17694444,26.51763047,20.69608154
SierraRetinY5,11,2093,-5.833055556,36.17694444,20.38684935,19.67825317
SierraRetinY5,11,2094,-5.833055556,36.17694444,58.54777738,16.8765035
SierraRetinY5,11,2095,-5.833055556,36.17694444,3.23679085,21.50919189
SierraRetinY5,11,2096,-5.833055556,36.17694444,11.75700732,15.93886108
SierraRetinY5,11,2097,-5.833055556,36.17694444,66.67038696,17.92743429
SierraRetinY5,11,2098,-5.833055556,36.17694444,25.60401463,17.95900981
SierraRetinY5,11,2099,-5.833055556,36.17694444,16.25759672,19.96364543
SierraRetinY5,11,2100,-5.833055556,36.17694444,27.92409133,18.23920085
SierraRetinY5,12,2015,-5.833055556,36.17694444,6.128784906,13.43408407
SierraRetinY5,12,2016,-5.833055556,36.17694444,4.971569989,15.87442248
SierraRetinY5,12,2017,-5.833055556,36.17694444,38.07204934,12.29226278
SierraRetinY5,12,2018,-5.833055556,36.17694444,36.83788875,14.52881673
SierraRetinY5,12,2019,-5.833055556,36.17694444,4.814012879,12.06860657
SierraRetinY5,12,2020,-5.833055556,36.17694444,35.45224412,10.29891463
SierraRetinY5,12,2021,-5.833055556,36.17694444,16.10456286,11.81872457
SierraRetinY5,12,2022,-5.833055556,36.17694444,36.78543335,12.09379171
SierraRetinY5,12,2023,-5.833055556,36.17694444,12.14495072,13.21639404
SierraRetinY5,12,2024,-5.833055556,36.17694444,22.19440263,14.24582351
SierraRetinY5,12,2025,-5.833055556,36.17694444,45.58015965,11.04454854
SierraRetinY5,12,2026,-5.833055556,36.17694444,19.11412995,13.83071899
SierraRetinY5,12,2027,-5.833055556,36.17694444,35.88032101,12.85800578
SierraRetinY5,12,2028,-5.833055556,36.17694444,22.74376955,12.49347997
SierraRetinY5,12,2029,-5.833055556,36.17694444,52.86110689,10.02803955
SierraRetinY5,12,2030,-5.833055556,36.17694444,29.90675211,13.24976501
SierraRetinY5,12,2031,-5.833055556,36.17694444,45.6760458,9.150120036
SierraRetinY5,12,2032,-5.833055556,36.17694444,10.55466802,14.38765343
SierraRetinY5,12,2033,-5.833055556,36.17694444,38.95794092,12.02030029
SierraRetinY5,12,2034,-5.833055556,36.17694444,7.995759835,13.67126567
SierraRetinY5,12,2035,-5.833055556,36.17694444,13.95091154,11.90982564
SierraRetinY5,12,2036,-5.833055556,36.17694444,3.823895441,13.17870483
SierraRetinY5,12,2037,-5.833055556,36.17694444,26.62763275,12.86779989
SierraRetinY5,12,2038,-5.833055556,36.17694444,5.67631782,13.89313965
SierraRetinY5,12,2039,-5.833055556,36.17694444,7.462860757,11.59067891
SierraRetinY5,12,2040,-5.833055556,36.17694444,28.29987866,11.25072527
SierraRetinY5,12,2041,-5.833055556,36.17694444,3.6987211,14.69722799
SierraRetinY5,12,2042,-5.833055556,36.17694444,8.31448768,13.2473053
SierraRetinY5,12,2043,-5.833055556,36.17694444,9.925176483,14.03182576
SierraRetinY5,12,2044,-5.833055556,36.17694444,22.02916062,13.45995168
SierraRetinY5,12,2045,-5.833055556,36.17694444,8.71061031,15.4379364
SierraRetinY5,12,2046,-5.833055556,36.17694444,12.36059322,11.84570414
SierraRetinY5,12,2047,-5.833055556,36.17694444,4.93888171,15.81803691
SierraRetinY5,12,2048,-5.833055556,36.17694444,70.31212982,9.987470114
SierraRetinY5,12,2049,-5.833055556,36.17694444,22.9735907,11.2826182
SierraRetinY5,12,2050,-5.833055556,36.17694444,58.78968235,13.58290202
SierraRetinY5,12,2051,-5.833055556,36.17694444,29.39882506,12.97073263
SierraRetinY5,12,2052,-5.833055556,36.17694444,68.47626138,9.762600813
SierraRetinY5,12,2053,-5.833055556,36.17694444,35.17115506,12.17872925
SierraRetinY5,12,2054,-5.833055556,36.17694444,5.33137888,16.70165812
SierraRetinY5,12,2055,-5.833055556,36.17694444,8.311787437,14.95313009
SierraRetinY5,12,2056,-5.833055556,36.17694444,10.19369458,15.96810513
SierraRetinY5,12,2057,-5.833055556,36.17694444,23.52465738,13.49970703
SierraRetinY5,12,2058,-5.833055556,36.17694444,10.09592493,15.62369588
SierraRetinY5,12,2059,-5.833055556,36.17694444,26.56224611,14.12011515
SierraRetinY5,12,2060,-5.833055556,36.17694444,48.23226284,14.48059945
SierraRetinY5,12,2061,-5.833055556,36.17694444,26.07550337,13.12870382
SierraRetinY5,12,2062,-5.833055556,36.17694444,9.930844904,13.74590556
SierraRetinY5,12,2063,-5.833055556,36.17694444,14.92235543,16.01062927
SierraRetinY5,12,2064,-5.833055556,36.17694444,21.39641146,16.33248186
SierraRetinY5,12,2065,-5.833055556,36.17694444,3.546405818,18.29858704
SierraRetinY5,12,2066,-5.833055556,36.17694444,26.68104217,13.1513265
SierraRetinY5,12,2067,-5.833055556,36.17694444,7.556664754,15.59015808
SierraRetinY5,12,2068,-5.833055556,36.17694444,10.30178501,16.03307074
SierraRetinY5,12,2069,-5.833055556,36.17694444,9.822996386,15.50342102
SierraRetinY5,12,2070,-5.833055556,36.17694444,12.77268215,15.75173645
SierraRetinY5,12,2071,-5.833055556,36.17694444,32.56907534,13.82334086
SierraRetinY5,12,2072,-5.833055556,36.17694444,5.591551773,16.92798714
SierraRetinY5,12,2073,-5.833055556,36.17694444,10.96149878,14.94423523
SierraRetinY5,12,2074,-5.833055556,36.17694444,12.31113742,12.24356486
SierraRetinY5,12,2075,-5.833055556,36.17694444,7.489915198,15.49818624
SierraRetinY5,12,2076,-5.833055556,36.17694444,6.527394029,15.82555121
SierraRetinY5,12,2077,-5.833055556,36.17694444,83.70766852,10.82912801
SierraRetinY5,12,2078,-5.833055556,36.17694444,20.92947296,14.69539897
SierraRetinY5,12,2079,-5.833055556,36.17694444,36.69669499,11.36711731
SierraRetinY5,12,2080,-5.833055556,36.17694444,6.196123094,16.57609737
SierraRetinY5,12,2081,-5.833055556,36.17694444,6.808737067,16.47867025
SierraRetinY5,12,2082,-5.833055556,36.17694444,3.215897454,17.10918376
SierraRetinY5,12,2083,-5.833055556,36.17694444,13.78182433,15.27280986
SierraRetinY5,12,2084,-5.833055556,36.17694444,12.13092851,15.15858217
SierraRetinY5,12,2085,-5.833055556,36.17694444,14.5304417,14.70055847
SierraRetinY5,12,2086,-5.833055556,36.17694444,5.515630696,15.01387533
SierraRetinY5,12,2087,-5.833055556,36.17694444,25.8326019,15.91941223
SierraRetinY5,12,2088,-5.833055556,36.17694444,56.99867826,12.81648223
SierraRetinY5,12,2089,-5.833055556,36.17694444,30.17700499,15.23216451
SierraRetinY5,12,2090,-5.833055556,36.17694444,7.297425484,15.44420675
SierraRetinY5,12,2091,-5.833055556,36.17694444,22.773178,15.07127787
SierraRetinY5,12,2092,-5.833055556,36.17694444,14.19240448,16.20004399
SierraRetinY5,12,2093,-5.833055556,36.17694444,37.71546711,13.00346476
SierraRetinY5,12,2094,-5.833055556,36.17694444,5.283437468,17.36382243
SierraRetinY5,12,2095,-5.833055556,36.17694444,16.70439891,16.72524516
SierraRetinY5,12,2096,-5.833055556,36.17694444,8.181626075,16.5339789
SierraRetinY5,12,2097,-5.833055556,36.17694444,4.829328228,16.98823751
SierraRetinY5,12,2098,-5.833055556,36.17694444,14.33135212,15.9709137
SierraRetinY5,12,2099,-5.833055556,36.17694444,4.781744722,17.60842489
SierraRetinY5,12,2100,-5.833055556,36.17694444,14.13447537,16.58445638
SierraRetinY5,2,2015,-5.833055556,36.17694444,14.56981047,14.57076089
SierraRetinY5,2,2016,-5.833055556,36.17694444,37.83862141,12.70104265
SierraRetinY5,2,2017,-5.833055556,36.17694444,5.065305385,16.96685181
SierraRetinY5,2,2018,-5.833055556,36.17694444,31.66268381,13.82570147
SierraRetinY5,2,2019,-5.833055556,36.17694444,185.0127493,10.61895905
SierraRetinY5,2,2020,-5.833055556,36.17694444,8.594463899,13.2490268
SierraRetinY5,2,2021,-5.833055556,36.17694444,26.76689377,11.72285505
SierraRetinY5,2,2022,-5.833055556,36.17694444,45.50975715,11.04568089
SierraRetinY5,2,2023,-5.833055556,36.17694444,101.0356151,11.79682966
SierraRetinY5,2,2024,-5.833055556,36.17694444,4.573946058,17.44195157
SierraRetinY5,2,2025,-5.833055556,36.17694444,6.535795112,13.18206395
SierraRetinY5,2,2026,-5.833055556,36.17694444,11.66783703,14.16746129
SierraRetinY5,2,2027,-5.833055556,36.17694444,33.73916766,13.05458439
SierraRetinY5,2,2028,-5.833055556,36.17694444,3.982498601,19.15207351
SierraRetinY5,2,2029,-5.833055556,36.17694444,109.3393032,13.75003749
SierraRetinY5,2,2030,-5.833055556,36.17694444,52.7497214,13.15426897
SierraRetinY5,2,2031,-5.833055556,36.17694444,36.98701311,13.16404005
SierraRetinY5,2,2032,-5.833055556,36.17694444,83.47499147,13.18983428
SierraRetinY5,2,2033,-5.833055556,36.17694444,6.211673097,16.20361481
SierraRetinY5,2,2034,-5.833055556,36.17694444,39.86085528,13.31590642
SierraRetinY5,2,2035,-5.833055556,36.17694444,3.017092834,17.10372641
SierraRetinY5,2,2036,-5.833055556,36.17694444,41.31163342,16.41458782
SierraRetinY5,2,2037,-5.833055556,36.17694444,63.69505206,11.75916116
SierraRetinY5,2,2038,-5.833055556,36.17694444,44.2500466,11.89224505
SierraRetinY5,2,2039,-5.833055556,36.17694444,7.519027343,17.91934902
SierraRetinY5,2,2040,-5.833055556,36.17694444,21.37125845,11.88285901
SierraRetinY5,2,2041,-5.833055556,36.17694444,12.20232961,16.15583082
SierraRetinY5,2,2042,-5.833055556,36.17694444,5.193737142,18.10212097
SierraRetinY5,2,2043,-5.833055556,36.17694444,38.03176293,13.80122855
SierraRetinY5,2,2044,-5.833055556,36.17694444,13.87306832,15.29949341
SierraRetinY5,2,2045,-5.833055556,36.17694444,73.69899398,13.38610774
SierraRetinY5,2,2046,-5.833055556,36.17694444,31.11692021,11.72497711
SierraRetinY5,2,2047,-5.833055556,36.17694444,18.46390275,15.56415274
SierraRetinY5,2,2048,-5.833055556,36.17694444,33.60406368,15.53599306
SierraRetinY5,2,2049,-5.833055556,36.17694444,3.420293785,17.92996041
SierraRetinY5,2,2050,-5.833055556,36.17694444,31.51459089,13.42756805
SierraRetinY5,2,2051,-5.833055556,36.17694444,47.36270387,12.67746342
SierraRetinY5,2,2052,-5.833055556,36.17694444,38.31291386,15.05512338
SierraRetinY5,2,2053,-5.833055556,36.17694444,27.64035552,15.44180886
SierraRetinY5,2,2054,-5.833055556,36.17694444,1.238324914,14.69081704
SierraRetinY5,2,2055,-5.833055556,36.17694444,41.02320512,15.19086282
SierraRetinY5,2,2056,-5.833055556,36.17694444,14.1349381,14.00679721
SierraRetinY5,2,2057,-5.833055556,36.17694444,29.75616039,14.67676915
SierraRetinY5,2,2058,-5.833055556,36.17694444,15.19345171,13.9183136
SierraRetinY5,2,2059,-5.833055556,36.17694444,1.773494946,19.94941973
SierraRetinY5,2,2060,-5.833055556,36.17694444,10.7399819,16.91478566
SierraRetinY5,2,2061,-5.833055556,36.17694444,2.22988375,16.40461557
SierraRetinY5,2,2062,-5.833055556,36.17694444,17.77798842,13.72879617
SierraRetinY5,2,2063,-5.833055556,36.17694444,26.2782244,14.64788644
SierraRetinY5,2,2064,-5.833055556,36.17694444,6.393649779,18.60786617
SierraRetinY5,2,2065,-5.833055556,36.17694444,10.11374081,19.35372641
SierraRetinY5,2,2066,-5.833055556,36.17694444,2.66746678,17.36077053
SierraRetinY5,2,2067,-5.833055556,36.17694444,3.723698201,18.18328901
SierraRetinY5,2,2068,-5.833055556,36.17694444,34.51148897,16.02246957
SierraRetinY5,2,2069,-5.833055556,36.17694444,42.36405428,13.17243783
SierraRetinY5,2,2070,-5.833055556,36.17694444,23.10114166,16.22956129
SierraRetinY5,2,2071,-5.833055556,36.17694444,7.683422874,15.88303419
SierraRetinY5,2,2072,-5.833055556,36.17694444,81.36074656,12.4333635
SierraRetinY5,2,2073,-5.833055556,36.17694444,31.05660162,15.20925293
SierraRetinY5,2,2074,-5.833055556,36.17694444,63.72351679,11.94283338
SierraRetinY5,2,2075,-5.833055556,36.17694444,5.077408782,18.657821
SierraRetinY5,2,2076,-5.833055556,36.17694444,2.727674548,18.3310128
SierraRetinY5,2,2077,-5.833055556,36.17694444,3.564193828,17.12507891
SierraRetinY5,2,2078,-5.833055556,36.17694444,34.2132874,15.78180302
SierraRetinY5,2,2079,-5.833055556,36.17694444,11.22785919,15.08473794
SierraRetinY5,2,2080,-5.833055556,36.17694444,41.86569636,15.01837179
SierraRetinY5,2,2081,-5.833055556,36.17694444,3.036246829,18.63596606
SierraRetinY5,2,2082,-5.833055556,36.17694444,27.19194534,15.07352055
SierraRetinY5,2,2083,-5.833055556,36.17694444,13.24667414,17.34159895
SierraRetinY5,2,2084,-5.833055556,36.17694444,9.546791149,15.69919686
SierraRetinY5,2,2085,-5.833055556,36.17694444,23.00298136,14.00052468
SierraRetinY5,2,2086,-5.833055556,36.17694444,1.590117889,16.89910278
SierraRetinY5,2,2087,-5.833055556,36.17694444,77.81132366,14.90994524
SierraRetinY5,2,2088,-5.833055556,36.17694444,2.430025805,21.47169989
SierraRetinY5,2,2089,-5.833055556,36.17694444,11.60954042,17.26743251
SierraRetinY5,2,2090,-5.833055556,36.17694444,33.36357444,15.75245492
SierraRetinY5,2,2091,-5.833055556,36.17694444,34.05711415,17.56029445
SierraRetinY5,2,2092,-5.833055556,36.17694444,12.91448622,17.41041744
SierraRetinY5,2,2093,-5.833055556,36.17694444,10.77370415,19.69385463
SierraRetinY5,2,2094,-5.833055556,36.17694444,23.53838052,16.55590428
SierraRetinY5,2,2095,-5.833055556,36.17694444,73.78635141,16.44030805
SierraRetinY5,2,2096,-5.833055556,36.17694444,35.01943861,18.72443595
SierraRetinY5,2,2097,-5.833055556,36.17694444,22.32224953,17.31812112
SierraRetinY5,2,2098,-5.833055556,36.17694444,5.351397064,16.21436789
SierraRetinY5,2,2099,-5.833055556,36.17694444,71.71365464,15.17683454
SierraRetinY5,2,2100,-5.833055556,36.17694444,65.26522506,16.59628448
SierraRetinY5,3,2015,-5.833055556,36.17694444,26.45870958,17.18081744
SierraRetinY5,3,2016,-5.833055556,36.17694444,19.43215064,15.7408337
SierraRetinY5,3,2017,-5.833055556,36.17694444,105.5384878,16.24716856
SierraRetinY5,3,2018,-5.833055556,36.17694444,7.535120798,19.12004611
SierraRetinY5,3,2019,-5.833055556,36.17694444,168.0597814,9.664931562
SierraRetinY5,3,2020,-5.833055556,36.17694444,23.4351824,19.67917835
SierraRetinY5,3,2021,-5.833055556,36.17694444,15.21045902,19.6312628
SierraRetinY5,3,2022,-5.833055556,36.17694444,71.33250881,14.00098326
SierraRetinY5,3,2023,-5.833055556,36.17694444,69.5378161,15.17560976
SierraRetinY5,3,2024,-5.833055556,36.17694444,15.77438575,21.08045989
SierraRetinY5,3,2025,-5.833055556,36.17694444,146.6934402,12.40133254
SierraRetinY5,3,2026,-5.833055556,36.17694444,13.70171538,19.43623972
SierraRetinY5,3,2027,-5.833055556,36.17694444,15.76064008,17.38765574
SierraRetinY5,3,2028,-5.833055556,36.17694444,30.7844919,18.54216821
SierraRetinY5,3,2029,-5.833055556,36.17694444,48.52270679,15.60094112
SierraRetinY5,3,2030,-5.833055556,36.17694444,67.51970454,13.7736086
SierraRetinY5,3,2031,-5.833055556,36.17694444,26.11496125,18.27358005
SierraRetinY5,3,2032,-5.833055556,36.17694444,46.23059434,11.31617077
SierraRetinY5,3,2033,-5.833055556,36.17694444,38.6165762,20.04831799
SierraRetinY5,3,2034,-5.833055556,36.17694444,70.75214019,16.73075601
SierraRetinY5,3,2035,-5.833055556,36.17694444,75.38040349,14.70197301
SierraRetinY5,3,2036,-5.833055556,36.17694444,10.38677296,18.16616605
SierraRetinY5,3,2037,-5.833055556,36.17694444,54.92317319,14.91591305
SierraRetinY5,3,2038,-5.833055556,36.17694444,29.31543225,17.67774796
SierraRetinY5,3,2039,-5.833055556,36.17694444,21.73950002,17.05975617
SierraRetinY5,3,2040,-5.833055556,36.17694444,85.46420567,11.17369109
SierraRetinY5,3,2041,-5.833055556,36.17694444,73.94192973,15.06253623
SierraRetinY5,3,2042,-5.833055556,36.17694444,19.76918234,22.45503757
SierraRetinY5,3,2043,-5.833055556,36.17694444,9.013005929,23.30903557
SierraRetinY5,3,2044,-5.833055556,36.17694444,72.09224914,13.4355644
SierraRetinY5,3,2045,-5.833055556,36.17694444,34.82527783,15.32815926
SierraRetinY5,3,2046,-5.833055556,36.17694444,29.22588556,13.52948471
SierraRetinY5,3,2047,-5.833055556,36.17694444,16.57882865,19.72897615
SierraRetinY5,3,2048,-5.833055556,36.17694444,71.42658278,14.22704271
SierraRetinY5,3,2049,-5.833055556,36.17694444,3.845047498,22.51200502
SierraRetinY5,3,2050,-5.833055556,36.17694444,37.15502091,18.59372716
SierraRetinY5,3,2051,-5.833055556,36.17694444,52.52821149,16.43840549
SierraRetinY5,3,2052,-5.833055556,36.17694444,67.39301501,16.73119802
SierraRetinY5,3,2053,-5.833055556,36.17694444,108.3771368,17.42418331
SierraRetinY5,3,2054,-5.833055556,36.17694444,11.44420286,20.84882655
SierraRetinY5,3,2055,-5.833055556,36.17694444,13.50504863,21.78392157
SierraRetinY5,3,2056,-5.833055556,36.17694444,12.84990747,19.77203842
SierraRetinY5,3,2057,-5.833055556,36.17694444,5.597416947,20.82131249
SierraRetinY5,3,2058,-5.833055556,36.17694444,30.45676001,16.64809373
SierraRetinY5,3,2059,-5.833055556,36.17694444,52.8448476,15.75064559
SierraRetinY5,3,2060,-5.833055556,36.17694444,40.69250205,13.69506226
SierraRetinY5,3,2061,-5.833055556,36.17694444,58.22297291,17.51495834
SierraRetinY5,3,2062,-5.833055556,36.17694444,27.52221808,18.82247019
SierraRetinY5,3,2063,-5.833055556,36.17694444,31.12032769,17.40328861
SierraRetinY5,3,2064,-5.833055556,36.17694444,16.47364152,19.28947675
SierraRetinY5,3,2065,-5.833055556,36.17694444,35.71951917,21.82615888
SierraRetinY5,3,2066,-5.833055556,36.17694444,45.86706753,17.67965088
SierraRetinY5,3,2067,-5.833055556,36.17694444,18.51081409,18.35183795
SierraRetinY5,3,2068,-5.833055556,36.17694444,5.69116061,22.16350708
SierraRetinY5,3,2069,-5.833055556,36.17694444,8.855318825,20.63752087
SierraRetinY5,3,2070,-5.833055556,36.17694444,8.033605454,20.31485556
SierraRetinY5,3,2071,-5.833055556,36.17694444,24.83206966,20.73268354
SierraRetinY5,3,2072,-5.833055556,36.17694444,45.55816777,19.01602153
SierraRetinY5,3,2073,-5.833055556,36.17694444,62.51830533,16.42788775
SierraRetinY5,3,2074,-5.833055556,36.17694444,9.726548565,17.33389656
SierraRetinY5,3,2075,-5.833055556,36.17694444,6.195199961,21.98520961
SierraRetinY5,3,2076,-5.833055556,36.17694444,40.30512606,22.80669753
SierraRetinY5,3,2077,-5.833055556,36.17694444,17.87014649,20.22502264
SierraRetinY5,3,2078,-5.833055556,36.17694444,38.83696675,16.96218065
SierraRetinY5,3,2079,-5.833055556,36.17694444,12.57042902,24.94627607
SierraRetinY5,3,2080,-5.833055556,36.17694444,69.04058665,18.39354662
SierraRetinY5,3,2081,-5.833055556,36.17694444,38.41540191,18.00745889
SierraRetinY5,3,2082,-5.833055556,36.17694444,70.28042363,19.47767078
SierraRetinY5,3,2083,-5.833055556,36.17694444,28.30544857,21.67705098
SierraRetinY5,3,2084,-5.833055556,36.17694444,4.927090843,20.28949939
SierraRetinY5,3,2085,-5.833055556,36.17694444,20.48469606,20.81546001
SierraRetinY5,3,2086,-5.833055556,36.17694444,21.81826285,23.67495216
SierraRetinY5,3,2087,-5.833055556,36.17694444,93.96793793,18.30102618
SierraRetinY5,3,2088,-5.833055556,36.17694444,39.73119022,21.05697218
SierraRetinY5,3,2089,-5.833055556,36.17694444,91.21321279,17.27991786
SierraRetinY5,3,2090,-5.833055556,36.17694444,4.370328119,23.084691
SierraRetinY5,3,2091,-5.833055556,36.17694444,14.3436489,17.64252969
SierraRetinY5,3,2092,-5.833055556,36.17694444,44.41100748,17.64765566
SierraRetinY5,3,2093,-5.833055556,36.17694444,21.41733317,21.88523205
SierraRetinY5,3,2094,-5.833055556,36.17694444,27.80416139,18.74489845
SierraRetinY5,3,2095,-5.833055556,36.17694444,65.817161,18.22612817
SierraRetinY5,3,2096,-5.833055556,36.17694444,74.42455975,16.97678971
SierraRetinY5,3,2097,-5.833055556,36.17694444,2.791301916,23.27640538
SierraRetinY5,3,2098,-5.833055556,36.17694444,118.6460272,17.52108647
SierraRetinY5,3,2099,-5.833055556,36.17694444,23.95924836,18.0075278
SierraRetinY5,3,2100,-5.833055556,36.17694444,56.03438192,15.37172458
SierraRetinY5,4,2015,-5.833055556,36.17694444,87.86248798,19.57067362
SierraRetinY5,4,2016,-5.833055556,36.17694444,35.79372671,22.69273275
SierraRetinY5,4,2017,-5.833055556,36.17694444,57.44957881,17.03928324
SierraRetinY5,4,2018,-5.833055556,36.17694444,116.2329407,15.29573669
SierraRetinY5,4,2019,-5.833055556,36.17694444,32.65841101,21.55523071
SierraRetinY5,4,2020,-5.833055556,36.17694444,67.45486354,18.47242839
SierraRetinY5,4,2021,-5.833055556,36.17694444,18.54044087,22.83532003
SierraRetinY5,4,2022,-5.833055556,36.17694444,82.88314428,18.75323385
SierraRetinY5,4,2023,-5.833055556,36.17694444,146.8125136,18.43040365
SierraRetinY5,4,2024,-5.833055556,36.17694444,88.62293252,19.52241516
SierraRetinY5,4,2025,-5.833055556,36.17694444,13.78797552,19.15357768
SierraRetinY5,4,2026,-5.833055556,36.17694444,43.43252509,20.88469747
SierraRetinY5,4,2027,-5.833055556,36.17694444,82.54021006,18.10240479
SierraRetinY5,4,2028,-5.833055556,36.17694444,20.22154302,24.53240763
SierraRetinY5,4,2029,-5.833055556,36.17694444,22.24775606,19.30502828
SierraRetinY5,4,2030,-5.833055556,36.17694444,64.52871006,17.10439657
SierraRetinY5,4,2031,-5.833055556,36.17694444,24.26239004,21.84936218
SierraRetinY5,4,2032,-5.833055556,36.17694444,138.2182586,14.94075724
SierraRetinY5,4,2033,-5.833055556,36.17694444,99.22584133,22.43808289
SierraRetinY5,4,2034,-5.833055556,36.17694444,81.70727469,18.81167908
SierraRetinY5,4,2035,-5.833055556,36.17694444,36.99571673,18.95671488
SierraRetinY5,4,2036,-5.833055556,36.17694444,37.83937474,19.47100932
SierraRetinY5,4,2037,-5.833055556,36.17694444,26.32546598,22.57909953
SierraRetinY5,4,2038,-5.833055556,36.17694444,147.8563954,18.43634338
SierraRetinY5,4,2039,-5.833055556,36.17694444,45.27259524,20.05516561
SierraRetinY5,4,2040,-5.833055556,36.17694444,9.039623157,23.76280009
SierraRetinY5,4,2041,-5.833055556,36.17694444,22.86326513,21.83891703
SierraRetinY5,4,2042,-5.833055556,36.17694444,33.94099231,23.18892008
SierraRetinY5,4,2043,-5.833055556,36.17694444,68.25509976,20.97629089
SierraRetinY5,4,2044,-5.833055556,36.17694444,57.16349507,20.90174561
SierraRetinY5,4,2045,-5.833055556,36.17694444,68.51471261,20.91806539
SierraRetinY5,4,2046,-5.833055556,36.17694444,48.68266468,20.55599772
SierraRetinY5,4,2047,-5.833055556,36.17694444,89.76571564,20.65195414
SierraRetinY5,4,2048,-5.833055556,36.17694444,32.67431126,20.17188924
SierraRetinY5,4,2049,-5.833055556,36.17694444,46.36887444,21.48042806
SierraRetinY5,4,2050,-5.833055556,36.17694444,33.19186743,20.6683075
SierraRetinY5,4,2051,-5.833055556,36.17694444,73.62048062,21.68225911
SierraRetinY5,4,2052,-5.833055556,36.17694444,60.74403183,22.77076721
SierraRetinY5,4,2053,-5.833055556,36.17694444,39.06968157,20.5127655
SierraRetinY5,4,2054,-5.833055556,36.17694444,53.49471236,19.25634664
SierraRetinY5,4,2055,-5.833055556,36.17694444,12.10157535,22.74573873
SierraRetinY5,4,2056,-5.833055556,36.17694444,26.57969131,21.82719218
SierraRetinY5,4,2057,-5.833055556,36.17694444,35.13334241,22.13349813
SierraRetinY5,4,2058,-5.833055556,36.17694444,50.59102623,23.98185221
SierraRetinY5,4,2059,-5.833055556,36.17694444,54.59427416,19.80013123
SierraRetinY5,4,2060,-5.833055556,36.17694444,33.47332407,21.47748515
SierraRetinY5,4,2061,-5.833055556,36.17694444,136.0967294,18.39075216
SierraRetinY5,4,2062,-5.833055556,36.17694444,30.01956779,21.12775269
SierraRetinY5,4,2063,-5.833055556,36.17694444,64.88538922,23.11969096
SierraRetinY5,4,2064,-5.833055556,36.17694444,77.5519317,17.18729451
SierraRetinY5,4,2065,-5.833055556,36.17694444,27.688848,20.90126444
SierraRetinY5,4,2066,-5.833055556,36.17694444,68.05680791,17.25269674
SierraRetinY5,4,2067,-5.833055556,36.17694444,42.31006066,19.97169902
SierraRetinY5,4,2068,-5.833055556,36.17694444,71.89572297,22.9223348
SierraRetinY5,4,2069,-5.833055556,36.17694444,36.79719789,21.75903219
SierraRetinY5,4,2070,-5.833055556,36.17694444,40.80958627,19.42858785
SierraRetinY5,4,2071,-5.833055556,36.17694444,13.18293547,24.55962931
SierraRetinY5,4,2072,-5.833055556,36.17694444,89.99401272,19.79191589
SierraRetinY5,4,2073,-5.833055556,36.17694444,16.14808347,21.0318339
SierraRetinY5,4,2074,-5.833055556,36.17694444,44.51140806,22.12667948
SierraRetinY5,4,2075,-5.833055556,36.17694444,28.88782768,23.24069926
SierraRetinY5,4,2076,-5.833055556,36.17694444,21.25901373,27.31565348
SierraRetinY5,4,2077,-5.833055556,36.17694444,51.924381,22.47716064
SierraRetinY5,4,2078,-5.833055556,36.17694444,49.24093729,18.44144389
SierraRetinY5,4,2079,-5.833055556,36.17694444,14.72400152,24.79536947
SierraRetinY5,4,2080,-5.833055556,36.17694444,39.60308983,25.24144897
SierraRetinY5,4,2081,-5.833055556,36.17694444,23.26408011,26.90972392
SierraRetinY5,4,2082,-5.833055556,36.17694444,49.25815387,20.59119568
SierraRetinY5,4,2083,-5.833055556,36.17694444,56.75471463,22.762087
SierraRetinY5,4,2084,-5.833055556,36.17694444,68.93207786,20.69569092
SierraRetinY5,4,2085,-5.833055556,36.17694444,14.43230611,27.62428792
SierraRetinY5,4,2086,-5.833055556,36.17694444,30.60147192,21.01143087
SierraRetinY5,4,2087,-5.833055556,36.17694444,37.9137732,20.03645732
SierraRetinY5,4,2088,-5.833055556,36.17694444,42.6447561,22.78858846
SierraRetinY5,4,2089,-5.833055556,36.17694444,53.2581244,24.99601135
SierraRetinY5,4,2090,-5.833055556,36.17694444,56.5441794,24.48395487
SierraRetinY5,4,2091,-5.833055556,36.17694444,74.37811879,15.99112447
SierraRetinY5,4,2092,-5.833055556,36.17694444,52.26855493,22.24474589
SierraRetinY5,4,2093,-5.833055556,36.17694444,43.73127126,21.67102458
SierraRetinY5,4,2094,-5.833055556,36.17694444,85.59098994,21.60351563
SierraRetinY5,4,2095,-5.833055556,36.17694444,62.6663415,22.5458964
SierraRetinY5,4,2096,-5.833055556,36.17694444,57.27413443,22.68220317
SierraRetinY5,4,2097,-5.833055556,36.17694444,21.86820321,26.37398885
SierraRetinY5,4,2098,-5.833055556,36.17694444,7.246157066,23.53695475
SierraRetinY5,4,2099,-5.833055556,36.17694444,19.92059818,26.52759298
SierraRetinY5,4,2100,-5.833055556,36.17694444,57.6123769,22.36635437
SierraRetinY5,5,2015,-5.833055556,36.17694444,58.50697235,21.60629548
SierraRetinY5,5,2016,-5.833055556,36.17694444,138.3513079,19.77156982
SierraRetinY5,5,2017,-5.833055556,36.17694444,27.5489445,25.47255072
SierraRetinY5,5,2018,-5.833055556,36.17694444,88.62303758,21.26040433
SierraRetinY5,5,2019,-5.833055556,36.17694444,36.26992025,22.27579306
SierraRetinY5,5,2020,-5.833055556,36.17694444,71.88665975,20.58899989
SierraRetinY5,5,2021,-5.833055556,36.17694444,42.35509003,23.43939878
SierraRetinY5,5,2022,-5.833055556,36.17694444,211.8972068,17.80828838
SierraRetinY5,5,2023,-5.833055556,36.17694444,117.6029296,21.98580322
SierraRetinY5,5,2024,-5.833055556,36.17694444,61.38524168,24.72121779
SierraRetinY5,5,2025,-5.833055556,36.17694444,35.52987472,22.07111167
SierraRetinY5,5,2026,-5.833055556,36.17694444,166.5812364,19.24651981
SierraRetinY5,5,2027,-5.833055556,36.17694444,69.46527846,21.37927226
SierraRetinY5,5,2028,-5.833055556,36.17694444,152.8606314,21.55990679
SierraRetinY5,5,2029,-5.833055556,36.17694444,43.53405474,19.47316402
SierraRetinY5,5,2030,-5.833055556,36.17694444,24.01178251,26.27144874
SierraRetinY5,5,2031,-5.833055556,36.17694444,123.5393762,20.48302219
SierraRetinY5,5,2032,-5.833055556,36.17694444,24.25704659,22.06738163
SierraRetinY5,5,2033,-5.833055556,36.17694444,45.24487711,20.57099649
SierraRetinY5,5,2034,-5.833055556,36.17694444,182.3882357,18.32079172
SierraRetinY5,5,2035,-5.833055556,36.17694444,69.1253913,23.58211473
SierraRetinY5,5,2036,-5.833055556,36.17694444,18.87312645,23.11432456
SierraRetinY5,5,2037,-5.833055556,36.17694444,100.6629358,21.16413417
SierraRetinY5,5,2038,-5.833055556,36.17694444,87.05578845,16.34321033
SierraRetinY5,5,2039,-5.833055556,36.17694444,71.07853764,24.63311256
SierraRetinY5,5,2040,-5.833055556,36.17694444,38.08209067,22.07991254
SierraRetinY5,5,2041,-5.833055556,36.17694444,154.1057515,18.23390129
SierraRetinY5,5,2042,-5.833055556,36.17694444,188.6427189,21.97253989
SierraRetinY5,5,2043,-5.833055556,36.17694444,150.8958159,21.68403557
SierraRetinY5,5,2044,-5.833055556,36.17694444,67.46099196,22.73804676
SierraRetinY5,5,2045,-5.833055556,36.17694444,150.748228,23.64582559
SierraRetinY5,5,2046,-5.833055556,36.17694444,39.82846048,21.70578869
SierraRetinY5,5,2047,-5.833055556,36.17694444,86.18165064,22.50242152
SierraRetinY5,5,2048,-5.833055556,36.17694444,323.682587,19.73470065
SierraRetinY5,5,2049,-5.833055556,36.17694444,86.35707887,24.33043134
SierraRetinY5,5,2050,-5.833055556,36.17694444,43.46663676,25.44300084
SierraRetinY5,5,2051,-5.833055556,36.17694444,96.07221058,22.67675466
SierraRetinY5,5,2052,-5.833055556,36.17694444,85.50285693,23.31927175
SierraRetinY5,5,2053,-5.833055556,36.17694444,29.8770029,28.68845766
SierraRetinY5,5,2054,-5.833055556,36.17694444,98.97931267,24.15765361
SierraRetinY5,5,2055,-5.833055556,36.17694444,128.1420481,23.61253682
SierraRetinY5,5,2056,-5.833055556,36.17694444,70.60894838,20.49379194
SierraRetinY5,5,2057,-5.833055556,36.17694444,91.80428197,21.68944997
SierraRetinY5,5,2058,-5.833055556,36.17694444,123.4541159,22.23545178
SierraRetinY5,5,2059,-5.833055556,36.17694444,50.15906123,26.54707957
SierraRetinY5,5,2060,-5.833055556,36.17694444,84.45015819,27.35008466
SierraRetinY5,5,2061,-5.833055556,36.17694444,81.14730518,21.64845995
SierraRetinY5,5,2062,-5.833055556,36.17694444,186.3312341,24.90653037
SierraRetinY5,5,2063,-5.833055556,36.17694444,41.47550218,22.16215643
SierraRetinY5,5,2064,-5.833055556,36.17694444,42.52060308,26.76644582
SierraRetinY5,5,2065,-5.833055556,36.17694444,43.72690116,26.64478504
SierraRetinY5,5,2066,-5.833055556,36.17694444,109.0226421,27.27146252
SierraRetinY5,5,2067,-5.833055556,36.17694444,57.87019529,23.41695655
SierraRetinY5,5,2068,-5.833055556,36.17694444,55.86815514,26.13302691
SierraRetinY5,5,2069,-5.833055556,36.17694444,81.8964277,19.87207996
SierraRetinY5,5,2070,-5.833055556,36.17694444,62.27860299,25.51956649
SierraRetinY5,5,2071,-5.833055556,36.17694444,120.3991724,25.8618861
SierraRetinY5,5,2072,-5.833055556,36.17694444,46.94324153,26.27910865
SierraRetinY5,5,2073,-5.833055556,36.17694444,44.76553507,28.7691609
SierraRetinY5,5,2074,-5.833055556,36.17694444,64.88351439,27.24511207
SierraRetinY5,5,2075,-5.833055556,36.17694444,31.6262349,25.26304754
SierraRetinY5,5,2076,-5.833055556,36.17694444,109.0523111,26.45874988
SierraRetinY5,5,2077,-5.833055556,36.17694444,50.59997549,27.11236946
SierraRetinY5,5,2078,-5.833055556,36.17694444,41.52823286,24.33674356
SierraRetinY5,5,2079,-5.833055556,36.17694444,176.6556311,23.09266101
SierraRetinY5,5,2080,-5.833055556,36.17694444,70.58164034,24.9142523
SierraRetinY5,5,2081,-5.833055556,36.17694444,31.32554634,30.16621625
SierraRetinY5,5,2082,-5.833055556,36.17694444,58.11653704,25.64277974
SierraRetinY5,5,2083,-5.833055556,36.17694444,36.89573051,28.88497314
SierraRetinY5,5,2084,-5.833055556,36.17694444,174.4798067,23.03086095
SierraRetinY5,5,2085,-5.833055556,36.17694444,58.21868415,27.05727933
SierraRetinY5,5,2086,-5.833055556,36.17694444,24.74122791,28.07571096
SierraRetinY5,5,2087,-5.833055556,36.17694444,66.48398329,22.26243326
SierraRetinY5,5,2088,-5.833055556,36.17694444,130.9211258,24.41585496
SierraRetinY5,5,2089,-5.833055556,36.17694444,149.8192829,23.63888432
SierraRetinY5,5,2090,-5.833055556,36.17694444,35.08903591,25.64143204
SierraRetinY5,5,2091,-5.833055556,36.17694444,136.180243,24.60766287
SierraRetinY5,5,2092,-5.833055556,36.17694444,209.2063419,17.81710304
SierraRetinY5,5,2093,-5.833055556,36.17694444,41.67396689,27.26116825
SierraRetinY5,5,2094,-5.833055556,36.17694444,57.97844757,22.27936657
SierraRetinY5,5,2095,-5.833055556,36.17694444,162.8841436,20.11703964
SierraRetinY5,5,2096,-5.833055556,36.17694444,99.80302305,25.663955
SierraRetinY5,5,2097,-5.833055556,36.17694444,90.0503468,24.89924553
SierraRetinY5,5,2098,-5.833055556,36.17694444,55.19391357,29.9289283
SierraRetinY5,5,2099,-5.833055556,36.17694444,62.68349494,28.27200987
SierraRetinY5,5,2100,-5.833055556,36.17694444,48.72335886,24.18601626
SierraRetinY5,6,2015,-5.833055556,36.17694444,65.02207562,27.36278076
SierraRetinY5,6,2016,-5.833055556,36.17694444,105.7720591,22.05162048
SierraRetinY5,6,2017,-5.833055556,36.17694444,52.95637463,28.18379618
SierraRetinY5,6,2018,-5.833055556,36.17694444,43.99578635,24.93464152
SierraRetinY5,6,2019,-5.833055556,36.17694444,93.37965096,27.26351827
SierraRetinY5,6,2020,-5.833055556,36.17694444,141.4502851,27.50091044
SierraRetinY5,6,2021,-5.833055556,36.17694444,81.98725118,26.01781006
SierraRetinY5,6,2022,-5.833055556,36.17694444,103.270846,20.19614563
SierraRetinY5,6,2023,-5.833055556,36.17694444,121.3787989,24.63379008
SierraRetinY5,6,2024,-5.833055556,36.17694444,89.56628884,26.50597331
SierraRetinY5,6,2025,-5.833055556,36.17694444,93.80588898,26.98196004
SierraRetinY5,6,2026,-5.833055556,36.17694444,58.83480749,27.22653605
SierraRetinY5,6,2027,-5.833055556,36.17694444,80.5848135,22.64336344
SierraRetinY5,6,2028,-5.833055556,36.17694444,54.74103249,26.56425781
SierraRetinY5,6,2029,-5.833055556,36.17694444,190.3887356,24.0565094
SierraRetinY5,6,2030,-5.833055556,36.17694444,76.5893831,26.80871684
SierraRetinY5,6,2031,-5.833055556,36.17694444,87.75875283,27.03983154
SierraRetinY5,6,2032,-5.833055556,36.17694444,112.908465,26.19483439
SierraRetinY5,6,2033,-5.833055556,36.17694444,49.4912098,27.81958313
SierraRetinY5,6,2034,-5.833055556,36.17694444,49.902306,28.17304993
SierraRetinY5,6,2035,-5.833055556,36.17694444,68.4432159,25.72252197
SierraRetinY5,6,2036,-5.833055556,36.17694444,95.37708534,28.37675781
SierraRetinY5,6,2037,-5.833055556,36.17694444,137.6256641,24.86460673
SierraRetinY5,6,2038,-5.833055556,36.17694444,50.56450606,27.8595459
SierraRetinY5,6,2039,-5.833055556,36.17694444,97.14923529,29.34813741
SierraRetinY5,6,2040,-5.833055556,36.17694444,63.84338615,29.60387573
SierraRetinY5,6,2041,-5.833055556,36.17694444,86.25601513,24.72249959
SierraRetinY5,6,2042,-5.833055556,36.17694444,43.18108,27.27174072
SierraRetinY5,6,2043,-5.833055556,36.17694444,79.0065604,28.05234578
SierraRetinY5,6,2044,-5.833055556,36.17694444,24.46292926,28.18286438
SierraRetinY5,6,2045,-5.833055556,36.17694444,113.4771025,28.19390462
SierraRetinY5,6,2046,-5.833055556,36.17694444,60.07813752,28.74308065
SierraRetinY5,6,2047,-5.833055556,36.17694444,68.20255923,28.39170125
SierraRetinY5,6,2048,-5.833055556,36.17694444,94.64614616,22.35031738
SierraRetinY5,6,2049,-5.833055556,36.17694444,103.3846409,26.76169128
SierraRetinY5,6,2050,-5.833055556,36.17694444,67.81809187,29.01478475
SierraRetinY5,6,2051,-5.833055556,36.17694444,102.0779762,27.1407959
SierraRetinY5,6,2052,-5.833055556,36.17694444,55.84193237,25.69975891
SierraRetinY5,6,2053,-5.833055556,36.17694444,273.6467403,27.82781982
SierraRetinY5,6,2054,-5.833055556,36.17694444,49.70311989,27.05073242
SierraRetinY5,6,2055,-5.833055556,36.17694444,81.23962428,25.67949015
SierraRetinY5,6,2056,-5.833055556,36.17694444,71.73594912,28.1911733
SierraRetinY5,6,2057,-5.833055556,36.17694444,62.71494995,28.4851003
SierraRetinY5,6,2058,-5.833055556,36.17694444,51.84098854,27.00781657
SierraRetinY5,6,2059,-5.833055556,36.17694444,154.4920027,28.35033061
SierraRetinY5,6,2060,-5.833055556,36.17694444,127.7266344,27.0344635
SierraRetinY5,6,2061,-5.833055556,36.17694444,39.87104474,29.68833313
SierraRetinY5,6,2062,-5.833055556,36.17694444,69.73538671,23.85950623
SierraRetinY5,6,2063,-5.833055556,36.17694444,53.83677731,29.14246521
SierraRetinY5,6,2064,-5.833055556,36.17694444,116.5859344,29.04710592
SierraRetinY5,6,2065,-5.833055556,36.17694444,51.11493377,28.57959493
SierraRetinY5,6,2066,-5.833055556,36.17694444,106.1240813,27.66340027
SierraRetinY5,6,2067,-5.833055556,36.17694444,108.498729,26.09935099
SierraRetinY5,6,2068,-5.833055556,36.17694444,205.36812,28.80492655
SierraRetinY5,6,2069,-5.833055556,36.17694444,119.0087315,26.24837138
SierraRetinY5,6,2070,-5.833055556,36.17694444,64.99962891,29.55285034
SierraRetinY5,6,2071,-5.833055556,36.17694444,59.59139343,28.58878886
SierraRetinY5,6,2072,-5.833055556,36.17694444,118.0505916,28.56635335
SierraRetinY5,6,2073,-5.833055556,36.17694444,213.5656878,28.00326233
SierraRetinY5,6,2074,-5.833055556,36.17694444,263.5225136,25.44019979
SierraRetinY5,6,2075,-5.833055556,36.17694444,128.0955849,29.34224243
SierraRetinY5,6,2076,-5.833055556,36.17694444,164.681577,28.2864329
SierraRetinY5,6,2077,-5.833055556,36.17694444,105.7536216,30.00775757
SierraRetinY5,6,2078,-5.833055556,36.17694444,87.22604917,28.55781453
SierraRetinY5,6,2079,-5.833055556,36.17694444,107.1500672,29.15690308
SierraRetinY5,6,2080,-5.833055556,36.17694444,71.20039291,28.8391805
SierraRetinY5,6,2081,-5.833055556,36.17694444,121.8464228,29.2784963
SierraRetinY5,6,2082,-5.833055556,36.17694444,83.82742524,28.88287354
SierraRetinY5,6,2083,-5.833055556,36.17694444,46.43140206,30.46647441
SierraRetinY5,6,2084,-5.833055556,36.17694444,108.7623716,27.75553894
SierraRetinY5,6,2085,-5.833055556,36.17694444,61.08409855,31.73824565
SierraRetinY5,6,2086,-5.833055556,36.17694444,120.4340199,26.52363688
SierraRetinY5,6,2087,-5.833055556,36.17694444,129.0581286,30.18581136
SierraRetinY5,6,2088,-5.833055556,36.17694444,106.1529854,26.95941772
SierraRetinY5,6,2089,-5.833055556,36.17694444,70.64678834,28.30250956
SierraRetinY5,6,2090,-5.833055556,36.17694444,135.8446835,27.33485819
SierraRetinY5,6,2091,-5.833055556,36.17694444,84.70816733,31.70746257
SierraRetinY5,6,2092,-5.833055556,36.17694444,99.13115991,28.89022522
SierraRetinY5,6,2093,-5.833055556,36.17694444,266.0208297,27.43182475
SierraRetinY5,6,2094,-5.833055556,36.17694444,64.5652692,32.04562378
SierraRetinY5,6,2095,-5.833055556,36.17694444,47.86248485,29.12627563
SierraRetinY5,6,2096,-5.833055556,36.17694444,100.3021906,29.72119751
SierraRetinY5,6,2097,-5.833055556,36.17694444,125.3675727,30.97142639
SierraRetinY5,6,2098,-5.833055556,36.17694444,186.3437394,29.10294698
SierraRetinY5,6,2099,-5.833055556,36.17694444,194.7813587,27.31389567
SierraRetinY5,6,2100,-5.833055556,36.17694444,73.06521979,32.16689758
SierraRetinY5,7,2015,-5.833055556,36.17694444,45.05125663,32.24889329
SierraRetinY5,7,2016,-5.833055556,36.17694444,122.1238722,28.84056515
SierraRetinY5,7,2017,-5.833055556,36.17694444,49.41304877,31.69620027
SierraRetinY5,7,2018,-5.833055556,36.17694444,103.535482,30.40673316
SierraRetinY5,7,2019,-5.833055556,36.17694444,55.73107892,30.89425935
SierraRetinY5,7,2020,-5.833055556,36.17694444,86.76051974,29.89248145
SierraRetinY5,7,2021,-5.833055556,36.17694444,113.4036428,31.37604823
SierraRetinY5,7,2022,-5.833055556,36.17694444,49.93437064,31.26061992
SierraRetinY5,7,2023,-5.833055556,36.17694444,109.7349308,27.69992144
SierraRetinY5,7,2024,-5.833055556,36.17694444,79.44941846,32.91988132
SierraRetinY5,7,2025,-5.833055556,36.17694444,102.2722371,31.76628044
SierraRetinY5,7,2026,-5.833055556,36.17694444,75.76580291,32.74622645
SierraRetinY5,7,2027,-5.833055556,36.17694444,52.19703916,31.82512424
SierraRetinY5,7,2028,-5.833055556,36.17694444,111.7422239,31.39293233
SierraRetinY5,7,2029,-5.833055556,36.17694444,59.79149348,29.90450439
SierraRetinY5,7,2030,-5.833055556,36.17694444,65.36251554,34.00753961
SierraRetinY5,7,2031,-5.833055556,36.17694444,116.4973814,32.28933598
SierraRetinY5,7,2032,-5.833055556,36.17694444,55.15913379,29.84560055
SierraRetinY5,7,2033,-5.833055556,36.17694444,41.07522805,31.86024603
SierraRetinY5,7,2034,-5.833055556,36.17694444,103.4365099,29.95746224
SierraRetinY5,7,2035,-5.833055556,36.17694444,147.2266471,30.48364632
SierraRetinY5,7,2036,-5.833055556,36.17694444,56.24751431,32.27286731
SierraRetinY5,7,2037,-5.833055556,36.17694444,69.34635807,31.55461544
SierraRetinY5,7,2038,-5.833055556,36.17694444,51.72497496,32.76675297
SierraRetinY5,7,2039,-5.833055556,36.17694444,73.2819168,33.41194675
SierraRetinY5,7,2040,-5.833055556,36.17694444,120.0973992,29.32339852
SierraRetinY5,7,2041,-5.833055556,36.17694444,58.49894244,30.62692044
SierraRetinY5,7,2042,-5.833055556,36.17694444,46.2241658,33.4123543
SierraRetinY5,7,2043,-5.833055556,36.17694444,89.82254262,33.13799537
SierraRetinY5,7,2044,-5.833055556,36.17694444,50.79247153,31.83885026
SierraRetinY5,7,2045,-5.833055556,36.17694444,75.24543398,32.27850125
SierraRetinY5,7,2046,-5.833055556,36.17694444,45.6709581,31.77167713
SierraRetinY5,7,2047,-5.833055556,36.17694444,64.86022873,32.52726775
SierraRetinY5,7,2048,-5.833055556,36.17694444,38.81596466,30.95882667
SierraRetinY5,7,2049,-5.833055556,36.17694444,130.7178477,30.89594175
SierraRetinY5,7,2050,-5.833055556,36.17694444,91.11240421,31.30678514
SierraRetinY5,7,2051,-5.833055556,36.17694444,87.38170513,32.79405636
SierraRetinY5,7,2052,-5.833055556,36.17694444,58.1318449,33.53016594
SierraRetinY5,7,2053,-5.833055556,36.17694444,106.9058542,29.75373082
SierraRetinY5,7,2054,-5.833055556,36.17694444,96.24947358,33.35820037
SierraRetinY5,7,2055,-5.833055556,36.17694444,37.32546073,32.67414492
SierraRetinY5,7,2056,-5.833055556,36.17694444,63.73396168,33.57778616
SierraRetinY5,7,2057,-5.833055556,36.17694444,50.34589323,33.63474574
SierraRetinY5,7,2058,-5.833055556,36.17694444,50.51577399,34.03094955
SierraRetinY5,7,2059,-5.833055556,36.17694444,56.53100131,32.87664283
SierraRetinY5,7,2060,-5.833055556,36.17694444,68.41922771,32.83615191
SierraRetinY5,7,2061,-5.833055556,36.17694444,74.86542071,33.37883222
SierraRetinY5,7,2062,-5.833055556,36.17694444,88.28173686,32.45699857
SierraRetinY5,7,2063,-5.833055556,36.17694444,87.00836107,34.3799279
SierraRetinY5,7,2064,-5.833055556,36.17694444,83.99385291,34.67037944
SierraRetinY5,7,2065,-5.833055556,36.17694444,127.4310797,32.39025859
SierraRetinY5,7,2066,-5.833055556,36.17694444,48.86908607,33.12091537
SierraRetinY5,7,2067,-5.833055556,36.17694444,89.00362207,32.22923899
SierraRetinY5,7,2068,-5.833055556,36.17694444,49.54871564,34.00135833
SierraRetinY5,7,2069,-5.833055556,36.17694444,64.76144322,33.60570679
SierraRetinY5,7,2070,-5.833055556,36.17694444,67.23807051,33.08290917
SierraRetinY5,7,2071,-5.833055556,36.17694444,70.24851451,34.21290126
SierraRetinY5,7,2072,-5.833055556,36.17694444,48.5166911,33.75860281
SierraRetinY5,7,2073,-5.833055556,36.17694444,76.86792744,33.87937858
SierraRetinY5,7,2074,-5.833055556,36.17694444,61.29141393,31.50432838
SierraRetinY5,7,2075,-5.833055556,36.17694444,89.54732181,32.4493613
SierraRetinY5,7,2076,-5.833055556,36.17694444,35.3418931,34.74258502
SierraRetinY5,7,2077,-5.833055556,36.17694444,48.01197496,35.22108883
SierraRetinY5,7,2078,-5.833055556,36.17694444,93.60284125,33.62515042
SierraRetinY5,7,2079,-5.833055556,36.17694444,74.0447155,34.70167473
SierraRetinY5,7,2080,-5.833055556,36.17694444,81.44629253,34.29445407
SierraRetinY5,7,2081,-5.833055556,36.17694444,62.38942104,33.54752945
SierraRetinY5,7,2082,-5.833055556,36.17694444,79.0525583,32.49800533
SierraRetinY5,7,2083,-5.833055556,36.17694444,57.43091232,35.10670993
SierraRetinY5,7,2084,-5.833055556,36.17694444,100.8402605,33.04505458
SierraRetinY5,7,2085,-5.833055556,36.17694444,65.89528028,36.16141909
SierraRetinY5,7,2086,-5.833055556,36.17694444,79.0368894,34.40197242
SierraRetinY5,7,2087,-5.833055556,36.17694444,39.43693824,33.91791835
SierraRetinY5,7,2088,-5.833055556,36.17694444,96.65361648,31.31712765
SierraRetinY5,7,2089,-5.833055556,36.17694444,62.0676125,35.91138069
SierraRetinY5,7,2090,-5.833055556,36.17694444,95.90241479,34.4616018
SierraRetinY5,7,2091,-5.833055556,36.17694444,25.60456151,36.44315442
SierraRetinY5,7,2092,-5.833055556,36.17694444,103.3447833,33.41029683
SierraRetinY5,7,2093,-5.833055556,36.17694444,136.9004218,31.233983
SierraRetinY5,7,2094,-5.833055556,36.17694444,60.79304474,36.96313358
SierraRetinY5,7,2095,-5.833055556,36.17694444,79.2626778,33.7483804
SierraRetinY5,7,2096,-5.833055556,36.17694444,69.09825179,35.80905033
SierraRetinY5,7,2097,-5.833055556,36.17694444,100.525059,33.58147091
SierraRetinY5,7,2098,-5.833055556,36.17694444,127.496706,30.93401686
SierraRetinY5,7,2099,-5.833055556,36.17694444,77.1847597,35.79147418
SierraRetinY5,7,2100,-5.833055556,36.17694444,88.08131381,35.38181901
SierraRetinY5,8,2015,-5.833055556,36.17694444,41.83775883,30.42531935
SierraRetinY5,8,2016,-5.833055556,36.17694444,43.15745927,30.04665429
SierraRetinY5,8,2017,-5.833055556,36.17694444,32.5334791,31.87476452
SierraRetinY5,8,2018,-5.833055556,36.17694444,67.08083916,31.69016468
SierraRetinY5,8,2019,-5.833055556,36.17694444,67.31387255,30.3365447
SierraRetinY5,8,2020,-5.833055556,36.17694444,41.67990327,31.60875658
SierraRetinY5,8,2021,-5.833055556,36.17694444,54.85988321,30.75645673
SierraRetinY5,8,2022,-5.833055556,36.17694444,50.93612633,30.93096313
SierraRetinY5,8,2023,-5.833055556,36.17694444,60.06139751,30.35454909
SierraRetinY5,8,2024,-5.833055556,36.17694444,47.5099074,33.12743235
SierraRetinY5,8,2025,-5.833055556,36.17694444,88.67588941,30.3895813
SierraRetinY5,8,2026,-5.833055556,36.17694444,38.85043337,32.6278153
SierraRetinY5,8,2027,-5.833055556,36.17694444,70.090482,32.66594061
SierraRetinY5,8,2028,-5.833055556,36.17694444,74.07159625,30.49609355
SierraRetinY5,8,2029,-5.833055556,36.17694444,80.4832178,31.30037251
SierraRetinY5,8,2030,-5.833055556,36.17694444,67.02552881,31.83528561
SierraRetinY5,8,2031,-5.833055556,36.17694444,88.34221825,28.6742158
SierraRetinY5,8,2032,-5.833055556,36.17694444,40.12444676,32.48714107
SierraRetinY5,8,2033,-5.833055556,36.17694444,97.81274705,30.58490463
SierraRetinY5,8,2034,-5.833055556,36.17694444,70.11057266,31.4061612
SierraRetinY5,8,2035,-5.833055556,36.17694444,58.17633891,31.69618452
SierraRetinY5,8,2036,-5.833055556,36.17694444,48.8816005,32.52635321
SierraRetinY5,8,2037,-5.833055556,36.17694444,39.67178683,32.73738226
SierraRetinY5,8,2038,-5.833055556,36.17694444,49.94267092,33.09458461
SierraRetinY5,8,2039,-5.833055556,36.17694444,41.86560986,31.9245131
SierraRetinY5,8,2040,-5.833055556,36.17694444,67.55184636,31.9629997
SierraRetinY5,8,2041,-5.833055556,36.17694444,28.51184681,33.61399969
SierraRetinY5,8,2042,-5.833055556,36.17694444,58.58868474,33.63839407
SierraRetinY5,8,2043,-5.833055556,36.17694444,56.83644557,31.61947809
SierraRetinY5,8,2044,-5.833055556,36.17694444,47.492446,32.87984718
SierraRetinY5,8,2045,-5.833055556,36.17694444,46.22624309,32.66620838
SierraRetinY5,8,2046,-5.833055556,36.17694444,26.99867517,33.21715403
SierraRetinY5,8,2047,-5.833055556,36.17694444,67.51419858,31.80500429
SierraRetinY5,8,2048,-5.833055556,36.17694444,84.60786047,31.86166756
SierraRetinY5,8,2049,-5.833055556,36.17694444,55.38199514,32.41987147
SierraRetinY5,8,2050,-5.833055556,36.17694444,95.59774243,32.21661456
SierraRetinY5,8,2051,-5.833055556,36.17694444,46.77420641,33.17098881
SierraRetinY5,8,2052,-5.833055556,36.17694444,43.92399407,32.86053349
SierraRetinY5,8,2053,-5.833055556,36.17694444,48.88072948,32.22267082
SierraRetinY5,8,2054,-5.833055556,36.17694444,80.20073315,32.14980173
SierraRetinY5,8,2055,-5.833055556,36.17694444,59.4642471,31.9536121
SierraRetinY5,8,2056,-5.833055556,36.17694444,58.51092597,34.00658865
SierraRetinY5,8,2057,-5.833055556,36.17694444,17.74451209,34.36640172
SierraRetinY5,8,2058,-5.833055556,36.17694444,63.93054022,32.86830267
SierraRetinY5,8,2059,-5.833055556,36.17694444,75.20948748,33.87467297
SierraRetinY5,8,2060,-5.833055556,36.17694444,48.2037532,33.58932475
SierraRetinY5,8,2061,-5.833055556,36.17694444,37.9945297,32.10443292
SierraRetinY5,8,2062,-5.833055556,36.17694444,55.1195098,34.78773331
SierraRetinY5,8,2063,-5.833055556,36.17694444,69.29281219,32.78969431
SierraRetinY5,8,2064,-5.833055556,36.17694444,79.63222459,32.91057838
SierraRetinY5,8,2065,-5.833055556,36.17694444,61.5613396,32.85134376
SierraRetinY5,8,2066,-5.833055556,36.17694444,46.96562246,34.30104685
SierraRetinY5,8,2067,-5.833055556,36.17694444,77.55575678,32.78130395
SierraRetinY5,8,2068,-5.833055556,36.17694444,42.29738009,33.68924029
SierraRetinY5,8,2069,-5.833055556,36.17694444,71.96428118,34.24438162
SierraRetinY5,8,2070,-5.833055556,36.17694444,49.9813137,34.47143043
SierraRetinY5,8,2071,-5.833055556,36.17694444,146.9417798,29.79671729
SierraRetinY5,8,2072,-5.833055556,36.17694444,76.71849374,32.84513589
SierraRetinY5,8,2073,-5.833055556,36.17694444,55.83753043,35.21116865
SierraRetinY5,8,2074,-5.833055556,36.17694444,97.5572221,31.79540307
SierraRetinY5,8,2075,-5.833055556,36.17694444,76.82644108,33.7621773
SierraRetinY5,8,2076,-5.833055556,36.17694444,112.1648753,31.60353905
SierraRetinY5,8,2077,-5.833055556,36.17694444,37.60499609,34.80974141
SierraRetinY5,8,2078,-5.833055556,36.17694444,34.98501832,36.6941172
SierraRetinY5,8,2079,-5.833055556,36.17694444,73.18329396,34.03778056
SierraRetinY5,8,2080,-5.833055556,36.17694444,24.36080073,35.93812492
SierraRetinY5,8,2081,-5.833055556,36.17694444,61.62762036,35.28378375
SierraRetinY5,8,2082,-5.833055556,36.17694444,112.5383305,34.39099692
SierraRetinY5,8,2083,-5.833055556,36.17694444,77.81891172,35.78446301
SierraRetinY5,8,2084,-5.833055556,36.17694444,52.62291668,34.39266456
SierraRetinY5,8,2085,-5.833055556,36.17694444,23.46520127,34.81469707
SierraRetinY5,8,2086,-5.833055556,36.17694444,57.83993446,34.05648095
SierraRetinY5,8,2087,-5.833055556,36.17694444,62.65617859,34.47687043
SierraRetinY5,8,2088,-5.833055556,36.17694444,57.64871242,34.10197478
SierraRetinY5,8,2089,-5.833055556,36.17694444,21.81429013,35.2609625
SierraRetinY5,8,2090,-5.833055556,36.17694444,67.70219042,34.95781368
SierraRetinY5,8,2091,-5.833055556,36.17694444,39.88023855,37.03101649
SierraRetinY5,8,2092,-5.833055556,36.17694444,63.1659767,35.72166276
SierraRetinY5,8,2093,-5.833055556,36.17694444,70.22717558,33.9651379
SierraRetinY5,8,2094,-5.833055556,36.17694444,32.60826814,37.79903761
SierraRetinY5,8,2095,-5.833055556,36.17694444,70.97092704,34.49394354
SierraRetinY5,8,2096,-5.833055556,36.17694444,47.94325884,36.58296332
SierraRetinY5,8,2097,-5.833055556,36.17694444,68.89456809,35.74818745
SierraRetinY5,8,2098,-5.833055556,36.17694444,19.31008772,34.46412393
SierraRetinY5,8,2099,-5.833055556,36.17694444,93.07765193,31.97825751
SierraRetinY5,8,2100,-5.833055556,36.17694444,41.48693801,36.60812752
SierraRetinY5,9,2015,-5.833055556,36.17694444,101.6221289,26.65684611
SierraRetinY5,9,2016,-5.833055556,36.17694444,101.5264416,25.19356079
SierraRetinY5,9,2017,-5.833055556,36.17694444,61.19479391,28.7271108
SierraRetinY5,9,2018,-5.833055556,36.17694444,76.41637476,24.88515727
SierraRetinY5,9,2019,-5.833055556,36.17694444,59.47277451,27.99203796
SierraRetinY5,9,2020,-5.833055556,36.17694444,72.98402464,26.14356893
SierraRetinY5,9,2021,-5.833055556,36.17694444,55.60491611,25.21778768
SierraRetinY5,9,2022,-5.833055556,36.17694444,120.6651472,25.70561523
SierraRetinY5,9,2023,-5.833055556,36.17694444,53.89875519,26.86835531
SierraRetinY5,9,2024,-5.833055556,36.17694444,99.81015346,25.71776428
SierraRetinY5,9,2025,-5.833055556,36.17694444,103.7925949,23.91383565
SierraRetinY5,9,2026,-5.833055556,36.17694444,88.07208951,25.6744161
SierraRetinY5,9,2027,-5.833055556,36.17694444,32.26833542,26.74070129
SierraRetinY5,9,2028,-5.833055556,36.17694444,71.0164338,26.83994242
SierraRetinY5,9,2029,-5.833055556,36.17694444,57.42919552,26.35091451
SierraRetinY5,9,2030,-5.833055556,36.17694444,117.4977813,26.55979614
SierraRetinY5,9,2031,-5.833055556,36.17694444,51.95467575,26.08223368
SierraRetinY5,9,2032,-5.833055556,36.17694444,85.12267597,26.11966654
SierraRetinY5,9,2033,-5.833055556,36.17694444,128.2537336,24.10019938
SierraRetinY5,9,2034,-5.833055556,36.17694444,67.21217132,25.83168742
SierraRetinY5,9,2035,-5.833055556,36.17694444,42.1760342,27.00574341
SierraRetinY5,9,2036,-5.833055556,36.17694444,108.5968854,24.40023397
SierraRetinY5,9,2037,-5.833055556,36.17694444,36.51960796,28.3229421
SierraRetinY5,9,2038,-5.833055556,36.17694444,78.65850171,25.96999003
SierraRetinY5,9,2039,-5.833055556,36.17694444,67.87967742,26.90432027
SierraRetinY5,9,2040,-5.833055556,36.17694444,67.40876886,25.45624084
SierraRetinY5,9,2041,-5.833055556,36.17694444,72.63093528,27.72121175
SierraRetinY5,9,2042,-5.833055556,36.17694444,117.7971147,25.73380839
SierraRetinY5,9,2043,-5.833055556,36.17694444,82.10174254,25.69419556
SierraRetinY5,9,2044,-5.833055556,36.17694444,47.11802663,29.28228556
SierraRetinY5,9,2045,-5.833055556,36.17694444,52.19943061,26.68302104
SierraRetinY5,9,2046,-5.833055556,36.17694444,48.01786855,28.64653625
SierraRetinY5,9,2047,-5.833055556,36.17694444,168.1690489,24.94240723
SierraRetinY5,9,2048,-5.833055556,36.17694444,53.00510316,27.28094889
SierraRetinY5,9,2049,-5.833055556,36.17694444,89.11020615,26.37019043
SierraRetinY5,9,2050,-5.833055556,36.17694444,98.041837,26.22377218
SierraRetinY5,9,2051,-5.833055556,36.17694444,52.63869645,27.66639201
SierraRetinY5,9,2052,-5.833055556,36.17694444,73.36385971,28.29583537
SierraRetinY5,9,2053,-5.833055556,36.17694444,123.6422807,26.8329539
SierraRetinY5,9,2054,-5.833055556,36.17694444,71.63740398,28.92102661
SierraRetinY5,9,2055,-5.833055556,36.17694444,81.01839283,26.84522909
SierraRetinY5,9,2056,-5.833055556,36.17694444,49.15041395,27.4591746
SierraRetinY5,9,2057,-5.833055556,36.17694444,45.93323179,28.9748057
SierraRetinY5,9,2058,-5.833055556,36.17694444,82.11306749,26.09436239
SierraRetinY5,9,2059,-5.833055556,36.17694444,62.22505912,29.27229513
SierraRetinY5,9,2060,-5.833055556,36.17694444,166.7433698,24.83260295
SierraRetinY5,9,2061,-5.833055556,36.17694444,103.7542049,28.3188385
SierraRetinY5,9,2062,-5.833055556,36.17694444,102.5338323,29.48455607
SierraRetinY5,9,2063,-5.833055556,36.17694444,47.36068349,28.07701721
SierraRetinY5,9,2064,-5.833055556,36.17694444,46.33463034,27.6907725
SierraRetinY5,9,2065,-5.833055556,36.17694444,67.64405503,29.28123169
SierraRetinY5,9,2066,-5.833055556,36.17694444,69.97399406,29.47034505
SierraRetinY5,9,2067,-5.833055556,36.17694444,113.0937652,26.75270589
SierraRetinY5,9,2068,-5.833055556,36.17694444,36.30801067,28.56176554
SierraRetinY5,9,2069,-5.833055556,36.17694444,72.02034124,28.3122996
SierraRetinY5,9,2070,-5.833055556,36.17694444,69.84009782,28.92534078
SierraRetinY5,9,2071,-5.833055556,36.17694444,58.27475327,29.99298197
SierraRetinY5,9,2072,-5.833055556,36.17694444,39.63696374,28.46964722
SierraRetinY5,9,2073,-5.833055556,36.17694444,55.96279252,29.71316325
SierraRetinY5,9,2074,-5.833055556,36.17694444,164.9976925,26.80036723
SierraRetinY5,9,2075,-5.833055556,36.17694444,111.2992217,28.88324585
SierraRetinY5,9,2076,-5.833055556,36.17694444,108.3275639,26.29450989
SierraRetinY5,9,2077,-5.833055556,36.17694444,187.0522807,23.95023499
SierraRetinY5,9,2078,-5.833055556,36.17694444,37.40463215,32.06572266
SierraRetinY5,9,2079,-5.833055556,36.17694444,63.77799911,28.7604126
SierraRetinY5,9,2080,-5.833055556,36.17694444,47.45616018,30.32178446
SierraRetinY5,9,2081,-5.833055556,36.17694444,127.0703366,26.30270793
SierraRetinY5,9,2082,-5.833055556,36.17694444,68.67423841,29.0265981
SierraRetinY5,9,2083,-5.833055556,36.17694444,109.5465795,30.44188639
SierraRetinY5,9,2084,-5.833055556,36.17694444,47.65065827,29.01198425
SierraRetinY5,9,2085,-5.833055556,36.17694444,46.5481941,29.59851786
SierraRetinY5,9,2086,-5.833055556,36.17694444,72.60470912,29.87734172
SierraRetinY5,9,2087,-5.833055556,36.17694444,67.74014072,30.61467997
SierraRetinY5,9,2088,-5.833055556,36.17694444,36.12057016,29.26948954
SierraRetinY5,9,2089,-5.833055556,36.17694444,42.96160661,31.1569519
SierraRetinY5,9,2090,-5.833055556,36.17694444,38.7324951,29.89252726
SierraRetinY5,9,2091,-5.833055556,36.17694444,17.75889001,31.22068176
SierraRetinY5,9,2092,-5.833055556,36.17694444,57.09618191,29.08295797
SierraRetinY5,9,2093,-5.833055556,36.17694444,27.68452271,29.10314331
SierraRetinY5,9,2094,-5.833055556,36.17694444,77.91010242,31.40940145
SierraRetinY5,9,2095,-5.833055556,36.17694444,44.66274356,30.1498291
SierraRetinY5,9,2096,-5.833055556,36.17694444,101.6065497,29.14754232
SierraRetinY5,9,2097,-5.833055556,36.17694444,54.61990181,30.45243123
SierraRetinY5,9,2098,-5.833055556,36.17694444,158.7749492,28.86553548
SierraRetinY5,9,2099,-5.833055556,36.17694444,197.7296789,27.07234904
SierraRetinY5,9,2100,-5.833055556,36.17694444,28.62930108,30.10253194
Tarifa,1,2015,-5.655556,36.083889,6.164272203,10.9335335
Tarifa,1,2016,-5.655556,36.083889,65.3406584,10.33381092
Tarifa,1,2017,-5.655556,36.083889,13.37374009,14.78664354
Tarifa,1,2018,-5.655556,36.083889,31.78027838,11.07513605
Tarifa,1,2019,-5.655556,36.083889,13.45057078,12.99073624
Tarifa,1,2020,-5.655556,36.083889,17.4865033,12.13729346
Tarifa,1,2021,-5.655556,36.083889,9.886489123,12.41431727
Tarifa,1,2022,-5.655556,36.083889,124.2723979,9.321541866
Tarifa,1,2023,-5.655556,36.083889,5.870315523,13.61226807
Tarifa,1,2024,-5.655556,36.083889,9.849419874,14.89918252
Tarifa,1,2025,-5.655556,36.083889,92.00610493,10.03883588
Tarifa,1,2026,-5.655556,36.083889,34.64407833,11.28764077
Tarifa,1,2027,-5.655556,36.083889,45.64543805,13.12379387
Tarifa,1,2028,-5.655556,36.083889,45.54854043,10.25912357
Tarifa,1,2029,-5.655556,36.083889,17.91194555,12.75790779
Tarifa,1,2030,-5.655556,36.083889,2.008728138,13.33031321
Tarifa,1,2031,-5.655556,36.083889,36.23691975,13.42561764
Tarifa,1,2032,-5.655556,36.083889,77.56464638,12.24502839
Tarifa,1,2033,-5.655556,36.083889,36.81369627,9.680592986
Tarifa,1,2034,-5.655556,36.083889,57.32517534,9.629608942
Tarifa,1,2035,-5.655556,36.083889,21.9303979,13.93768488
Tarifa,1,2036,-5.655556,36.083889,23.70633918,14.19972652
Tarifa,1,2037,-5.655556,36.083889,18.35427051,11.43146815
Tarifa,1,2038,-5.655556,36.083889,77.83028889,11.04053699
Tarifa,1,2039,-5.655556,36.083889,40.06265691,11.72582791
Tarifa,1,2040,-5.655556,36.083889,11.54531058,11.85500488
Tarifa,1,2041,-5.655556,36.083889,69.64765452,12.19207646
Tarifa,1,2042,-5.655556,36.083889,18.2988662,13.22914744
Tarifa,1,2043,-5.655556,36.083889,31.04636719,13.86302018
Tarifa,1,2044,-5.655556,36.083889,81.51727817,11.60786271
Tarifa,1,2045,-5.655556,36.083889,2.622030871,15.95038413
Tarifa,1,2046,-5.655556,36.083889,24.02399939,11.24613293
Tarifa,1,2047,-5.655556,36.083889,5.104409073,15.06168863
Tarifa,1,2048,-5.655556,36.083889,8.804350889,12.75469754
Tarifa,1,2049,-5.655556,36.083889,18.10300565,13.31274887
Tarifa,1,2050,-5.655556,36.083889,10.76686255,12.76338127
Tarifa,1,2051,-5.655556,36.083889,44.78609927,12.08723184
Tarifa,1,2052,-5.655556,36.083889,1.984603559,16.51689177
Tarifa,1,2053,-5.655556,36.083889,23.20290226,13.62728075
Tarifa,1,2054,-5.655556,36.083889,76.52944398,9.951716072
Tarifa,1,2055,-5.655556,36.083889,10.70138752,15.01902604
Tarifa,1,2056,-5.655556,36.083889,17.21351803,12.07415949
Tarifa,1,2057,-5.655556,36.083889,24.87427286,14.66342833
Tarifa,1,2058,-5.655556,36.083889,15.36901838,14.24498901
Tarifa,1,2059,-5.655556,36.083889,59.55285851,13.03767326
Tarifa,1,2060,-5.655556,36.083889,7.993221626,13.14951329
Tarifa,1,2061,-5.655556,36.083889,2.024765534,14.76355551
Tarifa,1,2062,-5.655556,36.083889,16.0065717,12.93030947
Tarifa,1,2063,-5.655556,36.083889,40.02079101,12.27999268
Tarifa,1,2064,-5.655556,36.083889,65.11164229,13.6206289
Tarifa,1,2065,-5.655556,36.083889,52.37024159,11.44432393
Tarifa,1,2066,-5.655556,36.083889,17.44505193,13.03072214
Tarifa,1,2067,-5.655556,36.083889,3.237635824,15.36011215
Tarifa,1,2068,-5.655556,36.083889,77.62868104,11.45949215
Tarifa,1,2069,-5.655556,36.083889,15.86963537,15.48670989
Tarifa,1,2070,-5.655556,36.083889,63.31425713,13.48306255
Tarifa,1,2071,-5.655556,36.083889,37.95385248,13.74463363
Tarifa,1,2072,-5.655556,36.083889,22.42006773,12.4079519
Tarifa,1,2073,-5.655556,36.083889,46.0916096,13.39485592
Tarifa,1,2074,-5.655556,36.083889,22.89132052,15.38897784
Tarifa,1,2075,-5.655556,36.083889,35.14946283,13.19654876
Tarifa,1,2076,-5.655556,36.083889,15.15468484,12.2546306
Tarifa,1,2077,-5.655556,36.083889,6.735347425,15.50169697
Tarifa,1,2078,-5.655556,36.083889,20.32581426,11.58927061
Tarifa,1,2079,-5.655556,36.083889,7.16014857,15.81360631
Tarifa,1,2080,-5.655556,36.083889,63.30749572,11.189069
Tarifa,1,2081,-5.655556,36.083889,7.353081292,14.86522729
Tarifa,1,2082,-5.655556,36.083889,8.787698747,14.12657294
Tarifa,1,2083,-5.655556,36.083889,2.232564753,15.67043457
Tarifa,1,2084,-5.655556,36.083889,11.77702601,15.8545166
Tarifa,1,2085,-5.655556,36.083889,36.46901843,16.74167638
Tarifa,1,2086,-5.655556,36.083889,73.70955688,14.44601519
Tarifa,1,2087,-5.655556,36.083889,51.78583458,13.74438851
Tarifa,1,2088,-5.655556,36.083889,6.164577055,15.39072817
Tarifa,1,2089,-5.655556,36.083889,8.267244655,14.68629387
Tarifa,1,2090,-5.655556,36.083889,22.54915663,14.67691217
Tarifa,1,2091,-5.655556,36.083889,17.07719513,15.63485009
Tarifa,1,2092,-5.655556,36.083889,13.25995477,15.7911375
Tarifa,1,2093,-5.655556,36.083889,6.389007783,14.60252508
Tarifa,1,2094,-5.655556,36.083889,124.9355616,13.47372318
Tarifa,1,2095,-5.655556,36.083889,20.14817119,14.23527064
Tarifa,1,2096,-5.655556,36.083889,11.18055227,13.23789909
Tarifa,1,2097,-5.655556,36.083889,14.97312233,14.47004139
Tarifa,1,2098,-5.655556,36.083889,2.158287935,18.60824565
Tarifa,1,2099,-5.655556,36.083889,34.70589981,13.7124622
Tarifa,1,2100,-5.655556,36.083889,10.28052693,16.35295824
Tarifa,10,2015,-5.655556,36.083889,83.75183137,20.59304396
Tarifa,10,2016,-5.655556,36.083889,42.32269931,19.79761707
Tarifa,10,2017,-5.655556,36.083889,50.80549132,19.10287653
Tarifa,10,2018,-5.655556,36.083889,72.08835365,19.69344679
Tarifa,10,2019,-5.655556,36.083889,63.99326741,22.0658272
Tarifa,10,2020,-5.655556,36.083889,76.22714293,17.59039681
Tarifa,10,2021,-5.655556,36.083889,84.26535463,19.18958287
Tarifa,10,2022,-5.655556,36.083889,271.0707922,16.77562571
Tarifa,10,2023,-5.655556,36.083889,29.02560689,22.95855299
Tarifa,10,2024,-5.655556,36.083889,153.5327856,17.10531203
Tarifa,10,2025,-5.655556,36.083889,181.4963282,16.37296989
Tarifa,10,2026,-5.655556,36.083889,75.89221561,18.36489455
Tarifa,10,2027,-5.655556,36.083889,67.51849624,22.26541413
Tarifa,10,2028,-5.655556,36.083889,79.69104213,20.14873165
Tarifa,10,2029,-5.655556,36.083889,27.96333132,18.87397205
Tarifa,10,2030,-5.655556,36.083889,57.1727113,19.93108225
Tarifa,10,2031,-5.655556,36.083889,226.5560305,17.32243672
Tarifa,10,2032,-5.655556,36.083889,90.35120542,19.37857824
Tarifa,10,2033,-5.655556,36.083889,117.932246,20.60440634
Tarifa,10,2034,-5.655556,36.083889,57.44356456,21.55007423
Tarifa,10,2035,-5.655556,36.083889,82.7089785,18.96875374
Tarifa,10,2036,-5.655556,36.083889,96.38958744,17.57748886
Tarifa,10,2037,-5.655556,36.083889,44.39409119,18.26578034
Tarifa,10,2038,-5.655556,36.083889,24.31632435,22.46077684
Tarifa,10,2039,-5.655556,36.083889,54.9949976,20.12656604
Tarifa,10,2040,-5.655556,36.083889,222.5232823,18.19697108
Tarifa,10,2041,-5.655556,36.083889,113.9548012,18.72797497
Tarifa,10,2042,-5.655556,36.083889,32.75408441,21.09203983
Tarifa,10,2043,-5.655556,36.083889,63.42414523,18.57658022
Tarifa,10,2044,-5.655556,36.083889,92.58709217,21.12574994
Tarifa,10,2045,-5.655556,36.083889,87.98216598,19.10464852
Tarifa,10,2046,-5.655556,36.083889,150.3216548,20.45777824
Tarifa,10,2047,-5.655556,36.083889,48.15724054,21.06614222
Tarifa,10,2048,-5.655556,36.083889,73.23235294,19.50155029
Tarifa,10,2049,-5.655556,36.083889,102.1181569,22.16889491
Tarifa,10,2050,-5.655556,36.083889,58.93468343,23.0071675
Tarifa,10,2051,-5.655556,36.083889,36.55448393,22.24452633
Tarifa,10,2052,-5.655556,36.083889,64.87815111,21.17475232
Tarifa,10,2053,-5.655556,36.083889,29.24950763,22.19689528
Tarifa,10,2054,-5.655556,36.083889,43.10920447,21.21254784
Tarifa,10,2055,-5.655556,36.083889,136.4933427,17.1575089
Tarifa,10,2056,-5.655556,36.083889,39.35813754,20.81880513
Tarifa,10,2057,-5.655556,36.083889,97.6780268,20.10714407
Tarifa,10,2058,-5.655556,36.083889,120.0989036,21.15906037
Tarifa,10,2059,-5.655556,36.083889,82.08935343,22.44918016
Tarifa,10,2060,-5.655556,36.083889,42.3775345,18.66959091
Tarifa,10,2061,-5.655556,36.083889,146.894599,20.63605307
Tarifa,10,2062,-5.655556,36.083889,23.61989436,20.99565056
Tarifa,10,2063,-5.655556,36.083889,56.48063809,22.1272837
Tarifa,10,2064,-5.655556,36.083889,86.36480019,22.45349003
Tarifa,10,2065,-5.655556,36.083889,60.48267111,22.9869373
Tarifa,10,2066,-5.655556,36.083889,63.7795417,22.0265058
Tarifa,10,2067,-5.655556,36.083889,76.99542938,21.18954054
Tarifa,10,2068,-5.655556,36.083889,71.79970251,19.56061165
Tarifa,10,2069,-5.655556,36.083889,135.0725308,21.8381641
Tarifa,10,2070,-5.655556,36.083889,93.69635287,22.35429215
Tarifa,10,2071,-5.655556,36.083889,72.68608809,24.22063697
Tarifa,10,2072,-5.655556,36.083889,61.71964553,23.34059763
Tarifa,10,2073,-5.655556,36.083889,117.1562097,21.00371901
Tarifa,10,2074,-5.655556,36.083889,175.1417948,17.64751095
Tarifa,10,2075,-5.655556,36.083889,18.5307886,24.80715332
Tarifa,10,2076,-5.655556,36.083889,53.41423317,22.50002835
Tarifa,10,2077,-5.655556,36.083889,60.66151459,20.23461501
Tarifa,10,2078,-5.655556,36.083889,43.26428627,25.70672391
Tarifa,10,2079,-5.655556,36.083889,94.71270401,19.84769642
Tarifa,10,2080,-5.655556,36.083889,35.49856486,25.66075262
Tarifa,10,2081,-5.655556,36.083889,13.52149116,24.32885033
Tarifa,10,2082,-5.655556,36.083889,42.77833236,25.50492199
Tarifa,10,2083,-5.655556,36.083889,160.0228045,18.85384128
Tarifa,10,2084,-5.655556,36.083889,42.5780389,24.36271205
Tarifa,10,2085,-5.655556,36.083889,63.96645549,24.36511506
Tarifa,10,2086,-5.655556,36.083889,85.49713603,25.3293081
Tarifa,10,2087,-5.655556,36.083889,90.76510242,23.97567237
Tarifa,10,2088,-5.655556,36.083889,134.3454887,24.70948821
Tarifa,10,2089,-5.655556,36.083889,20.90978696,26.15673316
Tarifa,10,2090,-5.655556,36.083889,118.8311172,22.14233477
Tarifa,10,2091,-5.655556,36.083889,66.82066946,23.06931015
Tarifa,10,2092,-5.655556,36.083889,45.67531929,24.57436228
Tarifa,10,2093,-5.655556,36.083889,38.9741141,23.18641791
Tarifa,10,2094,-5.655556,36.083889,90.25627187,23.20232839
Tarifa,10,2095,-5.655556,36.083889,68.17137717,23.31741313
Tarifa,10,2096,-5.655556,36.083889,168.7706287,17.67973259
Tarifa,10,2097,-5.655556,36.083889,22.66898953,25.42661783
Tarifa,10,2098,-5.655556,36.083889,255.0324897,21.36613789
Tarifa,10,2099,-5.655556,36.083889,4.231280568,23.33086548
Tarifa,10,2100,-5.655556,36.083889,48.28228248,25.66985572
Tarifa,11,2015,-5.655556,36.083889,48.38098225,13.92687073
Tarifa,11,2016,-5.655556,36.083889,75.7213314,17.06195577
Tarifa,11,2017,-5.655556,36.083889,34.94585413,16.01923014
Tarifa,11,2018,-5.655556,36.083889,5.369730724,17.00990194
Tarifa,11,2019,-5.655556,36.083889,88.23189231,14.39065247
Tarifa,11,2020,-5.655556,36.083889,127.6588044,13.70657756
Tarifa,11,2021,-5.655556,36.083889,60.93209029,12.38975627
Tarifa,11,2022,-5.655556,36.083889,70.95474486,15.08192952
Tarifa,11,2023,-5.655556,36.083889,27.06777799,15.98512166
Tarifa,11,2024,-5.655556,36.083889,18.92640109,13.70152893
Tarifa,11,2025,-5.655556,36.083889,81.94071276,14.38966064
Tarifa,11,2026,-5.655556,36.083889,9.939982472,16.76792704
Tarifa,11,2027,-5.655556,36.083889,34.77132525,15.47078756
Tarifa,11,2028,-5.655556,36.083889,19.5173547,15.92893372
Tarifa,11,2029,-5.655556,36.083889,136.4994855,14.67351786
Tarifa,11,2030,-5.655556,36.083889,31.30733511,14.9475057
Tarifa,11,2031,-5.655556,36.083889,73.63070813,13.76139628
Tarifa,11,2032,-5.655556,36.083889,63.23406799,15.02232157
Tarifa,11,2033,-5.655556,36.083889,74.05198942,13.65531921
Tarifa,11,2034,-5.655556,36.083889,10.43811017,18.44635518
Tarifa,11,2035,-5.655556,36.083889,107.4646797,13.07749329
Tarifa,11,2036,-5.655556,36.083889,126.3832921,11.76103719
Tarifa,11,2037,-5.655556,36.083889,14.43164597,16.22931519
Tarifa,11,2038,-5.655556,36.083889,39.93247298,16.96585693
Tarifa,11,2039,-5.655556,36.083889,99.65278831,11.66065674
Tarifa,11,2040,-5.655556,36.083889,74.01070408,12.5390981
Tarifa,11,2041,-5.655556,36.083889,29.95168695,13.16360881
Tarifa,11,2042,-5.655556,36.083889,20.21149411,16.38213908
Tarifa,11,2043,-5.655556,36.083889,4.988953114,18.9180776
Tarifa,11,2044,-5.655556,36.083889,4.422747707,17.37414347
Tarifa,11,2045,-5.655556,36.083889,13.66523954,18.17885946
Tarifa,11,2046,-5.655556,36.083889,26.16726489,14.41564128
Tarifa,11,2047,-5.655556,36.083889,19.73331206,16.67893372
Tarifa,11,2048,-5.655556,36.083889,89.29841286,13.07190247
Tarifa,11,2049,-5.655556,36.083889,50.88493345,15.29458923
Tarifa,11,2050,-5.655556,36.083889,100.7548365,15.77719116
Tarifa,11,2051,-5.655556,36.083889,10.0582045,18.07425842
Tarifa,11,2052,-5.655556,36.083889,24.11150797,14.76038717
Tarifa,11,2053,-5.655556,36.083889,6.731335175,19.53586222
Tarifa,11,2054,-5.655556,36.083889,23.92839872,14.5087616
Tarifa,11,2055,-5.655556,36.083889,3.189226146,16.39730326
Tarifa,11,2056,-5.655556,36.083889,53.66383456,16.46003723
Tarifa,11,2057,-5.655556,36.083889,51.73260921,14.23539124
Tarifa,11,2058,-5.655556,36.083889,56.58804603,16.2322937
Tarifa,11,2059,-5.655556,36.083889,14.66628204,16.69356893
Tarifa,11,2060,-5.655556,36.083889,40.92032828,16.57963562
Tarifa,11,2061,-5.655556,36.083889,15.477388,15.41601054
Tarifa,11,2062,-5.655556,36.083889,69.56790841,14.33757019
Tarifa,11,2063,-5.655556,36.083889,13.36822531,19.70966797
Tarifa,11,2064,-5.655556,36.083889,24.37944403,20.04821472
Tarifa,11,2065,-5.655556,36.083889,8.402127791,22.28623352
Tarifa,11,2066,-5.655556,36.083889,46.0381075,17.57236328
Tarifa,11,2067,-5.655556,36.083889,69.05093343,17.2719401
Tarifa,11,2068,-5.655556,36.083889,23.03060327,17.74725952
Tarifa,11,2069,-5.655556,36.083889,20.62524281,16.2659963
Tarifa,11,2070,-5.655556,36.083889,34.77255267,16.5188741
Tarifa,11,2071,-5.655556,36.083889,113.7402603,14.97013245
Tarifa,11,2072,-5.655556,36.083889,5.236683043,19.18054708
Tarifa,11,2073,-5.655556,36.083889,17.47997395,18.66700643
Tarifa,11,2074,-5.655556,36.083889,92.84937958,17.38985494
Tarifa,11,2075,-5.655556,36.083889,40.3302832,18.41492716
Tarifa,11,2076,-5.655556,36.083889,50.36627683,14.65525818
Tarifa,11,2077,-5.655556,36.083889,38.15942154,17.86218465
Tarifa,11,2078,-5.655556,36.083889,76.49314641,15.48374736
Tarifa,11,2079,-5.655556,36.083889,201.5120784,15.22213643
Tarifa,11,2080,-5.655556,36.083889,11.01991823,20.62233582
Tarifa,11,2081,-5.655556,36.083889,3.620691006,20.21032206
Tarifa,11,2082,-5.655556,36.083889,9.477477465,19.00385234
Tarifa,11,2083,-5.655556,36.083889,12.36584786,17.90292358
Tarifa,11,2084,-5.655556,36.083889,2.133363293,19.22346293
Tarifa,11,2085,-5.655556,36.083889,55.34634899,18.03472392
Tarifa,11,2086,-5.655556,36.083889,19.16679264,16.96880391
Tarifa,11,2087,-5.655556,36.083889,4.666991742,19.796934
Tarifa,11,2088,-5.655556,36.083889,24.82491383,19.60653178
Tarifa,11,2089,-5.655556,36.083889,28.01506739,20.23710938
Tarifa,11,2090,-5.655556,36.083889,20.5429207,19.43281352
Tarifa,11,2091,-5.655556,36.083889,58.18668672,18.17399292
Tarifa,11,2092,-5.655556,36.083889,26.51763047,20.69608154
Tarifa,11,2093,-5.655556,36.083889,20.38684935,19.67825317
Tarifa,11,2094,-5.655556,36.083889,58.54777738,16.8765035
Tarifa,11,2095,-5.655556,36.083889,3.23679085,21.50919189
Tarifa,11,2096,-5.655556,36.083889,11.75700732,15.93886108
Tarifa,11,2097,-5.655556,36.083889,66.67038696,17.92743429
Tarifa,11,2098,-5.655556,36.083889,25.60401463,17.95900981
Tarifa,11,2099,-5.655556,36.083889,16.25759672,19.96364543
Tarifa,11,2100,-5.655556,36.083889,27.92409133,18.23920085
Tarifa,12,2015,-5.655556,36.083889,6.128784906,13.43408407
Tarifa,12,2016,-5.655556,36.083889,4.971569989,15.87442248
Tarifa,12,2017,-5.655556,36.083889,38.07204934,12.29226278
Tarifa,12,2018,-5.655556,36.083889,36.83788875,14.52881673
Tarifa,12,2019,-5.655556,36.083889,4.814012879,12.06860657
Tarifa,12,2020,-5.655556,36.083889,35.45224412,10.29891463
Tarifa,12,2021,-5.655556,36.083889,16.10456286,11.81872457
Tarifa,12,2022,-5.655556,36.083889,36.78543335,12.09379171
Tarifa,12,2023,-5.655556,36.083889,12.14495072,13.21639404
Tarifa,12,2024,-5.655556,36.083889,22.19440263,14.24582351
Tarifa,12,2025,-5.655556,36.083889,45.58015965,11.04454854
Tarifa,12,2026,-5.655556,36.083889,19.11412995,13.83071899
Tarifa,12,2027,-5.655556,36.083889,35.88032101,12.85800578
Tarifa,12,2028,-5.655556,36.083889,22.74376955,12.49347997
Tarifa,12,2029,-5.655556,36.083889,52.86110689,10.02803955
Tarifa,12,2030,-5.655556,36.083889,29.90675211,13.24976501
Tarifa,12,2031,-5.655556,36.083889,45.6760458,9.150120036
Tarifa,12,2032,-5.655556,36.083889,10.55466802,14.38765343
Tarifa,12,2033,-5.655556,36.083889,38.95794092,12.02030029
Tarifa,12,2034,-5.655556,36.083889,7.995759835,13.67126567
Tarifa,12,2035,-5.655556,36.083889,13.95091154,11.90982564
Tarifa,12,2036,-5.655556,36.083889,3.823895441,13.17870483
Tarifa,12,2037,-5.655556,36.083889,26.62763275,12.86779989
Tarifa,12,2038,-5.655556,36.083889,5.67631782,13.89313965
Tarifa,12,2039,-5.655556,36.083889,7.462860757,11.59067891
Tarifa,12,2040,-5.655556,36.083889,28.29987866,11.25072527
Tarifa,12,2041,-5.655556,36.083889,3.6987211,14.69722799
Tarifa,12,2042,-5.655556,36.083889,8.31448768,13.2473053
Tarifa,12,2043,-5.655556,36.083889,9.925176483,14.03182576
Tarifa,12,2044,-5.655556,36.083889,22.02916062,13.45995168
Tarifa,12,2045,-5.655556,36.083889,8.71061031,15.4379364
Tarifa,12,2046,-5.655556,36.083889,12.36059322,11.84570414
Tarifa,12,2047,-5.655556,36.083889,4.93888171,15.81803691
Tarifa,12,2048,-5.655556,36.083889,70.31212982,9.987470114
Tarifa,12,2049,-5.655556,36.083889,22.9735907,11.2826182
Tarifa,12,2050,-5.655556,36.083889,58.78968235,13.58290202
Tarifa,12,2051,-5.655556,36.083889,29.39882506,12.97073263
Tarifa,12,2052,-5.655556,36.083889,68.47626138,9.762600813
Tarifa,12,2053,-5.655556,36.083889,35.17115506,12.17872925
Tarifa,12,2054,-5.655556,36.083889,5.33137888,16.70165812
Tarifa,12,2055,-5.655556,36.083889,8.311787437,14.95313009
Tarifa,12,2056,-5.655556,36.083889,10.19369458,15.96810513
Tarifa,12,2057,-5.655556,36.083889,23.52465738,13.49970703
Tarifa,12,2058,-5.655556,36.083889,10.09592493,15.62369588
Tarifa,12,2059,-5.655556,36.083889,26.56224611,14.12011515
Tarifa,12,2060,-5.655556,36.083889,48.23226284,14.48059945
Tarifa,12,2061,-5.655556,36.083889,26.07550337,13.12870382
Tarifa,12,2062,-5.655556,36.083889,9.930844904,13.74590556
Tarifa,12,2063,-5.655556,36.083889,14.92235543,16.01062927
Tarifa,12,2064,-5.655556,36.083889,21.39641146,16.33248186
Tarifa,12,2065,-5.655556,36.083889,3.546405818,18.29858704
Tarifa,12,2066,-5.655556,36.083889,26.68104217,13.1513265
Tarifa,12,2067,-5.655556,36.083889,7.556664754,15.59015808
Tarifa,12,2068,-5.655556,36.083889,10.30178501,16.03307074
Tarifa,12,2069,-5.655556,36.083889,9.822996386,15.50342102
Tarifa,12,2070,-5.655556,36.083889,12.77268215,15.75173645
Tarifa,12,2071,-5.655556,36.083889,32.56907534,13.82334086
Tarifa,12,2072,-5.655556,36.083889,5.591551773,16.92798714
Tarifa,12,2073,-5.655556,36.083889,10.96149878,14.94423523
Tarifa,12,2074,-5.655556,36.083889,12.31113742,12.24356486
Tarifa,12,2075,-5.655556,36.083889,7.489915198,15.49818624
Tarifa,12,2076,-5.655556,36.083889,6.527394029,15.82555121
Tarifa,12,2077,-5.655556,36.083889,83.70766852,10.82912801
Tarifa,12,2078,-5.655556,36.083889,20.92947296,14.69539897
Tarifa,12,2079,-5.655556,36.083889,36.69669499,11.36711731
Tarifa,12,2080,-5.655556,36.083889,6.196123094,16.57609737
Tarifa,12,2081,-5.655556,36.083889,6.808737067,16.47867025
Tarifa,12,2082,-5.655556,36.083889,3.215897454,17.10918376
Tarifa,12,2083,-5.655556,36.083889,13.78182433,15.27280986
Tarifa,12,2084,-5.655556,36.083889,12.13092851,15.15858217
Tarifa,12,2085,-5.655556,36.083889,14.5304417,14.70055847
Tarifa,12,2086,-5.655556,36.083889,5.515630696,15.01387533
Tarifa,12,2087,-5.655556,36.083889,25.8326019,15.91941223
Tarifa,12,2088,-5.655556,36.083889,56.99867826,12.81648223
Tarifa,12,2089,-5.655556,36.083889,30.17700499,15.23216451
Tarifa,12,2090,-5.655556,36.083889,7.297425484,15.44420675
Tarifa,12,2091,-5.655556,36.083889,22.773178,15.07127787
Tarifa,12,2092,-5.655556,36.083889,14.19240448,16.20004399
Tarifa,12,2093,-5.655556,36.083889,37.71546711,13.00346476
Tarifa,12,2094,-5.655556,36.083889,5.283437468,17.36382243
Tarifa,12,2095,-5.655556,36.083889,16.70439891,16.72524516
Tarifa,12,2096,-5.655556,36.083889,8.181626075,16.5339789
Tarifa,12,2097,-5.655556,36.083889,4.829328228,16.98823751
Tarifa,12,2098,-5.655556,36.083889,14.33135212,15.9709137
Tarifa,12,2099,-5.655556,36.083889,4.781744722,17.60842489
Tarifa,12,2100,-5.655556,36.083889,14.13447537,16.58445638
Tarifa,2,2015,-5.655556,36.083889,14.56981047,14.57076089
Tarifa,2,2016,-5.655556,36.083889,37.83862141,12.70104265
Tarifa,2,2017,-5.655556,36.083889,5.065305385,16.96685181
Tarifa,2,2018,-5.655556,36.083889,31.66268381,13.82570147
Tarifa,2,2019,-5.655556,36.083889,185.0127493,10.61895905
Tarifa,2,2020,-5.655556,36.083889,8.594463899,13.2490268
Tarifa,2,2021,-5.655556,36.083889,26.76689377,11.72285505
Tarifa,2,2022,-5.655556,36.083889,45.50975715,11.04568089
Tarifa,2,2023,-5.655556,36.083889,101.0356151,11.79682966
Tarifa,2,2024,-5.655556,36.083889,4.573946058,17.44195157
Tarifa,2,2025,-5.655556,36.083889,6.535795112,13.18206395
Tarifa,2,2026,-5.655556,36.083889,11.66783703,14.16746129
Tarifa,2,2027,-5.655556,36.083889,33.73916766,13.05458439
Tarifa,2,2028,-5.655556,36.083889,3.982498601,19.15207351
Tarifa,2,2029,-5.655556,36.083889,109.3393032,13.75003749
Tarifa,2,2030,-5.655556,36.083889,52.7497214,13.15426897
Tarifa,2,2031,-5.655556,36.083889,36.98701311,13.16404005
Tarifa,2,2032,-5.655556,36.083889,83.47499147,13.18983428
Tarifa,2,2033,-5.655556,36.083889,6.211673097,16.20361481
Tarifa,2,2034,-5.655556,36.083889,39.86085528,13.31590642
Tarifa,2,2035,-5.655556,36.083889,3.017092834,17.10372641
Tarifa,2,2036,-5.655556,36.083889,41.31163342,16.41458782
Tarifa,2,2037,-5.655556,36.083889,63.69505206,11.75916116
Tarifa,2,2038,-5.655556,36.083889,44.2500466,11.89224505
Tarifa,2,2039,-5.655556,36.083889,7.519027343,17.91934902
Tarifa,2,2040,-5.655556,36.083889,21.37125845,11.88285901
Tarifa,2,2041,-5.655556,36.083889,12.20232961,16.15583082
Tarifa,2,2042,-5.655556,36.083889,5.193737142,18.10212097
Tarifa,2,2043,-5.655556,36.083889,38.03176293,13.80122855
Tarifa,2,2044,-5.655556,36.083889,13.87306832,15.29949341
Tarifa,2,2045,-5.655556,36.083889,73.69899398,13.38610774
Tarifa,2,2046,-5.655556,36.083889,31.11692021,11.72497711
Tarifa,2,2047,-5.655556,36.083889,18.46390275,15.56415274
Tarifa,2,2048,-5.655556,36.083889,33.60406368,15.53599306
Tarifa,2,2049,-5.655556,36.083889,3.420293785,17.92996041
Tarifa,2,2050,-5.655556,36.083889,31.51459089,13.42756805
Tarifa,2,2051,-5.655556,36.083889,47.36270387,12.67746342
Tarifa,2,2052,-5.655556,36.083889,38.31291386,15.05512338
Tarifa,2,2053,-5.655556,36.083889,27.64035552,15.44180886
Tarifa,2,2054,-5.655556,36.083889,1.238324914,14.69081704
Tarifa,2,2055,-5.655556,36.083889,41.02320512,15.19086282
Tarifa,2,2056,-5.655556,36.083889,14.1349381,14.00679721
Tarifa,2,2057,-5.655556,36.083889,29.75616039,14.67676915
Tarifa,2,2058,-5.655556,36.083889,15.19345171,13.9183136
Tarifa,2,2059,-5.655556,36.083889,1.773494946,19.94941973
Tarifa,2,2060,-5.655556,36.083889,10.7399819,16.91478566
Tarifa,2,2061,-5.655556,36.083889,2.22988375,16.40461557
Tarifa,2,2062,-5.655556,36.083889,17.77798842,13.72879617
Tarifa,2,2063,-5.655556,36.083889,26.2782244,14.64788644
Tarifa,2,2064,-5.655556,36.083889,6.393649779,18.60786617
Tarifa,2,2065,-5.655556,36.083889,10.11374081,19.35372641
Tarifa,2,2066,-5.655556,36.083889,2.66746678,17.36077053
Tarifa,2,2067,-5.655556,36.083889,3.723698201,18.18328901
Tarifa,2,2068,-5.655556,36.083889,34.51148897,16.02246957
Tarifa,2,2069,-5.655556,36.083889,42.36405428,13.17243783
Tarifa,2,2070,-5.655556,36.083889,23.10114166,16.22956129
Tarifa,2,2071,-5.655556,36.083889,7.683422874,15.88303419
Tarifa,2,2072,-5.655556,36.083889,81.36074656,12.4333635
Tarifa,2,2073,-5.655556,36.083889,31.05660162,15.20925293
Tarifa,2,2074,-5.655556,36.083889,63.72351679,11.94283338
Tarifa,2,2075,-5.655556,36.083889,5.077408782,18.657821
Tarifa,2,2076,-5.655556,36.083889,2.727674548,18.3310128
Tarifa,2,2077,-5.655556,36.083889,3.564193828,17.12507891
Tarifa,2,2078,-5.655556,36.083889,34.2132874,15.78180302
Tarifa,2,2079,-5.655556,36.083889,11.22785919,15.08473794
Tarifa,2,2080,-5.655556,36.083889,41.86569636,15.01837179
Tarifa,2,2081,-5.655556,36.083889,3.036246829,18.63596606
Tarifa,2,2082,-5.655556,36.083889,27.19194534,15.07352055
Tarifa,2,2083,-5.655556,36.083889,13.24667414,17.34159895
Tarifa,2,2084,-5.655556,36.083889,9.546791149,15.69919686
Tarifa,2,2085,-5.655556,36.083889,23.00298136,14.00052468
Tarifa,2,2086,-5.655556,36.083889,1.590117889,16.89910278
Tarifa,2,2087,-5.655556,36.083889,77.81132366,14.90994524
Tarifa,2,2088,-5.655556,36.083889,2.430025805,21.47169989
Tarifa,2,2089,-5.655556,36.083889,11.60954042,17.26743251
Tarifa,2,2090,-5.655556,36.083889,33.36357444,15.75245492
Tarifa,2,2091,-5.655556,36.083889,34.05711415,17.56029445
Tarifa,2,2092,-5.655556,36.083889,12.91448622,17.41041744
Tarifa,2,2093,-5.655556,36.083889,10.77370415,19.69385463
Tarifa,2,2094,-5.655556,36.083889,23.53838052,16.55590428
Tarifa,2,2095,-5.655556,36.083889,73.78635141,16.44030805
Tarifa,2,2096,-5.655556,36.083889,35.01943861,18.72443595
Tarifa,2,2097,-5.655556,36.083889,22.32224953,17.31812112
Tarifa,2,2098,-5.655556,36.083889,5.351397064,16.21436789
Tarifa,2,2099,-5.655556,36.083889,71.71365464,15.17683454
Tarifa,2,2100,-5.655556,36.083889,65.26522506,16.59628448
Tarifa,3,2015,-5.655556,36.083889,26.45870958,17.18081744
Tarifa,3,2016,-5.655556,36.083889,19.43215064,15.7408337
Tarifa,3,2017,-5.655556,36.083889,105.5384878,16.24716856
Tarifa,3,2018,-5.655556,36.083889,7.535120798,19.12004611
Tarifa,3,2019,-5.655556,36.083889,168.0597814,9.664931562
Tarifa,3,2020,-5.655556,36.083889,23.4351824,19.67917835
Tarifa,3,2021,-5.655556,36.083889,15.21045902,19.6312628
Tarifa,3,2022,-5.655556,36.083889,71.33250881,14.00098326
Tarifa,3,2023,-5.655556,36.083889,69.5378161,15.17560976
Tarifa,3,2024,-5.655556,36.083889,15.77438575,21.08045989
Tarifa,3,2025,-5.655556,36.083889,146.6934402,12.40133254
Tarifa,3,2026,-5.655556,36.083889,13.70171538,19.43623972
Tarifa,3,2027,-5.655556,36.083889,15.76064008,17.38765574
Tarifa,3,2028,-5.655556,36.083889,30.7844919,18.54216821
Tarifa,3,2029,-5.655556,36.083889,48.52270679,15.60094112
Tarifa,3,2030,-5.655556,36.083889,67.51970454,13.7736086
Tarifa,3,2031,-5.655556,36.083889,26.11496125,18.27358005
Tarifa,3,2032,-5.655556,36.083889,46.23059434,11.31617077
Tarifa,3,2033,-5.655556,36.083889,38.6165762,20.04831799
Tarifa,3,2034,-5.655556,36.083889,70.75214019,16.73075601
Tarifa,3,2035,-5.655556,36.083889,75.38040349,14.70197301
Tarifa,3,2036,-5.655556,36.083889,10.38677296,18.16616605
Tarifa,3,2037,-5.655556,36.083889,54.92317319,14.91591305
Tarifa,3,2038,-5.655556,36.083889,29.31543225,17.67774796
Tarifa,3,2039,-5.655556,36.083889,21.73950002,17.05975617
Tarifa,3,2040,-5.655556,36.083889,85.46420567,11.17369109
Tarifa,3,2041,-5.655556,36.083889,73.94192973,15.06253623
Tarifa,3,2042,-5.655556,36.083889,19.76918234,22.45503757
Tarifa,3,2043,-5.655556,36.083889,9.013005929,23.30903557
Tarifa,3,2044,-5.655556,36.083889,72.09224914,13.4355644
Tarifa,3,2045,-5.655556,36.083889,34.82527783,15.32815926
Tarifa,3,2046,-5.655556,36.083889,29.22588556,13.52948471
Tarifa,3,2047,-5.655556,36.083889,16.57882865,19.72897615
Tarifa,3,2048,-5.655556,36.083889,71.42658278,14.22704271
Tarifa,3,2049,-5.655556,36.083889,3.845047498,22.51200502
Tarifa,3,2050,-5.655556,36.083889,37.15502091,18.59372716
Tarifa,3,2051,-5.655556,36.083889,52.52821149,16.43840549
Tarifa,3,2052,-5.655556,36.083889,67.39301501,16.73119802
Tarifa,3,2053,-5.655556,36.083889,108.3771368,17.42418331
Tarifa,3,2054,-5.655556,36.083889,11.44420286,20.84882655
Tarifa,3,2055,-5.655556,36.083889,13.50504863,21.78392157
Tarifa,3,2056,-5.655556,36.083889,12.84990747,19.77203842
Tarifa,3,2057,-5.655556,36.083889,5.597416947,20.82131249
Tarifa,3,2058,-5.655556,36.083889,30.45676001,16.64809373
Tarifa,3,2059,-5.655556,36.083889,52.8448476,15.75064559
Tarifa,3,2060,-5.655556,36.083889,40.69250205,13.69506226
Tarifa,3,2061,-5.655556,36.083889,58.22297291,17.51495834
Tarifa,3,2062,-5.655556,36.083889,27.52221808,18.82247019
Tarifa,3,2063,-5.655556,36.083889,31.12032769,17.40328861
Tarifa,3,2064,-5.655556,36.083889,16.47364152,19.28947675
Tarifa,3,2065,-5.655556,36.083889,35.71951917,21.82615888
Tarifa,3,2066,-5.655556,36.083889,45.86706753,17.67965088
Tarifa,3,2067,-5.655556,36.083889,18.51081409,18.35183795
Tarifa,3,2068,-5.655556,36.083889,5.69116061,22.16350708
Tarifa,3,2069,-5.655556,36.083889,8.855318825,20.63752087
Tarifa,3,2070,-5.655556,36.083889,8.033605454,20.31485556
Tarifa,3,2071,-5.655556,36.083889,24.83206966,20.73268354
Tarifa,3,2072,-5.655556,36.083889,45.55816777,19.01602153
Tarifa,3,2073,-5.655556,36.083889,62.51830533,16.42788775
Tarifa,3,2074,-5.655556,36.083889,9.726548565,17.33389656
Tarifa,3,2075,-5.655556,36.083889,6.195199961,21.98520961
Tarifa,3,2076,-5.655556,36.083889,40.30512606,22.80669753
Tarifa,3,2077,-5.655556,36.083889,17.87014649,20.22502264
Tarifa,3,2078,-5.655556,36.083889,38.83696675,16.96218065
Tarifa,3,2079,-5.655556,36.083889,12.57042902,24.94627607
Tarifa,3,2080,-5.655556,36.083889,69.04058665,18.39354662
Tarifa,3,2081,-5.655556,36.083889,38.41540191,18.00745889
Tarifa,3,2082,-5.655556,36.083889,70.28042363,19.47767078
Tarifa,3,2083,-5.655556,36.083889,28.30544857,21.67705098
Tarifa,3,2084,-5.655556,36.083889,4.927090843,20.28949939
Tarifa,3,2085,-5.655556,36.083889,20.48469606,20.81546001
Tarifa,3,2086,-5.655556,36.083889,21.81826285,23.67495216
Tarifa,3,2087,-5.655556,36.083889,93.96793793,18.30102618
Tarifa,3,2088,-5.655556,36.083889,39.73119022,21.05697218
Tarifa,3,2089,-5.655556,36.083889,91.21321279,17.27991786
Tarifa,3,2090,-5.655556,36.083889,4.370328119,23.084691
Tarifa,3,2091,-5.655556,36.083889,14.3436489,17.64252969
Tarifa,3,2092,-5.655556,36.083889,44.41100748,17.64765566
Tarifa,3,2093,-5.655556,36.083889,21.41733317,21.88523205
Tarifa,3,2094,-5.655556,36.083889,27.80416139,18.74489845
Tarifa,3,2095,-5.655556,36.083889,65.817161,18.22612817
Tarifa,3,2096,-5.655556,36.083889,74.42455975,16.97678971
Tarifa,3,2097,-5.655556,36.083889,2.791301916,23.27640538
Tarifa,3,2098,-5.655556,36.083889,118.6460272,17.52108647
Tarifa,3,2099,-5.655556,36.083889,23.95924836,18.0075278
Tarifa,3,2100,-5.655556,36.083889,56.03438192,15.37172458
Tarifa,4,2015,-5.655556,36.083889,87.86248798,19.57067362
Tarifa,4,2016,-5.655556,36.083889,35.79372671,22.69273275
Tarifa,4,2017,-5.655556,36.083889,57.44957881,17.03928324
Tarifa,4,2018,-5.655556,36.083889,116.2329407,15.29573669
Tarifa,4,2019,-5.655556,36.083889,32.65841101,21.55523071
Tarifa,4,2020,-5.655556,36.083889,67.45486354,18.47242839
Tarifa,4,2021,-5.655556,36.083889,18.54044087,22.83532003
Tarifa,4,2022,-5.655556,36.083889,82.88314428,18.75323385
Tarifa,4,2023,-5.655556,36.083889,146.8125136,18.43040365
Tarifa,4,2024,-5.655556,36.083889,88.62293252,19.52241516
Tarifa,4,2025,-5.655556,36.083889,13.78797552,19.15357768
Tarifa,4,2026,-5.655556,36.083889,43.43252509,20.88469747
Tarifa,4,2027,-5.655556,36.083889,82.54021006,18.10240479
Tarifa,4,2028,-5.655556,36.083889,20.22154302,24.53240763
Tarifa,4,2029,-5.655556,36.083889,22.24775606,19.30502828
Tarifa,4,2030,-5.655556,36.083889,64.52871006,17.10439657
Tarifa,4,2031,-5.655556,36.083889,24.26239004,21.84936218
Tarifa,4,2032,-5.655556,36.083889,138.2182586,14.94075724
Tarifa,4,2033,-5.655556,36.083889,99.22584133,22.43808289
Tarifa,4,2034,-5.655556,36.083889,81.70727469,18.81167908
Tarifa,4,2035,-5.655556,36.083889,36.99571673,18.95671488
Tarifa,4,2036,-5.655556,36.083889,37.83937474,19.47100932
Tarifa,4,2037,-5.655556,36.083889,26.32546598,22.57909953
Tarifa,4,2038,-5.655556,36.083889,147.8563954,18.43634338
Tarifa,4,2039,-5.655556,36.083889,45.27259524,20.05516561
Tarifa,4,2040,-5.655556,36.083889,9.039623157,23.76280009
Tarifa,4,2041,-5.655556,36.083889,22.86326513,21.83891703
Tarifa,4,2042,-5.655556,36.083889,33.94099231,23.18892008
Tarifa,4,2043,-5.655556,36.083889,68.25509976,20.97629089
Tarifa,4,2044,-5.655556,36.083889,57.16349507,20.90174561
Tarifa,4,2045,-5.655556,36.083889,68.51471261,20.91806539
Tarifa,4,2046,-5.655556,36.083889,48.68266468,20.55599772
Tarifa,4,2047,-5.655556,36.083889,89.76571564,20.65195414
Tarifa,4,2048,-5.655556,36.083889,32.67431126,20.17188924
Tarifa,4,2049,-5.655556,36.083889,46.36887444,21.48042806
Tarifa,4,2050,-5.655556,36.083889,33.19186743,20.6683075
Tarifa,4,2051,-5.655556,36.083889,73.62048062,21.68225911
Tarifa,4,2052,-5.655556,36.083889,60.74403183,22.77076721
Tarifa,4,2053,-5.655556,36.083889,39.06968157,20.5127655
Tarifa,4,2054,-5.655556,36.083889,53.49471236,19.25634664
Tarifa,4,2055,-5.655556,36.083889,12.10157535,22.74573873
Tarifa,4,2056,-5.655556,36.083889,26.57969131,21.82719218
Tarifa,4,2057,-5.655556,36.083889,35.13334241,22.13349813
Tarifa,4,2058,-5.655556,36.083889,50.59102623,23.98185221
Tarifa,4,2059,-5.655556,36.083889,54.59427416,19.80013123
Tarifa,4,2060,-5.655556,36.083889,33.47332407,21.47748515
Tarifa,4,2061,-5.655556,36.083889,136.0967294,18.39075216
Tarifa,4,2062,-5.655556,36.083889,30.01956779,21.12775269
Tarifa,4,2063,-5.655556,36.083889,64.88538922,23.11969096
Tarifa,4,2064,-5.655556,36.083889,77.5519317,17.18729451
Tarifa,4,2065,-5.655556,36.083889,27.688848,20.90126444
Tarifa,4,2066,-5.655556,36.083889,68.05680791,17.25269674
Tarifa,4,2067,-5.655556,36.083889,42.31006066,19.97169902
Tarifa,4,2068,-5.655556,36.083889,71.89572297,22.9223348
Tarifa,4,2069,-5.655556,36.083889,36.79719789,21.75903219
Tarifa,4,2070,-5.655556,36.083889,40.80958627,19.42858785
Tarifa,4,2071,-5.655556,36.083889,13.18293547,24.55962931
Tarifa,4,2072,-5.655556,36.083889,89.99401272,19.79191589
Tarifa,4,2073,-5.655556,36.083889,16.14808347,21.0318339
Tarifa,4,2074,-5.655556,36.083889,44.51140806,22.12667948
Tarifa,4,2075,-5.655556,36.083889,28.88782768,23.24069926
Tarifa,4,2076,-5.655556,36.083889,21.25901373,27.31565348
Tarifa,4,2077,-5.655556,36.083889,51.924381,22.47716064
Tarifa,4,2078,-5.655556,36.083889,49.24093729,18.44144389
Tarifa,4,2079,-5.655556,36.083889,14.72400152,24.79536947
Tarifa,4,2080,-5.655556,36.083889,39.60308983,25.24144897
Tarifa,4,2081,-5.655556,36.083889,23.26408011,26.90972392
Tarifa,4,2082,-5.655556,36.083889,49.25815387,20.59119568
Tarifa,4,2083,-5.655556,36.083889,56.75471463,22.762087
Tarifa,4,2084,-5.655556,36.083889,68.93207786,20.69569092
Tarifa,4,2085,-5.655556,36.083889,14.43230611,27.62428792
Tarifa,4,2086,-5.655556,36.083889,30.60147192,21.01143087
Tarifa,4,2087,-5.655556,36.083889,37.9137732,20.03645732
Tarifa,4,2088,-5.655556,36.083889,42.6447561,22.78858846
Tarifa,4,2089,-5.655556,36.083889,53.2581244,24.99601135
Tarifa,4,2090,-5.655556,36.083889,56.5441794,24.48395487
Tarifa,4,2091,-5.655556,36.083889,74.37811879,15.99112447
Tarifa,4,2092,-5.655556,36.083889,52.26855493,22.24474589
Tarifa,4,2093,-5.655556,36.083889,43.73127126,21.67102458
Tarifa,4,2094,-5.655556,36.083889,85.59098994,21.60351563
Tarifa,4,2095,-5.655556,36.083889,62.6663415,22.5458964
Tarifa,4,2096,-5.655556,36.083889,57.27413443,22.68220317
Tarifa,4,2097,-5.655556,36.083889,21.86820321,26.37398885
Tarifa,4,2098,-5.655556,36.083889,7.246157066,23.53695475
Tarifa,4,2099,-5.655556,36.083889,19.92059818,26.52759298
Tarifa,4,2100,-5.655556,36.083889,57.6123769,22.36635437
Tarifa,5,2015,-5.655556,36.083889,58.50697235,21.60629548
Tarifa,5,2016,-5.655556,36.083889,138.3513079,19.77156982
Tarifa,5,2017,-5.655556,36.083889,27.5489445,25.47255072
Tarifa,5,2018,-5.655556,36.083889,88.62303758,21.26040433
Tarifa,5,2019,-5.655556,36.083889,36.26992025,22.27579306
Tarifa,5,2020,-5.655556,36.083889,71.88665975,20.58899989
Tarifa,5,2021,-5.655556,36.083889,42.35509003,23.43939878
Tarifa,5,2022,-5.655556,36.083889,211.8972068,17.80828838
Tarifa,5,2023,-5.655556,36.083889,117.6029296,21.98580322
Tarifa,5,2024,-5.655556,36.083889,61.38524168,24.72121779
Tarifa,5,2025,-5.655556,36.083889,35.52987472,22.07111167
Tarifa,5,2026,-5.655556,36.083889,166.5812364,19.24651981
Tarifa,5,2027,-5.655556,36.083889,69.46527846,21.37927226
Tarifa,5,2028,-5.655556,36.083889,152.8606314,21.55990679
Tarifa,5,2029,-5.655556,36.083889,43.53405474,19.47316402
Tarifa,5,2030,-5.655556,36.083889,24.01178251,26.27144874
Tarifa,5,2031,-5.655556,36.083889,123.5393762,20.48302219
Tarifa,5,2032,-5.655556,36.083889,24.25704659,22.06738163
Tarifa,5,2033,-5.655556,36.083889,45.24487711,20.57099649
Tarifa,5,2034,-5.655556,36.083889,182.3882357,18.32079172
Tarifa,5,2035,-5.655556,36.083889,69.1253913,23.58211473
Tarifa,5,2036,-5.655556,36.083889,18.87312645,23.11432456
Tarifa,5,2037,-5.655556,36.083889,100.6629358,21.16413417
Tarifa,5,2038,-5.655556,36.083889,87.05578845,16.34321033
Tarifa,5,2039,-5.655556,36.083889,71.07853764,24.63311256
Tarifa,5,2040,-5.655556,36.083889,38.08209067,22.07991254
Tarifa,5,2041,-5.655556,36.083889,154.1057515,18.23390129
Tarifa,5,2042,-5.655556,36.083889,188.6427189,21.97253989
Tarifa,5,2043,-5.655556,36.083889,150.8958159,21.68403557
Tarifa,5,2044,-5.655556,36.083889,67.46099196,22.73804676
Tarifa,5,2045,-5.655556,36.083889,150.748228,23.64582559
Tarifa,5,2046,-5.655556,36.083889,39.82846048,21.70578869
Tarifa,5,2047,-5.655556,36.083889,86.18165064,22.50242152
Tarifa,5,2048,-5.655556,36.083889,323.682587,19.73470065
Tarifa,5,2049,-5.655556,36.083889,86.35707887,24.33043134
Tarifa,5,2050,-5.655556,36.083889,43.46663676,25.44300084
Tarifa,5,2051,-5.655556,36.083889,96.07221058,22.67675466
Tarifa,5,2052,-5.655556,36.083889,85.50285693,23.31927175
Tarifa,5,2053,-5.655556,36.083889,29.8770029,28.68845766
Tarifa,5,2054,-5.655556,36.083889,98.97931267,24.15765361
Tarifa,5,2055,-5.655556,36.083889,128.1420481,23.61253682
Tarifa,5,2056,-5.655556,36.083889,70.60894838,20.49379194
Tarifa,5,2057,-5.655556,36.083889,91.80428197,21.68944997
Tarifa,5,2058,-5.655556,36.083889,123.4541159,22.23545178
Tarifa,5,2059,-5.655556,36.083889,50.15906123,26.54707957
Tarifa,5,2060,-5.655556,36.083889,84.45015819,27.35008466
Tarifa,5,2061,-5.655556,36.083889,81.14730518,21.64845995
Tarifa,5,2062,-5.655556,36.083889,186.3312341,24.90653037
Tarifa,5,2063,-5.655556,36.083889,41.47550218,22.16215643
Tarifa,5,2064,-5.655556,36.083889,42.52060308,26.76644582
Tarifa,5,2065,-5.655556,36.083889,43.72690116,26.64478504
Tarifa,5,2066,-5.655556,36.083889,109.0226421,27.27146252
Tarifa,5,2067,-5.655556,36.083889,57.87019529,23.41695655
Tarifa,5,2068,-5.655556,36.083889,55.86815514,26.13302691
Tarifa,5,2069,-5.655556,36.083889,81.8964277,19.87207996
Tarifa,5,2070,-5.655556,36.083889,62.27860299,25.51956649
Tarifa,5,2071,-5.655556,36.083889,120.3991724,25.8618861
Tarifa,5,2072,-5.655556,36.083889,46.94324153,26.27910865
Tarifa,5,2073,-5.655556,36.083889,44.76553507,28.7691609
Tarifa,5,2074,-5.655556,36.083889,64.88351439,27.24511207
Tarifa,5,2075,-5.655556,36.083889,31.6262349,25.26304754
Tarifa,5,2076,-5.655556,36.083889,109.0523111,26.45874988
Tarifa,5,2077,-5.655556,36.083889,50.59997549,27.11236946
Tarifa,5,2078,-5.655556,36.083889,41.52823286,24.33674356
Tarifa,5,2079,-5.655556,36.083889,176.6556311,23.09266101
Tarifa,5,2080,-5.655556,36.083889,70.58164034,24.9142523
Tarifa,5,2081,-5.655556,36.083889,31.32554634,30.16621625
Tarifa,5,2082,-5.655556,36.083889,58.11653704,25.64277974
Tarifa,5,2083,-5.655556,36.083889,36.89573051,28.88497314
Tarifa,5,2084,-5.655556,36.083889,174.4798067,23.03086095
Tarifa,5,2085,-5.655556,36.083889,58.21868415,27.05727933
Tarifa,5,2086,-5.655556,36.083889,24.74122791,28.07571096
Tarifa,5,2087,-5.655556,36.083889,66.48398329,22.26243326
Tarifa,5,2088,-5.655556,36.083889,130.9211258,24.41585496
Tarifa,5,2089,-5.655556,36.083889,149.8192829,23.63888432
Tarifa,5,2090,-5.655556,36.083889,35.08903591,25.64143204
Tarifa,5,2091,-5.655556,36.083889,136.180243,24.60766287
Tarifa,5,2092,-5.655556,36.083889,209.2063419,17.81710304
Tarifa,5,2093,-5.655556,36.083889,41.67396689,27.26116825
Tarifa,5,2094,-5.655556,36.083889,57.97844757,22.27936657
Tarifa,5,2095,-5.655556,36.083889,162.8841436,20.11703964
Tarifa,5,2096,-5.655556,36.083889,99.80302305,25.663955
Tarifa,5,2097,-5.655556,36.083889,90.0503468,24.89924553
Tarifa,5,2098,-5.655556,36.083889,55.19391357,29.9289283
Tarifa,5,2099,-5.655556,36.083889,62.68349494,28.27200987
Tarifa,5,2100,-5.655556,36.083889,48.72335886,24.18601626
Tarifa,6,2015,-5.655556,36.083889,65.02207562,27.36278076
Tarifa,6,2016,-5.655556,36.083889,105.7720591,22.05162048
Tarifa,6,2017,-5.655556,36.083889,52.95637463,28.18379618
Tarifa,6,2018,-5.655556,36.083889,43.99578635,24.93464152
Tarifa,6,2019,-5.655556,36.083889,93.37965096,27.26351827
Tarifa,6,2020,-5.655556,36.083889,141.4502851,27.50091044
Tarifa,6,2021,-5.655556,36.083889,81.98725118,26.01781006
Tarifa,6,2022,-5.655556,36.083889,103.270846,20.19614563
Tarifa,6,2023,-5.655556,36.083889,121.3787989,24.63379008
Tarifa,6,2024,-5.655556,36.083889,89.56628884,26.50597331
Tarifa,6,2025,-5.655556,36.083889,93.80588898,26.98196004
Tarifa,6,2026,-5.655556,36.083889,58.83480749,27.22653605
Tarifa,6,2027,-5.655556,36.083889,80.5848135,22.64336344
Tarifa,6,2028,-5.655556,36.083889,54.74103249,26.56425781
Tarifa,6,2029,-5.655556,36.083889,190.3887356,24.0565094
Tarifa,6,2030,-5.655556,36.083889,76.5893831,26.80871684
Tarifa,6,2031,-5.655556,36.083889,87.75875283,27.03983154
Tarifa,6,2032,-5.655556,36.083889,112.908465,26.19483439
Tarifa,6,2033,-5.655556,36.083889,49.4912098,27.81958313
Tarifa,6,2034,-5.655556,36.083889,49.902306,28.17304993
Tarifa,6,2035,-5.655556,36.083889,68.4432159,25.72252197
Tarifa,6,2036,-5.655556,36.083889,95.37708534,28.37675781
Tarifa,6,2037,-5.655556,36.083889,137.6256641,24.86460673
Tarifa,6,2038,-5.655556,36.083889,50.56450606,27.8595459
Tarifa,6,2039,-5.655556,36.083889,97.14923529,29.34813741
Tarifa,6,2040,-5.655556,36.083889,63.84338615,29.60387573
Tarifa,6,2041,-5.655556,36.083889,86.25601513,24.72249959
Tarifa,6,2042,-5.655556,36.083889,43.18108,27.27174072
Tarifa,6,2043,-5.655556,36.083889,79.0065604,28.05234578
Tarifa,6,2044,-5.655556,36.083889,24.46292926,28.18286438
Tarifa,6,2045,-5.655556,36.083889,113.4771025,28.19390462
Tarifa,6,2046,-5.655556,36.083889,60.07813752,28.74308065
Tarifa,6,2047,-5.655556,36.083889,68.20255923,28.39170125
Tarifa,6,2048,-5.655556,36.083889,94.64614616,22.35031738
Tarifa,6,2049,-5.655556,36.083889,103.3846409,26.76169128
Tarifa,6,2050,-5.655556,36.083889,67.81809187,29.01478475
Tarifa,6,2051,-5.655556,36.083889,102.0779762,27.1407959
Tarifa,6,2052,-5.655556,36.083889,55.84193237,25.69975891
Tarifa,6,2053,-5.655556,36.083889,273.6467403,27.82781982
Tarifa,6,2054,-5.655556,36.083889,49.70311989,27.05073242
Tarifa,6,2055,-5.655556,36.083889,81.23962428,25.67949015
Tarifa,6,2056,-5.655556,36.083889,71.73594912,28.1911733
Tarifa,6,2057,-5.655556,36.083889,62.71494995,28.4851003
Tarifa,6,2058,-5.655556,36.083889,51.84098854,27.00781657
Tarifa,6,2059,-5.655556,36.083889,154.4920027,28.35033061
Tarifa,6,2060,-5.655556,36.083889,127.7266344,27.0344635
Tarifa,6,2061,-5.655556,36.083889,39.87104474,29.68833313
Tarifa,6,2062,-5.655556,36.083889,69.73538671,23.85950623
Tarifa,6,2063,-5.655556,36.083889,53.83677731,29.14246521
Tarifa,6,2064,-5.655556,36.083889,116.5859344,29.04710592
Tarifa,6,2065,-5.655556,36.083889,51.11493377,28.57959493
Tarifa,6,2066,-5.655556,36.083889,106.1240813,27.66340027
Tarifa,6,2067,-5.655556,36.083889,108.498729,26.09935099
Tarifa,6,2068,-5.655556,36.083889,205.36812,28.80492655
Tarifa,6,2069,-5.655556,36.083889,119.0087315,26.24837138
Tarifa,6,2070,-5.655556,36.083889,64.99962891,29.55285034
Tarifa,6,2071,-5.655556,36.083889,59.59139343,28.58878886
Tarifa,6,2072,-5.655556,36.083889,118.0505916,28.56635335
Tarifa,6,2073,-5.655556,36.083889,213.5656878,28.00326233
Tarifa,6,2074,-5.655556,36.083889,263.5225136,25.44019979
Tarifa,6,2075,-5.655556,36.083889,128.0955849,29.34224243
Tarifa,6,2076,-5.655556,36.083889,164.681577,28.2864329
Tarifa,6,2077,-5.655556,36.083889,105.7536216,30.00775757
Tarifa,6,2078,-5.655556,36.083889,87.22604917,28.55781453
Tarifa,6,2079,-5.655556,36.083889,107.1500672,29.15690308
Tarifa,6,2080,-5.655556,36.083889,71.20039291,28.8391805
Tarifa,6,2081,-5.655556,36.083889,121.8464228,29.2784963
Tarifa,6,2082,-5.655556,36.083889,83.82742524,28.88287354
Tarifa,6,2083,-5.655556,36.083889,46.43140206,30.46647441
Tarifa,6,2084,-5.655556,36.083889,108.7623716,27.75553894
Tarifa,6,2085,-5.655556,36.083889,61.08409855,31.73824565
Tarifa,6,2086,-5.655556,36.083889,120.4340199,26.52363688
Tarifa,6,2087,-5.655556,36.083889,129.0581286,30.18581136
Tarifa,6,2088,-5.655556,36.083889,106.1529854,26.95941772
Tarifa,6,2089,-5.655556,36.083889,70.64678834,28.30250956
Tarifa,6,2090,-5.655556,36.083889,135.8446835,27.33485819
Tarifa,6,2091,-5.655556,36.083889,84.70816733,31.70746257
Tarifa,6,2092,-5.655556,36.083889,99.13115991,28.89022522
Tarifa,6,2093,-5.655556,36.083889,266.0208297,27.43182475
Tarifa,6,2094,-5.655556,36.083889,64.5652692,32.04562378
Tarifa,6,2095,-5.655556,36.083889,47.86248485,29.12627563
Tarifa,6,2096,-5.655556,36.083889,100.3021906,29.72119751
Tarifa,6,2097,-5.655556,36.083889,125.3675727,30.97142639
Tarifa,6,2098,-5.655556,36.083889,186.3437394,29.10294698
Tarifa,6,2099,-5.655556,36.083889,194.7813587,27.31389567
Tarifa,6,2100,-5.655556,36.083889,73.06521979,32.16689758
Tarifa,7,2015,-5.655556,36.083889,45.05125663,32.24889329
Tarifa,7,2016,-5.655556,36.083889,122.1238722,28.84056515
Tarifa,7,2017,-5.655556,36.083889,49.41304877,31.69620027
Tarifa,7,2018,-5.655556,36.083889,103.535482,30.40673316
Tarifa,7,2019,-5.655556,36.083889,55.73107892,30.89425935
Tarifa,7,2020,-5.655556,36.083889,86.76051974,29.89248145
Tarifa,7,2021,-5.655556,36.083889,113.4036428,31.37604823
Tarifa,7,2022,-5.655556,36.083889,49.93437064,31.26061992
Tarifa,7,2023,-5.655556,36.083889,109.7349308,27.69992144
Tarifa,7,2024,-5.655556,36.083889,79.44941846,32.91988132
Tarifa,7,2025,-5.655556,36.083889,102.2722371,31.76628044
Tarifa,7,2026,-5.655556,36.083889,75.76580291,32.74622645
Tarifa,7,2027,-5.655556,36.083889,52.19703916,31.82512424
Tarifa,7,2028,-5.655556,36.083889,111.7422239,31.39293233
Tarifa,7,2029,-5.655556,36.083889,59.79149348,29.90450439
Tarifa,7,2030,-5.655556,36.083889,65.36251554,34.00753961
Tarifa,7,2031,-5.655556,36.083889,116.4973814,32.28933598
Tarifa,7,2032,-5.655556,36.083889,55.15913379,29.84560055
Tarifa,7,2033,-5.655556,36.083889,41.07522805,31.86024603
Tarifa,7,2034,-5.655556,36.083889,103.4365099,29.95746224
Tarifa,7,2035,-5.655556,36.083889,147.2266471,30.48364632
Tarifa,7,2036,-5.655556,36.083889,56.24751431,32.27286731
Tarifa,7,2037,-5.655556,36.083889,69.34635807,31.55461544
Tarifa,7,2038,-5.655556,36.083889,51.72497496,32.76675297
Tarifa,7,2039,-5.655556,36.083889,73.2819168,33.41194675
Tarifa,7,2040,-5.655556,36.083889,120.0973992,29.32339852
Tarifa,7,2041,-5.655556,36.083889,58.49894244,30.62692044
Tarifa,7,2042,-5.655556,36.083889,46.2241658,33.4123543
Tarifa,7,2043,-5.655556,36.083889,89.82254262,33.13799537
Tarifa,7,2044,-5.655556,36.083889,50.79247153,31.83885026
Tarifa,7,2045,-5.655556,36.083889,75.24543398,32.27850125
Tarifa,7,2046,-5.655556,36.083889,45.6709581,31.77167713
Tarifa,7,2047,-5.655556,36.083889,64.86022873,32.52726775
Tarifa,7,2048,-5.655556,36.083889,38.81596466,30.95882667
Tarifa,7,2049,-5.655556,36.083889,130.7178477,30.89594175
Tarifa,7,2050,-5.655556,36.083889,91.11240421,31.30678514
Tarifa,7,2051,-5.655556,36.083889,87.38170513,32.79405636
Tarifa,7,2052,-5.655556,36.083889,58.1318449,33.53016594
Tarifa,7,2053,-5.655556,36.083889,106.9058542,29.75373082
Tarifa,7,2054,-5.655556,36.083889,96.24947358,33.35820037
Tarifa,7,2055,-5.655556,36.083889,37.32546073,32.67414492
Tarifa,7,2056,-5.655556,36.083889,63.73396168,33.57778616
Tarifa,7,2057,-5.655556,36.083889,50.34589323,33.63474574
Tarifa,7,2058,-5.655556,36.083889,50.51577399,34.03094955
Tarifa,7,2059,-5.655556,36.083889,56.53100131,32.87664283
Tarifa,7,2060,-5.655556,36.083889,68.41922771,32.83615191
Tarifa,7,2061,-5.655556,36.083889,74.86542071,33.37883222
Tarifa,7,2062,-5.655556,36.083889,88.28173686,32.45699857
Tarifa,7,2063,-5.655556,36.083889,87.00836107,34.3799279
Tarifa,7,2064,-5.655556,36.083889,83.99385291,34.67037944
Tarifa,7,2065,-5.655556,36.083889,127.4310797,32.39025859
Tarifa,7,2066,-5.655556,36.083889,48.86908607,33.12091537
Tarifa,7,2067,-5.655556,36.083889,89.00362207,32.22923899
Tarifa,7,2068,-5.655556,36.083889,49.54871564,34.00135833
Tarifa,7,2069,-5.655556,36.083889,64.76144322,33.60570679
Tarifa,7,2070,-5.655556,36.083889,67.23807051,33.08290917
Tarifa,7,2071,-5.655556,36.083889,70.24851451,34.21290126
Tarifa,7,2072,-5.655556,36.083889,48.5166911,33.75860281
Tarifa,7,2073,-5.655556,36.083889,76.86792744,33.87937858
Tarifa,7,2074,-5.655556,36.083889,61.29141393,31.50432838
Tarifa,7,2075,-5.655556,36.083889,89.54732181,32.4493613
Tarifa,7,2076,-5.655556,36.083889,35.3418931,34.74258502
Tarifa,7,2077,-5.655556,36.083889,48.01197496,35.22108883
Tarifa,7,2078,-5.655556,36.083889,93.60284125,33.62515042
Tarifa,7,2079,-5.655556,36.083889,74.0447155,34.70167473
Tarifa,7,2080,-5.655556,36.083889,81.44629253,34.29445407
Tarifa,7,2081,-5.655556,36.083889,62.38942104,33.54752945
Tarifa,7,2082,-5.655556,36.083889,79.0525583,32.49800533
Tarifa,7,2083,-5.655556,36.083889,57.43091232,35.10670993
Tarifa,7,2084,-5.655556,36.083889,100.8402605,33.04505458
Tarifa,7,2085,-5.655556,36.083889,65.89528028,36.16141909
Tarifa,7,2086,-5.655556,36.083889,79.0368894,34.40197242
Tarifa,7,2087,-5.655556,36.083889,39.43693824,33.91791835
Tarifa,7,2088,-5.655556,36.083889,96.65361648,31.31712765
Tarifa,7,2089,-5.655556,36.083889,62.0676125,35.91138069
Tarifa,7,2090,-5.655556,36.083889,95.90241479,34.4616018
Tarifa,7,2091,-5.655556,36.083889,25.60456151,36.44315442
Tarifa,7,2092,-5.655556,36.083889,103.3447833,33.41029683
Tarifa,7,2093,-5.655556,36.083889,136.9004218,31.233983
Tarifa,7,2094,-5.655556,36.083889,60.79304474,36.96313358
Tarifa,7,2095,-5.655556,36.083889,79.2626778,33.7483804
Tarifa,7,2096,-5.655556,36.083889,69.09825179,35.80905033
Tarifa,7,2097,-5.655556,36.083889,100.525059,33.58147091
Tarifa,7,2098,-5.655556,36.083889,127.496706,30.93401686
Tarifa,7,2099,-5.655556,36.083889,77.1847597,35.79147418
Tarifa,7,2100,-5.655556,36.083889,88.08131381,35.38181901
Tarifa,8,2015,-5.655556,36.083889,41.83775883,30.42531935
Tarifa,8,2016,-5.655556,36.083889,43.15745927,30.04665429
Tarifa,8,2017,-5.655556,36.083889,32.5334791,31.87476452
Tarifa,8,2018,-5.655556,36.083889,67.08083916,31.69016468
Tarifa,8,2019,-5.655556,36.083889,67.31387255,30.3365447
Tarifa,8,2020,-5.655556,36.083889,41.67990327,31.60875658
Tarifa,8,2021,-5.655556,36.083889,54.85988321,30.75645673
Tarifa,8,2022,-5.655556,36.083889,50.93612633,30.93096313
Tarifa,8,2023,-5.655556,36.083889,60.06139751,30.35454909
Tarifa,8,2024,-5.655556,36.083889,47.5099074,33.12743235
Tarifa,8,2025,-5.655556,36.083889,88.67588941,30.3895813
Tarifa,8,2026,-5.655556,36.083889,38.85043337,32.6278153
Tarifa,8,2027,-5.655556,36.083889,70.090482,32.66594061
Tarifa,8,2028,-5.655556,36.083889,74.07159625,30.49609355
Tarifa,8,2029,-5.655556,36.083889,80.4832178,31.30037251
Tarifa,8,2030,-5.655556,36.083889,67.02552881,31.83528561
Tarifa,8,2031,-5.655556,36.083889,88.34221825,28.6742158
Tarifa,8,2032,-5.655556,36.083889,40.12444676,32.48714107
Tarifa,8,2033,-5.655556,36.083889,97.81274705,30.58490463
Tarifa,8,2034,-5.655556,36.083889,70.11057266,31.4061612
Tarifa,8,2035,-5.655556,36.083889,58.17633891,31.69618452
Tarifa,8,2036,-5.655556,36.083889,48.8816005,32.52635321
Tarifa,8,2037,-5.655556,36.083889,39.67178683,32.73738226
Tarifa,8,2038,-5.655556,36.083889,49.94267092,33.09458461
Tarifa,8,2039,-5.655556,36.083889,41.86560986,31.9245131
Tarifa,8,2040,-5.655556,36.083889,67.55184636,31.9629997
Tarifa,8,2041,-5.655556,36.083889,28.51184681,33.61399969
Tarifa,8,2042,-5.655556,36.083889,58.58868474,33.63839407
Tarifa,8,2043,-5.655556,36.083889,56.83644557,31.61947809
Tarifa,8,2044,-5.655556,36.083889,47.492446,32.87984718
Tarifa,8,2045,-5.655556,36.083889,46.22624309,32.66620838
Tarifa,8,2046,-5.655556,36.083889,26.99867517,33.21715403
Tarifa,8,2047,-5.655556,36.083889,67.51419858,31.80500429
Tarifa,8,2048,-5.655556,36.083889,84.60786047,31.86166756
Tarifa,8,2049,-5.655556,36.083889,55.38199514,32.41987147
Tarifa,8,2050,-5.655556,36.083889,95.59774243,32.21661456
Tarifa,8,2051,-5.655556,36.083889,46.77420641,33.17098881
Tarifa,8,2052,-5.655556,36.083889,43.92399407,32.86053349
Tarifa,8,2053,-5.655556,36.083889,48.88072948,32.22267082
Tarifa,8,2054,-5.655556,36.083889,80.20073315,32.14980173
Tarifa,8,2055,-5.655556,36.083889,59.4642471,31.9536121
Tarifa,8,2056,-5.655556,36.083889,58.51092597,34.00658865
Tarifa,8,2057,-5.655556,36.083889,17.74451209,34.36640172
Tarifa,8,2058,-5.655556,36.083889,63.93054022,32.86830267
Tarifa,8,2059,-5.655556,36.083889,75.20948748,33.87467297
Tarifa,8,2060,-5.655556,36.083889,48.2037532,33.58932475
Tarifa,8,2061,-5.655556,36.083889,37.9945297,32.10443292
Tarifa,8,2062,-5.655556,36.083889,55.1195098,34.78773331
Tarifa,8,2063,-5.655556,36.083889,69.29281219,32.78969431
Tarifa,8,2064,-5.655556,36.083889,79.63222459,32.91057838
Tarifa,8,2065,-5.655556,36.083889,61.5613396,32.85134376
Tarifa,8,2066,-5.655556,36.083889,46.96562246,34.30104685
Tarifa,8,2067,-5.655556,36.083889,77.55575678,32.78130395
Tarifa,8,2068,-5.655556,36.083889,42.29738009,33.68924029
Tarifa,8,2069,-5.655556,36.083889,71.96428118,34.24438162
Tarifa,8,2070,-5.655556,36.083889,49.9813137,34.47143043
Tarifa,8,2071,-5.655556,36.083889,146.9417798,29.79671729
Tarifa,8,2072,-5.655556,36.083889,76.71849374,32.84513589
Tarifa,8,2073,-5.655556,36.083889,55.83753043,35.21116865
Tarifa,8,2074,-5.655556,36.083889,97.5572221,31.79540307
Tarifa,8,2075,-5.655556,36.083889,76.82644108,33.7621773
Tarifa,8,2076,-5.655556,36.083889,112.1648753,31.60353905
Tarifa,8,2077,-5.655556,36.083889,37.60499609,34.80974141
Tarifa,8,2078,-5.655556,36.083889,34.98501832,36.6941172
Tarifa,8,2079,-5.655556,36.083889,73.18329396,34.03778056
Tarifa,8,2080,-5.655556,36.083889,24.36080073,35.93812492
Tarifa,8,2081,-5.655556,36.083889,61.62762036,35.28378375
Tarifa,8,2082,-5.655556,36.083889,112.5383305,34.39099692
Tarifa,8,2083,-5.655556,36.083889,77.81891172,35.78446301
Tarifa,8,2084,-5.655556,36.083889,52.62291668,34.39266456
Tarifa,8,2085,-5.655556,36.083889,23.46520127,34.81469707
Tarifa,8,2086,-5.655556,36.083889,57.83993446,34.05648095
Tarifa,8,2087,-5.655556,36.083889,62.65617859,34.47687043
Tarifa,8,2088,-5.655556,36.083889,57.64871242,34.10197478
Tarifa,8,2089,-5.655556,36.083889,21.81429013,35.2609625
Tarifa,8,2090,-5.655556,36.083889,67.70219042,34.95781368
Tarifa,8,2091,-5.655556,36.083889,39.88023855,37.03101649
Tarifa,8,2092,-5.655556,36.083889,63.1659767,35.72166276
Tarifa,8,2093,-5.655556,36.083889,70.22717558,33.9651379
Tarifa,8,2094,-5.655556,36.083889,32.60826814,37.79903761
Tarifa,8,2095,-5.655556,36.083889,70.97092704,34.49394354
Tarifa,8,2096,-5.655556,36.083889,47.94325884,36.58296332
Tarifa,8,2097,-5.655556,36.083889,68.89456809,35.74818745
Tarifa,8,2098,-5.655556,36.083889,19.31008772,34.46412393
Tarifa,8,2099,-5.655556,36.083889,93.07765193,31.97825751
Tarifa,8,2100,-5.655556,36.083889,41.48693801,36.60812752
Tarifa,9,2015,-5.655556,36.083889,101.6221289,26.65684611
Tarifa,9,2016,-5.655556,36.083889,101.5264416,25.19356079
Tarifa,9,2017,-5.655556,36.083889,61.19479391,28.7271108
Tarifa,9,2018,-5.655556,36.083889,76.41637476,24.88515727
Tarifa,9,2019,-5.655556,36.083889,59.47277451,27.99203796
Tarifa,9,2020,-5.655556,36.083889,72.98402464,26.14356893
Tarifa,9,2021,-5.655556,36.083889,55.60491611,25.21778768
Tarifa,9,2022,-5.655556,36.083889,120.6651472,25.70561523
Tarifa,9,2023,-5.655556,36.083889,53.89875519,26.86835531
Tarifa,9,2024,-5.655556,36.083889,99.81015346,25.71776428
Tarifa,9,2025,-5.655556,36.083889,103.7925949,23.91383565
Tarifa,9,2026,-5.655556,36.083889,88.07208951,25.6744161
Tarifa,9,2027,-5.655556,36.083889,32.26833542,26.74070129
Tarifa,9,2028,-5.655556,36.083889,71.0164338,26.83994242
Tarifa,9,2029,-5.655556,36.083889,57.42919552,26.35091451
Tarifa,9,2030,-5.655556,36.083889,117.4977813,26.55979614
Tarifa,9,2031,-5.655556,36.083889,51.95467575,26.08223368
Tarifa,9,2032,-5.655556,36.083889,85.12267597,26.11966654
Tarifa,9,2033,-5.655556,36.083889,128.2537336,24.10019938
Tarifa,9,2034,-5.655556,36.083889,67.21217132,25.83168742
Tarifa,9,2035,-5.655556,36.083889,42.1760342,27.00574341
Tarifa,9,2036,-5.655556,36.083889,108.5968854,24.40023397
Tarifa,9,2037,-5.655556,36.083889,36.51960796,28.3229421
Tarifa,9,2038,-5.655556,36.083889,78.65850171,25.96999003
Tarifa,9,2039,-5.655556,36.083889,67.87967742,26.90432027
Tarifa,9,2040,-5.655556,36.083889,67.40876886,25.45624084
Tarifa,9,2041,-5.655556,36.083889,72.63093528,27.72121175
Tarifa,9,2042,-5.655556,36.083889,117.7971147,25.73380839
Tarifa,9,2043,-5.655556,36.083889,82.10174254,25.69419556
Tarifa,9,2044,-5.655556,36.083889,47.11802663,29.28228556
Tarifa,9,2045,-5.655556,36.083889,52.19943061,26.68302104
Tarifa,9,2046,-5.655556,36.083889,48.01786855,28.64653625
Tarifa,9,2047,-5.655556,36.083889,168.1690489,24.94240723
Tarifa,9,2048,-5.655556,36.083889,53.00510316,27.28094889
Tarifa,9,2049,-5.655556,36.083889,89.11020615,26.37019043
Tarifa,9,2050,-5.655556,36.083889,98.041837,26.22377218
Tarifa,9,2051,-5.655556,36.083889,52.63869645,27.66639201
Tarifa,9,2052,-5.655556,36.083889,73.36385971,28.29583537
Tarifa,9,2053,-5.655556,36.083889,123.6422807,26.8329539
Tarifa,9,2054,-5.655556,36.083889,71.63740398,28.92102661
Tarifa,9,2055,-5.655556,36.083889,81.01839283,26.84522909
Tarifa,9,2056,-5.655556,36.083889,49.15041395,27.4591746
Tarifa,9,2057,-5.655556,36.083889,45.93323179,28.9748057
Tarifa,9,2058,-5.655556,36.083889,82.11306749,26.09436239
Tarifa,9,2059,-5.655556,36.083889,62.22505912,29.27229513
Tarifa,9,2060,-5.655556,36.083889,166.7433698,24.83260295
Tarifa,9,2061,-5.655556,36.083889,103.7542049,28.3188385
Tarifa,9,2062,-5.655556,36.083889,102.5338323,29.48455607
Tarifa,9,2063,-5.655556,36.083889,47.36068349,28.07701721
Tarifa,9,2064,-5.655556,36.083889,46.33463034,27.6907725
Tarifa,9,2065,-5.655556,36.083889,67.64405503,29.28123169
Tarifa,9,2066,-5.655556,36.083889,69.97399406,29.47034505
Tarifa,9,2067,-5.655556,36.083889,113.0937652,26.75270589
Tarifa,9,2068,-5.655556,36.083889,36.30801067,28.56176554
Tarifa,9,2069,-5.655556,36.083889,72.02034124,28.3122996
Tarifa,9,2070,-5.655556,36.083889,69.84009782,28.92534078
Tarifa,9,2071,-5.655556,36.083889,58.27475327,29.99298197
Tarifa,9,2072,-5.655556,36.083889,39.63696374,28.46964722
Tarifa,9,2073,-5.655556,36.083889,55.96279252,29.71316325
Tarifa,9,2074,-5.655556,36.083889,164.9976925,26.80036723
Tarifa,9,2075,-5.655556,36.083889,111.2992217,28.88324585
Tarifa,9,2076,-5.655556,36.083889,108.3275639,26.29450989
Tarifa,9,2077,-5.655556,36.083889,187.0522807,23.95023499
Tarifa,9,2078,-5.655556,36.083889,37.40463215,32.06572266
Tarifa,9,2079,-5.655556,36.083889,63.77799911,28.7604126
Tarifa,9,2080,-5.655556,36.083889,47.45616018,30.32178446
Tarifa,9,2081,-5.655556,36.083889,127.0703366,26.30270793
Tarifa,9,2082,-5.655556,36.083889,68.67423841,29.0265981
Tarifa,9,2083,-5.655556,36.083889,109.5465795,30.44188639
Tarifa,9,2084,-5.655556,36.083889,47.65065827,29.01198425
Tarifa,9,2085,-5.655556,36.083889,46.5481941,29.59851786
Tarifa,9,2086,-5.655556,36.083889,72.60470912,29.87734172
Tarifa,9,2087,-5.655556,36.083889,67.74014072,30.61467997
Tarifa,9,2088,-5.655556,36.083889,36.12057016,29.26948954
Tarifa,9,2089,-5.655556,36.083889,42.96160661,31.1569519
Tarifa,9,2090,-5.655556,36.083889,38.7324951,29.89252726
Tarifa,9,2091,-5.655556,36.083889,17.75889001,31.22068176
Tarifa,9,2092,-5.655556,36.083889,57.09618191,29.08295797
Tarifa,9,2093,-5.655556,36.083889,27.68452271,29.10314331
Tarifa,9,2094,-5.655556,36.083889,77.91010242,31.40940145
Tarifa,9,2095,-5.655556,36.083889,44.66274356,30.1498291
Tarifa,9,2096,-5.655556,36.083889,101.6065497,29.14754232
Tarifa,9,2097,-5.655556,36.083889,54.61990181,30.45243123
Tarifa,9,2098,-5.655556,36.083889,158.7749492,28.86553548
Tarifa,9,2099,-5.655556,36.083889,197.7296789,27.07234904
Tarifa,9,2100,-5.655556,36.083889,28.62930108,30.10253194
TarifaY2,1,2015,-5.656944,36.081111,6.164272203,10.9335335
TarifaY2,1,2016,-5.656944,36.081111,65.3406584,10.33381092
TarifaY2,1,2017,-5.656944,36.081111,13.37374009,14.78664354
TarifaY2,1,2018,-5.656944,36.081111,31.78027838,11.07513605
TarifaY2,1,2019,-5.656944,36.081111,13.45057078,12.99073624
TarifaY2,1,2020,-5.656944,36.081111,17.4865033,12.13729346
TarifaY2,1,2021,-5.656944,36.081111,9.886489123,12.41431727
TarifaY2,1,2022,-5.656944,36.081111,124.2723979,9.321541866
TarifaY2,1,2023,-5.656944,36.081111,5.870315523,13.61226807
TarifaY2,1,2024,-5.656944,36.081111,9.849419874,14.89918252
TarifaY2,1,2025,-5.656944,36.081111,92.00610493,10.03883588
TarifaY2,1,2026,-5.656944,36.081111,34.64407833,11.28764077
TarifaY2,1,2027,-5.656944,36.081111,45.64543805,13.12379387
TarifaY2,1,2028,-5.656944,36.081111,45.54854043,10.25912357
TarifaY2,1,2029,-5.656944,36.081111,17.91194555,12.75790779
TarifaY2,1,2030,-5.656944,36.081111,2.008728138,13.33031321
TarifaY2,1,2031,-5.656944,36.081111,36.23691975,13.42561764
TarifaY2,1,2032,-5.656944,36.081111,77.56464638,12.24502839
TarifaY2,1,2033,-5.656944,36.081111,36.81369627,9.680592986
TarifaY2,1,2034,-5.656944,36.081111,57.32517534,9.629608942
TarifaY2,1,2035,-5.656944,36.081111,21.9303979,13.93768488
TarifaY2,1,2036,-5.656944,36.081111,23.70633918,14.19972652
TarifaY2,1,2037,-5.656944,36.081111,18.35427051,11.43146815
TarifaY2,1,2038,-5.656944,36.081111,77.83028889,11.04053699
TarifaY2,1,2039,-5.656944,36.081111,40.06265691,11.72582791
TarifaY2,1,2040,-5.656944,36.081111,11.54531058,11.85500488
TarifaY2,1,2041,-5.656944,36.081111,69.64765452,12.19207646
TarifaY2,1,2042,-5.656944,36.081111,18.2988662,13.22914744
TarifaY2,1,2043,-5.656944,36.081111,31.04636719,13.86302018
TarifaY2,1,2044,-5.656944,36.081111,81.51727817,11.60786271
TarifaY2,1,2045,-5.656944,36.081111,2.622030871,15.95038413
TarifaY2,1,2046,-5.656944,36.081111,24.02399939,11.24613293
TarifaY2,1,2047,-5.656944,36.081111,5.104409073,15.06168863
TarifaY2,1,2048,-5.656944,36.081111,8.804350889,12.75469754
TarifaY2,1,2049,-5.656944,36.081111,18.10300565,13.31274887
TarifaY2,1,2050,-5.656944,36.081111,10.76686255,12.76338127
TarifaY2,1,2051,-5.656944,36.081111,44.78609927,12.08723184
TarifaY2,1,2052,-5.656944,36.081111,1.984603559,16.51689177
TarifaY2,1,2053,-5.656944,36.081111,23.20290226,13.62728075
TarifaY2,1,2054,-5.656944,36.081111,76.52944398,9.951716072
TarifaY2,1,2055,-5.656944,36.081111,10.70138752,15.01902604
TarifaY2,1,2056,-5.656944,36.081111,17.21351803,12.07415949
TarifaY2,1,2057,-5.656944,36.081111,24.87427286,14.66342833
TarifaY2,1,2058,-5.656944,36.081111,15.36901838,14.24498901
TarifaY2,1,2059,-5.656944,36.081111,59.55285851,13.03767326
TarifaY2,1,2060,-5.656944,36.081111,7.993221626,13.14951329
TarifaY2,1,2061,-5.656944,36.081111,2.024765534,14.76355551
TarifaY2,1,2062,-5.656944,36.081111,16.0065717,12.93030947
TarifaY2,1,2063,-5.656944,36.081111,40.02079101,12.27999268
TarifaY2,1,2064,-5.656944,36.081111,65.11164229,13.6206289
TarifaY2,1,2065,-5.656944,36.081111,52.37024159,11.44432393
TarifaY2,1,2066,-5.656944,36.081111,17.44505193,13.03072214
TarifaY2,1,2067,-5.656944,36.081111,3.237635824,15.36011215
TarifaY2,1,2068,-5.656944,36.081111,77.62868104,11.45949215
TarifaY2,1,2069,-5.656944,36.081111,15.86963537,15.48670989
TarifaY2,1,2070,-5.656944,36.081111,63.31425713,13.48306255
TarifaY2,1,2071,-5.656944,36.081111,37.95385248,13.74463363
TarifaY2,1,2072,-5.656944,36.081111,22.42006773,12.4079519
TarifaY2,1,2073,-5.656944,36.081111,46.0916096,13.39485592
TarifaY2,1,2074,-5.656944,36.081111,22.89132052,15.38897784
TarifaY2,1,2075,-5.656944,36.081111,35.14946283,13.19654876
TarifaY2,1,2076,-5.656944,36.081111,15.15468484,12.2546306
TarifaY2,1,2077,-5.656944,36.081111,6.735347425,15.50169697
TarifaY2,1,2078,-5.656944,36.081111,20.32581426,11.58927061
TarifaY2,1,2079,-5.656944,36.081111,7.16014857,15.81360631
TarifaY2,1,2080,-5.656944,36.081111,63.30749572,11.189069
TarifaY2,1,2081,-5.656944,36.081111,7.353081292,14.86522729
TarifaY2,1,2082,-5.656944,36.081111,8.787698747,14.12657294
TarifaY2,1,2083,-5.656944,36.081111,2.232564753,15.67043457
TarifaY2,1,2084,-5.656944,36.081111,11.77702601,15.8545166
TarifaY2,1,2085,-5.656944,36.081111,36.46901843,16.74167638
TarifaY2,1,2086,-5.656944,36.081111,73.70955688,14.44601519
TarifaY2,1,2087,-5.656944,36.081111,51.78583458,13.74438851
TarifaY2,1,2088,-5.656944,36.081111,6.164577055,15.39072817
TarifaY2,1,2089,-5.656944,36.081111,8.267244655,14.68629387
TarifaY2,1,2090,-5.656944,36.081111,22.54915663,14.67691217
TarifaY2,1,2091,-5.656944,36.081111,17.07719513,15.63485009
TarifaY2,1,2092,-5.656944,36.081111,13.25995477,15.7911375
TarifaY2,1,2093,-5.656944,36.081111,6.389007783,14.60252508
TarifaY2,1,2094,-5.656944,36.081111,124.9355616,13.47372318
TarifaY2,1,2095,-5.656944,36.081111,20.14817119,14.23527064
TarifaY2,1,2096,-5.656944,36.081111,11.18055227,13.23789909
TarifaY2,1,2097,-5.656944,36.081111,14.97312233,14.47004139
TarifaY2,1,2098,-5.656944,36.081111,2.158287935,18.60824565
TarifaY2,1,2099,-5.656944,36.081111,34.70589981,13.7124622
TarifaY2,1,2100,-5.656944,36.081111,10.28052693,16.35295824
TarifaY2,10,2015,-5.656944,36.081111,83.75183137,20.59304396
TarifaY2,10,2016,-5.656944,36.081111,42.32269931,19.79761707
TarifaY2,10,2017,-5.656944,36.081111,50.80549132,19.10287653
TarifaY2,10,2018,-5.656944,36.081111,72.08835365,19.69344679
TarifaY2,10,2019,-5.656944,36.081111,63.99326741,22.0658272
TarifaY2,10,2020,-5.656944,36.081111,76.22714293,17.59039681
TarifaY2,10,2021,-5.656944,36.081111,84.26535463,19.18958287
TarifaY2,10,2022,-5.656944,36.081111,271.0707922,16.77562571
TarifaY2,10,2023,-5.656944,36.081111,29.02560689,22.95855299
TarifaY2,10,2024,-5.656944,36.081111,153.5327856,17.10531203
TarifaY2,10,2025,-5.656944,36.081111,181.4963282,16.37296989
TarifaY2,10,2026,-5.656944,36.081111,75.89221561,18.36489455
TarifaY2,10,2027,-5.656944,36.081111,67.51849624,22.26541413
TarifaY2,10,2028,-5.656944,36.081111,79.69104213,20.14873165
TarifaY2,10,2029,-5.656944,36.081111,27.96333132,18.87397205
TarifaY2,10,2030,-5.656944,36.081111,57.1727113,19.93108225
TarifaY2,10,2031,-5.656944,36.081111,226.5560305,17.32243672
TarifaY2,10,2032,-5.656944,36.081111,90.35120542,19.37857824
TarifaY2,10,2033,-5.656944,36.081111,117.932246,20.60440634
TarifaY2,10,2034,-5.656944,36.081111,57.44356456,21.55007423
TarifaY2,10,2035,-5.656944,36.081111,82.7089785,18.96875374
TarifaY2,10,2036,-5.656944,36.081111,96.38958744,17.57748886
TarifaY2,10,2037,-5.656944,36.081111,44.39409119,18.26578034
TarifaY2,10,2038,-5.656944,36.081111,24.31632435,22.46077684
TarifaY2,10,2039,-5.656944,36.081111,54.9949976,20.12656604
TarifaY2,10,2040,-5.656944,36.081111,222.5232823,18.19697108
TarifaY2,10,2041,-5.656944,36.081111,113.9548012,18.72797497
TarifaY2,10,2042,-5.656944,36.081111,32.75408441,21.09203983
TarifaY2,10,2043,-5.656944,36.081111,63.42414523,18.57658022
TarifaY2,10,2044,-5.656944,36.081111,92.58709217,21.12574994
TarifaY2,10,2045,-5.656944,36.081111,87.98216598,19.10464852
TarifaY2,10,2046,-5.656944,36.081111,150.3216548,20.45777824
TarifaY2,10,2047,-5.656944,36.081111,48.15724054,21.06614222
TarifaY2,10,2048,-5.656944,36.081111,73.23235294,19.50155029
TarifaY2,10,2049,-5.656944,36.081111,102.1181569,22.16889491
TarifaY2,10,2050,-5.656944,36.081111,58.93468343,23.0071675
TarifaY2,10,2051,-5.656944,36.081111,36.55448393,22.24452633
TarifaY2,10,2052,-5.656944,36.081111,64.87815111,21.17475232
TarifaY2,10,2053,-5.656944,36.081111,29.24950763,22.19689528
TarifaY2,10,2054,-5.656944,36.081111,43.10920447,21.21254784
TarifaY2,10,2055,-5.656944,36.081111,136.4933427,17.1575089
TarifaY2,10,2056,-5.656944,36.081111,39.35813754,20.81880513
TarifaY2,10,2057,-5.656944,36.081111,97.6780268,20.10714407
TarifaY2,10,2058,-5.656944,36.081111,120.0989036,21.15906037
TarifaY2,10,2059,-5.656944,36.081111,82.08935343,22.44918016
TarifaY2,10,2060,-5.656944,36.081111,42.3775345,18.66959091
TarifaY2,10,2061,-5.656944,36.081111,146.894599,20.63605307
TarifaY2,10,2062,-5.656944,36.081111,23.61989436,20.99565056
TarifaY2,10,2063,-5.656944,36.081111,56.48063809,22.1272837
TarifaY2,10,2064,-5.656944,36.081111,86.36480019,22.45349003
TarifaY2,10,2065,-5.656944,36.081111,60.48267111,22.9869373
TarifaY2,10,2066,-5.656944,36.081111,63.7795417,22.0265058
TarifaY2,10,2067,-5.656944,36.081111,76.99542938,21.18954054
TarifaY2,10,2068,-5.656944,36.081111,71.79970251,19.56061165
TarifaY2,10,2069,-5.656944,36.081111,135.0725308,21.8381641
TarifaY2,10,2070,-5.656944,36.081111,93.69635287,22.35429215
TarifaY2,10,2071,-5.656944,36.081111,72.68608809,24.22063697
TarifaY2,10,2072,-5.656944,36.081111,61.71964553,23.34059763
TarifaY2,10,2073,-5.656944,36.081111,117.1562097,21.00371901
TarifaY2,10,2074,-5.656944,36.081111,175.1417948,17.64751095
TarifaY2,10,2075,-5.656944,36.081111,18.5307886,24.80715332
TarifaY2,10,2076,-5.656944,36.081111,53.41423317,22.50002835
TarifaY2,10,2077,-5.656944,36.081111,60.66151459,20.23461501
TarifaY2,10,2078,-5.656944,36.081111,43.26428627,25.70672391
TarifaY2,10,2079,-5.656944,36.081111,94.71270401,19.84769642
TarifaY2,10,2080,-5.656944,36.081111,35.49856486,25.66075262
TarifaY2,10,2081,-5.656944,36.081111,13.52149116,24.32885033
TarifaY2,10,2082,-5.656944,36.081111,42.77833236,25.50492199
TarifaY2,10,2083,-5.656944,36.081111,160.0228045,18.85384128
TarifaY2,10,2084,-5.656944,36.081111,42.5780389,24.36271205
TarifaY2,10,2085,-5.656944,36.081111,63.96645549,24.36511506
TarifaY2,10,2086,-5.656944,36.081111,85.49713603,25.3293081
TarifaY2,10,2087,-5.656944,36.081111,90.76510242,23.97567237
TarifaY2,10,2088,-5.656944,36.081111,134.3454887,24.70948821
TarifaY2,10,2089,-5.656944,36.081111,20.90978696,26.15673316
TarifaY2,10,2090,-5.656944,36.081111,118.8311172,22.14233477
TarifaY2,10,2091,-5.656944,36.081111,66.82066946,23.06931015
TarifaY2,10,2092,-5.656944,36.081111,45.67531929,24.57436228
TarifaY2,10,2093,-5.656944,36.081111,38.9741141,23.18641791
TarifaY2,10,2094,-5.656944,36.081111,90.25627187,23.20232839
TarifaY2,10,2095,-5.656944,36.081111,68.17137717,23.31741313
TarifaY2,10,2096,-5.656944,36.081111,168.7706287,17.67973259
TarifaY2,10,2097,-5.656944,36.081111,22.66898953,25.42661783
TarifaY2,10,2098,-5.656944,36.081111,255.0324897,21.36613789
TarifaY2,10,2099,-5.656944,36.081111,4.231280568,23.33086548
TarifaY2,10,2100,-5.656944,36.081111,48.28228248,25.66985572
TarifaY2,11,2015,-5.656944,36.081111,48.38098225,13.92687073
TarifaY2,11,2016,-5.656944,36.081111,75.7213314,17.06195577
TarifaY2,11,2017,-5.656944,36.081111,34.94585413,16.01923014
TarifaY2,11,2018,-5.656944,36.081111,5.369730724,17.00990194
TarifaY2,11,2019,-5.656944,36.081111,88.23189231,14.39065247
TarifaY2,11,2020,-5.656944,36.081111,127.6588044,13.70657756
TarifaY2,11,2021,-5.656944,36.081111,60.93209029,12.38975627
TarifaY2,11,2022,-5.656944,36.081111,70.95474486,15.08192952
TarifaY2,11,2023,-5.656944,36.081111,27.06777799,15.98512166
TarifaY2,11,2024,-5.656944,36.081111,18.92640109,13.70152893
TarifaY2,11,2025,-5.656944,36.081111,81.94071276,14.38966064
TarifaY2,11,2026,-5.656944,36.081111,9.939982472,16.76792704
TarifaY2,11,2027,-5.656944,36.081111,34.77132525,15.47078756
TarifaY2,11,2028,-5.656944,36.081111,19.5173547,15.92893372
TarifaY2,11,2029,-5.656944,36.081111,136.4994855,14.67351786
TarifaY2,11,2030,-5.656944,36.081111,31.30733511,14.9475057
TarifaY2,11,2031,-5.656944,36.081111,73.63070813,13.76139628
TarifaY2,11,2032,-5.656944,36.081111,63.23406799,15.02232157
TarifaY2,11,2033,-5.656944,36.081111,74.05198942,13.65531921
TarifaY2,11,2034,-5.656944,36.081111,10.43811017,18.44635518
TarifaY2,11,2035,-5.656944,36.081111,107.4646797,13.07749329
TarifaY2,11,2036,-5.656944,36.081111,126.3832921,11.76103719
TarifaY2,11,2037,-5.656944,36.081111,14.43164597,16.22931519
TarifaY2,11,2038,-5.656944,36.081111,39.93247298,16.96585693
TarifaY2,11,2039,-5.656944,36.081111,99.65278831,11.66065674
TarifaY2,11,2040,-5.656944,36.081111,74.01070408,12.5390981
TarifaY2,11,2041,-5.656944,36.081111,29.95168695,13.16360881
TarifaY2,11,2042,-5.656944,36.081111,20.21149411,16.38213908
TarifaY2,11,2043,-5.656944,36.081111,4.988953114,18.9180776
TarifaY2,11,2044,-5.656944,36.081111,4.422747707,17.37414347
TarifaY2,11,2045,-5.656944,36.081111,13.66523954,18.17885946
TarifaY2,11,2046,-5.656944,36.081111,26.16726489,14.41564128
TarifaY2,11,2047,-5.656944,36.081111,19.73331206,16.67893372
TarifaY2,11,2048,-5.656944,36.081111,89.29841286,13.07190247
TarifaY2,11,2049,-5.656944,36.081111,50.88493345,15.29458923
TarifaY2,11,2050,-5.656944,36.081111,100.7548365,15.77719116
TarifaY2,11,2051,-5.656944,36.081111,10.0582045,18.07425842
TarifaY2,11,2052,-5.656944,36.081111,24.11150797,14.76038717
TarifaY2,11,2053,-5.656944,36.081111,6.731335175,19.53586222
TarifaY2,11,2054,-5.656944,36.081111,23.92839872,14.5087616
TarifaY2,11,2055,-5.656944,36.081111,3.189226146,16.39730326
TarifaY2,11,2056,-5.656944,36.081111,53.66383456,16.46003723
TarifaY2,11,2057,-5.656944,36.081111,51.73260921,14.23539124
TarifaY2,11,2058,-5.656944,36.081111,56.58804603,16.2322937
TarifaY2,11,2059,-5.656944,36.081111,14.66628204,16.69356893
TarifaY2,11,2060,-5.656944,36.081111,40.92032828,16.57963562
TarifaY2,11,2061,-5.656944,36.081111,15.477388,15.41601054
TarifaY2,11,2062,-5.656944,36.081111,69.56790841,14.33757019
TarifaY2,11,2063,-5.656944,36.081111,13.36822531,19.70966797
TarifaY2,11,2064,-5.656944,36.081111,24.37944403,20.04821472
TarifaY2,11,2065,-5.656944,36.081111,8.402127791,22.28623352
TarifaY2,11,2066,-5.656944,36.081111,46.0381075,17.57236328
TarifaY2,11,2067,-5.656944,36.081111,69.05093343,17.2719401
TarifaY2,11,2068,-5.656944,36.081111,23.03060327,17.74725952
TarifaY2,11,2069,-5.656944,36.081111,20.62524281,16.2659963
TarifaY2,11,2070,-5.656944,36.081111,34.77255267,16.5188741
TarifaY2,11,2071,-5.656944,36.081111,113.7402603,14.97013245
TarifaY2,11,2072,-5.656944,36.081111,5.236683043,19.18054708
TarifaY2,11,2073,-5.656944,36.081111,17.47997395,18.66700643
TarifaY2,11,2074,-5.656944,36.081111,92.84937958,17.38985494
TarifaY2,11,2075,-5.656944,36.081111,40.3302832,18.41492716
TarifaY2,11,2076,-5.656944,36.081111,50.36627683,14.65525818
TarifaY2,11,2077,-5.656944,36.081111,38.15942154,17.86218465
TarifaY2,11,2078,-5.656944,36.081111,76.49314641,15.48374736
TarifaY2,11,2079,-5.656944,36.081111,201.5120784,15.22213643
TarifaY2,11,2080,-5.656944,36.081111,11.01991823,20.62233582
TarifaY2,11,2081,-5.656944,36.081111,3.620691006,20.21032206
TarifaY2,11,2082,-5.656944,36.081111,9.477477465,19.00385234
TarifaY2,11,2083,-5.656944,36.081111,12.36584786,17.90292358
TarifaY2,11,2084,-5.656944,36.081111,2.133363293,19.22346293
TarifaY2,11,2085,-5.656944,36.081111,55.34634899,18.03472392
TarifaY2,11,2086,-5.656944,36.081111,19.16679264,16.96880391
TarifaY2,11,2087,-5.656944,36.081111,4.666991742,19.796934
TarifaY2,11,2088,-5.656944,36.081111,24.82491383,19.60653178
TarifaY2,11,2089,-5.656944,36.081111,28.01506739,20.23710938
TarifaY2,11,2090,-5.656944,36.081111,20.5429207,19.43281352
TarifaY2,11,2091,-5.656944,36.081111,58.18668672,18.17399292
TarifaY2,11,2092,-5.656944,36.081111,26.51763047,20.69608154
TarifaY2,11,2093,-5.656944,36.081111,20.38684935,19.67825317
TarifaY2,11,2094,-5.656944,36.081111,58.54777738,16.8765035
TarifaY2,11,2095,-5.656944,36.081111,3.23679085,21.50919189
TarifaY2,11,2096,-5.656944,36.081111,11.75700732,15.93886108
TarifaY2,11,2097,-5.656944,36.081111,66.67038696,17.92743429
TarifaY2,11,2098,-5.656944,36.081111,25.60401463,17.95900981
TarifaY2,11,2099,-5.656944,36.081111,16.25759672,19.96364543
TarifaY2,11,2100,-5.656944,36.081111,27.92409133,18.23920085
TarifaY2,12,2015,-5.656944,36.081111,6.128784906,13.43408407
TarifaY2,12,2016,-5.656944,36.081111,4.971569989,15.87442248
TarifaY2,12,2017,-5.656944,36.081111,38.07204934,12.29226278
TarifaY2,12,2018,-5.656944,36.081111,36.83788875,14.52881673
TarifaY2,12,2019,-5.656944,36.081111,4.814012879,12.06860657
TarifaY2,12,2020,-5.656944,36.081111,35.45224412,10.29891463
TarifaY2,12,2021,-5.656944,36.081111,16.10456286,11.81872457
TarifaY2,12,2022,-5.656944,36.081111,36.78543335,12.09379171
TarifaY2,12,2023,-5.656944,36.081111,12.14495072,13.21639404
TarifaY2,12,2024,-5.656944,36.081111,22.19440263,14.24582351
TarifaY2,12,2025,-5.656944,36.081111,45.58015965,11.04454854
TarifaY2,12,2026,-5.656944,36.081111,19.11412995,13.83071899
TarifaY2,12,2027,-5.656944,36.081111,35.88032101,12.85800578
TarifaY2,12,2028,-5.656944,36.081111,22.74376955,12.49347997
TarifaY2,12,2029,-5.656944,36.081111,52.86110689,10.02803955
TarifaY2,12,2030,-5.656944,36.081111,29.90675211,13.24976501
TarifaY2,12,2031,-5.656944,36.081111,45.6760458,9.150120036
TarifaY2,12,2032,-5.656944,36.081111,10.55466802,14.38765343
TarifaY2,12,2033,-5.656944,36.081111,38.95794092,12.02030029
TarifaY2,12,2034,-5.656944,36.081111,7.995759835,13.67126567
TarifaY2,12,2035,-5.656944,36.081111,13.95091154,11.90982564
TarifaY2,12,2036,-5.656944,36.081111,3.823895441,13.17870483
TarifaY2,12,2037,-5.656944,36.081111,26.62763275,12.86779989
TarifaY2,12,2038,-5.656944,36.081111,5.67631782,13.89313965
TarifaY2,12,2039,-5.656944,36.081111,7.462860757,11.59067891
TarifaY2,12,2040,-5.656944,36.081111,28.29987866,11.25072527
TarifaY2,12,2041,-5.656944,36.081111,3.6987211,14.69722799
TarifaY2,12,2042,-5.656944,36.081111,8.31448768,13.2473053
TarifaY2,12,2043,-5.656944,36.081111,9.925176483,14.03182576
TarifaY2,12,2044,-5.656944,36.081111,22.02916062,13.45995168
TarifaY2,12,2045,-5.656944,36.081111,8.71061031,15.4379364
TarifaY2,12,2046,-5.656944,36.081111,12.36059322,11.84570414
TarifaY2,12,2047,-5.656944,36.081111,4.93888171,15.81803691
TarifaY2,12,2048,-5.656944,36.081111,70.31212982,9.987470114
TarifaY2,12,2049,-5.656944,36.081111,22.9735907,11.2826182
TarifaY2,12,2050,-5.656944,36.081111,58.78968235,13.58290202
TarifaY2,12,2051,-5.656944,36.081111,29.39882506,12.97073263
TarifaY2,12,2052,-5.656944,36.081111,68.47626138,9.762600813
TarifaY2,12,2053,-5.656944,36.081111,35.17115506,12.17872925
TarifaY2,12,2054,-5.656944,36.081111,5.33137888,16.70165812
TarifaY2,12,2055,-5.656944,36.081111,8.311787437,14.95313009
TarifaY2,12,2056,-5.656944,36.081111,10.19369458,15.96810513
TarifaY2,12,2057,-5.656944,36.081111,23.52465738,13.49970703
TarifaY2,12,2058,-5.656944,36.081111,10.09592493,15.62369588
TarifaY2,12,2059,-5.656944,36.081111,26.56224611,14.12011515
TarifaY2,12,2060,-5.656944,36.081111,48.23226284,14.48059945
TarifaY2,12,2061,-5.656944,36.081111,26.07550337,13.12870382
TarifaY2,12,2062,-5.656944,36.081111,9.930844904,13.74590556
TarifaY2,12,2063,-5.656944,36.081111,14.92235543,16.01062927
TarifaY2,12,2064,-5.656944,36.081111,21.39641146,16.33248186
TarifaY2,12,2065,-5.656944,36.081111,3.546405818,18.29858704
TarifaY2,12,2066,-5.656944,36.081111,26.68104217,13.1513265
TarifaY2,12,2067,-5.656944,36.081111,7.556664754,15.59015808
TarifaY2,12,2068,-5.656944,36.081111,10.30178501,16.03307074
TarifaY2,12,2069,-5.656944,36.081111,9.822996386,15.50342102
TarifaY2,12,2070,-5.656944,36.081111,12.77268215,15.75173645
TarifaY2,12,2071,-5.656944,36.081111,32.56907534,13.82334086
TarifaY2,12,2072,-5.656944,36.081111,5.591551773,16.92798714
TarifaY2,12,2073,-5.656944,36.081111,10.96149878,14.94423523
TarifaY2,12,2074,-5.656944,36.081111,12.31113742,12.24356486
TarifaY2,12,2075,-5.656944,36.081111,7.489915198,15.49818624
TarifaY2,12,2076,-5.656944,36.081111,6.527394029,15.82555121
TarifaY2,12,2077,-5.656944,36.081111,83.70766852,10.82912801
TarifaY2,12,2078,-5.656944,36.081111,20.92947296,14.69539897
TarifaY2,12,2079,-5.656944,36.081111,36.69669499,11.36711731
TarifaY2,12,2080,-5.656944,36.081111,6.196123094,16.57609737
TarifaY2,12,2081,-5.656944,36.081111,6.808737067,16.47867025
TarifaY2,12,2082,-5.656944,36.081111,3.215897454,17.10918376
TarifaY2,12,2083,-5.656944,36.081111,13.78182433,15.27280986
TarifaY2,12,2084,-5.656944,36.081111,12.13092851,15.15858217
TarifaY2,12,2085,-5.656944,36.081111,14.5304417,14.70055847
TarifaY2,12,2086,-5.656944,36.081111,5.515630696,15.01387533
TarifaY2,12,2087,-5.656944,36.081111,25.8326019,15.91941223
TarifaY2,12,2088,-5.656944,36.081111,56.99867826,12.81648223
TarifaY2,12,2089,-5.656944,36.081111,30.17700499,15.23216451
TarifaY2,12,2090,-5.656944,36.081111,7.297425484,15.44420675
TarifaY2,12,2091,-5.656944,36.081111,22.773178,15.07127787
TarifaY2,12,2092,-5.656944,36.081111,14.19240448,16.20004399
TarifaY2,12,2093,-5.656944,36.081111,37.71546711,13.00346476
TarifaY2,12,2094,-5.656944,36.081111,5.283437468,17.36382243
TarifaY2,12,2095,-5.656944,36.081111,16.70439891,16.72524516
TarifaY2,12,2096,-5.656944,36.081111,8.181626075,16.5339789
TarifaY2,12,2097,-5.656944,36.081111,4.829328228,16.98823751
TarifaY2,12,2098,-5.656944,36.081111,14.33135212,15.9709137
TarifaY2,12,2099,-5.656944,36.081111,4.781744722,17.60842489
TarifaY2,12,2100,-5.656944,36.081111,14.13447537,16.58445638
TarifaY2,2,2015,-5.656944,36.081111,14.56981047,14.57076089
TarifaY2,2,2016,-5.656944,36.081111,37.83862141,12.70104265
TarifaY2,2,2017,-5.656944,36.081111,5.065305385,16.96685181
TarifaY2,2,2018,-5.656944,36.081111,31.66268381,13.82570147
TarifaY2,2,2019,-5.656944,36.081111,185.0127493,10.61895905
TarifaY2,2,2020,-5.656944,36.081111,8.594463899,13.2490268
TarifaY2,2,2021,-5.656944,36.081111,26.76689377,11.72285505
TarifaY2,2,2022,-5.656944,36.081111,45.50975715,11.04568089
TarifaY2,2,2023,-5.656944,36.081111,101.0356151,11.79682966
TarifaY2,2,2024,-5.656944,36.081111,4.573946058,17.44195157
TarifaY2,2,2025,-5.656944,36.081111,6.535795112,13.18206395
TarifaY2,2,2026,-5.656944,36.081111,11.66783703,14.16746129
TarifaY2,2,2027,-5.656944,36.081111,33.73916766,13.05458439
TarifaY2,2,2028,-5.656944,36.081111,3.982498601,19.15207351
TarifaY2,2,2029,-5.656944,36.081111,109.3393032,13.75003749
TarifaY2,2,2030,-5.656944,36.081111,52.7497214,13.15426897
TarifaY2,2,2031,-5.656944,36.081111,36.98701311,13.16404005
TarifaY2,2,2032,-5.656944,36.081111,83.47499147,13.18983428
TarifaY2,2,2033,-5.656944,36.081111,6.211673097,16.20361481
TarifaY2,2,2034,-5.656944,36.081111,39.86085528,13.31590642
TarifaY2,2,2035,-5.656944,36.081111,3.017092834,17.10372641
TarifaY2,2,2036,-5.656944,36.081111,41.31163342,16.41458782
TarifaY2,2,2037,-5.656944,36.081111,63.69505206,11.75916116
TarifaY2,2,2038,-5.656944,36.081111,44.2500466,11.89224505
TarifaY2,2,2039,-5.656944,36.081111,7.519027343,17.91934902
TarifaY2,2,2040,-5.656944,36.081111,21.37125845,11.88285901
TarifaY2,2,2041,-5.656944,36.081111,12.20232961,16.15583082
TarifaY2,2,2042,-5.656944,36.081111,5.193737142,18.10212097
TarifaY2,2,2043,-5.656944,36.081111,38.03176293,13.80122855
TarifaY2,2,2044,-5.656944,36.081111,13.87306832,15.29949341
TarifaY2,2,2045,-5.656944,36.081111,73.69899398,13.38610774
TarifaY2,2,2046,-5.656944,36.081111,31.11692021,11.72497711
TarifaY2,2,2047,-5.656944,36.081111,18.46390275,15.56415274
TarifaY2,2,2048,-5.656944,36.081111,33.60406368,15.53599306
TarifaY2,2,2049,-5.656944,36.081111,3.420293785,17.92996041
TarifaY2,2,2050,-5.656944,36.081111,31.51459089,13.42756805
TarifaY2,2,2051,-5.656944,36.081111,47.36270387,12.67746342
TarifaY2,2,2052,-5.656944,36.081111,38.31291386,15.05512338
TarifaY2,2,2053,-5.656944,36.081111,27.64035552,15.44180886
TarifaY2,2,2054,-5.656944,36.081111,1.238324914,14.69081704
TarifaY2,2,2055,-5.656944,36.081111,41.02320512,15.19086282
TarifaY2,2,2056,-5.656944,36.081111,14.1349381,14.00679721
TarifaY2,2,2057,-5.656944,36.081111,29.75616039,14.67676915
TarifaY2,2,2058,-5.656944,36.081111,15.19345171,13.9183136
TarifaY2,2,2059,-5.656944,36.081111,1.773494946,19.94941973
TarifaY2,2,2060,-5.656944,36.081111,10.7399819,16.91478566
TarifaY2,2,2061,-5.656944,36.081111,2.22988375,16.40461557
TarifaY2,2,2062,-5.656944,36.081111,17.77798842,13.72879617
TarifaY2,2,2063,-5.656944,36.081111,26.2782244,14.64788644
TarifaY2,2,2064,-5.656944,36.081111,6.393649779,18.60786617
TarifaY2,2,2065,-5.656944,36.081111,10.11374081,19.35372641
TarifaY2,2,2066,-5.656944,36.081111,2.66746678,17.36077053
TarifaY2,2,2067,-5.656944,36.081111,3.723698201,18.18328901
TarifaY2,2,2068,-5.656944,36.081111,34.51148897,16.02246957
TarifaY2,2,2069,-5.656944,36.081111,42.36405428,13.17243783
TarifaY2,2,2070,-5.656944,36.081111,23.10114166,16.22956129
TarifaY2,2,2071,-5.656944,36.081111,7.683422874,15.88303419
TarifaY2,2,2072,-5.656944,36.081111,81.36074656,12.4333635
TarifaY2,2,2073,-5.656944,36.081111,31.05660162,15.20925293
TarifaY2,2,2074,-5.656944,36.081111,63.72351679,11.94283338
TarifaY2,2,2075,-5.656944,36.081111,5.077408782,18.657821
TarifaY2,2,2076,-5.656944,36.081111,2.727674548,18.3310128
TarifaY2,2,2077,-5.656944,36.081111,3.564193828,17.12507891
TarifaY2,2,2078,-5.656944,36.081111,34.2132874,15.78180302
TarifaY2,2,2079,-5.656944,36.081111,11.22785919,15.08473794
TarifaY2,2,2080,-5.656944,36.081111,41.86569636,15.01837179
TarifaY2,2,2081,-5.656944,36.081111,3.036246829,18.63596606
TarifaY2,2,2082,-5.656944,36.081111,27.19194534,15.07352055
TarifaY2,2,2083,-5.656944,36.081111,13.24667414,17.34159895
TarifaY2,2,2084,-5.656944,36.081111,9.546791149,15.69919686
TarifaY2,2,2085,-5.656944,36.081111,23.00298136,14.00052468
TarifaY2,2,2086,-5.656944,36.081111,1.590117889,16.89910278
TarifaY2,2,2087,-5.656944,36.081111,77.81132366,14.90994524
TarifaY2,2,2088,-5.656944,36.081111,2.430025805,21.47169989
TarifaY2,2,2089,-5.656944,36.081111,11.60954042,17.26743251
TarifaY2,2,2090,-5.656944,36.081111,33.36357444,15.75245492
TarifaY2,2,2091,-5.656944,36.081111,34.05711415,17.56029445
TarifaY2,2,2092,-5.656944,36.081111,12.91448622,17.41041744
TarifaY2,2,2093,-5.656944,36.081111,10.77370415,19.69385463
TarifaY2,2,2094,-5.656944,36.081111,23.53838052,16.55590428
TarifaY2,2,2095,-5.656944,36.081111,73.78635141,16.44030805
TarifaY2,2,2096,-5.656944,36.081111,35.01943861,18.72443595
TarifaY2,2,2097,-5.656944,36.081111,22.32224953,17.31812112
TarifaY2,2,2098,-5.656944,36.081111,5.351397064,16.21436789
TarifaY2,2,2099,-5.656944,36.081111,71.71365464,15.17683454
TarifaY2,2,2100,-5.656944,36.081111,65.26522506,16.59628448
TarifaY2,3,2015,-5.656944,36.081111,26.45870958,17.18081744
TarifaY2,3,2016,-5.656944,36.081111,19.43215064,15.7408337
TarifaY2,3,2017,-5.656944,36.081111,105.5384878,16.24716856
TarifaY2,3,2018,-5.656944,36.081111,7.535120798,19.12004611
TarifaY2,3,2019,-5.656944,36.081111,168.0597814,9.664931562
TarifaY2,3,2020,-5.656944,36.081111,23.4351824,19.67917835
TarifaY2,3,2021,-5.656944,36.081111,15.21045902,19.6312628
TarifaY2,3,2022,-5.656944,36.081111,71.33250881,14.00098326
TarifaY2,3,2023,-5.656944,36.081111,69.5378161,15.17560976
TarifaY2,3,2024,-5.656944,36.081111,15.77438575,21.08045989
TarifaY2,3,2025,-5.656944,36.081111,146.6934402,12.40133254
TarifaY2,3,2026,-5.656944,36.081111,13.70171538,19.43623972
TarifaY2,3,2027,-5.656944,36.081111,15.76064008,17.38765574
TarifaY2,3,2028,-5.656944,36.081111,30.7844919,18.54216821
TarifaY2,3,2029,-5.656944,36.081111,48.52270679,15.60094112
TarifaY2,3,2030,-5.656944,36.081111,67.51970454,13.7736086
TarifaY2,3,2031,-5.656944,36.081111,26.11496125,18.27358005
TarifaY2,3,2032,-5.656944,36.081111,46.23059434,11.31617077
TarifaY2,3,2033,-5.656944,36.081111,38.6165762,20.04831799
TarifaY2,3,2034,-5.656944,36.081111,70.75214019,16.73075601
TarifaY2,3,2035,-5.656944,36.081111,75.38040349,14.70197301
TarifaY2,3,2036,-5.656944,36.081111,10.38677296,18.16616605
TarifaY2,3,2037,-5.656944,36.081111,54.92317319,14.91591305
TarifaY2,3,2038,-5.656944,36.081111,29.31543225,17.67774796
TarifaY2,3,2039,-5.656944,36.081111,21.73950002,17.05975617
TarifaY2,3,2040,-5.656944,36.081111,85.46420567,11.17369109
TarifaY2,3,2041,-5.656944,36.081111,73.94192973,15.06253623
TarifaY2,3,2042,-5.656944,36.081111,19.76918234,22.45503757
TarifaY2,3,2043,-5.656944,36.081111,9.013005929,23.30903557
TarifaY2,3,2044,-5.656944,36.081111,72.09224914,13.4355644
TarifaY2,3,2045,-5.656944,36.081111,34.82527783,15.32815926
TarifaY2,3,2046,-5.656944,36.081111,29.22588556,13.52948471
TarifaY2,3,2047,-5.656944,36.081111,16.57882865,19.72897615
TarifaY2,3,2048,-5.656944,36.081111,71.42658278,14.22704271
TarifaY2,3,2049,-5.656944,36.081111,3.845047498,22.51200502
TarifaY2,3,2050,-5.656944,36.081111,37.15502091,18.59372716
TarifaY2,3,2051,-5.656944,36.081111,52.52821149,16.43840549
TarifaY2,3,2052,-5.656944,36.081111,67.39301501,16.73119802
TarifaY2,3,2053,-5.656944,36.081111,108.3771368,17.42418331
TarifaY2,3,2054,-5.656944,36.081111,11.44420286,20.84882655
TarifaY2,3,2055,-5.656944,36.081111,13.50504863,21.78392157
TarifaY2,3,2056,-5.656944,36.081111,12.84990747,19.77203842
TarifaY2,3,2057,-5.656944,36.081111,5.597416947,20.82131249
TarifaY2,3,2058,-5.656944,36.081111,30.45676001,16.64809373
TarifaY2,3,2059,-5.656944,36.081111,52.8448476,15.75064559
TarifaY2,3,2060,-5.656944,36.081111,40.69250205,13.69506226
TarifaY2,3,2061,-5.656944,36.081111,58.22297291,17.51495834
TarifaY2,3,2062,-5.656944,36.081111,27.52221808,18.82247019
TarifaY2,3,2063,-5.656944,36.081111,31.12032769,17.40328861
TarifaY2,3,2064,-5.656944,36.081111,16.47364152,19.28947675
TarifaY2,3,2065,-5.656944,36.081111,35.71951917,21.82615888
TarifaY2,3,2066,-5.656944,36.081111,45.86706753,17.67965088
TarifaY2,3,2067,-5.656944,36.081111,18.51081409,18.35183795
TarifaY2,3,2068,-5.656944,36.081111,5.69116061,22.16350708
TarifaY2,3,2069,-5.656944,36.081111,8.855318825,20.63752087
TarifaY2,3,2070,-5.656944,36.081111,8.033605454,20.31485556
TarifaY2,3,2071,-5.656944,36.081111,24.83206966,20.73268354
TarifaY2,3,2072,-5.656944,36.081111,45.55816777,19.01602153
TarifaY2,3,2073,-5.656944,36.081111,62.51830533,16.42788775
TarifaY2,3,2074,-5.656944,36.081111,9.726548565,17.33389656
TarifaY2,3,2075,-5.656944,36.081111,6.195199961,21.98520961
TarifaY2,3,2076,-5.656944,36.081111,40.30512606,22.80669753
TarifaY2,3,2077,-5.656944,36.081111,17.87014649,20.22502264
TarifaY2,3,2078,-5.656944,36.081111,38.83696675,16.96218065
TarifaY2,3,2079,-5.656944,36.081111,12.57042902,24.94627607
TarifaY2,3,2080,-5.656944,36.081111,69.04058665,18.39354662
TarifaY2,3,2081,-5.656944,36.081111,38.41540191,18.00745889
TarifaY2,3,2082,-5.656944,36.081111,70.28042363,19.47767078
TarifaY2,3,2083,-5.656944,36.081111,28.30544857,21.67705098
TarifaY2,3,2084,-5.656944,36.081111,4.927090843,20.28949939
TarifaY2,3,2085,-5.656944,36.081111,20.48469606,20.81546001
TarifaY2,3,2086,-5.656944,36.081111,21.81826285,23.67495216
TarifaY2,3,2087,-5.656944,36.081111,93.96793793,18.30102618
TarifaY2,3,2088,-5.656944,36.081111,39.73119022,21.05697218
TarifaY2,3,2089,-5.656944,36.081111,91.21321279,17.27991786
TarifaY2,3,2090,-5.656944,36.081111,4.370328119,23.084691
TarifaY2,3,2091,-5.656944,36.081111,14.3436489,17.64252969
TarifaY2,3,2092,-5.656944,36.081111,44.41100748,17.64765566
TarifaY2,3,2093,-5.656944,36.081111,21.41733317,21.88523205
TarifaY2,3,2094,-5.656944,36.081111,27.80416139,18.74489845
TarifaY2,3,2095,-5.656944,36.081111,65.817161,18.22612817
TarifaY2,3,2096,-5.656944,36.081111,74.42455975,16.97678971
TarifaY2,3,2097,-5.656944,36.081111,2.791301916,23.27640538
TarifaY2,3,2098,-5.656944,36.081111,118.6460272,17.52108647
TarifaY2,3,2099,-5.656944,36.081111,23.95924836,18.0075278
TarifaY2,3,2100,-5.656944,36.081111,56.03438192,15.37172458
TarifaY2,4,2015,-5.656944,36.081111,87.86248798,19.57067362
TarifaY2,4,2016,-5.656944,36.081111,35.79372671,22.69273275
TarifaY2,4,2017,-5.656944,36.081111,57.44957881,17.03928324
TarifaY2,4,2018,-5.656944,36.081111,116.2329407,15.29573669
TarifaY2,4,2019,-5.656944,36.081111,32.65841101,21.55523071
TarifaY2,4,2020,-5.656944,36.081111,67.45486354,18.47242839
TarifaY2,4,2021,-5.656944,36.081111,18.54044087,22.83532003
TarifaY2,4,2022,-5.656944,36.081111,82.88314428,18.75323385
TarifaY2,4,2023,-5.656944,36.081111,146.8125136,18.43040365
TarifaY2,4,2024,-5.656944,36.081111,88.62293252,19.52241516
TarifaY2,4,2025,-5.656944,36.081111,13.78797552,19.15357768
TarifaY2,4,2026,-5.656944,36.081111,43.43252509,20.88469747
TarifaY2,4,2027,-5.656944,36.081111,82.54021006,18.10240479
TarifaY2,4,2028,-5.656944,36.081111,20.22154302,24.53240763
TarifaY2,4,2029,-5.656944,36.081111,22.24775606,19.30502828
TarifaY2,4,2030,-5.656944,36.081111,64.52871006,17.10439657
TarifaY2,4,2031,-5.656944,36.081111,24.26239004,21.84936218
TarifaY2,4,2032,-5.656944,36.081111,138.2182586,14.94075724
TarifaY2,4,2033,-5.656944,36.081111,99.22584133,22.43808289
TarifaY2,4,2034,-5.656944,36.081111,81.70727469,18.81167908
TarifaY2,4,2035,-5.656944,36.081111,36.99571673,18.95671488
TarifaY2,4,2036,-5.656944,36.081111,37.83937474,19.47100932
TarifaY2,4,2037,-5.656944,36.081111,26.32546598,22.57909953
TarifaY2,4,2038,-5.656944,36.081111,147.8563954,18.43634338
TarifaY2,4,2039,-5.656944,36.081111,45.27259524,20.05516561
TarifaY2,4,2040,-5.656944,36.081111,9.039623157,23.76280009
TarifaY2,4,2041,-5.656944,36.081111,22.86326513,21.83891703
TarifaY2,4,2042,-5.656944,36.081111,33.94099231,23.18892008
TarifaY2,4,2043,-5.656944,36.081111,68.25509976,20.97629089
TarifaY2,4,2044,-5.656944,36.081111,57.16349507,20.90174561
TarifaY2,4,2045,-5.656944,36.081111,68.51471261,20.91806539
TarifaY2,4,2046,-5.656944,36.081111,48.68266468,20.55599772
TarifaY2,4,2047,-5.656944,36.081111,89.76571564,20.65195414
TarifaY2,4,2048,-5.656944,36.081111,32.67431126,20.17188924
TarifaY2,4,2049,-5.656944,36.081111,46.36887444,21.48042806
TarifaY2,4,2050,-5.656944,36.081111,33.19186743,20.6683075
TarifaY2,4,2051,-5.656944,36.081111,73.62048062,21.68225911
TarifaY2,4,2052,-5.656944,36.081111,60.74403183,22.77076721
TarifaY2,4,2053,-5.656944,36.081111,39.06968157,20.5127655
TarifaY2,4,2054,-5.656944,36.081111,53.49471236,19.25634664
TarifaY2,4,2055,-5.656944,36.081111,12.10157535,22.74573873
TarifaY2,4,2056,-5.656944,36.081111,26.57969131,21.82719218
TarifaY2,4,2057,-5.656944,36.081111,35.13334241,22.13349813
TarifaY2,4,2058,-5.656944,36.081111,50.59102623,23.98185221
TarifaY2,4,2059,-5.656944,36.081111,54.59427416,19.80013123
TarifaY2,4,2060,-5.656944,36.081111,33.47332407,21.47748515
TarifaY2,4,2061,-5.656944,36.081111,136.0967294,18.39075216
TarifaY2,4,2062,-5.656944,36.081111,30.01956779,21.12775269
TarifaY2,4,2063,-5.656944,36.081111,64.88538922,23.11969096
TarifaY2,4,2064,-5.656944,36.081111,77.5519317,17.18729451
TarifaY2,4,2065,-5.656944,36.081111,27.688848,20.90126444
TarifaY2,4,2066,-5.656944,36.081111,68.05680791,17.25269674
TarifaY2,4,2067,-5.656944,36.081111,42.31006066,19.97169902
TarifaY2,4,2068,-5.656944,36.081111,71.89572297,22.9223348
TarifaY2,4,2069,-5.656944,36.081111,36.79719789,21.75903219
TarifaY2,4,2070,-5.656944,36.081111,40.80958627,19.42858785
TarifaY2,4,2071,-5.656944,36.081111,13.18293547,24.55962931
TarifaY2,4,2072,-5.656944,36.081111,89.99401272,19.79191589
TarifaY2,4,2073,-5.656944,36.081111,16.14808347,21.0318339
TarifaY2,4,2074,-5.656944,36.081111,44.51140806,22.12667948
TarifaY2,4,2075,-5.656944,36.081111,28.88782768,23.24069926
TarifaY2,4,2076,-5.656944,36.081111,21.25901373,27.31565348
TarifaY2,4,2077,-5.656944,36.081111,51.924381,22.47716064
TarifaY2,4,2078,-5.656944,36.081111,49.24093729,18.44144389
TarifaY2,4,2079,-5.656944,36.081111,14.72400152,24.79536947
TarifaY2,4,2080,-5.656944,36.081111,39.60308983,25.24144897
TarifaY2,4,2081,-5.656944,36.081111,23.26408011,26.90972392
TarifaY2,4,2082,-5.656944,36.081111,49.25815387,20.59119568
TarifaY2,4,2083,-5.656944,36.081111,56.75471463,22.762087
TarifaY2,4,2084,-5.656944,36.081111,68.93207786,20.69569092
TarifaY2,4,2085,-5.656944,36.081111,14.43230611,27.62428792
TarifaY2,4,2086,-5.656944,36.081111,30.60147192,21.01143087
TarifaY2,4,2087,-5.656944,36.081111,37.9137732,20.03645732
TarifaY2,4,2088,-5.656944,36.081111,42.6447561,22.78858846
TarifaY2,4,2089,-5.656944,36.081111,53.2581244,24.99601135
TarifaY2,4,2090,-5.656944,36.081111,56.5441794,24.48395487
TarifaY2,4,2091,-5.656944,36.081111,74.37811879,15.99112447
TarifaY2,4,2092,-5.656944,36.081111,52.26855493,22.24474589
TarifaY2,4,2093,-5.656944,36.081111,43.73127126,21.67102458
TarifaY2,4,2094,-5.656944,36.081111,85.59098994,21.60351563
TarifaY2,4,2095,-5.656944,36.081111,62.6663415,22.5458964
TarifaY2,4,2096,-5.656944,36.081111,57.27413443,22.68220317
TarifaY2,4,2097,-5.656944,36.081111,21.86820321,26.37398885
TarifaY2,4,2098,-5.656944,36.081111,7.246157066,23.53695475
TarifaY2,4,2099,-5.656944,36.081111,19.92059818,26.52759298
TarifaY2,4,2100,-5.656944,36.081111,57.6123769,22.36635437
TarifaY2,5,2015,-5.656944,36.081111,58.50697235,21.60629548
TarifaY2,5,2016,-5.656944,36.081111,138.3513079,19.77156982
TarifaY2,5,2017,-5.656944,36.081111,27.5489445,25.47255072
TarifaY2,5,2018,-5.656944,36.081111,88.62303758,21.26040433
TarifaY2,5,2019,-5.656944,36.081111,36.26992025,22.27579306
TarifaY2,5,2020,-5.656944,36.081111,71.88665975,20.58899989
TarifaY2,5,2021,-5.656944,36.081111,42.35509003,23.43939878
TarifaY2,5,2022,-5.656944,36.081111,211.8972068,17.80828838
TarifaY2,5,2023,-5.656944,36.081111,117.6029296,21.98580322
TarifaY2,5,2024,-5.656944,36.081111,61.38524168,24.72121779
TarifaY2,5,2025,-5.656944,36.081111,35.52987472,22.07111167
TarifaY2,5,2026,-5.656944,36.081111,166.5812364,19.24651981
TarifaY2,5,2027,-5.656944,36.081111,69.46527846,21.37927226
TarifaY2,5,2028,-5.656944,36.081111,152.8606314,21.55990679
TarifaY2,5,2029,-5.656944,36.081111,43.53405474,19.47316402
TarifaY2,5,2030,-5.656944,36.081111,24.01178251,26.27144874
TarifaY2,5,2031,-5.656944,36.081111,123.5393762,20.48302219
TarifaY2,5,2032,-5.656944,36.081111,24.25704659,22.06738163
TarifaY2,5,2033,-5.656944,36.081111,45.24487711,20.57099649
TarifaY2,5,2034,-5.656944,36.081111,182.3882357,18.32079172
TarifaY2,5,2035,-5.656944,36.081111,69.1253913,23.58211473
TarifaY2,5,2036,-5.656944,36.081111,18.87312645,23.11432456
TarifaY2,5,2037,-5.656944,36.081111,100.6629358,21.16413417
TarifaY2,5,2038,-5.656944,36.081111,87.05578845,16.34321033
TarifaY2,5,2039,-5.656944,36.081111,71.07853764,24.63311256
TarifaY2,5,2040,-5.656944,36.081111,38.08209067,22.07991254
TarifaY2,5,2041,-5.656944,36.081111,154.1057515,18.23390129
TarifaY2,5,2042,-5.656944,36.081111,188.6427189,21.97253989
TarifaY2,5,2043,-5.656944,36.081111,150.8958159,21.68403557
TarifaY2,5,2044,-5.656944,36.081111,67.46099196,22.73804676
TarifaY2,5,2045,-5.656944,36.081111,150.748228,23.64582559
TarifaY2,5,2046,-5.656944,36.081111,39.82846048,21.70578869
TarifaY2,5,2047,-5.656944,36.081111,86.18165064,22.50242152
TarifaY2,5,2048,-5.656944,36.081111,323.682587,19.73470065
TarifaY2,5,2049,-5.656944,36.081111,86.35707887,24.33043134
TarifaY2,5,2050,-5.656944,36.081111,43.46663676,25.44300084
TarifaY2,5,2051,-5.656944,36.081111,96.07221058,22.67675466
TarifaY2,5,2052,-5.656944,36.081111,85.50285693,23.31927175
TarifaY2,5,2053,-5.656944,36.081111,29.8770029,28.68845766
TarifaY2,5,2054,-5.656944,36.081111,98.97931267,24.15765361
TarifaY2,5,2055,-5.656944,36.081111,128.1420481,23.61253682
TarifaY2,5,2056,-5.656944,36.081111,70.60894838,20.49379194
TarifaY2,5,2057,-5.656944,36.081111,91.80428197,21.68944997
TarifaY2,5,2058,-5.656944,36.081111,123.4541159,22.23545178
TarifaY2,5,2059,-5.656944,36.081111,50.15906123,26.54707957
TarifaY2,5,2060,-5.656944,36.081111,84.45015819,27.35008466
TarifaY2,5,2061,-5.656944,36.081111,81.14730518,21.64845995
TarifaY2,5,2062,-5.656944,36.081111,186.3312341,24.90653037
TarifaY2,5,2063,-5.656944,36.081111,41.47550218,22.16215643
TarifaY2,5,2064,-5.656944,36.081111,42.52060308,26.76644582
TarifaY2,5,2065,-5.656944,36.081111,43.72690116,26.64478504
TarifaY2,5,2066,-5.656944,36.081111,109.0226421,27.27146252
TarifaY2,5,2067,-5.656944,36.081111,57.87019529,23.41695655
TarifaY2,5,2068,-5.656944,36.081111,55.86815514,26.13302691
TarifaY2,5,2069,-5.656944,36.081111,81.8964277,19.87207996
TarifaY2,5,2070,-5.656944,36.081111,62.27860299,25.51956649
TarifaY2,5,2071,-5.656944,36.081111,120.3991724,25.8618861
TarifaY2,5,2072,-5.656944,36.081111,46.94324153,26.27910865
TarifaY2,5,2073,-5.656944,36.081111,44.76553507,28.7691609
TarifaY2,5,2074,-5.656944,36.081111,64.88351439,27.24511207
TarifaY2,5,2075,-5.656944,36.081111,31.6262349,25.26304754
TarifaY2,5,2076,-5.656944,36.081111,109.0523111,26.45874988
TarifaY2,5,2077,-5.656944,36.081111,50.59997549,27.11236946
TarifaY2,5,2078,-5.656944,36.081111,41.52823286,24.33674356
TarifaY2,5,2079,-5.656944,36.081111,176.6556311,23.09266101
TarifaY2,5,2080,-5.656944,36.081111,70.58164034,24.9142523
TarifaY2,5,2081,-5.656944,36.081111,31.32554634,30.16621625
TarifaY2,5,2082,-5.656944,36.081111,58.11653704,25.64277974
TarifaY2,5,2083,-5.656944,36.081111,36.89573051,28.88497314
TarifaY2,5,2084,-5.656944,36.081111,174.4798067,23.03086095
TarifaY2,5,2085,-5.656944,36.081111,58.21868415,27.05727933
TarifaY2,5,2086,-5.656944,36.081111,24.74122791,28.07571096
TarifaY2,5,2087,-5.656944,36.081111,66.48398329,22.26243326
TarifaY2,5,2088,-5.656944,36.081111,130.9211258,24.41585496
TarifaY2,5,2089,-5.656944,36.081111,149.8192829,23.63888432
TarifaY2,5,2090,-5.656944,36.081111,35.08903591,25.64143204
TarifaY2,5,2091,-5.656944,36.081111,136.180243,24.60766287
TarifaY2,5,2092,-5.656944,36.081111,209.2063419,17.81710304
TarifaY2,5,2093,-5.656944,36.081111,41.67396689,27.26116825
TarifaY2,5,2094,-5.656944,36.081111,57.97844757,22.27936657
TarifaY2,5,2095,-5.656944,36.081111,162.8841436,20.11703964
TarifaY2,5,2096,-5.656944,36.081111,99.80302305,25.663955
TarifaY2,5,2097,-5.656944,36.081111,90.0503468,24.89924553
TarifaY2,5,2098,-5.656944,36.081111,55.19391357,29.9289283
TarifaY2,5,2099,-5.656944,36.081111,62.68349494,28.27200987
TarifaY2,5,2100,-5.656944,36.081111,48.72335886,24.18601626
TarifaY2,6,2015,-5.656944,36.081111,65.02207562,27.36278076
TarifaY2,6,2016,-5.656944,36.081111,105.7720591,22.05162048
TarifaY2,6,2017,-5.656944,36.081111,52.95637463,28.18379618
TarifaY2,6,2018,-5.656944,36.081111,43.99578635,24.93464152
TarifaY2,6,2019,-5.656944,36.081111,93.37965096,27.26351827
TarifaY2,6,2020,-5.656944,36.081111,141.4502851,27.50091044
TarifaY2,6,2021,-5.656944,36.081111,81.98725118,26.01781006
TarifaY2,6,2022,-5.656944,36.081111,103.270846,20.19614563
TarifaY2,6,2023,-5.656944,36.081111,121.3787989,24.63379008
TarifaY2,6,2024,-5.656944,36.081111,89.56628884,26.50597331
TarifaY2,6,2025,-5.656944,36.081111,93.80588898,26.98196004
TarifaY2,6,2026,-5.656944,36.081111,58.83480749,27.22653605
TarifaY2,6,2027,-5.656944,36.081111,80.5848135,22.64336344
TarifaY2,6,2028,-5.656944,36.081111,54.74103249,26.56425781
TarifaY2,6,2029,-5.656944,36.081111,190.3887356,24.0565094
TarifaY2,6,2030,-5.656944,36.081111,76.5893831,26.80871684
TarifaY2,6,2031,-5.656944,36.081111,87.75875283,27.03983154
TarifaY2,6,2032,-5.656944,36.081111,112.908465,26.19483439
TarifaY2,6,2033,-5.656944,36.081111,49.4912098,27.81958313
TarifaY2,6,2034,-5.656944,36.081111,49.902306,28.17304993
TarifaY2,6,2035,-5.656944,36.081111,68.4432159,25.72252197
TarifaY2,6,2036,-5.656944,36.081111,95.37708534,28.37675781
TarifaY2,6,2037,-5.656944,36.081111,137.6256641,24.86460673
TarifaY2,6,2038,-5.656944,36.081111,50.56450606,27.8595459
TarifaY2,6,2039,-5.656944,36.081111,97.14923529,29.34813741
TarifaY2,6,2040,-5.656944,36.081111,63.84338615,29.60387573
TarifaY2,6,2041,-5.656944,36.081111,86.25601513,24.72249959
TarifaY2,6,2042,-5.656944,36.081111,43.18108,27.27174072
TarifaY2,6,2043,-5.656944,36.081111,79.0065604,28.05234578
TarifaY2,6,2044,-5.656944,36.081111,24.46292926,28.18286438
TarifaY2,6,2045,-5.656944,36.081111,113.4771025,28.19390462
TarifaY2,6,2046,-5.656944,36.081111,60.07813752,28.74308065
TarifaY2,6,2047,-5.656944,36.081111,68.20255923,28.39170125
TarifaY2,6,2048,-5.656944,36.081111,94.64614616,22.35031738
TarifaY2,6,2049,-5.656944,36.081111,103.3846409,26.76169128
TarifaY2,6,2050,-5.656944,36.081111,67.81809187,29.01478475
TarifaY2,6,2051,-5.656944,36.081111,102.0779762,27.1407959
TarifaY2,6,2052,-5.656944,36.081111,55.84193237,25.69975891
TarifaY2,6,2053,-5.656944,36.081111,273.6467403,27.82781982
TarifaY2,6,2054,-5.656944,36.081111,49.70311989,27.05073242
TarifaY2,6,2055,-5.656944,36.081111,81.23962428,25.67949015
TarifaY2,6,2056,-5.656944,36.081111,71.73594912,28.1911733
TarifaY2,6,2057,-5.656944,36.081111,62.71494995,28.4851003
TarifaY2,6,2058,-5.656944,36.081111,51.84098854,27.00781657
TarifaY2,6,2059,-5.656944,36.081111,154.4920027,28.35033061
TarifaY2,6,2060,-5.656944,36.081111,127.7266344,27.0344635
TarifaY2,6,2061,-5.656944,36.081111,39.87104474,29.68833313
TarifaY2,6,2062,-5.656944,36.081111,69.73538671,23.85950623
TarifaY2,6,2063,-5.656944,36.081111,53.83677731,29.14246521
TarifaY2,6,2064,-5.656944,36.081111,116.5859344,29.04710592
TarifaY2,6,2065,-5.656944,36.081111,51.11493377,28.57959493
TarifaY2,6,2066,-5.656944,36.081111,106.1240813,27.66340027
TarifaY2,6,2067,-5.656944,36.081111,108.498729,26.09935099
TarifaY2,6,2068,-5.656944,36.081111,205.36812,28.80492655
TarifaY2,6,2069,-5.656944,36.081111,119.0087315,26.24837138
TarifaY2,6,2070,-5.656944,36.081111,64.99962891,29.55285034
TarifaY2,6,2071,-5.656944,36.081111,59.59139343,28.58878886
TarifaY2,6,2072,-5.656944,36.081111,118.0505916,28.56635335
TarifaY2,6,2073,-5.656944,36.081111,213.5656878,28.00326233
TarifaY2,6,2074,-5.656944,36.081111,263.5225136,25.44019979
TarifaY2,6,2075,-5.656944,36.081111,128.0955849,29.34224243
TarifaY2,6,2076,-5.656944,36.081111,164.681577,28.2864329
TarifaY2,6,2077,-5.656944,36.081111,105.7536216,30.00775757
TarifaY2,6,2078,-5.656944,36.081111,87.22604917,28.55781453
TarifaY2,6,2079,-5.656944,36.081111,107.1500672,29.15690308
TarifaY2,6,2080,-5.656944,36.081111,71.20039291,28.8391805
TarifaY2,6,2081,-5.656944,36.081111,121.8464228,29.2784963
TarifaY2,6,2082,-5.656944,36.081111,83.82742524,28.88287354
TarifaY2,6,2083,-5.656944,36.081111,46.43140206,30.46647441
TarifaY2,6,2084,-5.656944,36.081111,108.7623716,27.75553894
TarifaY2,6,2085,-5.656944,36.081111,61.08409855,31.73824565
TarifaY2,6,2086,-5.656944,36.081111,120.4340199,26.52363688
TarifaY2,6,2087,-5.656944,36.081111,129.0581286,30.18581136
TarifaY2,6,2088,-5.656944,36.081111,106.1529854,26.95941772
TarifaY2,6,2089,-5.656944,36.081111,70.64678834,28.30250956
TarifaY2,6,2090,-5.656944,36.081111,135.8446835,27.33485819
TarifaY2,6,2091,-5.656944,36.081111,84.70816733,31.70746257
TarifaY2,6,2092,-5.656944,36.081111,99.13115991,28.89022522
TarifaY2,6,2093,-5.656944,36.081111,266.0208297,27.43182475
TarifaY2,6,2094,-5.656944,36.081111,64.5652692,32.04562378
TarifaY2,6,2095,-5.656944,36.081111,47.86248485,29.12627563
TarifaY2,6,2096,-5.656944,36.081111,100.3021906,29.72119751
TarifaY2,6,2097,-5.656944,36.081111,125.3675727,30.97142639
TarifaY2,6,2098,-5.656944,36.081111,186.3437394,29.10294698
TarifaY2,6,2099,-5.656944,36.081111,194.7813587,27.31389567
TarifaY2,6,2100,-5.656944,36.081111,73.06521979,32.16689758
TarifaY2,7,2015,-5.656944,36.081111,45.05125663,32.24889329
TarifaY2,7,2016,-5.656944,36.081111,122.1238722,28.84056515
TarifaY2,7,2017,-5.656944,36.081111,49.41304877,31.69620027
TarifaY2,7,2018,-5.656944,36.081111,103.535482,30.40673316
TarifaY2,7,2019,-5.656944,36.081111,55.73107892,30.89425935
TarifaY2,7,2020,-5.656944,36.081111,86.76051974,29.89248145
TarifaY2,7,2021,-5.656944,36.081111,113.4036428,31.37604823
TarifaY2,7,2022,-5.656944,36.081111,49.93437064,31.26061992
TarifaY2,7,2023,-5.656944,36.081111,109.7349308,27.69992144
TarifaY2,7,2024,-5.656944,36.081111,79.44941846,32.91988132
TarifaY2,7,2025,-5.656944,36.081111,102.2722371,31.76628044
TarifaY2,7,2026,-5.656944,36.081111,75.76580291,32.74622645
TarifaY2,7,2027,-5.656944,36.081111,52.19703916,31.82512424
TarifaY2,7,2028,-5.656944,36.081111,111.7422239,31.39293233
TarifaY2,7,2029,-5.656944,36.081111,59.79149348,29.90450439
TarifaY2,7,2030,-5.656944,36.081111,65.36251554,34.00753961
TarifaY2,7,2031,-5.656944,36.081111,116.4973814,32.28933598
TarifaY2,7,2032,-5.656944,36.081111,55.15913379,29.84560055
TarifaY2,7,2033,-5.656944,36.081111,41.07522805,31.86024603
TarifaY2,7,2034,-5.656944,36.081111,103.4365099,29.95746224
TarifaY2,7,2035,-5.656944,36.081111,147.2266471,30.48364632
TarifaY2,7,2036,-5.656944,36.081111,56.24751431,32.27286731
TarifaY2,7,2037,-5.656944,36.081111,69.34635807,31.55461544
TarifaY2,7,2038,-5.656944,36.081111,51.72497496,32.76675297
TarifaY2,7,2039,-5.656944,36.081111,73.2819168,33.41194675
TarifaY2,7,2040,-5.656944,36.081111,120.0973992,29.32339852
TarifaY2,7,2041,-5.656944,36.081111,58.49894244,30.62692044
TarifaY2,7,2042,-5.656944,36.081111,46.2241658,33.4123543
TarifaY2,7,2043,-5.656944,36.081111,89.82254262,33.13799537
TarifaY2,7,2044,-5.656944,36.081111,50.79247153,31.83885026
TarifaY2,7,2045,-5.656944,36.081111,75.24543398,32.27850125
TarifaY2,7,2046,-5.656944,36.081111,45.6709581,31.77167713
TarifaY2,7,2047,-5.656944,36.081111,64.86022873,32.52726775
TarifaY2,7,2048,-5.656944,36.081111,38.81596466,30.95882667
TarifaY2,7,2049,-5.656944,36.081111,130.7178477,30.89594175
TarifaY2,7,2050,-5.656944,36.081111,91.11240421,31.30678514
TarifaY2,7,2051,-5.656944,36.081111,87.38170513,32.79405636
TarifaY2,7,2052,-5.656944,36.081111,58.1318449,33.53016594
TarifaY2,7,2053,-5.656944,36.081111,106.9058542,29.75373082
TarifaY2,7,2054,-5.656944,36.081111,96.24947358,33.35820037
TarifaY2,7,2055,-5.656944,36.081111,37.32546073,32.67414492
TarifaY2,7,2056,-5.656944,36.081111,63.73396168,33.57778616
TarifaY2,7,2057,-5.656944,36.081111,50.34589323,33.63474574
TarifaY2,7,2058,-5.656944,36.081111,50.51577399,34.03094955
TarifaY2,7,2059,-5.656944,36.081111,56.53100131,32.87664283
TarifaY2,7,2060,-5.656944,36.081111,68.41922771,32.83615191
TarifaY2,7,2061,-5.656944,36.081111,74.86542071,33.37883222
TarifaY2,7,2062,-5.656944,36.081111,88.28173686,32.45699857
TarifaY2,7,2063,-5.656944,36.081111,87.00836107,34.3799279
TarifaY2,7,2064,-5.656944,36.081111,83.99385291,34.67037944
TarifaY2,7,2065,-5.656944,36.081111,127.4310797,32.39025859
TarifaY2,7,2066,-5.656944,36.081111,48.86908607,33.12091537
TarifaY2,7,2067,-5.656944,36.081111,89.00362207,32.22923899
TarifaY2,7,2068,-5.656944,36.081111,49.54871564,34.00135833
TarifaY2,7,2069,-5.656944,36.081111,64.76144322,33.60570679
TarifaY2,7,2070,-5.656944,36.081111,67.23807051,33.08290917
TarifaY2,7,2071,-5.656944,36.081111,70.24851451,34.21290126
TarifaY2,7,2072,-5.656944,36.081111,48.5166911,33.75860281
TarifaY2,7,2073,-5.656944,36.081111,76.86792744,33.87937858
TarifaY2,7,2074,-5.656944,36.081111,61.29141393,31.50432838
TarifaY2,7,2075,-5.656944,36.081111,89.54732181,32.4493613
TarifaY2,7,2076,-5.656944,36.081111,35.3418931,34.74258502
TarifaY2,7,2077,-5.656944,36.081111,48.01197496,35.22108883
TarifaY2,7,2078,-5.656944,36.081111,93.60284125,33.62515042
TarifaY2,7,2079,-5.656944,36.081111,74.0447155,34.70167473
TarifaY2,7,2080,-5.656944,36.081111,81.44629253,34.29445407
TarifaY2,7,2081,-5.656944,36.081111,62.38942104,33.54752945
TarifaY2,7,2082,-5.656944,36.081111,79.0525583,32.49800533
TarifaY2,7,2083,-5.656944,36.081111,57.43091232,35.10670993
TarifaY2,7,2084,-5.656944,36.081111,100.8402605,33.04505458
TarifaY2,7,2085,-5.656944,36.081111,65.89528028,36.16141909
TarifaY2,7,2086,-5.656944,36.081111,79.0368894,34.40197242
TarifaY2,7,2087,-5.656944,36.081111,39.43693824,33.91791835
TarifaY2,7,2088,-5.656944,36.081111,96.65361648,31.31712765
TarifaY2,7,2089,-5.656944,36.081111,62.0676125,35.91138069
TarifaY2,7,2090,-5.656944,36.081111,95.90241479,34.4616018
TarifaY2,7,2091,-5.656944,36.081111,25.60456151,36.44315442
TarifaY2,7,2092,-5.656944,36.081111,103.3447833,33.41029683
TarifaY2,7,2093,-5.656944,36.081111,136.9004218,31.233983
TarifaY2,7,2094,-5.656944,36.081111,60.79304474,36.96313358
TarifaY2,7,2095,-5.656944,36.081111,79.2626778,33.7483804
TarifaY2,7,2096,-5.656944,36.081111,69.09825179,35.80905033
TarifaY2,7,2097,-5.656944,36.081111,100.525059,33.58147091
TarifaY2,7,2098,-5.656944,36.081111,127.496706,30.93401686
TarifaY2,7,2099,-5.656944,36.081111,77.1847597,35.79147418
TarifaY2,7,2100,-5.656944,36.081111,88.08131381,35.38181901
TarifaY2,8,2015,-5.656944,36.081111,41.83775883,30.42531935
TarifaY2,8,2016,-5.656944,36.081111,43.15745927,30.04665429
TarifaY2,8,2017,-5.656944,36.081111,32.5334791,31.87476452
TarifaY2,8,2018,-5.656944,36.081111,67.08083916,31.69016468
TarifaY2,8,2019,-5.656944,36.081111,67.31387255,30.3365447
TarifaY2,8,2020,-5.656944,36.081111,41.67990327,31.60875658
TarifaY2,8,2021,-5.656944,36.081111,54.85988321,30.75645673
TarifaY2,8,2022,-5.656944,36.081111,50.93612633,30.93096313
TarifaY2,8,2023,-5.656944,36.081111,60.06139751,30.35454909
TarifaY2,8,2024,-5.656944,36.081111,47.5099074,33.12743235
TarifaY2,8,2025,-5.656944,36.081111,88.67588941,30.3895813
TarifaY2,8,2026,-5.656944,36.081111,38.85043337,32.6278153
TarifaY2,8,2027,-5.656944,36.081111,70.090482,32.66594061
TarifaY2,8,2028,-5.656944,36.081111,74.07159625,30.49609355
TarifaY2,8,2029,-5.656944,36.081111,80.4832178,31.30037251
TarifaY2,8,2030,-5.656944,36.081111,67.02552881,31.83528561
TarifaY2,8,2031,-5.656944,36.081111,88.34221825,28.6742158
TarifaY2,8,2032,-5.656944,36.081111,40.12444676,32.48714107
TarifaY2,8,2033,-5.656944,36.081111,97.81274705,30.58490463
TarifaY2,8,2034,-5.656944,36.081111,70.11057266,31.4061612
TarifaY2,8,2035,-5.656944,36.081111,58.17633891,31.69618452
TarifaY2,8,2036,-5.656944,36.081111,48.8816005,32.52635321
TarifaY2,8,2037,-5.656944,36.081111,39.67178683,32.73738226
TarifaY2,8,2038,-5.656944,36.081111,49.94267092,33.09458461
TarifaY2,8,2039,-5.656944,36.081111,41.86560986,31.9245131
TarifaY2,8,2040,-5.656944,36.081111,67.55184636,31.9629997
TarifaY2,8,2041,-5.656944,36.081111,28.51184681,33.61399969
TarifaY2,8,2042,-5.656944,36.081111,58.58868474,33.63839407
TarifaY2,8,2043,-5.656944,36.081111,56.83644557,31.61947809
TarifaY2,8,2044,-5.656944,36.081111,47.492446,32.87984718
TarifaY2,8,2045,-5.656944,36.081111,46.22624309,32.66620838
TarifaY2,8,2046,-5.656944,36.081111,26.99867517,33.21715403
TarifaY2,8,2047,-5.656944,36.081111,67.51419858,31.80500429
TarifaY2,8,2048,-5.656944,36.081111,84.60786047,31.86166756
TarifaY2,8,2049,-5.656944,36.081111,55.38199514,32.41987147
TarifaY2,8,2050,-5.656944,36.081111,95.59774243,32.21661456
TarifaY2,8,2051,-5.656944,36.081111,46.77420641,33.17098881
TarifaY2,8,2052,-5.656944,36.081111,43.92399407,32.86053349
TarifaY2,8,2053,-5.656944,36.081111,48.88072948,32.22267082
TarifaY2,8,2054,-5.656944,36.081111,80.20073315,32.14980173
TarifaY2,8,2055,-5.656944,36.081111,59.4642471,31.9536121
TarifaY2,8,2056,-5.656944,36.081111,58.51092597,34.00658865
TarifaY2,8,2057,-5.656944,36.081111,17.74451209,34.36640172
TarifaY2,8,2058,-5.656944,36.081111,63.93054022,32.86830267
TarifaY2,8,2059,-5.656944,36.081111,75.20948748,33.87467297
TarifaY2,8,2060,-5.656944,36.081111,48.2037532,33.58932475
TarifaY2,8,2061,-5.656944,36.081111,37.9945297,32.10443292
TarifaY2,8,2062,-5.656944,36.081111,55.1195098,34.78773331
TarifaY2,8,2063,-5.656944,36.081111,69.29281219,32.78969431
TarifaY2,8,2064,-5.656944,36.081111,79.63222459,32.91057838
TarifaY2,8,2065,-5.656944,36.081111,61.5613396,32.85134376
TarifaY2,8,2066,-5.656944,36.081111,46.96562246,34.30104685
TarifaY2,8,2067,-5.656944,36.081111,77.55575678,32.78130395
TarifaY2,8,2068,-5.656944,36.081111,42.29738009,33.68924029
TarifaY2,8,2069,-5.656944,36.081111,71.96428118,34.24438162
TarifaY2,8,2070,-5.656944,36.081111,49.9813137,34.47143043
TarifaY2,8,2071,-5.656944,36.081111,146.9417798,29.79671729
TarifaY2,8,2072,-5.656944,36.081111,76.71849374,32.84513589
TarifaY2,8,2073,-5.656944,36.081111,55.83753043,35.21116865
TarifaY2,8,2074,-5.656944,36.081111,97.5572221,31.79540307
TarifaY2,8,2075,-5.656944,36.081111,76.82644108,33.7621773
TarifaY2,8,2076,-5.656944,36.081111,112.1648753,31.60353905
TarifaY2,8,2077,-5.656944,36.081111,37.60499609,34.80974141
TarifaY2,8,2078,-5.656944,36.081111,34.98501832,36.6941172
TarifaY2,8,2079,-5.656944,36.081111,73.18329396,34.03778056
TarifaY2,8,2080,-5.656944,36.081111,24.36080073,35.93812492
TarifaY2,8,2081,-5.656944,36.081111,61.62762036,35.28378375
TarifaY2,8,2082,-5.656944,36.081111,112.5383305,34.39099692
TarifaY2,8,2083,-5.656944,36.081111,77.81891172,35.78446301
TarifaY2,8,2084,-5.656944,36.081111,52.62291668,34.39266456
TarifaY2,8,2085,-5.656944,36.081111,23.46520127,34.81469707
TarifaY2,8,2086,-5.656944,36.081111,57.83993446,34.05648095
TarifaY2,8,2087,-5.656944,36.081111,62.65617859,34.47687043
TarifaY2,8,2088,-5.656944,36.081111,57.64871242,34.10197478
TarifaY2,8,2089,-5.656944,36.081111,21.81429013,35.2609625
TarifaY2,8,2090,-5.656944,36.081111,67.70219042,34.95781368
TarifaY2,8,2091,-5.656944,36.081111,39.88023855,37.03101649
TarifaY2,8,2092,-5.656944,36.081111,63.1659767,35.72166276
TarifaY2,8,2093,-5.656944,36.081111,70.22717558,33.9651379
TarifaY2,8,2094,-5.656944,36.081111,32.60826814,37.79903761
TarifaY2,8,2095,-5.656944,36.081111,70.97092704,34.49394354
TarifaY2,8,2096,-5.656944,36.081111,47.94325884,36.58296332
TarifaY2,8,2097,-5.656944,36.081111,68.89456809,35.74818745
TarifaY2,8,2098,-5.656944,36.081111,19.31008772,34.46412393
TarifaY2,8,2099,-5.656944,36.081111,93.07765193,31.97825751
TarifaY2,8,2100,-5.656944,36.081111,41.48693801,36.60812752
TarifaY2,9,2015,-5.656944,36.081111,101.6221289,26.65684611
TarifaY2,9,2016,-5.656944,36.081111,101.5264416,25.19356079
TarifaY2,9,2017,-5.656944,36.081111,61.19479391,28.7271108
TarifaY2,9,2018,-5.656944,36.081111,76.41637476,24.88515727
TarifaY2,9,2019,-5.656944,36.081111,59.47277451,27.99203796
TarifaY2,9,2020,-5.656944,36.081111,72.98402464,26.14356893
TarifaY2,9,2021,-5.656944,36.081111,55.60491611,25.21778768
TarifaY2,9,2022,-5.656944,36.081111,120.6651472,25.70561523
TarifaY2,9,2023,-5.656944,36.081111,53.89875519,26.86835531
TarifaY2,9,2024,-5.656944,36.081111,99.81015346,25.71776428
TarifaY2,9,2025,-5.656944,36.081111,103.7925949,23.91383565
TarifaY2,9,2026,-5.656944,36.081111,88.07208951,25.6744161
TarifaY2,9,2027,-5.656944,36.081111,32.26833542,26.74070129
TarifaY2,9,2028,-5.656944,36.081111,71.0164338,26.83994242
TarifaY2,9,2029,-5.656944,36.081111,57.42919552,26.35091451
TarifaY2,9,2030,-5.656944,36.081111,117.4977813,26.55979614
TarifaY2,9,2031,-5.656944,36.081111,51.95467575,26.08223368
TarifaY2,9,2032,-5.656944,36.081111,85.12267597,26.11966654
TarifaY2,9,2033,-5.656944,36.081111,128.2537336,24.10019938
TarifaY2,9,2034,-5.656944,36.081111,67.21217132,25.83168742
TarifaY2,9,2035,-5.656944,36.081111,42.1760342,27.00574341
TarifaY2,9,2036,-5.656944,36.081111,108.5968854,24.40023397
TarifaY2,9,2037,-5.656944,36.081111,36.51960796,28.3229421
TarifaY2,9,2038,-5.656944,36.081111,78.65850171,25.96999003
TarifaY2,9,2039,-5.656944,36.081111,67.87967742,26.90432027
TarifaY2,9,2040,-5.656944,36.081111,67.40876886,25.45624084
TarifaY2,9,2041,-5.656944,36.081111,72.63093528,27.72121175
TarifaY2,9,2042,-5.656944,36.081111,117.7971147,25.73380839
TarifaY2,9,2043,-5.656944,36.081111,82.10174254,25.69419556
TarifaY2,9,2044,-5.656944,36.081111,47.11802663,29.28228556
TarifaY2,9,2045,-5.656944,36.081111,52.19943061,26.68302104
TarifaY2,9,2046,-5.656944,36.081111,48.01786855,28.64653625
TarifaY2,9,2047,-5.656944,36.081111,168.1690489,24.94240723
TarifaY2,9,2048,-5.656944,36.081111,53.00510316,27.28094889
TarifaY2,9,2049,-5.656944,36.081111,89.11020615,26.37019043
TarifaY2,9,2050,-5.656944,36.081111,98.041837,26.22377218
TarifaY2,9,2051,-5.656944,36.081111,52.63869645,27.66639201
TarifaY2,9,2052,-5.656944,36.081111,73.36385971,28.29583537
TarifaY2,9,2053,-5.656944,36.081111,123.6422807,26.8329539
TarifaY2,9,2054,-5.656944,36.081111,71.63740398,28.92102661
TarifaY2,9,2055,-5.656944,36.081111,81.01839283,26.84522909
TarifaY2,9,2056,-5.656944,36.081111,49.15041395,27.4591746
TarifaY2,9,2057,-5.656944,36.081111,45.93323179,28.9748057
TarifaY2,9,2058,-5.656944,36.081111,82.11306749,26.09436239
TarifaY2,9,2059,-5.656944,36.081111,62.22505912,29.27229513
TarifaY2,9,2060,-5.656944,36.081111,166.7433698,24.83260295
TarifaY2,9,2061,-5.656944,36.081111,103.7542049,28.3188385
TarifaY2,9,2062,-5.656944,36.081111,102.5338323,29.48455607
TarifaY2,9,2063,-5.656944,36.081111,47.36068349,28.07701721
TarifaY2,9,2064,-5.656944,36.081111,46.33463034,27.6907725
TarifaY2,9,2065,-5.656944,36.081111,67.64405503,29.28123169
TarifaY2,9,2066,-5.656944,36.081111,69.97399406,29.47034505
TarifaY2,9,2067,-5.656944,36.081111,113.0937652,26.75270589
TarifaY2,9,2068,-5.656944,36.081111,36.30801067,28.56176554
TarifaY2,9,2069,-5.656944,36.081111,72.02034124,28.3122996
TarifaY2,9,2070,-5.656944,36.081111,69.84009782,28.92534078
TarifaY2,9,2071,-5.656944,36.081111,58.27475327,29.99298197
TarifaY2,9,2072,-5.656944,36.081111,39.63696374,28.46964722
TarifaY2,9,2073,-5.656944,36.081111,55.96279252,29.71316325
TarifaY2,9,2074,-5.656944,36.081111,164.9976925,26.80036723
TarifaY2,9,2075,-5.656944,36.081111,111.2992217,28.88324585
TarifaY2,9,2076,-5.656944,36.081111,108.3275639,26.29450989
TarifaY2,9,2077,-5.656944,36.081111,187.0522807,23.95023499
TarifaY2,9,2078,-5.656944,36.081111,37.40463215,32.06572266
TarifaY2,9,2079,-5.656944,36.081111,63.77799911,28.7604126
TarifaY2,9,2080,-5.656944,36.081111,47.45616018,30.32178446
TarifaY2,9,2081,-5.656944,36.081111,127.0703366,26.30270793
TarifaY2,9,2082,-5.656944,36.081111,68.67423841,29.0265981
TarifaY2,9,2083,-5.656944,36.081111,109.5465795,30.44188639
TarifaY2,9,2084,-5.656944,36.081111,47.65065827,29.01198425
TarifaY2,9,2085,-5.656944,36.081111,46.5481941,29.59851786
TarifaY2,9,2086,-5.656944,36.081111,72.60470912,29.87734172
TarifaY2,9,2087,-5.656944,36.081111,67.74014072,30.61467997
TarifaY2,9,2088,-5.656944,36.081111,36.12057016,29.26948954
TarifaY2,9,2089,-5.656944,36.081111,42.96160661,31.1569519
TarifaY2,9,2090,-5.656944,36.081111,38.7324951,29.89252726
TarifaY2,9,2091,-5.656944,36.081111,17.75889001,31.22068176
TarifaY2,9,2092,-5.656944,36.081111,57.09618191,29.08295797
TarifaY2,9,2093,-5.656944,36.081111,27.68452271,29.10314331
TarifaY2,9,2094,-5.656944,36.081111,77.91010242,31.40940145
TarifaY2,9,2095,-5.656944,36.081111,44.66274356,30.1498291
TarifaY2,9,2096,-5.656944,36.081111,101.6065497,29.14754232
TarifaY2,9,2097,-5.656944,36.081111,54.61990181,30.45243123
TarifaY2,9,2098,-5.656944,36.081111,158.7749492,28.86553548
TarifaY2,9,2099,-5.656944,36.081111,197.7296789,27.07234904
TarifaY2,9,2100,-5.656944,36.081111,28.62930108,30.10253194
Vertedero,1,2015,-5.49,36.121667,6.164272203,10.9335335
Vertedero,1,2016,-5.49,36.121667,65.3406584,10.33381092
Vertedero,1,2017,-5.49,36.121667,13.37374009,14.78664354
Vertedero,1,2018,-5.49,36.121667,31.78027838,11.07513605
Vertedero,1,2019,-5.49,36.121667,13.45057078,12.99073624
Vertedero,1,2020,-5.49,36.121667,17.4865033,12.13729346
Vertedero,1,2021,-5.49,36.121667,9.886489123,12.41431727
Vertedero,1,2022,-5.49,36.121667,124.2723979,9.321541866
Vertedero,1,2023,-5.49,36.121667,5.870315523,13.61226807
Vertedero,1,2024,-5.49,36.121667,9.849419874,14.89918252
Vertedero,1,2025,-5.49,36.121667,92.00610493,10.03883588
Vertedero,1,2026,-5.49,36.121667,34.64407833,11.28764077
Vertedero,1,2027,-5.49,36.121667,45.64543805,13.12379387
Vertedero,1,2028,-5.49,36.121667,45.54854043,10.25912357
Vertedero,1,2029,-5.49,36.121667,17.91194555,12.75790779
Vertedero,1,2030,-5.49,36.121667,2.008728138,13.33031321
Vertedero,1,2031,-5.49,36.121667,36.23691975,13.42561764
Vertedero,1,2032,-5.49,36.121667,77.56464638,12.24502839
Vertedero,1,2033,-5.49,36.121667,36.81369627,9.680592986
Vertedero,1,2034,-5.49,36.121667,57.32517534,9.629608942
Vertedero,1,2035,-5.49,36.121667,21.9303979,13.93768488
Vertedero,1,2036,-5.49,36.121667,23.70633918,14.19972652
Vertedero,1,2037,-5.49,36.121667,18.35427051,11.43146815
Vertedero,1,2038,-5.49,36.121667,77.83028889,11.04053699
Vertedero,1,2039,-5.49,36.121667,40.06265691,11.72582791
Vertedero,1,2040,-5.49,36.121667,11.54531058,11.85500488
Vertedero,1,2041,-5.49,36.121667,69.64765452,12.19207646
Vertedero,1,2042,-5.49,36.121667,18.2988662,13.22914744
Vertedero,1,2043,-5.49,36.121667,31.04636719,13.86302018
Vertedero,1,2044,-5.49,36.121667,81.51727817,11.60786271
Vertedero,1,2045,-5.49,36.121667,2.622030871,15.95038413
Vertedero,1,2046,-5.49,36.121667,24.02399939,11.24613293
Vertedero,1,2047,-5.49,36.121667,5.104409073,15.06168863
Vertedero,1,2048,-5.49,36.121667,8.804350889,12.75469754
Vertedero,1,2049,-5.49,36.121667,18.10300565,13.31274887
Vertedero,1,2050,-5.49,36.121667,10.76686255,12.76338127
Vertedero,1,2051,-5.49,36.121667,44.78609927,12.08723184
Vertedero,1,2052,-5.49,36.121667,1.984603559,16.51689177
Vertedero,1,2053,-5.49,36.121667,23.20290226,13.62728075
Vertedero,1,2054,-5.49,36.121667,76.52944398,9.951716072
Vertedero,1,2055,-5.49,36.121667,10.70138752,15.01902604
Vertedero,1,2056,-5.49,36.121667,17.21351803,12.07415949
Vertedero,1,2057,-5.49,36.121667,24.87427286,14.66342833
Vertedero,1,2058,-5.49,36.121667,15.36901838,14.24498901
Vertedero,1,2059,-5.49,36.121667,59.55285851,13.03767326
Vertedero,1,2060,-5.49,36.121667,7.993221626,13.14951329
Vertedero,1,2061,-5.49,36.121667,2.024765534,14.76355551
Vertedero,1,2062,-5.49,36.121667,16.0065717,12.93030947
Vertedero,1,2063,-5.49,36.121667,40.02079101,12.27999268
Vertedero,1,2064,-5.49,36.121667,65.11164229,13.6206289
Vertedero,1,2065,-5.49,36.121667,52.37024159,11.44432393
Vertedero,1,2066,-5.49,36.121667,17.44505193,13.03072214
Vertedero,1,2067,-5.49,36.121667,3.237635824,15.36011215
Vertedero,1,2068,-5.49,36.121667,77.62868104,11.45949215
Vertedero,1,2069,-5.49,36.121667,15.86963537,15.48670989
Vertedero,1,2070,-5.49,36.121667,63.31425713,13.48306255
Vertedero,1,2071,-5.49,36.121667,37.95385248,13.74463363
Vertedero,1,2072,-5.49,36.121667,22.42006773,12.4079519
Vertedero,1,2073,-5.49,36.121667,46.0916096,13.39485592
Vertedero,1,2074,-5.49,36.121667,22.89132052,15.38897784
Vertedero,1,2075,-5.49,36.121667,35.14946283,13.19654876
Vertedero,1,2076,-5.49,36.121667,15.15468484,12.2546306
Vertedero,1,2077,-5.49,36.121667,6.735347425,15.50169697
Vertedero,1,2078,-5.49,36.121667,20.32581426,11.58927061
Vertedero,1,2079,-5.49,36.121667,7.16014857,15.81360631
Vertedero,1,2080,-5.49,36.121667,63.30749572,11.189069
Vertedero,1,2081,-5.49,36.121667,7.353081292,14.86522729
Vertedero,1,2082,-5.49,36.121667,8.787698747,14.12657294
Vertedero,1,2083,-5.49,36.121667,2.232564753,15.67043457
Vertedero,1,2084,-5.49,36.121667,11.77702601,15.8545166
Vertedero,1,2085,-5.49,36.121667,36.46901843,16.74167638
Vertedero,1,2086,-5.49,36.121667,73.70955688,14.44601519
Vertedero,1,2087,-5.49,36.121667,51.78583458,13.74438851
Vertedero,1,2088,-5.49,36.121667,6.164577055,15.39072817
Vertedero,1,2089,-5.49,36.121667,8.267244655,14.68629387
Vertedero,1,2090,-5.49,36.121667,22.54915663,14.67691217
Vertedero,1,2091,-5.49,36.121667,17.07719513,15.63485009
Vertedero,1,2092,-5.49,36.121667,13.25995477,15.7911375
Vertedero,1,2093,-5.49,36.121667,6.389007783,14.60252508
Vertedero,1,2094,-5.49,36.121667,124.9355616,13.47372318
Vertedero,1,2095,-5.49,36.121667,20.14817119,14.23527064
Vertedero,1,2096,-5.49,36.121667,11.18055227,13.23789909
Vertedero,1,2097,-5.49,36.121667,14.97312233,14.47004139
Vertedero,1,2098,-5.49,36.121667,2.158287935,18.60824565
Vertedero,1,2099,-5.49,36.121667,34.70589981,13.7124622
Vertedero,1,2100,-5.49,36.121667,10.28052693,16.35295824
Vertedero,10,2015,-5.49,36.121667,83.75183137,20.59304396
Vertedero,10,2016,-5.49,36.121667,42.32269931,19.79761707
Vertedero,10,2017,-5.49,36.121667,50.80549132,19.10287653
Vertedero,10,2018,-5.49,36.121667,72.08835365,19.69344679
Vertedero,10,2019,-5.49,36.121667,63.99326741,22.0658272
Vertedero,10,2020,-5.49,36.121667,76.22714293,17.59039681
Vertedero,10,2021,-5.49,36.121667,84.26535463,19.18958287
Vertedero,10,2022,-5.49,36.121667,271.0707922,16.77562571
Vertedero,10,2023,-5.49,36.121667,29.02560689,22.95855299
Vertedero,10,2024,-5.49,36.121667,153.5327856,17.10531203
Vertedero,10,2025,-5.49,36.121667,181.4963282,16.37296989
Vertedero,10,2026,-5.49,36.121667,75.89221561,18.36489455
Vertedero,10,2027,-5.49,36.121667,67.51849624,22.26541413
Vertedero,10,2028,-5.49,36.121667,79.69104213,20.14873165
Vertedero,10,2029,-5.49,36.121667,27.96333132,18.87397205
Vertedero,10,2030,-5.49,36.121667,57.1727113,19.93108225
Vertedero,10,2031,-5.49,36.121667,226.5560305,17.32243672
Vertedero,10,2032,-5.49,36.121667,90.35120542,19.37857824
Vertedero,10,2033,-5.49,36.121667,117.932246,20.60440634
Vertedero,10,2034,-5.49,36.121667,57.44356456,21.55007423
Vertedero,10,2035,-5.49,36.121667,82.7089785,18.96875374
Vertedero,10,2036,-5.49,36.121667,96.38958744,17.57748886
Vertedero,10,2037,-5.49,36.121667,44.39409119,18.26578034
Vertedero,10,2038,-5.49,36.121667,24.31632435,22.46077684
Vertedero,10,2039,-5.49,36.121667,54.9949976,20.12656604
Vertedero,10,2040,-5.49,36.121667,222.5232823,18.19697108
Vertedero,10,2041,-5.49,36.121667,113.9548012,18.72797497
Vertedero,10,2042,-5.49,36.121667,32.75408441,21.09203983
Vertedero,10,2043,-5.49,36.121667,63.42414523,18.57658022
Vertedero,10,2044,-5.49,36.121667,92.58709217,21.12574994
Vertedero,10,2045,-5.49,36.121667,87.98216598,19.10464852
Vertedero,10,2046,-5.49,36.121667,150.3216548,20.45777824
Vertedero,10,2047,-5.49,36.121667,48.15724054,21.06614222
Vertedero,10,2048,-5.49,36.121667,73.23235294,19.50155029
Vertedero,10,2049,-5.49,36.121667,102.1181569,22.16889491
Vertedero,10,2050,-5.49,36.121667,58.93468343,23.0071675
Vertedero,10,2051,-5.49,36.121667,36.55448393,22.24452633
Vertedero,10,2052,-5.49,36.121667,64.87815111,21.17475232
Vertedero,10,2053,-5.49,36.121667,29.24950763,22.19689528
Vertedero,10,2054,-5.49,36.121667,43.10920447,21.21254784
Vertedero,10,2055,-5.49,36.121667,136.4933427,17.1575089
Vertedero,10,2056,-5.49,36.121667,39.35813754,20.81880513
Vertedero,10,2057,-5.49,36.121667,97.6780268,20.10714407
Vertedero,10,2058,-5.49,36.121667,120.0989036,21.15906037
Vertedero,10,2059,-5.49,36.121667,82.08935343,22.44918016
Vertedero,10,2060,-5.49,36.121667,42.3775345,18.66959091
Vertedero,10,2061,-5.49,36.121667,146.894599,20.63605307
Vertedero,10,2062,-5.49,36.121667,23.61989436,20.99565056
Vertedero,10,2063,-5.49,36.121667,56.48063809,22.1272837
Vertedero,10,2064,-5.49,36.121667,86.36480019,22.45349003
Vertedero,10,2065,-5.49,36.121667,60.48267111,22.9869373
Vertedero,10,2066,-5.49,36.121667,63.7795417,22.0265058
Vertedero,10,2067,-5.49,36.121667,76.99542938,21.18954054
Vertedero,10,2068,-5.49,36.121667,71.79970251,19.56061165
Vertedero,10,2069,-5.49,36.121667,135.0725308,21.8381641
Vertedero,10,2070,-5.49,36.121667,93.69635287,22.35429215
Vertedero,10,2071,-5.49,36.121667,72.68608809,24.22063697
Vertedero,10,2072,-5.49,36.121667,61.71964553,23.34059763
Vertedero,10,2073,-5.49,36.121667,117.1562097,21.00371901
Vertedero,10,2074,-5.49,36.121667,175.1417948,17.64751095
Vertedero,10,2075,-5.49,36.121667,18.5307886,24.80715332
Vertedero,10,2076,-5.49,36.121667,53.41423317,22.50002835
Vertedero,10,2077,-5.49,36.121667,60.66151459,20.23461501
Vertedero,10,2078,-5.49,36.121667,43.26428627,25.70672391
Vertedero,10,2079,-5.49,36.121667,94.71270401,19.84769642
Vertedero,10,2080,-5.49,36.121667,35.49856486,25.66075262
Vertedero,10,2081,-5.49,36.121667,13.52149116,24.32885033
Vertedero,10,2082,-5.49,36.121667,42.77833236,25.50492199
Vertedero,10,2083,-5.49,36.121667,160.0228045,18.85384128
Vertedero,10,2084,-5.49,36.121667,42.5780389,24.36271205
Vertedero,10,2085,-5.49,36.121667,63.96645549,24.36511506
Vertedero,10,2086,-5.49,36.121667,85.49713603,25.3293081
Vertedero,10,2087,-5.49,36.121667,90.76510242,23.97567237
Vertedero,10,2088,-5.49,36.121667,134.3454887,24.70948821
Vertedero,10,2089,-5.49,36.121667,20.90978696,26.15673316
Vertedero,10,2090,-5.49,36.121667,118.8311172,22.14233477
Vertedero,10,2091,-5.49,36.121667,66.82066946,23.06931015
Vertedero,10,2092,-5.49,36.121667,45.67531929,24.57436228
Vertedero,10,2093,-5.49,36.121667,38.9741141,23.18641791
Vertedero,10,2094,-5.49,36.121667,90.25627187,23.20232839
Vertedero,10,2095,-5.49,36.121667,68.17137717,23.31741313
Vertedero,10,2096,-5.49,36.121667,168.7706287,17.67973259
Vertedero,10,2097,-5.49,36.121667,22.66898953,25.42661783
Vertedero,10,2098,-5.49,36.121667,255.0324897,21.36613789
Vertedero,10,2099,-5.49,36.121667,4.231280568,23.33086548
Vertedero,10,2100,-5.49,36.121667,48.28228248,25.66985572
Vertedero,11,2015,-5.49,36.121667,48.38098225,13.92687073
Vertedero,11,2016,-5.49,36.121667,75.7213314,17.06195577
Vertedero,11,2017,-5.49,36.121667,34.94585413,16.01923014
Vertedero,11,2018,-5.49,36.121667,5.369730724,17.00990194
Vertedero,11,2019,-5.49,36.121667,88.23189231,14.39065247
Vertedero,11,2020,-5.49,36.121667,127.6588044,13.70657756
Vertedero,11,2021,-5.49,36.121667,60.93209029,12.38975627
Vertedero,11,2022,-5.49,36.121667,70.95474486,15.08192952
Vertedero,11,2023,-5.49,36.121667,27.06777799,15.98512166
Vertedero,11,2024,-5.49,36.121667,18.92640109,13.70152893
Vertedero,11,2025,-5.49,36.121667,81.94071276,14.38966064
Vertedero,11,2026,-5.49,36.121667,9.939982472,16.76792704
Vertedero,11,2027,-5.49,36.121667,34.77132525,15.47078756
Vertedero,11,2028,-5.49,36.121667,19.5173547,15.92893372
Vertedero,11,2029,-5.49,36.121667,136.4994855,14.67351786
Vertedero,11,2030,-5.49,36.121667,31.30733511,14.9475057
Vertedero,11,2031,-5.49,36.121667,73.63070813,13.76139628
Vertedero,11,2032,-5.49,36.121667,63.23406799,15.02232157
Vertedero,11,2033,-5.49,36.121667,74.05198942,13.65531921
Vertedero,11,2034,-5.49,36.121667,10.43811017,18.44635518
Vertedero,11,2035,-5.49,36.121667,107.4646797,13.07749329
Vertedero,11,2036,-5.49,36.121667,126.3832921,11.76103719
Vertedero,11,2037,-5.49,36.121667,14.43164597,16.22931519
Vertedero,11,2038,-5.49,36.121667,39.93247298,16.96585693
Vertedero,11,2039,-5.49,36.121667,99.65278831,11.66065674
Vertedero,11,2040,-5.49,36.121667,74.01070408,12.5390981
Vertedero,11,2041,-5.49,36.121667,29.95168695,13.16360881
Vertedero,11,2042,-5.49,36.121667,20.21149411,16.38213908
Vertedero,11,2043,-5.49,36.121667,4.988953114,18.9180776
Vertedero,11,2044,-5.49,36.121667,4.422747707,17.37414347
Vertedero,11,2045,-5.49,36.121667,13.66523954,18.17885946
Vertedero,11,2046,-5.49,36.121667,26.16726489,14.41564128
Vertedero,11,2047,-5.49,36.121667,19.73331206,16.67893372
Vertedero,11,2048,-5.49,36.121667,89.29841286,13.07190247
Vertedero,11,2049,-5.49,36.121667,50.88493345,15.29458923
Vertedero,11,2050,-5.49,36.121667,100.7548365,15.77719116
Vertedero,11,2051,-5.49,36.121667,10.0582045,18.07425842
Vertedero,11,2052,-5.49,36.121667,24.11150797,14.76038717
Vertedero,11,2053,-5.49,36.121667,6.731335175,19.53586222
Vertedero,11,2054,-5.49,36.121667,23.92839872,14.5087616
Vertedero,11,2055,-5.49,36.121667,3.189226146,16.39730326
Vertedero,11,2056,-5.49,36.121667,53.66383456,16.46003723
Vertedero,11,2057,-5.49,36.121667,51.73260921,14.23539124
Vertedero,11,2058,-5.49,36.121667,56.58804603,16.2322937
Vertedero,11,2059,-5.49,36.121667,14.66628204,16.69356893
Vertedero,11,2060,-5.49,36.121667,40.92032828,16.57963562
Vertedero,11,2061,-5.49,36.121667,15.477388,15.41601054
Vertedero,11,2062,-5.49,36.121667,69.56790841,14.33757019
Vertedero,11,2063,-5.49,36.121667,13.36822531,19.70966797
Vertedero,11,2064,-5.49,36.121667,24.37944403,20.04821472
Vertedero,11,2065,-5.49,36.121667,8.402127791,22.28623352
Vertedero,11,2066,-5.49,36.121667,46.0381075,17.57236328
Vertedero,11,2067,-5.49,36.121667,69.05093343,17.2719401
Vertedero,11,2068,-5.49,36.121667,23.03060327,17.74725952
Vertedero,11,2069,-5.49,36.121667,20.62524281,16.2659963
Vertedero,11,2070,-5.49,36.121667,34.77255267,16.5188741
Vertedero,11,2071,-5.49,36.121667,113.7402603,14.97013245
Vertedero,11,2072,-5.49,36.121667,5.236683043,19.18054708
Vertedero,11,2073,-5.49,36.121667,17.47997395,18.66700643
Vertedero,11,2074,-5.49,36.121667,92.84937958,17.38985494
Vertedero,11,2075,-5.49,36.121667,40.3302832,18.41492716
Vertedero,11,2076,-5.49,36.121667,50.36627683,14.65525818
Vertedero,11,2077,-5.49,36.121667,38.15942154,17.86218465
Vertedero,11,2078,-5.49,36.121667,76.49314641,15.48374736
Vertedero,11,2079,-5.49,36.121667,201.5120784,15.22213643
Vertedero,11,2080,-5.49,36.121667,11.01991823,20.62233582
Vertedero,11,2081,-5.49,36.121667,3.620691006,20.21032206
Vertedero,11,2082,-5.49,36.121667,9.477477465,19.00385234
Vertedero,11,2083,-5.49,36.121667,12.36584786,17.90292358
Vertedero,11,2084,-5.49,36.121667,2.133363293,19.22346293
Vertedero,11,2085,-5.49,36.121667,55.34634899,18.03472392
Vertedero,11,2086,-5.49,36.121667,19.16679264,16.96880391
Vertedero,11,2087,-5.49,36.121667,4.666991742,19.796934
Vertedero,11,2088,-5.49,36.121667,24.82491383,19.60653178
Vertedero,11,2089,-5.49,36.121667,28.01506739,20.23710938
Vertedero,11,2090,-5.49,36.121667,20.5429207,19.43281352
Vertedero,11,2091,-5.49,36.121667,58.18668672,18.17399292
Vertedero,11,2092,-5.49,36.121667,26.51763047,20.69608154
Vertedero,11,2093,-5.49,36.121667,20.38684935,19.67825317
Vertedero,11,2094,-5.49,36.121667,58.54777738,16.8765035
Vertedero,11,2095,-5.49,36.121667,3.23679085,21.50919189
Vertedero,11,2096,-5.49,36.121667,11.75700732,15.93886108
Vertedero,11,2097,-5.49,36.121667,66.67038696,17.92743429
Vertedero,11,2098,-5.49,36.121667,25.60401463,17.95900981
Vertedero,11,2099,-5.49,36.121667,16.25759672,19.96364543
Vertedero,11,2100,-5.49,36.121667,27.92409133,18.23920085
Vertedero,12,2015,-5.49,36.121667,6.128784906,13.43408407
Vertedero,12,2016,-5.49,36.121667,4.971569989,15.87442248
Vertedero,12,2017,-5.49,36.121667,38.07204934,12.29226278
Vertedero,12,2018,-5.49,36.121667,36.83788875,14.52881673
Vertedero,12,2019,-5.49,36.121667,4.814012879,12.06860657
Vertedero,12,2020,-5.49,36.121667,35.45224412,10.29891463
Vertedero,12,2021,-5.49,36.121667,16.10456286,11.81872457
Vertedero,12,2022,-5.49,36.121667,36.78543335,12.09379171
Vertedero,12,2023,-5.49,36.121667,12.14495072,13.21639404
Vertedero,12,2024,-5.49,36.121667,22.19440263,14.24582351
Vertedero,12,2025,-5.49,36.121667,45.58015965,11.04454854
Vertedero,12,2026,-5.49,36.121667,19.11412995,13.83071899
Vertedero,12,2027,-5.49,36.121667,35.88032101,12.85800578
Vertedero,12,2028,-5.49,36.121667,22.74376955,12.49347997
Vertedero,12,2029,-5.49,36.121667,52.86110689,10.02803955
Vertedero,12,2030,-5.49,36.121667,29.90675211,13.24976501
Vertedero,12,2031,-5.49,36.121667,45.6760458,9.150120036
Vertedero,12,2032,-5.49,36.121667,10.55466802,14.38765343
Vertedero,12,2033,-5.49,36.121667,38.95794092,12.02030029
Vertedero,12,2034,-5.49,36.121667,7.995759835,13.67126567
Vertedero,12,2035,-5.49,36.121667,13.95091154,11.90982564
Vertedero,12,2036,-5.49,36.121667,3.823895441,13.17870483
Vertedero,12,2037,-5.49,36.121667,26.62763275,12.86779989
Vertedero,12,2038,-5.49,36.121667,5.67631782,13.89313965
Vertedero,12,2039,-5.49,36.121667,7.462860757,11.59067891
Vertedero,12,2040,-5.49,36.121667,28.29987866,11.25072527
Vertedero,12,2041,-5.49,36.121667,3.6987211,14.69722799
Vertedero,12,2042,-5.49,36.121667,8.31448768,13.2473053
Vertedero,12,2043,-5.49,36.121667,9.925176483,14.03182576
Vertedero,12,2044,-5.49,36.121667,22.02916062,13.45995168
Vertedero,12,2045,-5.49,36.121667,8.71061031,15.4379364
Vertedero,12,2046,-5.49,36.121667,12.36059322,11.84570414
Vertedero,12,2047,-5.49,36.121667,4.93888171,15.81803691
Vertedero,12,2048,-5.49,36.121667,70.31212982,9.987470114
Vertedero,12,2049,-5.49,36.121667,22.9735907,11.2826182
Vertedero,12,2050,-5.49,36.121667,58.78968235,13.58290202
Vertedero,12,2051,-5.49,36.121667,29.39882506,12.97073263
Vertedero,12,2052,-5.49,36.121667,68.47626138,9.762600813
Vertedero,12,2053,-5.49,36.121667,35.17115506,12.17872925
Vertedero,12,2054,-5.49,36.121667,5.33137888,16.70165812
Vertedero,12,2055,-5.49,36.121667,8.311787437,14.95313009
Vertedero,12,2056,-5.49,36.121667,10.19369458,15.96810513
Vertedero,12,2057,-5.49,36.121667,23.52465738,13.49970703
Vertedero,12,2058,-5.49,36.121667,10.09592493,15.62369588
Vertedero,12,2059,-5.49,36.121667,26.56224611,14.12011515
Vertedero,12,2060,-5.49,36.121667,48.23226284,14.48059945
Vertedero,12,2061,-5.49,36.121667,26.07550337,13.12870382
Vertedero,12,2062,-5.49,36.121667,9.930844904,13.74590556
Vertedero,12,2063,-5.49,36.121667,14.92235543,16.01062927
Vertedero,12,2064,-5.49,36.121667,21.39641146,16.33248186
Vertedero,12,2065,-5.49,36.121667,3.546405818,18.29858704
Vertedero,12,2066,-5.49,36.121667,26.68104217,13.1513265
Vertedero,12,2067,-5.49,36.121667,7.556664754,15.59015808
Vertedero,12,2068,-5.49,36.121667,10.30178501,16.03307074
Vertedero,12,2069,-5.49,36.121667,9.822996386,15.50342102
Vertedero,12,2070,-5.49,36.121667,12.77268215,15.75173645
Vertedero,12,2071,-5.49,36.121667,32.56907534,13.82334086
Vertedero,12,2072,-5.49,36.121667,5.591551773,16.92798714
Vertedero,12,2073,-5.49,36.121667,10.96149878,14.94423523
Vertedero,12,2074,-5.49,36.121667,12.31113742,12.24356486
Vertedero,12,2075,-5.49,36.121667,7.489915198,15.49818624
Vertedero,12,2076,-5.49,36.121667,6.527394029,15.82555121
Vertedero,12,2077,-5.49,36.121667,83.70766852,10.82912801
Vertedero,12,2078,-5.49,36.121667,20.92947296,14.69539897
Vertedero,12,2079,-5.49,36.121667,36.69669499,11.36711731
Vertedero,12,2080,-5.49,36.121667,6.196123094,16.57609737
Vertedero,12,2081,-5.49,36.121667,6.808737067,16.47867025
Vertedero,12,2082,-5.49,36.121667,3.215897454,17.10918376
Vertedero,12,2083,-5.49,36.121667,13.78182433,15.27280986
Vertedero,12,2084,-5.49,36.121667,12.13092851,15.15858217
Vertedero,12,2085,-5.49,36.121667,14.5304417,14.70055847
Vertedero,12,2086,-5.49,36.121667,5.515630696,15.01387533
Vertedero,12,2087,-5.49,36.121667,25.8326019,15.91941223
Vertedero,12,2088,-5.49,36.121667,56.99867826,12.81648223
Vertedero,12,2089,-5.49,36.121667,30.17700499,15.23216451
Vertedero,12,2090,-5.49,36.121667,7.297425484,15.44420675
Vertedero,12,2091,-5.49,36.121667,22.773178,15.07127787
Vertedero,12,2092,-5.49,36.121667,14.19240448,16.20004399
Vertedero,12,2093,-5.49,36.121667,37.71546711,13.00346476
Vertedero,12,2094,-5.49,36.121667,5.283437468,17.36382243
Vertedero,12,2095,-5.49,36.121667,16.70439891,16.72524516
Vertedero,12,2096,-5.49,36.121667,8.181626075,16.5339789
Vertedero,12,2097,-5.49,36.121667,4.829328228,16.98823751
Vertedero,12,2098,-5.49,36.121667,14.33135212,15.9709137
Vertedero,12,2099,-5.49,36.121667,4.781744722,17.60842489
Vertedero,12,2100,-5.49,36.121667,14.13447537,16.58445638
Vertedero,2,2015,-5.49,36.121667,14.56981047,14.57076089
Vertedero,2,2016,-5.49,36.121667,37.83862141,12.70104265
Vertedero,2,2017,-5.49,36.121667,5.065305385,16.96685181
Vertedero,2,2018,-5.49,36.121667,31.66268381,13.82570147
Vertedero,2,2019,-5.49,36.121667,185.0127493,10.61895905
Vertedero,2,2020,-5.49,36.121667,8.594463899,13.2490268
Vertedero,2,2021,-5.49,36.121667,26.76689377,11.72285505
Vertedero,2,2022,-5.49,36.121667,45.50975715,11.04568089
Vertedero,2,2023,-5.49,36.121667,101.0356151,11.79682966
Vertedero,2,2024,-5.49,36.121667,4.573946058,17.44195157
Vertedero,2,2025,-5.49,36.121667,6.535795112,13.18206395
Vertedero,2,2026,-5.49,36.121667,11.66783703,14.16746129
Vertedero,2,2027,-5.49,36.121667,33.73916766,13.05458439
Vertedero,2,2028,-5.49,36.121667,3.982498601,19.15207351
Vertedero,2,2029,-5.49,36.121667,109.3393032,13.75003749
Vertedero,2,2030,-5.49,36.121667,52.7497214,13.15426897
Vertedero,2,2031,-5.49,36.121667,36.98701311,13.16404005
Vertedero,2,2032,-5.49,36.121667,83.47499147,13.18983428
Vertedero,2,2033,-5.49,36.121667,6.211673097,16.20361481
Vertedero,2,2034,-5.49,36.121667,39.86085528,13.31590642
Vertedero,2,2035,-5.49,36.121667,3.017092834,17.10372641
Vertedero,2,2036,-5.49,36.121667,41.31163342,16.41458782
Vertedero,2,2037,-5.49,36.121667,63.69505206,11.75916116
Vertedero,2,2038,-5.49,36.121667,44.2500466,11.89224505
Vertedero,2,2039,-5.49,36.121667,7.519027343,17.91934902
Vertedero,2,2040,-5.49,36.121667,21.37125845,11.88285901
Vertedero,2,2041,-5.49,36.121667,12.20232961,16.15583082
Vertedero,2,2042,-5.49,36.121667,5.193737142,18.10212097
Vertedero,2,2043,-5.49,36.121667,38.03176293,13.80122855
Vertedero,2,2044,-5.49,36.121667,13.87306832,15.29949341
Vertedero,2,2045,-5.49,36.121667,73.69899398,13.38610774
Vertedero,2,2046,-5.49,36.121667,31.11692021,11.72497711
Vertedero,2,2047,-5.49,36.121667,18.46390275,15.56415274
Vertedero,2,2048,-5.49,36.121667,33.60406368,15.53599306
Vertedero,2,2049,-5.49,36.121667,3.420293785,17.92996041
Vertedero,2,2050,-5.49,36.121667,31.51459089,13.42756805
Vertedero,2,2051,-5.49,36.121667,47.36270387,12.67746342
Vertedero,2,2052,-5.49,36.121667,38.31291386,15.05512338
Vertedero,2,2053,-5.49,36.121667,27.64035552,15.44180886
Vertedero,2,2054,-5.49,36.121667,1.238324914,14.69081704
Vertedero,2,2055,-5.49,36.121667,41.02320512,15.19086282
Vertedero,2,2056,-5.49,36.121667,14.1349381,14.00679721
Vertedero,2,2057,-5.49,36.121667,29.75616039,14.67676915
Vertedero,2,2058,-5.49,36.121667,15.19345171,13.9183136
Vertedero,2,2059,-5.49,36.121667,1.773494946,19.94941973
Vertedero,2,2060,-5.49,36.121667,10.7399819,16.91478566
Vertedero,2,2061,-5.49,36.121667,2.22988375,16.40461557
Vertedero,2,2062,-5.49,36.121667,17.77798842,13.72879617
Vertedero,2,2063,-5.49,36.121667,26.2782244,14.64788644
Vertedero,2,2064,-5.49,36.121667,6.393649779,18.60786617
Vertedero,2,2065,-5.49,36.121667,10.11374081,19.35372641
Vertedero,2,2066,-5.49,36.121667,2.66746678,17.36077053
Vertedero,2,2067,-5.49,36.121667,3.723698201,18.18328901
Vertedero,2,2068,-5.49,36.121667,34.51148897,16.02246957
Vertedero,2,2069,-5.49,36.121667,42.36405428,13.17243783
Vertedero,2,2070,-5.49,36.121667,23.10114166,16.22956129
Vertedero,2,2071,-5.49,36.121667,7.683422874,15.88303419
Vertedero,2,2072,-5.49,36.121667,81.36074656,12.4333635
Vertedero,2,2073,-5.49,36.121667,31.05660162,15.20925293
Vertedero,2,2074,-5.49,36.121667,63.72351679,11.94283338
Vertedero,2,2075,-5.49,36.121667,5.077408782,18.657821
Vertedero,2,2076,-5.49,36.121667,2.727674548,18.3310128
Vertedero,2,2077,-5.49,36.121667,3.564193828,17.12507891
Vertedero,2,2078,-5.49,36.121667,34.2132874,15.78180302
Vertedero,2,2079,-5.49,36.121667,11.22785919,15.08473794
Vertedero,2,2080,-5.49,36.121667,41.86569636,15.01837179
Vertedero,2,2081,-5.49,36.121667,3.036246829,18.63596606
Vertedero,2,2082,-5.49,36.121667,27.19194534,15.07352055
Vertedero,2,2083,-5.49,36.121667,13.24667414,17.34159895
Vertedero,2,2084,-5.49,36.121667,9.546791149,15.69919686
Vertedero,2,2085,-5.49,36.121667,23.00298136,14.00052468
Vertedero,2,2086,-5.49,36.121667,1.590117889,16.89910278
Vertedero,2,2087,-5.49,36.121667,77.81132366,14.90994524
Vertedero,2,2088,-5.49,36.121667,2.430025805,21.47169989
Vertedero,2,2089,-5.49,36.121667,11.60954042,17.26743251
Vertedero,2,2090,-5.49,36.121667,33.36357444,15.75245492
Vertedero,2,2091,-5.49,36.121667,34.05711415,17.56029445
Vertedero,2,2092,-5.49,36.121667,12.91448622,17.41041744
Vertedero,2,2093,-5.49,36.121667,10.77370415,19.69385463
Vertedero,2,2094,-5.49,36.121667,23.53838052,16.55590428
Vertedero,2,2095,-5.49,36.121667,73.78635141,16.44030805
Vertedero,2,2096,-5.49,36.121667,35.01943861,18.72443595
Vertedero,2,2097,-5.49,36.121667,22.32224953,17.31812112
Vertedero,2,2098,-5.49,36.121667,5.351397064,16.21436789
Vertedero,2,2099,-5.49,36.121667,71.71365464,15.17683454
Vertedero,2,2100,-5.49,36.121667,65.26522506,16.59628448
Vertedero,3,2015,-5.49,36.121667,26.45870958,17.18081744
Vertedero,3,2016,-5.49,36.121667,19.43215064,15.7408337
Vertedero,3,2017,-5.49,36.121667,105.5384878,16.24716856
Vertedero,3,2018,-5.49,36.121667,7.535120798,19.12004611
Vertedero,3,2019,-5.49,36.121667,168.0597814,9.664931562
Vertedero,3,2020,-5.49,36.121667,23.4351824,19.67917835
Vertedero,3,2021,-5.49,36.121667,15.21045902,19.6312628
Vertedero,3,2022,-5.49,36.121667,71.33250881,14.00098326
Vertedero,3,2023,-5.49,36.121667,69.5378161,15.17560976
Vertedero,3,2024,-5.49,36.121667,15.77438575,21.08045989
Vertedero,3,2025,-5.49,36.121667,146.6934402,12.40133254
Vertedero,3,2026,-5.49,36.121667,13.70171538,19.43623972
Vertedero,3,2027,-5.49,36.121667,15.76064008,17.38765574
Vertedero,3,2028,-5.49,36.121667,30.7844919,18.54216821
Vertedero,3,2029,-5.49,36.121667,48.52270679,15.60094112
Vertedero,3,2030,-5.49,36.121667,67.51970454,13.7736086
Vertedero,3,2031,-5.49,36.121667,26.11496125,18.27358005
Vertedero,3,2032,-5.49,36.121667,46.23059434,11.31617077
Vertedero,3,2033,-5.49,36.121667,38.6165762,20.04831799
Vertedero,3,2034,-5.49,36.121667,70.75214019,16.73075601
Vertedero,3,2035,-5.49,36.121667,75.38040349,14.70197301
Vertedero,3,2036,-5.49,36.121667,10.38677296,18.16616605
Vertedero,3,2037,-5.49,36.121667,54.92317319,14.91591305
Vertedero,3,2038,-5.49,36.121667,29.31543225,17.67774796
Vertedero,3,2039,-5.49,36.121667,21.73950002,17.05975617
Vertedero,3,2040,-5.49,36.121667,85.46420567,11.17369109
Vertedero,3,2041,-5.49,36.121667,73.94192973,15.06253623
Vertedero,3,2042,-5.49,36.121667,19.76918234,22.45503757
Vertedero,3,2043,-5.49,36.121667,9.013005929,23.30903557
Vertedero,3,2044,-5.49,36.121667,72.09224914,13.4355644
Vertedero,3,2045,-5.49,36.121667,34.82527783,15.32815926
Vertedero,3,2046,-5.49,36.121667,29.22588556,13.52948471
Vertedero,3,2047,-5.49,36.121667,16.57882865,19.72897615
Vertedero,3,2048,-5.49,36.121667,71.42658278,14.22704271
Vertedero,3,2049,-5.49,36.121667,3.845047498,22.51200502
Vertedero,3,2050,-5.49,36.121667,37.15502091,18.59372716
Vertedero,3,2051,-5.49,36.121667,52.52821149,16.43840549
Vertedero,3,2052,-5.49,36.121667,67.39301501,16.73119802
Vertedero,3,2053,-5.49,36.121667,108.3771368,17.42418331
Vertedero,3,2054,-5.49,36.121667,11.44420286,20.84882655
Vertedero,3,2055,-5.49,36.121667,13.50504863,21.78392157
Vertedero,3,2056,-5.49,36.121667,12.84990747,19.77203842
Vertedero,3,2057,-5.49,36.121667,5.597416947,20.82131249
Vertedero,3,2058,-5.49,36.121667,30.45676001,16.64809373
Vertedero,3,2059,-5.49,36.121667,52.8448476,15.75064559
Vertedero,3,2060,-5.49,36.121667,40.69250205,13.69506226
Vertedero,3,2061,-5.49,36.121667,58.22297291,17.51495834
Vertedero,3,2062,-5.49,36.121667,27.52221808,18.82247019
Vertedero,3,2063,-5.49,36.121667,31.12032769,17.40328861
Vertedero,3,2064,-5.49,36.121667,16.47364152,19.28947675
Vertedero,3,2065,-5.49,36.121667,35.71951917,21.82615888
Vertedero,3,2066,-5.49,36.121667,45.86706753,17.67965088
Vertedero,3,2067,-5.49,36.121667,18.51081409,18.35183795
Vertedero,3,2068,-5.49,36.121667,5.69116061,22.16350708
Vertedero,3,2069,-5.49,36.121667,8.855318825,20.63752087
Vertedero,3,2070,-5.49,36.121667,8.033605454,20.31485556
Vertedero,3,2071,-5.49,36.121667,24.83206966,20.73268354
Vertedero,3,2072,-5.49,36.121667,45.55816777,19.01602153
Vertedero,3,2073,-5.49,36.121667,62.51830533,16.42788775
Vertedero,3,2074,-5.49,36.121667,9.726548565,17.33389656
Vertedero,3,2075,-5.49,36.121667,6.195199961,21.98520961
Vertedero,3,2076,-5.49,36.121667,40.30512606,22.80669753
Vertedero,3,2077,-5.49,36.121667,17.87014649,20.22502264
Vertedero,3,2078,-5.49,36.121667,38.83696675,16.96218065
Vertedero,3,2079,-5.49,36.121667,12.57042902,24.94627607
Vertedero,3,2080,-5.49,36.121667,69.04058665,18.39354662
Vertedero,3,2081,-5.49,36.121667,38.41540191,18.00745889
Vertedero,3,2082,-5.49,36.121667,70.28042363,19.47767078
Vertedero,3,2083,-5.49,36.121667,28.30544857,21.67705098
Vertedero,3,2084,-5.49,36.121667,4.927090843,20.28949939
Vertedero,3,2085,-5.49,36.121667,20.48469606,20.81546001
Vertedero,3,2086,-5.49,36.121667,21.81826285,23.67495216
Vertedero,3,2087,-5.49,36.121667,93.96793793,18.30102618
Vertedero,3,2088,-5.49,36.121667,39.73119022,21.05697218
Vertedero,3,2089,-5.49,36.121667,91.21321279,17.27991786
Vertedero,3,2090,-5.49,36.121667,4.370328119,23.084691
Vertedero,3,2091,-5.49,36.121667,14.3436489,17.64252969
Vertedero,3,2092,-5.49,36.121667,44.41100748,17.64765566
Vertedero,3,2093,-5.49,36.121667,21.41733317,21.88523205
Vertedero,3,2094,-5.49,36.121667,27.80416139,18.74489845
Vertedero,3,2095,-5.49,36.121667,65.817161,18.22612817
Vertedero,3,2096,-5.49,36.121667,74.42455975,16.97678971
Vertedero,3,2097,-5.49,36.121667,2.791301916,23.27640538
Vertedero,3,2098,-5.49,36.121667,118.6460272,17.52108647
Vertedero,3,2099,-5.49,36.121667,23.95924836,18.0075278
Vertedero,3,2100,-5.49,36.121667,56.03438192,15.37172458
Vertedero,4,2015,-5.49,36.121667,87.86248798,19.57067362
Vertedero,4,2016,-5.49,36.121667,35.79372671,22.69273275
Vertedero,4,2017,-5.49,36.121667,57.44957881,17.03928324
Vertedero,4,2018,-5.49,36.121667,116.2329407,15.29573669
Vertedero,4,2019,-5.49,36.121667,32.65841101,21.55523071
Vertedero,4,2020,-5.49,36.121667,67.45486354,18.47242839
Vertedero,4,2021,-5.49,36.121667,18.54044087,22.83532003
Vertedero,4,2022,-5.49,36.121667,82.88314428,18.75323385
Vertedero,4,2023,-5.49,36.121667,146.8125136,18.43040365
Vertedero,4,2024,-5.49,36.121667,88.62293252,19.52241516
Vertedero,4,2025,-5.49,36.121667,13.78797552,19.15357768
Vertedero,4,2026,-5.49,36.121667,43.43252509,20.88469747
Vertedero,4,2027,-5.49,36.121667,82.54021006,18.10240479
Vertedero,4,2028,-5.49,36.121667,20.22154302,24.53240763
Vertedero,4,2029,-5.49,36.121667,22.24775606,19.30502828
Vertedero,4,2030,-5.49,36.121667,64.52871006,17.10439657
Vertedero,4,2031,-5.49,36.121667,24.26239004,21.84936218
Vertedero,4,2032,-5.49,36.121667,138.2182586,14.94075724
Vertedero,4,2033,-5.49,36.121667,99.22584133,22.43808289
Vertedero,4,2034,-5.49,36.121667,81.70727469,18.81167908
Vertedero,4,2035,-5.49,36.121667,36.99571673,18.95671488
Vertedero,4,2036,-5.49,36.121667,37.83937474,19.47100932
Vertedero,4,2037,-5.49,36.121667,26.32546598,22.57909953
Vertedero,4,2038,-5.49,36.121667,147.8563954,18.43634338
Vertedero,4,2039,-5.49,36.121667,45.27259524,20.05516561
Vertedero,4,2040,-5.49,36.121667,9.039623157,23.76280009
Vertedero,4,2041,-5.49,36.121667,22.86326513,21.83891703
Vertedero,4,2042,-5.49,36.121667,33.94099231,23.18892008
Vertedero,4,2043,-5.49,36.121667,68.25509976,20.97629089
Vertedero,4,2044,-5.49,36.121667,57.16349507,20.90174561
Vertedero,4,2045,-5.49,36.121667,68.51471261,20.91806539
Vertedero,4,2046,-5.49,36.121667,48.68266468,20.55599772
Vertedero,4,2047,-5.49,36.121667,89.76571564,20.65195414
Vertedero,4,2048,-5.49,36.121667,32.67431126,20.17188924
Vertedero,4,2049,-5.49,36.121667,46.36887444,21.48042806
Vertedero,4,2050,-5.49,36.121667,33.19186743,20.6683075
Vertedero,4,2051,-5.49,36.121667,73.62048062,21.68225911
Vertedero,4,2052,-5.49,36.121667,60.74403183,22.77076721
Vertedero,4,2053,-5.49,36.121667,39.06968157,20.5127655
Vertedero,4,2054,-5.49,36.121667,53.49471236,19.25634664
Vertedero,4,2055,-5.49,36.121667,12.10157535,22.74573873
Vertedero,4,2056,-5.49,36.121667,26.57969131,21.82719218
Vertedero,4,2057,-5.49,36.121667,35.13334241,22.13349813
Vertedero,4,2058,-5.49,36.121667,50.59102623,23.98185221
Vertedero,4,2059,-5.49,36.121667,54.59427416,19.80013123
Vertedero,4,2060,-5.49,36.121667,33.47332407,21.47748515
Vertedero,4,2061,-5.49,36.121667,136.0967294,18.39075216
Vertedero,4,2062,-5.49,36.121667,30.01956779,21.12775269
Vertedero,4,2063,-5.49,36.121667,64.88538922,23.11969096
Vertedero,4,2064,-5.49,36.121667,77.5519317,17.18729451
Vertedero,4,2065,-5.49,36.121667,27.688848,20.90126444
Vertedero,4,2066,-5.49,36.121667,68.05680791,17.25269674
Vertedero,4,2067,-5.49,36.121667,42.31006066,19.97169902
Vertedero,4,2068,-5.49,36.121667,71.89572297,22.9223348
Vertedero,4,2069,-5.49,36.121667,36.79719789,21.75903219
Vertedero,4,2070,-5.49,36.121667,40.80958627,19.42858785
Vertedero,4,2071,-5.49,36.121667,13.18293547,24.55962931
Vertedero,4,2072,-5.49,36.121667,89.99401272,19.79191589
Vertedero,4,2073,-5.49,36.121667,16.14808347,21.0318339
Vertedero,4,2074,-5.49,36.121667,44.51140806,22.12667948
Vertedero,4,2075,-5.49,36.121667,28.88782768,23.24069926
Vertedero,4,2076,-5.49,36.121667,21.25901373,27.31565348
Vertedero,4,2077,-5.49,36.121667,51.924381,22.47716064
Vertedero,4,2078,-5.49,36.121667,49.24093729,18.44144389
Vertedero,4,2079,-5.49,36.121667,14.72400152,24.79536947
Vertedero,4,2080,-5.49,36.121667,39.60308983,25.24144897
Vertedero,4,2081,-5.49,36.121667,23.26408011,26.90972392
Vertedero,4,2082,-5.49,36.121667,49.25815387,20.59119568
Vertedero,4,2083,-5.49,36.121667,56.75471463,22.762087
Vertedero,4,2084,-5.49,36.121667,68.93207786,20.69569092
Vertedero,4,2085,-5.49,36.121667,14.43230611,27.62428792
Vertedero,4,2086,-5.49,36.121667,30.60147192,21.01143087
Vertedero,4,2087,-5.49,36.121667,37.9137732,20.03645732
Vertedero,4,2088,-5.49,36.121667,42.6447561,22.78858846
Vertedero,4,2089,-5.49,36.121667,53.2581244,24.99601135
Vertedero,4,2090,-5.49,36.121667,56.5441794,24.48395487
Vertedero,4,2091,-5.49,36.121667,74.37811879,15.99112447
Vertedero,4,2092,-5.49,36.121667,52.26855493,22.24474589
Vertedero,4,2093,-5.49,36.121667,43.73127126,21.67102458
Vertedero,4,2094,-5.49,36.121667,85.59098994,21.60351563
Vertedero,4,2095,-5.49,36.121667,62.6663415,22.5458964
Vertedero,4,2096,-5.49,36.121667,57.27413443,22.68220317
Vertedero,4,2097,-5.49,36.121667,21.86820321,26.37398885
Vertedero,4,2098,-5.49,36.121667,7.246157066,23.53695475
Vertedero,4,2099,-5.49,36.121667,19.92059818,26.52759298
Vertedero,4,2100,-5.49,36.121667,57.6123769,22.36635437
Vertedero,5,2015,-5.49,36.121667,58.50697235,21.60629548
Vertedero,5,2016,-5.49,36.121667,138.3513079,19.77156982
Vertedero,5,2017,-5.49,36.121667,27.5489445,25.47255072
Vertedero,5,2018,-5.49,36.121667,88.62303758,21.26040433
Vertedero,5,2019,-5.49,36.121667,36.26992025,22.27579306
Vertedero,5,2020,-5.49,36.121667,71.88665975,20.58899989
Vertedero,5,2021,-5.49,36.121667,42.35509003,23.43939878
Vertedero,5,2022,-5.49,36.121667,211.8972068,17.80828838
Vertedero,5,2023,-5.49,36.121667,117.6029296,21.98580322
Vertedero,5,2024,-5.49,36.121667,61.38524168,24.72121779
Vertedero,5,2025,-5.49,36.121667,35.52987472,22.07111167
Vertedero,5,2026,-5.49,36.121667,166.5812364,19.24651981
Vertedero,5,2027,-5.49,36.121667,69.46527846,21.37927226
Vertedero,5,2028,-5.49,36.121667,152.8606314,21.55990679
Vertedero,5,2029,-5.49,36.121667,43.53405474,19.47316402
Vertedero,5,2030,-5.49,36.121667,24.01178251,26.27144874
Vertedero,5,2031,-5.49,36.121667,123.5393762,20.48302219
Vertedero,5,2032,-5.49,36.121667,24.25704659,22.06738163
Vertedero,5,2033,-5.49,36.121667,45.24487711,20.57099649
Vertedero,5,2034,-5.49,36.121667,182.3882357,18.32079172
Vertedero,5,2035,-5.49,36.121667,69.1253913,23.58211473
Vertedero,5,2036,-5.49,36.121667,18.87312645,23.11432456
Vertedero,5,2037,-5.49,36.121667,100.6629358,21.16413417
Vertedero,5,2038,-5.49,36.121667,87.05578845,16.34321033
Vertedero,5,2039,-5.49,36.121667,71.07853764,24.63311256
Vertedero,5,2040,-5.49,36.121667,38.08209067,22.07991254
Vertedero,5,2041,-5.49,36.121667,154.1057515,18.23390129
Vertedero,5,2042,-5.49,36.121667,188.6427189,21.97253989
Vertedero,5,2043,-5.49,36.121667,150.8958159,21.68403557
Vertedero,5,2044,-5.49,36.121667,67.46099196,22.73804676
Vertedero,5,2045,-5.49,36.121667,150.748228,23.64582559
Vertedero,5,2046,-5.49,36.121667,39.82846048,21.70578869
Vertedero,5,2047,-5.49,36.121667,86.18165064,22.50242152
Vertedero,5,2048,-5.49,36.121667,323.682587,19.73470065
Vertedero,5,2049,-5.49,36.121667,86.35707887,24.33043134
Vertedero,5,2050,-5.49,36.121667,43.46663676,25.44300084
Vertedero,5,2051,-5.49,36.121667,96.07221058,22.67675466
Vertedero,5,2052,-5.49,36.121667,85.50285693,23.31927175
Vertedero,5,2053,-5.49,36.121667,29.8770029,28.68845766
Vertedero,5,2054,-5.49,36.121667,98.97931267,24.15765361
Vertedero,5,2055,-5.49,36.121667,128.1420481,23.61253682
Vertedero,5,2056,-5.49,36.121667,70.60894838,20.49379194
Vertedero,5,2057,-5.49,36.121667,91.80428197,21.68944997
Vertedero,5,2058,-5.49,36.121667,123.4541159,22.23545178
Vertedero,5,2059,-5.49,36.121667,50.15906123,26.54707957
Vertedero,5,2060,-5.49,36.121667,84.45015819,27.35008466
Vertedero,5,2061,-5.49,36.121667,81.14730518,21.64845995
Vertedero,5,2062,-5.49,36.121667,186.3312341,24.90653037
Vertedero,5,2063,-5.49,36.121667,41.47550218,22.16215643
Vertedero,5,2064,-5.49,36.121667,42.52060308,26.76644582
Vertedero,5,2065,-5.49,36.121667,43.72690116,26.64478504
Vertedero,5,2066,-5.49,36.121667,109.0226421,27.27146252
Vertedero,5,2067,-5.49,36.121667,57.87019529,23.41695655
Vertedero,5,2068,-5.49,36.121667,55.86815514,26.13302691
Vertedero,5,2069,-5.49,36.121667,81.8964277,19.87207996
Vertedero,5,2070,-5.49,36.121667,62.27860299,25.51956649
Vertedero,5,2071,-5.49,36.121667,120.3991724,25.8618861
Vertedero,5,2072,-5.49,36.121667,46.94324153,26.27910865
Vertedero,5,2073,-5.49,36.121667,44.76553507,28.7691609
Vertedero,5,2074,-5.49,36.121667,64.88351439,27.24511207
Vertedero,5,2075,-5.49,36.121667,31.6262349,25.26304754
Vertedero,5,2076,-5.49,36.121667,109.0523111,26.45874988
Vertedero,5,2077,-5.49,36.121667,50.59997549,27.11236946
Vertedero,5,2078,-5.49,36.121667,41.52823286,24.33674356
Vertedero,5,2079,-5.49,36.121667,176.6556311,23.09266101
Vertedero,5,2080,-5.49,36.121667,70.58164034,24.9142523
Vertedero,5,2081,-5.49,36.121667,31.32554634,30.16621625
Vertedero,5,2082,-5.49,36.121667,58.11653704,25.64277974
Vertedero,5,2083,-5.49,36.121667,36.89573051,28.88497314
Vertedero,5,2084,-5.49,36.121667,174.4798067,23.03086095
Vertedero,5,2085,-5.49,36.121667,58.21868415,27.05727933
Vertedero,5,2086,-5.49,36.121667,24.74122791,28.07571096
Vertedero,5,2087,-5.49,36.121667,66.48398329,22.26243326
Vertedero,5,2088,-5.49,36.121667,130.9211258,24.41585496
Vertedero,5,2089,-5.49,36.121667,149.8192829,23.63888432
Vertedero,5,2090,-5.49,36.121667,35.08903591,25.64143204
Vertedero,5,2091,-5.49,36.121667,136.180243,24.60766287
Vertedero,5,2092,-5.49,36.121667,209.2063419,17.81710304
Vertedero,5,2093,-5.49,36.121667,41.67396689,27.26116825
Vertedero,5,2094,-5.49,36.121667,57.97844757,22.27936657
Vertedero,5,2095,-5.49,36.121667,162.8841436,20.11703964
Vertedero,5,2096,-5.49,36.121667,99.80302305,25.663955
Vertedero,5,2097,-5.49,36.121667,90.0503468,24.89924553
Vertedero,5,2098,-5.49,36.121667,55.19391357,29.9289283
Vertedero,5,2099,-5.49,36.121667,62.68349494,28.27200987
Vertedero,5,2100,-5.49,36.121667,48.72335886,24.18601626
Vertedero,6,2015,-5.49,36.121667,65.02207562,27.36278076
Vertedero,6,2016,-5.49,36.121667,105.7720591,22.05162048
Vertedero,6,2017,-5.49,36.121667,52.95637463,28.18379618
Vertedero,6,2018,-5.49,36.121667,43.99578635,24.93464152
Vertedero,6,2019,-5.49,36.121667,93.37965096,27.26351827
Vertedero,6,2020,-5.49,36.121667,141.4502851,27.50091044
Vertedero,6,2021,-5.49,36.121667,81.98725118,26.01781006
Vertedero,6,2022,-5.49,36.121667,103.270846,20.19614563
Vertedero,6,2023,-5.49,36.121667,121.3787989,24.63379008
Vertedero,6,2024,-5.49,36.121667,89.56628884,26.50597331
Vertedero,6,2025,-5.49,36.121667,93.80588898,26.98196004
Vertedero,6,2026,-5.49,36.121667,58.83480749,27.22653605
Vertedero,6,2027,-5.49,36.121667,80.5848135,22.64336344
Vertedero,6,2028,-5.49,36.121667,54.74103249,26.56425781
Vertedero,6,2029,-5.49,36.121667,190.3887356,24.0565094
Vertedero,6,2030,-5.49,36.121667,76.5893831,26.80871684
Vertedero,6,2031,-5.49,36.121667,87.75875283,27.03983154
Vertedero,6,2032,-5.49,36.121667,112.908465,26.19483439
Vertedero,6,2033,-5.49,36.121667,49.4912098,27.81958313
Vertedero,6,2034,-5.49,36.121667,49.902306,28.17304993
Vertedero,6,2035,-5.49,36.121667,68.4432159,25.72252197
Vertedero,6,2036,-5.49,36.121667,95.37708534,28.37675781
Vertedero,6,2037,-5.49,36.121667,137.6256641,24.86460673
Vertedero,6,2038,-5.49,36.121667,50.56450606,27.8595459
Vertedero,6,2039,-5.49,36.121667,97.14923529,29.34813741
Vertedero,6,2040,-5.49,36.121667,63.84338615,29.60387573
Vertedero,6,2041,-5.49,36.121667,86.25601513,24.72249959
Vertedero,6,2042,-5.49,36.121667,43.18108,27.27174072
Vertedero,6,2043,-5.49,36.121667,79.0065604,28.05234578
Vertedero,6,2044,-5.49,36.121667,24.46292926,28.18286438
Vertedero,6,2045,-5.49,36.121667,113.4771025,28.19390462
Vertedero,6,2046,-5.49,36.121667,60.07813752,28.74308065
Vertedero,6,2047,-5.49,36.121667,68.20255923,28.39170125
Vertedero,6,2048,-5.49,36.121667,94.64614616,22.35031738
Vertedero,6,2049,-5.49,36.121667,103.3846409,26.76169128
Vertedero,6,2050,-5.49,36.121667,67.81809187,29.01478475
Vertedero,6,2051,-5.49,36.121667,102.0779762,27.1407959
Vertedero,6,2052,-5.49,36.121667,55.84193237,25.69975891
Vertedero,6,2053,-5.49,36.121667,273.6467403,27.82781982
Vertedero,6,2054,-5.49,36.121667,49.70311989,27.05073242
Vertedero,6,2055,-5.49,36.121667,81.23962428,25.67949015
Vertedero,6,2056,-5.49,36.121667,71.73594912,28.1911733
Vertedero,6,2057,-5.49,36.121667,62.71494995,28.4851003
Vertedero,6,2058,-5.49,36.121667,51.84098854,27.00781657
Vertedero,6,2059,-5.49,36.121667,154.4920027,28.35033061
Vertedero,6,2060,-5.49,36.121667,127.7266344,27.0344635
Vertedero,6,2061,-5.49,36.121667,39.87104474,29.68833313
Vertedero,6,2062,-5.49,36.121667,69.73538671,23.85950623
Vertedero,6,2063,-5.49,36.121667,53.83677731,29.14246521
Vertedero,6,2064,-5.49,36.121667,116.5859344,29.04710592
Vertedero,6,2065,-5.49,36.121667,51.11493377,28.57959493
Vertedero,6,2066,-5.49,36.121667,106.1240813,27.66340027
Vertedero,6,2067,-5.49,36.121667,108.498729,26.09935099
Vertedero,6,2068,-5.49,36.121667,205.36812,28.80492655
Vertedero,6,2069,-5.49,36.121667,119.0087315,26.24837138
Vertedero,6,2070,-5.49,36.121667,64.99962891,29.55285034
Vertedero,6,2071,-5.49,36.121667,59.59139343,28.58878886
Vertedero,6,2072,-5.49,36.121667,118.0505916,28.56635335
Vertedero,6,2073,-5.49,36.121667,213.5656878,28.00326233
Vertedero,6,2074,-5.49,36.121667,263.5225136,25.44019979
Vertedero,6,2075,-5.49,36.121667,128.0955849,29.34224243
Vertedero,6,2076,-5.49,36.121667,164.681577,28.2864329
Vertedero,6,2077,-5.49,36.121667,105.7536216,30.00775757
Vertedero,6,2078,-5.49,36.121667,87.22604917,28.55781453
Vertedero,6,2079,-5.49,36.121667,107.1500672,29.15690308
Vertedero,6,2080,-5.49,36.121667,71.20039291,28.8391805
Vertedero,6,2081,-5.49,36.121667,121.8464228,29.2784963
Vertedero,6,2082,-5.49,36.121667,83.82742524,28.88287354
Vertedero,6,2083,-5.49,36.121667,46.43140206,30.46647441
Vertedero,6,2084,-5.49,36.121667,108.7623716,27.75553894
Vertedero,6,2085,-5.49,36.121667,61.08409855,31.73824565
Vertedero,6,2086,-5.49,36.121667,120.4340199,26.52363688
Vertedero,6,2087,-5.49,36.121667,129.0581286,30.18581136
Vertedero,6,2088,-5.49,36.121667,106.1529854,26.95941772
Vertedero,6,2089,-5.49,36.121667,70.64678834,28.30250956
Vertedero,6,2090,-5.49,36.121667,135.8446835,27.33485819
Vertedero,6,2091,-5.49,36.121667,84.70816733,31.70746257
Vertedero,6,2092,-5.49,36.121667,99.13115991,28.89022522
Vertedero,6,2093,-5.49,36.121667,266.0208297,27.43182475
Vertedero,6,2094,-5.49,36.121667,64.5652692,32.04562378
Vertedero,6,2095,-5.49,36.121667,47.86248485,29.12627563
Vertedero,6,2096,-5.49,36.121667,100.3021906,29.72119751
Vertedero,6,2097,-5.49,36.121667,125.3675727,30.97142639
Vertedero,6,2098,-5.49,36.121667,186.3437394,29.10294698
Vertedero,6,2099,-5.49,36.121667,194.7813587,27.31389567
Vertedero,6,2100,-5.49,36.121667,73.06521979,32.16689758
Vertedero,7,2015,-5.49,36.121667,45.05125663,32.24889329
Vertedero,7,2016,-5.49,36.121667,122.1238722,28.84056515
Vertedero,7,2017,-5.49,36.121667,49.41304877,31.69620027
Vertedero,7,2018,-5.49,36.121667,103.535482,30.40673316
Vertedero,7,2019,-5.49,36.121667,55.73107892,30.89425935
Vertedero,7,2020,-5.49,36.121667,86.76051974,29.89248145
Vertedero,7,2021,-5.49,36.121667,113.4036428,31.37604823
Vertedero,7,2022,-5.49,36.121667,49.93437064,31.26061992
Vertedero,7,2023,-5.49,36.121667,109.7349308,27.69992144
Vertedero,7,2024,-5.49,36.121667,79.44941846,32.91988132
Vertedero,7,2025,-5.49,36.121667,102.2722371,31.76628044
Vertedero,7,2026,-5.49,36.121667,75.76580291,32.74622645
Vertedero,7,2027,-5.49,36.121667,52.19703916,31.82512424
Vertedero,7,2028,-5.49,36.121667,111.7422239,31.39293233
Vertedero,7,2029,-5.49,36.121667,59.79149348,29.90450439
Vertedero,7,2030,-5.49,36.121667,65.36251554,34.00753961
Vertedero,7,2031,-5.49,36.121667,116.4973814,32.28933598
Vertedero,7,2032,-5.49,36.121667,55.15913379,29.84560055
Vertedero,7,2033,-5.49,36.121667,41.07522805,31.86024603
Vertedero,7,2034,-5.49,36.121667,103.4365099,29.95746224
Vertedero,7,2035,-5.49,36.121667,147.2266471,30.48364632
Vertedero,7,2036,-5.49,36.121667,56.24751431,32.27286731
Vertedero,7,2037,-5.49,36.121667,69.34635807,31.55461544
Vertedero,7,2038,-5.49,36.121667,51.72497496,32.76675297
Vertedero,7,2039,-5.49,36.121667,73.2819168,33.41194675
Vertedero,7,2040,-5.49,36.121667,120.0973992,29.32339852
Vertedero,7,2041,-5.49,36.121667,58.49894244,30.62692044
Vertedero,7,2042,-5.49,36.121667,46.2241658,33.4123543
Vertedero,7,2043,-5.49,36.121667,89.82254262,33.13799537
Vertedero,7,2044,-5.49,36.121667,50.79247153,31.83885026
Vertedero,7,2045,-5.49,36.121667,75.24543398,32.27850125
Vertedero,7,2046,-5.49,36.121667,45.6709581,31.77167713
Vertedero,7,2047,-5.49,36.121667,64.86022873,32.52726775
Vertedero,7,2048,-5.49,36.121667,38.81596466,30.95882667
Vertedero,7,2049,-5.49,36.121667,130.7178477,30.89594175
Vertedero,7,2050,-5.49,36.121667,91.11240421,31.30678514
Vertedero,7,2051,-5.49,36.121667,87.38170513,32.79405636
Vertedero,7,2052,-5.49,36.121667,58.1318449,33.53016594
Vertedero,7,2053,-5.49,36.121667,106.9058542,29.75373082
Vertedero,7,2054,-5.49,36.121667,96.24947358,33.35820037
Vertedero,7,2055,-5.49,36.121667,37.32546073,32.67414492
Vertedero,7,2056,-5.49,36.121667,63.73396168,33.57778616
Vertedero,7,2057,-5.49,36.121667,50.34589323,33.63474574
Vertedero,7,2058,-5.49,36.121667,50.51577399,34.03094955
Vertedero,7,2059,-5.49,36.121667,56.53100131,32.87664283
Vertedero,7,2060,-5.49,36.121667,68.41922771,32.83615191
Vertedero,7,2061,-5.49,36.121667,74.86542071,33.37883222
Vertedero,7,2062,-5.49,36.121667,88.28173686,32.45699857
Vertedero,7,2063,-5.49,36.121667,87.00836107,34.3799279
Vertedero,7,2064,-5.49,36.121667,83.99385291,34.67037944
Vertedero,7,2065,-5.49,36.121667,127.4310797,32.39025859
Vertedero,7,2066,-5.49,36.121667,48.86908607,33.12091537
Vertedero,7,2067,-5.49,36.121667,89.00362207,32.22923899
Vertedero,7,2068,-5.49,36.121667,49.54871564,34.00135833
Vertedero,7,2069,-5.49,36.121667,64.76144322,33.60570679
Vertedero,7,2070,-5.49,36.121667,67.23807051,33.08290917
Vertedero,7,2071,-5.49,36.121667,70.24851451,34.21290126
Vertedero,7,2072,-5.49,36.121667,48.5166911,33.75860281
Vertedero,7,2073,-5.49,36.121667,76.86792744,33.87937858
Vertedero,7,2074,-5.49,36.121667,61.29141393,31.50432838
Vertedero,7,2075,-5.49,36.121667,89.54732181,32.4493613
Vertedero,7,2076,-5.49,36.121667,35.3418931,34.74258502
Vertedero,7,2077,-5.49,36.121667,48.01197496,35.22108883
Vertedero,7,2078,-5.49,36.121667,93.60284125,33.62515042
Vertedero,7,2079,-5.49,36.121667,74.0447155,34.70167473
Vertedero,7,2080,-5.49,36.121667,81.44629253,34.29445407
Vertedero,7,2081,-5.49,36.121667,62.38942104,33.54752945
Vertedero,7,2082,-5.49,36.121667,79.0525583,32.49800533
Vertedero,7,2083,-5.49,36.121667,57.43091232,35.10670993
Vertedero,7,2084,-5.49,36.121667,100.8402605,33.04505458
Vertedero,7,2085,-5.49,36.121667,65.89528028,36.16141909
Vertedero,7,2086,-5.49,36.121667,79.0368894,34.40197242
Vertedero,7,2087,-5.49,36.121667,39.43693824,33.91791835
Vertedero,7,2088,-5.49,36.121667,96.65361648,31.31712765
Vertedero,7,2089,-5.49,36.121667,62.0676125,35.91138069
Vertedero,7,2090,-5.49,36.121667,95.90241479,34.4616018
Vertedero,7,2091,-5.49,36.121667,25.60456151,36.44315442
Vertedero,7,2092,-5.49,36.121667,103.3447833,33.41029683
Vertedero,7,2093,-5.49,36.121667,136.9004218,31.233983
Vertedero,7,2094,-5.49,36.121667,60.79304474,36.96313358
Vertedero,7,2095,-5.49,36.121667,79.2626778,33.7483804
Vertedero,7,2096,-5.49,36.121667,69.09825179,35.80905033
Vertedero,7,2097,-5.49,36.121667,100.525059,33.58147091
Vertedero,7,2098,-5.49,36.121667,127.496706,30.93401686
Vertedero,7,2099,-5.49,36.121667,77.1847597,35.79147418
Vertedero,7,2100,-5.49,36.121667,88.08131381,35.38181901
Vertedero,8,2015,-5.49,36.121667,41.83775883,30.42531935
Vertedero,8,2016,-5.49,36.121667,43.15745927,30.04665429
Vertedero,8,2017,-5.49,36.121667,32.5334791,31.87476452
Vertedero,8,2018,-5.49,36.121667,67.08083916,31.69016468
Vertedero,8,2019,-5.49,36.121667,67.31387255,30.3365447
Vertedero,8,2020,-5.49,36.121667,41.67990327,31.60875658
Vertedero,8,2021,-5.49,36.121667,54.85988321,30.75645673
Vertedero,8,2022,-5.49,36.121667,50.93612633,30.93096313
Vertedero,8,2023,-5.49,36.121667,60.06139751,30.35454909
Vertedero,8,2024,-5.49,36.121667,47.5099074,33.12743235
Vertedero,8,2025,-5.49,36.121667,88.67588941,30.3895813
Vertedero,8,2026,-5.49,36.121667,38.85043337,32.6278153
Vertedero,8,2027,-5.49,36.121667,70.090482,32.66594061
Vertedero,8,2028,-5.49,36.121667,74.07159625,30.49609355
Vertedero,8,2029,-5.49,36.121667,80.4832178,31.30037251
Vertedero,8,2030,-5.49,36.121667,67.02552881,31.83528561
Vertedero,8,2031,-5.49,36.121667,88.34221825,28.6742158
Vertedero,8,2032,-5.49,36.121667,40.12444676,32.48714107
Vertedero,8,2033,-5.49,36.121667,97.81274705,30.58490463
Vertedero,8,2034,-5.49,36.121667,70.11057266,31.4061612
Vertedero,8,2035,-5.49,36.121667,58.17633891,31.69618452
Vertedero,8,2036,-5.49,36.121667,48.8816005,32.52635321
Vertedero,8,2037,-5.49,36.121667,39.67178683,32.73738226
Vertedero,8,2038,-5.49,36.121667,49.94267092,33.09458461
Vertedero,8,2039,-5.49,36.121667,41.86560986,31.9245131
Vertedero,8,2040,-5.49,36.121667,67.55184636,31.9629997
Vertedero,8,2041,-5.49,36.121667,28.51184681,33.61399969
Vertedero,8,2042,-5.49,36.121667,58.58868474,33.63839407
Vertedero,8,2043,-5.49,36.121667,56.83644557,31.61947809
Vertedero,8,2044,-5.49,36.121667,47.492446,32.87984718
Vertedero,8,2045,-5.49,36.121667,46.22624309,32.66620838
Vertedero,8,2046,-5.49,36.121667,26.99867517,33.21715403
Vertedero,8,2047,-5.49,36.121667,67.51419858,31.80500429
Vertedero,8,2048,-5.49,36.121667,84.60786047,31.86166756
Vertedero,8,2049,-5.49,36.121667,55.38199514,32.41987147
Vertedero,8,2050,-5.49,36.121667,95.59774243,32.21661456
Vertedero,8,2051,-5.49,36.121667,46.77420641,33.17098881
Vertedero,8,2052,-5.49,36.121667,43.92399407,32.86053349
Vertedero,8,2053,-5.49,36.121667,48.88072948,32.22267082
Vertedero,8,2054,-5.49,36.121667,80.20073315,32.14980173
Vertedero,8,2055,-5.49,36.121667,59.4642471,31.9536121
Vertedero,8,2056,-5.49,36.121667,58.51092597,34.00658865
Vertedero,8,2057,-5.49,36.121667,17.74451209,34.36640172
Vertedero,8,2058,-5.49,36.121667,63.93054022,32.86830267
Vertedero,8,2059,-5.49,36.121667,75.20948748,33.87467297
Vertedero,8,2060,-5.49,36.121667,48.2037532,33.58932475
Vertedero,8,2061,-5.49,36.121667,37.9945297,32.10443292
Vertedero,8,2062,-5.49,36.121667,55.1195098,34.78773331
Vertedero,8,2063,-5.49,36.121667,69.29281219,32.78969431
Vertedero,8,2064,-5.49,36.121667,79.63222459,32.91057838
Vertedero,8,2065,-5.49,36.121667,61.5613396,32.85134376
Vertedero,8,2066,-5.49,36.121667,46.96562246,34.30104685
Vertedero,8,2067,-5.49,36.121667,77.55575678,32.78130395
Vertedero,8,2068,-5.49,36.121667,42.29738009,33.68924029
Vertedero,8,2069,-5.49,36.121667,71.96428118,34.24438162
Vertedero,8,2070,-5.49,36.121667,49.9813137,34.47143043
Vertedero,8,2071,-5.49,36.121667,146.9417798,29.79671729
Vertedero,8,2072,-5.49,36.121667,76.71849374,32.84513589
Vertedero,8,2073,-5.49,36.121667,55.83753043,35.21116865
Vertedero,8,2074,-5.49,36.121667,97.5572221,31.79540307
Vertedero,8,2075,-5.49,36.121667,76.82644108,33.7621773
Vertedero,8,2076,-5.49,36.121667,112.1648753,31.60353905
Vertedero,8,2077,-5.49,36.121667,37.60499609,34.80974141
Vertedero,8,2078,-5.49,36.121667,34.98501832,36.6941172
Vertedero,8,2079,-5.49,36.121667,73.18329396,34.03778056
Vertedero,8,2080,-5.49,36.121667,24.36080073,35.93812492
Vertedero,8,2081,-5.49,36.121667,61.62762036,35.28378375
Vertedero,8,2082,-5.49,36.121667,112.5383305,34.39099692
Vertedero,8,2083,-5.49,36.121667,77.81891172,35.78446301
Vertedero,8,2084,-5.49,36.121667,52.62291668,34.39266456
Vertedero,8,2085,-5.49,36.121667,23.46520127,34.81469707
Vertedero,8,2086,-5.49,36.121667,57.83993446,34.05648095
Vertedero,8,2087,-5.49,36.121667,62.65617859,34.47687043
Vertedero,8,2088,-5.49,36.121667,57.64871242,34.10197478
Vertedero,8,2089,-5.49,36.121667,21.81429013,35.2609625
Vertedero,8,2090,-5.49,36.121667,67.70219042,34.95781368
Vertedero,8,2091,-5.49,36.121667,39.88023855,37.03101649
Vertedero,8,2092,-5.49,36.121667,63.1659767,35.72166276
Vertedero,8,2093,-5.49,36.121667,70.22717558,33.9651379
Vertedero,8,2094,-5.49,36.121667,32.60826814,37.79903761
Vertedero,8,2095,-5.49,36.121667,70.97092704,34.49394354
Vertedero,8,2096,-5.49,36.121667,47.94325884,36.58296332
Vertedero,8,2097,-5.49,36.121667,68.89456809,35.74818745
Vertedero,8,2098,-5.49,36.121667,19.31008772,34.46412393
Vertedero,8,2099,-5.49,36.121667,93.07765193,31.97825751
Vertedero,8,2100,-5.49,36.121667,41.48693801,36.60812752
Vertedero,9,2015,-5.49,36.121667,101.6221289,26.65684611
Vertedero,9,2016,-5.49,36.121667,101.5264416,25.19356079
Vertedero,9,2017,-5.49,36.121667,61.19479391,28.7271108
Vertedero,9,2018,-5.49,36.121667,76.41637476,24.88515727
Vertedero,9,2019,-5.49,36.121667,59.47277451,27.99203796
Vertedero,9,2020,-5.49,36.121667,72.98402464,26.14356893
Vertedero,9,2021,-5.49,36.121667,55.60491611,25.21778768
Vertedero,9,2022,-5.49,36.121667,120.6651472,25.70561523
Vertedero,9,2023,-5.49,36.121667,53.89875519,26.86835531
Vertedero,9,2024,-5.49,36.121667,99.81015346,25.71776428
Vertedero,9,2025,-5.49,36.121667,103.7925949,23.91383565
Vertedero,9,2026,-5.49,36.121667,88.07208951,25.6744161
Vertedero,9,2027,-5.49,36.121667,32.26833542,26.74070129
Vertedero,9,2028,-5.49,36.121667,71.0164338,26.83994242
Vertedero,9,2029,-5.49,36.121667,57.42919552,26.35091451
Vertedero,9,2030,-5.49,36.121667,117.4977813,26.55979614
Vertedero,9,2031,-5.49,36.121667,51.95467575,26.08223368
Vertedero,9,2032,-5.49,36.121667,85.12267597,26.11966654
Vertedero,9,2033,-5.49,36.121667,128.2537336,24.10019938
Vertedero,9,2034,-5.49,36.121667,67.21217132,25.83168742
Vertedero,9,2035,-5.49,36.121667,42.1760342,27.00574341
Vertedero,9,2036,-5.49,36.121667,108.5968854,24.40023397
Vertedero,9,2037,-5.49,36.121667,36.51960796,28.3229421
Vertedero,9,2038,-5.49,36.121667,78.65850171,25.96999003
Vertedero,9,2039,-5.49,36.121667,67.87967742,26.90432027
Vertedero,9,2040,-5.49,36.121667,67.40876886,25.45624084
Vertedero,9,2041,-5.49,36.121667,72.63093528,27.72121175
Vertedero,9,2042,-5.49,36.121667,117.7971147,25.73380839
Vertedero,9,2043,-5.49,36.121667,82.10174254,25.69419556
Vertedero,9,2044,-5.49,36.121667,47.11802663,29.28228556
Vertedero,9,2045,-5.49,36.121667,52.19943061,26.68302104
Vertedero,9,2046,-5.49,36.121667,48.01786855,28.64653625
Vertedero,9,2047,-5.49,36.121667,168.1690489,24.94240723
Vertedero,9,2048,-5.49,36.121667,53.00510316,27.28094889
Vertedero,9,2049,-5.49,36.121667,89.11020615,26.37019043
Vertedero,9,2050,-5.49,36.121667,98.041837,26.22377218
Vertedero,9,2051,-5.49,36.121667,52.63869645,27.66639201
Vertedero,9,2052,-5.49,36.121667,73.36385971,28.29583537
Vertedero,9,2053,-5.49,36.121667,123.6422807,26.8329539
Vertedero,9,2054,-5.49,36.121667,71.63740398,28.92102661
Vertedero,9,2055,-5.49,36.121667,81.01839283,26.84522909
Vertedero,9,2056,-5.49,36.121667,49.15041395,27.4591746
Vertedero,9,2057,-5.49,36.121667,45.93323179,28.9748057
Vertedero,9,2058,-5.49,36.121667,82.11306749,26.09436239
Vertedero,9,2059,-5.49,36.121667,62.22505912,29.27229513
Vertedero,9,2060,-5.49,36.121667,166.7433698,24.83260295
Vertedero,9,2061,-5.49,36.121667,103.7542049,28.3188385
Vertedero,9,2062,-5.49,36.121667,102.5338323,29.48455607
Vertedero,9,2063,-5.49,36.121667,47.36068349,28.07701721
Vertedero,9,2064,-5.49,36.121667,46.33463034,27.6907725
Vertedero,9,2065,-5.49,36.121667,67.64405503,29.28123169
Vertedero,9,2066,-5.49,36.121667,69.97399406,29.47034505
Vertedero,9,2067,-5.49,36.121667,113.0937652,26.75270589
Vertedero,9,2068,-5.49,36.121667,36.30801067,28.56176554
Vertedero,9,2069,-5.49,36.121667,72.02034124,28.3122996
Vertedero,9,2070,-5.49,36.121667,69.84009782,28.92534078
Vertedero,9,2071,-5.49,36.121667,58.27475327,29.99298197
Vertedero,9,2072,-5.49,36.121667,39.63696374,28.46964722
Vertedero,9,2073,-5.49,36.121667,55.96279252,29.71316325
Vertedero,9,2074,-5.49,36.121667,164.9976925,26.80036723
Vertedero,9,2075,-5.49,36.121667,111.2992217,28.88324585
Vertedero,9,2076,-5.49,36.121667,108.3275639,26.29450989
Vertedero,9,2077,-5.49,36.121667,187.0522807,23.95023499
Vertedero,9,2078,-5.49,36.121667,37.40463215,32.06572266
Vertedero,9,2079,-5.49,36.121667,63.77799911,28.7604126
Vertedero,9,2080,-5.49,36.121667,47.45616018,30.32178446
Vertedero,9,2081,-5.49,36.121667,127.0703366,26.30270793
Vertedero,9,2082,-5.49,36.121667,68.67423841,29.0265981
Vertedero,9,2083,-5.49,36.121667,109.5465795,30.44188639
Vertedero,9,2084,-5.49,36.121667,47.65065827,29.01198425
Vertedero,9,2085,-5.49,36.121667,46.5481941,29.59851786
Vertedero,9,2086,-5.49,36.121667,72.60470912,29.87734172
Vertedero,9,2087,-5.49,36.121667,67.74014072,30.61467997
Vertedero,9,2088,-5.49,36.121667,36.12057016,29.26948954
Vertedero,9,2089,-5.49,36.121667,42.96160661,31.1569519
Vertedero,9,2090,-5.49,36.121667,38.7324951,29.89252726
Vertedero,9,2091,-5.49,36.121667,17.75889001,31.22068176
Vertedero,9,2092,-5.49,36.121667,57.09618191,29.08295797
Vertedero,9,2093,-5.49,36.121667,27.68452271,29.10314331
Vertedero,9,2094,-5.49,36.121667,77.91010242,31.40940145
Vertedero,9,2095,-5.49,36.121667,44.66274356,30.1498291
Vertedero,9,2096,-5.49,36.121667,101.6065497,29.14754232
Vertedero,9,2097,-5.49,36.121667,54.61990181,30.45243123
Vertedero,9,2098,-5.49,36.121667,158.7749492,28.86553548
Vertedero,9,2099,-5.49,36.121667,197.7296789,27.07234904
Vertedero,9,2100,-5.49,36.121667,28.62930108,30.10253194