pop,month,year,lon,lat,cum_rain,mean_max_temp
Bujeo,1,2015,-5.52654,36.072461,148.6920956,15.35110552
Bujeo,1,2016,-5.52654,36.072461,46.35068784,14.30779911
Bujeo,1,2017,-5.52654,36.072461,4.635573072,16.80523564
Bujeo,1,2018,-5.52654,36.072461,259.3754261,15.07201833
Bujeo,1,2019,-5.52654,36.072461,41.57295115,16.34288645
Bujeo,1,2020,-5.52654,36.072461,0.521467545,16.33766991
Bujeo,1,2021,-5.52654,36.072461,11.13536214,16.33353035
Bujeo,1,2022,-5.52654,36.072461,40.63426257,18.14332216
Bujeo,1,2023,-5.52654,36.072461,267.1923557,15.21472148
Bujeo,1,2024,-5.52654,36.072461,94.40513422,16.07122783
Bujeo,1,2025,-5.52654,36.072461,1.328113762,16.26477031
Bujeo,1,2026,-5.52654,36.072461,20.72990226,17.04964796
Bujeo,1,2027,-5.52654,36.072461,9.472605261,17.49324164
Bujeo,1,2028,-5.52654,36.072461,122.8114425,16.70897926
Bujeo,1,2029,-5.52654,36.072461,10.60890634,15.8353742
Bujeo,1,2030,-5.52654,36.072461,175.2361346,16.10477354
Bujeo,1,2031,-5.52654,36.072461,57.93201377,15.70587335
Bujeo,1,2032,-5.52654,36.072461,329.8304274,17.13123917
Bujeo,1,2033,-5.52654,36.072461,25.75290802,17.01186031
Bujeo,1,2034,-5.52654,36.072461,25.66329997,15.56049549
Bujeo,1,2035,-5.52654,36.072461,30.58666854,17.23324762
Bujeo,1,2036,-5.52654,36.072461,57.61092261,16.50154832
Bujeo,1,2037,-5.52654,36.072461,12.84915344,17.69273997
Bujeo,1,2038,-5.52654,36.072461,1.410465829,16.88306629
Bujeo,1,2039,-5.52654,36.072461,9.159301129,16.04130879
Bujeo,1,2040,-5.52654,36.072461,27.14518124,17.22523134
Bujeo,1,2041,-5.52654,36.072461,84.97548874,17.53889003
Bujeo,1,2042,-5.52654,36.072461,7.291126221,16.08390739
Bujeo,1,2043,-5.52654,36.072461,98.21252904,16.18837595
Bujeo,1,2044,-5.52654,36.072461,1.663969992,16.09407762
Bujeo,1,2045,-5.52654,36.072461,168.1033491,17.90340872
Bujeo,1,2046,-5.52654,36.072461,67.6809257,14.41448856
Bujeo,1,2047,-5.52654,36.072461,124.784941,17.23768744
Bujeo,1,2048,-5.52654,36.072461,47.83288685,15.70486726
Bujeo,1,2049,-5.52654,36.072461,40.85926167,16.66633143
Bujeo,1,2050,-5.52654,36.072461,55.46922596,17.40782786
Bujeo,1,2051,-5.52654,36.072461,20.9551938,14.76134742
Bujeo,1,2052,-5.52654,36.072461,91.5245869,18.60529923
Bujeo,1,2053,-5.52654,36.072461,27.58451333,18.34124342
Bujeo,1,2054,-5.52654,36.072461,86.17398614,17.86575199
Bujeo,1,2055,-5.52654,36.072461,67.22753179,18.80501807
Bujeo,1,2056,-5.52654,36.072461,33.15935757,13.41811031
Bujeo,1,2057,-5.52654,36.072461,121.7669887,18.10323191
Bujeo,1,2058,-5.52654,36.072461,0.633242751,16.18867916
Bujeo,1,2059,-5.52654,36.072461,140.9900707,18.07274682
Bujeo,1,2060,-5.52654,36.072461,30.22115126,16.76927116
Bujeo,1,2061,-5.52654,36.072461,104.0235026,15.35499504
Bujeo,1,2062,-5.52654,36.072461,49.29441073,19.59890137
Bujeo,1,2063,-5.52654,36.072461,294.5822595,16.3036881
Bujeo,1,2064,-5.52654,36.072461,110.5681697,15.91744975
Bujeo,1,2065,-5.52654,36.072461,13.78000619,17.87626579
Bujeo,1,2066,-5.52654,36.072461,61.51332993,15.95706551
Bujeo,1,2067,-5.52654,36.072461,9.190037741,17.44954736
Bujeo,1,2068,-5.52654,36.072461,2.544079353,15.84811775
Bujeo,1,2069,-5.52654,36.072461,10.2366364,18.41761317
Bujeo,1,2070,-5.52654,36.072461,128.7548412,16.64807011
Bujeo,1,2071,-5.52654,36.072461,117.3572648,16.90834862
Bujeo,1,2072,-5.52654,36.072461,51.39782376,15.2355453
Bujeo,1,2073,-5.52654,36.072461,16.11960355,17.90604209
Bujeo,1,2074,-5.52654,36.072461,43.31103925,17.15133844
Bujeo,1,2075,-5.52654,36.072461,20.89457553,17.40495034
Bujeo,1,2076,-5.52654,36.072461,82.88748657,18.63627654
Bujeo,1,2077,-5.52654,36.072461,15.78860779,18.82005832
Bujeo,1,2078,-5.52654,36.072461,18.72869833,18.59752315
Bujeo,1,2079,-5.52654,36.072461,29.08862973,17.77907813
Bujeo,1,2080,-5.52654,36.072461,23.16234207,17.5028911
Bujeo,1,2081,-5.52654,36.072461,27.59438024,18.50962662
Bujeo,1,2082,-5.52654,36.072461,57.75700629,18.21216687
Bujeo,1,2083,-5.52654,36.072461,44.78704835,16.37860383
Bujeo,1,2084,-5.52654,36.072461,19.91773834,17.53877682
Bujeo,1,2085,-5.52654,36.072461,0.219080698,16.71201526
Bujeo,1,2086,-5.52654,36.072461,18.18877802,16.56542457
Bujeo,1,2087,-5.52654,36.072461,74.76658841,19.20253808
Bujeo,1,2088,-5.52654,36.072461,88.88397458,18.33718557
Bujeo,1,2089,-5.52654,36.072461,19.94255471,16.77405061
Bujeo,1,2090,-5.52654,36.072461,57.88246178,19.2813768
Bujeo,1,2091,-5.52654,36.072461,9.78425915,18.44550919
Bujeo,1,2092,-5.52654,36.072461,47.49934657,17.31897051
Bujeo,1,2093,-5.52654,36.072461,20.16758183,18.04836327
Bujeo,1,2094,-5.52654,36.072461,34.73327399,17.49516326
Bujeo,1,2095,-5.52654,36.072461,13.40702137,17.85021264
Bujeo,1,2096,-5.52654,36.072461,104.3221986,18.47592242
Bujeo,1,2097,-5.52654,36.072461,30.7161459,19.97951955
Bujeo,1,2098,-5.52654,36.072461,5.67696254,17.89504395
Bujeo,1,2099,-5.52654,36.072461,7.309907423,17.2147205
Bujeo,1,2100,-5.52654,36.072461,19.65397732,19.69895571
Bujeo,10,2015,-5.52654,36.072461,62.81849917,25.13567899
Bujeo,10,2016,-5.52654,36.072461,5.366727252,25.54895197
Bujeo,10,2017,-5.52654,36.072461,30.0193021,22.20487513
Bujeo,10,2018,-5.52654,36.072461,10.50297127,24.19340249
Bujeo,10,2019,-5.52654,36.072461,20.39333489,26.64771866
Bujeo,10,2020,-5.52654,36.072461,2.640969864,24.79342632
Bujeo,10,2021,-5.52654,36.072461,24.32511688,25.88998295
Bujeo,10,2022,-5.52654,36.072461,107.6009261,22.92516775
Bujeo,10,2023,-5.52654,36.072461,15.69681664,24.96220526
Bujeo,10,2024,-5.52654,36.072461,96.174942,21.43722022
Bujeo,10,2025,-5.52654,36.072461,240.649036,21.91511565
Bujeo,10,2026,-5.52654,36.072461,116.6449478,22.73140475
Bujeo,10,2027,-5.52654,36.072461,119.9440189,25.03666323
Bujeo,10,2028,-5.52654,36.072461,143.7858584,23.45891625
Bujeo,10,2029,-5.52654,36.072461,49.27624093,21.384982
Bujeo,10,2030,-5.52654,36.072461,20.19383882,25.39440505
Bujeo,10,2031,-5.52654,36.072461,32.04201373,21.74435996
Bujeo,10,2032,-5.52654,36.072461,123.5700059,22.79759049
Bujeo,10,2033,-5.52654,36.072461,141.0641702,21.80786212
Bujeo,10,2034,-5.52654,36.072461,35.3516865,22.14236332
Bujeo,10,2035,-5.52654,36.072461,13.8129661,24.94069529
Bujeo,10,2036,-5.52654,36.072461,49.62257901,22.51346002
Bujeo,10,2037,-5.52654,36.072461,44.45884031,25.07400198
Bujeo,10,2038,-5.52654,36.072461,21.02281066,24.4148469
Bujeo,10,2039,-5.52654,36.072461,27.63951837,24.64516011
Bujeo,10,2040,-5.52654,36.072461,12.09404588,28.05222916
Bujeo,10,2041,-5.52654,36.072461,88.52643639,22.75475169
Bujeo,10,2042,-5.52654,36.072461,29.1832512,27.1873669
Bujeo,10,2043,-5.52654,36.072461,27.30518301,22.67753827
Bujeo,10,2044,-5.52654,36.072461,20.68516603,22.237146
Bujeo,10,2045,-5.52654,36.072461,6.01563327,26.25663492
Bujeo,10,2046,-5.52654,36.072461,8.892084864,27.21018027
Bujeo,10,2047,-5.52654,36.072461,57.17205518,26.06877855
Bujeo,10,2048,-5.52654,36.072461,24.94196827,23.8489624
Bujeo,10,2049,-5.52654,36.072461,55.15596448,24.38970534
Bujeo,10,2050,-5.52654,36.072461,7.379242215,26.90039929
Bujeo,10,2051,-5.52654,36.072461,98.57328189,21.78054002
Bujeo,10,2052,-5.52654,36.072461,49.56177017,24.32772414
Bujeo,10,2053,-5.52654,36.072461,68.66420039,24.33937398
Bujeo,10,2054,-5.52654,36.072461,18.9775096,24.79487836
Bujeo,10,2055,-5.52654,36.072461,4.386610668,26.29111584
Bujeo,10,2056,-5.52654,36.072461,12.83510605,27.86428616
Bujeo,10,2057,-5.52654,36.072461,27.48427667,24.28940784
Bujeo,10,2058,-5.52654,36.072461,9.466243396,24.67183247
Bujeo,10,2059,-5.52654,36.072461,63.44961495,22.22946836
Bujeo,10,2060,-5.52654,36.072461,85.66599258,24.37036802
Bujeo,10,2061,-5.52654,36.072461,5.819963112,27.91426313
Bujeo,10,2062,-5.52654,36.072461,47.20287559,24.21081622
Bujeo,10,2063,-5.52654,36.072461,8.659707146,28.91320486
Bujeo,10,2064,-5.52654,36.072461,10.4551753,25.19872437
Bujeo,10,2065,-5.52654,36.072461,58.20561478,22.70924407
Bujeo,10,2066,-5.52654,36.072461,94.77734998,26.11436098
Bujeo,10,2067,-5.52654,36.072461,34.0211491,23.35587611
Bujeo,10,2068,-5.52654,36.072461,27.42240381,24.90970124
Bujeo,10,2069,-5.52654,36.072461,37.69709114,25.77344813
Bujeo,10,2070,-5.52654,36.072461,16.26693024,25.99570765
Bujeo,10,2071,-5.52654,36.072461,14.95568918,26.19263857
Bujeo,10,2072,-5.52654,36.072461,52.00021265,23.60688122
Bujeo,10,2073,-5.52654,36.072461,161.7425263,23.19736781
Bujeo,10,2074,-5.52654,36.072461,12.45655666,27.07888479
Bujeo,10,2075,-5.52654,36.072461,0.079060049,29.65765066
Bujeo,10,2076,-5.52654,36.072461,61.81619911,22.95262077
Bujeo,10,2077,-5.52654,36.072461,43.18641731,26.40574971
Bujeo,10,2078,-5.52654,36.072461,49.33416872,27.63124114
Bujeo,10,2079,-5.52654,36.072461,85.4903764,23.69878343
Bujeo,10,2080,-5.52654,36.072461,4.359302146,28.73612513
Bujeo,10,2081,-5.52654,36.072461,23.17477209,26.56140412
Bujeo,10,2082,-5.52654,36.072461,30.33417116,24.5693003
Bujeo,10,2083,-5.52654,36.072461,47.12023763,25.7938132
Bujeo,10,2084,-5.52654,36.072461,45.5978301,24.88079125
Bujeo,10,2085,-5.52654,36.072461,13.96928196,29.10660066
Bujeo,10,2086,-5.52654,36.072461,56.38595953,27.8345522
Bujeo,10,2087,-5.52654,36.072461,1.217656393,26.20896843
Bujeo,10,2088,-5.52654,36.072461,69.27627162,26.05982804
Bujeo,10,2089,-5.52654,36.072461,3.288446601,25.29016192
Bujeo,10,2090,-5.52654,36.072461,43.99632869,25.55700172
Bujeo,10,2091,-5.52654,36.072461,13.00786926,27.259223
Bujeo,10,2092,-5.52654,36.072461,31.246613,26.30750083
Bujeo,10,2093,-5.52654,36.072461,58.5306466,23.80185015
Bujeo,10,2094,-5.52654,36.072461,83.81432322,24.86973503
Bujeo,10,2095,-5.52654,36.072461,12.86651906,27.59455803
Bujeo,10,2096,-5.52654,36.072461,45.09770136,26.28295977
Bujeo,10,2097,-5.52654,36.072461,16.5091543,27.87313331
Bujeo,10,2098,-5.52654,36.072461,75.07332367,27.52017586
Bujeo,10,2099,-5.52654,36.072461,19.29713395,26.36535231
Bujeo,10,2100,-5.52654,36.072461,4.337991358,29.63563173
Bujeo,11,2015,-5.52654,36.072461,121.8649943,18.04260661
Bujeo,11,2016,-5.52654,36.072461,48.64235381,18.21017558
Bujeo,11,2017,-5.52654,36.072461,159.1092634,18.3072408
Bujeo,11,2018,-5.52654,36.072461,45.72648051,19.90654704
Bujeo,11,2019,-5.52654,36.072461,75.38644193,20.12059631
Bujeo,11,2020,-5.52654,36.072461,10.19599529,20.35411072
Bujeo,11,2021,-5.52654,36.072461,28.08911467,21.673703
Bujeo,11,2022,-5.52654,36.072461,88.28161511,19.84893087
Bujeo,11,2023,-5.52654,36.072461,22.37130222,19.38220723
Bujeo,11,2024,-5.52654,36.072461,22.16436651,18.30198873
Bujeo,11,2025,-5.52654,36.072461,116.4788581,19.93458659
Bujeo,11,2026,-5.52654,36.072461,9.756435494,20.20195516
Bujeo,11,2027,-5.52654,36.072461,53.04760592,19.83458761
Bujeo,11,2028,-5.52654,36.072461,25.2128433,19.46764119
Bujeo,11,2029,-5.52654,36.072461,28.43673751,18.68726603
Bujeo,11,2030,-5.52654,36.072461,88.58320916,21.05282288
Bujeo,11,2031,-5.52654,36.072461,154.1752749,17.23536377
Bujeo,11,2032,-5.52654,36.072461,154.0193634,19.87963765
Bujeo,11,2033,-5.52654,36.072461,19.60797088,17.41513774
Bujeo,11,2034,-5.52654,36.072461,125.5778049,19.31026306
Bujeo,11,2035,-5.52654,36.072461,54.61446073,19.34193319
Bujeo,11,2036,-5.52654,36.072461,10.34260287,19.5673818
Bujeo,11,2037,-5.52654,36.072461,65.06525634,17.88632406
Bujeo,11,2038,-5.52654,36.072461,45.38912106,19.86231791
Bujeo,11,2039,-5.52654,36.072461,25.34326297,20.86078695
Bujeo,11,2040,-5.52654,36.072461,86.57729233,21.67728984
Bujeo,11,2041,-5.52654,36.072461,90.9402597,19.5747345
Bujeo,11,2042,-5.52654,36.072461,7.369158702,22.94265849
Bujeo,11,2043,-5.52654,36.072461,173.778217,19.024705
Bujeo,11,2044,-5.52654,36.072461,79.63074058,19.42953593
Bujeo,11,2045,-5.52654,36.072461,110.6585184,19.56772868
Bujeo,11,2046,-5.52654,36.072461,97.17288243,20.1602946
Bujeo,11,2047,-5.52654,36.072461,45.36349105,19.22687581
Bujeo,11,2048,-5.52654,36.072461,17.59171627,18.87392273
Bujeo,11,2049,-5.52654,36.072461,83.77016623,19.82230123
Bujeo,11,2050,-5.52654,36.072461,47.72211554,17.84975281
Bujeo,11,2051,-5.52654,36.072461,25.5615151,18.56404114
Bujeo,11,2052,-5.52654,36.072461,166.392045,18.46702779
Bujeo,11,2053,-5.52654,36.072461,4.420351525,19.19952291
Bujeo,11,2054,-5.52654,36.072461,161.3545131,20.18162435
Bujeo,11,2055,-5.52654,36.072461,65.53007496,20.08328247
Bujeo,11,2056,-5.52654,36.072461,106.2116127,18.85659485
Bujeo,11,2057,-5.52654,36.072461,20.49636533,21.41650696
Bujeo,11,2058,-5.52654,36.072461,36.30863987,20.71772766
Bujeo,11,2059,-5.52654,36.072461,4.709481757,19.89588521
Bujeo,11,2060,-5.52654,36.072461,271.1246445,18.8015391
Bujeo,11,2061,-5.52654,36.072461,29.16412374,22.32477214
Bujeo,11,2062,-5.52654,36.072461,5.587167051,20.57368368
Bujeo,11,2063,-5.52654,36.072461,99.15006518,22.43358053
Bujeo,11,2064,-5.52654,36.072461,51.61281946,20.72673543
Bujeo,11,2065,-5.52654,36.072461,61.03914726,20.86621602
Bujeo,11,2066,-5.52654,36.072461,68.86484452,20.56021423
Bujeo,11,2067,-5.52654,36.072461,30.64212548,18.22213847
Bujeo,11,2068,-5.52654,36.072461,111.5322308,19.35250549
Bujeo,11,2069,-5.52654,36.072461,4.549043583,21.59069316
Bujeo,11,2070,-5.52654,36.072461,31.27107211,20.03009949
Bujeo,11,2071,-5.52654,36.072461,16.22813694,20.44301249
Bujeo,11,2072,-5.52654,36.072461,34.07973302,20.44797262
Bujeo,11,2073,-5.52654,36.072461,55.67687935,20.93077799
Bujeo,11,2074,-5.52654,36.072461,121.706946,19.1827474
Bujeo,11,2075,-5.52654,36.072461,73.01094642,22.99829305
Bujeo,11,2076,-5.52654,36.072461,61.86704567,19.27763875
Bujeo,11,2077,-5.52654,36.072461,19.70827064,23.44462789
Bujeo,11,2078,-5.52654,36.072461,27.24963575,21.3751709
Bujeo,11,2079,-5.52654,36.072461,19.7449981,20.43811849
Bujeo,11,2080,-5.52654,36.072461,13.12755143,22.08919373
Bujeo,11,2081,-5.52654,36.072461,43.94333635,21.72874756
Bujeo,11,2082,-5.52654,36.072461,45.02306268,20.48600362
Bujeo,11,2083,-5.52654,36.072461,23.60075289,19.95732829
Bujeo,11,2084,-5.52654,36.072461,41.93826396,22.77033488
Bujeo,11,2085,-5.52654,36.072461,31.2856306,22.48225708
Bujeo,11,2086,-5.52654,36.072461,22.96096992,21.90051371
Bujeo,11,2087,-5.52654,36.072461,22.25604729,23.097229
Bujeo,11,2088,-5.52654,36.072461,158.5522866,20.49922485
Bujeo,11,2089,-5.52654,36.072461,5.421882684,20.32904765
Bujeo,11,2090,-5.52654,36.072461,33.02588174,21.33061625
Bujeo,11,2091,-5.52654,36.072461,55.54532793,20.5428833
Bujeo,11,2092,-5.52654,36.072461,0.069473189,25.22731832
Bujeo,11,2093,-5.52654,36.072461,5.729153971,23.76018473
Bujeo,11,2094,-5.52654,36.072461,55.61863045,19.73223572
Bujeo,11,2095,-5.52654,36.072461,18.79731306,23.24938456
Bujeo,11,2096,-5.52654,36.072461,55.3729471,21.79796651
Bujeo,11,2097,-5.52654,36.072461,180.3133484,20.70837097
Bujeo,11,2098,-5.52654,36.072461,18.81977333,21.36025899
Bujeo,11,2099,-5.52654,36.072461,15.45501495,23.4899058
Bujeo,11,2100,-5.52654,36.072461,86.4473821,23.43894958
Bujeo,12,2015,-5.52654,36.072461,87.79503748,14.8463182
Bujeo,12,2016,-5.52654,36.072461,53.31561477,14.7371834
Bujeo,12,2017,-5.52654,36.072461,213.4336357,14.78866557
Bujeo,12,2018,-5.52654,36.072461,1.674760231,18.00818344
Bujeo,12,2019,-5.52654,36.072461,1.485700107,17.76118105
Bujeo,12,2020,-5.52654,36.072461,69.51870682,18.09052577
Bujeo,12,2021,-5.52654,36.072461,23.34802387,18.09259604
Bujeo,12,2022,-5.52654,36.072461,97.47625641,17.3836225
Bujeo,12,2023,-5.52654,36.072461,196.6582814,17.48813831
Bujeo,12,2024,-5.52654,36.072461,50.8189566,15.8422131
Bujeo,12,2025,-5.52654,36.072461,116.2520458,16.99412566
Bujeo,12,2026,-5.52654,36.072461,2.145576424,18.33824187
Bujeo,12,2027,-5.52654,36.072461,3.784235437,19.36106705
Bujeo,12,2028,-5.52654,36.072461,121.3889961,17.54382009
Bujeo,12,2029,-5.52654,36.072461,300.79932,16.6101151
Bujeo,12,2030,-5.52654,36.072461,13.88452945,18.31122397
Bujeo,12,2031,-5.52654,36.072461,45.37688654,15.85544394
Bujeo,12,2032,-5.52654,36.072461,106.0952482,15.87384407
Bujeo,12,2033,-5.52654,36.072461,118.4017106,16.22631619
Bujeo,12,2034,-5.52654,36.072461,13.37294382,19.5767525
Bujeo,12,2035,-5.52654,36.072461,18.45920063,14.88677073
Bujeo,12,2036,-5.52654,36.072461,0.626621712,18.963044
Bujeo,12,2037,-5.52654,36.072461,15.32494614,18.82535656
Bujeo,12,2038,-5.52654,36.072461,46.09870098,17.24638692
Bujeo,12,2039,-5.52654,36.072461,0.978855207,18.33240022
Bujeo,12,2040,-5.52654,36.072461,45.71536941,17.94653694
Bujeo,12,2041,-5.52654,36.072461,92.24081063,17.3425547
Bujeo,12,2042,-5.52654,36.072461,71.66379545,16.02464226
Bujeo,12,2043,-5.52654,36.072461,89.0049992,18.70435634
Bujeo,12,2044,-5.52654,36.072461,16.92019723,19.00543587
Bujeo,12,2045,-5.52654,36.072461,108.2021511,16.73363057
Bujeo,12,2046,-5.52654,36.072461,62.74812323,18.62602854
Bujeo,12,2047,-5.52654,36.072461,295.8874484,17.81688055
Bujeo,12,2048,-5.52654,36.072461,276.6859576,16.73200231
Bujeo,12,2049,-5.52654,36.072461,212.3530661,17.37461784
Bujeo,12,2050,-5.52654,36.072461,104.1819411,15.40267432
Bujeo,12,2051,-5.52654,36.072461,174.2076106,16.58398319
Bujeo,12,2052,-5.52654,36.072461,94.39160378,17.5280996
Bujeo,12,2053,-5.52654,36.072461,201.0329954,17.32123374
Bujeo,12,2054,-5.52654,36.072461,65.63030881,19.54682558
Bujeo,12,2055,-5.52654,36.072461,21.60271629,17.13462859
Bujeo,12,2056,-5.52654,36.072461,16.59600031,16.71289535
Bujeo,12,2057,-5.52654,36.072461,138.2618547,18.76368841
Bujeo,12,2058,-5.52654,36.072461,47.96716672,18.03197632
Bujeo,12,2059,-5.52654,36.072461,34.1459277,17.35900859
Bujeo,12,2060,-5.52654,36.072461,174.9894663,16.9885882
Bujeo,12,2061,-5.52654,36.072461,0.431821507,17.92227153
Bujeo,12,2062,-5.52654,36.072461,281.3739969,19.00377119
Bujeo,12,2063,-5.52654,36.072461,8.443142089,17.176354
Bujeo,12,2064,-5.52654,36.072461,83.22434628,18.33859151
Bujeo,12,2065,-5.52654,36.072461,131.1958432,17.74337552
Bujeo,12,2066,-5.52654,36.072461,8.665701928,17.51703058
Bujeo,12,2067,-5.52654,36.072461,18.19412498,17.2735259
Bujeo,12,2068,-5.52654,36.072461,34.5705639,16.80059401
Bujeo,12,2069,-5.52654,36.072461,66.47515836,17.41721644
Bujeo,12,2070,-5.52654,36.072461,65.86712862,17.26201585
Bujeo,12,2071,-5.52654,36.072461,36.07114822,16.266814
Bujeo,12,2072,-5.52654,36.072461,10.97055233,18.66382505
Bujeo,12,2073,-5.52654,36.072461,41.36743843,19.66622511
Bujeo,12,2074,-5.52654,36.072461,40.26160672,17.37448396
Bujeo,12,2075,-5.52654,36.072461,25.77371562,19.01866967
Bujeo,12,2076,-5.52654,36.072461,26.44754438,18.41556456
Bujeo,12,2077,-5.52654,36.072461,70.32362895,18.23418481
Bujeo,12,2078,-5.52654,36.072461,21.2199103,17.34876059
Bujeo,12,2079,-5.52654,36.072461,65.43492415,20.69765527
Bujeo,12,2080,-5.52654,36.072461,23.71560946,18.43281585
Bujeo,12,2081,-5.52654,36.072461,45.68881097,17.81208929
Bujeo,12,2082,-5.52654,36.072461,25.47362919,19.68504855
Bujeo,12,2083,-5.52654,36.072461,28.34214539,18.08569808
Bujeo,12,2084,-5.52654,36.072461,102.6295698,18.08976086
Bujeo,12,2085,-5.52654,36.072461,53.83057722,17.68639723
Bujeo,12,2086,-5.52654,36.072461,189.6363664,19.3106973
Bujeo,12,2087,-5.52654,36.072461,8.75618553,21.0262459
Bujeo,12,2088,-5.52654,36.072461,37.96795729,17.24076184
Bujeo,12,2089,-5.52654,36.072461,61.66451974,20.09216387
Bujeo,12,2090,-5.52654,36.072461,2.115739483,19.50362844
Bujeo,12,2091,-5.52654,36.072461,155.7207107,20.3458752
Bujeo,12,2092,-5.52654,36.072461,7.1726501,21.03832004
Bujeo,12,2093,-5.52654,36.072461,96.50461035,18.18267507
Bujeo,12,2094,-5.52654,36.072461,14.08137956,19.72058381
Bujeo,12,2095,-5.52654,36.072461,48.38216859,19.07060173
Bujeo,12,2096,-5.52654,36.072461,39.50686959,20.09999902
Bujeo,12,2097,-5.52654,36.072461,101.1556446,17.65616317
Bujeo,12,2098,-5.52654,36.072461,12.42078532,19.52741837
Bujeo,12,2099,-5.52654,36.072461,22.10178469,19.76347085
Bujeo,12,2100,-5.52654,36.072461,0.318390627,17.7026062
Bujeo,2,2015,-5.52654,36.072461,42.87027098,16.32749329
Bujeo,2,2016,-5.52654,36.072461,4.725808252,17.98604105
Bujeo,2,2017,-5.52654,36.072461,24.94353225,17.19982191
Bujeo,2,2018,-5.52654,36.072461,40.95482529,18.4074537
Bujeo,2,2019,-5.52654,36.072461,0.073163958,18.18176858
Bujeo,2,2020,-5.52654,36.072461,60.97491768,17.15796656
Bujeo,2,2021,-5.52654,36.072461,37.06655459,13.98706752
Bujeo,2,2022,-5.52654,36.072461,24.93701326,18.34817113
Bujeo,2,2023,-5.52654,36.072461,40.96312964,16.57061702
Bujeo,2,2024,-5.52654,36.072461,88.27439907,17.1465793
Bujeo,2,2025,-5.52654,36.072461,27.61902859,15.88736223
Bujeo,2,2026,-5.52654,36.072461,52.50833024,15.36147352
Bujeo,2,2027,-5.52654,36.072461,27.28164158,17.04681876
Bujeo,2,2028,-5.52654,36.072461,264.0193175,16.52886142
Bujeo,2,2029,-5.52654,36.072461,90.48287882,16.23114057
Bujeo,2,2030,-5.52654,36.072461,24.86790942,16.91787763
Bujeo,2,2031,-5.52654,36.072461,46.81999313,15.94248788
Bujeo,2,2032,-5.52654,36.072461,156.4663762,19.71821773
Bujeo,2,2033,-5.52654,36.072461,83.27419839,16.25510559
Bujeo,2,2034,-5.52654,36.072461,2.515205261,18.04709124
Bujeo,2,2035,-5.52654,36.072461,37.87921673,15.79722421
Bujeo,2,2036,-5.52654,36.072461,15.67397332,17.66837832
Bujeo,2,2037,-5.52654,36.072461,179.084035,16.68140019
Bujeo,2,2038,-5.52654,36.072461,0.59316319,20.19216527
Bujeo,2,2039,-5.52654,36.072461,13.52434984,19.27609297
Bujeo,2,2040,-5.52654,36.072461,56.22668645,18.48591056
Bujeo,2,2041,-5.52654,36.072461,49.04596884,16.9575385
Bujeo,2,2042,-5.52654,36.072461,10.57861413,17.3046923
Bujeo,2,2043,-5.52654,36.072461,7.272709435,16.96467743
Bujeo,2,2044,-5.52654,36.072461,56.12857133,16.0719554
Bujeo,2,2045,-5.52654,36.072461,0.199379454,17.52630114
Bujeo,2,2046,-5.52654,36.072461,39.41483167,18.93705902
Bujeo,2,2047,-5.52654,36.072461,98.36188134,18.71438424
Bujeo,2,2048,-5.52654,36.072461,34.79930873,16.16847618
Bujeo,2,2049,-5.52654,36.072461,6.654261276,18.6117678
Bujeo,2,2050,-5.52654,36.072461,52.9768733,19.80603289
Bujeo,2,2051,-5.52654,36.072461,37.06225271,15.94048135
Bujeo,2,2052,-5.52654,36.072461,50.62299081,19.51571992
Bujeo,2,2053,-5.52654,36.072461,33.33280958,18.97352644
Bujeo,2,2054,-5.52654,36.072461,22.41842351,18.00753937
Bujeo,2,2055,-5.52654,36.072461,173.6229102,16.02065212
Bujeo,2,2056,-5.52654,36.072461,41.84685954,18.13659899
Bujeo,2,2057,-5.52654,36.072461,258.8497147,17.62719879
Bujeo,2,2058,-5.52654,36.072461,7.024919633,19.4596889
Bujeo,2,2059,-5.52654,36.072461,41.06380115,19.58617009
Bujeo,2,2060,-5.52654,36.072461,29.15400096,19.49183202
Bujeo,2,2061,-5.52654,36.072461,28.55458893,18.86664734
Bujeo,2,2062,-5.52654,36.072461,8.180491743,20.85216348
Bujeo,2,2063,-5.52654,36.072461,34.41153823,17.83122406
Bujeo,2,2064,-5.52654,36.072461,78.83844689,18.76286811
Bujeo,2,2065,-5.52654,36.072461,0.44062052,20.76121129
Bujeo,2,2066,-5.52654,36.072461,43.20273663,16.59253191
Bujeo,2,2067,-5.52654,36.072461,1.076668563,18.76984558
Bujeo,2,2068,-5.52654,36.072461,60.0480689,21.45482893
Bujeo,2,2069,-5.52654,36.072461,27.44775059,17.11824733
Bujeo,2,2070,-5.52654,36.072461,1.743949405,17.27575836
Bujeo,2,2071,-5.52654,36.072461,37.90593117,17.98743373
Bujeo,2,2072,-5.52654,36.072461,19.07279179,15.17323903
Bujeo,2,2073,-5.52654,36.072461,24.59636525,17.89089464
Bujeo,2,2074,-5.52654,36.072461,98.07290292,17.16537628
Bujeo,2,2075,-5.52654,36.072461,79.98366411,17.45073308
Bujeo,2,2076,-5.52654,36.072461,69.91104786,19.06215715
Bujeo,2,2077,-5.52654,36.072461,1.606999697,20.26520255
Bujeo,2,2078,-5.52654,36.072461,1.226761825,21.06067483
Bujeo,2,2079,-5.52654,36.072461,29.57545529,16.79200788
Bujeo,2,2080,-5.52654,36.072461,56.10985248,19.03727901
Bujeo,2,2081,-5.52654,36.072461,8.254038043,24.49400591
Bujeo,2,2082,-5.52654,36.072461,66.13259432,18.51585323
Bujeo,2,2083,-5.52654,36.072461,26.70068719,18.52299543
Bujeo,2,2084,-5.52654,36.072461,229.2113601,16.92083235
Bujeo,2,2085,-5.52654,36.072461,21.65452842,19.24328112
Bujeo,2,2086,-5.52654,36.072461,10.41850988,20.51861071
Bujeo,2,2087,-5.52654,36.072461,14.37429016,21.18221327
Bujeo,2,2088,-5.52654,36.072461,105.1481024,18.27816267
Bujeo,2,2089,-5.52654,36.072461,4.82569113,20.17535117
Bujeo,2,2090,-5.52654,36.072461,117.3776798,19.24999717
Bujeo,2,2091,-5.52654,36.072461,0.379549717,22.39638672
Bujeo,2,2092,-5.52654,36.072461,13.11827882,20.01249663
Bujeo,2,2093,-5.52654,36.072461,1.893103939,21.19300123
Bujeo,2,2094,-5.52654,36.072461,38.98222,20.85603921
Bujeo,2,2095,-5.52654,36.072461,1.019486352,17.5369921
Bujeo,2,2096,-5.52654,36.072461,44.05153086,18.97006036
Bujeo,2,2097,-5.52654,36.072461,48.37487391,20.27936489
Bujeo,2,2098,-5.52654,36.072461,2.100761146,20.43027104
Bujeo,2,2099,-5.52654,36.072461,1.169972139,20.16540244
Bujeo,2,2100,-5.52654,36.072461,3.391859402,21.54888851
Bujeo,3,2015,-5.52654,36.072461,21.14156406,18.4695915
Bujeo,3,2016,-5.52654,36.072461,6.316447055,19.1108426
Bujeo,3,2017,-5.52654,36.072461,38.22051648,20.66394417
Bujeo,3,2018,-5.52654,36.072461,79.88747305,17.04410361
Bujeo,3,2019,-5.52654,36.072461,27.49455574,21.51274237
Bujeo,3,2020,-5.52654,36.072461,31.91408679,21.2202432
Bujeo,3,2021,-5.52654,36.072461,47.61683611,17.77329358
Bujeo,3,2022,-5.52654,36.072461,39.4521669,17.32090789
Bujeo,3,2023,-5.52654,36.072461,6.938832623,19.29431133
Bujeo,3,2024,-5.52654,36.072461,397.2399699,16.73676797
Bujeo,3,2025,-5.52654,36.072461,21.33214378,19.75884006
Bujeo,3,2026,-5.52654,36.072461,38.9123286,17.01446514
Bujeo,3,2027,-5.52654,36.072461,41.31858824,19.63180621
Bujeo,3,2028,-5.52654,36.072461,79.81858299,19.15317245
Bujeo,3,2029,-5.52654,36.072461,32.69355654,19.93169457
Bujeo,3,2030,-5.52654,36.072461,83.47139983,19.5840206
Bujeo,3,2031,-5.52654,36.072461,37.03045956,19.32376473
Bujeo,3,2032,-5.52654,36.072461,111.0054285,19.30745456
Bujeo,3,2033,-5.52654,36.072461,61.69752233,16.45231166
Bujeo,3,2034,-5.52654,36.072461,25.01066731,17.70738151
Bujeo,3,2035,-5.52654,36.072461,37.84430874,19.51874842
Bujeo,3,2036,-5.52654,36.072461,7.81198495,19.32394389
Bujeo,3,2037,-5.52654,36.072461,41.77816939,22.22809704
Bujeo,3,2038,-5.52654,36.072461,22.74640047,23.72601889
Bujeo,3,2039,-5.52654,36.072461,0.634028501,19.52586493
Bujeo,3,2040,-5.52654,36.072461,1.226568429,20.0534095
Bujeo,3,2041,-5.52654,36.072461,31.69275376,21.1024611
Bujeo,3,2042,-5.52654,36.072461,5.597428596,22.62928605
Bujeo,3,2043,-5.52654,36.072461,34.58681125,21.02264385
Bujeo,3,2044,-5.52654,36.072461,32.23056259,18.61612116
Bujeo,3,2045,-5.52654,36.072461,6.044606217,22.08765023
Bujeo,3,2046,-5.52654,36.072461,11.78413434,20.1935098
Bujeo,3,2047,-5.52654,36.072461,121.659166,17.49314615
Bujeo,3,2048,-5.52654,36.072461,16.46908392,19.92403761
Bujeo,3,2049,-5.52654,36.072461,1.888850561,20.31097392
Bujeo,3,2050,-5.52654,36.072461,59.0913131,20.59436311
Bujeo,3,2051,-5.52654,36.072461,45.87254381,16.81954838
Bujeo,3,2052,-5.52654,36.072461,118.8354185,18.38307023
Bujeo,3,2053,-5.52654,36.072461,64.03316487,19.53878075
Bujeo,3,2054,-5.52654,36.072461,1.771527964,20.46428735
Bujeo,3,2055,-5.52654,36.072461,14.2507456,20.20053278
Bujeo,3,2056,-5.52654,36.072461,84.83072457,17.72991136
Bujeo,3,2057,-5.52654,36.072461,105.9971419,16.84741388
Bujeo,3,2058,-5.52654,36.072461,0.012416425,22.65127642
Bujeo,3,2059,-5.52654,36.072461,0.102285863,23.1678514
Bujeo,3,2060,-5.52654,36.072461,30.67990964,19.93002004
Bujeo,3,2061,-5.52654,36.072461,2.060031623,20.05822636
Bujeo,3,2062,-5.52654,36.072461,29.98257437,20.69498252
Bujeo,3,2063,-5.52654,36.072461,124.1590848,19.12562197
Bujeo,3,2064,-5.52654,36.072461,55.44269643,19.18131359
Bujeo,3,2065,-5.52654,36.072461,24.35506056,22.07108016
Bujeo,3,2066,-5.52654,36.072461,77.05354458,18.22588895
Bujeo,3,2067,-5.52654,36.072461,5.57418784,22.84744046
Bujeo,3,2068,-5.52654,36.072461,228.1488131,19.51824931
Bujeo,3,2069,-5.52654,36.072461,1.452203,21.55070328
Bujeo,3,2070,-5.52654,36.072461,45.95419023,17.48702688
Bujeo,3,2071,-5.52654,36.072461,59.32417659,16.85957661
Bujeo,3,2072,-5.52654,36.072461,19.2333948,18.53300112
Bujeo,3,2073,-5.52654,36.072461,11.6624118,19.95585957
Bujeo,3,2074,-5.52654,36.072461,61.89894344,19.8588629
Bujeo,3,2075,-5.52654,36.072461,39.40622692,20.18953464
Bujeo,3,2076,-5.52654,36.072461,38.29311874,20.75233784
Bujeo,3,2077,-5.52654,36.072461,0.316146409,23.41035491
Bujeo,3,2078,-5.52654,36.072461,6.072953016,25.52236131
Bujeo,3,2079,-5.52654,36.072461,37.93163005,19.88126772
Bujeo,3,2080,-5.52654,36.072461,13.89520033,20.52267338
Bujeo,3,2081,-5.52654,36.072461,16.50306793,26.08544804
Bujeo,3,2082,-5.52654,36.072461,68.3956121,19.59766098
Bujeo,3,2083,-5.52654,36.072461,13.51850047,22.30000138
Bujeo,3,2084,-5.52654,36.072461,11.71799461,20.54134521
Bujeo,3,2085,-5.52654,36.072461,32.29064703,22.28022697
Bujeo,3,2086,-5.52654,36.072461,4.171841098,20.73580618
Bujeo,3,2087,-5.52654,36.072461,0.03354871,21.97339143
Bujeo,3,2088,-5.52654,36.072461,125.5074471,20.35104449
Bujeo,3,2089,-5.52654,36.072461,5.042494271,23.24948986
Bujeo,3,2090,-5.52654,36.072461,191.5631373,19.33476681
Bujeo,3,2091,-5.52654,36.072461,14.51396789,24.50019768
Bujeo,3,2092,-5.52654,36.072461,82.78782396,19.99953909
Bujeo,3,2093,-5.52654,36.072461,2.025055079,22.31628792
Bujeo,3,2094,-5.52654,36.072461,0.87313252,23.83445671
Bujeo,3,2095,-5.52654,36.072461,17.67996637,24.05859651
Bujeo,3,2096,-5.52654,36.072461,27.95828157,19.94254505
Bujeo,3,2097,-5.52654,36.072461,14.788643,22.5125632
Bujeo,3,2098,-5.52654,36.072461,18.45211684,21.6356337
Bujeo,3,2099,-5.52654,36.072461,123.8643014,19.65403876
Bujeo,3,2100,-5.52654,36.072461,50.69616213,23.12559342
Bujeo,4,2015,-5.52654,36.072461,3.980655713,23.404953
Bujeo,4,2016,-5.52654,36.072461,13.36775209,23.06498006
Bujeo,4,2017,-5.52654,36.072461,14.83714044,22.49856466
Bujeo,4,2018,-5.52654,36.072461,82.24227537,19.44521077
Bujeo,4,2019,-5.52654,36.072461,77.12049397,20.91682332
Bujeo,4,2020,-5.52654,36.072461,23.25563309,22.2982961
Bujeo,4,2021,-5.52654,36.072461,66.78630692,19.39346619
Bujeo,4,2022,-5.52654,36.072461,92.72191801,20.04153951
Bujeo,4,2023,-5.52654,36.072461,100.6587187,19.53804728
Bujeo,4,2024,-5.52654,36.072461,20.51298608,19.64022725
Bujeo,4,2025,-5.52654,36.072461,87.58683771,20.17597656
Bujeo,4,2026,-5.52654,36.072461,39.27687432,18.0254069
Bujeo,4,2027,-5.52654,36.072461,15.02544833,22.85118815
Bujeo,4,2028,-5.52654,36.072461,12.00675958,21.20065715
Bujeo,4,2029,-5.52654,36.072461,12.79855053,20.68458964
Bujeo,4,2030,-5.52654,36.072461,33.86599872,20.23392131
Bujeo,4,2031,-5.52654,36.072461,17.75187851,23.77697957
Bujeo,4,2032,-5.52654,36.072461,18.37237365,20.92613424
Bujeo,4,2033,-5.52654,36.072461,64.2680714,20.15046488
Bujeo,4,2034,-5.52654,36.072461,4.464093093,22.24663391
Bujeo,4,2035,-5.52654,36.072461,23.32128395,21.59934489
Bujeo,4,2036,-5.52654,36.072461,49.66983046,22.09711202
Bujeo,4,2037,-5.52654,36.072461,45.38788717,23.07462769
Bujeo,4,2038,-5.52654,36.072461,72.63027271,22.16807556
Bujeo,4,2039,-5.52654,36.072461,103.3021782,19.18808594
Bujeo,4,2040,-5.52654,36.072461,22.37906813,20.19878235
Bujeo,4,2041,-5.52654,36.072461,12.21303292,20.71324361
Bujeo,4,2042,-5.52654,36.072461,35.28012273,23.31028748
Bujeo,4,2043,-5.52654,36.072461,12.53522901,20.83139954
Bujeo,4,2044,-5.52654,36.072461,2.021543698,21.99908854
Bujeo,4,2045,-5.52654,36.072461,16.73784722,23.57995199
Bujeo,4,2046,-5.52654,36.072461,50.69292167,19.93380432
Bujeo,4,2047,-5.52654,36.072461,3.608340742,20.82638143
Bujeo,4,2048,-5.52654,36.072461,57.81667499,18.93541667
Bujeo,4,2049,-5.52654,36.072461,25.76143888,20.27698059
Bujeo,4,2050,-5.52654,36.072461,76.95763541,21.30731099
Bujeo,4,2051,-5.52654,36.072461,32.42907054,21.86648763
Bujeo,4,2052,-5.52654,36.072461,72.65502151,20.00681966
Bujeo,4,2053,-5.52654,36.072461,49.26148424,20.45228882
Bujeo,4,2054,-5.52654,36.072461,30.33899419,21.94662476
Bujeo,4,2055,-5.52654,36.072461,7.552555449,19.98684591
Bujeo,4,2056,-5.52654,36.072461,34.54237188,22.29776611
Bujeo,4,2057,-5.52654,36.072461,74.27741782,20.1756307
Bujeo,4,2058,-5.52654,36.072461,25.41697845,22.89624532
Bujeo,4,2059,-5.52654,36.072461,31.94116185,23.0083374
Bujeo,4,2060,-5.52654,36.072461,45.87011599,21.47875264
Bujeo,4,2061,-5.52654,36.072461,18.81859447,23.35246684
Bujeo,4,2062,-5.52654,36.072461,3.334546768,25.05774231
Bujeo,4,2063,-5.52654,36.072461,46.70489289,20.7737915
Bujeo,4,2064,-5.52654,36.072461,4.585088305,20.51081136
Bujeo,4,2065,-5.52654,36.072461,31.10435223,21.13448792
Bujeo,4,2066,-5.52654,36.072461,6.874346084,22.32328186
Bujeo,4,2067,-5.52654,36.072461,74.01342813,24.19507853
Bujeo,4,2068,-5.52654,36.072461,10.04373296,24.34998779
Bujeo,4,2069,-5.52654,36.072461,28.83692506,23.90877889
Bujeo,4,2070,-5.52654,36.072461,0.893463544,24.11826579
Bujeo,4,2071,-5.52654,36.072461,53.77110456,19.28363342
Bujeo,4,2072,-5.52654,36.072461,19.83168068,23.1609141
Bujeo,4,2073,-5.52654,36.072461,6.920531781,22.99986471
Bujeo,4,2074,-5.52654,36.072461,12.99181036,22.93513184
Bujeo,4,2075,-5.52654,36.072461,12.08374131,22.46289063
Bujeo,4,2076,-5.52654,36.072461,4.423289101,25.71515605
Bujeo,4,2077,-5.52654,36.072461,26.71296102,25.89384359
Bujeo,4,2078,-5.52654,36.072461,33.59086833,24.28667603
Bujeo,4,2079,-5.52654,36.072461,7.36912555,25.57664897
Bujeo,4,2080,-5.52654,36.072461,35.75298705,22.68789063
Bujeo,4,2081,-5.52654,36.072461,10.30941715,25.17541199
Bujeo,4,2082,-5.52654,36.072461,10.68838762,23.73879191
Bujeo,4,2083,-5.52654,36.072461,15.32856128,24.39773763
Bujeo,4,2084,-5.52654,36.072461,34.2307468,21.93379313
Bujeo,4,2085,-5.52654,36.072461,63.0308737,20.44694214
Bujeo,4,2086,-5.52654,36.072461,18.73536459,25.42998962
Bujeo,4,2087,-5.52654,36.072461,80.01965957,20.13539124
Bujeo,4,2088,-5.52654,36.072461,93.29528756,20.1483256
Bujeo,4,2089,-5.52654,36.072461,3.711285996,24.07202047
Bujeo,4,2090,-5.52654,36.072461,32.37368729,22.75519409
Bujeo,4,2091,-5.52654,36.072461,4.476351293,27.49152934
Bujeo,4,2092,-5.52654,36.072461,10.31374918,23.00045878
Bujeo,4,2093,-5.52654,36.072461,20.90195642,23.60532532
Bujeo,4,2094,-5.52654,36.072461,36.99996236,22.19503479
Bujeo,4,2095,-5.52654,36.072461,9.912651933,24.93919271
Bujeo,4,2096,-5.52654,36.072461,44.46250334,20.49072876
Bujeo,4,2097,-5.52654,36.072461,26.34021237,23.67076721
Bujeo,4,2098,-5.52654,36.072461,58.61984239,21.93360189
Bujeo,4,2099,-5.52654,36.072461,114.8409556,23.47563477
Bujeo,4,2100,-5.52654,36.072461,3.791755309,25.93705953
Bujeo,5,2015,-5.52654,36.072461,58.16540941,22.86013774
Bujeo,5,2016,-5.52654,36.072461,1.834066998,25.74349464
Bujeo,5,2017,-5.52654,36.072461,93.42162333,20.36495854
Bujeo,5,2018,-5.52654,36.072461,78.28705487,20.21862281
Bujeo,5,2019,-5.52654,36.072461,25.31276115,24.87792851
Bujeo,5,2020,-5.52654,36.072461,54.58055098,22.41468644
Bujeo,5,2021,-5.52654,36.072461,27.86227864,24.70034081
Bujeo,5,2022,-5.52654,36.072461,62.13990253,20.68107733
Bujeo,5,2023,-5.52654,36.072461,26.88615254,21.82459264
Bujeo,5,2024,-5.52654,36.072461,2.369956454,25.46537712
Bujeo,5,2025,-5.52654,36.072461,34.12198928,23.84593526
Bujeo,5,2026,-5.52654,36.072461,19.42082085,23.38517692
Bujeo,5,2027,-5.52654,36.072461,16.67343069,25.01183275
Bujeo,5,2028,-5.52654,36.072461,20.0057091,23.84448912
Bujeo,5,2029,-5.52654,36.072461,5.765145134,26.32799683
Bujeo,5,2030,-5.52654,36.072461,40.81464735,23.13285857
Bujeo,5,2031,-5.52654,36.072461,20.49486808,27.36313929
Bujeo,5,2032,-5.52654,36.072461,24.30248453,23.08749272
Bujeo,5,2033,-5.52654,36.072461,12.89635915,25.64649894
Bujeo,5,2034,-5.52654,36.072461,12.10925597,25.6425858
Bujeo,5,2035,-5.52654,36.072461,109.5829207,21.23448703
Bujeo,5,2036,-5.52654,36.072461,4.399180185,29.60547348
Bujeo,5,2037,-5.52654,36.072461,35.8063841,25.67613644
Bujeo,5,2038,-5.52654,36.072461,83.32516964,22.01158172
Bujeo,5,2039,-5.52654,36.072461,25.57297972,24.11029624
Bujeo,5,2040,-5.52654,36.072461,38.04815139,23.26771476
Bujeo,5,2041,-5.52654,36.072461,33.67692662,23.40778159
Bujeo,5,2042,-5.52654,36.072461,7.989324152,26.22965245
Bujeo,5,2043,-5.52654,36.072461,44.09057901,24.08665397
Bujeo,5,2044,-5.52654,36.072461,2.650556112,24.65412145
Bujeo,5,2045,-5.52654,36.072461,2.377850559,26.35464852
Bujeo,5,2046,-5.52654,36.072461,14.87578503,23.37835969
Bujeo,5,2047,-5.52654,36.072461,22.01604245,22.72511715
Bujeo,5,2048,-5.52654,36.072461,11.02518169,23.25666937
Bujeo,5,2049,-5.52654,36.072461,10.33900119,26.23152682
Bujeo,5,2050,-5.52654,36.072461,8.874975864,23.42030167
Bujeo,5,2051,-5.52654,36.072461,2.037817864,26.11187626
Bujeo,5,2052,-5.52654,36.072461,8.957750541,23.94659404
Bujeo,5,2053,-5.52654,36.072461,28.83591564,23.90516594
Bujeo,5,2054,-5.52654,36.072461,0.3731371,27.58833933
Bujeo,5,2055,-5.52654,36.072461,16.75410804,25.91262502
Bujeo,5,2056,-5.52654,36.072461,20.2816005,26.003846
Bujeo,5,2057,-5.52654,36.072461,29.13701513,23.45933267
Bujeo,5,2058,-5.52654,36.072461,8.608688406,25.26887739
Bujeo,5,2059,-5.52654,36.072461,80.66377704,22.75882529
Bujeo,5,2060,-5.52654,36.072461,8.481035627,29.2059334
Bujeo,5,2061,-5.52654,36.072461,19.0680734,28.03199994
Bujeo,5,2062,-5.52654,36.072461,55.40855788,22.74530797
Bujeo,5,2063,-5.52654,36.072461,111.4727683,20.99189296
Bujeo,5,2064,-5.52654,36.072461,7.300432736,26.81644248
Bujeo,5,2065,-5.52654,36.072461,7.247081221,26.9122657
Bujeo,5,2066,-5.52654,36.072461,2.984258415,25.19902167
Bujeo,5,2067,-5.52654,36.072461,4.825048621,26.41834855
Bujeo,5,2068,-5.52654,36.072461,22.37825378,24.79623984
Bujeo,5,2069,-5.52654,36.072461,0.662233415,28.70919977
Bujeo,5,2070,-5.52654,36.072461,31.86085273,26.01972794
Bujeo,5,2071,-5.52654,36.072461,16.38780819,24.94542551
Bujeo,5,2072,-5.52654,36.072461,4.250646118,27.77663673
Bujeo,5,2073,-5.52654,36.072461,22.66377376,27.45206063
Bujeo,5,2074,-5.52654,36.072461,19.29220268,24.61699928
Bujeo,5,2075,-5.52654,36.072461,80.50677201,21.75266369
Bujeo,5,2076,-5.52654,36.072461,0.151011823,26.64391775
Bujeo,5,2077,-5.52654,36.072461,86.87131131,25.57284625
Bujeo,5,2078,-5.52654,36.072461,79.31028081,20.00524489
Bujeo,5,2079,-5.52654,36.072461,1.711971766,29.28732772
Bujeo,5,2080,-5.52654,36.072461,14.89385303,27.68423639
Bujeo,5,2081,-5.52654,36.072461,29.89577408,26.07747606
Bujeo,5,2082,-5.52654,36.072461,30.44994209,27.49537688
Bujeo,5,2083,-5.52654,36.072461,22.25689927,27.83772406
Bujeo,5,2084,-5.52654,36.072461,2.271701907,26.82408762
Bujeo,5,2085,-5.52654,36.072461,4.670534858,26.77786432
Bujeo,5,2086,-5.52654,36.072461,12.78525258,28.5664218
Bujeo,5,2087,-5.52654,36.072461,31.72441508,25.45163043
Bujeo,5,2088,-5.52654,36.072461,17.76405291,24.31252638
Bujeo,5,2089,-5.52654,36.072461,1.872311651,29.23057783
Bujeo,5,2090,-5.52654,36.072461,2.277914309,26.70277434
Bujeo,5,2091,-5.52654,36.072461,0.411349852,32.13380757
Bujeo,5,2092,-5.52654,36.072461,21.92962724,26.79192899
Bujeo,5,2093,-5.52654,36.072461,2.774048664,28.71233127
Bujeo,5,2094,-5.52654,36.072461,10.39104529,27.04830224
Bujeo,5,2095,-5.52654,36.072461,10.00027642,34.11435114
Bujeo,5,2096,-5.52654,36.072461,0.492501364,27.60194131
Bujeo,5,2097,-5.52654,36.072461,50.61176686,25.67628902
Bujeo,5,2098,-5.52654,36.072461,3.323127741,26.76284672
Bujeo,5,2099,-5.52654,36.072461,4.862430735,27.66451022
Bujeo,5,2100,-5.52654,36.072461,23.84080347,28.8303388
Bujeo,6,2015,-5.52654,36.072461,4.179266097,24.22317912
Bujeo,6,2016,-5.52654,36.072461,3.875077983,30.26438599
Bujeo,6,2017,-5.52654,36.072461,9.204705881,24.44998779
Bujeo,6,2018,-5.52654,36.072461,37.02064186,26.31885173
Bujeo,6,2019,-5.52654,36.072461,45.37803578,24.90482992
Bujeo,6,2020,-5.52654,36.072461,10.76698647,27.86036072
Bujeo,6,2021,-5.52654,36.072461,25.67924159,28.75349426
Bujeo,6,2022,-5.52654,36.072461,14.6035622,27.56268412
Bujeo,6,2023,-5.52654,36.072461,38.75998566,24.38630575
Bujeo,6,2024,-5.52654,36.072461,8.085883232,27.28536784
Bujeo,6,2025,-5.52654,36.072461,24.89301033,26.55592143
Bujeo,6,2026,-5.52654,36.072461,17.03883053,28.4945516
Bujeo,6,2027,-5.52654,36.072461,14.90286178,29.58894755
Bujeo,6,2028,-5.52654,36.072461,49.73671253,25.9792572
Bujeo,6,2029,-5.52654,36.072461,22.11312284,32.01370646
Bujeo,6,2030,-5.52654,36.072461,6.061930122,30.53384196
Bujeo,6,2031,-5.52654,36.072461,3.440114508,28.50644938
Bujeo,6,2032,-5.52654,36.072461,7.47319731,26.60558472
Bujeo,6,2033,-5.52654,36.072461,15.67352916,27.11918132
Bujeo,6,2034,-5.52654,36.072461,13.50103264,29.48628947
Bujeo,6,2035,-5.52654,36.072461,3.684059464,29.25950012
Bujeo,6,2036,-5.52654,36.072461,16.51678389,32.18182373
Bujeo,6,2037,-5.52654,36.072461,16.77444086,28.46223246
Bujeo,6,2038,-5.52654,36.072461,3.482655993,27.89947713
Bujeo,6,2039,-5.52654,36.072461,0.61855203,30.91917725
Bujeo,6,2040,-5.52654,36.072461,7.00961674,29.53592733
Bujeo,6,2041,-5.52654,36.072461,7.864874756,31.34263509
Bujeo,6,2042,-5.52654,36.072461,22.45648817,31.52772827
Bujeo,6,2043,-5.52654,36.072461,2.861916394,31.11070557
Bujeo,6,2044,-5.52654,36.072461,33.27680756,27.12365112
Bujeo,6,2045,-5.52654,36.072461,1.94380266,31.70869649
Bujeo,6,2046,-5.52654,36.072461,24.55381319,30.28508708
Bujeo,6,2047,-5.52654,36.072461,23.95610931,29.64769389
Bujeo,6,2048,-5.52654,36.072461,1.970198009,29.05288798
Bujeo,6,2049,-5.52654,36.072461,0.993699212,29.52504578
Bujeo,6,2050,-5.52654,36.072461,1.833798384,29.79972738
Bujeo,6,2051,-5.52654,36.072461,2.943631702,31.03122355
Bujeo,6,2052,-5.52654,36.072461,4.251373112,26.76231384
Bujeo,6,2053,-5.52654,36.072461,1.719061862,30.15794983
Bujeo,6,2054,-5.52654,36.072461,8.95506026,30.31961568
Bujeo,6,2055,-5.52654,36.072461,6.86238134,27.00394999
Bujeo,6,2056,-5.52654,36.072461,23.48936692,31.08192037
Bujeo,6,2057,-5.52654,36.072461,4.359116234,28.80618998
Bujeo,6,2058,-5.52654,36.072461,6.43886557,33.68961995
Bujeo,6,2059,-5.52654,36.072461,25.38927611,26.74302979
Bujeo,6,2060,-5.52654,36.072461,3.656187239,32.35302531
Bujeo,6,2061,-5.52654,36.072461,4.525456467,29.7113444
Bujeo,6,2062,-5.52654,36.072461,10.07820036,32.44019267
Bujeo,6,2063,-5.52654,36.072461,1.411355008,29.08011678
Bujeo,6,2064,-5.52654,36.072461,9.22929482,29.7434316
Bujeo,6,2065,-5.52654,36.072461,9.971115258,29.83448588
Bujeo,6,2066,-5.52654,36.072461,5.077866736,30.26327209
Bujeo,6,2067,-5.52654,36.072461,7.562930627,33.71459249
Bujeo,6,2068,-5.52654,36.072461,2.632966264,29.67860514
Bujeo,6,2069,-5.52654,36.072461,12.02139964,31.93827413
Bujeo,6,2070,-5.52654,36.072461,2.026379678,29.11600037
Bujeo,6,2071,-5.52654,36.072461,1.049116402,29.15966288
Bujeo,6,2072,-5.52654,36.072461,0.13888885,31.5096995
Bujeo,6,2073,-5.52654,36.072461,25.06272693,28.11733398
Bujeo,6,2074,-5.52654,36.072461,0.738042565,28.08948059
Bujeo,6,2075,-5.52654,36.072461,1.779487306,32.06148987
Bujeo,6,2076,-5.52654,36.072461,0.956342786,34.56259664
Bujeo,6,2077,-5.52654,36.072461,44.76109946,30.03966878
Bujeo,6,2078,-5.52654,36.072461,14.64570569,29.61026713
Bujeo,6,2079,-5.52654,36.072461,1.532276241,35.04017436
Bujeo,6,2080,-5.52654,36.072461,4.435497642,32.26651408
Bujeo,6,2081,-5.52654,36.072461,3.112090905,33.63148905
Bujeo,6,2082,-5.52654,36.072461,16.7764739,35.3125824
Bujeo,6,2083,-5.52654,36.072461,2.053591341,33.89059041
Bujeo,6,2084,-5.52654,36.072461,4.020261553,30.8069692
Bujeo,6,2085,-5.52654,36.072461,2.987506135,31.86766866
Bujeo,6,2086,-5.52654,36.072461,0.816531273,30.57083842
Bujeo,6,2087,-5.52654,36.072461,0.310096052,30.759139
Bujeo,6,2088,-5.52654,36.072461,0.676022547,30.1403656
Bujeo,6,2089,-5.52654,36.072461,0.411142198,32.25660909
Bujeo,6,2090,-5.52654,36.072461,7.060658783,32.91844482
Bujeo,6,2091,-5.52654,36.072461,3.002614655,32.22676799
Bujeo,6,2092,-5.52654,36.072461,8.377170424,31.33804728
Bujeo,6,2093,-5.52654,36.072461,28.55966447,31.442571
Bujeo,6,2094,-5.52654,36.072461,0.321762583,35.11186829
Bujeo,6,2095,-5.52654,36.072461,1.897151471,34.46496582
Bujeo,6,2096,-5.52654,36.072461,28.12709271,31.0926239
Bujeo,6,2097,-5.52654,36.072461,1.17506507,31.05032857
Bujeo,6,2098,-5.52654,36.072461,0.80817937,32.14435221
Bujeo,6,2099,-5.52654,36.072461,10.58061437,33.57809143
Bujeo,6,2100,-5.52654,36.072461,19.07839967,35.05990601
Bujeo,7,2015,-5.52654,36.072461,6.614376294,32.58215017
Bujeo,7,2016,-5.52654,36.072461,7.918615464,32.81746137
Bujeo,7,2017,-5.52654,36.072461,11.14929312,31.88871302
Bujeo,7,2018,-5.52654,36.072461,39.9903541,28.47158695
Bujeo,7,2019,-5.52654,36.072461,5.198329116,31.05904246
Bujeo,7,2020,-5.52654,36.072461,1.558689973,31.5941357
Bujeo,7,2021,-5.52654,36.072461,3.752513714,33.51770098
Bujeo,7,2022,-5.52654,36.072461,0.018460462,32.57700451
Bujeo,7,2023,-5.52654,36.072461,0.182822401,28.21475298
Bujeo,7,2024,-5.52654,36.072461,3.021994176,30.22302817
Bujeo,7,2025,-5.52654,36.072461,7.070899172,32.02799624
Bujeo,7,2026,-5.52654,36.072461,2.691632561,30.11186445
Bujeo,7,2027,-5.52654,36.072461,0.136364113,32.96609379
Bujeo,7,2028,-5.52654,36.072461,12.23129889,31.58398122
Bujeo,7,2029,-5.52654,36.072461,2.904963339,34.93783156
Bujeo,7,2030,-5.52654,36.072461,2.140051314,30.84563303
Bujeo,7,2031,-5.52654,36.072461,4.256755,34.5782833
Bujeo,7,2032,-5.52654,36.072461,5.919486947,32.7484946
Bujeo,7,2033,-5.52654,36.072461,1.342476263,32.50285664
Bujeo,7,2034,-5.52654,36.072461,0.751332261,36.65273438
Bujeo,7,2035,-5.52654,36.072461,5.874728993,32.76221865
Bujeo,7,2036,-5.52654,36.072461,0.023982674,35.93222322
Bujeo,7,2037,-5.52654,36.072461,0.937402377,33.53207181
Bujeo,7,2038,-5.52654,36.072461,0.532565176,33.96321923
Bujeo,7,2039,-5.52654,36.072461,14.49431165,33.38451932
Bujeo,7,2040,-5.52654,36.072461,0.015448835,34.62405277
Bujeo,7,2041,-5.52654,36.072461,16.7735271,33.87276119
Bujeo,7,2042,-5.52654,36.072461,4.018370159,32.11935405
Bujeo,7,2043,-5.52654,36.072461,0.548323308,33.96219345
Bujeo,7,2044,-5.52654,36.072461,8.69200097,32.52252178
Bujeo,7,2045,-5.52654,36.072461,11.72908024,36.63125295
Bujeo,7,2046,-5.52654,36.072461,5.677719827,34.66272937
Bujeo,7,2047,-5.52654,36.072461,19.56021717,31.23765397
Bujeo,7,2048,-5.52654,36.072461,4.413840916,30.65094959
Bujeo,7,2049,-5.52654,36.072461,24.83414637,30.80981426
Bujeo,7,2050,-5.52654,36.072461,8.322895885,29.87536109
Bujeo,7,2051,-5.52654,36.072461,4.190661808,36.53641416
Bujeo,7,2052,-5.52654,36.072461,0.140424609,32.25182101
Bujeo,7,2053,-5.52654,36.072461,0.375819776,34.28693592
Bujeo,7,2054,-5.52654,36.072461,3.750724479,37.68884356
Bujeo,7,2055,-5.52654,36.072461,2.662270077,31.38992191
Bujeo,7,2056,-5.52654,36.072461,0.010440688,34.51703157
Bujeo,7,2057,-5.52654,36.072461,1.803107934,31.85178085
Bujeo,7,2058,-5.52654,36.072461,14.65776195,37.09367105
Bujeo,7,2059,-5.52654,36.072461,2.171850543,31.47696002
Bujeo,7,2060,-5.52654,36.072461,3.489218007,36.02538058
Bujeo,7,2061,-5.52654,36.072461,5.920144703,37.05704306
Bujeo,7,2062,-5.52654,36.072461,0.683232376,35.86868759
Bujeo,7,2063,-5.52654,36.072461,1.983878843,32.3591474
Bujeo,7,2064,-5.52654,36.072461,0.075588221,33.91991282
Bujeo,7,2065,-5.52654,36.072461,0.602908351,32.83981993
Bujeo,7,2066,-5.52654,36.072461,0.882856371,33.81109009
Bujeo,7,2067,-5.52654,36.072461,2.962432906,35.92523961
Bujeo,7,2068,-5.52654,36.072461,2.349382888,35.41807881
Bujeo,7,2069,-5.52654,36.072461,5.975731027,36.19620322
Bujeo,7,2070,-5.52654,36.072461,2.385851386,31.07968612
Bujeo,7,2071,-5.52654,36.072461,4.863604403,33.72343474
Bujeo,7,2072,-5.52654,36.072461,0.411089692,37.37409806
Bujeo,7,2073,-5.52654,36.072461,7.059901102,35.92171729
Bujeo,7,2074,-5.52654,36.072461,0.105910736,34.39234855
Bujeo,7,2075,-5.52654,36.072461,0.111988494,36.10210178
Bujeo,7,2076,-5.52654,36.072461,1.128008526,38.19448045
Bujeo,7,2077,-5.52654,36.072461,0.262781512,35.90645063
Bujeo,7,2078,-5.52654,36.072461,0.884588108,35.56866632
Bujeo,7,2079,-5.52654,36.072461,0.698315177,37.85181137
Bujeo,7,2080,-5.52654,36.072461,4.763193397,36.4249049
Bujeo,7,2081,-5.52654,36.072461,3.046737887,39.93165126
Bujeo,7,2082,-5.52654,36.072461,2.801830998,36.28684338
Bujeo,7,2083,-5.52654,36.072461,0.283510166,37.81145433
Bujeo,7,2084,-5.52654,36.072461,12.3683819,37.55291531
Bujeo,7,2085,-5.52654,36.072461,6.653833015,37.61948695
Bujeo,7,2086,-5.52654,36.072461,1.637011998,38.02537665
Bujeo,7,2087,-5.52654,36.072461,12.26263362,35.71668248
Bujeo,7,2088,-5.52654,36.072461,1.871686346,35.72889739
Bujeo,7,2089,-5.52654,36.072461,5.035443549,35.90165937
Bujeo,7,2090,-5.52654,36.072461,2.828571385,36.32000221
Bujeo,7,2091,-5.52654,36.072461,4.30349689,36.2103742
Bujeo,7,2092,-5.52654,36.072461,4.322878494,37.48473511
Bujeo,7,2093,-5.52654,36.072461,0.615391958,38.47552667
Bujeo,7,2094,-5.52654,36.072461,0.885442085,36.30777745
Bujeo,7,2095,-5.52654,36.072461,0.354128004,39.79071616
Bujeo,7,2096,-5.52654,36.072461,6.368586479,36.16579688
Bujeo,7,2097,-5.52654,36.072461,0.249272864,36.2565788
Bujeo,7,2098,-5.52654,36.072461,0.093508269,38.28468549
Bujeo,7,2099,-5.52654,36.072461,3.283971616,37.92681767
Bujeo,7,2100,-5.52654,36.072461,20.97232642,34.14682873
Bujeo,8,2015,-5.52654,36.072461,1.812579913,33.68391153
Bujeo,8,2016,-5.52654,36.072461,3.836425513,33.01509321
Bujeo,8,2017,-5.52654,36.072461,5.479248107,32.91282191
Bujeo,8,2018,-5.52654,36.072461,2.341330866,28.38091431
Bujeo,8,2019,-5.52654,36.072461,4.188169134,33.78366168
Bujeo,8,2020,-5.52654,36.072461,0.143933367,33.29241431
Bujeo,8,2021,-5.52654,36.072461,3.050247327,34.54430542
Bujeo,8,2022,-5.52654,36.072461,0.065820155,33.15273339
Bujeo,8,2023,-5.52654,36.072461,3.235040197,33.29899627
Bujeo,8,2024,-5.52654,36.072461,1.297361922,34.22175628
Bujeo,8,2025,-5.52654,36.072461,0.155066824,34.64162401
Bujeo,8,2026,-5.52654,36.072461,0.29888228,33.73250142
Bujeo,8,2027,-5.52654,36.072461,0.355396956,34.16851689
Bujeo,8,2028,-5.52654,36.072461,0.719611516,34.04135014
Bujeo,8,2029,-5.52654,36.072461,3.359225426,35.56483883
Bujeo,8,2030,-5.52654,36.072461,0.786594811,33.34141964
Bujeo,8,2031,-5.52654,36.072461,6.362042601,36.0819966
Bujeo,8,2032,-5.52654,36.072461,4.966518812,34.69112549
Bujeo,8,2033,-5.52654,36.072461,8.75394219521371e-05,35.15045245
Bujeo,8,2034,-5.52654,36.072461,0.77248632,35.16923356
Bujeo,8,2035,-5.52654,36.072461,2.656668573,33.83475302
Bujeo,8,2036,-5.52654,36.072461,0.000200825,33.72615179
Bujeo,8,2037,-5.52654,36.072461,2.430408255,35.36210367
Bujeo,8,2038,-5.52654,36.072461,5.7880241191278e-07,34.63381938
Bujeo,8,2039,-5.52654,36.072461,0.005243746,33.42732957
Bujeo,8,2040,-5.52654,36.072461,1.616749552,34.72909625
Bujeo,8,2041,-5.52654,36.072461,7.853370613,33.6143915
Bujeo,8,2042,-5.52654,36.072461,0.336482505,36.49224243
Bujeo,8,2043,-5.52654,36.072461,0.796275343,34.59725932
Bujeo,8,2044,-5.52654,36.072461,0.735153707,34.85718541
Bujeo,8,2045,-5.52654,36.072461,6.057568199,33.91633931
Bujeo,8,2046,-5.52654,36.072461,3.08244,35.09443793
Bujeo,8,2047,-5.52654,36.072461,3.661758672,34.7065979
Bujeo,8,2048,-5.52654,36.072461,0.53336823,35.15486076
Bujeo,8,2049,-5.52654,36.072461,11.56898796,31.41866455
Bujeo,8,2050,-5.52654,36.072461,0.120445045,33.89918351
Bujeo,8,2051,-5.52654,36.072461,2.085026505,32.1848054
Bujeo,8,2052,-5.52654,36.072461,0.44400246,35.06899906
Bujeo,8,2053,-5.52654,36.072461,0.038233,34.17724491
Bujeo,8,2054,-5.52654,36.072461,0.107312707,34.07328924
Bujeo,8,2055,-5.52654,36.072461,0.000224032,34.77614451
Bujeo,8,2056,-5.52654,36.072461,0.10698781,33.0923076
Bujeo,8,2057,-5.52654,36.072461,0.18721995,34.28188083
Bujeo,8,2058,-5.52654,36.072461,2.800293381,35.68282274
Bujeo,8,2059,-5.52654,36.072461,0.021406434,33.11261459
Bujeo,8,2060,-5.52654,36.072461,0.77092631,34.57999622
Bujeo,8,2061,-5.52654,36.072461,0.160041125,35.89577046
Bujeo,8,2062,-5.52654,36.072461,11.51595554,34.73864628
Bujeo,8,2063,-5.52654,36.072461,0.609522258,31.48903218
Bujeo,8,2064,-5.52654,36.072461,3.216742613,35.87345522
Bujeo,8,2065,-5.52654,36.072461,0.316506651,35.26040433
Bujeo,8,2066,-5.52654,36.072461,0.91396323,37.40763786
Bujeo,8,2067,-5.52654,36.072461,7.964400369,35.08279793
Bujeo,8,2068,-5.52654,36.072461,8.52647962,36.91404458
Bujeo,8,2069,-5.52654,36.072461,0.010618881,34.74232414
Bujeo,8,2070,-5.52654,36.072461,4.759722345,34.14140349
Bujeo,8,2071,-5.52654,36.072461,7.843124226,36.08481012
Bujeo,8,2072,-5.52654,36.072461,1.658885954,34.23678569
Bujeo,8,2073,-5.52654,36.072461,0.000273263,37.28966675
Bujeo,8,2074,-5.52654,36.072461,0.378888641,38.20734017
Bujeo,8,2075,-5.52654,36.072461,1.579699371,37.32466549
Bujeo,8,2076,-5.52654,36.072461,0.815372792,35.88284873
Bujeo,8,2077,-5.52654,36.072461,1.698270341,34.64200203
Bujeo,8,2078,-5.52654,36.072461,1.224415873,35.47622759
Bujeo,8,2079,-5.52654,36.072461,0.648364261,37.72300454
Bujeo,8,2080,-5.52654,36.072461,0.176779968,35.68188358
Bujeo,8,2081,-5.52654,36.072461,0.369621164,33.12177183
Bujeo,8,2082,-5.52654,36.072461,3.371062171,37.63489833
Bujeo,8,2083,-5.52654,36.072461,1.198548068,34.43329527
Bujeo,8,2084,-5.52654,36.072461,0.947891277,35.1089702
Bujeo,8,2085,-5.52654,36.072461,0.861207014,36.53933795
Bujeo,8,2086,-5.52654,36.072461,0.040452753,35.55720057
Bujeo,8,2087,-5.52654,36.072461,3.188592758,35.43356205
Bujeo,8,2088,-5.52654,36.072461,0.181904456,34.54935559
Bujeo,8,2089,-5.52654,36.072461,7.161648492,35.71623949
Bujeo,8,2090,-5.52654,36.072461,6.54885438911182e-05,36.46599141
Bujeo,8,2091,-5.52654,36.072461,2.041437856,38.92225677
Bujeo,8,2092,-5.52654,36.072461,0.488792204,38.5452495
Bujeo,8,2093,-5.52654,36.072461,0.008700224,37.31197707
Bujeo,8,2094,-5.52654,36.072461,1.405136205,39.74673048
Bujeo,8,2095,-5.52654,36.072461,1.479205664,37.63531967
Bujeo,8,2096,-5.52654,36.072461,0.477066654,35.38764392
Bujeo,8,2097,-5.52654,36.072461,0.862698086,37.66111686
Bujeo,8,2098,-5.52654,36.072461,0.013817874,35.33694734
Bujeo,8,2099,-5.52654,36.072461,0.397587269,39.86949876
Bujeo,8,2100,-5.52654,36.072461,0.274781534,35.53255812
Bujeo,9,2015,-5.52654,36.072461,10.0610345,28.55563151
Bujeo,9,2016,-5.52654,36.072461,1.583939006,29.69663493
Bujeo,9,2017,-5.52654,36.072461,1.12663935,30.25051982
Bujeo,9,2018,-5.52654,36.072461,46.99559689,28.17325745
Bujeo,9,2019,-5.52654,36.072461,15.44030709,27.7295695
Bujeo,9,2020,-5.52654,36.072461,5.176320712,28.06356913
Bujeo,9,2021,-5.52654,36.072461,0.028165093,31.59545186
Bujeo,9,2022,-5.52654,36.072461,8.103545075,29.03036804
Bujeo,9,2023,-5.52654,36.072461,3.254719785,27.63254598
Bujeo,9,2024,-5.52654,36.072461,20.43909524,27.86826274
Bujeo,9,2025,-5.52654,36.072461,7.904002296,30.82803955
Bujeo,9,2026,-5.52654,36.072461,14.91149868,29.65047201
Bujeo,9,2027,-5.52654,36.072461,3.835008886,30.30138753
Bujeo,9,2028,-5.52654,36.072461,29.38268704,29.77480062
Bujeo,9,2029,-5.52654,36.072461,2.584425842,29.83621826
Bujeo,9,2030,-5.52654,36.072461,40.33529921,28.53342489
Bujeo,9,2031,-5.52654,36.072461,45.8376753,29.82638957
Bujeo,9,2032,-5.52654,36.072461,20.97934256,30.6774353
Bujeo,9,2033,-5.52654,36.072461,5.054163104,29.64972432
Bujeo,9,2034,-5.52654,36.072461,54.42464509,28.62459005
Bujeo,9,2035,-5.52654,36.072461,9.339237791,31.25997111
Bujeo,9,2036,-5.52654,36.072461,1.659962922,31.64155884
Bujeo,9,2037,-5.52654,36.072461,5.312906016,31.54193726
Bujeo,9,2038,-5.52654,36.072461,1.416570025,31.2628774
Bujeo,9,2039,-5.52654,36.072461,1.771028164,31.66185811
Bujeo,9,2040,-5.52654,36.072461,2.130221392,30.45791016
Bujeo,9,2041,-5.52654,36.072461,23.51457822,28.53762614
Bujeo,9,2042,-5.52654,36.072461,7.043902661,29.7775706
Bujeo,9,2043,-5.52654,36.072461,8.677808271,29.48277995
Bujeo,9,2044,-5.52654,36.072461,57.45632612,28.86291606
Bujeo,9,2045,-5.52654,36.072461,0.899320643,31.65069275
Bujeo,9,2046,-5.52654,36.072461,40.04431477,28.21285197
Bujeo,9,2047,-5.52654,36.072461,1.278571734,30.91669413
Bujeo,9,2048,-5.52654,36.072461,5.041441114,30.92924601
Bujeo,9,2049,-5.52654,36.072461,32.74884853,28.32526347
Bujeo,9,2050,-5.52654,36.072461,4.43189689,33.87539978
Bujeo,9,2051,-5.52654,36.072461,3.040729938,30.2391215
Bujeo,9,2052,-5.52654,36.072461,10.44938009,31.08060201
Bujeo,9,2053,-5.52654,36.072461,0.91029843,32.19137065
Bujeo,9,2054,-5.52654,36.072461,24.03279632,28.76825765
Bujeo,9,2055,-5.52654,36.072461,4.599529882,31.9601827
Bujeo,9,2056,-5.52654,36.072461,6.37098657,31.77308044
Bujeo,9,2057,-5.52654,36.072461,4.709285911,30.57212016
Bujeo,9,2058,-5.52654,36.072461,15.05280191,31.40626119
Bujeo,9,2059,-5.52654,36.072461,2.213997984,29.19277344
Bujeo,9,2060,-5.52654,36.072461,0.000281201,29.71391907
Bujeo,9,2061,-5.52654,36.072461,16.71133126,32.2214386
Bujeo,9,2062,-5.52654,36.072461,7.259377297,31.51443583
Bujeo,9,2063,-5.52654,36.072461,2.356064337,30.97342224
Bujeo,9,2064,-5.52654,36.072461,22.796601,31.90858053
Bujeo,9,2065,-5.52654,36.072461,8.545749622,30.7799408
Bujeo,9,2066,-5.52654,36.072461,6.206967273,30.45432943
Bujeo,9,2067,-5.52654,36.072461,0.295801765,31.28473918
Bujeo,9,2068,-5.52654,36.072461,5.862376263,32.55746663
Bujeo,9,2069,-5.52654,36.072461,4.033959499,31.83783061
Bujeo,9,2070,-5.52654,36.072461,2.981367424,31.65957947
Bujeo,9,2071,-5.52654,36.072461,6.568766053,30.61669515
Bujeo,9,2072,-5.52654,36.072461,22.29211216,29.98851217
Bujeo,9,2073,-5.52654,36.072461,17.30209967,32.18113302
Bujeo,9,2074,-5.52654,36.072461,29.31142183,32.10409342
Bujeo,9,2075,-5.52654,36.072461,4.326945961,32.93305969
Bujeo,9,2076,-5.52654,36.072461,17.43430007,29.1223114
Bujeo,9,2077,-5.52654,36.072461,1.250018519,33.02405802
Bujeo,9,2078,-5.52654,36.072461,2.912348486,32.94689738
Bujeo,9,2079,-5.52654,36.072461,3.013435416,34.40709025
Bujeo,9,2080,-5.52654,36.072461,0.349422194,32.22659505
Bujeo,9,2081,-5.52654,36.072461,10.44266146,33.7454071
Bujeo,9,2082,-5.52654,36.072461,2.188149752,33.23472493
Bujeo,9,2083,-5.52654,36.072461,0.582367109,32.89139811
Bujeo,9,2084,-5.52654,36.072461,6.198372161,34.95570984
Bujeo,9,2085,-5.52654,36.072461,4.397201831,33.63905131
Bujeo,9,2086,-5.52654,36.072461,9.830974482,31.44564718
Bujeo,9,2087,-5.52654,36.072461,2.375005861,32.17148641
Bujeo,9,2088,-5.52654,36.072461,4.216863032,31.20906576
Bujeo,9,2089,-5.52654,36.072461,29.32064327,30.79909058
Bujeo,9,2090,-5.52654,36.072461,16.25387439,31.35024109
Bujeo,9,2091,-5.52654,36.072461,0.679011165,32.70965678
Bujeo,9,2092,-5.52654,36.072461,9.373098957,34.33897909
Bujeo,9,2093,-5.52654,36.072461,9.093137395,33.46183268
Bujeo,9,2094,-5.52654,36.072461,0.773676636,31.99041138
Bujeo,9,2095,-5.52654,36.072461,9.575280971,32.21494548
Bujeo,9,2096,-5.52654,36.072461,4.996537537,32.89479268
Bujeo,9,2097,-5.52654,36.072461,3.423957874,33.36339518
Bujeo,9,2098,-5.52654,36.072461,5.425318349,34.85333455
Bujeo,9,2099,-5.52654,36.072461,0.337147171,35.29749756
Bujeo,9,2100,-5.52654,36.072461,1.588211784,35.38831482
MonteraTorero,1,2015,-5.585278,36.226389,148.6920956,15.35110552
MonteraTorero,1,2016,-5.585278,36.226389,46.35068784,14.30779911
MonteraTorero,1,2017,-5.585278,36.226389,4.635573072,16.80523564
MonteraTorero,1,2018,-5.585278,36.226389,259.3754261,15.07201833
MonteraTorero,1,2019,-5.585278,36.226389,41.57295115,16.34288645
MonteraTorero,1,2020,-5.585278,36.226389,0.521467545,16.33766991
MonteraTorero,1,2021,-5.585278,36.226389,11.13536214,16.33353035
MonteraTorero,1,2022,-5.585278,36.226389,40.63426257,18.14332216
MonteraTorero,1,2023,-5.585278,36.226389,267.1923557,15.21472148
MonteraTorero,1,2024,-5.585278,36.226389,94.40513422,16.07122783
MonteraTorero,1,2025,-5.585278,36.226389,1.328113762,16.26477031
MonteraTorero,1,2026,-5.585278,36.226389,20.72990226,17.04964796
MonteraTorero,1,2027,-5.585278,36.226389,9.472605261,17.49324164
MonteraTorero,1,2028,-5.585278,36.226389,122.8114425,16.70897926
MonteraTorero,1,2029,-5.585278,36.226389,10.60890634,15.8353742
MonteraTorero,1,2030,-5.585278,36.226389,175.2361346,16.10477354
MonteraTorero,1,2031,-5.585278,36.226389,57.93201377,15.70587335
MonteraTorero,1,2032,-5.585278,36.226389,329.8304274,17.13123917
MonteraTorero,1,2033,-5.585278,36.226389,25.75290802,17.01186031
MonteraTorero,1,2034,-5.585278,36.226389,25.66329997,15.56049549
MonteraTorero,1,2035,-5.585278,36.226389,30.58666854,17.23324762
MonteraTorero,1,2036,-5.585278,36.226389,57.61092261,16.50154832
MonteraTorero,1,2037,-5.585278,36.226389,12.84915344,17.69273997
MonteraTorero,1,2038,-5.585278,36.226389,1.410465829,16.88306629
MonteraTorero,1,2039,-5.585278,36.226389,9.159301129,16.04130879
MonteraTorero,1,2040,-5.585278,36.226389,27.14518124,17.22523134
MonteraTorero,1,2041,-5.585278,36.226389,84.97548874,17.53889003
MonteraTorero,1,2042,-5.585278,36.226389,7.291126221,16.08390739
MonteraTorero,1,2043,-5.585278,36.226389,98.21252904,16.18837595
MonteraTorero,1,2044,-5.585278,36.226389,1.663969992,16.09407762
MonteraTorero,1,2045,-5.585278,36.226389,168.1033491,17.90340872
MonteraTorero,1,2046,-5.585278,36.226389,67.6809257,14.41448856
MonteraTorero,1,2047,-5.585278,36.226389,124.784941,17.23768744
MonteraTorero,1,2048,-5.585278,36.226389,47.83288685,15.70486726
MonteraTorero,1,2049,-5.585278,36.226389,40.85926167,16.66633143
MonteraTorero,1,2050,-5.585278,36.226389,55.46922596,17.40782786
MonteraTorero,1,2051,-5.585278,36.226389,20.9551938,14.76134742
MonteraTorero,1,2052,-5.585278,36.226389,91.5245869,18.60529923
MonteraTorero,1,2053,-5.585278,36.226389,27.58451333,18.34124342
MonteraTorero,1,2054,-5.585278,36.226389,86.17398614,17.86575199
MonteraTorero,1,2055,-5.585278,36.226389,67.22753179,18.80501807
MonteraTorero,1,2056,-5.585278,36.226389,33.15935757,13.41811031
MonteraTorero,1,2057,-5.585278,36.226389,121.7669887,18.10323191
MonteraTorero,1,2058,-5.585278,36.226389,0.633242751,16.18867916
MonteraTorero,1,2059,-5.585278,36.226389,140.9900707,18.07274682
MonteraTorero,1,2060,-5.585278,36.226389,30.22115126,16.76927116
MonteraTorero,1,2061,-5.585278,36.226389,104.0235026,15.35499504
MonteraTorero,1,2062,-5.585278,36.226389,49.29441073,19.59890137
MonteraTorero,1,2063,-5.585278,36.226389,294.5822595,16.3036881
MonteraTorero,1,2064,-5.585278,36.226389,110.5681697,15.91744975
MonteraTorero,1,2065,-5.585278,36.226389,13.78000619,17.87626579
MonteraTorero,1,2066,-5.585278,36.226389,61.51332993,15.95706551
MonteraTorero,1,2067,-5.585278,36.226389,9.190037741,17.44954736
MonteraTorero,1,2068,-5.585278,36.226389,2.544079353,15.84811775
MonteraTorero,1,2069,-5.585278,36.226389,10.2366364,18.41761317
MonteraTorero,1,2070,-5.585278,36.226389,128.7548412,16.64807011
MonteraTorero,1,2071,-5.585278,36.226389,117.3572648,16.90834862
MonteraTorero,1,2072,-5.585278,36.226389,51.39782376,15.2355453
MonteraTorero,1,2073,-5.585278,36.226389,16.11960355,17.90604209
MonteraTorero,1,2074,-5.585278,36.226389,43.31103925,17.15133844
MonteraTorero,1,2075,-5.585278,36.226389,20.89457553,17.40495034
MonteraTorero,1,2076,-5.585278,36.226389,82.88748657,18.63627654
MonteraTorero,1,2077,-5.585278,36.226389,15.78860779,18.82005832
MonteraTorero,1,2078,-5.585278,36.226389,18.72869833,18.59752315
MonteraTorero,1,2079,-5.585278,36.226389,29.08862973,17.77907813
MonteraTorero,1,2080,-5.585278,36.226389,23.16234207,17.5028911
MonteraTorero,1,2081,-5.585278,36.226389,27.59438024,18.50962662
MonteraTorero,1,2082,-5.585278,36.226389,57.75700629,18.21216687
MonteraTorero,1,2083,-5.585278,36.226389,44.78704835,16.37860383
MonteraTorero,1,2084,-5.585278,36.226389,19.91773834,17.53877682
MonteraTorero,1,2085,-5.585278,36.226389,0.219080698,16.71201526
MonteraTorero,1,2086,-5.585278,36.226389,18.18877802,16.56542457
MonteraTorero,1,2087,-5.585278,36.226389,74.76658841,19.20253808
MonteraTorero,1,2088,-5.585278,36.226389,88.88397458,18.33718557
MonteraTorero,1,2089,-5.585278,36.226389,19.94255471,16.77405061
MonteraTorero,1,2090,-5.585278,36.226389,57.88246178,19.2813768
MonteraTorero,1,2091,-5.585278,36.226389,9.78425915,18.44550919
MonteraTorero,1,2092,-5.585278,36.226389,47.49934657,17.31897051
MonteraTorero,1,2093,-5.585278,36.226389,20.16758183,18.04836327
MonteraTorero,1,2094,-5.585278,36.226389,34.73327399,17.49516326
MonteraTorero,1,2095,-5.585278,36.226389,13.40702137,17.85021264
MonteraTorero,1,2096,-5.585278,36.226389,104.3221986,18.47592242
MonteraTorero,1,2097,-5.585278,36.226389,30.7161459,19.97951955
MonteraTorero,1,2098,-5.585278,36.226389,5.67696254,17.89504395
MonteraTorero,1,2099,-5.585278,36.226389,7.309907423,17.2147205
MonteraTorero,1,2100,-5.585278,36.226389,19.65397732,19.69895571
MonteraTorero,10,2015,-5.585278,36.226389,62.81849917,25.13567899
MonteraTorero,10,2016,-5.585278,36.226389,5.366727252,25.54895197
MonteraTorero,10,2017,-5.585278,36.226389,30.0193021,22.20487513
MonteraTorero,10,2018,-5.585278,36.226389,10.50297127,24.19340249
MonteraTorero,10,2019,-5.585278,36.226389,20.39333489,26.64771866
MonteraTorero,10,2020,-5.585278,36.226389,2.640969864,24.79342632
MonteraTorero,10,2021,-5.585278,36.226389,24.32511688,25.88998295
MonteraTorero,10,2022,-5.585278,36.226389,107.6009261,22.92516775
MonteraTorero,10,2023,-5.585278,36.226389,15.69681664,24.96220526
MonteraTorero,10,2024,-5.585278,36.226389,96.174942,21.43722022
MonteraTorero,10,2025,-5.585278,36.226389,240.649036,21.91511565
MonteraTorero,10,2026,-5.585278,36.226389,116.6449478,22.73140475
MonteraTorero,10,2027,-5.585278,36.226389,119.9440189,25.03666323
MonteraTorero,10,2028,-5.585278,36.226389,143.7858584,23.45891625
MonteraTorero,10,2029,-5.585278,36.226389,49.27624093,21.384982
MonteraTorero,10,2030,-5.585278,36.226389,20.19383882,25.39440505
MonteraTorero,10,2031,-5.585278,36.226389,32.04201373,21.74435996
MonteraTorero,10,2032,-5.585278,36.226389,123.5700059,22.79759049
MonteraTorero,10,2033,-5.585278,36.226389,141.0641702,21.80786212
MonteraTorero,10,2034,-5.585278,36.226389,35.3516865,22.14236332
MonteraTorero,10,2035,-5.585278,36.226389,13.8129661,24.94069529
MonteraTorero,10,2036,-5.585278,36.226389,49.62257901,22.51346002
MonteraTorero,10,2037,-5.585278,36.226389,44.45884031,25.07400198
MonteraTorero,10,2038,-5.585278,36.226389,21.02281066,24.4148469
MonteraTorero,10,2039,-5.585278,36.226389,27.63951837,24.64516011
MonteraTorero,10,2040,-5.585278,36.226389,12.09404588,28.05222916
MonteraTorero,10,2041,-5.585278,36.226389,88.52643639,22.75475169
MonteraTorero,10,2042,-5.585278,36.226389,29.1832512,27.1873669
MonteraTorero,10,2043,-5.585278,36.226389,27.30518301,22.67753827
MonteraTorero,10,2044,-5.585278,36.226389,20.68516603,22.237146
MonteraTorero,10,2045,-5.585278,36.226389,6.01563327,26.25663492
MonteraTorero,10,2046,-5.585278,36.226389,8.892084864,27.21018027
MonteraTorero,10,2047,-5.585278,36.226389,57.17205518,26.06877855
MonteraTorero,10,2048,-5.585278,36.226389,24.94196827,23.8489624
MonteraTorero,10,2049,-5.585278,36.226389,55.15596448,24.38970534
MonteraTorero,10,2050,-5.585278,36.226389,7.379242215,26.90039929
MonteraTorero,10,2051,-5.585278,36.226389,98.57328189,21.78054002
MonteraTorero,10,2052,-5.585278,36.226389,49.56177017,24.32772414
MonteraTorero,10,2053,-5.585278,36.226389,68.66420039,24.33937398
MonteraTorero,10,2054,-5.585278,36.226389,18.9775096,24.79487836
MonteraTorero,10,2055,-5.585278,36.226389,4.386610668,26.29111584
MonteraTorero,10,2056,-5.585278,36.226389,12.83510605,27.86428616
MonteraTorero,10,2057,-5.585278,36.226389,27.48427667,24.28940784
MonteraTorero,10,2058,-5.585278,36.226389,9.466243396,24.67183247
MonteraTorero,10,2059,-5.585278,36.226389,63.44961495,22.22946836
MonteraTorero,10,2060,-5.585278,36.226389,85.66599258,24.37036802
MonteraTorero,10,2061,-5.585278,36.226389,5.819963112,27.91426313
MonteraTorero,10,2062,-5.585278,36.226389,47.20287559,24.21081622
MonteraTorero,10,2063,-5.585278,36.226389,8.659707146,28.91320486
MonteraTorero,10,2064,-5.585278,36.226389,10.4551753,25.19872437
MonteraTorero,10,2065,-5.585278,36.226389,58.20561478,22.70924407
MonteraTorero,10,2066,-5.585278,36.226389,94.77734998,26.11436098
MonteraTorero,10,2067,-5.585278,36.226389,34.0211491,23.35587611
MonteraTorero,10,2068,-5.585278,36.226389,27.42240381,24.90970124
MonteraTorero,10,2069,-5.585278,36.226389,37.69709114,25.77344813
MonteraTorero,10,2070,-5.585278,36.226389,16.26693024,25.99570765
MonteraTorero,10,2071,-5.585278,36.226389,14.95568918,26.19263857
MonteraTorero,10,2072,-5.585278,36.226389,52.00021265,23.60688122
MonteraTorero,10,2073,-5.585278,36.226389,161.7425263,23.19736781
MonteraTorero,10,2074,-5.585278,36.226389,12.45655666,27.07888479
MonteraTorero,10,2075,-5.585278,36.226389,0.079060049,29.65765066
MonteraTorero,10,2076,-5.585278,36.226389,61.81619911,22.95262077
MonteraTorero,10,2077,-5.585278,36.226389,43.18641731,26.40574971
MonteraTorero,10,2078,-5.585278,36.226389,49.33416872,27.63124114
MonteraTorero,10,2079,-5.585278,36.226389,85.4903764,23.69878343
MonteraTorero,10,2080,-5.585278,36.226389,4.359302146,28.73612513
MonteraTorero,10,2081,-5.585278,36.226389,23.17477209,26.56140412
MonteraTorero,10,2082,-5.585278,36.226389,30.33417116,24.5693003
MonteraTorero,10,2083,-5.585278,36.226389,47.12023763,25.7938132
MonteraTorero,10,2084,-5.585278,36.226389,45.5978301,24.88079125
MonteraTorero,10,2085,-5.585278,36.226389,13.96928196,29.10660066
MonteraTorero,10,2086,-5.585278,36.226389,56.38595953,27.8345522
MonteraTorero,10,2087,-5.585278,36.226389,1.217656393,26.20896843
MonteraTorero,10,2088,-5.585278,36.226389,69.27627162,26.05982804
MonteraTorero,10,2089,-5.585278,36.226389,3.288446601,25.29016192
MonteraTorero,10,2090,-5.585278,36.226389,43.99632869,25.55700172
MonteraTorero,10,2091,-5.585278,36.226389,13.00786926,27.259223
MonteraTorero,10,2092,-5.585278,36.226389,31.246613,26.30750083
MonteraTorero,10,2093,-5.585278,36.226389,58.5306466,23.80185015
MonteraTorero,10,2094,-5.585278,36.226389,83.81432322,24.86973503
MonteraTorero,10,2095,-5.585278,36.226389,12.86651906,27.59455803
MonteraTorero,10,2096,-5.585278,36.226389,45.09770136,26.28295977
MonteraTorero,10,2097,-5.585278,36.226389,16.5091543,27.87313331
MonteraTorero,10,2098,-5.585278,36.226389,75.07332367,27.52017586
MonteraTorero,10,2099,-5.585278,36.226389,19.29713395,26.36535231
MonteraTorero,10,2100,-5.585278,36.226389,4.337991358,29.63563173
MonteraTorero,11,2015,-5.585278,36.226389,121.8649943,18.04260661
MonteraTorero,11,2016,-5.585278,36.226389,48.64235381,18.21017558
MonteraTorero,11,2017,-5.585278,36.226389,159.1092634,18.3072408
MonteraTorero,11,2018,-5.585278,36.226389,45.72648051,19.90654704
MonteraTorero,11,2019,-5.585278,36.226389,75.38644193,20.12059631
MonteraTorero,11,2020,-5.585278,36.226389,10.19599529,20.35411072
MonteraTorero,11,2021,-5.585278,36.226389,28.08911467,21.673703
MonteraTorero,11,2022,-5.585278,36.226389,88.28161511,19.84893087
MonteraTorero,11,2023,-5.585278,36.226389,22.37130222,19.38220723
MonteraTorero,11,2024,-5.585278,36.226389,22.16436651,18.30198873
MonteraTorero,11,2025,-5.585278,36.226389,116.4788581,19.93458659
MonteraTorero,11,2026,-5.585278,36.226389,9.756435494,20.20195516
MonteraTorero,11,2027,-5.585278,36.226389,53.04760592,19.83458761
MonteraTorero,11,2028,-5.585278,36.226389,25.2128433,19.46764119
MonteraTorero,11,2029,-5.585278,36.226389,28.43673751,18.68726603
MonteraTorero,11,2030,-5.585278,36.226389,88.58320916,21.05282288
MonteraTorero,11,2031,-5.585278,36.226389,154.1752749,17.23536377
MonteraTorero,11,2032,-5.585278,36.226389,154.0193634,19.87963765
MonteraTorero,11,2033,-5.585278,36.226389,19.60797088,17.41513774
MonteraTorero,11,2034,-5.585278,36.226389,125.5778049,19.31026306
MonteraTorero,11,2035,-5.585278,36.226389,54.61446073,19.34193319
MonteraTorero,11,2036,-5.585278,36.226389,10.34260287,19.5673818
MonteraTorero,11,2037,-5.585278,36.226389,65.06525634,17.88632406
MonteraTorero,11,2038,-5.585278,36.226389,45.38912106,19.86231791
MonteraTorero,11,2039,-5.585278,36.226389,25.34326297,20.86078695
MonteraTorero,11,2040,-5.585278,36.226389,86.57729233,21.67728984
MonteraTorero,11,2041,-5.585278,36.226389,90.9402597,19.5747345
MonteraTorero,11,2042,-5.585278,36.226389,7.369158702,22.94265849
MonteraTorero,11,2043,-5.585278,36.226389,173.778217,19.024705
MonteraTorero,11,2044,-5.585278,36.226389,79.63074058,19.42953593
MonteraTorero,11,2045,-5.585278,36.226389,110.6585184,19.56772868
MonteraTorero,11,2046,-5.585278,36.226389,97.17288243,20.1602946
MonteraTorero,11,2047,-5.585278,36.226389,45.36349105,19.22687581
MonteraTorero,11,2048,-5.585278,36.226389,17.59171627,18.87392273
MonteraTorero,11,2049,-5.585278,36.226389,83.77016623,19.82230123
MonteraTorero,11,2050,-5.585278,36.226389,47.72211554,17.84975281
MonteraTorero,11,2051,-5.585278,36.226389,25.5615151,18.56404114
MonteraTorero,11,2052,-5.585278,36.226389,166.392045,18.46702779
MonteraTorero,11,2053,-5.585278,36.226389,4.420351525,19.19952291
MonteraTorero,11,2054,-5.585278,36.226389,161.3545131,20.18162435
MonteraTorero,11,2055,-5.585278,36.226389,65.53007496,20.08328247
MonteraTorero,11,2056,-5.585278,36.226389,106.2116127,18.85659485
MonteraTorero,11,2057,-5.585278,36.226389,20.49636533,21.41650696
MonteraTorero,11,2058,-5.585278,36.226389,36.30863987,20.71772766
MonteraTorero,11,2059,-5.585278,36.226389,4.709481757,19.89588521
MonteraTorero,11,2060,-5.585278,36.226389,271.1246445,18.8015391
MonteraTorero,11,2061,-5.585278,36.226389,29.16412374,22.32477214
MonteraTorero,11,2062,-5.585278,36.226389,5.587167051,20.57368368
MonteraTorero,11,2063,-5.585278,36.226389,99.15006518,22.43358053
MonteraTorero,11,2064,-5.585278,36.226389,51.61281946,20.72673543
MonteraTorero,11,2065,-5.585278,36.226389,61.03914726,20.86621602
MonteraTorero,11,2066,-5.585278,36.226389,68.86484452,20.56021423
MonteraTorero,11,2067,-5.585278,36.226389,30.64212548,18.22213847
MonteraTorero,11,2068,-5.585278,36.226389,111.5322308,19.35250549
MonteraTorero,11,2069,-5.585278,36.226389,4.549043583,21.59069316
MonteraTorero,11,2070,-5.585278,36.226389,31.27107211,20.03009949
MonteraTorero,11,2071,-5.585278,36.226389,16.22813694,20.44301249
MonteraTorero,11,2072,-5.585278,36.226389,34.07973302,20.44797262
MonteraTorero,11,2073,-5.585278,36.226389,55.67687935,20.93077799
MonteraTorero,11,2074,-5.585278,36.226389,121.706946,19.1827474
MonteraTorero,11,2075,-5.585278,36.226389,73.01094642,22.99829305
MonteraTorero,11,2076,-5.585278,36.226389,61.86704567,19.27763875
MonteraTorero,11,2077,-5.585278,36.226389,19.70827064,23.44462789
MonteraTorero,11,2078,-5.585278,36.226389,27.24963575,21.3751709
MonteraTorero,11,2079,-5.585278,36.226389,19.7449981,20.43811849
MonteraTorero,11,2080,-5.585278,36.226389,13.12755143,22.08919373
MonteraTorero,11,2081,-5.585278,36.226389,43.94333635,21.72874756
MonteraTorero,11,2082,-5.585278,36.226389,45.02306268,20.48600362
MonteraTorero,11,2083,-5.585278,36.226389,23.60075289,19.95732829
MonteraTorero,11,2084,-5.585278,36.226389,41.93826396,22.77033488
MonteraTorero,11,2085,-5.585278,36.226389,31.2856306,22.48225708
MonteraTorero,11,2086,-5.585278,36.226389,22.96096992,21.90051371
MonteraTorero,11,2087,-5.585278,36.226389,22.25604729,23.097229
MonteraTorero,11,2088,-5.585278,36.226389,158.5522866,20.49922485
MonteraTorero,11,2089,-5.585278,36.226389,5.421882684,20.32904765
MonteraTorero,11,2090,-5.585278,36.226389,33.02588174,21.33061625
MonteraTorero,11,2091,-5.585278,36.226389,55.54532793,20.5428833
MonteraTorero,11,2092,-5.585278,36.226389,0.069473189,25.22731832
MonteraTorero,11,2093,-5.585278,36.226389,5.729153971,23.76018473
MonteraTorero,11,2094,-5.585278,36.226389,55.61863045,19.73223572
MonteraTorero,11,2095,-5.585278,36.226389,18.79731306,23.24938456
MonteraTorero,11,2096,-5.585278,36.226389,55.3729471,21.79796651
MonteraTorero,11,2097,-5.585278,36.226389,180.3133484,20.70837097
MonteraTorero,11,2098,-5.585278,36.226389,18.81977333,21.36025899
MonteraTorero,11,2099,-5.585278,36.226389,15.45501495,23.4899058
MonteraTorero,11,2100,-5.585278,36.226389,86.4473821,23.43894958
MonteraTorero,12,2015,-5.585278,36.226389,87.79503748,14.8463182
MonteraTorero,12,2016,-5.585278,36.226389,53.31561477,14.7371834
MonteraTorero,12,2017,-5.585278,36.226389,213.4336357,14.78866557
MonteraTorero,12,2018,-5.585278,36.226389,1.674760231,18.00818344
MonteraTorero,12,2019,-5.585278,36.226389,1.485700107,17.76118105
MonteraTorero,12,2020,-5.585278,36.226389,69.51870682,18.09052577
MonteraTorero,12,2021,-5.585278,36.226389,23.34802387,18.09259604
MonteraTorero,12,2022,-5.585278,36.226389,97.47625641,17.3836225
MonteraTorero,12,2023,-5.585278,36.226389,196.6582814,17.48813831
MonteraTorero,12,2024,-5.585278,36.226389,50.8189566,15.8422131
MonteraTorero,12,2025,-5.585278,36.226389,116.2520458,16.99412566
MonteraTorero,12,2026,-5.585278,36.226389,2.145576424,18.33824187
MonteraTorero,12,2027,-5.585278,36.226389,3.784235437,19.36106705
MonteraTorero,12,2028,-5.585278,36.226389,121.3889961,17.54382009
MonteraTorero,12,2029,-5.585278,36.226389,300.79932,16.6101151
MonteraTorero,12,2030,-5.585278,36.226389,13.88452945,18.31122397
MonteraTorero,12,2031,-5.585278,36.226389,45.37688654,15.85544394
MonteraTorero,12,2032,-5.585278,36.226389,106.0952482,15.87384407
MonteraTorero,12,2033,-5.585278,36.226389,118.4017106,16.22631619
MonteraTorero,12,2034,-5.585278,36.226389,13.37294382,19.5767525
MonteraTorero,12,2035,-5.585278,36.226389,18.45920063,14.88677073
MonteraTorero,12,2036,-5.585278,36.226389,0.626621712,18.963044
MonteraTorero,12,2037,-5.585278,36.226389,15.32494614,18.82535656
MonteraTorero,12,2038,-5.585278,36.226389,46.09870098,17.24638692
MonteraTorero,12,2039,-5.585278,36.226389,0.978855207,18.33240022
MonteraTorero,12,2040,-5.585278,36.226389,45.71536941,17.94653694
MonteraTorero,12,2041,-5.585278,36.226389,92.24081063,17.3425547
MonteraTorero,12,2042,-5.585278,36.226389,71.66379545,16.02464226
MonteraTorero,12,2043,-5.585278,36.226389,89.0049992,18.70435634
MonteraTorero,12,2044,-5.585278,36.226389,16.92019723,19.00543587
MonteraTorero,12,2045,-5.585278,36.226389,108.2021511,16.73363057
MonteraTorero,12,2046,-5.585278,36.226389,62.74812323,18.62602854
MonteraTorero,12,2047,-5.585278,36.226389,295.8874484,17.81688055
MonteraTorero,12,2048,-5.585278,36.226389,276.6859576,16.73200231
MonteraTorero,12,2049,-5.585278,36.226389,212.3530661,17.37461784
MonteraTorero,12,2050,-5.585278,36.226389,104.1819411,15.40267432
MonteraTorero,12,2051,-5.585278,36.226389,174.2076106,16.58398319
MonteraTorero,12,2052,-5.585278,36.226389,94.39160378,17.5280996
MonteraTorero,12,2053,-5.585278,36.226389,201.0329954,17.32123374
MonteraTorero,12,2054,-5.585278,36.226389,65.63030881,19.54682558
MonteraTorero,12,2055,-5.585278,36.226389,21.60271629,17.13462859
MonteraTorero,12,2056,-5.585278,36.226389,16.59600031,16.71289535
MonteraTorero,12,2057,-5.585278,36.226389,138.2618547,18.76368841
MonteraTorero,12,2058,-5.585278,36.226389,47.96716672,18.03197632
MonteraTorero,12,2059,-5.585278,36.226389,34.1459277,17.35900859
MonteraTorero,12,2060,-5.585278,36.226389,174.9894663,16.9885882
MonteraTorero,12,2061,-5.585278,36.226389,0.431821507,17.92227153
MonteraTorero,12,2062,-5.585278,36.226389,281.3739969,19.00377119
MonteraTorero,12,2063,-5.585278,36.226389,8.443142089,17.176354
MonteraTorero,12,2064,-5.585278,36.226389,83.22434628,18.33859151
MonteraTorero,12,2065,-5.585278,36.226389,131.1958432,17.74337552
MonteraTorero,12,2066,-5.585278,36.226389,8.665701928,17.51703058
MonteraTorero,12,2067,-5.585278,36.226389,18.19412498,17.2735259
MonteraTorero,12,2068,-5.585278,36.226389,34.5705639,16.80059401
MonteraTorero,12,2069,-5.585278,36.226389,66.47515836,17.41721644
MonteraTorero,12,2070,-5.585278,36.226389,65.86712862,17.26201585
MonteraTorero,12,2071,-5.585278,36.226389,36.07114822,16.266814
MonteraTorero,12,2072,-5.585278,36.226389,10.97055233,18.66382505
MonteraTorero,12,2073,-5.585278,36.226389,41.36743843,19.66622511
MonteraTorero,12,2074,-5.585278,36.226389,40.26160672,17.37448396
MonteraTorero,12,2075,-5.585278,36.226389,25.77371562,19.01866967
MonteraTorero,12,2076,-5.585278,36.226389,26.44754438,18.41556456
MonteraTorero,12,2077,-5.585278,36.226389,70.32362895,18.23418481
MonteraTorero,12,2078,-5.585278,36.226389,21.2199103,17.34876059
MonteraTorero,12,2079,-5.585278,36.226389,65.43492415,20.69765527
MonteraTorero,12,2080,-5.585278,36.226389,23.71560946,18.43281585
MonteraTorero,12,2081,-5.585278,36.226389,45.68881097,17.81208929
MonteraTorero,12,2082,-5.585278,36.226389,25.47362919,19.68504855
MonteraTorero,12,2083,-5.585278,36.226389,28.34214539,18.08569808
MonteraTorero,12,2084,-5.585278,36.226389,102.6295698,18.08976086
MonteraTorero,12,2085,-5.585278,36.226389,53.83057722,17.68639723
MonteraTorero,12,2086,-5.585278,36.226389,189.6363664,19.3106973
MonteraTorero,12,2087,-5.585278,36.226389,8.75618553,21.0262459
MonteraTorero,12,2088,-5.585278,36.226389,37.96795729,17.24076184
MonteraTorero,12,2089,-5.585278,36.226389,61.66451974,20.09216387
MonteraTorero,12,2090,-5.585278,36.226389,2.115739483,19.50362844
MonteraTorero,12,2091,-5.585278,36.226389,155.7207107,20.3458752
MonteraTorero,12,2092,-5.585278,36.226389,7.1726501,21.03832004
MonteraTorero,12,2093,-5.585278,36.226389,96.50461035,18.18267507
MonteraTorero,12,2094,-5.585278,36.226389,14.08137956,19.72058381
MonteraTorero,12,2095,-5.585278,36.226389,48.38216859,19.07060173
MonteraTorero,12,2096,-5.585278,36.226389,39.50686959,20.09999902
MonteraTorero,12,2097,-5.585278,36.226389,101.1556446,17.65616317
MonteraTorero,12,2098,-5.585278,36.226389,12.42078532,19.52741837
MonteraTorero,12,2099,-5.585278,36.226389,22.10178469,19.76347085
MonteraTorero,12,2100,-5.585278,36.226389,0.318390627,17.7026062
MonteraTorero,2,2015,-5.585278,36.226389,42.87027098,16.32749329
MonteraTorero,2,2016,-5.585278,36.226389,4.725808252,17.98604105
MonteraTorero,2,2017,-5.585278,36.226389,24.94353225,17.19982191
MonteraTorero,2,2018,-5.585278,36.226389,40.95482529,18.4074537
MonteraTorero,2,2019,-5.585278,36.226389,0.073163958,18.18176858
MonteraTorero,2,2020,-5.585278,36.226389,60.97491768,17.15796656
MonteraTorero,2,2021,-5.585278,36.226389,37.06655459,13.98706752
MonteraTorero,2,2022,-5.585278,36.226389,24.93701326,18.34817113
MonteraTorero,2,2023,-5.585278,36.226389,40.96312964,16.57061702
MonteraTorero,2,2024,-5.585278,36.226389,88.27439907,17.1465793
MonteraTorero,2,2025,-5.585278,36.226389,27.61902859,15.88736223
MonteraTorero,2,2026,-5.585278,36.226389,52.50833024,15.36147352
MonteraTorero,2,2027,-5.585278,36.226389,27.28164158,17.04681876
MonteraTorero,2,2028,-5.585278,36.226389,264.0193175,16.52886142
MonteraTorero,2,2029,-5.585278,36.226389,90.48287882,16.23114057
MonteraTorero,2,2030,-5.585278,36.226389,24.86790942,16.91787763
MonteraTorero,2,2031,-5.585278,36.226389,46.81999313,15.94248788
MonteraTorero,2,2032,-5.585278,36.226389,156.4663762,19.71821773
MonteraTorero,2,2033,-5.585278,36.226389,83.27419839,16.25510559
MonteraTorero,2,2034,-5.585278,36.226389,2.515205261,18.04709124
MonteraTorero,2,2035,-5.585278,36.226389,37.87921673,15.79722421
MonteraTorero,2,2036,-5.585278,36.226389,15.67397332,17.66837832
MonteraTorero,2,2037,-5.585278,36.226389,179.084035,16.68140019
MonteraTorero,2,2038,-5.585278,36.226389,0.59316319,20.19216527
MonteraTorero,2,2039,-5.585278,36.226389,13.52434984,19.27609297
MonteraTorero,2,2040,-5.585278,36.226389,56.22668645,18.48591056
MonteraTorero,2,2041,-5.585278,36.226389,49.04596884,16.9575385
MonteraTorero,2,2042,-5.585278,36.226389,10.57861413,17.3046923
MonteraTorero,2,2043,-5.585278,36.226389,7.272709435,16.96467743
MonteraTorero,2,2044,-5.585278,36.226389,56.12857133,16.0719554
MonteraTorero,2,2045,-5.585278,36.226389,0.199379454,17.52630114
MonteraTorero,2,2046,-5.585278,36.226389,39.41483167,18.93705902
MonteraTorero,2,2047,-5.585278,36.226389,98.36188134,18.71438424
MonteraTorero,2,2048,-5.585278,36.226389,34.79930873,16.16847618
MonteraTorero,2,2049,-5.585278,36.226389,6.654261276,18.6117678
MonteraTorero,2,2050,-5.585278,36.226389,52.9768733,19.80603289
MonteraTorero,2,2051,-5.585278,36.226389,37.06225271,15.94048135
MonteraTorero,2,2052,-5.585278,36.226389,50.62299081,19.51571992
MonteraTorero,2,2053,-5.585278,36.226389,33.33280958,18.97352644
MonteraTorero,2,2054,-5.585278,36.226389,22.41842351,18.00753937
MonteraTorero,2,2055,-5.585278,36.226389,173.6229102,16.02065212
MonteraTorero,2,2056,-5.585278,36.226389,41.84685954,18.13659899
MonteraTorero,2,2057,-5.585278,36.226389,258.8497147,17.62719879
MonteraTorero,2,2058,-5.585278,36.226389,7.024919633,19.4596889
MonteraTorero,2,2059,-5.585278,36.226389,41.06380115,19.58617009
MonteraTorero,2,2060,-5.585278,36.226389,29.15400096,19.49183202
MonteraTorero,2,2061,-5.585278,36.226389,28.55458893,18.86664734
MonteraTorero,2,2062,-5.585278,36.226389,8.180491743,20.85216348
MonteraTorero,2,2063,-5.585278,36.226389,34.41153823,17.83122406
MonteraTorero,2,2064,-5.585278,36.226389,78.83844689,18.76286811
MonteraTorero,2,2065,-5.585278,36.226389,0.44062052,20.76121129
MonteraTorero,2,2066,-5.585278,36.226389,43.20273663,16.59253191
MonteraTorero,2,2067,-5.585278,36.226389,1.076668563,18.76984558
MonteraTorero,2,2068,-5.585278,36.226389,60.0480689,21.45482893
MonteraTorero,2,2069,-5.585278,36.226389,27.44775059,17.11824733
MonteraTorero,2,2070,-5.585278,36.226389,1.743949405,17.27575836
MonteraTorero,2,2071,-5.585278,36.226389,37.90593117,17.98743373
MonteraTorero,2,2072,-5.585278,36.226389,19.07279179,15.17323903
MonteraTorero,2,2073,-5.585278,36.226389,24.59636525,17.89089464
MonteraTorero,2,2074,-5.585278,36.226389,98.07290292,17.16537628
MonteraTorero,2,2075,-5.585278,36.226389,79.98366411,17.45073308
MonteraTorero,2,2076,-5.585278,36.226389,69.91104786,19.06215715
MonteraTorero,2,2077,-5.585278,36.226389,1.606999697,20.26520255
MonteraTorero,2,2078,-5.585278,36.226389,1.226761825,21.06067483
MonteraTorero,2,2079,-5.585278,36.226389,29.57545529,16.79200788
MonteraTorero,2,2080,-5.585278,36.226389,56.10985248,19.03727901
MonteraTorero,2,2081,-5.585278,36.226389,8.254038043,24.49400591
MonteraTorero,2,2082,-5.585278,36.226389,66.13259432,18.51585323
MonteraTorero,2,2083,-5.585278,36.226389,26.70068719,18.52299543
MonteraTorero,2,2084,-5.585278,36.226389,229.2113601,16.92083235
MonteraTorero,2,2085,-5.585278,36.226389,21.65452842,19.24328112
MonteraTorero,2,2086,-5.585278,36.226389,10.41850988,20.51861071
MonteraTorero,2,2087,-5.585278,36.226389,14.37429016,21.18221327
MonteraTorero,2,2088,-5.585278,36.226389,105.1481024,18.27816267
MonteraTorero,2,2089,-5.585278,36.226389,4.82569113,20.17535117
MonteraTorero,2,2090,-5.585278,36.226389,117.3776798,19.24999717
MonteraTorero,2,2091,-5.585278,36.226389,0.379549717,22.39638672
MonteraTorero,2,2092,-5.585278,36.226389,13.11827882,20.01249663
MonteraTorero,2,2093,-5.585278,36.226389,1.893103939,21.19300123
MonteraTorero,2,2094,-5.585278,36.226389,38.98222,20.85603921
MonteraTorero,2,2095,-5.585278,36.226389,1.019486352,17.5369921
MonteraTorero,2,2096,-5.585278,36.226389,44.05153086,18.97006036
MonteraTorero,2,2097,-5.585278,36.226389,48.37487391,20.27936489
MonteraTorero,2,2098,-5.585278,36.226389,2.100761146,20.43027104
MonteraTorero,2,2099,-5.585278,36.226389,1.169972139,20.16540244
MonteraTorero,2,2100,-5.585278,36.226389,3.391859402,21.54888851
MonteraTorero,3,2015,-5.585278,36.226389,21.14156406,18.4695915
MonteraTorero,3,2016,-5.585278,36.226389,6.316447055,19.1108426
MonteraTorero,3,2017,-5.585278,36.226389,38.22051648,20.66394417
MonteraTorero,3,2018,-5.585278,36.226389,79.88747305,17.04410361
MonteraTorero,3,2019,-5.585278,36.226389,27.49455574,21.51274237
MonteraTorero,3,2020,-5.585278,36.226389,31.91408679,21.2202432
MonteraTorero,3,2021,-5.585278,36.226389,47.61683611,17.77329358
MonteraTorero,3,2022,-5.585278,36.226389,39.4521669,17.32090789
MonteraTorero,3,2023,-5.585278,36.226389,6.938832623,19.29431133
MonteraTorero,3,2024,-5.585278,36.226389,397.2399699,16.73676797
MonteraTorero,3,2025,-5.585278,36.226389,21.33214378,19.75884006
MonteraTorero,3,2026,-5.585278,36.226389,38.9123286,17.01446514
MonteraTorero,3,2027,-5.585278,36.226389,41.31858824,19.63180621
MonteraTorero,3,2028,-5.585278,36.226389,79.81858299,19.15317245
MonteraTorero,3,2029,-5.585278,36.226389,32.69355654,19.93169457
MonteraTorero,3,2030,-5.585278,36.226389,83.47139983,19.5840206
MonteraTorero,3,2031,-5.585278,36.226389,37.03045956,19.32376473
MonteraTorero,3,2032,-5.585278,36.226389,111.0054285,19.30745456
MonteraTorero,3,2033,-5.585278,36.226389,61.69752233,16.45231166
MonteraTorero,3,2034,-5.585278,36.226389,25.01066731,17.70738151
MonteraTorero,3,2035,-5.585278,36.226389,37.84430874,19.51874842
MonteraTorero,3,2036,-5.585278,36.226389,7.81198495,19.32394389
MonteraTorero,3,2037,-5.585278,36.226389,41.77816939,22.22809704
MonteraTorero,3,2038,-5.585278,36.226389,22.74640047,23.72601889
MonteraTorero,3,2039,-5.585278,36.226389,0.634028501,19.52586493
MonteraTorero,3,2040,-5.585278,36.226389,1.226568429,20.0534095
MonteraTorero,3,2041,-5.585278,36.226389,31.69275376,21.1024611
MonteraTorero,3,2042,-5.585278,36.226389,5.597428596,22.62928605
MonteraTorero,3,2043,-5.585278,36.226389,34.58681125,21.02264385
MonteraTorero,3,2044,-5.585278,36.226389,32.23056259,18.61612116
MonteraTorero,3,2045,-5.585278,36.226389,6.044606217,22.08765023
MonteraTorero,3,2046,-5.585278,36.226389,11.78413434,20.1935098
MonteraTorero,3,2047,-5.585278,36.226389,121.659166,17.49314615
MonteraTorero,3,2048,-5.585278,36.226389,16.46908392,19.92403761
MonteraTorero,3,2049,-5.585278,36.226389,1.888850561,20.31097392
MonteraTorero,3,2050,-5.585278,36.226389,59.0913131,20.59436311
MonteraTorero,3,2051,-5.585278,36.226389,45.87254381,16.81954838
MonteraTorero,3,2052,-5.585278,36.226389,118.8354185,18.38307023
MonteraTorero,3,2053,-5.585278,36.226389,64.03316487,19.53878075
MonteraTorero,3,2054,-5.585278,36.226389,1.771527964,20.46428735
MonteraTorero,3,2055,-5.585278,36.226389,14.2507456,20.20053278
MonteraTorero,3,2056,-5.585278,36.226389,84.83072457,17.72991136
MonteraTorero,3,2057,-5.585278,36.226389,105.9971419,16.84741388
MonteraTorero,3,2058,-5.585278,36.226389,0.012416425,22.65127642
MonteraTorero,3,2059,-5.585278,36.226389,0.102285863,23.1678514
MonteraTorero,3,2060,-5.585278,36.226389,30.67990964,19.93002004
MonteraTorero,3,2061,-5.585278,36.226389,2.060031623,20.05822636
MonteraTorero,3,2062,-5.585278,36.226389,29.98257437,20.69498252
MonteraTorero,3,2063,-5.585278,36.226389,124.1590848,19.12562197
MonteraTorero,3,2064,-5.585278,36.226389,55.44269643,19.18131359
MonteraTorero,3,2065,-5.585278,36.226389,24.35506056,22.07108016
MonteraTorero,3,2066,-5.585278,36.226389,77.05354458,18.22588895
MonteraTorero,3,2067,-5.585278,36.226389,5.57418784,22.84744046
MonteraTorero,3,2068,-5.585278,36.226389,228.1488131,19.51824931
MonteraTorero,3,2069,-5.585278,36.226389,1.452203,21.55070328
MonteraTorero,3,2070,-5.585278,36.226389,45.95419023,17.48702688
MonteraTorero,3,2071,-5.585278,36.226389,59.32417659,16.85957661
MonteraTorero,3,2072,-5.585278,36.226389,19.2333948,18.53300112
MonteraTorero,3,2073,-5.585278,36.226389,11.6624118,19.95585957
MonteraTorero,3,2074,-5.585278,36.226389,61.89894344,19.8588629
MonteraTorero,3,2075,-5.585278,36.226389,39.40622692,20.18953464
MonteraTorero,3,2076,-5.585278,36.226389,38.29311874,20.75233784
MonteraTorero,3,2077,-5.585278,36.226389,0.316146409,23.41035491
MonteraTorero,3,2078,-5.585278,36.226389,6.072953016,25.52236131
MonteraTorero,3,2079,-5.585278,36.226389,37.93163005,19.88126772
MonteraTorero,3,2080,-5.585278,36.226389,13.89520033,20.52267338
MonteraTorero,3,2081,-5.585278,36.226389,16.50306793,26.08544804
MonteraTorero,3,2082,-5.585278,36.226389,68.3956121,19.59766098
MonteraTorero,3,2083,-5.585278,36.226389,13.51850047,22.30000138
MonteraTorero,3,2084,-5.585278,36.226389,11.71799461,20.54134521
MonteraTorero,3,2085,-5.585278,36.226389,32.29064703,22.28022697
MonteraTorero,3,2086,-5.585278,36.226389,4.171841098,20.73580618
MonteraTorero,3,2087,-5.585278,36.226389,0.03354871,21.97339143
MonteraTorero,3,2088,-5.585278,36.226389,125.5074471,20.35104449
MonteraTorero,3,2089,-5.585278,36.226389,5.042494271,23.24948986
MonteraTorero,3,2090,-5.585278,36.226389,191.5631373,19.33476681
MonteraTorero,3,2091,-5.585278,36.226389,14.51396789,24.50019768
MonteraTorero,3,2092,-5.585278,36.226389,82.78782396,19.99953909
MonteraTorero,3,2093,-5.585278,36.226389,2.025055079,22.31628792
MonteraTorero,3,2094,-5.585278,36.226389,0.87313252,23.83445671
MonteraTorero,3,2095,-5.585278,36.226389,17.67996637,24.05859651
MonteraTorero,3,2096,-5.585278,36.226389,27.95828157,19.94254505
MonteraTorero,3,2097,-5.585278,36.226389,14.788643,22.5125632
MonteraTorero,3,2098,-5.585278,36.226389,18.45211684,21.6356337
MonteraTorero,3,2099,-5.585278,36.226389,123.8643014,19.65403876
MonteraTorero,3,2100,-5.585278,36.226389,50.69616213,23.12559342
MonteraTorero,4,2015,-5.585278,36.226389,3.980655713,23.404953
MonteraTorero,4,2016,-5.585278,36.226389,13.36775209,23.06498006
MonteraTorero,4,2017,-5.585278,36.226389,14.83714044,22.49856466
MonteraTorero,4,2018,-5.585278,36.226389,82.24227537,19.44521077
MonteraTorero,4,2019,-5.585278,36.226389,77.12049397,20.91682332
MonteraTorero,4,2020,-5.585278,36.226389,23.25563309,22.2982961
MonteraTorero,4,2021,-5.585278,36.226389,66.78630692,19.39346619
MonteraTorero,4,2022,-5.585278,36.226389,92.72191801,20.04153951
MonteraTorero,4,2023,-5.585278,36.226389,100.6587187,19.53804728
MonteraTorero,4,2024,-5.585278,36.226389,20.51298608,19.64022725
MonteraTorero,4,2025,-5.585278,36.226389,87.58683771,20.17597656
MonteraTorero,4,2026,-5.585278,36.226389,39.27687432,18.0254069
MonteraTorero,4,2027,-5.585278,36.226389,15.02544833,22.85118815
MonteraTorero,4,2028,-5.585278,36.226389,12.00675958,21.20065715
MonteraTorero,4,2029,-5.585278,36.226389,12.79855053,20.68458964
MonteraTorero,4,2030,-5.585278,36.226389,33.86599872,20.23392131
MonteraTorero,4,2031,-5.585278,36.226389,17.75187851,23.77697957
MonteraTorero,4,2032,-5.585278,36.226389,18.37237365,20.92613424
MonteraTorero,4,2033,-5.585278,36.226389,64.2680714,20.15046488
MonteraTorero,4,2034,-5.585278,36.226389,4.464093093,22.24663391
MonteraTorero,4,2035,-5.585278,36.226389,23.32128395,21.59934489
MonteraTorero,4,2036,-5.585278,36.226389,49.66983046,22.09711202
MonteraTorero,4,2037,-5.585278,36.226389,45.38788717,23.07462769
MonteraTorero,4,2038,-5.585278,36.226389,72.63027271,22.16807556
MonteraTorero,4,2039,-5.585278,36.226389,103.3021782,19.18808594
MonteraTorero,4,2040,-5.585278,36.226389,22.37906813,20.19878235
MonteraTorero,4,2041,-5.585278,36.226389,12.21303292,20.71324361
MonteraTorero,4,2042,-5.585278,36.226389,35.28012273,23.31028748
MonteraTorero,4,2043,-5.585278,36.226389,12.53522901,20.83139954
MonteraTorero,4,2044,-5.585278,36.226389,2.021543698,21.99908854
MonteraTorero,4,2045,-5.585278,36.226389,16.73784722,23.57995199
MonteraTorero,4,2046,-5.585278,36.226389,50.69292167,19.93380432
MonteraTorero,4,2047,-5.585278,36.226389,3.608340742,20.82638143
MonteraTorero,4,2048,-5.585278,36.226389,57.81667499,18.93541667
MonteraTorero,4,2049,-5.585278,36.226389,25.76143888,20.27698059
MonteraTorero,4,2050,-5.585278,36.226389,76.95763541,21.30731099
MonteraTorero,4,2051,-5.585278,36.226389,32.42907054,21.86648763
MonteraTorero,4,2052,-5.585278,36.226389,72.65502151,20.00681966
MonteraTorero,4,2053,-5.585278,36.226389,49.26148424,20.45228882
MonteraTorero,4,2054,-5.585278,36.226389,30.33899419,21.94662476
MonteraTorero,4,2055,-5.585278,36.226389,7.552555449,19.98684591
MonteraTorero,4,2056,-5.585278,36.226389,34.54237188,22.29776611
MonteraTorero,4,2057,-5.585278,36.226389,74.27741782,20.1756307
MonteraTorero,4,2058,-5.585278,36.226389,25.41697845,22.89624532
MonteraTorero,4,2059,-5.585278,36.226389,31.94116185,23.0083374
MonteraTorero,4,2060,-5.585278,36.226389,45.87011599,21.47875264
MonteraTorero,4,2061,-5.585278,36.226389,18.81859447,23.35246684
MonteraTorero,4,2062,-5.585278,36.226389,3.334546768,25.05774231
MonteraTorero,4,2063,-5.585278,36.226389,46.70489289,20.7737915
MonteraTorero,4,2064,-5.585278,36.226389,4.585088305,20.51081136
MonteraTorero,4,2065,-5.585278,36.226389,31.10435223,21.13448792
MonteraTorero,4,2066,-5.585278,36.226389,6.874346084,22.32328186
MonteraTorero,4,2067,-5.585278,36.226389,74.01342813,24.19507853
MonteraTorero,4,2068,-5.585278,36.226389,10.04373296,24.34998779
MonteraTorero,4,2069,-5.585278,36.226389,28.83692506,23.90877889
MonteraTorero,4,2070,-5.585278,36.226389,0.893463544,24.11826579
MonteraTorero,4,2071,-5.585278,36.226389,53.77110456,19.28363342
MonteraTorero,4,2072,-5.585278,36.226389,19.83168068,23.1609141
MonteraTorero,4,2073,-5.585278,36.226389,6.920531781,22.99986471
MonteraTorero,4,2074,-5.585278,36.226389,12.99181036,22.93513184
MonteraTorero,4,2075,-5.585278,36.226389,12.08374131,22.46289063
MonteraTorero,4,2076,-5.585278,36.226389,4.423289101,25.71515605
MonteraTorero,4,2077,-5.585278,36.226389,26.71296102,25.89384359
MonteraTorero,4,2078,-5.585278,36.226389,33.59086833,24.28667603
MonteraTorero,4,2079,-5.585278,36.226389,7.36912555,25.57664897
MonteraTorero,4,2080,-5.585278,36.226389,35.75298705,22.68789063
MonteraTorero,4,2081,-5.585278,36.226389,10.30941715,25.17541199
MonteraTorero,4,2082,-5.585278,36.226389,10.68838762,23.73879191
MonteraTorero,4,2083,-5.585278,36.226389,15.32856128,24.39773763
MonteraTorero,4,2084,-5.585278,36.226389,34.2307468,21.93379313
MonteraTorero,4,2085,-5.585278,36.226389,63.0308737,20.44694214
MonteraTorero,4,2086,-5.585278,36.226389,18.73536459,25.42998962
MonteraTorero,4,2087,-5.585278,36.226389,80.01965957,20.13539124
MonteraTorero,4,2088,-5.585278,36.226389,93.29528756,20.1483256
MonteraTorero,4,2089,-5.585278,36.226389,3.711285996,24.07202047
MonteraTorero,4,2090,-5.585278,36.226389,32.37368729,22.75519409
MonteraTorero,4,2091,-5.585278,36.226389,4.476351293,27.49152934
MonteraTorero,4,2092,-5.585278,36.226389,10.31374918,23.00045878
MonteraTorero,4,2093,-5.585278,36.226389,20.90195642,23.60532532
MonteraTorero,4,2094,-5.585278,36.226389,36.99996236,22.19503479
MonteraTorero,4,2095,-5.585278,36.226389,9.912651933,24.93919271
MonteraTorero,4,2096,-5.585278,36.226389,44.46250334,20.49072876
MonteraTorero,4,2097,-5.585278,36.226389,26.34021237,23.67076721
MonteraTorero,4,2098,-5.585278,36.226389,58.61984239,21.93360189
MonteraTorero,4,2099,-5.585278,36.226389,114.8409556,23.47563477
MonteraTorero,4,2100,-5.585278,36.226389,3.791755309,25.93705953
MonteraTorero,5,2015,-5.585278,36.226389,58.16540941,22.86013774
MonteraTorero,5,2016,-5.585278,36.226389,1.834066998,25.74349464
MonteraTorero,5,2017,-5.585278,36.226389,93.42162333,20.36495854
MonteraTorero,5,2018,-5.585278,36.226389,78.28705487,20.21862281
MonteraTorero,5,2019,-5.585278,36.226389,25.31276115,24.87792851
MonteraTorero,5,2020,-5.585278,36.226389,54.58055098,22.41468644
MonteraTorero,5,2021,-5.585278,36.226389,27.86227864,24.70034081
MonteraTorero,5,2022,-5.585278,36.226389,62.13990253,20.68107733
MonteraTorero,5,2023,-5.585278,36.226389,26.88615254,21.82459264
MonteraTorero,5,2024,-5.585278,36.226389,2.369956454,25.46537712
MonteraTorero,5,2025,-5.585278,36.226389,34.12198928,23.84593526
MonteraTorero,5,2026,-5.585278,36.226389,19.42082085,23.38517692
MonteraTorero,5,2027,-5.585278,36.226389,16.67343069,25.01183275
MonteraTorero,5,2028,-5.585278,36.226389,20.0057091,23.84448912
MonteraTorero,5,2029,-5.585278,36.226389,5.765145134,26.32799683
MonteraTorero,5,2030,-5.585278,36.226389,40.81464735,23.13285857
MonteraTorero,5,2031,-5.585278,36.226389,20.49486808,27.36313929
MonteraTorero,5,2032,-5.585278,36.226389,24.30248453,23.08749272
MonteraTorero,5,2033,-5.585278,36.226389,12.89635915,25.64649894
MonteraTorero,5,2034,-5.585278,36.226389,12.10925597,25.6425858
MonteraTorero,5,2035,-5.585278,36.226389,109.5829207,21.23448703
MonteraTorero,5,2036,-5.585278,36.226389,4.399180185,29.60547348
MonteraTorero,5,2037,-5.585278,36.226389,35.8063841,25.67613644
MonteraTorero,5,2038,-5.585278,36.226389,83.32516964,22.01158172
MonteraTorero,5,2039,-5.585278,36.226389,25.57297972,24.11029624
MonteraTorero,5,2040,-5.585278,36.226389,38.04815139,23.26771476
MonteraTorero,5,2041,-5.585278,36.226389,33.67692662,23.40778159
MonteraTorero,5,2042,-5.585278,36.226389,7.989324152,26.22965245
MonteraTorero,5,2043,-5.585278,36.226389,44.09057901,24.08665397
MonteraTorero,5,2044,-5.585278,36.226389,2.650556112,24.65412145
MonteraTorero,5,2045,-5.585278,36.226389,2.377850559,26.35464852
MonteraTorero,5,2046,-5.585278,36.226389,14.87578503,23.37835969
MonteraTorero,5,2047,-5.585278,36.226389,22.01604245,22.72511715
MonteraTorero,5,2048,-5.585278,36.226389,11.02518169,23.25666937
MonteraTorero,5,2049,-5.585278,36.226389,10.33900119,26.23152682
MonteraTorero,5,2050,-5.585278,36.226389,8.874975864,23.42030167
MonteraTorero,5,2051,-5.585278,36.226389,2.037817864,26.11187626
MonteraTorero,5,2052,-5.585278,36.226389,8.957750541,23.94659404
MonteraTorero,5,2053,-5.585278,36.226389,28.83591564,23.90516594
MonteraTorero,5,2054,-5.585278,36.226389,0.3731371,27.58833933
MonteraTorero,5,2055,-5.585278,36.226389,16.75410804,25.91262502
MonteraTorero,5,2056,-5.585278,36.226389,20.2816005,26.003846
MonteraTorero,5,2057,-5.585278,36.226389,29.13701513,23.45933267
MonteraTorero,5,2058,-5.585278,36.226389,8.608688406,25.26887739
MonteraTorero,5,2059,-5.585278,36.226389,80.66377704,22.75882529
MonteraTorero,5,2060,-5.585278,36.226389,8.481035627,29.2059334
MonteraTorero,5,2061,-5.585278,36.226389,19.0680734,28.03199994
MonteraTorero,5,2062,-5.585278,36.226389,55.40855788,22.74530797
MonteraTorero,5,2063,-5.585278,36.226389,111.4727683,20.99189296
MonteraTorero,5,2064,-5.585278,36.226389,7.300432736,26.81644248
MonteraTorero,5,2065,-5.585278,36.226389,7.247081221,26.9122657
MonteraTorero,5,2066,-5.585278,36.226389,2.984258415,25.19902167
MonteraTorero,5,2067,-5.585278,36.226389,4.825048621,26.41834855
MonteraTorero,5,2068,-5.585278,36.226389,22.37825378,24.79623984
MonteraTorero,5,2069,-5.585278,36.226389,0.662233415,28.70919977
MonteraTorero,5,2070,-5.585278,36.226389,31.86085273,26.01972794
MonteraTorero,5,2071,-5.585278,36.226389,16.38780819,24.94542551
MonteraTorero,5,2072,-5.585278,36.226389,4.250646118,27.77663673
MonteraTorero,5,2073,-5.585278,36.226389,22.66377376,27.45206063
MonteraTorero,5,2074,-5.585278,36.226389,19.29220268,24.61699928
MonteraTorero,5,2075,-5.585278,36.226389,80.50677201,21.75266369
MonteraTorero,5,2076,-5.585278,36.226389,0.151011823,26.64391775
MonteraTorero,5,2077,-5.585278,36.226389,86.87131131,25.57284625
MonteraTorero,5,2078,-5.585278,36.226389,79.31028081,20.00524489
MonteraTorero,5,2079,-5.585278,36.226389,1.711971766,29.28732772
MonteraTorero,5,2080,-5.585278,36.226389,14.89385303,27.68423639
MonteraTorero,5,2081,-5.585278,36.226389,29.89577408,26.07747606
MonteraTorero,5,2082,-5.585278,36.226389,30.44994209,27.49537688
MonteraTorero,5,2083,-5.585278,36.226389,22.25689927,27.83772406
MonteraTorero,5,2084,-5.585278,36.226389,2.271701907,26.82408762
MonteraTorero,5,2085,-5.585278,36.226389,4.670534858,26.77786432
MonteraTorero,5,2086,-5.585278,36.226389,12.78525258,28.5664218
MonteraTorero,5,2087,-5.585278,36.226389,31.72441508,25.45163043
MonteraTorero,5,2088,-5.585278,36.226389,17.76405291,24.31252638
MonteraTorero,5,2089,-5.585278,36.226389,1.872311651,29.23057783
MonteraTorero,5,2090,-5.585278,36.226389,2.277914309,26.70277434
MonteraTorero,5,2091,-5.585278,36.226389,0.411349852,32.13380757
MonteraTorero,5,2092,-5.585278,36.226389,21.92962724,26.79192899
MonteraTorero,5,2093,-5.585278,36.226389,2.774048664,28.71233127
MonteraTorero,5,2094,-5.585278,36.226389,10.39104529,27.04830224
MonteraTorero,5,2095,-5.585278,36.226389,10.00027642,34.11435114
MonteraTorero,5,2096,-5.585278,36.226389,0.492501364,27.60194131
MonteraTorero,5,2097,-5.585278,36.226389,50.61176686,25.67628902
MonteraTorero,5,2098,-5.585278,36.226389,3.323127741,26.76284672
MonteraTorero,5,2099,-5.585278,36.226389,4.862430735,27.66451022
MonteraTorero,5,2100,-5.585278,36.226389,23.84080347,28.8303388
MonteraTorero,6,2015,-5.585278,36.226389,4.179266097,24.22317912
MonteraTorero,6,2016,-5.585278,36.226389,3.875077983,30.26438599
MonteraTorero,6,2017,-5.585278,36.226389,9.204705881,24.44998779
MonteraTorero,6,2018,-5.585278,36.226389,37.02064186,26.31885173
MonteraTorero,6,2019,-5.585278,36.226389,45.37803578,24.90482992
MonteraTorero,6,2020,-5.585278,36.226389,10.76698647,27.86036072
MonteraTorero,6,2021,-5.585278,36.226389,25.67924159,28.75349426
MonteraTorero,6,2022,-5.585278,36.226389,14.6035622,27.56268412
MonteraTorero,6,2023,-5.585278,36.226389,38.75998566,24.38630575
MonteraTorero,6,2024,-5.585278,36.226389,8.085883232,27.28536784
MonteraTorero,6,2025,-5.585278,36.226389,24.89301033,26.55592143
MonteraTorero,6,2026,-5.585278,36.226389,17.03883053,28.4945516
MonteraTorero,6,2027,-5.585278,36.226389,14.90286178,29.58894755
MonteraTorero,6,2028,-5.585278,36.226389,49.73671253,25.9792572
MonteraTorero,6,2029,-5.585278,36.226389,22.11312284,32.01370646
MonteraTorero,6,2030,-5.585278,36.226389,6.061930122,30.53384196
MonteraTorero,6,2031,-5.585278,36.226389,3.440114508,28.50644938
MonteraTorero,6,2032,-5.585278,36.226389,7.47319731,26.60558472
MonteraTorero,6,2033,-5.585278,36.226389,15.67352916,27.11918132
MonteraTorero,6,2034,-5.585278,36.226389,13.50103264,29.48628947
MonteraTorero,6,2035,-5.585278,36.226389,3.684059464,29.25950012
MonteraTorero,6,2036,-5.585278,36.226389,16.51678389,32.18182373
MonteraTorero,6,2037,-5.585278,36.226389,16.77444086,28.46223246
MonteraTorero,6,2038,-5.585278,36.226389,3.482655993,27.89947713
MonteraTorero,6,2039,-5.585278,36.226389,0.61855203,30.91917725
MonteraTorero,6,2040,-5.585278,36.226389,7.00961674,29.53592733
MonteraTorero,6,2041,-5.585278,36.226389,7.864874756,31.34263509
MonteraTorero,6,2042,-5.585278,36.226389,22.45648817,31.52772827
MonteraTorero,6,2043,-5.585278,36.226389,2.861916394,31.11070557
MonteraTorero,6,2044,-5.585278,36.226389,33.27680756,27.12365112
MonteraTorero,6,2045,-5.585278,36.226389,1.94380266,31.70869649
MonteraTorero,6,2046,-5.585278,36.226389,24.55381319,30.28508708
MonteraTorero,6,2047,-5.585278,36.226389,23.95610931,29.64769389
MonteraTorero,6,2048,-5.585278,36.226389,1.970198009,29.05288798
MonteraTorero,6,2049,-5.585278,36.226389,0.993699212,29.52504578
MonteraTorero,6,2050,-5.585278,36.226389,1.833798384,29.79972738
MonteraTorero,6,2051,-5.585278,36.226389,2.943631702,31.03122355
MonteraTorero,6,2052,-5.585278,36.226389,4.251373112,26.76231384
MonteraTorero,6,2053,-5.585278,36.226389,1.719061862,30.15794983
MonteraTorero,6,2054,-5.585278,36.226389,8.95506026,30.31961568
MonteraTorero,6,2055,-5.585278,36.226389,6.86238134,27.00394999
MonteraTorero,6,2056,-5.585278,36.226389,23.48936692,31.08192037
MonteraTorero,6,2057,-5.585278,36.226389,4.359116234,28.80618998
MonteraTorero,6,2058,-5.585278,36.226389,6.43886557,33.68961995
MonteraTorero,6,2059,-5.585278,36.226389,25.38927611,26.74302979
MonteraTorero,6,2060,-5.585278,36.226389,3.656187239,32.35302531
MonteraTorero,6,2061,-5.585278,36.226389,4.525456467,29.7113444
MonteraTorero,6,2062,-5.585278,36.226389,10.07820036,32.44019267
MonteraTorero,6,2063,-5.585278,36.226389,1.411355008,29.08011678
MonteraTorero,6,2064,-5.585278,36.226389,9.22929482,29.7434316
MonteraTorero,6,2065,-5.585278,36.226389,9.971115258,29.83448588
MonteraTorero,6,2066,-5.585278,36.226389,5.077866736,30.26327209
MonteraTorero,6,2067,-5.585278,36.226389,7.562930627,33.71459249
MonteraTorero,6,2068,-5.585278,36.226389,2.632966264,29.67860514
MonteraTorero,6,2069,-5.585278,36.226389,12.02139964,31.93827413
MonteraTorero,6,2070,-5.585278,36.226389,2.026379678,29.11600037
MonteraTorero,6,2071,-5.585278,36.226389,1.049116402,29.15966288
MonteraTorero,6,2072,-5.585278,36.226389,0.13888885,31.5096995
MonteraTorero,6,2073,-5.585278,36.226389,25.06272693,28.11733398
MonteraTorero,6,2074,-5.585278,36.226389,0.738042565,28.08948059
MonteraTorero,6,2075,-5.585278,36.226389,1.779487306,32.06148987
MonteraTorero,6,2076,-5.585278,36.226389,0.956342786,34.56259664
MonteraTorero,6,2077,-5.585278,36.226389,44.76109946,30.03966878
MonteraTorero,6,2078,-5.585278,36.226389,14.64570569,29.61026713
MonteraTorero,6,2079,-5.585278,36.226389,1.532276241,35.04017436
MonteraTorero,6,2080,-5.585278,36.226389,4.435497642,32.26651408
MonteraTorero,6,2081,-5.585278,36.226389,3.112090905,33.63148905
MonteraTorero,6,2082,-5.585278,36.226389,16.7764739,35.3125824
MonteraTorero,6,2083,-5.585278,36.226389,2.053591341,33.89059041
MonteraTorero,6,2084,-5.585278,36.226389,4.020261553,30.8069692
MonteraTorero,6,2085,-5.585278,36.226389,2.987506135,31.86766866
MonteraTorero,6,2086,-5.585278,36.226389,0.816531273,30.57083842
MonteraTorero,6,2087,-5.585278,36.226389,0.310096052,30.759139
MonteraTorero,6,2088,-5.585278,36.226389,0.676022547,30.1403656
MonteraTorero,6,2089,-5.585278,36.226389,0.411142198,32.25660909
MonteraTorero,6,2090,-5.585278,36.226389,7.060658783,32.91844482
MonteraTorero,6,2091,-5.585278,36.226389,3.002614655,32.22676799
MonteraTorero,6,2092,-5.585278,36.226389,8.377170424,31.33804728
MonteraTorero,6,2093,-5.585278,36.226389,28.55966447,31.442571
MonteraTorero,6,2094,-5.585278,36.226389,0.321762583,35.11186829
MonteraTorero,6,2095,-5.585278,36.226389,1.897151471,34.46496582
MonteraTorero,6,2096,-5.585278,36.226389,28.12709271,31.0926239
MonteraTorero,6,2097,-5.585278,36.226389,1.17506507,31.05032857
MonteraTorero,6,2098,-5.585278,36.226389,0.80817937,32.14435221
MonteraTorero,6,2099,-5.585278,36.226389,10.58061437,33.57809143
MonteraTorero,6,2100,-5.585278,36.226389,19.07839967,35.05990601
MonteraTorero,7,2015,-5.585278,36.226389,6.614376294,32.58215017
MonteraTorero,7,2016,-5.585278,36.226389,7.918615464,32.81746137
MonteraTorero,7,2017,-5.585278,36.226389,11.14929312,31.88871302
MonteraTorero,7,2018,-5.585278,36.226389,39.9903541,28.47158695
MonteraTorero,7,2019,-5.585278,36.226389,5.198329116,31.05904246
MonteraTorero,7,2020,-5.585278,36.226389,1.558689973,31.5941357
MonteraTorero,7,2021,-5.585278,36.226389,3.752513714,33.51770098
MonteraTorero,7,2022,-5.585278,36.226389,0.018460462,32.57700451
MonteraTorero,7,2023,-5.585278,36.226389,0.182822401,28.21475298
MonteraTorero,7,2024,-5.585278,36.226389,3.021994176,30.22302817
MonteraTorero,7,2025,-5.585278,36.226389,7.070899172,32.02799624
MonteraTorero,7,2026,-5.585278,36.226389,2.691632561,30.11186445
MonteraTorero,7,2027,-5.585278,36.226389,0.136364113,32.96609379
MonteraTorero,7,2028,-5.585278,36.226389,12.23129889,31.58398122
MonteraTorero,7,2029,-5.585278,36.226389,2.904963339,34.93783156
MonteraTorero,7,2030,-5.585278,36.226389,2.140051314,30.84563303
MonteraTorero,7,2031,-5.585278,36.226389,4.256755,34.5782833
MonteraTorero,7,2032,-5.585278,36.226389,5.919486947,32.7484946
MonteraTorero,7,2033,-5.585278,36.226389,1.342476263,32.50285664
MonteraTorero,7,2034,-5.585278,36.226389,0.751332261,36.65273438
MonteraTorero,7,2035,-5.585278,36.226389,5.874728993,32.76221865
MonteraTorero,7,2036,-5.585278,36.226389,0.023982674,35.93222322
MonteraTorero,7,2037,-5.585278,36.226389,0.937402377,33.53207181
MonteraTorero,7,2038,-5.585278,36.226389,0.532565176,33.96321923
MonteraTorero,7,2039,-5.585278,36.226389,14.49431165,33.38451932
MonteraTorero,7,2040,-5.585278,36.226389,0.015448835,34.62405277
MonteraTorero,7,2041,-5.585278,36.226389,16.7735271,33.87276119
MonteraTorero,7,2042,-5.585278,36.226389,4.018370159,32.11935405
MonteraTorero,7,2043,-5.585278,36.226389,0.548323308,33.96219345
MonteraTorero,7,2044,-5.585278,36.226389,8.69200097,32.52252178
MonteraTorero,7,2045,-5.585278,36.226389,11.72908024,36.63125295
MonteraTorero,7,2046,-5.585278,36.226389,5.677719827,34.66272937
MonteraTorero,7,2047,-5.585278,36.226389,19.56021717,31.23765397
MonteraTorero,7,2048,-5.585278,36.226389,4.413840916,30.65094959
MonteraTorero,7,2049,-5.585278,36.226389,24.83414637,30.80981426
MonteraTorero,7,2050,-5.585278,36.226389,8.322895885,29.87536109
MonteraTorero,7,2051,-5.585278,36.226389,4.190661808,36.53641416
MonteraTorero,7,2052,-5.585278,36.226389,0.140424609,32.25182101
MonteraTorero,7,2053,-5.585278,36.226389,0.375819776,34.28693592
MonteraTorero,7,2054,-5.585278,36.226389,3.750724479,37.68884356
MonteraTorero,7,2055,-5.585278,36.226389,2.662270077,31.38992191
MonteraTorero,7,2056,-5.585278,36.226389,0.010440688,34.51703157
MonteraTorero,7,2057,-5.585278,36.226389,1.803107934,31.85178085
MonteraTorero,7,2058,-5.585278,36.226389,14.65776195,37.09367105
MonteraTorero,7,2059,-5.585278,36.226389,2.171850543,31.47696002
MonteraTorero,7,2060,-5.585278,36.226389,3.489218007,36.02538058
MonteraTorero,7,2061,-5.585278,36.226389,5.920144703,37.05704306
MonteraTorero,7,2062,-5.585278,36.226389,0.683232376,35.86868759
MonteraTorero,7,2063,-5.585278,36.226389,1.983878843,32.3591474
MonteraTorero,7,2064,-5.585278,36.226389,0.075588221,33.91991282
MonteraTorero,7,2065,-5.585278,36.226389,0.602908351,32.83981993
MonteraTorero,7,2066,-5.585278,36.226389,0.882856371,33.81109009
MonteraTorero,7,2067,-5.585278,36.226389,2.962432906,35.92523961
MonteraTorero,7,2068,-5.585278,36.226389,2.349382888,35.41807881
MonteraTorero,7,2069,-5.585278,36.226389,5.975731027,36.19620322
MonteraTorero,7,2070,-5.585278,36.226389,2.385851386,31.07968612
MonteraTorero,7,2071,-5.585278,36.226389,4.863604403,33.72343474
MonteraTorero,7,2072,-5.585278,36.226389,0.411089692,37.37409806
MonteraTorero,7,2073,-5.585278,36.226389,7.059901102,35.92171729
MonteraTorero,7,2074,-5.585278,36.226389,0.105910736,34.39234855
MonteraTorero,7,2075,-5.585278,36.226389,0.111988494,36.10210178
MonteraTorero,7,2076,-5.585278,36.226389,1.128008526,38.19448045
MonteraTorero,7,2077,-5.585278,36.226389,0.262781512,35.90645063
MonteraTorero,7,2078,-5.585278,36.226389,0.884588108,35.56866632
MonteraTorero,7,2079,-5.585278,36.226389,0.698315177,37.85181137
MonteraTorero,7,2080,-5.585278,36.226389,4.763193397,36.4249049
MonteraTorero,7,2081,-5.585278,36.226389,3.046737887,39.93165126
MonteraTorero,7,2082,-5.585278,36.226389,2.801830998,36.28684338
MonteraTorero,7,2083,-5.585278,36.226389,0.283510166,37.81145433
MonteraTorero,7,2084,-5.585278,36.226389,12.3683819,37.55291531
MonteraTorero,7,2085,-5.585278,36.226389,6.653833015,37.61948695
MonteraTorero,7,2086,-5.585278,36.226389,1.637011998,38.02537665
MonteraTorero,7,2087,-5.585278,36.226389,12.26263362,35.71668248
MonteraTorero,7,2088,-5.585278,36.226389,1.871686346,35.72889739
MonteraTorero,7,2089,-5.585278,36.226389,5.035443549,35.90165937
MonteraTorero,7,2090,-5.585278,36.226389,2.828571385,36.32000221
MonteraTorero,7,2091,-5.585278,36.226389,4.30349689,36.2103742
MonteraTorero,7,2092,-5.585278,36.226389,4.322878494,37.48473511
MonteraTorero,7,2093,-5.585278,36.226389,0.615391958,38.47552667
MonteraTorero,7,2094,-5.585278,36.226389,0.885442085,36.30777745
MonteraTorero,7,2095,-5.585278,36.226389,0.354128004,39.79071616
MonteraTorero,7,2096,-5.585278,36.226389,6.368586479,36.16579688
MonteraTorero,7,2097,-5.585278,36.226389,0.249272864,36.2565788
MonteraTorero,7,2098,-5.585278,36.226389,0.093508269,38.28468549
MonteraTorero,7,2099,-5.585278,36.226389,3.283971616,37.92681767
MonteraTorero,7,2100,-5.585278,36.226389,20.97232642,34.14682873
MonteraTorero,8,2015,-5.585278,36.226389,1.812579913,33.68391153
MonteraTorero,8,2016,-5.585278,36.226389,3.836425513,33.01509321
MonteraTorero,8,2017,-5.585278,36.226389,5.479248107,32.91282191
MonteraTorero,8,2018,-5.585278,36.226389,2.341330866,28.38091431
MonteraTorero,8,2019,-5.585278,36.226389,4.188169134,33.78366168
MonteraTorero,8,2020,-5.585278,36.226389,0.143933367,33.29241431
MonteraTorero,8,2021,-5.585278,36.226389,3.050247327,34.54430542
MonteraTorero,8,2022,-5.585278,36.226389,0.065820155,33.15273339
MonteraTorero,8,2023,-5.585278,36.226389,3.235040197,33.29899627
MonteraTorero,8,2024,-5.585278,36.226389,1.297361922,34.22175628
MonteraTorero,8,2025,-5.585278,36.226389,0.155066824,34.64162401
MonteraTorero,8,2026,-5.585278,36.226389,0.29888228,33.73250142
MonteraTorero,8,2027,-5.585278,36.226389,0.355396956,34.16851689
MonteraTorero,8,2028,-5.585278,36.226389,0.719611516,34.04135014
MonteraTorero,8,2029,-5.585278,36.226389,3.359225426,35.56483883
MonteraTorero,8,2030,-5.585278,36.226389,0.786594811,33.34141964
MonteraTorero,8,2031,-5.585278,36.226389,6.362042601,36.0819966
MonteraTorero,8,2032,-5.585278,36.226389,4.966518812,34.69112549
MonteraTorero,8,2033,-5.585278,36.226389,8.75394219521371e-05,35.15045245
MonteraTorero,8,2034,-5.585278,36.226389,0.77248632,35.16923356
MonteraTorero,8,2035,-5.585278,36.226389,2.656668573,33.83475302
MonteraTorero,8,2036,-5.585278,36.226389,0.000200825,33.72615179
MonteraTorero,8,2037,-5.585278,36.226389,2.430408255,35.36210367
MonteraTorero,8,2038,-5.585278,36.226389,5.7880241191278e-07,34.63381938
MonteraTorero,8,2039,-5.585278,36.226389,0.005243746,33.42732957
MonteraTorero,8,2040,-5.585278,36.226389,1.616749552,34.72909625
MonteraTorero,8,2041,-5.585278,36.226389,7.853370613,33.6143915
MonteraTorero,8,2042,-5.585278,36.226389,0.336482505,36.49224243
MonteraTorero,8,2043,-5.585278,36.226389,0.796275343,34.59725932
MonteraTorero,8,2044,-5.585278,36.226389,0.735153707,34.85718541
MonteraTorero,8,2045,-5.585278,36.226389,6.057568199,33.91633931
MonteraTorero,8,2046,-5.585278,36.226389,3.08244,35.09443793
MonteraTorero,8,2047,-5.585278,36.226389,3.661758672,34.7065979
MonteraTorero,8,2048,-5.585278,36.226389,0.53336823,35.15486076
MonteraTorero,8,2049,-5.585278,36.226389,11.56898796,31.41866455
MonteraTorero,8,2050,-5.585278,36.226389,0.120445045,33.89918351
MonteraTorero,8,2051,-5.585278,36.226389,2.085026505,32.1848054
MonteraTorero,8,2052,-5.585278,36.226389,0.44400246,35.06899906
MonteraTorero,8,2053,-5.585278,36.226389,0.038233,34.17724491
MonteraTorero,8,2054,-5.585278,36.226389,0.107312707,34.07328924
MonteraTorero,8,2055,-5.585278,36.226389,0.000224032,34.77614451
MonteraTorero,8,2056,-5.585278,36.226389,0.10698781,33.0923076
MonteraTorero,8,2057,-5.585278,36.226389,0.18721995,34.28188083
MonteraTorero,8,2058,-5.585278,36.226389,2.800293381,35.68282274
MonteraTorero,8,2059,-5.585278,36.226389,0.021406434,33.11261459
MonteraTorero,8,2060,-5.585278,36.226389,0.77092631,34.57999622
MonteraTorero,8,2061,-5.585278,36.226389,0.160041125,35.89577046
MonteraTorero,8,2062,-5.585278,36.226389,11.51595554,34.73864628
MonteraTorero,8,2063,-5.585278,36.226389,0.609522258,31.48903218
MonteraTorero,8,2064,-5.585278,36.226389,3.216742613,35.87345522
MonteraTorero,8,2065,-5.585278,36.226389,0.316506651,35.26040433
MonteraTorero,8,2066,-5.585278,36.226389,0.91396323,37.40763786
MonteraTorero,8,2067,-5.585278,36.226389,7.964400369,35.08279793
MonteraTorero,8,2068,-5.585278,36.226389,8.52647962,36.91404458
MonteraTorero,8,2069,-5.585278,36.226389,0.010618881,34.74232414
MonteraTorero,8,2070,-5.585278,36.226389,4.759722345,34.14140349
MonteraTorero,8,2071,-5.585278,36.226389,7.843124226,36.08481012
MonteraTorero,8,2072,-5.585278,36.226389,1.658885954,34.23678569
MonteraTorero,8,2073,-5.585278,36.226389,0.000273263,37.28966675
MonteraTorero,8,2074,-5.585278,36.226389,0.378888641,38.20734017
MonteraTorero,8,2075,-5.585278,36.226389,1.579699371,37.32466549
MonteraTorero,8,2076,-5.585278,36.226389,0.815372792,35.88284873
MonteraTorero,8,2077,-5.585278,36.226389,1.698270341,34.64200203
MonteraTorero,8,2078,-5.585278,36.226389,1.224415873,35.47622759
MonteraTorero,8,2079,-5.585278,36.226389,0.648364261,37.72300454
MonteraTorero,8,2080,-5.585278,36.226389,0.176779968,35.68188358
MonteraTorero,8,2081,-5.585278,36.226389,0.369621164,33.12177183
MonteraTorero,8,2082,-5.585278,36.226389,3.371062171,37.63489833
MonteraTorero,8,2083,-5.585278,36.226389,1.198548068,34.43329527
MonteraTorero,8,2084,-5.585278,36.226389,0.947891277,35.1089702
MonteraTorero,8,2085,-5.585278,36.226389,0.861207014,36.53933795
MonteraTorero,8,2086,-5.585278,36.226389,0.040452753,35.55720057
MonteraTorero,8,2087,-5.585278,36.226389,3.188592758,35.43356205
MonteraTorero,8,2088,-5.585278,36.226389,0.181904456,34.54935559
MonteraTorero,8,2089,-5.585278,36.226389,7.161648492,35.71623949
MonteraTorero,8,2090,-5.585278,36.226389,6.54885438911182e-05,36.46599141
MonteraTorero,8,2091,-5.585278,36.226389,2.041437856,38.92225677
MonteraTorero,8,2092,-5.585278,36.226389,0.488792204,38.5452495
MonteraTorero,8,2093,-5.585278,36.226389,0.008700224,37.31197707
MonteraTorero,8,2094,-5.585278,36.226389,1.405136205,39.74673048
MonteraTorero,8,2095,-5.585278,36.226389,1.479205664,37.63531967
MonteraTorero,8,2096,-5.585278,36.226389,0.477066654,35.38764392
MonteraTorero,8,2097,-5.585278,36.226389,0.862698086,37.66111686
MonteraTorero,8,2098,-5.585278,36.226389,0.013817874,35.33694734
MonteraTorero,8,2099,-5.585278,36.226389,0.397587269,39.86949876
MonteraTorero,8,2100,-5.585278,36.226389,0.274781534,35.53255812
MonteraTorero,9,2015,-5.585278,36.226389,10.0610345,28.55563151
MonteraTorero,9,2016,-5.585278,36.226389,1.583939006,29.69663493
MonteraTorero,9,2017,-5.585278,36.226389,1.12663935,30.25051982
MonteraTorero,9,2018,-5.585278,36.226389,46.99559689,28.17325745
MonteraTorero,9,2019,-5.585278,36.226389,15.44030709,27.7295695
MonteraTorero,9,2020,-5.585278,36.226389,5.176320712,28.06356913
MonteraTorero,9,2021,-5.585278,36.226389,0.028165093,31.59545186
MonteraTorero,9,2022,-5.585278,36.226389,8.103545075,29.03036804
MonteraTorero,9,2023,-5.585278,36.226389,3.254719785,27.63254598
MonteraTorero,9,2024,-5.585278,36.226389,20.43909524,27.86826274
MonteraTorero,9,2025,-5.585278,36.226389,7.904002296,30.82803955
MonteraTorero,9,2026,-5.585278,36.226389,14.91149868,29.65047201
MonteraTorero,9,2027,-5.585278,36.226389,3.835008886,30.30138753
MonteraTorero,9,2028,-5.585278,36.226389,29.38268704,29.77480062
MonteraTorero,9,2029,-5.585278,36.226389,2.584425842,29.83621826
MonteraTorero,9,2030,-5.585278,36.226389,40.33529921,28.53342489
MonteraTorero,9,2031,-5.585278,36.226389,45.8376753,29.82638957
MonteraTorero,9,2032,-5.585278,36.226389,20.97934256,30.6774353
MonteraTorero,9,2033,-5.585278,36.226389,5.054163104,29.64972432
MonteraTorero,9,2034,-5.585278,36.226389,54.42464509,28.62459005
MonteraTorero,9,2035,-5.585278,36.226389,9.339237791,31.25997111
MonteraTorero,9,2036,-5.585278,36.226389,1.659962922,31.64155884
MonteraTorero,9,2037,-5.585278,36.226389,5.312906016,31.54193726
MonteraTorero,9,2038,-5.585278,36.226389,1.416570025,31.2628774
MonteraTorero,9,2039,-5.585278,36.226389,1.771028164,31.66185811
MonteraTorero,9,2040,-5.585278,36.226389,2.130221392,30.45791016
MonteraTorero,9,2041,-5.585278,36.226389,23.51457822,28.53762614
MonteraTorero,9,2042,-5.585278,36.226389,7.043902661,29.7775706
MonteraTorero,9,2043,-5.585278,36.226389,8.677808271,29.48277995
MonteraTorero,9,2044,-5.585278,36.226389,57.45632612,28.86291606
MonteraTorero,9,2045,-5.585278,36.226389,0.899320643,31.65069275
MonteraTorero,9,2046,-5.585278,36.226389,40.04431477,28.21285197
MonteraTorero,9,2047,-5.585278,36.226389,1.278571734,30.91669413
MonteraTorero,9,2048,-5.585278,36.226389,5.041441114,30.92924601
MonteraTorero,9,2049,-5.585278,36.226389,32.74884853,28.32526347
MonteraTorero,9,2050,-5.585278,36.226389,4.43189689,33.87539978
MonteraTorero,9,2051,-5.585278,36.226389,3.040729938,30.2391215
MonteraTorero,9,2052,-5.585278,36.226389,10.44938009,31.08060201
MonteraTorero,9,2053,-5.585278,36.226389,0.91029843,32.19137065
MonteraTorero,9,2054,-5.585278,36.226389,24.03279632,28.76825765
MonteraTorero,9,2055,-5.585278,36.226389,4.599529882,31.9601827
MonteraTorero,9,2056,-5.585278,36.226389,6.37098657,31.77308044
MonteraTorero,9,2057,-5.585278,36.226389,4.709285911,30.57212016
MonteraTorero,9,2058,-5.585278,36.226389,15.05280191,31.40626119
MonteraTorero,9,2059,-5.585278,36.226389,2.213997984,29.19277344
MonteraTorero,9,2060,-5.585278,36.226389,0.000281201,29.71391907
MonteraTorero,9,2061,-5.585278,36.226389,16.71133126,32.2214386
MonteraTorero,9,2062,-5.585278,36.226389,7.259377297,31.51443583
MonteraTorero,9,2063,-5.585278,36.226389,2.356064337,30.97342224
MonteraTorero,9,2064,-5.585278,36.226389,22.796601,31.90858053
MonteraTorero,9,2065,-5.585278,36.226389,8.545749622,30.7799408
MonteraTorero,9,2066,-5.585278,36.226389,6.206967273,30.45432943
MonteraTorero,9,2067,-5.585278,36.226389,0.295801765,31.28473918
MonteraTorero,9,2068,-5.585278,36.226389,5.862376263,32.55746663
MonteraTorero,9,2069,-5.585278,36.226389,4.033959499,31.83783061
MonteraTorero,9,2070,-5.585278,36.226389,2.981367424,31.65957947
MonteraTorero,9,2071,-5.585278,36.226389,6.568766053,30.61669515
MonteraTorero,9,2072,-5.585278,36.226389,22.29211216,29.98851217
MonteraTorero,9,2073,-5.585278,36.226389,17.30209967,32.18113302
MonteraTorero,9,2074,-5.585278,36.226389,29.31142183,32.10409342
MonteraTorero,9,2075,-5.585278,36.226389,4.326945961,32.93305969
MonteraTorero,9,2076,-5.585278,36.226389,17.43430007,29.1223114
MonteraTorero,9,2077,-5.585278,36.226389,1.250018519,33.02405802
MonteraTorero,9,2078,-5.585278,36.226389,2.912348486,32.94689738
MonteraTorero,9,2079,-5.585278,36.226389,3.013435416,34.40709025
MonteraTorero,9,2080,-5.585278,36.226389,0.349422194,32.22659505
MonteraTorero,9,2081,-5.585278,36.226389,10.44266146,33.7454071
MonteraTorero,9,2082,-5.585278,36.226389,2.188149752,33.23472493
MonteraTorero,9,2083,-5.585278,36.226389,0.582367109,32.89139811
MonteraTorero,9,2084,-5.585278,36.226389,6.198372161,34.95570984
MonteraTorero,9,2085,-5.585278,36.226389,4.397201831,33.63905131
MonteraTorero,9,2086,-5.585278,36.226389,9.830974482,31.44564718
MonteraTorero,9,2087,-5.585278,36.226389,2.375005861,32.17148641
MonteraTorero,9,2088,-5.585278,36.226389,4.216863032,31.20906576
MonteraTorero,9,2089,-5.585278,36.226389,29.32064327,30.79909058
MonteraTorero,9,2090,-5.585278,36.226389,16.25387439,31.35024109
MonteraTorero,9,2091,-5.585278,36.226389,0.679011165,32.70965678
MonteraTorero,9,2092,-5.585278,36.226389,9.373098957,34.33897909
MonteraTorero,9,2093,-5.585278,36.226389,9.093137395,33.46183268
MonteraTorero,9,2094,-5.585278,36.226389,0.773676636,31.99041138
MonteraTorero,9,2095,-5.585278,36.226389,9.575280971,32.21494548
MonteraTorero,9,2096,-5.585278,36.226389,4.996537537,32.89479268
MonteraTorero,9,2097,-5.585278,36.226389,3.423957874,33.36339518
MonteraTorero,9,2098,-5.585278,36.226389,5.425318349,34.85333455
MonteraTorero,9,2099,-5.585278,36.226389,0.337147171,35.29749756
MonteraTorero,9,2100,-5.585278,36.226389,1.588211784,35.38831482
Prisioneros,1,2015,-5.486388889,36.105,148.6920956,15.35110552
Prisioneros,1,2016,-5.486388889,36.105,46.35068784,14.30779911
Prisioneros,1,2017,-5.486388889,36.105,4.635573072,16.80523564
Prisioneros,1,2018,-5.486388889,36.105,259.3754261,15.07201833
Prisioneros,1,2019,-5.486388889,36.105,41.57295115,16.34288645
Prisioneros,1,2020,-5.486388889,36.105,0.521467545,16.33766991
Prisioneros,1,2021,-5.486388889,36.105,11.13536214,16.33353035
Prisioneros,1,2022,-5.486388889,36.105,40.63426257,18.14332216
Prisioneros,1,2023,-5.486388889,36.105,267.1923557,15.21472148
Prisioneros,1,2024,-5.486388889,36.105,94.40513422,16.07122783
Prisioneros,1,2025,-5.486388889,36.105,1.328113762,16.26477031
Prisioneros,1,2026,-5.486388889,36.105,20.72990226,17.04964796
Prisioneros,1,2027,-5.486388889,36.105,9.472605261,17.49324164
Prisioneros,1,2028,-5.486388889,36.105,122.8114425,16.70897926
Prisioneros,1,2029,-5.486388889,36.105,10.60890634,15.8353742
Prisioneros,1,2030,-5.486388889,36.105,175.2361346,16.10477354
Prisioneros,1,2031,-5.486388889,36.105,57.93201377,15.70587335
Prisioneros,1,2032,-5.486388889,36.105,329.8304274,17.13123917
Prisioneros,1,2033,-5.486388889,36.105,25.75290802,17.01186031
Prisioneros,1,2034,-5.486388889,36.105,25.66329997,15.56049549
Prisioneros,1,2035,-5.486388889,36.105,30.58666854,17.23324762
Prisioneros,1,2036,-5.486388889,36.105,57.61092261,16.50154832
Prisioneros,1,2037,-5.486388889,36.105,12.84915344,17.69273997
Prisioneros,1,2038,-5.486388889,36.105,1.410465829,16.88306629
Prisioneros,1,2039,-5.486388889,36.105,9.159301129,16.04130879
Prisioneros,1,2040,-5.486388889,36.105,27.14518124,17.22523134
Prisioneros,1,2041,-5.486388889,36.105,84.97548874,17.53889003
Prisioneros,1,2042,-5.486388889,36.105,7.291126221,16.08390739
Prisioneros,1,2043,-5.486388889,36.105,98.21252904,16.18837595
Prisioneros,1,2044,-5.486388889,36.105,1.663969992,16.09407762
Prisioneros,1,2045,-5.486388889,36.105,168.1033491,17.90340872
Prisioneros,1,2046,-5.486388889,36.105,67.6809257,14.41448856
Prisioneros,1,2047,-5.486388889,36.105,124.784941,17.23768744
Prisioneros,1,2048,-5.486388889,36.105,47.83288685,15.70486726
Prisioneros,1,2049,-5.486388889,36.105,40.85926167,16.66633143
Prisioneros,1,2050,-5.486388889,36.105,55.46922596,17.40782786
Prisioneros,1,2051,-5.486388889,36.105,20.9551938,14.76134742
Prisioneros,1,2052,-5.486388889,36.105,91.5245869,18.60529923
Prisioneros,1,2053,-5.486388889,36.105,27.58451333,18.34124342
Prisioneros,1,2054,-5.486388889,36.105,86.17398614,17.86575199
Prisioneros,1,2055,-5.486388889,36.105,67.22753179,18.80501807
Prisioneros,1,2056,-5.486388889,36.105,33.15935757,13.41811031
Prisioneros,1,2057,-5.486388889,36.105,121.7669887,18.10323191
Prisioneros,1,2058,-5.486388889,36.105,0.633242751,16.18867916
Prisioneros,1,2059,-5.486388889,36.105,140.9900707,18.07274682
Prisioneros,1,2060,-5.486388889,36.105,30.22115126,16.76927116
Prisioneros,1,2061,-5.486388889,36.105,104.0235026,15.35499504
Prisioneros,1,2062,-5.486388889,36.105,49.29441073,19.59890137
Prisioneros,1,2063,-5.486388889,36.105,294.5822595,16.3036881
Prisioneros,1,2064,-5.486388889,36.105,110.5681697,15.91744975
Prisioneros,1,2065,-5.486388889,36.105,13.78000619,17.87626579
Prisioneros,1,2066,-5.486388889,36.105,61.51332993,15.95706551
Prisioneros,1,2067,-5.486388889,36.105,9.190037741,17.44954736
Prisioneros,1,2068,-5.486388889,36.105,2.544079353,15.84811775
Prisioneros,1,2069,-5.486388889,36.105,10.2366364,18.41761317
Prisioneros,1,2070,-5.486388889,36.105,128.7548412,16.64807011
Prisioneros,1,2071,-5.486388889,36.105,117.3572648,16.90834862
Prisioneros,1,2072,-5.486388889,36.105,51.39782376,15.2355453
Prisioneros,1,2073,-5.486388889,36.105,16.11960355,17.90604209
Prisioneros,1,2074,-5.486388889,36.105,43.31103925,17.15133844
Prisioneros,1,2075,-5.486388889,36.105,20.89457553,17.40495034
Prisioneros,1,2076,-5.486388889,36.105,82.88748657,18.63627654
Prisioneros,1,2077,-5.486388889,36.105,15.78860779,18.82005832
Prisioneros,1,2078,-5.486388889,36.105,18.72869833,18.59752315
Prisioneros,1,2079,-5.486388889,36.105,29.08862973,17.77907813
Prisioneros,1,2080,-5.486388889,36.105,23.16234207,17.5028911
Prisioneros,1,2081,-5.486388889,36.105,27.59438024,18.50962662
Prisioneros,1,2082,-5.486388889,36.105,57.75700629,18.21216687
Prisioneros,1,2083,-5.486388889,36.105,44.78704835,16.37860383
Prisioneros,1,2084,-5.486388889,36.105,19.91773834,17.53877682
Prisioneros,1,2085,-5.486388889,36.105,0.219080698,16.71201526
Prisioneros,1,2086,-5.486388889,36.105,18.18877802,16.56542457
Prisioneros,1,2087,-5.486388889,36.105,74.76658841,19.20253808
Prisioneros,1,2088,-5.486388889,36.105,88.88397458,18.33718557
Prisioneros,1,2089,-5.486388889,36.105,19.94255471,16.77405061
Prisioneros,1,2090,-5.486388889,36.105,57.88246178,19.2813768
Prisioneros,1,2091,-5.486388889,36.105,9.78425915,18.44550919
Prisioneros,1,2092,-5.486388889,36.105,47.49934657,17.31897051
Prisioneros,1,2093,-5.486388889,36.105,20.16758183,18.04836327
Prisioneros,1,2094,-5.486388889,36.105,34.73327399,17.49516326
Prisioneros,1,2095,-5.486388889,36.105,13.40702137,17.85021264
Prisioneros,1,2096,-5.486388889,36.105,104.3221986,18.47592242
Prisioneros,1,2097,-5.486388889,36.105,30.7161459,19.97951955
Prisioneros,1,2098,-5.486388889,36.105,5.67696254,17.89504395
Prisioneros,1,2099,-5.486388889,36.105,7.309907423,17.2147205
Prisioneros,1,2100,-5.486388889,36.105,19.65397732,19.69895571
Prisioneros,10,2015,-5.486388889,36.105,62.81849917,25.13567899
Prisioneros,10,2016,-5.486388889,36.105,5.366727252,25.54895197
Prisioneros,10,2017,-5.486388889,36.105,30.0193021,22.20487513
Prisioneros,10,2018,-5.486388889,36.105,10.50297127,24.19340249
Prisioneros,10,2019,-5.486388889,36.105,20.39333489,26.64771866
Prisioneros,10,2020,-5.486388889,36.105,2.640969864,24.79342632
Prisioneros,10,2021,-5.486388889,36.105,24.32511688,25.88998295
Prisioneros,10,2022,-5.486388889,36.105,107.6009261,22.92516775
Prisioneros,10,2023,-5.486388889,36.105,15.69681664,24.96220526
Prisioneros,10,2024,-5.486388889,36.105,96.174942,21.43722022
Prisioneros,10,2025,-5.486388889,36.105,240.649036,21.91511565
Prisioneros,10,2026,-5.486388889,36.105,116.6449478,22.73140475
Prisioneros,10,2027,-5.486388889,36.105,119.9440189,25.03666323
Prisioneros,10,2028,-5.486388889,36.105,143.7858584,23.45891625
Prisioneros,10,2029,-5.486388889,36.105,49.27624093,21.384982
Prisioneros,10,2030,-5.486388889,36.105,20.19383882,25.39440505
Prisioneros,10,2031,-5.486388889,36.105,32.04201373,21.74435996
Prisioneros,10,2032,-5.486388889,36.105,123.5700059,22.79759049
Prisioneros,10,2033,-5.486388889,36.105,141.0641702,21.80786212
Prisioneros,10,2034,-5.486388889,36.105,35.3516865,22.14236332
Prisioneros,10,2035,-5.486388889,36.105,13.8129661,24.94069529
Prisioneros,10,2036,-5.486388889,36.105,49.62257901,22.51346002
Prisioneros,10,2037,-5.486388889,36.105,44.45884031,25.07400198
Prisioneros,10,2038,-5.486388889,36.105,21.02281066,24.4148469
Prisioneros,10,2039,-5.486388889,36.105,27.63951837,24.64516011
Prisioneros,10,2040,-5.486388889,36.105,12.09404588,28.05222916
Prisioneros,10,2041,-5.486388889,36.105,88.52643639,22.75475169
Prisioneros,10,2042,-5.486388889,36.105,29.1832512,27.1873669
Prisioneros,10,2043,-5.486388889,36.105,27.30518301,22.67753827
Prisioneros,10,2044,-5.486388889,36.105,20.68516603,22.237146
Prisioneros,10,2045,-5.486388889,36.105,6.01563327,26.25663492
Prisioneros,10,2046,-5.486388889,36.105,8.892084864,27.21018027
Prisioneros,10,2047,-5.486388889,36.105,57.17205518,26.06877855
Prisioneros,10,2048,-5.486388889,36.105,24.94196827,23.8489624
Prisioneros,10,2049,-5.486388889,36.105,55.15596448,24.38970534
Prisioneros,10,2050,-5.486388889,36.105,7.379242215,26.90039929
Prisioneros,10,2051,-5.486388889,36.105,98.57328189,21.78054002
Prisioneros,10,2052,-5.486388889,36.105,49.56177017,24.32772414
Prisioneros,10,2053,-5.486388889,36.105,68.66420039,24.33937398
Prisioneros,10,2054,-5.486388889,36.105,18.9775096,24.79487836
Prisioneros,10,2055,-5.486388889,36.105,4.386610668,26.29111584
Prisioneros,10,2056,-5.486388889,36.105,12.83510605,27.86428616
Prisioneros,10,2057,-5.486388889,36.105,27.48427667,24.28940784
Prisioneros,10,2058,-5.486388889,36.105,9.466243396,24.67183247
Prisioneros,10,2059,-5.486388889,36.105,63.44961495,22.22946836
Prisioneros,10,2060,-5.486388889,36.105,85.66599258,24.37036802
Prisioneros,10,2061,-5.486388889,36.105,5.819963112,27.91426313
Prisioneros,10,2062,-5.486388889,36.105,47.20287559,24.21081622
Prisioneros,10,2063,-5.486388889,36.105,8.659707146,28.91320486
Prisioneros,10,2064,-5.486388889,36.105,10.4551753,25.19872437
Prisioneros,10,2065,-5.486388889,36.105,58.20561478,22.70924407
Prisioneros,10,2066,-5.486388889,36.105,94.77734998,26.11436098
Prisioneros,10,2067,-5.486388889,36.105,34.0211491,23.35587611
Prisioneros,10,2068,-5.486388889,36.105,27.42240381,24.90970124
Prisioneros,10,2069,-5.486388889,36.105,37.69709114,25.77344813
Prisioneros,10,2070,-5.486388889,36.105,16.26693024,25.99570765
Prisioneros,10,2071,-5.486388889,36.105,14.95568918,26.19263857
Prisioneros,10,2072,-5.486388889,36.105,52.00021265,23.60688122
Prisioneros,10,2073,-5.486388889,36.105,161.7425263,23.19736781
Prisioneros,10,2074,-5.486388889,36.105,12.45655666,27.07888479
Prisioneros,10,2075,-5.486388889,36.105,0.079060049,29.65765066
Prisioneros,10,2076,-5.486388889,36.105,61.81619911,22.95262077
Prisioneros,10,2077,-5.486388889,36.105,43.18641731,26.40574971
Prisioneros,10,2078,-5.486388889,36.105,49.33416872,27.63124114
Prisioneros,10,2079,-5.486388889,36.105,85.4903764,23.69878343
Prisioneros,10,2080,-5.486388889,36.105,4.359302146,28.73612513
Prisioneros,10,2081,-5.486388889,36.105,23.17477209,26.56140412
Prisioneros,10,2082,-5.486388889,36.105,30.33417116,24.5693003
Prisioneros,10,2083,-5.486388889,36.105,47.12023763,25.7938132
Prisioneros,10,2084,-5.486388889,36.105,45.5978301,24.88079125
Prisioneros,10,2085,-5.486388889,36.105,13.96928196,29.10660066
Prisioneros,10,2086,-5.486388889,36.105,56.38595953,27.8345522
Prisioneros,10,2087,-5.486388889,36.105,1.217656393,26.20896843
Prisioneros,10,2088,-5.486388889,36.105,69.27627162,26.05982804
Prisioneros,10,2089,-5.486388889,36.105,3.288446601,25.29016192
Prisioneros,10,2090,-5.486388889,36.105,43.99632869,25.55700172
Prisioneros,10,2091,-5.486388889,36.105,13.00786926,27.259223
Prisioneros,10,2092,-5.486388889,36.105,31.246613,26.30750083
Prisioneros,10,2093,-5.486388889,36.105,58.5306466,23.80185015
Prisioneros,10,2094,-5.486388889,36.105,83.81432322,24.86973503
Prisioneros,10,2095,-5.486388889,36.105,12.86651906,27.59455803
Prisioneros,10,2096,-5.486388889,36.105,45.09770136,26.28295977
Prisioneros,10,2097,-5.486388889,36.105,16.5091543,27.87313331
Prisioneros,10,2098,-5.486388889,36.105,75.07332367,27.52017586
Prisioneros,10,2099,-5.486388889,36.105,19.29713395,26.36535231
Prisioneros,10,2100,-5.486388889,36.105,4.337991358,29.63563173
Prisioneros,11,2015,-5.486388889,36.105,121.8649943,18.04260661
Prisioneros,11,2016,-5.486388889,36.105,48.64235381,18.21017558
Prisioneros,11,2017,-5.486388889,36.105,159.1092634,18.3072408
Prisioneros,11,2018,-5.486388889,36.105,45.72648051,19.90654704
Prisioneros,11,2019,-5.486388889,36.105,75.38644193,20.12059631
Prisioneros,11,2020,-5.486388889,36.105,10.19599529,20.35411072
Prisioneros,11,2021,-5.486388889,36.105,28.08911467,21.673703
Prisioneros,11,2022,-5.486388889,36.105,88.28161511,19.84893087
Prisioneros,11,2023,-5.486388889,36.105,22.37130222,19.38220723
Prisioneros,11,2024,-5.486388889,36.105,22.16436651,18.30198873
Prisioneros,11,2025,-5.486388889,36.105,116.4788581,19.93458659
Prisioneros,11,2026,-5.486388889,36.105,9.756435494,20.20195516
Prisioneros,11,2027,-5.486388889,36.105,53.04760592,19.83458761
Prisioneros,11,2028,-5.486388889,36.105,25.2128433,19.46764119
Prisioneros,11,2029,-5.486388889,36.105,28.43673751,18.68726603
Prisioneros,11,2030,-5.486388889,36.105,88.58320916,21.05282288
Prisioneros,11,2031,-5.486388889,36.105,154.1752749,17.23536377
Prisioneros,11,2032,-5.486388889,36.105,154.0193634,19.87963765
Prisioneros,11,2033,-5.486388889,36.105,19.60797088,17.41513774
Prisioneros,11,2034,-5.486388889,36.105,125.5778049,19.31026306
Prisioneros,11,2035,-5.486388889,36.105,54.61446073,19.34193319
Prisioneros,11,2036,-5.486388889,36.105,10.34260287,19.5673818
Prisioneros,11,2037,-5.486388889,36.105,65.06525634,17.88632406
Prisioneros,11,2038,-5.486388889,36.105,45.38912106,19.86231791
Prisioneros,11,2039,-5.486388889,36.105,25.34326297,20.86078695
Prisioneros,11,2040,-5.486388889,36.105,86.57729233,21.67728984
Prisioneros,11,2041,-5.486388889,36.105,90.9402597,19.5747345
Prisioneros,11,2042,-5.486388889,36.105,7.369158702,22.94265849
Prisioneros,11,2043,-5.486388889,36.105,173.778217,19.024705
Prisioneros,11,2044,-5.486388889,36.105,79.63074058,19.42953593
Prisioneros,11,2045,-5.486388889,36.105,110.6585184,19.56772868
Prisioneros,11,2046,-5.486388889,36.105,97.17288243,20.1602946
Prisioneros,11,2047,-5.486388889,36.105,45.36349105,19.22687581
Prisioneros,11,2048,-5.486388889,36.105,17.59171627,18.87392273
Prisioneros,11,2049,-5.486388889,36.105,83.77016623,19.82230123
Prisioneros,11,2050,-5.486388889,36.105,47.72211554,17.84975281
Prisioneros,11,2051,-5.486388889,36.105,25.5615151,18.56404114
Prisioneros,11,2052,-5.486388889,36.105,166.392045,18.46702779
Prisioneros,11,2053,-5.486388889,36.105,4.420351525,19.19952291
Prisioneros,11,2054,-5.486388889,36.105,161.3545131,20.18162435
Prisioneros,11,2055,-5.486388889,36.105,65.53007496,20.08328247
Prisioneros,11,2056,-5.486388889,36.105,106.2116127,18.85659485
Prisioneros,11,2057,-5.486388889,36.105,20.49636533,21.41650696
Prisioneros,11,2058,-5.486388889,36.105,36.30863987,20.71772766
Prisioneros,11,2059,-5.486388889,36.105,4.709481757,19.89588521
Prisioneros,11,2060,-5.486388889,36.105,271.1246445,18.8015391
Prisioneros,11,2061,-5.486388889,36.105,29.16412374,22.32477214
Prisioneros,11,2062,-5.486388889,36.105,5.587167051,20.57368368
Prisioneros,11,2063,-5.486388889,36.105,99.15006518,22.43358053
Prisioneros,11,2064,-5.486388889,36.105,51.61281946,20.72673543
Prisioneros,11,2065,-5.486388889,36.105,61.03914726,20.86621602
Prisioneros,11,2066,-5.486388889,36.105,68.86484452,20.56021423
Prisioneros,11,2067,-5.486388889,36.105,30.64212548,18.22213847
Prisioneros,11,2068,-5.486388889,36.105,111.5322308,19.35250549
Prisioneros,11,2069,-5.486388889,36.105,4.549043583,21.59069316
Prisioneros,11,2070,-5.486388889,36.105,31.27107211,20.03009949
Prisioneros,11,2071,-5.486388889,36.105,16.22813694,20.44301249
Prisioneros,11,2072,-5.486388889,36.105,34.07973302,20.44797262
Prisioneros,11,2073,-5.486388889,36.105,55.67687935,20.93077799
Prisioneros,11,2074,-5.486388889,36.105,121.706946,19.1827474
Prisioneros,11,2075,-5.486388889,36.105,73.01094642,22.99829305
Prisioneros,11,2076,-5.486388889,36.105,61.86704567,19.27763875
Prisioneros,11,2077,-5.486388889,36.105,19.70827064,23.44462789
Prisioneros,11,2078,-5.486388889,36.105,27.24963575,21.3751709
Prisioneros,11,2079,-5.486388889,36.105,19.7449981,20.43811849
Prisioneros,11,2080,-5.486388889,36.105,13.12755143,22.08919373
Prisioneros,11,2081,-5.486388889,36.105,43.94333635,21.72874756
Prisioneros,11,2082,-5.486388889,36.105,45.02306268,20.48600362
Prisioneros,11,2083,-5.486388889,36.105,23.60075289,19.95732829
Prisioneros,11,2084,-5.486388889,36.105,41.93826396,22.77033488
Prisioneros,11,2085,-5.486388889,36.105,31.2856306,22.48225708
Prisioneros,11,2086,-5.486388889,36.105,22.96096992,21.90051371
Prisioneros,11,2087,-5.486388889,36.105,22.25604729,23.097229
Prisioneros,11,2088,-5.486388889,36.105,158.5522866,20.49922485
Prisioneros,11,2089,-5.486388889,36.105,5.421882684,20.32904765
Prisioneros,11,2090,-5.486388889,36.105,33.02588174,21.33061625
Prisioneros,11,2091,-5.486388889,36.105,55.54532793,20.5428833
Prisioneros,11,2092,-5.486388889,36.105,0.069473189,25.22731832
Prisioneros,11,2093,-5.486388889,36.105,5.729153971,23.76018473
Prisioneros,11,2094,-5.486388889,36.105,55.61863045,19.73223572
Prisioneros,11,2095,-5.486388889,36.105,18.79731306,23.24938456
Prisioneros,11,2096,-5.486388889,36.105,55.3729471,21.79796651
Prisioneros,11,2097,-5.486388889,36.105,180.3133484,20.70837097
Prisioneros,11,2098,-5.486388889,36.105,18.81977333,21.36025899
Prisioneros,11,2099,-5.486388889,36.105,15.45501495,23.4899058
Prisioneros,11,2100,-5.486388889,36.105,86.4473821,23.43894958
Prisioneros,12,2015,-5.486388889,36.105,87.79503748,14.8463182
Prisioneros,12,2016,-5.486388889,36.105,53.31561477,14.7371834
Prisioneros,12,2017,-5.486388889,36.105,213.4336357,14.78866557
Prisioneros,12,2018,-5.486388889,36.105,1.674760231,18.00818344
Prisioneros,12,2019,-5.486388889,36.105,1.485700107,17.76118105
Prisioneros,12,2020,-5.486388889,36.105,69.51870682,18.09052577
Prisioneros,12,2021,-5.486388889,36.105,23.34802387,18.09259604
Prisioneros,12,2022,-5.486388889,36.105,97.47625641,17.3836225
Prisioneros,12,2023,-5.486388889,36.105,196.6582814,17.48813831
Prisioneros,12,2024,-5.486388889,36.105,50.8189566,15.8422131
Prisioneros,12,2025,-5.486388889,36.105,116.2520458,16.99412566
Prisioneros,12,2026,-5.486388889,36.105,2.145576424,18.33824187
Prisioneros,12,2027,-5.486388889,36.105,3.784235437,19.36106705
Prisioneros,12,2028,-5.486388889,36.105,121.3889961,17.54382009
Prisioneros,12,2029,-5.486388889,36.105,300.79932,16.6101151
Prisioneros,12,2030,-5.486388889,36.105,13.88452945,18.31122397
Prisioneros,12,2031,-5.486388889,36.105,45.37688654,15.85544394
Prisioneros,12,2032,-5.486388889,36.105,106.0952482,15.87384407
Prisioneros,12,2033,-5.486388889,36.105,118.4017106,16.22631619
Prisioneros,12,2034,-5.486388889,36.105,13.37294382,19.5767525
Prisioneros,12,2035,-5.486388889,36.105,18.45920063,14.88677073
Prisioneros,12,2036,-5.486388889,36.105,0.626621712,18.963044
Prisioneros,12,2037,-5.486388889,36.105,15.32494614,18.82535656
Prisioneros,12,2038,-5.486388889,36.105,46.09870098,17.24638692
Prisioneros,12,2039,-5.486388889,36.105,0.978855207,18.33240022
Prisioneros,12,2040,-5.486388889,36.105,45.71536941,17.94653694
Prisioneros,12,2041,-5.486388889,36.105,92.24081063,17.3425547
Prisioneros,12,2042,-5.486388889,36.105,71.66379545,16.02464226
Prisioneros,12,2043,-5.486388889,36.105,89.0049992,18.70435634
Prisioneros,12,2044,-5.486388889,36.105,16.92019723,19.00543587
Prisioneros,12,2045,-5.486388889,36.105,108.2021511,16.73363057
Prisioneros,12,2046,-5.486388889,36.105,62.74812323,18.62602854
Prisioneros,12,2047,-5.486388889,36.105,295.8874484,17.81688055
Prisioneros,12,2048,-5.486388889,36.105,276.6859576,16.73200231
Prisioneros,12,2049,-5.486388889,36.105,212.3530661,17.37461784
Prisioneros,12,2050,-5.486388889,36.105,104.1819411,15.40267432
Prisioneros,12,2051,-5.486388889,36.105,174.2076106,16.58398319
Prisioneros,12,2052,-5.486388889,36.105,94.39160378,17.5280996
Prisioneros,12,2053,-5.486388889,36.105,201.0329954,17.32123374
Prisioneros,12,2054,-5.486388889,36.105,65.63030881,19.54682558
Prisioneros,12,2055,-5.486388889,36.105,21.60271629,17.13462859
Prisioneros,12,2056,-5.486388889,36.105,16.59600031,16.71289535
Prisioneros,12,2057,-5.486388889,36.105,138.2618547,18.76368841
Prisioneros,12,2058,-5.486388889,36.105,47.96716672,18.03197632
Prisioneros,12,2059,-5.486388889,36.105,34.1459277,17.35900859
Prisioneros,12,2060,-5.486388889,36.105,174.9894663,16.9885882
Prisioneros,12,2061,-5.486388889,36.105,0.431821507,17.92227153
Prisioneros,12,2062,-5.486388889,36.105,281.3739969,19.00377119
Prisioneros,12,2063,-5.486388889,36.105,8.443142089,17.176354
Prisioneros,12,2064,-5.486388889,36.105,83.22434628,18.33859151
Prisioneros,12,2065,-5.486388889,36.105,131.1958432,17.74337552
Prisioneros,12,2066,-5.486388889,36.105,8.665701928,17.51703058
Prisioneros,12,2067,-5.486388889,36.105,18.19412498,17.2735259
Prisioneros,12,2068,-5.486388889,36.105,34.5705639,16.80059401
Prisioneros,12,2069,-5.486388889,36.105,66.47515836,17.41721644
Prisioneros,12,2070,-5.486388889,36.105,65.86712862,17.26201585
Prisioneros,12,2071,-5.486388889,36.105,36.07114822,16.266814
Prisioneros,12,2072,-5.486388889,36.105,10.97055233,18.66382505
Prisioneros,12,2073,-5.486388889,36.105,41.36743843,19.66622511
Prisioneros,12,2074,-5.486388889,36.105,40.26160672,17.37448396
Prisioneros,12,2075,-5.486388889,36.105,25.77371562,19.01866967
Prisioneros,12,2076,-5.486388889,36.105,26.44754438,18.41556456
Prisioneros,12,2077,-5.486388889,36.105,70.32362895,18.23418481
Prisioneros,12,2078,-5.486388889,36.105,21.2199103,17.34876059
Prisioneros,12,2079,-5.486388889,36.105,65.43492415,20.69765527
Prisioneros,12,2080,-5.486388889,36.105,23.71560946,18.43281585
Prisioneros,12,2081,-5.486388889,36.105,45.68881097,17.81208929
Prisioneros,12,2082,-5.486388889,36.105,25.47362919,19.68504855
Prisioneros,12,2083,-5.486388889,36.105,28.34214539,18.08569808
Prisioneros,12,2084,-5.486388889,36.105,102.6295698,18.08976086
Prisioneros,12,2085,-5.486388889,36.105,53.83057722,17.68639723
Prisioneros,12,2086,-5.486388889,36.105,189.6363664,19.3106973
Prisioneros,12,2087,-5.486388889,36.105,8.75618553,21.0262459
Prisioneros,12,2088,-5.486388889,36.105,37.96795729,17.24076184
Prisioneros,12,2089,-5.486388889,36.105,61.66451974,20.09216387
Prisioneros,12,2090,-5.486388889,36.105,2.115739483,19.50362844
Prisioneros,12,2091,-5.486388889,36.105,155.7207107,20.3458752
Prisioneros,12,2092,-5.486388889,36.105,7.1726501,21.03832004
Prisioneros,12,2093,-5.486388889,36.105,96.50461035,18.18267507
Prisioneros,12,2094,-5.486388889,36.105,14.08137956,19.72058381
Prisioneros,12,2095,-5.486388889,36.105,48.38216859,19.07060173
Prisioneros,12,2096,-5.486388889,36.105,39.50686959,20.09999902
Prisioneros,12,2097,-5.486388889,36.105,101.1556446,17.65616317
Prisioneros,12,2098,-5.486388889,36.105,12.42078532,19.52741837
Prisioneros,12,2099,-5.486388889,36.105,22.10178469,19.76347085
Prisioneros,12,2100,-5.486388889,36.105,0.318390627,17.7026062
Prisioneros,2,2015,-5.486388889,36.105,42.87027098,16.32749329
Prisioneros,2,2016,-5.486388889,36.105,4.725808252,17.98604105
Prisioneros,2,2017,-5.486388889,36.105,24.94353225,17.19982191
Prisioneros,2,2018,-5.486388889,36.105,40.95482529,18.4074537
Prisioneros,2,2019,-5.486388889,36.105,0.073163958,18.18176858
Prisioneros,2,2020,-5.486388889,36.105,60.97491768,17.15796656
Prisioneros,2,2021,-5.486388889,36.105,37.06655459,13.98706752
Prisioneros,2,2022,-5.486388889,36.105,24.93701326,18.34817113
Prisioneros,2,2023,-5.486388889,36.105,40.96312964,16.57061702
Prisioneros,2,2024,-5.486388889,36.105,88.27439907,17.1465793
Prisioneros,2,2025,-5.486388889,36.105,27.61902859,15.88736223
Prisioneros,2,2026,-5.486388889,36.105,52.50833024,15.36147352
Prisioneros,2,2027,-5.486388889,36.105,27.28164158,17.04681876
Prisioneros,2,2028,-5.486388889,36.105,264.0193175,16.52886142
Prisioneros,2,2029,-5.486388889,36.105,90.48287882,16.23114057
Prisioneros,2,2030,-5.486388889,36.105,24.86790942,16.91787763
Prisioneros,2,2031,-5.486388889,36.105,46.81999313,15.94248788
Prisioneros,2,2032,-5.486388889,36.105,156.4663762,19.71821773
Prisioneros,2,2033,-5.486388889,36.105,83.27419839,16.25510559
Prisioneros,2,2034,-5.486388889,36.105,2.515205261,18.04709124
Prisioneros,2,2035,-5.486388889,36.105,37.87921673,15.79722421
Prisioneros,2,2036,-5.486388889,36.105,15.67397332,17.66837832
Prisioneros,2,2037,-5.486388889,36.105,179.084035,16.68140019
Prisioneros,2,2038,-5.486388889,36.105,0.59316319,20.19216527
Prisioneros,2,2039,-5.486388889,36.105,13.52434984,19.27609297
Prisioneros,2,2040,-5.486388889,36.105,56.22668645,18.48591056
Prisioneros,2,2041,-5.486388889,36.105,49.04596884,16.9575385
Prisioneros,2,2042,-5.486388889,36.105,10.57861413,17.3046923
Prisioneros,2,2043,-5.486388889,36.105,7.272709435,16.96467743
Prisioneros,2,2044,-5.486388889,36.105,56.12857133,16.0719554
Prisioneros,2,2045,-5.486388889,36.105,0.199379454,17.52630114
Prisioneros,2,2046,-5.486388889,36.105,39.41483167,18.93705902
Prisioneros,2,2047,-5.486388889,36.105,98.36188134,18.71438424
Prisioneros,2,2048,-5.486388889,36.105,34.79930873,16.16847618
Prisioneros,2,2049,-5.486388889,36.105,6.654261276,18.6117678
Prisioneros,2,2050,-5.486388889,36.105,52.9768733,19.80603289
Prisioneros,2,2051,-5.486388889,36.105,37.06225271,15.94048135
Prisioneros,2,2052,-5.486388889,36.105,50.62299081,19.51571992
Prisioneros,2,2053,-5.486388889,36.105,33.33280958,18.97352644
Prisioneros,2,2054,-5.486388889,36.105,22.41842351,18.00753937
Prisioneros,2,2055,-5.486388889,36.105,173.6229102,16.02065212
Prisioneros,2,2056,-5.486388889,36.105,41.84685954,18.13659899
Prisioneros,2,2057,-5.486388889,36.105,258.8497147,17.62719879
Prisioneros,2,2058,-5.486388889,36.105,7.024919633,19.4596889
Prisioneros,2,2059,-5.486388889,36.105,41.06380115,19.58617009
Prisioneros,2,2060,-5.486388889,36.105,29.15400096,19.49183202
Prisioneros,2,2061,-5.486388889,36.105,28.55458893,18.86664734
Prisioneros,2,2062,-5.486388889,36.105,8.180491743,20.85216348
Prisioneros,2,2063,-5.486388889,36.105,34.41153823,17.83122406
Prisioneros,2,2064,-5.486388889,36.105,78.83844689,18.76286811
Prisioneros,2,2065,-5.486388889,36.105,0.44062052,20.76121129
Prisioneros,2,2066,-5.486388889,36.105,43.20273663,16.59253191
Prisioneros,2,2067,-5.486388889,36.105,1.076668563,18.76984558
Prisioneros,2,2068,-5.486388889,36.105,60.0480689,21.45482893
Prisioneros,2,2069,-5.486388889,36.105,27.44775059,17.11824733
Prisioneros,2,2070,-5.486388889,36.105,1.743949405,17.27575836
Prisioneros,2,2071,-5.486388889,36.105,37.90593117,17.98743373
Prisioneros,2,2072,-5.486388889,36.105,19.07279179,15.17323903
Prisioneros,2,2073,-5.486388889,36.105,24.59636525,17.89089464
Prisioneros,2,2074,-5.486388889,36.105,98.07290292,17.16537628
Prisioneros,2,2075,-5.486388889,36.105,79.98366411,17.45073308
Prisioneros,2,2076,-5.486388889,36.105,69.91104786,19.06215715
Prisioneros,2,2077,-5.486388889,36.105,1.606999697,20.26520255
Prisioneros,2,2078,-5.486388889,36.105,1.226761825,21.06067483
Prisioneros,2,2079,-5.486388889,36.105,29.57545529,16.79200788
Prisioneros,2,2080,-5.486388889,36.105,56.10985248,19.03727901
Prisioneros,2,2081,-5.486388889,36.105,8.254038043,24.49400591
Prisioneros,2,2082,-5.486388889,36.105,66.13259432,18.51585323
Prisioneros,2,2083,-5.486388889,36.105,26.70068719,18.52299543
Prisioneros,2,2084,-5.486388889,36.105,229.2113601,16.92083235
Prisioneros,2,2085,-5.486388889,36.105,21.65452842,19.24328112
Prisioneros,2,2086,-5.486388889,36.105,10.41850988,20.51861071
Prisioneros,2,2087,-5.486388889,36.105,14.37429016,21.18221327
Prisioneros,2,2088,-5.486388889,36.105,105.1481024,18.27816267
Prisioneros,2,2089,-5.486388889,36.105,4.82569113,20.17535117
Prisioneros,2,2090,-5.486388889,36.105,117.3776798,19.24999717
Prisioneros,2,2091,-5.486388889,36.105,0.379549717,22.39638672
Prisioneros,2,2092,-5.486388889,36.105,13.11827882,20.01249663
Prisioneros,2,2093,-5.486388889,36.105,1.893103939,21.19300123
Prisioneros,2,2094,-5.486388889,36.105,38.98222,20.85603921
Prisioneros,2,2095,-5.486388889,36.105,1.019486352,17.5369921
Prisioneros,2,2096,-5.486388889,36.105,44.05153086,18.97006036
Prisioneros,2,2097,-5.486388889,36.105,48.37487391,20.27936489
Prisioneros,2,2098,-5.486388889,36.105,2.100761146,20.43027104
Prisioneros,2,2099,-5.486388889,36.105,1.169972139,20.16540244
Prisioneros,2,2100,-5.486388889,36.105,3.391859402,21.54888851
Prisioneros,3,2015,-5.486388889,36.105,21.14156406,18.4695915
Prisioneros,3,2016,-5.486388889,36.105,6.316447055,19.1108426
Prisioneros,3,2017,-5.486388889,36.105,38.22051648,20.66394417
Prisioneros,3,2018,-5.486388889,36.105,79.88747305,17.04410361
Prisioneros,3,2019,-5.486388889,36.105,27.49455574,21.51274237
Prisioneros,3,2020,-5.486388889,36.105,31.91408679,21.2202432
Prisioneros,3,2021,-5.486388889,36.105,47.61683611,17.77329358
Prisioneros,3,2022,-5.486388889,36.105,39.4521669,17.32090789
Prisioneros,3,2023,-5.486388889,36.105,6.938832623,19.29431133
Prisioneros,3,2024,-5.486388889,36.105,397.2399699,16.73676797
Prisioneros,3,2025,-5.486388889,36.105,21.33214378,19.75884006
Prisioneros,3,2026,-5.486388889,36.105,38.9123286,17.01446514
Prisioneros,3,2027,-5.486388889,36.105,41.31858824,19.63180621
Prisioneros,3,2028,-5.486388889,36.105,79.81858299,19.15317245
Prisioneros,3,2029,-5.486388889,36.105,32.69355654,19.93169457
Prisioneros,3,2030,-5.486388889,36.105,83.47139983,19.5840206
Prisioneros,3,2031,-5.486388889,36.105,37.03045956,19.32376473
Prisioneros,3,2032,-5.486388889,36.105,111.0054285,19.30745456
Prisioneros,3,2033,-5.486388889,36.105,61.69752233,16.45231166
Prisioneros,3,2034,-5.486388889,36.105,25.01066731,17.70738151
Prisioneros,3,2035,-5.486388889,36.105,37.84430874,19.51874842
Prisioneros,3,2036,-5.486388889,36.105,7.81198495,19.32394389
Prisioneros,3,2037,-5.486388889,36.105,41.77816939,22.22809704
Prisioneros,3,2038,-5.486388889,36.105,22.74640047,23.72601889
Prisioneros,3,2039,-5.486388889,36.105,0.634028501,19.52586493
Prisioneros,3,2040,-5.486388889,36.105,1.226568429,20.0534095
Prisioneros,3,2041,-5.486388889,36.105,31.69275376,21.1024611
Prisioneros,3,2042,-5.486388889,36.105,5.597428596,22.62928605
Prisioneros,3,2043,-5.486388889,36.105,34.58681125,21.02264385
Prisioneros,3,2044,-5.486388889,36.105,32.23056259,18.61612116
Prisioneros,3,2045,-5.486388889,36.105,6.044606217,22.08765023
Prisioneros,3,2046,-5.486388889,36.105,11.78413434,20.1935098
Prisioneros,3,2047,-5.486388889,36.105,121.659166,17.49314615
Prisioneros,3,2048,-5.486388889,36.105,16.46908392,19.92403761
Prisioneros,3,2049,-5.486388889,36.105,1.888850561,20.31097392
Prisioneros,3,2050,-5.486388889,36.105,59.0913131,20.59436311
Prisioneros,3,2051,-5.486388889,36.105,45.87254381,16.81954838
Prisioneros,3,2052,-5.486388889,36.105,118.8354185,18.38307023
Prisioneros,3,2053,-5.486388889,36.105,64.03316487,19.53878075
Prisioneros,3,2054,-5.486388889,36.105,1.771527964,20.46428735
Prisioneros,3,2055,-5.486388889,36.105,14.2507456,20.20053278
Prisioneros,3,2056,-5.486388889,36.105,84.83072457,17.72991136
Prisioneros,3,2057,-5.486388889,36.105,105.9971419,16.84741388
Prisioneros,3,2058,-5.486388889,36.105,0.012416425,22.65127642
Prisioneros,3,2059,-5.486388889,36.105,0.102285863,23.1678514
Prisioneros,3,2060,-5.486388889,36.105,30.67990964,19.93002004
Prisioneros,3,2061,-5.486388889,36.105,2.060031623,20.05822636
Prisioneros,3,2062,-5.486388889,36.105,29.98257437,20.69498252
Prisioneros,3,2063,-5.486388889,36.105,124.1590848,19.12562197
Prisioneros,3,2064,-5.486388889,36.105,55.44269643,19.18131359
Prisioneros,3,2065,-5.486388889,36.105,24.35506056,22.07108016
Prisioneros,3,2066,-5.486388889,36.105,77.05354458,18.22588895
Prisioneros,3,2067,-5.486388889,36.105,5.57418784,22.84744046
Prisioneros,3,2068,-5.486388889,36.105,228.1488131,19.51824931
Prisioneros,3,2069,-5.486388889,36.105,1.452203,21.55070328
Prisioneros,3,2070,-5.486388889,36.105,45.95419023,17.48702688
Prisioneros,3,2071,-5.486388889,36.105,59.32417659,16.85957661
Prisioneros,3,2072,-5.486388889,36.105,19.2333948,18.53300112
Prisioneros,3,2073,-5.486388889,36.105,11.6624118,19.95585957
Prisioneros,3,2074,-5.486388889,36.105,61.89894344,19.8588629
Prisioneros,3,2075,-5.486388889,36.105,39.40622692,20.18953464
Prisioneros,3,2076,-5.486388889,36.105,38.29311874,20.75233784
Prisioneros,3,2077,-5.486388889,36.105,0.316146409,23.41035491
Prisioneros,3,2078,-5.486388889,36.105,6.072953016,25.52236131
Prisioneros,3,2079,-5.486388889,36.105,37.93163005,19.88126772
Prisioneros,3,2080,-5.486388889,36.105,13.89520033,20.52267338
Prisioneros,3,2081,-5.486388889,36.105,16.50306793,26.08544804
Prisioneros,3,2082,-5.486388889,36.105,68.3956121,19.59766098
Prisioneros,3,2083,-5.486388889,36.105,13.51850047,22.30000138
Prisioneros,3,2084,-5.486388889,36.105,11.71799461,20.54134521
Prisioneros,3,2085,-5.486388889,36.105,32.29064703,22.28022697
Prisioneros,3,2086,-5.486388889,36.105,4.171841098,20.73580618
Prisioneros,3,2087,-5.486388889,36.105,0.03354871,21.97339143
Prisioneros,3,2088,-5.486388889,36.105,125.5074471,20.35104449
Prisioneros,3,2089,-5.486388889,36.105,5.042494271,23.24948986
Prisioneros,3,2090,-5.486388889,36.105,191.5631373,19.33476681
Prisioneros,3,2091,-5.486388889,36.105,14.51396789,24.50019768
Prisioneros,3,2092,-5.486388889,36.105,82.78782396,19.99953909
Prisioneros,3,2093,-5.486388889,36.105,2.025055079,22.31628792
Prisioneros,3,2094,-5.486388889,36.105,0.87313252,23.83445671
Prisioneros,3,2095,-5.486388889,36.105,17.67996637,24.05859651
Prisioneros,3,2096,-5.486388889,36.105,27.95828157,19.94254505
Prisioneros,3,2097,-5.486388889,36.105,14.788643,22.5125632
Prisioneros,3,2098,-5.486388889,36.105,18.45211684,21.6356337
Prisioneros,3,2099,-5.486388889,36.105,123.8643014,19.65403876
Prisioneros,3,2100,-5.486388889,36.105,50.69616213,23.12559342
Prisioneros,4,2015,-5.486388889,36.105,3.980655713,23.404953
Prisioneros,4,2016,-5.486388889,36.105,13.36775209,23.06498006
Prisioneros,4,2017,-5.486388889,36.105,14.83714044,22.49856466
Prisioneros,4,2018,-5.486388889,36.105,82.24227537,19.44521077
Prisioneros,4,2019,-5.486388889,36.105,77.12049397,20.91682332
Prisioneros,4,2020,-5.486388889,36.105,23.25563309,22.2982961
Prisioneros,4,2021,-5.486388889,36.105,66.78630692,19.39346619
Prisioneros,4,2022,-5.486388889,36.105,92.72191801,20.04153951
Prisioneros,4,2023,-5.486388889,36.105,100.6587187,19.53804728
Prisioneros,4,2024,-5.486388889,36.105,20.51298608,19.64022725
Prisioneros,4,2025,-5.486388889,36.105,87.58683771,20.17597656
Prisioneros,4,2026,-5.486388889,36.105,39.27687432,18.0254069
Prisioneros,4,2027,-5.486388889,36.105,15.02544833,22.85118815
Prisioneros,4,2028,-5.486388889,36.105,12.00675958,21.20065715
Prisioneros,4,2029,-5.486388889,36.105,12.79855053,20.68458964
Prisioneros,4,2030,-5.486388889,36.105,33.86599872,20.23392131
Prisioneros,4,2031,-5.486388889,36.105,17.75187851,23.77697957
Prisioneros,4,2032,-5.486388889,36.105,18.37237365,20.92613424
Prisioneros,4,2033,-5.486388889,36.105,64.2680714,20.15046488
Prisioneros,4,2034,-5.486388889,36.105,4.464093093,22.24663391
Prisioneros,4,2035,-5.486388889,36.105,23.32128395,21.59934489
Prisioneros,4,2036,-5.486388889,36.105,49.66983046,22.09711202
Prisioneros,4,2037,-5.486388889,36.105,45.38788717,23.07462769
Prisioneros,4,2038,-5.486388889,36.105,72.63027271,22.16807556
Prisioneros,4,2039,-5.486388889,36.105,103.3021782,19.18808594
Prisioneros,4,2040,-5.486388889,36.105,22.37906813,20.19878235
Prisioneros,4,2041,-5.486388889,36.105,12.21303292,20.71324361
Prisioneros,4,2042,-5.486388889,36.105,35.28012273,23.31028748
Prisioneros,4,2043,-5.486388889,36.105,12.53522901,20.83139954
Prisioneros,4,2044,-5.486388889,36.105,2.021543698,21.99908854
Prisioneros,4,2045,-5.486388889,36.105,16.73784722,23.57995199
Prisioneros,4,2046,-5.486388889,36.105,50.69292167,19.93380432
Prisioneros,4,2047,-5.486388889,36.105,3.608340742,20.82638143
Prisioneros,4,2048,-5.486388889,36.105,57.81667499,18.93541667
Prisioneros,4,2049,-5.486388889,36.105,25.76143888,20.27698059
Prisioneros,4,2050,-5.486388889,36.105,76.95763541,21.30731099
Prisioneros,4,2051,-5.486388889,36.105,32.42907054,21.86648763
Prisioneros,4,2052,-5.486388889,36.105,72.65502151,20.00681966
Prisioneros,4,2053,-5.486388889,36.105,49.26148424,20.45228882
Prisioneros,4,2054,-5.486388889,36.105,30.33899419,21.94662476
Prisioneros,4,2055,-5.486388889,36.105,7.552555449,19.98684591
Prisioneros,4,2056,-5.486388889,36.105,34.54237188,22.29776611
Prisioneros,4,2057,-5.486388889,36.105,74.27741782,20.1756307
Prisioneros,4,2058,-5.486388889,36.105,25.41697845,22.89624532
Prisioneros,4,2059,-5.486388889,36.105,31.94116185,23.0083374
Prisioneros,4,2060,-5.486388889,36.105,45.87011599,21.47875264
Prisioneros,4,2061,-5.486388889,36.105,18.81859447,23.35246684
Prisioneros,4,2062,-5.486388889,36.105,3.334546768,25.05774231
Prisioneros,4,2063,-5.486388889,36.105,46.70489289,20.7737915
Prisioneros,4,2064,-5.486388889,36.105,4.585088305,20.51081136
Prisioneros,4,2065,-5.486388889,36.105,31.10435223,21.13448792
Prisioneros,4,2066,-5.486388889,36.105,6.874346084,22.32328186
Prisioneros,4,2067,-5.486388889,36.105,74.01342813,24.19507853
Prisioneros,4,2068,-5.486388889,36.105,10.04373296,24.34998779
Prisioneros,4,2069,-5.486388889,36.105,28.83692506,23.90877889
Prisioneros,4,2070,-5.486388889,36.105,0.893463544,24.11826579
Prisioneros,4,2071,-5.486388889,36.105,53.77110456,19.28363342
Prisioneros,4,2072,-5.486388889,36.105,19.83168068,23.1609141
Prisioneros,4,2073,-5.486388889,36.105,6.920531781,22.99986471
Prisioneros,4,2074,-5.486388889,36.105,12.99181036,22.93513184
Prisioneros,4,2075,-5.486388889,36.105,12.08374131,22.46289063
Prisioneros,4,2076,-5.486388889,36.105,4.423289101,25.71515605
Prisioneros,4,2077,-5.486388889,36.105,26.71296102,25.89384359
Prisioneros,4,2078,-5.486388889,36.105,33.59086833,24.28667603
Prisioneros,4,2079,-5.486388889,36.105,7.36912555,25.57664897
Prisioneros,4,2080,-5.486388889,36.105,35.75298705,22.68789063
Prisioneros,4,2081,-5.486388889,36.105,10.30941715,25.17541199
Prisioneros,4,2082,-5.486388889,36.105,10.68838762,23.73879191
Prisioneros,4,2083,-5.486388889,36.105,15.32856128,24.39773763
Prisioneros,4,2084,-5.486388889,36.105,34.2307468,21.93379313
Prisioneros,4,2085,-5.486388889,36.105,63.0308737,20.44694214
Prisioneros,4,2086,-5.486388889,36.105,18.73536459,25.42998962
Prisioneros,4,2087,-5.486388889,36.105,80.01965957,20.13539124
Prisioneros,4,2088,-5.486388889,36.105,93.29528756,20.1483256
Prisioneros,4,2089,-5.486388889,36.105,3.711285996,24.07202047
Prisioneros,4,2090,-5.486388889,36.105,32.37368729,22.75519409
Prisioneros,4,2091,-5.486388889,36.105,4.476351293,27.49152934
Prisioneros,4,2092,-5.486388889,36.105,10.31374918,23.00045878
Prisioneros,4,2093,-5.486388889,36.105,20.90195642,23.60532532
Prisioneros,4,2094,-5.486388889,36.105,36.99996236,22.19503479
Prisioneros,4,2095,-5.486388889,36.105,9.912651933,24.93919271
Prisioneros,4,2096,-5.486388889,36.105,44.46250334,20.49072876
Prisioneros,4,2097,-5.486388889,36.105,26.34021237,23.67076721
Prisioneros,4,2098,-5.486388889,36.105,58.61984239,21.93360189
Prisioneros,4,2099,-5.486388889,36.105,114.8409556,23.47563477
Prisioneros,4,2100,-5.486388889,36.105,3.791755309,25.93705953
Prisioneros,5,2015,-5.486388889,36.105,58.16540941,22.86013774
Prisioneros,5,2016,-5.486388889,36.105,1.834066998,25.74349464
Prisioneros,5,2017,-5.486388889,36.105,93.42162333,20.36495854
Prisioneros,5,2018,-5.486388889,36.105,78.28705487,20.21862281
Prisioneros,5,2019,-5.486388889,36.105,25.31276115,24.87792851
Prisioneros,5,2020,-5.486388889,36.105,54.58055098,22.41468644
Prisioneros,5,2021,-5.486388889,36.105,27.86227864,24.70034081
Prisioneros,5,2022,-5.486388889,36.105,62.13990253,20.68107733
Prisioneros,5,2023,-5.486388889,36.105,26.88615254,21.82459264
Prisioneros,5,2024,-5.486388889,36.105,2.369956454,25.46537712
Prisioneros,5,2025,-5.486388889,36.105,34.12198928,23.84593526
Prisioneros,5,2026,-5.486388889,36.105,19.42082085,23.38517692
Prisioneros,5,2027,-5.486388889,36.105,16.67343069,25.01183275
Prisioneros,5,2028,-5.486388889,36.105,20.0057091,23.84448912
Prisioneros,5,2029,-5.486388889,36.105,5.765145134,26.32799683
Prisioneros,5,2030,-5.486388889,36.105,40.81464735,23.13285857
Prisioneros,5,2031,-5.486388889,36.105,20.49486808,27.36313929
Prisioneros,5,2032,-5.486388889,36.105,24.30248453,23.08749272
Prisioneros,5,2033,-5.486388889,36.105,12.89635915,25.64649894
Prisioneros,5,2034,-5.486388889,36.105,12.10925597,25.6425858
Prisioneros,5,2035,-5.486388889,36.105,109.5829207,21.23448703
Prisioneros,5,2036,-5.486388889,36.105,4.399180185,29.60547348
Prisioneros,5,2037,-5.486388889,36.105,35.8063841,25.67613644
Prisioneros,5,2038,-5.486388889,36.105,83.32516964,22.01158172
Prisioneros,5,2039,-5.486388889,36.105,25.57297972,24.11029624
Prisioneros,5,2040,-5.486388889,36.105,38.04815139,23.26771476
Prisioneros,5,2041,-5.486388889,36.105,33.67692662,23.40778159
Prisioneros,5,2042,-5.486388889,36.105,7.989324152,26.22965245
Prisioneros,5,2043,-5.486388889,36.105,44.09057901,24.08665397
Prisioneros,5,2044,-5.486388889,36.105,2.650556112,24.65412145
Prisioneros,5,2045,-5.486388889,36.105,2.377850559,26.35464852
Prisioneros,5,2046,-5.486388889,36.105,14.87578503,23.37835969
Prisioneros,5,2047,-5.486388889,36.105,22.01604245,22.72511715
Prisioneros,5,2048,-5.486388889,36.105,11.02518169,23.25666937
Prisioneros,5,2049,-5.486388889,36.105,10.33900119,26.23152682
Prisioneros,5,2050,-5.486388889,36.105,8.874975864,23.42030167
Prisioneros,5,2051,-5.486388889,36.105,2.037817864,26.11187626
Prisioneros,5,2052,-5.486388889,36.105,8.957750541,23.94659404
Prisioneros,5,2053,-5.486388889,36.105,28.83591564,23.90516594
Prisioneros,5,2054,-5.486388889,36.105,0.3731371,27.58833933
Prisioneros,5,2055,-5.486388889,36.105,16.75410804,25.91262502
Prisioneros,5,2056,-5.486388889,36.105,20.2816005,26.003846
Prisioneros,5,2057,-5.486388889,36.105,29.13701513,23.45933267
Prisioneros,5,2058,-5.486388889,36.105,8.608688406,25.26887739
Prisioneros,5,2059,-5.486388889,36.105,80.66377704,22.75882529
Prisioneros,5,2060,-5.486388889,36.105,8.481035627,29.2059334
Prisioneros,5,2061,-5.486388889,36.105,19.0680734,28.03199994
Prisioneros,5,2062,-5.486388889,36.105,55.40855788,22.74530797
Prisioneros,5,2063,-5.486388889,36.105,111.4727683,20.99189296
Prisioneros,5,2064,-5.486388889,36.105,7.300432736,26.81644248
Prisioneros,5,2065,-5.486388889,36.105,7.247081221,26.9122657
Prisioneros,5,2066,-5.486388889,36.105,2.984258415,25.19902167
Prisioneros,5,2067,-5.486388889,36.105,4.825048621,26.41834855
Prisioneros,5,2068,-5.486388889,36.105,22.37825378,24.79623984
Prisioneros,5,2069,-5.486388889,36.105,0.662233415,28.70919977
Prisioneros,5,2070,-5.486388889,36.105,31.86085273,26.01972794
Prisioneros,5,2071,-5.486388889,36.105,16.38780819,24.94542551
Prisioneros,5,2072,-5.486388889,36.105,4.250646118,27.77663673
Prisioneros,5,2073,-5.486388889,36.105,22.66377376,27.45206063
Prisioneros,5,2074,-5.486388889,36.105,19.29220268,24.61699928
Prisioneros,5,2075,-5.486388889,36.105,80.50677201,21.75266369
Prisioneros,5,2076,-5.486388889,36.105,0.151011823,26.64391775
Prisioneros,5,2077,-5.486388889,36.105,86.87131131,25.57284625
Prisioneros,5,2078,-5.486388889,36.105,79.31028081,20.00524489
Prisioneros,5,2079,-5.486388889,36.105,1.711971766,29.28732772
Prisioneros,5,2080,-5.486388889,36.105,14.89385303,27.68423639
Prisioneros,5,2081,-5.486388889,36.105,29.89577408,26.07747606
Prisioneros,5,2082,-5.486388889,36.105,30.44994209,27.49537688
Prisioneros,5,2083,-5.486388889,36.105,22.25689927,27.83772406
Prisioneros,5,2084,-5.486388889,36.105,2.271701907,26.82408762
Prisioneros,5,2085,-5.486388889,36.105,4.670534858,26.77786432
Prisioneros,5,2086,-5.486388889,36.105,12.78525258,28.5664218
Prisioneros,5,2087,-5.486388889,36.105,31.72441508,25.45163043
Prisioneros,5,2088,-5.486388889,36.105,17.76405291,24.31252638
Prisioneros,5,2089,-5.486388889,36.105,1.872311651,29.23057783
Prisioneros,5,2090,-5.486388889,36.105,2.277914309,26.70277434
Prisioneros,5,2091,-5.486388889,36.105,0.411349852,32.13380757
Prisioneros,5,2092,-5.486388889,36.105,21.92962724,26.79192899
Prisioneros,5,2093,-5.486388889,36.105,2.774048664,28.71233127
Prisioneros,5,2094,-5.486388889,36.105,10.39104529,27.04830224
Prisioneros,5,2095,-5.486388889,36.105,10.00027642,34.11435114
Prisioneros,5,2096,-5.486388889,36.105,0.492501364,27.60194131
Prisioneros,5,2097,-5.486388889,36.105,50.61176686,25.67628902
Prisioneros,5,2098,-5.486388889,36.105,3.323127741,26.76284672
Prisioneros,5,2099,-5.486388889,36.105,4.862430735,27.66451022
Prisioneros,5,2100,-5.486388889,36.105,23.84080347,28.8303388
Prisioneros,6,2015,-5.486388889,36.105,4.179266097,24.22317912
Prisioneros,6,2016,-5.486388889,36.105,3.875077983,30.26438599
Prisioneros,6,2017,-5.486388889,36.105,9.204705881,24.44998779
Prisioneros,6,2018,-5.486388889,36.105,37.02064186,26.31885173
Prisioneros,6,2019,-5.486388889,36.105,45.37803578,24.90482992
Prisioneros,6,2020,-5.486388889,36.105,10.76698647,27.86036072
Prisioneros,6,2021,-5.486388889,36.105,25.67924159,28.75349426
Prisioneros,6,2022,-5.486388889,36.105,14.6035622,27.56268412
Prisioneros,6,2023,-5.486388889,36.105,38.75998566,24.38630575
Prisioneros,6,2024,-5.486388889,36.105,8.085883232,27.28536784
Prisioneros,6,2025,-5.486388889,36.105,24.89301033,26.55592143
Prisioneros,6,2026,-5.486388889,36.105,17.03883053,28.4945516
Prisioneros,6,2027,-5.486388889,36.105,14.90286178,29.58894755
Prisioneros,6,2028,-5.486388889,36.105,49.73671253,25.9792572
Prisioneros,6,2029,-5.486388889,36.105,22.11312284,32.01370646
Prisioneros,6,2030,-5.486388889,36.105,6.061930122,30.53384196
Prisioneros,6,2031,-5.486388889,36.105,3.440114508,28.50644938
Prisioneros,6,2032,-5.486388889,36.105,7.47319731,26.60558472
Prisioneros,6,2033,-5.486388889,36.105,15.67352916,27.11918132
Prisioneros,6,2034,-5.486388889,36.105,13.50103264,29.48628947
Prisioneros,6,2035,-5.486388889,36.105,3.684059464,29.25950012
Prisioneros,6,2036,-5.486388889,36.105,16.51678389,32.18182373
Prisioneros,6,2037,-5.486388889,36.105,16.77444086,28.46223246
Prisioneros,6,2038,-5.486388889,36.105,3.482655993,27.89947713
Prisioneros,6,2039,-5.486388889,36.105,0.61855203,30.91917725
Prisioneros,6,2040,-5.486388889,36.105,7.00961674,29.53592733
Prisioneros,6,2041,-5.486388889,36.105,7.864874756,31.34263509
Prisioneros,6,2042,-5.486388889,36.105,22.45648817,31.52772827
Prisioneros,6,2043,-5.486388889,36.105,2.861916394,31.11070557
Prisioneros,6,2044,-5.486388889,36.105,33.27680756,27.12365112
Prisioneros,6,2045,-5.486388889,36.105,1.94380266,31.70869649
Prisioneros,6,2046,-5.486388889,36.105,24.55381319,30.28508708
Prisioneros,6,2047,-5.486388889,36.105,23.95610931,29.64769389
Prisioneros,6,2048,-5.486388889,36.105,1.970198009,29.05288798
Prisioneros,6,2049,-5.486388889,36.105,0.993699212,29.52504578
Prisioneros,6,2050,-5.486388889,36.105,1.833798384,29.79972738
Prisioneros,6,2051,-5.486388889,36.105,2.943631702,31.03122355
Prisioneros,6,2052,-5.486388889,36.105,4.251373112,26.76231384
Prisioneros,6,2053,-5.486388889,36.105,1.719061862,30.15794983
Prisioneros,6,2054,-5.486388889,36.105,8.95506026,30.31961568
Prisioneros,6,2055,-5.486388889,36.105,6.86238134,27.00394999
Prisioneros,6,2056,-5.486388889,36.105,23.48936692,31.08192037
Prisioneros,6,2057,-5.486388889,36.105,4.359116234,28.80618998
Prisioneros,6,2058,-5.486388889,36.105,6.43886557,33.68961995
Prisioneros,6,2059,-5.486388889,36.105,25.38927611,26.74302979
Prisioneros,6,2060,-5.486388889,36.105,3.656187239,32.35302531
Prisioneros,6,2061,-5.486388889,36.105,4.525456467,29.7113444
Prisioneros,6,2062,-5.486388889,36.105,10.07820036,32.44019267
Prisioneros,6,2063,-5.486388889,36.105,1.411355008,29.08011678
Prisioneros,6,2064,-5.486388889,36.105,9.22929482,29.7434316
Prisioneros,6,2065,-5.486388889,36.105,9.971115258,29.83448588
Prisioneros,6,2066,-5.486388889,36.105,5.077866736,30.26327209
Prisioneros,6,2067,-5.486388889,36.105,7.562930627,33.71459249
Prisioneros,6,2068,-5.486388889,36.105,2.632966264,29.67860514
Prisioneros,6,2069,-5.486388889,36.105,12.02139964,31.93827413
Prisioneros,6,2070,-5.486388889,36.105,2.026379678,29.11600037
Prisioneros,6,2071,-5.486388889,36.105,1.049116402,29.15966288
Prisioneros,6,2072,-5.486388889,36.105,0.13888885,31.5096995
Prisioneros,6,2073,-5.486388889,36.105,25.06272693,28.11733398
Prisioneros,6,2074,-5.486388889,36.105,0.738042565,28.08948059
Prisioneros,6,2075,-5.486388889,36.105,1.779487306,32.06148987
Prisioneros,6,2076,-5.486388889,36.105,0.956342786,34.56259664
Prisioneros,6,2077,-5.486388889,36.105,44.76109946,30.03966878
Prisioneros,6,2078,-5.486388889,36.105,14.64570569,29.61026713
Prisioneros,6,2079,-5.486388889,36.105,1.532276241,35.04017436
Prisioneros,6,2080,-5.486388889,36.105,4.435497642,32.26651408
Prisioneros,6,2081,-5.486388889,36.105,3.112090905,33.63148905
Prisioneros,6,2082,-5.486388889,36.105,16.7764739,35.3125824
Prisioneros,6,2083,-5.486388889,36.105,2.053591341,33.89059041
Prisioneros,6,2084,-5.486388889,36.105,4.020261553,30.8069692
Prisioneros,6,2085,-5.486388889,36.105,2.987506135,31.86766866
Prisioneros,6,2086,-5.486388889,36.105,0.816531273,30.57083842
Prisioneros,6,2087,-5.486388889,36.105,0.310096052,30.759139
Prisioneros,6,2088,-5.486388889,36.105,0.676022547,30.1403656
Prisioneros,6,2089,-5.486388889,36.105,0.411142198,32.25660909
Prisioneros,6,2090,-5.486388889,36.105,7.060658783,32.91844482
Prisioneros,6,2091,-5.486388889,36.105,3.002614655,32.22676799
Prisioneros,6,2092,-5.486388889,36.105,8.377170424,31.33804728
Prisioneros,6,2093,-5.486388889,36.105,28.55966447,31.442571
Prisioneros,6,2094,-5.486388889,36.105,0.321762583,35.11186829
Prisioneros,6,2095,-5.486388889,36.105,1.897151471,34.46496582
Prisioneros,6,2096,-5.486388889,36.105,28.12709271,31.0926239
Prisioneros,6,2097,-5.486388889,36.105,1.17506507,31.05032857
Prisioneros,6,2098,-5.486388889,36.105,0.80817937,32.14435221
Prisioneros,6,2099,-5.486388889,36.105,10.58061437,33.57809143
Prisioneros,6,2100,-5.486388889,36.105,19.07839967,35.05990601
Prisioneros,7,2015,-5.486388889,36.105,6.614376294,32.58215017
Prisioneros,7,2016,-5.486388889,36.105,7.918615464,32.81746137
Prisioneros,7,2017,-5.486388889,36.105,11.14929312,31.88871302
Prisioneros,7,2018,-5.486388889,36.105,39.9903541,28.47158695
Prisioneros,7,2019,-5.486388889,36.105,5.198329116,31.05904246
Prisioneros,7,2020,-5.486388889,36.105,1.558689973,31.5941357
Prisioneros,7,2021,-5.486388889,36.105,3.752513714,33.51770098
Prisioneros,7,2022,-5.486388889,36.105,0.018460462,32.57700451
Prisioneros,7,2023,-5.486388889,36.105,0.182822401,28.21475298
Prisioneros,7,2024,-5.486388889,36.105,3.021994176,30.22302817
Prisioneros,7,2025,-5.486388889,36.105,7.070899172,32.02799624
Prisioneros,7,2026,-5.486388889,36.105,2.691632561,30.11186445
Prisioneros,7,2027,-5.486388889,36.105,0.136364113,32.96609379
Prisioneros,7,2028,-5.486388889,36.105,12.23129889,31.58398122
Prisioneros,7,2029,-5.486388889,36.105,2.904963339,34.93783156
Prisioneros,7,2030,-5.486388889,36.105,2.140051314,30.84563303
Prisioneros,7,2031,-5.486388889,36.105,4.256755,34.5782833
Prisioneros,7,2032,-5.486388889,36.105,5.919486947,32.7484946
Prisioneros,7,2033,-5.486388889,36.105,1.342476263,32.50285664
Prisioneros,7,2034,-5.486388889,36.105,0.751332261,36.65273438
Prisioneros,7,2035,-5.486388889,36.105,5.874728993,32.76221865
Prisioneros,7,2036,-5.486388889,36.105,0.023982674,35.93222322
Prisioneros,7,2037,-5.486388889,36.105,0.937402377,33.53207181
Prisioneros,7,2038,-5.486388889,36.105,0.532565176,33.96321923
Prisioneros,7,2039,-5.486388889,36.105,14.49431165,33.38451932
Prisioneros,7,2040,-5.486388889,36.105,0.015448835,34.62405277
Prisioneros,7,2041,-5.486388889,36.105,16.7735271,33.87276119
Prisioneros,7,2042,-5.486388889,36.105,4.018370159,32.11935405
Prisioneros,7,2043,-5.486388889,36.105,0.548323308,33.96219345
Prisioneros,7,2044,-5.486388889,36.105,8.69200097,32.52252178
Prisioneros,7,2045,-5.486388889,36.105,11.72908024,36.63125295
Prisioneros,7,2046,-5.486388889,36.105,5.677719827,34.66272937
Prisioneros,7,2047,-5.486388889,36.105,19.56021717,31.23765397
Prisioneros,7,2048,-5.486388889,36.105,4.413840916,30.65094959
Prisioneros,7,2049,-5.486388889,36.105,24.83414637,30.80981426
Prisioneros,7,2050,-5.486388889,36.105,8.322895885,29.87536109
Prisioneros,7,2051,-5.486388889,36.105,4.190661808,36.53641416
Prisioneros,7,2052,-5.486388889,36.105,0.140424609,32.25182101
Prisioneros,7,2053,-5.486388889,36.105,0.375819776,34.28693592
Prisioneros,7,2054,-5.486388889,36.105,3.750724479,37.68884356
Prisioneros,7,2055,-5.486388889,36.105,2.662270077,31.38992191
Prisioneros,7,2056,-5.486388889,36.105,0.010440688,34.51703157
Prisioneros,7,2057,-5.486388889,36.105,1.803107934,31.85178085
Prisioneros,7,2058,-5.486388889,36.105,14.65776195,37.09367105
Prisioneros,7,2059,-5.486388889,36.105,2.171850543,31.47696002
Prisioneros,7,2060,-5.486388889,36.105,3.489218007,36.02538058
Prisioneros,7,2061,-5.486388889,36.105,5.920144703,37.05704306
Prisioneros,7,2062,-5.486388889,36.105,0.683232376,35.86868759
Prisioneros,7,2063,-5.486388889,36.105,1.983878843,32.3591474
Prisioneros,7,2064,-5.486388889,36.105,0.075588221,33.91991282
Prisioneros,7,2065,-5.486388889,36.105,0.602908351,32.83981993
Prisioneros,7,2066,-5.486388889,36.105,0.882856371,33.81109009
Prisioneros,7,2067,-5.486388889,36.105,2.962432906,35.92523961
Prisioneros,7,2068,-5.486388889,36.105,2.349382888,35.41807881
Prisioneros,7,2069,-5.486388889,36.105,5.975731027,36.19620322
Prisioneros,7,2070,-5.486388889,36.105,2.385851386,31.07968612
Prisioneros,7,2071,-5.486388889,36.105,4.863604403,33.72343474
Prisioneros,7,2072,-5.486388889,36.105,0.411089692,37.37409806
Prisioneros,7,2073,-5.486388889,36.105,7.059901102,35.92171729
Prisioneros,7,2074,-5.486388889,36.105,0.105910736,34.39234855
Prisioneros,7,2075,-5.486388889,36.105,0.111988494,36.10210178
Prisioneros,7,2076,-5.486388889,36.105,1.128008526,38.19448045
Prisioneros,7,2077,-5.486388889,36.105,0.262781512,35.90645063
Prisioneros,7,2078,-5.486388889,36.105,0.884588108,35.56866632
Prisioneros,7,2079,-5.486388889,36.105,0.698315177,37.85181137
Prisioneros,7,2080,-5.486388889,36.105,4.763193397,36.4249049
Prisioneros,7,2081,-5.486388889,36.105,3.046737887,39.93165126
Prisioneros,7,2082,-5.486388889,36.105,2.801830998,36.28684338
Prisioneros,7,2083,-5.486388889,36.105,0.283510166,37.81145433
Prisioneros,7,2084,-5.486388889,36.105,12.3683819,37.55291531
Prisioneros,7,2085,-5.486388889,36.105,6.653833015,37.61948695
Prisioneros,7,2086,-5.486388889,36.105,1.637011998,38.02537665
Prisioneros,7,2087,-5.486388889,36.105,12.26263362,35.71668248
Prisioneros,7,2088,-5.486388889,36.105,1.871686346,35.72889739
Prisioneros,7,2089,-5.486388889,36.105,5.035443549,35.90165937
Prisioneros,7,2090,-5.486388889,36.105,2.828571385,36.32000221
Prisioneros,7,2091,-5.486388889,36.105,4.30349689,36.2103742
Prisioneros,7,2092,-5.486388889,36.105,4.322878494,37.48473511
Prisioneros,7,2093,-5.486388889,36.105,0.615391958,38.47552667
Prisioneros,7,2094,-5.486388889,36.105,0.885442085,36.30777745
Prisioneros,7,2095,-5.486388889,36.105,0.354128004,39.79071616
Prisioneros,7,2096,-5.486388889,36.105,6.368586479,36.16579688
Prisioneros,7,2097,-5.486388889,36.105,0.249272864,36.2565788
Prisioneros,7,2098,-5.486388889,36.105,0.093508269,38.28468549
Prisioneros,7,2099,-5.486388889,36.105,3.283971616,37.92681767
Prisioneros,7,2100,-5.486388889,36.105,20.97232642,34.14682873
Prisioneros,8,2015,-5.486388889,36.105,1.812579913,33.68391153
Prisioneros,8,2016,-5.486388889,36.105,3.836425513,33.01509321
Prisioneros,8,2017,-5.486388889,36.105,5.479248107,32.91282191
Prisioneros,8,2018,-5.486388889,36.105,2.341330866,28.38091431
Prisioneros,8,2019,-5.486388889,36.105,4.188169134,33.78366168
Prisioneros,8,2020,-5.486388889,36.105,0.143933367,33.29241431
Prisioneros,8,2021,-5.486388889,36.105,3.050247327,34.54430542
Prisioneros,8,2022,-5.486388889,36.105,0.065820155,33.15273339
Prisioneros,8,2023,-5.486388889,36.105,3.235040197,33.29899627
Prisioneros,8,2024,-5.486388889,36.105,1.297361922,34.22175628
Prisioneros,8,2025,-5.486388889,36.105,0.155066824,34.64162401
Prisioneros,8,2026,-5.486388889,36.105,0.29888228,33.73250142
Prisioneros,8,2027,-5.486388889,36.105,0.355396956,34.16851689
Prisioneros,8,2028,-5.486388889,36.105,0.719611516,34.04135014
Prisioneros,8,2029,-5.486388889,36.105,3.359225426,35.56483883
Prisioneros,8,2030,-5.486388889,36.105,0.786594811,33.34141964
Prisioneros,8,2031,-5.486388889,36.105,6.362042601,36.0819966
Prisioneros,8,2032,-5.486388889,36.105,4.966518812,34.69112549
Prisioneros,8,2033,-5.486388889,36.105,8.75394219521371e-05,35.15045245
Prisioneros,8,2034,-5.486388889,36.105,0.77248632,35.16923356
Prisioneros,8,2035,-5.486388889,36.105,2.656668573,33.83475302
Prisioneros,8,2036,-5.486388889,36.105,0.000200825,33.72615179
Prisioneros,8,2037,-5.486388889,36.105,2.430408255,35.36210367
Prisioneros,8,2038,-5.486388889,36.105,5.7880241191278e-07,34.63381938
Prisioneros,8,2039,-5.486388889,36.105,0.005243746,33.42732957
Prisioneros,8,2040,-5.486388889,36.105,1.616749552,34.72909625
Prisioneros,8,2041,-5.486388889,36.105,7.853370613,33.6143915
Prisioneros,8,2042,-5.486388889,36.105,0.336482505,36.49224243
Prisioneros,8,2043,-5.486388889,36.105,0.796275343,34.59725932
Prisioneros,8,2044,-5.486388889,36.105,0.735153707,34.85718541
Prisioneros,8,2045,-5.486388889,36.105,6.057568199,33.91633931
Prisioneros,8,2046,-5.486388889,36.105,3.08244,35.09443793
Prisioneros,8,2047,-5.486388889,36.105,3.661758672,34.7065979
Prisioneros,8,2048,-5.486388889,36.105,0.53336823,35.15486076
Prisioneros,8,2049,-5.486388889,36.105,11.56898796,31.41866455
Prisioneros,8,2050,-5.486388889,36.105,0.120445045,33.89918351
Prisioneros,8,2051,-5.486388889,36.105,2.085026505,32.1848054
Prisioneros,8,2052,-5.486388889,36.105,0.44400246,35.06899906
Prisioneros,8,2053,-5.486388889,36.105,0.038233,34.17724491
Prisioneros,8,2054,-5.486388889,36.105,0.107312707,34.07328924
Prisioneros,8,2055,-5.486388889,36.105,0.000224032,34.77614451
Prisioneros,8,2056,-5.486388889,36.105,0.10698781,33.0923076
Prisioneros,8,2057,-5.486388889,36.105,0.18721995,34.28188083
Prisioneros,8,2058,-5.486388889,36.105,2.800293381,35.68282274
Prisioneros,8,2059,-5.486388889,36.105,0.021406434,33.11261459
Prisioneros,8,2060,-5.486388889,36.105,0.77092631,34.57999622
Prisioneros,8,2061,-5.486388889,36.105,0.160041125,35.89577046
Prisioneros,8,2062,-5.486388889,36.105,11.51595554,34.73864628
Prisioneros,8,2063,-5.486388889,36.105,0.609522258,31.48903218
Prisioneros,8,2064,-5.486388889,36.105,3.216742613,35.87345522
Prisioneros,8,2065,-5.486388889,36.105,0.316506651,35.26040433
Prisioneros,8,2066,-5.486388889,36.105,0.91396323,37.40763786
Prisioneros,8,2067,-5.486388889,36.105,7.964400369,35.08279793
Prisioneros,8,2068,-5.486388889,36.105,8.52647962,36.91404458
Prisioneros,8,2069,-5.486388889,36.105,0.010618881,34.74232414
Prisioneros,8,2070,-5.486388889,36.105,4.759722345,34.14140349
Prisioneros,8,2071,-5.486388889,36.105,7.843124226,36.08481012
Prisioneros,8,2072,-5.486388889,36.105,1.658885954,34.23678569
Prisioneros,8,2073,-5.486388889,36.105,0.000273263,37.28966675
Prisioneros,8,2074,-5.486388889,36.105,0.378888641,38.20734017
Prisioneros,8,2075,-5.486388889,36.105,1.579699371,37.32466549
Prisioneros,8,2076,-5.486388889,36.105,0.815372792,35.88284873
Prisioneros,8,2077,-5.486388889,36.105,1.698270341,34.64200203
Prisioneros,8,2078,-5.486388889,36.105,1.224415873,35.47622759
Prisioneros,8,2079,-5.486388889,36.105,0.648364261,37.72300454
Prisioneros,8,2080,-5.486388889,36.105,0.176779968,35.68188358
Prisioneros,8,2081,-5.486388889,36.105,0.369621164,33.12177183
Prisioneros,8,2082,-5.486388889,36.105,3.371062171,37.63489833
Prisioneros,8,2083,-5.486388889,36.105,1.198548068,34.43329527
Prisioneros,8,2084,-5.486388889,36.105,0.947891277,35.1089702
Prisioneros,8,2085,-5.486388889,36.105,0.861207014,36.53933795
Prisioneros,8,2086,-5.486388889,36.105,0.040452753,35.55720057
Prisioneros,8,2087,-5.486388889,36.105,3.188592758,35.43356205
Prisioneros,8,2088,-5.486388889,36.105,0.181904456,34.54935559
Prisioneros,8,2089,-5.486388889,36.105,7.161648492,35.71623949
Prisioneros,8,2090,-5.486388889,36.105,6.54885438911182e-05,36.46599141
Prisioneros,8,2091,-5.486388889,36.105,2.041437856,38.92225677
Prisioneros,8,2092,-5.486388889,36.105,0.488792204,38.5452495
Prisioneros,8,2093,-5.486388889,36.105,0.008700224,37.31197707
Prisioneros,8,2094,-5.486388889,36.105,1.405136205,39.74673048
Prisioneros,8,2095,-5.486388889,36.105,1.479205664,37.63531967
Prisioneros,8,2096,-5.486388889,36.105,0.477066654,35.38764392
Prisioneros,8,2097,-5.486388889,36.105,0.862698086,37.66111686
Prisioneros,8,2098,-5.486388889,36.105,0.013817874,35.33694734
Prisioneros,8,2099,-5.486388889,36.105,0.397587269,39.86949876
Prisioneros,8,2100,-5.486388889,36.105,0.274781534,35.53255812
Prisioneros,9,2015,-5.486388889,36.105,10.0610345,28.55563151
Prisioneros,9,2016,-5.486388889,36.105,1.583939006,29.69663493
Prisioneros,9,2017,-5.486388889,36.105,1.12663935,30.25051982
Prisioneros,9,2018,-5.486388889,36.105,46.99559689,28.17325745
Prisioneros,9,2019,-5.486388889,36.105,15.44030709,27.7295695
Prisioneros,9,2020,-5.486388889,36.105,5.176320712,28.06356913
Prisioneros,9,2021,-5.486388889,36.105,0.028165093,31.59545186
Prisioneros,9,2022,-5.486388889,36.105,8.103545075,29.03036804
Prisioneros,9,2023,-5.486388889,36.105,3.254719785,27.63254598
Prisioneros,9,2024,-5.486388889,36.105,20.43909524,27.86826274
Prisioneros,9,2025,-5.486388889,36.105,7.904002296,30.82803955
Prisioneros,9,2026,-5.486388889,36.105,14.91149868,29.65047201
Prisioneros,9,2027,-5.486388889,36.105,3.835008886,30.30138753
Prisioneros,9,2028,-5.486388889,36.105,29.38268704,29.77480062
Prisioneros,9,2029,-5.486388889,36.105,2.584425842,29.83621826
Prisioneros,9,2030,-5.486388889,36.105,40.33529921,28.53342489
Prisioneros,9,2031,-5.486388889,36.105,45.8376753,29.82638957
Prisioneros,9,2032,-5.486388889,36.105,20.97934256,30.6774353
Prisioneros,9,2033,-5.486388889,36.105,5.054163104,29.64972432
Prisioneros,9,2034,-5.486388889,36.105,54.42464509,28.62459005
Prisioneros,9,2035,-5.486388889,36.105,9.339237791,31.25997111
Prisioneros,9,2036,-5.486388889,36.105,1.659962922,31.64155884
Prisioneros,9,2037,-5.486388889,36.105,5.312906016,31.54193726
Prisioneros,9,2038,-5.486388889,36.105,1.416570025,31.2628774
Prisioneros,9,2039,-5.486388889,36.105,1.771028164,31.66185811
Prisioneros,9,2040,-5.486388889,36.105,2.130221392,30.45791016
Prisioneros,9,2041,-5.486388889,36.105,23.51457822,28.53762614
Prisioneros,9,2042,-5.486388889,36.105,7.043902661,29.7775706
Prisioneros,9,2043,-5.486388889,36.105,8.677808271,29.48277995
Prisioneros,9,2044,-5.486388889,36.105,57.45632612,28.86291606
Prisioneros,9,2045,-5.486388889,36.105,0.899320643,31.65069275
Prisioneros,9,2046,-5.486388889,36.105,40.04431477,28.21285197
Prisioneros,9,2047,-5.486388889,36.105,1.278571734,30.91669413
Prisioneros,9,2048,-5.486388889,36.105,5.041441114,30.92924601
Prisioneros,9,2049,-5.486388889,36.105,32.74884853,28.32526347
Prisioneros,9,2050,-5.486388889,36.105,4.43189689,33.87539978
Prisioneros,9,2051,-5.486388889,36.105,3.040729938,30.2391215
Prisioneros,9,2052,-5.486388889,36.105,10.44938009,31.08060201
Prisioneros,9,2053,-5.486388889,36.105,0.91029843,32.19137065
Prisioneros,9,2054,-5.486388889,36.105,24.03279632,28.76825765
Prisioneros,9,2055,-5.486388889,36.105,4.599529882,31.9601827
Prisioneros,9,2056,-5.486388889,36.105,6.37098657,31.77308044
Prisioneros,9,2057,-5.486388889,36.105,4.709285911,30.57212016
Prisioneros,9,2058,-5.486388889,36.105,15.05280191,31.40626119
Prisioneros,9,2059,-5.486388889,36.105,2.213997984,29.19277344
Prisioneros,9,2060,-5.486388889,36.105,0.000281201,29.71391907
Prisioneros,9,2061,-5.486388889,36.105,16.71133126,32.2214386
Prisioneros,9,2062,-5.486388889,36.105,7.259377297,31.51443583
Prisioneros,9,2063,-5.486388889,36.105,2.356064337,30.97342224
Prisioneros,9,2064,-5.486388889,36.105,22.796601,31.90858053
Prisioneros,9,2065,-5.486388889,36.105,8.545749622,30.7799408
Prisioneros,9,2066,-5.486388889,36.105,6.206967273,30.45432943
Prisioneros,9,2067,-5.486388889,36.105,0.295801765,31.28473918
Prisioneros,9,2068,-5.486388889,36.105,5.862376263,32.55746663
Prisioneros,9,2069,-5.486388889,36.105,4.033959499,31.83783061
Prisioneros,9,2070,-5.486388889,36.105,2.981367424,31.65957947
Prisioneros,9,2071,-5.486388889,36.105,6.568766053,30.61669515
Prisioneros,9,2072,-5.486388889,36.105,22.29211216,29.98851217
Prisioneros,9,2073,-5.486388889,36.105,17.30209967,32.18113302
Prisioneros,9,2074,-5.486388889,36.105,29.31142183,32.10409342
Prisioneros,9,2075,-5.486388889,36.105,4.326945961,32.93305969
Prisioneros,9,2076,-5.486388889,36.105,17.43430007,29.1223114
Prisioneros,9,2077,-5.486388889,36.105,1.250018519,33.02405802
Prisioneros,9,2078,-5.486388889,36.105,2.912348486,32.94689738
Prisioneros,9,2079,-5.486388889,36.105,3.013435416,34.40709025
Prisioneros,9,2080,-5.486388889,36.105,0.349422194,32.22659505
Prisioneros,9,2081,-5.486388889,36.105,10.44266146,33.7454071
Prisioneros,9,2082,-5.486388889,36.105,2.188149752,33.23472493
Prisioneros,9,2083,-5.486388889,36.105,0.582367109,32.89139811
Prisioneros,9,2084,-5.486388889,36.105,6.198372161,34.95570984
Prisioneros,9,2085,-5.486388889,36.105,4.397201831,33.63905131
Prisioneros,9,2086,-5.486388889,36.105,9.830974482,31.44564718
Prisioneros,9,2087,-5.486388889,36.105,2.375005861,32.17148641
Prisioneros,9,2088,-5.486388889,36.105,4.216863032,31.20906576
Prisioneros,9,2089,-5.486388889,36.105,29.32064327,30.79909058
Prisioneros,9,2090,-5.486388889,36.105,16.25387439,31.35024109
Prisioneros,9,2091,-5.486388889,36.105,0.679011165,32.70965678
Prisioneros,9,2092,-5.486388889,36.105,9.373098957,34.33897909
Prisioneros,9,2093,-5.486388889,36.105,9.093137395,33.46183268
Prisioneros,9,2094,-5.486388889,36.105,0.773676636,31.99041138
Prisioneros,9,2095,-5.486388889,36.105,9.575280971,32.21494548
Prisioneros,9,2096,-5.486388889,36.105,4.996537537,32.89479268
Prisioneros,9,2097,-5.486388889,36.105,3.423957874,33.36339518
Prisioneros,9,2098,-5.486388889,36.105,5.425318349,34.85333455
Prisioneros,9,2099,-5.486388889,36.105,0.337147171,35.29749756
Prisioneros,9,2100,-5.486388889,36.105,1.588211784,35.38831482
Retin,1,2015,-5.823611,36.198056,148.6920956,15.35110552
Retin,1,2016,-5.823611,36.198056,46.35068784,14.30779911
Retin,1,2017,-5.823611,36.198056,4.635573072,16.80523564
Retin,1,2018,-5.823611,36.198056,259.3754261,15.07201833
Retin,1,2019,-5.823611,36.198056,41.57295115,16.34288645
Retin,1,2020,-5.823611,36.198056,0.521467545,16.33766991
Retin,1,2021,-5.823611,36.198056,11.13536214,16.33353035
Retin,1,2022,-5.823611,36.198056,40.63426257,18.14332216
Retin,1,2023,-5.823611,36.198056,267.1923557,15.21472148
Retin,1,2024,-5.823611,36.198056,94.40513422,16.07122783
Retin,1,2025,-5.823611,36.198056,1.328113762,16.26477031
Retin,1,2026,-5.823611,36.198056,20.72990226,17.04964796
Retin,1,2027,-5.823611,36.198056,9.472605261,17.49324164
Retin,1,2028,-5.823611,36.198056,122.8114425,16.70897926
Retin,1,2029,-5.823611,36.198056,10.60890634,15.8353742
Retin,1,2030,-5.823611,36.198056,175.2361346,16.10477354
Retin,1,2031,-5.823611,36.198056,57.93201377,15.70587335
Retin,1,2032,-5.823611,36.198056,329.8304274,17.13123917
Retin,1,2033,-5.823611,36.198056,25.75290802,17.01186031
Retin,1,2034,-5.823611,36.198056,25.66329997,15.56049549
Retin,1,2035,-5.823611,36.198056,30.58666854,17.23324762
Retin,1,2036,-5.823611,36.198056,57.61092261,16.50154832
Retin,1,2037,-5.823611,36.198056,12.84915344,17.69273997
Retin,1,2038,-5.823611,36.198056,1.410465829,16.88306629
Retin,1,2039,-5.823611,36.198056,9.159301129,16.04130879
Retin,1,2040,-5.823611,36.198056,27.14518124,17.22523134
Retin,1,2041,-5.823611,36.198056,84.97548874,17.53889003
Retin,1,2042,-5.823611,36.198056,7.291126221,16.08390739
Retin,1,2043,-5.823611,36.198056,98.21252904,16.18837595
Retin,1,2044,-5.823611,36.198056,1.663969992,16.09407762
Retin,1,2045,-5.823611,36.198056,168.1033491,17.90340872
Retin,1,2046,-5.823611,36.198056,67.6809257,14.41448856
Retin,1,2047,-5.823611,36.198056,124.784941,17.23768744
Retin,1,2048,-5.823611,36.198056,47.83288685,15.70486726
Retin,1,2049,-5.823611,36.198056,40.85926167,16.66633143
Retin,1,2050,-5.823611,36.198056,55.46922596,17.40782786
Retin,1,2051,-5.823611,36.198056,20.9551938,14.76134742
Retin,1,2052,-5.823611,36.198056,91.5245869,18.60529923
Retin,1,2053,-5.823611,36.198056,27.58451333,18.34124342
Retin,1,2054,-5.823611,36.198056,86.17398614,17.86575199
Retin,1,2055,-5.823611,36.198056,67.22753179,18.80501807
Retin,1,2056,-5.823611,36.198056,33.15935757,13.41811031
Retin,1,2057,-5.823611,36.198056,121.7669887,18.10323191
Retin,1,2058,-5.823611,36.198056,0.633242751,16.18867916
Retin,1,2059,-5.823611,36.198056,140.9900707,18.07274682
Retin,1,2060,-5.823611,36.198056,30.22115126,16.76927116
Retin,1,2061,-5.823611,36.198056,104.0235026,15.35499504
Retin,1,2062,-5.823611,36.198056,49.29441073,19.59890137
Retin,1,2063,-5.823611,36.198056,294.5822595,16.3036881
Retin,1,2064,-5.823611,36.198056,110.5681697,15.91744975
Retin,1,2065,-5.823611,36.198056,13.78000619,17.87626579
Retin,1,2066,-5.823611,36.198056,61.51332993,15.95706551
Retin,1,2067,-5.823611,36.198056,9.190037741,17.44954736
Retin,1,2068,-5.823611,36.198056,2.544079353,15.84811775
Retin,1,2069,-5.823611,36.198056,10.2366364,18.41761317
Retin,1,2070,-5.823611,36.198056,128.7548412,16.64807011
Retin,1,2071,-5.823611,36.198056,117.3572648,16.90834862
Retin,1,2072,-5.823611,36.198056,51.39782376,15.2355453
Retin,1,2073,-5.823611,36.198056,16.11960355,17.90604209
Retin,1,2074,-5.823611,36.198056,43.31103925,17.15133844
Retin,1,2075,-5.823611,36.198056,20.89457553,17.40495034
Retin,1,2076,-5.823611,36.198056,82.88748657,18.63627654
Retin,1,2077,-5.823611,36.198056,15.78860779,18.82005832
Retin,1,2078,-5.823611,36.198056,18.72869833,18.59752315
Retin,1,2079,-5.823611,36.198056,29.08862973,17.77907813
Retin,1,2080,-5.823611,36.198056,23.16234207,17.5028911
Retin,1,2081,-5.823611,36.198056,27.59438024,18.50962662
Retin,1,2082,-5.823611,36.198056,57.75700629,18.21216687
Retin,1,2083,-5.823611,36.198056,44.78704835,16.37860383
Retin,1,2084,-5.823611,36.198056,19.91773834,17.53877682
Retin,1,2085,-5.823611,36.198056,0.219080698,16.71201526
Retin,1,2086,-5.823611,36.198056,18.18877802,16.56542457
Retin,1,2087,-5.823611,36.198056,74.76658841,19.20253808
Retin,1,2088,-5.823611,36.198056,88.88397458,18.33718557
Retin,1,2089,-5.823611,36.198056,19.94255471,16.77405061
Retin,1,2090,-5.823611,36.198056,57.88246178,19.2813768
Retin,1,2091,-5.823611,36.198056,9.78425915,18.44550919
Retin,1,2092,-5.823611,36.198056,47.49934657,17.31897051
Retin,1,2093,-5.823611,36.198056,20.16758183,18.04836327
Retin,1,2094,-5.823611,36.198056,34.73327399,17.49516326
Retin,1,2095,-5.823611,36.198056,13.40702137,17.85021264
Retin,1,2096,-5.823611,36.198056,104.3221986,18.47592242
Retin,1,2097,-5.823611,36.198056,30.7161459,19.97951955
Retin,1,2098,-5.823611,36.198056,5.67696254,17.89504395
Retin,1,2099,-5.823611,36.198056,7.309907423,17.2147205
Retin,1,2100,-5.823611,36.198056,19.65397732,19.69895571
Retin,10,2015,-5.823611,36.198056,62.81849917,25.13567899
Retin,10,2016,-5.823611,36.198056,5.366727252,25.54895197
Retin,10,2017,-5.823611,36.198056,30.0193021,22.20487513
Retin,10,2018,-5.823611,36.198056,10.50297127,24.19340249
Retin,10,2019,-5.823611,36.198056,20.39333489,26.64771866
Retin,10,2020,-5.823611,36.198056,2.640969864,24.79342632
Retin,10,2021,-5.823611,36.198056,24.32511688,25.88998295
Retin,10,2022,-5.823611,36.198056,107.6009261,22.92516775
Retin,10,2023,-5.823611,36.198056,15.69681664,24.96220526
Retin,10,2024,-5.823611,36.198056,96.174942,21.43722022
Retin,10,2025,-5.823611,36.198056,240.649036,21.91511565
Retin,10,2026,-5.823611,36.198056,116.6449478,22.73140475
Retin,10,2027,-5.823611,36.198056,119.9440189,25.03666323
Retin,10,2028,-5.823611,36.198056,143.7858584,23.45891625
Retin,10,2029,-5.823611,36.198056,49.27624093,21.384982
Retin,10,2030,-5.823611,36.198056,20.19383882,25.39440505
Retin,10,2031,-5.823611,36.198056,32.04201373,21.74435996
Retin,10,2032,-5.823611,36.198056,123.5700059,22.79759049
Retin,10,2033,-5.823611,36.198056,141.0641702,21.80786212
Retin,10,2034,-5.823611,36.198056,35.3516865,22.14236332
Retin,10,2035,-5.823611,36.198056,13.8129661,24.94069529
Retin,10,2036,-5.823611,36.198056,49.62257901,22.51346002
Retin,10,2037,-5.823611,36.198056,44.45884031,25.07400198
Retin,10,2038,-5.823611,36.198056,21.02281066,24.4148469
Retin,10,2039,-5.823611,36.198056,27.63951837,24.64516011
Retin,10,2040,-5.823611,36.198056,12.09404588,28.05222916
Retin,10,2041,-5.823611,36.198056,88.52643639,22.75475169
Retin,10,2042,-5.823611,36.198056,29.1832512,27.1873669
Retin,10,2043,-5.823611,36.198056,27.30518301,22.67753827
Retin,10,2044,-5.823611,36.198056,20.68516603,22.237146
Retin,10,2045,-5.823611,36.198056,6.01563327,26.25663492
Retin,10,2046,-5.823611,36.198056,8.892084864,27.21018027
Retin,10,2047,-5.823611,36.198056,57.17205518,26.06877855
Retin,10,2048,-5.823611,36.198056,24.94196827,23.8489624
Retin,10,2049,-5.823611,36.198056,55.15596448,24.38970534
Retin,10,2050,-5.823611,36.198056,7.379242215,26.90039929
Retin,10,2051,-5.823611,36.198056,98.57328189,21.78054002
Retin,10,2052,-5.823611,36.198056,49.56177017,24.32772414
Retin,10,2053,-5.823611,36.198056,68.66420039,24.33937398
Retin,10,2054,-5.823611,36.198056,18.9775096,24.79487836
Retin,10,2055,-5.823611,36.198056,4.386610668,26.29111584
Retin,10,2056,-5.823611,36.198056,12.83510605,27.86428616
Retin,10,2057,-5.823611,36.198056,27.48427667,24.28940784
Retin,10,2058,-5.823611,36.198056,9.466243396,24.67183247
Retin,10,2059,-5.823611,36.198056,63.44961495,22.22946836
Retin,10,2060,-5.823611,36.198056,85.66599258,24.37036802
Retin,10,2061,-5.823611,36.198056,5.819963112,27.91426313
Retin,10,2062,-5.823611,36.198056,47.20287559,24.21081622
Retin,10,2063,-5.823611,36.198056,8.659707146,28.91320486
Retin,10,2064,-5.823611,36.198056,10.4551753,25.19872437
Retin,10,2065,-5.823611,36.198056,58.20561478,22.70924407
Retin,10,2066,-5.823611,36.198056,94.77734998,26.11436098
Retin,10,2067,-5.823611,36.198056,34.0211491,23.35587611
Retin,10,2068,-5.823611,36.198056,27.42240381,24.90970124
Retin,10,2069,-5.823611,36.198056,37.69709114,25.77344813
Retin,10,2070,-5.823611,36.198056,16.26693024,25.99570765
Retin,10,2071,-5.823611,36.198056,14.95568918,26.19263857
Retin,10,2072,-5.823611,36.198056,52.00021265,23.60688122
Retin,10,2073,-5.823611,36.198056,161.7425263,23.19736781
Retin,10,2074,-5.823611,36.198056,12.45655666,27.07888479
Retin,10,2075,-5.823611,36.198056,0.079060049,29.65765066
Retin,10,2076,-5.823611,36.198056,61.81619911,22.95262077
Retin,10,2077,-5.823611,36.198056,43.18641731,26.40574971
Retin,10,2078,-5.823611,36.198056,49.33416872,27.63124114
Retin,10,2079,-5.823611,36.198056,85.4903764,23.69878343
Retin,10,2080,-5.823611,36.198056,4.359302146,28.73612513
Retin,10,2081,-5.823611,36.198056,23.17477209,26.56140412
Retin,10,2082,-5.823611,36.198056,30.33417116,24.5693003
Retin,10,2083,-5.823611,36.198056,47.12023763,25.7938132
Retin,10,2084,-5.823611,36.198056,45.5978301,24.88079125
Retin,10,2085,-5.823611,36.198056,13.96928196,29.10660066
Retin,10,2086,-5.823611,36.198056,56.38595953,27.8345522
Retin,10,2087,-5.823611,36.198056,1.217656393,26.20896843
Retin,10,2088,-5.823611,36.198056,69.27627162,26.05982804
Retin,10,2089,-5.823611,36.198056,3.288446601,25.29016192
Retin,10,2090,-5.823611,36.198056,43.99632869,25.55700172
Retin,10,2091,-5.823611,36.198056,13.00786926,27.259223
Retin,10,2092,-5.823611,36.198056,31.246613,26.30750083
Retin,10,2093,-5.823611,36.198056,58.5306466,23.80185015
Retin,10,2094,-5.823611,36.198056,83.81432322,24.86973503
Retin,10,2095,-5.823611,36.198056,12.86651906,27.59455803
Retin,10,2096,-5.823611,36.198056,45.09770136,26.28295977
Retin,10,2097,-5.823611,36.198056,16.5091543,27.87313331
Retin,10,2098,-5.823611,36.198056,75.07332367,27.52017586
Retin,10,2099,-5.823611,36.198056,19.29713395,26.36535231
Retin,10,2100,-5.823611,36.198056,4.337991358,29.63563173
Retin,11,2015,-5.823611,36.198056,121.8649943,18.04260661
Retin,11,2016,-5.823611,36.198056,48.64235381,18.21017558
Retin,11,2017,-5.823611,36.198056,159.1092634,18.3072408
Retin,11,2018,-5.823611,36.198056,45.72648051,19.90654704
Retin,11,2019,-5.823611,36.198056,75.38644193,20.12059631
Retin,11,2020,-5.823611,36.198056,10.19599529,20.35411072
Retin,11,2021,-5.823611,36.198056,28.08911467,21.673703
Retin,11,2022,-5.823611,36.198056,88.28161511,19.84893087
Retin,11,2023,-5.823611,36.198056,22.37130222,19.38220723
Retin,11,2024,-5.823611,36.198056,22.16436651,18.30198873
Retin,11,2025,-5.823611,36.198056,116.4788581,19.93458659
Retin,11,2026,-5.823611,36.198056,9.756435494,20.20195516
Retin,11,2027,-5.823611,36.198056,53.04760592,19.83458761
Retin,11,2028,-5.823611,36.198056,25.2128433,19.46764119
Retin,11,2029,-5.823611,36.198056,28.43673751,18.68726603
Retin,11,2030,-5.823611,36.198056,88.58320916,21.05282288
Retin,11,2031,-5.823611,36.198056,154.1752749,17.23536377
Retin,11,2032,-5.823611,36.198056,154.0193634,19.87963765
Retin,11,2033,-5.823611,36.198056,19.60797088,17.41513774
Retin,11,2034,-5.823611,36.198056,125.5778049,19.31026306
Retin,11,2035,-5.823611,36.198056,54.61446073,19.34193319
Retin,11,2036,-5.823611,36.198056,10.34260287,19.5673818
Retin,11,2037,-5.823611,36.198056,65.06525634,17.88632406
Retin,11,2038,-5.823611,36.198056,45.38912106,19.86231791
Retin,11,2039,-5.823611,36.198056,25.34326297,20.86078695
Retin,11,2040,-5.823611,36.198056,86.57729233,21.67728984
Retin,11,2041,-5.823611,36.198056,90.9402597,19.5747345
Retin,11,2042,-5.823611,36.198056,7.369158702,22.94265849
Retin,11,2043,-5.823611,36.198056,173.778217,19.024705
Retin,11,2044,-5.823611,36.198056,79.63074058,19.42953593
Retin,11,2045,-5.823611,36.198056,110.6585184,19.56772868
Retin,11,2046,-5.823611,36.198056,97.17288243,20.1602946
Retin,11,2047,-5.823611,36.198056,45.36349105,19.22687581
Retin,11,2048,-5.823611,36.198056,17.59171627,18.87392273
Retin,11,2049,-5.823611,36.198056,83.77016623,19.82230123
Retin,11,2050,-5.823611,36.198056,47.72211554,17.84975281
Retin,11,2051,-5.823611,36.198056,25.5615151,18.56404114
Retin,11,2052,-5.823611,36.198056,166.392045,18.46702779
Retin,11,2053,-5.823611,36.198056,4.420351525,19.19952291
Retin,11,2054,-5.823611,36.198056,161.3545131,20.18162435
Retin,11,2055,-5.823611,36.198056,65.53007496,20.08328247
Retin,11,2056,-5.823611,36.198056,106.2116127,18.85659485
Retin,11,2057,-5.823611,36.198056,20.49636533,21.41650696
Retin,11,2058,-5.823611,36.198056,36.30863987,20.71772766
Retin,11,2059,-5.823611,36.198056,4.709481757,19.89588521
Retin,11,2060,-5.823611,36.198056,271.1246445,18.8015391
Retin,11,2061,-5.823611,36.198056,29.16412374,22.32477214
Retin,11,2062,-5.823611,36.198056,5.587167051,20.57368368
Retin,11,2063,-5.823611,36.198056,99.15006518,22.43358053
Retin,11,2064,-5.823611,36.198056,51.61281946,20.72673543
Retin,11,2065,-5.823611,36.198056,61.03914726,20.86621602
Retin,11,2066,-5.823611,36.198056,68.86484452,20.56021423
Retin,11,2067,-5.823611,36.198056,30.64212548,18.22213847
Retin,11,2068,-5.823611,36.198056,111.5322308,19.35250549
Retin,11,2069,-5.823611,36.198056,4.549043583,21.59069316
Retin,11,2070,-5.823611,36.198056,31.27107211,20.03009949
Retin,11,2071,-5.823611,36.198056,16.22813694,20.44301249
Retin,11,2072,-5.823611,36.198056,34.07973302,20.44797262
Retin,11,2073,-5.823611,36.198056,55.67687935,20.93077799
Retin,11,2074,-5.823611,36.198056,121.706946,19.1827474
Retin,11,2075,-5.823611,36.198056,73.01094642,22.99829305
Retin,11,2076,-5.823611,36.198056,61.86704567,19.27763875
Retin,11,2077,-5.823611,36.198056,19.70827064,23.44462789
Retin,11,2078,-5.823611,36.198056,27.24963575,21.3751709
Retin,11,2079,-5.823611,36.198056,19.7449981,20.43811849
Retin,11,2080,-5.823611,36.198056,13.12755143,22.08919373
Retin,11,2081,-5.823611,36.198056,43.94333635,21.72874756
Retin,11,2082,-5.823611,36.198056,45.02306268,20.48600362
Retin,11,2083,-5.823611,36.198056,23.60075289,19.95732829
Retin,11,2084,-5.823611,36.198056,41.93826396,22.77033488
Retin,11,2085,-5.823611,36.198056,31.2856306,22.48225708
Retin,11,2086,-5.823611,36.198056,22.96096992,21.90051371
Retin,11,2087,-5.823611,36.198056,22.25604729,23.097229
Retin,11,2088,-5.823611,36.198056,158.5522866,20.49922485
Retin,11,2089,-5.823611,36.198056,5.421882684,20.32904765
Retin,11,2090,-5.823611,36.198056,33.02588174,21.33061625
Retin,11,2091,-5.823611,36.198056,55.54532793,20.5428833
Retin,11,2092,-5.823611,36.198056,0.069473189,25.22731832
Retin,11,2093,-5.823611,36.198056,5.729153971,23.76018473
Retin,11,2094,-5.823611,36.198056,55.61863045,19.73223572
Retin,11,2095,-5.823611,36.198056,18.79731306,23.24938456
Retin,11,2096,-5.823611,36.198056,55.3729471,21.79796651
Retin,11,2097,-5.823611,36.198056,180.3133484,20.70837097
Retin,11,2098,-5.823611,36.198056,18.81977333,21.36025899
Retin,11,2099,-5.823611,36.198056,15.45501495,23.4899058
Retin,11,2100,-5.823611,36.198056,86.4473821,23.43894958
Retin,12,2015,-5.823611,36.198056,87.79503748,14.8463182
Retin,12,2016,-5.823611,36.198056,53.31561477,14.7371834
Retin,12,2017,-5.823611,36.198056,213.4336357,14.78866557
Retin,12,2018,-5.823611,36.198056,1.674760231,18.00818344
Retin,12,2019,-5.823611,36.198056,1.485700107,17.76118105
Retin,12,2020,-5.823611,36.198056,69.51870682,18.09052577
Retin,12,2021,-5.823611,36.198056,23.34802387,18.09259604
Retin,12,2022,-5.823611,36.198056,97.47625641,17.3836225
Retin,12,2023,-5.823611,36.198056,196.6582814,17.48813831
Retin,12,2024,-5.823611,36.198056,50.8189566,15.8422131
Retin,12,2025,-5.823611,36.198056,116.2520458,16.99412566
Retin,12,2026,-5.823611,36.198056,2.145576424,18.33824187
Retin,12,2027,-5.823611,36.198056,3.784235437,19.36106705
Retin,12,2028,-5.823611,36.198056,121.3889961,17.54382009
Retin,12,2029,-5.823611,36.198056,300.79932,16.6101151
Retin,12,2030,-5.823611,36.198056,13.88452945,18.31122397
Retin,12,2031,-5.823611,36.198056,45.37688654,15.85544394
Retin,12,2032,-5.823611,36.198056,106.0952482,15.87384407
Retin,12,2033,-5.823611,36.198056,118.4017106,16.22631619
Retin,12,2034,-5.823611,36.198056,13.37294382,19.5767525
Retin,12,2035,-5.823611,36.198056,18.45920063,14.88677073
Retin,12,2036,-5.823611,36.198056,0.626621712,18.963044
Retin,12,2037,-5.823611,36.198056,15.32494614,18.82535656
Retin,12,2038,-5.823611,36.198056,46.09870098,17.24638692
Retin,12,2039,-5.823611,36.198056,0.978855207,18.33240022
Retin,12,2040,-5.823611,36.198056,45.71536941,17.94653694
Retin,12,2041,-5.823611,36.198056,92.24081063,17.3425547
Retin,12,2042,-5.823611,36.198056,71.66379545,16.02464226
Retin,12,2043,-5.823611,36.198056,89.0049992,18.70435634
Retin,12,2044,-5.823611,36.198056,16.92019723,19.00543587
Retin,12,2045,-5.823611,36.198056,108.2021511,16.73363057
Retin,12,2046,-5.823611,36.198056,62.74812323,18.62602854
Retin,12,2047,-5.823611,36.198056,295.8874484,17.81688055
Retin,12,2048,-5.823611,36.198056,276.6859576,16.73200231
Retin,12,2049,-5.823611,36.198056,212.3530661,17.37461784
Retin,12,2050,-5.823611,36.198056,104.1819411,15.40267432
Retin,12,2051,-5.823611,36.198056,174.2076106,16.58398319
Retin,12,2052,-5.823611,36.198056,94.39160378,17.5280996
Retin,12,2053,-5.823611,36.198056,201.0329954,17.32123374
Retin,12,2054,-5.823611,36.198056,65.63030881,19.54682558
Retin,12,2055,-5.823611,36.198056,21.60271629,17.13462859
Retin,12,2056,-5.823611,36.198056,16.59600031,16.71289535
Retin,12,2057,-5.823611,36.198056,138.2618547,18.76368841
Retin,12,2058,-5.823611,36.198056,47.96716672,18.03197632
Retin,12,2059,-5.823611,36.198056,34.1459277,17.35900859
Retin,12,2060,-5.823611,36.198056,174.9894663,16.9885882
Retin,12,2061,-5.823611,36.198056,0.431821507,17.92227153
Retin,12,2062,-5.823611,36.198056,281.3739969,19.00377119
Retin,12,2063,-5.823611,36.198056,8.443142089,17.176354
Retin,12,2064,-5.823611,36.198056,83.22434628,18.33859151
Retin,12,2065,-5.823611,36.198056,131.1958432,17.74337552
Retin,12,2066,-5.823611,36.198056,8.665701928,17.51703058
Retin,12,2067,-5.823611,36.198056,18.19412498,17.2735259
Retin,12,2068,-5.823611,36.198056,34.5705639,16.80059401
Retin,12,2069,-5.823611,36.198056,66.47515836,17.41721644
Retin,12,2070,-5.823611,36.198056,65.86712862,17.26201585
Retin,12,2071,-5.823611,36.198056,36.07114822,16.266814
Retin,12,2072,-5.823611,36.198056,10.97055233,18.66382505
Retin,12,2073,-5.823611,36.198056,41.36743843,19.66622511
Retin,12,2074,-5.823611,36.198056,40.26160672,17.37448396
Retin,12,2075,-5.823611,36.198056,25.77371562,19.01866967
Retin,12,2076,-5.823611,36.198056,26.44754438,18.41556456
Retin,12,2077,-5.823611,36.198056,70.32362895,18.23418481
Retin,12,2078,-5.823611,36.198056,21.2199103,17.34876059
Retin,12,2079,-5.823611,36.198056,65.43492415,20.69765527
Retin,12,2080,-5.823611,36.198056,23.71560946,18.43281585
Retin,12,2081,-5.823611,36.198056,45.68881097,17.81208929
Retin,12,2082,-5.823611,36.198056,25.47362919,19.68504855
Retin,12,2083,-5.823611,36.198056,28.34214539,18.08569808
Retin,12,2084,-5.823611,36.198056,102.6295698,18.08976086
Retin,12,2085,-5.823611,36.198056,53.83057722,17.68639723
Retin,12,2086,-5.823611,36.198056,189.6363664,19.3106973
Retin,12,2087,-5.823611,36.198056,8.75618553,21.0262459
Retin,12,2088,-5.823611,36.198056,37.96795729,17.24076184
Retin,12,2089,-5.823611,36.198056,61.66451974,20.09216387
Retin,12,2090,-5.823611,36.198056,2.115739483,19.50362844
Retin,12,2091,-5.823611,36.198056,155.7207107,20.3458752
Retin,12,2092,-5.823611,36.198056,7.1726501,21.03832004
Retin,12,2093,-5.823611,36.198056,96.50461035,18.18267507
Retin,12,2094,-5.823611,36.198056,14.08137956,19.72058381
Retin,12,2095,-5.823611,36.198056,48.38216859,19.07060173
Retin,12,2096,-5.823611,36.198056,39.50686959,20.09999902
Retin,12,2097,-5.823611,36.198056,101.1556446,17.65616317
Retin,12,2098,-5.823611,36.198056,12.42078532,19.52741837
Retin,12,2099,-5.823611,36.198056,22.10178469,19.76347085
Retin,12,2100,-5.823611,36.198056,0.318390627,17.7026062
Retin,2,2015,-5.823611,36.198056,42.87027098,16.32749329
Retin,2,2016,-5.823611,36.198056,4.725808252,17.98604105
Retin,2,2017,-5.823611,36.198056,24.94353225,17.19982191
Retin,2,2018,-5.823611,36.198056,40.95482529,18.4074537
Retin,2,2019,-5.823611,36.198056,0.073163958,18.18176858
Retin,2,2020,-5.823611,36.198056,60.97491768,17.15796656
Retin,2,2021,-5.823611,36.198056,37.06655459,13.98706752
Retin,2,2022,-5.823611,36.198056,24.93701326,18.34817113
Retin,2,2023,-5.823611,36.198056,40.96312964,16.57061702
Retin,2,2024,-5.823611,36.198056,88.27439907,17.1465793
Retin,2,2025,-5.823611,36.198056,27.61902859,15.88736223
Retin,2,2026,-5.823611,36.198056,52.50833024,15.36147352
Retin,2,2027,-5.823611,36.198056,27.28164158,17.04681876
Retin,2,2028,-5.823611,36.198056,264.0193175,16.52886142
Retin,2,2029,-5.823611,36.198056,90.48287882,16.23114057
Retin,2,2030,-5.823611,36.198056,24.86790942,16.91787763
Retin,2,2031,-5.823611,36.198056,46.81999313,15.94248788
Retin,2,2032,-5.823611,36.198056,156.4663762,19.71821773
Retin,2,2033,-5.823611,36.198056,83.27419839,16.25510559
Retin,2,2034,-5.823611,36.198056,2.515205261,18.04709124
Retin,2,2035,-5.823611,36.198056,37.87921673,15.79722421
Retin,2,2036,-5.823611,36.198056,15.67397332,17.66837832
Retin,2,2037,-5.823611,36.198056,179.084035,16.68140019
Retin,2,2038,-5.823611,36.198056,0.59316319,20.19216527
Retin,2,2039,-5.823611,36.198056,13.52434984,19.27609297
Retin,2,2040,-5.823611,36.198056,56.22668645,18.48591056
Retin,2,2041,-5.823611,36.198056,49.04596884,16.9575385
Retin,2,2042,-5.823611,36.198056,10.57861413,17.3046923
Retin,2,2043,-5.823611,36.198056,7.272709435,16.96467743
Retin,2,2044,-5.823611,36.198056,56.12857133,16.0719554
Retin,2,2045,-5.823611,36.198056,0.199379454,17.52630114
Retin,2,2046,-5.823611,36.198056,39.41483167,18.93705902
Retin,2,2047,-5.823611,36.198056,98.36188134,18.71438424
Retin,2,2048,-5.823611,36.198056,34.79930873,16.16847618
Retin,2,2049,-5.823611,36.198056,6.654261276,18.6117678
Retin,2,2050,-5.823611,36.198056,52.9768733,19.80603289
Retin,2,2051,-5.823611,36.198056,37.06225271,15.94048135
Retin,2,2052,-5.823611,36.198056,50.62299081,19.51571992
Retin,2,2053,-5.823611,36.198056,33.33280958,18.97352644
Retin,2,2054,-5.823611,36.198056,22.41842351,18.00753937
Retin,2,2055,-5.823611,36.198056,173.6229102,16.02065212
Retin,2,2056,-5.823611,36.198056,41.84685954,18.13659899
Retin,2,2057,-5.823611,36.198056,258.8497147,17.62719879
Retin,2,2058,-5.823611,36.198056,7.024919633,19.4596889
Retin,2,2059,-5.823611,36.198056,41.06380115,19.58617009
Retin,2,2060,-5.823611,36.198056,29.15400096,19.49183202
Retin,2,2061,-5.823611,36.198056,28.55458893,18.86664734
Retin,2,2062,-5.823611,36.198056,8.180491743,20.85216348
Retin,2,2063,-5.823611,36.198056,34.41153823,17.83122406
Retin,2,2064,-5.823611,36.198056,78.83844689,18.76286811
Retin,2,2065,-5.823611,36.198056,0.44062052,20.76121129
Retin,2,2066,-5.823611,36.198056,43.20273663,16.59253191
Retin,2,2067,-5.823611,36.198056,1.076668563,18.76984558
Retin,2,2068,-5.823611,36.198056,60.0480689,21.45482893
Retin,2,2069,-5.823611,36.198056,27.44775059,17.11824733
Retin,2,2070,-5.823611,36.198056,1.743949405,17.27575836
Retin,2,2071,-5.823611,36.198056,37.90593117,17.98743373
Retin,2,2072,-5.823611,36.198056,19.07279179,15.17323903
Retin,2,2073,-5.823611,36.198056,24.59636525,17.89089464
Retin,2,2074,-5.823611,36.198056,98.07290292,17.16537628
Retin,2,2075,-5.823611,36.198056,79.98366411,17.45073308
Retin,2,2076,-5.823611,36.198056,69.91104786,19.06215715
Retin,2,2077,-5.823611,36.198056,1.606999697,20.26520255
Retin,2,2078,-5.823611,36.198056,1.226761825,21.06067483
Retin,2,2079,-5.823611,36.198056,29.57545529,16.79200788
Retin,2,2080,-5.823611,36.198056,56.10985248,19.03727901
Retin,2,2081,-5.823611,36.198056,8.254038043,24.49400591
Retin,2,2082,-5.823611,36.198056,66.13259432,18.51585323
Retin,2,2083,-5.823611,36.198056,26.70068719,18.52299543
Retin,2,2084,-5.823611,36.198056,229.2113601,16.92083235
Retin,2,2085,-5.823611,36.198056,21.65452842,19.24328112
Retin,2,2086,-5.823611,36.198056,10.41850988,20.51861071
Retin,2,2087,-5.823611,36.198056,14.37429016,21.18221327
Retin,2,2088,-5.823611,36.198056,105.1481024,18.27816267
Retin,2,2089,-5.823611,36.198056,4.82569113,20.17535117
Retin,2,2090,-5.823611,36.198056,117.3776798,19.24999717
Retin,2,2091,-5.823611,36.198056,0.379549717,22.39638672
Retin,2,2092,-5.823611,36.198056,13.11827882,20.01249663
Retin,2,2093,-5.823611,36.198056,1.893103939,21.19300123
Retin,2,2094,-5.823611,36.198056,38.98222,20.85603921
Retin,2,2095,-5.823611,36.198056,1.019486352,17.5369921
Retin,2,2096,-5.823611,36.198056,44.05153086,18.97006036
Retin,2,2097,-5.823611,36.198056,48.37487391,20.27936489
Retin,2,2098,-5.823611,36.198056,2.100761146,20.43027104
Retin,2,2099,-5.823611,36.198056,1.169972139,20.16540244
Retin,2,2100,-5.823611,36.198056,3.391859402,21.54888851
Retin,3,2015,-5.823611,36.198056,21.14156406,18.4695915
Retin,3,2016,-5.823611,36.198056,6.316447055,19.1108426
Retin,3,2017,-5.823611,36.198056,38.22051648,20.66394417
Retin,3,2018,-5.823611,36.198056,79.88747305,17.04410361
Retin,3,2019,-5.823611,36.198056,27.49455574,21.51274237
Retin,3,2020,-5.823611,36.198056,31.91408679,21.2202432
Retin,3,2021,-5.823611,36.198056,47.61683611,17.77329358
Retin,3,2022,-5.823611,36.198056,39.4521669,17.32090789
Retin,3,2023,-5.823611,36.198056,6.938832623,19.29431133
Retin,3,2024,-5.823611,36.198056,397.2399699,16.73676797
Retin,3,2025,-5.823611,36.198056,21.33214378,19.75884006
Retin,3,2026,-5.823611,36.198056,38.9123286,17.01446514
Retin,3,2027,-5.823611,36.198056,41.31858824,19.63180621
Retin,3,2028,-5.823611,36.198056,79.81858299,19.15317245
Retin,3,2029,-5.823611,36.198056,32.69355654,19.93169457
Retin,3,2030,-5.823611,36.198056,83.47139983,19.5840206
Retin,3,2031,-5.823611,36.198056,37.03045956,19.32376473
Retin,3,2032,-5.823611,36.198056,111.0054285,19.30745456
Retin,3,2033,-5.823611,36.198056,61.69752233,16.45231166
Retin,3,2034,-5.823611,36.198056,25.01066731,17.70738151
Retin,3,2035,-5.823611,36.198056,37.84430874,19.51874842
Retin,3,2036,-5.823611,36.198056,7.81198495,19.32394389
Retin,3,2037,-5.823611,36.198056,41.77816939,22.22809704
Retin,3,2038,-5.823611,36.198056,22.74640047,23.72601889
Retin,3,2039,-5.823611,36.198056,0.634028501,19.52586493
Retin,3,2040,-5.823611,36.198056,1.226568429,20.0534095
Retin,3,2041,-5.823611,36.198056,31.69275376,21.1024611
Retin,3,2042,-5.823611,36.198056,5.597428596,22.62928605
Retin,3,2043,-5.823611,36.198056,34.58681125,21.02264385
Retin,3,2044,-5.823611,36.198056,32.23056259,18.61612116
Retin,3,2045,-5.823611,36.198056,6.044606217,22.08765023
Retin,3,2046,-5.823611,36.198056,11.78413434,20.1935098
Retin,3,2047,-5.823611,36.198056,121.659166,17.49314615
Retin,3,2048,-5.823611,36.198056,16.46908392,19.92403761
Retin,3,2049,-5.823611,36.198056,1.888850561,20.31097392
Retin,3,2050,-5.823611,36.198056,59.0913131,20.59436311
Retin,3,2051,-5.823611,36.198056,45.87254381,16.81954838
Retin,3,2052,-5.823611,36.198056,118.8354185,18.38307023
Retin,3,2053,-5.823611,36.198056,64.03316487,19.53878075
Retin,3,2054,-5.823611,36.198056,1.771527964,20.46428735
Retin,3,2055,-5.823611,36.198056,14.2507456,20.20053278
Retin,3,2056,-5.823611,36.198056,84.83072457,17.72991136
Retin,3,2057,-5.823611,36.198056,105.9971419,16.84741388
Retin,3,2058,-5.823611,36.198056,0.012416425,22.65127642
Retin,3,2059,-5.823611,36.198056,0.102285863,23.1678514
Retin,3,2060,-5.823611,36.198056,30.67990964,19.93002004
Retin,3,2061,-5.823611,36.198056,2.060031623,20.05822636
Retin,3,2062,-5.823611,36.198056,29.98257437,20.69498252
Retin,3,2063,-5.823611,36.198056,124.1590848,19.12562197
Retin,3,2064,-5.823611,36.198056,55.44269643,19.18131359
Retin,3,2065,-5.823611,36.198056,24.35506056,22.07108016
Retin,3,2066,-5.823611,36.198056,77.05354458,18.22588895
Retin,3,2067,-5.823611,36.198056,5.57418784,22.84744046
Retin,3,2068,-5.823611,36.198056,228.1488131,19.51824931
Retin,3,2069,-5.823611,36.198056,1.452203,21.55070328
Retin,3,2070,-5.823611,36.198056,45.95419023,17.48702688
Retin,3,2071,-5.823611,36.198056,59.32417659,16.85957661
Retin,3,2072,-5.823611,36.198056,19.2333948,18.53300112
Retin,3,2073,-5.823611,36.198056,11.6624118,19.95585957
Retin,3,2074,-5.823611,36.198056,61.89894344,19.8588629
Retin,3,2075,-5.823611,36.198056,39.40622692,20.18953464
Retin,3,2076,-5.823611,36.198056,38.29311874,20.75233784
Retin,3,2077,-5.823611,36.198056,0.316146409,23.41035491
Retin,3,2078,-5.823611,36.198056,6.072953016,25.52236131
Retin,3,2079,-5.823611,36.198056,37.93163005,19.88126772
Retin,3,2080,-5.823611,36.198056,13.89520033,20.52267338
Retin,3,2081,-5.823611,36.198056,16.50306793,26.08544804
Retin,3,2082,-5.823611,36.198056,68.3956121,19.59766098
Retin,3,2083,-5.823611,36.198056,13.51850047,22.30000138
Retin,3,2084,-5.823611,36.198056,11.71799461,20.54134521
Retin,3,2085,-5.823611,36.198056,32.29064703,22.28022697
Retin,3,2086,-5.823611,36.198056,4.171841098,20.73580618
Retin,3,2087,-5.823611,36.198056,0.03354871,21.97339143
Retin,3,2088,-5.823611,36.198056,125.5074471,20.35104449
Retin,3,2089,-5.823611,36.198056,5.042494271,23.24948986
Retin,3,2090,-5.823611,36.198056,191.5631373,19.33476681
Retin,3,2091,-5.823611,36.198056,14.51396789,24.50019768
Retin,3,2092,-5.823611,36.198056,82.78782396,19.99953909
Retin,3,2093,-5.823611,36.198056,2.025055079,22.31628792
Retin,3,2094,-5.823611,36.198056,0.87313252,23.83445671
Retin,3,2095,-5.823611,36.198056,17.67996637,24.05859651
Retin,3,2096,-5.823611,36.198056,27.95828157,19.94254505
Retin,3,2097,-5.823611,36.198056,14.788643,22.5125632
Retin,3,2098,-5.823611,36.198056,18.45211684,21.6356337
Retin,3,2099,-5.823611,36.198056,123.8643014,19.65403876
Retin,3,2100,-5.823611,36.198056,50.69616213,23.12559342
Retin,4,2015,-5.823611,36.198056,3.980655713,23.404953
Retin,4,2016,-5.823611,36.198056,13.36775209,23.06498006
Retin,4,2017,-5.823611,36.198056,14.83714044,22.49856466
Retin,4,2018,-5.823611,36.198056,82.24227537,19.44521077
Retin,4,2019,-5.823611,36.198056,77.12049397,20.91682332
Retin,4,2020,-5.823611,36.198056,23.25563309,22.2982961
Retin,4,2021,-5.823611,36.198056,66.78630692,19.39346619
Retin,4,2022,-5.823611,36.198056,92.72191801,20.04153951
Retin,4,2023,-5.823611,36.198056,100.6587187,19.53804728
Retin,4,2024,-5.823611,36.198056,20.51298608,19.64022725
Retin,4,2025,-5.823611,36.198056,87.58683771,20.17597656
Retin,4,2026,-5.823611,36.198056,39.27687432,18.0254069
Retin,4,2027,-5.823611,36.198056,15.02544833,22.85118815
Retin,4,2028,-5.823611,36.198056,12.00675958,21.20065715
Retin,4,2029,-5.823611,36.198056,12.79855053,20.68458964
Retin,4,2030,-5.823611,36.198056,33.86599872,20.23392131
Retin,4,2031,-5.823611,36.198056,17.75187851,23.77697957
Retin,4,2032,-5.823611,36.198056,18.37237365,20.92613424
Retin,4,2033,-5.823611,36.198056,64.2680714,20.15046488
Retin,4,2034,-5.823611,36.198056,4.464093093,22.24663391
Retin,4,2035,-5.823611,36.198056,23.32128395,21.59934489
Retin,4,2036,-5.823611,36.198056,49.66983046,22.09711202
Retin,4,2037,-5.823611,36.198056,45.38788717,23.07462769
Retin,4,2038,-5.823611,36.198056,72.63027271,22.16807556
Retin,4,2039,-5.823611,36.198056,103.3021782,19.18808594
Retin,4,2040,-5.823611,36.198056,22.37906813,20.19878235
Retin,4,2041,-5.823611,36.198056,12.21303292,20.71324361
Retin,4,2042,-5.823611,36.198056,35.28012273,23.31028748
Retin,4,2043,-5.823611,36.198056,12.53522901,20.83139954
Retin,4,2044,-5.823611,36.198056,2.021543698,21.99908854
Retin,4,2045,-5.823611,36.198056,16.73784722,23.57995199
Retin,4,2046,-5.823611,36.198056,50.69292167,19.93380432
Retin,4,2047,-5.823611,36.198056,3.608340742,20.82638143
Retin,4,2048,-5.823611,36.198056,57.81667499,18.93541667
Retin,4,2049,-5.823611,36.198056,25.76143888,20.27698059
Retin,4,2050,-5.823611,36.198056,76.95763541,21.30731099
Retin,4,2051,-5.823611,36.198056,32.42907054,21.86648763
Retin,4,2052,-5.823611,36.198056,72.65502151,20.00681966
Retin,4,2053,-5.823611,36.198056,49.26148424,20.45228882
Retin,4,2054,-5.823611,36.198056,30.33899419,21.94662476
Retin,4,2055,-5.823611,36.198056,7.552555449,19.98684591
Retin,4,2056,-5.823611,36.198056,34.54237188,22.29776611
Retin,4,2057,-5.823611,36.198056,74.27741782,20.1756307
Retin,4,2058,-5.823611,36.198056,25.41697845,22.89624532
Retin,4,2059,-5.823611,36.198056,31.94116185,23.0083374
Retin,4,2060,-5.823611,36.198056,45.87011599,21.47875264
Retin,4,2061,-5.823611,36.198056,18.81859447,23.35246684
Retin,4,2062,-5.823611,36.198056,3.334546768,25.05774231
Retin,4,2063,-5.823611,36.198056,46.70489289,20.7737915
Retin,4,2064,-5.823611,36.198056,4.585088305,20.51081136
Retin,4,2065,-5.823611,36.198056,31.10435223,21.13448792
Retin,4,2066,-5.823611,36.198056,6.874346084,22.32328186
Retin,4,2067,-5.823611,36.198056,74.01342813,24.19507853
Retin,4,2068,-5.823611,36.198056,10.04373296,24.34998779
Retin,4,2069,-5.823611,36.198056,28.83692506,23.90877889
Retin,4,2070,-5.823611,36.198056,0.893463544,24.11826579
Retin,4,2071,-5.823611,36.198056,53.77110456,19.28363342
Retin,4,2072,-5.823611,36.198056,19.83168068,23.1609141
Retin,4,2073,-5.823611,36.198056,6.920531781,22.99986471
Retin,4,2074,-5.823611,36.198056,12.99181036,22.93513184
Retin,4,2075,-5.823611,36.198056,12.08374131,22.46289063
Retin,4,2076,-5.823611,36.198056,4.423289101,25.71515605
Retin,4,2077,-5.823611,36.198056,26.71296102,25.89384359
Retin,4,2078,-5.823611,36.198056,33.59086833,24.28667603
Retin,4,2079,-5.823611,36.198056,7.36912555,25.57664897
Retin,4,2080,-5.823611,36.198056,35.75298705,22.68789063
Retin,4,2081,-5.823611,36.198056,10.30941715,25.17541199
Retin,4,2082,-5.823611,36.198056,10.68838762,23.73879191
Retin,4,2083,-5.823611,36.198056,15.32856128,24.39773763
Retin,4,2084,-5.823611,36.198056,34.2307468,21.93379313
Retin,4,2085,-5.823611,36.198056,63.0308737,20.44694214
Retin,4,2086,-5.823611,36.198056,18.73536459,25.42998962
Retin,4,2087,-5.823611,36.198056,80.01965957,20.13539124
Retin,4,2088,-5.823611,36.198056,93.29528756,20.1483256
Retin,4,2089,-5.823611,36.198056,3.711285996,24.07202047
Retin,4,2090,-5.823611,36.198056,32.37368729,22.75519409
Retin,4,2091,-5.823611,36.198056,4.476351293,27.49152934
Retin,4,2092,-5.823611,36.198056,10.31374918,23.00045878
Retin,4,2093,-5.823611,36.198056,20.90195642,23.60532532
Retin,4,2094,-5.823611,36.198056,36.99996236,22.19503479
Retin,4,2095,-5.823611,36.198056,9.912651933,24.93919271
Retin,4,2096,-5.823611,36.198056,44.46250334,20.49072876
Retin,4,2097,-5.823611,36.198056,26.34021237,23.67076721
Retin,4,2098,-5.823611,36.198056,58.61984239,21.93360189
Retin,4,2099,-5.823611,36.198056,114.8409556,23.47563477
Retin,4,2100,-5.823611,36.198056,3.791755309,25.93705953
Retin,5,2015,-5.823611,36.198056,58.16540941,22.86013774
Retin,5,2016,-5.823611,36.198056,1.834066998,25.74349464
Retin,5,2017,-5.823611,36.198056,93.42162333,20.36495854
Retin,5,2018,-5.823611,36.198056,78.28705487,20.21862281
Retin,5,2019,-5.823611,36.198056,25.31276115,24.87792851
Retin,5,2020,-5.823611,36.198056,54.58055098,22.41468644
Retin,5,2021,-5.823611,36.198056,27.86227864,24.70034081
Retin,5,2022,-5.823611,36.198056,62.13990253,20.68107733
Retin,5,2023,-5.823611,36.198056,26.88615254,21.82459264
Retin,5,2024,-5.823611,36.198056,2.369956454,25.46537712
Retin,5,2025,-5.823611,36.198056,34.12198928,23.84593526
Retin,5,2026,-5.823611,36.198056,19.42082085,23.38517692
Retin,5,2027,-5.823611,36.198056,16.67343069,25.01183275
Retin,5,2028,-5.823611,36.198056,20.0057091,23.84448912
Retin,5,2029,-5.823611,36.198056,5.765145134,26.32799683
Retin,5,2030,-5.823611,36.198056,40.81464735,23.13285857
Retin,5,2031,-5.823611,36.198056,20.49486808,27.36313929
Retin,5,2032,-5.823611,36.198056,24.30248453,23.08749272
Retin,5,2033,-5.823611,36.198056,12.89635915,25.64649894
Retin,5,2034,-5.823611,36.198056,12.10925597,25.6425858
Retin,5,2035,-5.823611,36.198056,109.5829207,21.23448703
Retin,5,2036,-5.823611,36.198056,4.399180185,29.60547348
Retin,5,2037,-5.823611,36.198056,35.8063841,25.67613644
Retin,5,2038,-5.823611,36.198056,83.32516964,22.01158172
Retin,5,2039,-5.823611,36.198056,25.57297972,24.11029624
Retin,5,2040,-5.823611,36.198056,38.04815139,23.26771476
Retin,5,2041,-5.823611,36.198056,33.67692662,23.40778159
Retin,5,2042,-5.823611,36.198056,7.989324152,26.22965245
Retin,5,2043,-5.823611,36.198056,44.09057901,24.08665397
Retin,5,2044,-5.823611,36.198056,2.650556112,24.65412145
Retin,5,2045,-5.823611,36.198056,2.377850559,26.35464852
Retin,5,2046,-5.823611,36.198056,14.87578503,23.37835969
Retin,5,2047,-5.823611,36.198056,22.01604245,22.72511715
Retin,5,2048,-5.823611,36.198056,11.02518169,23.25666937
Retin,5,2049,-5.823611,36.198056,10.33900119,26.23152682
Retin,5,2050,-5.823611,36.198056,8.874975864,23.42030167
Retin,5,2051,-5.823611,36.198056,2.037817864,26.11187626
Retin,5,2052,-5.823611,36.198056,8.957750541,23.94659404
Retin,5,2053,-5.823611,36.198056,28.83591564,23.90516594
Retin,5,2054,-5.823611,36.198056,0.3731371,27.58833933
Retin,5,2055,-5.823611,36.198056,16.75410804,25.91262502
Retin,5,2056,-5.823611,36.198056,20.2816005,26.003846
Retin,5,2057,-5.823611,36.198056,29.13701513,23.45933267
Retin,5,2058,-5.823611,36.198056,8.608688406,25.26887739
Retin,5,2059,-5.823611,36.198056,80.66377704,22.75882529
Retin,5,2060,-5.823611,36.198056,8.481035627,29.2059334
Retin,5,2061,-5.823611,36.198056,19.0680734,28.03199994
Retin,5,2062,-5.823611,36.198056,55.40855788,22.74530797
Retin,5,2063,-5.823611,36.198056,111.4727683,20.99189296
Retin,5,2064,-5.823611,36.198056,7.300432736,26.81644248
Retin,5,2065,-5.823611,36.198056,7.247081221,26.9122657
Retin,5,2066,-5.823611,36.198056,2.984258415,25.19902167
Retin,5,2067,-5.823611,36.198056,4.825048621,26.41834855
Retin,5,2068,-5.823611,36.198056,22.37825378,24.79623984
Retin,5,2069,-5.823611,36.198056,0.662233415,28.70919977
Retin,5,2070,-5.823611,36.198056,31.86085273,26.01972794
Retin,5,2071,-5.823611,36.198056,16.38780819,24.94542551
Retin,5,2072,-5.823611,36.198056,4.250646118,27.77663673
Retin,5,2073,-5.823611,36.198056,22.66377376,27.45206063
Retin,5,2074,-5.823611,36.198056,19.29220268,24.61699928
Retin,5,2075,-5.823611,36.198056,80.50677201,21.75266369
Retin,5,2076,-5.823611,36.198056,0.151011823,26.64391775
Retin,5,2077,-5.823611,36.198056,86.87131131,25.57284625
Retin,5,2078,-5.823611,36.198056,79.31028081,20.00524489
Retin,5,2079,-5.823611,36.198056,1.711971766,29.28732772
Retin,5,2080,-5.823611,36.198056,14.89385303,27.68423639
Retin,5,2081,-5.823611,36.198056,29.89577408,26.07747606
Retin,5,2082,-5.823611,36.198056,30.44994209,27.49537688
Retin,5,2083,-5.823611,36.198056,22.25689927,27.83772406
Retin,5,2084,-5.823611,36.198056,2.271701907,26.82408762
Retin,5,2085,-5.823611,36.198056,4.670534858,26.77786432
Retin,5,2086,-5.823611,36.198056,12.78525258,28.5664218
Retin,5,2087,-5.823611,36.198056,31.72441508,25.45163043
Retin,5,2088,-5.823611,36.198056,17.76405291,24.31252638
Retin,5,2089,-5.823611,36.198056,1.872311651,29.23057783
Retin,5,2090,-5.823611,36.198056,2.277914309,26.70277434
Retin,5,2091,-5.823611,36.198056,0.411349852,32.13380757
Retin,5,2092,-5.823611,36.198056,21.92962724,26.79192899
Retin,5,2093,-5.823611,36.198056,2.774048664,28.71233127
Retin,5,2094,-5.823611,36.198056,10.39104529,27.04830224
Retin,5,2095,-5.823611,36.198056,10.00027642,34.11435114
Retin,5,2096,-5.823611,36.198056,0.492501364,27.60194131
Retin,5,2097,-5.823611,36.198056,50.61176686,25.67628902
Retin,5,2098,-5.823611,36.198056,3.323127741,26.76284672
Retin,5,2099,-5.823611,36.198056,4.862430735,27.66451022
Retin,5,2100,-5.823611,36.198056,23.84080347,28.8303388
Retin,6,2015,-5.823611,36.198056,4.179266097,24.22317912
Retin,6,2016,-5.823611,36.198056,3.875077983,30.26438599
Retin,6,2017,-5.823611,36.198056,9.204705881,24.44998779
Retin,6,2018,-5.823611,36.198056,37.02064186,26.31885173
Retin,6,2019,-5.823611,36.198056,45.37803578,24.90482992
Retin,6,2020,-5.823611,36.198056,10.76698647,27.86036072
Retin,6,2021,-5.823611,36.198056,25.67924159,28.75349426
Retin,6,2022,-5.823611,36.198056,14.6035622,27.56268412
Retin,6,2023,-5.823611,36.198056,38.75998566,24.38630575
Retin,6,2024,-5.823611,36.198056,8.085883232,27.28536784
Retin,6,2025,-5.823611,36.198056,24.89301033,26.55592143
Retin,6,2026,-5.823611,36.198056,17.03883053,28.4945516
Retin,6,2027,-5.823611,36.198056,14.90286178,29.58894755
Retin,6,2028,-5.823611,36.198056,49.73671253,25.9792572
Retin,6,2029,-5.823611,36.198056,22.11312284,32.01370646
Retin,6,2030,-5.823611,36.198056,6.061930122,30.53384196
Retin,6,2031,-5.823611,36.198056,3.440114508,28.50644938
Retin,6,2032,-5.823611,36.198056,7.47319731,26.60558472
Retin,6,2033,-5.823611,36.198056,15.67352916,27.11918132
Retin,6,2034,-5.823611,36.198056,13.50103264,29.48628947
Retin,6,2035,-5.823611,36.198056,3.684059464,29.25950012
Retin,6,2036,-5.823611,36.198056,16.51678389,32.18182373
Retin,6,2037,-5.823611,36.198056,16.77444086,28.46223246
Retin,6,2038,-5.823611,36.198056,3.482655993,27.89947713
Retin,6,2039,-5.823611,36.198056,0.61855203,30.91917725
Retin,6,2040,-5.823611,36.198056,7.00961674,29.53592733
Retin,6,2041,-5.823611,36.198056,7.864874756,31.34263509
Retin,6,2042,-5.823611,36.198056,22.45648817,31.52772827
Retin,6,2043,-5.823611,36.198056,2.861916394,31.11070557
Retin,6,2044,-5.823611,36.198056,33.27680756,27.12365112
Retin,6,2045,-5.823611,36.198056,1.94380266,31.70869649
Retin,6,2046,-5.823611,36.198056,24.55381319,30.28508708
Retin,6,2047,-5.823611,36.198056,23.95610931,29.64769389
Retin,6,2048,-5.823611,36.198056,1.970198009,29.05288798
Retin,6,2049,-5.823611,36.198056,0.993699212,29.52504578
Retin,6,2050,-5.823611,36.198056,1.833798384,29.79972738
Retin,6,2051,-5.823611,36.198056,2.943631702,31.03122355
Retin,6,2052,-5.823611,36.198056,4.251373112,26.76231384
Retin,6,2053,-5.823611,36.198056,1.719061862,30.15794983
Retin,6,2054,-5.823611,36.198056,8.95506026,30.31961568
Retin,6,2055,-5.823611,36.198056,6.86238134,27.00394999
Retin,6,2056,-5.823611,36.198056,23.48936692,31.08192037
Retin,6,2057,-5.823611,36.198056,4.359116234,28.80618998
Retin,6,2058,-5.823611,36.198056,6.43886557,33.68961995
Retin,6,2059,-5.823611,36.198056,25.38927611,26.74302979
Retin,6,2060,-5.823611,36.198056,3.656187239,32.35302531
Retin,6,2061,-5.823611,36.198056,4.525456467,29.7113444
Retin,6,2062,-5.823611,36.198056,10.07820036,32.44019267
Retin,6,2063,-5.823611,36.198056,1.411355008,29.08011678
Retin,6,2064,-5.823611,36.198056,9.22929482,29.7434316
Retin,6,2065,-5.823611,36.198056,9.971115258,29.83448588
Retin,6,2066,-5.823611,36.198056,5.077866736,30.26327209
Retin,6,2067,-5.823611,36.198056,7.562930627,33.71459249
Retin,6,2068,-5.823611,36.198056,2.632966264,29.67860514
Retin,6,2069,-5.823611,36.198056,12.02139964,31.93827413
Retin,6,2070,-5.823611,36.198056,2.026379678,29.11600037
Retin,6,2071,-5.823611,36.198056,1.049116402,29.15966288
Retin,6,2072,-5.823611,36.198056,0.13888885,31.5096995
Retin,6,2073,-5.823611,36.198056,25.06272693,28.11733398
Retin,6,2074,-5.823611,36.198056,0.738042565,28.08948059
Retin,6,2075,-5.823611,36.198056,1.779487306,32.06148987
Retin,6,2076,-5.823611,36.198056,0.956342786,34.56259664
Retin,6,2077,-5.823611,36.198056,44.76109946,30.03966878
Retin,6,2078,-5.823611,36.198056,14.64570569,29.61026713
Retin,6,2079,-5.823611,36.198056,1.532276241,35.04017436
Retin,6,2080,-5.823611,36.198056,4.435497642,32.26651408
Retin,6,2081,-5.823611,36.198056,3.112090905,33.63148905
Retin,6,2082,-5.823611,36.198056,16.7764739,35.3125824
Retin,6,2083,-5.823611,36.198056,2.053591341,33.89059041
Retin,6,2084,-5.823611,36.198056,4.020261553,30.8069692
Retin,6,2085,-5.823611,36.198056,2.987506135,31.86766866
Retin,6,2086,-5.823611,36.198056,0.816531273,30.57083842
Retin,6,2087,-5.823611,36.198056,0.310096052,30.759139
Retin,6,2088,-5.823611,36.198056,0.676022547,30.1403656
Retin,6,2089,-5.823611,36.198056,0.411142198,32.25660909
Retin,6,2090,-5.823611,36.198056,7.060658783,32.91844482
Retin,6,2091,-5.823611,36.198056,3.002614655,32.22676799
Retin,6,2092,-5.823611,36.198056,8.377170424,31.33804728
Retin,6,2093,-5.823611,36.198056,28.55966447,31.442571
Retin,6,2094,-5.823611,36.198056,0.321762583,35.11186829
Retin,6,2095,-5.823611,36.198056,1.897151471,34.46496582
Retin,6,2096,-5.823611,36.198056,28.12709271,31.0926239
Retin,6,2097,-5.823611,36.198056,1.17506507,31.05032857
Retin,6,2098,-5.823611,36.198056,0.80817937,32.14435221
Retin,6,2099,-5.823611,36.198056,10.58061437,33.57809143
Retin,6,2100,-5.823611,36.198056,19.07839967,35.05990601
Retin,7,2015,-5.823611,36.198056,6.614376294,32.58215017
Retin,7,2016,-5.823611,36.198056,7.918615464,32.81746137
Retin,7,2017,-5.823611,36.198056,11.14929312,31.88871302
Retin,7,2018,-5.823611,36.198056,39.9903541,28.47158695
Retin,7,2019,-5.823611,36.198056,5.198329116,31.05904246
Retin,7,2020,-5.823611,36.198056,1.558689973,31.5941357
Retin,7,2021,-5.823611,36.198056,3.752513714,33.51770098
Retin,7,2022,-5.823611,36.198056,0.018460462,32.57700451
Retin,7,2023,-5.823611,36.198056,0.182822401,28.21475298
Retin,7,2024,-5.823611,36.198056,3.021994176,30.22302817
Retin,7,2025,-5.823611,36.198056,7.070899172,32.02799624
Retin,7,2026,-5.823611,36.198056,2.691632561,30.11186445
Retin,7,2027,-5.823611,36.198056,0.136364113,32.96609379
Retin,7,2028,-5.823611,36.198056,12.23129889,31.58398122
Retin,7,2029,-5.823611,36.198056,2.904963339,34.93783156
Retin,7,2030,-5.823611,36.198056,2.140051314,30.84563303
Retin,7,2031,-5.823611,36.198056,4.256755,34.5782833
Retin,7,2032,-5.823611,36.198056,5.919486947,32.7484946
Retin,7,2033,-5.823611,36.198056,1.342476263,32.50285664
Retin,7,2034,-5.823611,36.198056,0.751332261,36.65273438
Retin,7,2035,-5.823611,36.198056,5.874728993,32.76221865
Retin,7,2036,-5.823611,36.198056,0.023982674,35.93222322
Retin,7,2037,-5.823611,36.198056,0.937402377,33.53207181
Retin,7,2038,-5.823611,36.198056,0.532565176,33.96321923
Retin,7,2039,-5.823611,36.198056,14.49431165,33.38451932
Retin,7,2040,-5.823611,36.198056,0.015448835,34.62405277
Retin,7,2041,-5.823611,36.198056,16.7735271,33.87276119
Retin,7,2042,-5.823611,36.198056,4.018370159,32.11935405
Retin,7,2043,-5.823611,36.198056,0.548323308,33.96219345
Retin,7,2044,-5.823611,36.198056,8.69200097,32.52252178
Retin,7,2045,-5.823611,36.198056,11.72908024,36.63125295
Retin,7,2046,-5.823611,36.198056,5.677719827,34.66272937
Retin,7,2047,-5.823611,36.198056,19.56021717,31.23765397
Retin,7,2048,-5.823611,36.198056,4.413840916,30.65094959
Retin,7,2049,-5.823611,36.198056,24.83414637,30.80981426
Retin,7,2050,-5.823611,36.198056,8.322895885,29.87536109
Retin,7,2051,-5.823611,36.198056,4.190661808,36.53641416
Retin,7,2052,-5.823611,36.198056,0.140424609,32.25182101
Retin,7,2053,-5.823611,36.198056,0.375819776,34.28693592
Retin,7,2054,-5.823611,36.198056,3.750724479,37.68884356
Retin,7,2055,-5.823611,36.198056,2.662270077,31.38992191
Retin,7,2056,-5.823611,36.198056,0.010440688,34.51703157
Retin,7,2057,-5.823611,36.198056,1.803107934,31.85178085
Retin,7,2058,-5.823611,36.198056,14.65776195,37.09367105
Retin,7,2059,-5.823611,36.198056,2.171850543,31.47696002
Retin,7,2060,-5.823611,36.198056,3.489218007,36.02538058
Retin,7,2061,-5.823611,36.198056,5.920144703,37.05704306
Retin,7,2062,-5.823611,36.198056,0.683232376,35.86868759
Retin,7,2063,-5.823611,36.198056,1.983878843,32.3591474
Retin,7,2064,-5.823611,36.198056,0.075588221,33.91991282
Retin,7,2065,-5.823611,36.198056,0.602908351,32.83981993
Retin,7,2066,-5.823611,36.198056,0.882856371,33.81109009
Retin,7,2067,-5.823611,36.198056,2.962432906,35.92523961
Retin,7,2068,-5.823611,36.198056,2.349382888,35.41807881
Retin,7,2069,-5.823611,36.198056,5.975731027,36.19620322
Retin,7,2070,-5.823611,36.198056,2.385851386,31.07968612
Retin,7,2071,-5.823611,36.198056,4.863604403,33.72343474
Retin,7,2072,-5.823611,36.198056,0.411089692,37.37409806
Retin,7,2073,-5.823611,36.198056,7.059901102,35.92171729
Retin,7,2074,-5.823611,36.198056,0.105910736,34.39234855
Retin,7,2075,-5.823611,36.198056,0.111988494,36.10210178
Retin,7,2076,-5.823611,36.198056,1.128008526,38.19448045
Retin,7,2077,-5.823611,36.198056,0.262781512,35.90645063
Retin,7,2078,-5.823611,36.198056,0.884588108,35.56866632
Retin,7,2079,-5.823611,36.198056,0.698315177,37.85181137
Retin,7,2080,-5.823611,36.198056,4.763193397,36.4249049
Retin,7,2081,-5.823611,36.198056,3.046737887,39.93165126
Retin,7,2082,-5.823611,36.198056,2.801830998,36.28684338
Retin,7,2083,-5.823611,36.198056,0.283510166,37.81145433
Retin,7,2084,-5.823611,36.198056,12.3683819,37.55291531
Retin,7,2085,-5.823611,36.198056,6.653833015,37.61948695
Retin,7,2086,-5.823611,36.198056,1.637011998,38.02537665
Retin,7,2087,-5.823611,36.198056,12.26263362,35.71668248
Retin,7,2088,-5.823611,36.198056,1.871686346,35.72889739
Retin,7,2089,-5.823611,36.198056,5.035443549,35.90165937
Retin,7,2090,-5.823611,36.198056,2.828571385,36.32000221
Retin,7,2091,-5.823611,36.198056,4.30349689,36.2103742
Retin,7,2092,-5.823611,36.198056,4.322878494,37.48473511
Retin,7,2093,-5.823611,36.198056,0.615391958,38.47552667
Retin,7,2094,-5.823611,36.198056,0.885442085,36.30777745
Retin,7,2095,-5.823611,36.198056,0.354128004,39.79071616
Retin,7,2096,-5.823611,36.198056,6.368586479,36.16579688
Retin,7,2097,-5.823611,36.198056,0.249272864,36.2565788
Retin,7,2098,-5.823611,36.198056,0.093508269,38.28468549
Retin,7,2099,-5.823611,36.198056,3.283971616,37.92681767
Retin,7,2100,-5.823611,36.198056,20.97232642,34.14682873
Retin,8,2015,-5.823611,36.198056,1.812579913,33.68391153
Retin,8,2016,-5.823611,36.198056,3.836425513,33.01509321
Retin,8,2017,-5.823611,36.198056,5.479248107,32.91282191
Retin,8,2018,-5.823611,36.198056,2.341330866,28.38091431
Retin,8,2019,-5.823611,36.198056,4.188169134,33.78366168
Retin,8,2020,-5.823611,36.198056,0.143933367,33.29241431
Retin,8,2021,-5.823611,36.198056,3.050247327,34.54430542
Retin,8,2022,-5.823611,36.198056,0.065820155,33.15273339
Retin,8,2023,-5.823611,36.198056,3.235040197,33.29899627
Retin,8,2024,-5.823611,36.198056,1.297361922,34.22175628
Retin,8,2025,-5.823611,36.198056,0.155066824,34.64162401
Retin,8,2026,-5.823611,36.198056,0.29888228,33.73250142
Retin,8,2027,-5.823611,36.198056,0.355396956,34.16851689
Retin,8,2028,-5.823611,36.198056,0.719611516,34.04135014
Retin,8,2029,-5.823611,36.198056,3.359225426,35.56483883
Retin,8,2030,-5.823611,36.198056,0.786594811,33.34141964
Retin,8,2031,-5.823611,36.198056,6.362042601,36.0819966
Retin,8,2032,-5.823611,36.198056,4.966518812,34.69112549
Retin,8,2033,-5.823611,36.198056,8.75394219521371e-05,35.15045245
Retin,8,2034,-5.823611,36.198056,0.77248632,35.16923356
Retin,8,2035,-5.823611,36.198056,2.656668573,33.83475302
Retin,8,2036,-5.823611,36.198056,0.000200825,33.72615179
Retin,8,2037,-5.823611,36.198056,2.430408255,35.36210367
Retin,8,2038,-5.823611,36.198056,5.7880241191278e-07,34.63381938
Retin,8,2039,-5.823611,36.198056,0.005243746,33.42732957
Retin,8,2040,-5.823611,36.198056,1.616749552,34.72909625
Retin,8,2041,-5.823611,36.198056,7.853370613,33.6143915
Retin,8,2042,-5.823611,36.198056,0.336482505,36.49224243
Retin,8,2043,-5.823611,36.198056,0.796275343,34.59725932
Retin,8,2044,-5.823611,36.198056,0.735153707,34.85718541
Retin,8,2045,-5.823611,36.198056,6.057568199,33.91633931
Retin,8,2046,-5.823611,36.198056,3.08244,35.09443793
Retin,8,2047,-5.823611,36.198056,3.661758672,34.7065979
Retin,8,2048,-5.823611,36.198056,0.53336823,35.15486076
Retin,8,2049,-5.823611,36.198056,11.56898796,31.41866455
Retin,8,2050,-5.823611,36.198056,0.120445045,33.89918351
Retin,8,2051,-5.823611,36.198056,2.085026505,32.1848054
Retin,8,2052,-5.823611,36.198056,0.44400246,35.06899906
Retin,8,2053,-5.823611,36.198056,0.038233,34.17724491
Retin,8,2054,-5.823611,36.198056,0.107312707,34.07328924
Retin,8,2055,-5.823611,36.198056,0.000224032,34.77614451
Retin,8,2056,-5.823611,36.198056,0.10698781,33.0923076
Retin,8,2057,-5.823611,36.198056,0.18721995,34.28188083
Retin,8,2058,-5.823611,36.198056,2.800293381,35.68282274
Retin,8,2059,-5.823611,36.198056,0.021406434,33.11261459
Retin,8,2060,-5.823611,36.198056,0.77092631,34.57999622
Retin,8,2061,-5.823611,36.198056,0.160041125,35.89577046
Retin,8,2062,-5.823611,36.198056,11.51595554,34.73864628
Retin,8,2063,-5.823611,36.198056,0.609522258,31.48903218
Retin,8,2064,-5.823611,36.198056,3.216742613,35.87345522
Retin,8,2065,-5.823611,36.198056,0.316506651,35.26040433
Retin,8,2066,-5.823611,36.198056,0.91396323,37.40763786
Retin,8,2067,-5.823611,36.198056,7.964400369,35.08279793
Retin,8,2068,-5.823611,36.198056,8.52647962,36.91404458
Retin,8,2069,-5.823611,36.198056,0.010618881,34.74232414
Retin,8,2070,-5.823611,36.198056,4.759722345,34.14140349
Retin,8,2071,-5.823611,36.198056,7.843124226,36.08481012
Retin,8,2072,-5.823611,36.198056,1.658885954,34.23678569
Retin,8,2073,-5.823611,36.198056,0.000273263,37.28966675
Retin,8,2074,-5.823611,36.198056,0.378888641,38.20734017
Retin,8,2075,-5.823611,36.198056,1.579699371,37.32466549
Retin,8,2076,-5.823611,36.198056,0.815372792,35.88284873
Retin,8,2077,-5.823611,36.198056,1.698270341,34.64200203
Retin,8,2078,-5.823611,36.198056,1.224415873,35.47622759
Retin,8,2079,-5.823611,36.198056,0.648364261,37.72300454
Retin,8,2080,-5.823611,36.198056,0.176779968,35.68188358
Retin,8,2081,-5.823611,36.198056,0.369621164,33.12177183
Retin,8,2082,-5.823611,36.198056,3.371062171,37.63489833
Retin,8,2083,-5.823611,36.198056,1.198548068,34.43329527
Retin,8,2084,-5.823611,36.198056,0.947891277,35.1089702
Retin,8,2085,-5.823611,36.198056,0.861207014,36.53933795
Retin,8,2086,-5.823611,36.198056,0.040452753,35.55720057
Retin,8,2087,-5.823611,36.198056,3.188592758,35.43356205
Retin,8,2088,-5.823611,36.198056,0.181904456,34.54935559
Retin,8,2089,-5.823611,36.198056,7.161648492,35.71623949
Retin,8,2090,-5.823611,36.198056,6.54885438911182e-05,36.46599141
Retin,8,2091,-5.823611,36.198056,2.041437856,38.92225677
Retin,8,2092,-5.823611,36.198056,0.488792204,38.5452495
Retin,8,2093,-5.823611,36.198056,0.008700224,37.31197707
Retin,8,2094,-5.823611,36.198056,1.405136205,39.74673048
Retin,8,2095,-5.823611,36.198056,1.479205664,37.63531967
Retin,8,2096,-5.823611,36.198056,0.477066654,35.38764392
Retin,8,2097,-5.823611,36.198056,0.862698086,37.66111686
Retin,8,2098,-5.823611,36.198056,0.013817874,35.33694734
Retin,8,2099,-5.823611,36.198056,0.397587269,39.86949876
Retin,8,2100,-5.823611,36.198056,0.274781534,35.53255812
Retin,9,2015,-5.823611,36.198056,10.0610345,28.55563151
Retin,9,2016,-5.823611,36.198056,1.583939006,29.69663493
Retin,9,2017,-5.823611,36.198056,1.12663935,30.25051982
Retin,9,2018,-5.823611,36.198056,46.99559689,28.17325745
Retin,9,2019,-5.823611,36.198056,15.44030709,27.7295695
Retin,9,2020,-5.823611,36.198056,5.176320712,28.06356913
Retin,9,2021,-5.823611,36.198056,0.028165093,31.59545186
Retin,9,2022,-5.823611,36.198056,8.103545075,29.03036804
Retin,9,2023,-5.823611,36.198056,3.254719785,27.63254598
Retin,9,2024,-5.823611,36.198056,20.43909524,27.86826274
Retin,9,2025,-5.823611,36.198056,7.904002296,30.82803955
Retin,9,2026,-5.823611,36.198056,14.91149868,29.65047201
Retin,9,2027,-5.823611,36.198056,3.835008886,30.30138753
Retin,9,2028,-5.823611,36.198056,29.38268704,29.77480062
Retin,9,2029,-5.823611,36.198056,2.584425842,29.83621826
Retin,9,2030,-5.823611,36.198056,40.33529921,28.53342489
Retin,9,2031,-5.823611,36.198056,45.8376753,29.82638957
Retin,9,2032,-5.823611,36.198056,20.97934256,30.6774353
Retin,9,2033,-5.823611,36.198056,5.054163104,29.64972432
Retin,9,2034,-5.823611,36.198056,54.42464509,28.62459005
Retin,9,2035,-5.823611,36.198056,9.339237791,31.25997111
Retin,9,2036,-5.823611,36.198056,1.659962922,31.64155884
Retin,9,2037,-5.823611,36.198056,5.312906016,31.54193726
Retin,9,2038,-5.823611,36.198056,1.416570025,31.2628774
Retin,9,2039,-5.823611,36.198056,1.771028164,31.66185811
Retin,9,2040,-5.823611,36.198056,2.130221392,30.45791016
Retin,9,2041,-5.823611,36.198056,23.51457822,28.53762614
Retin,9,2042,-5.823611,36.198056,7.043902661,29.7775706
Retin,9,2043,-5.823611,36.198056,8.677808271,29.48277995
Retin,9,2044,-5.823611,36.198056,57.45632612,28.86291606
Retin,9,2045,-5.823611,36.198056,0.899320643,31.65069275
Retin,9,2046,-5.823611,36.198056,40.04431477,28.21285197
Retin,9,2047,-5.823611,36.198056,1.278571734,30.91669413
Retin,9,2048,-5.823611,36.198056,5.041441114,30.92924601
Retin,9,2049,-5.823611,36.198056,32.74884853,28.32526347
Retin,9,2050,-5.823611,36.198056,4.43189689,33.87539978
Retin,9,2051,-5.823611,36.198056,3.040729938,30.2391215
Retin,9,2052,-5.823611,36.198056,10.44938009,31.08060201
Retin,9,2053,-5.823611,36.198056,0.91029843,32.19137065
Retin,9,2054,-5.823611,36.198056,24.03279632,28.76825765
Retin,9,2055,-5.823611,36.198056,4.599529882,31.9601827
Retin,9,2056,-5.823611,36.198056,6.37098657,31.77308044
Retin,9,2057,-5.823611,36.198056,4.709285911,30.57212016
Retin,9,2058,-5.823611,36.198056,15.05280191,31.40626119
Retin,9,2059,-5.823611,36.198056,2.213997984,29.19277344
Retin,9,2060,-5.823611,36.198056,0.000281201,29.71391907
Retin,9,2061,-5.823611,36.198056,16.71133126,32.2214386
Retin,9,2062,-5.823611,36.198056,7.259377297,31.51443583
Retin,9,2063,-5.823611,36.198056,2.356064337,30.97342224
Retin,9,2064,-5.823611,36.198056,22.796601,31.90858053
Retin,9,2065,-5.823611,36.198056,8.545749622,30.7799408
Retin,9,2066,-5.823611,36.198056,6.206967273,30.45432943
Retin,9,2067,-5.823611,36.198056,0.295801765,31.28473918
Retin,9,2068,-5.823611,36.198056,5.862376263,32.55746663
Retin,9,2069,-5.823611,36.198056,4.033959499,31.83783061
Retin,9,2070,-5.823611,36.198056,2.981367424,31.65957947
Retin,9,2071,-5.823611,36.198056,6.568766053,30.61669515
Retin,9,2072,-5.823611,36.198056,22.29211216,29.98851217
Retin,9,2073,-5.823611,36.198056,17.30209967,32.18113302
Retin,9,2074,-5.823611,36.198056,29.31142183,32.10409342
Retin,9,2075,-5.823611,36.198056,4.326945961,32.93305969
Retin,9,2076,-5.823611,36.198056,17.43430007,29.1223114
Retin,9,2077,-5.823611,36.198056,1.250018519,33.02405802
Retin,9,2078,-5.823611,36.198056,2.912348486,32.94689738
Retin,9,2079,-5.823611,36.198056,3.013435416,34.40709025
Retin,9,2080,-5.823611,36.198056,0.349422194,32.22659505
Retin,9,2081,-5.823611,36.198056,10.44266146,33.7454071
Retin,9,2082,-5.823611,36.198056,2.188149752,33.23472493
Retin,9,2083,-5.823611,36.198056,0.582367109,32.89139811
Retin,9,2084,-5.823611,36.198056,6.198372161,34.95570984
Retin,9,2085,-5.823611,36.198056,4.397201831,33.63905131
Retin,9,2086,-5.823611,36.198056,9.830974482,31.44564718
Retin,9,2087,-5.823611,36.198056,2.375005861,32.17148641
Retin,9,2088,-5.823611,36.198056,4.216863032,31.20906576
Retin,9,2089,-5.823611,36.198056,29.32064327,30.79909058
Retin,9,2090,-5.823611,36.198056,16.25387439,31.35024109
Retin,9,2091,-5.823611,36.198056,0.679011165,32.70965678
Retin,9,2092,-5.823611,36.198056,9.373098957,34.33897909
Retin,9,2093,-5.823611,36.198056,9.093137395,33.46183268
Retin,9,2094,-5.823611,36.198056,0.773676636,31.99041138
Retin,9,2095,-5.823611,36.198056,9.575280971,32.21494548
Retin,9,2096,-5.823611,36.198056,4.996537537,32.89479268
Retin,9,2097,-5.823611,36.198056,3.423957874,33.36339518
Retin,9,2098,-5.823611,36.198056,5.425318349,34.85333455
Retin,9,2099,-5.823611,36.198056,0.337147171,35.29749756
Retin,9,2100,-5.823611,36.198056,1.588211784,35.38831482
SCarbDist,1,2015,-5.360555556,36.20638889,148.6920956,15.35110552
SCarbDist,1,2016,-5.360555556,36.20638889,46.35068784,14.30779911
SCarbDist,1,2017,-5.360555556,36.20638889,4.635573072,16.80523564
SCarbDist,1,2018,-5.360555556,36.20638889,259.3754261,15.07201833
SCarbDist,1,2019,-5.360555556,36.20638889,41.57295115,16.34288645
SCarbDist,1,2020,-5.360555556,36.20638889,0.521467545,16.33766991
SCarbDist,1,2021,-5.360555556,36.20638889,11.13536214,16.33353035
SCarbDist,1,2022,-5.360555556,36.20638889,40.63426257,18.14332216
SCarbDist,1,2023,-5.360555556,36.20638889,267.1923557,15.21472148
SCarbDist,1,2024,-5.360555556,36.20638889,94.40513422,16.07122783
SCarbDist,1,2025,-5.360555556,36.20638889,1.328113762,16.26477031
SCarbDist,1,2026,-5.360555556,36.20638889,20.72990226,17.04964796
SCarbDist,1,2027,-5.360555556,36.20638889,9.472605261,17.49324164
SCarbDist,1,2028,-5.360555556,36.20638889,122.8114425,16.70897926
SCarbDist,1,2029,-5.360555556,36.20638889,10.60890634,15.8353742
SCarbDist,1,2030,-5.360555556,36.20638889,175.2361346,16.10477354
SCarbDist,1,2031,-5.360555556,36.20638889,57.93201377,15.70587335
SCarbDist,1,2032,-5.360555556,36.20638889,329.8304274,17.13123917
SCarbDist,1,2033,-5.360555556,36.20638889,25.75290802,17.01186031
SCarbDist,1,2034,-5.360555556,36.20638889,25.66329997,15.56049549
SCarbDist,1,2035,-5.360555556,36.20638889,30.58666854,17.23324762
SCarbDist,1,2036,-5.360555556,36.20638889,57.61092261,16.50154832
SCarbDist,1,2037,-5.360555556,36.20638889,12.84915344,17.69273997
SCarbDist,1,2038,-5.360555556,36.20638889,1.410465829,16.88306629
SCarbDist,1,2039,-5.360555556,36.20638889,9.159301129,16.04130879
SCarbDist,1,2040,-5.360555556,36.20638889,27.14518124,17.22523134
SCarbDist,1,2041,-5.360555556,36.20638889,84.97548874,17.53889003
SCarbDist,1,2042,-5.360555556,36.20638889,7.291126221,16.08390739
SCarbDist,1,2043,-5.360555556,36.20638889,98.21252904,16.18837595
SCarbDist,1,2044,-5.360555556,36.20638889,1.663969992,16.09407762
SCarbDist,1,2045,-5.360555556,36.20638889,168.1033491,17.90340872
SCarbDist,1,2046,-5.360555556,36.20638889,67.6809257,14.41448856
SCarbDist,1,2047,-5.360555556,36.20638889,124.784941,17.23768744
SCarbDist,1,2048,-5.360555556,36.20638889,47.83288685,15.70486726
SCarbDist,1,2049,-5.360555556,36.20638889,40.85926167,16.66633143
SCarbDist,1,2050,-5.360555556,36.20638889,55.46922596,17.40782786
SCarbDist,1,2051,-5.360555556,36.20638889,20.9551938,14.76134742
SCarbDist,1,2052,-5.360555556,36.20638889,91.5245869,18.60529923
SCarbDist,1,2053,-5.360555556,36.20638889,27.58451333,18.34124342
SCarbDist,1,2054,-5.360555556,36.20638889,86.17398614,17.86575199
SCarbDist,1,2055,-5.360555556,36.20638889,67.22753179,18.80501807
SCarbDist,1,2056,-5.360555556,36.20638889,33.15935757,13.41811031
SCarbDist,1,2057,-5.360555556,36.20638889,121.7669887,18.10323191
SCarbDist,1,2058,-5.360555556,36.20638889,0.633242751,16.18867916
SCarbDist,1,2059,-5.360555556,36.20638889,140.9900707,18.07274682
SCarbDist,1,2060,-5.360555556,36.20638889,30.22115126,16.76927116
SCarbDist,1,2061,-5.360555556,36.20638889,104.0235026,15.35499504
SCarbDist,1,2062,-5.360555556,36.20638889,49.29441073,19.59890137
SCarbDist,1,2063,-5.360555556,36.20638889,294.5822595,16.3036881
SCarbDist,1,2064,-5.360555556,36.20638889,110.5681697,15.91744975
SCarbDist,1,2065,-5.360555556,36.20638889,13.78000619,17.87626579
SCarbDist,1,2066,-5.360555556,36.20638889,61.51332993,15.95706551
SCarbDist,1,2067,-5.360555556,36.20638889,9.190037741,17.44954736
SCarbDist,1,2068,-5.360555556,36.20638889,2.544079353,15.84811775
SCarbDist,1,2069,-5.360555556,36.20638889,10.2366364,18.41761317
SCarbDist,1,2070,-5.360555556,36.20638889,128.7548412,16.64807011
SCarbDist,1,2071,-5.360555556,36.20638889,117.3572648,16.90834862
SCarbDist,1,2072,-5.360555556,36.20638889,51.39782376,15.2355453
SCarbDist,1,2073,-5.360555556,36.20638889,16.11960355,17.90604209
SCarbDist,1,2074,-5.360555556,36.20638889,43.31103925,17.15133844
SCarbDist,1,2075,-5.360555556,36.20638889,20.89457553,17.40495034
SCarbDist,1,2076,-5.360555556,36.20638889,82.88748657,18.63627654
SCarbDist,1,2077,-5.360555556,36.20638889,15.78860779,18.82005832
SCarbDist,1,2078,-5.360555556,36.20638889,18.72869833,18.59752315
SCarbDist,1,2079,-5.360555556,36.20638889,29.08862973,17.77907813
SCarbDist,1,2080,-5.360555556,36.20638889,23.16234207,17.5028911
SCarbDist,1,2081,-5.360555556,36.20638889,27.59438024,18.50962662
SCarbDist,1,2082,-5.360555556,36.20638889,57.75700629,18.21216687
SCarbDist,1,2083,-5.360555556,36.20638889,44.78704835,16.37860383
SCarbDist,1,2084,-5.360555556,36.20638889,19.91773834,17.53877682
SCarbDist,1,2085,-5.360555556,36.20638889,0.219080698,16.71201526
SCarbDist,1,2086,-5.360555556,36.20638889,18.18877802,16.56542457
SCarbDist,1,2087,-5.360555556,36.20638889,74.76658841,19.20253808
SCarbDist,1,2088,-5.360555556,36.20638889,88.88397458,18.33718557
SCarbDist,1,2089,-5.360555556,36.20638889,19.94255471,16.77405061
SCarbDist,1,2090,-5.360555556,36.20638889,57.88246178,19.2813768
SCarbDist,1,2091,-5.360555556,36.20638889,9.78425915,18.44550919
SCarbDist,1,2092,-5.360555556,36.20638889,47.49934657,17.31897051
SCarbDist,1,2093,-5.360555556,36.20638889,20.16758183,18.04836327
SCarbDist,1,2094,-5.360555556,36.20638889,34.73327399,17.49516326
SCarbDist,1,2095,-5.360555556,36.20638889,13.40702137,17.85021264
SCarbDist,1,2096,-5.360555556,36.20638889,104.3221986,18.47592242
SCarbDist,1,2097,-5.360555556,36.20638889,30.7161459,19.97951955
SCarbDist,1,2098,-5.360555556,36.20638889,5.67696254,17.89504395
SCarbDist,1,2099,-5.360555556,36.20638889,7.309907423,17.2147205
SCarbDist,1,2100,-5.360555556,36.20638889,19.65397732,19.69895571
SCarbDist,10,2015,-5.360555556,36.20638889,62.81849917,25.13567899
SCarbDist,10,2016,-5.360555556,36.20638889,5.366727252,25.54895197
SCarbDist,10,2017,-5.360555556,36.20638889,30.0193021,22.20487513
SCarbDist,10,2018,-5.360555556,36.20638889,10.50297127,24.19340249
SCarbDist,10,2019,-5.360555556,36.20638889,20.39333489,26.64771866
SCarbDist,10,2020,-5.360555556,36.20638889,2.640969864,24.79342632
SCarbDist,10,2021,-5.360555556,36.20638889,24.32511688,25.88998295
SCarbDist,10,2022,-5.360555556,36.20638889,107.6009261,22.92516775
SCarbDist,10,2023,-5.360555556,36.20638889,15.69681664,24.96220526
SCarbDist,10,2024,-5.360555556,36.20638889,96.174942,21.43722022
SCarbDist,10,2025,-5.360555556,36.20638889,240.649036,21.91511565
SCarbDist,10,2026,-5.360555556,36.20638889,116.6449478,22.73140475
SCarbDist,10,2027,-5.360555556,36.20638889,119.9440189,25.03666323
SCarbDist,10,2028,-5.360555556,36.20638889,143.7858584,23.45891625
SCarbDist,10,2029,-5.360555556,36.20638889,49.27624093,21.384982
SCarbDist,10,2030,-5.360555556,36.20638889,20.19383882,25.39440505
SCarbDist,10,2031,-5.360555556,36.20638889,32.04201373,21.74435996
SCarbDist,10,2032,-5.360555556,36.20638889,123.5700059,22.79759049
SCarbDist,10,2033,-5.360555556,36.20638889,141.0641702,21.80786212
SCarbDist,10,2034,-5.360555556,36.20638889,35.3516865,22.14236332
SCarbDist,10,2035,-5.360555556,36.20638889,13.8129661,24.94069529
SCarbDist,10,2036,-5.360555556,36.20638889,49.62257901,22.51346002
SCarbDist,10,2037,-5.360555556,36.20638889,44.45884031,25.07400198
SCarbDist,10,2038,-5.360555556,36.20638889,21.02281066,24.4148469
SCarbDist,10,2039,-5.360555556,36.20638889,27.63951837,24.64516011
SCarbDist,10,2040,-5.360555556,36.20638889,12.09404588,28.05222916
SCarbDist,10,2041,-5.360555556,36.20638889,88.52643639,22.75475169
SCarbDist,10,2042,-5.360555556,36.20638889,29.1832512,27.1873669
SCarbDist,10,2043,-5.360555556,36.20638889,27.30518301,22.67753827
SCarbDist,10,2044,-5.360555556,36.20638889,20.68516603,22.237146
SCarbDist,10,2045,-5.360555556,36.20638889,6.01563327,26.25663492
SCarbDist,10,2046,-5.360555556,36.20638889,8.892084864,27.21018027
SCarbDist,10,2047,-5.360555556,36.20638889,57.17205518,26.06877855
SCarbDist,10,2048,-5.360555556,36.20638889,24.94196827,23.8489624
SCarbDist,10,2049,-5.360555556,36.20638889,55.15596448,24.38970534
SCarbDist,10,2050,-5.360555556,36.20638889,7.379242215,26.90039929
SCarbDist,10,2051,-5.360555556,36.20638889,98.57328189,21.78054002
SCarbDist,10,2052,-5.360555556,36.20638889,49.56177017,24.32772414
SCarbDist,10,2053,-5.360555556,36.20638889,68.66420039,24.33937398
SCarbDist,10,2054,-5.360555556,36.20638889,18.9775096,24.79487836
SCarbDist,10,2055,-5.360555556,36.20638889,4.386610668,26.29111584
SCarbDist,10,2056,-5.360555556,36.20638889,12.83510605,27.86428616
SCarbDist,10,2057,-5.360555556,36.20638889,27.48427667,24.28940784
SCarbDist,10,2058,-5.360555556,36.20638889,9.466243396,24.67183247
SCarbDist,10,2059,-5.360555556,36.20638889,63.44961495,22.22946836
SCarbDist,10,2060,-5.360555556,36.20638889,85.66599258,24.37036802
SCarbDist,10,2061,-5.360555556,36.20638889,5.819963112,27.91426313
SCarbDist,10,2062,-5.360555556,36.20638889,47.20287559,24.21081622
SCarbDist,10,2063,-5.360555556,36.20638889,8.659707146,28.91320486
SCarbDist,10,2064,-5.360555556,36.20638889,10.4551753,25.19872437
SCarbDist,10,2065,-5.360555556,36.20638889,58.20561478,22.70924407
SCarbDist,10,2066,-5.360555556,36.20638889,94.77734998,26.11436098
SCarbDist,10,2067,-5.360555556,36.20638889,34.0211491,23.35587611
SCarbDist,10,2068,-5.360555556,36.20638889,27.42240381,24.90970124
SCarbDist,10,2069,-5.360555556,36.20638889,37.69709114,25.77344813
SCarbDist,10,2070,-5.360555556,36.20638889,16.26693024,25.99570765
SCarbDist,10,2071,-5.360555556,36.20638889,14.95568918,26.19263857
SCarbDist,10,2072,-5.360555556,36.20638889,52.00021265,23.60688122
SCarbDist,10,2073,-5.360555556,36.20638889,161.7425263,23.19736781
SCarbDist,10,2074,-5.360555556,36.20638889,12.45655666,27.07888479
SCarbDist,10,2075,-5.360555556,36.20638889,0.079060049,29.65765066
SCarbDist,10,2076,-5.360555556,36.20638889,61.81619911,22.95262077
SCarbDist,10,2077,-5.360555556,36.20638889,43.18641731,26.40574971
SCarbDist,10,2078,-5.360555556,36.20638889,49.33416872,27.63124114
SCarbDist,10,2079,-5.360555556,36.20638889,85.4903764,23.69878343
SCarbDist,10,2080,-5.360555556,36.20638889,4.359302146,28.73612513
SCarbDist,10,2081,-5.360555556,36.20638889,23.17477209,26.56140412
SCarbDist,10,2082,-5.360555556,36.20638889,30.33417116,24.5693003
SCarbDist,10,2083,-5.360555556,36.20638889,47.12023763,25.7938132
SCarbDist,10,2084,-5.360555556,36.20638889,45.5978301,24.88079125
SCarbDist,10,2085,-5.360555556,36.20638889,13.96928196,29.10660066
SCarbDist,10,2086,-5.360555556,36.20638889,56.38595953,27.8345522
SCarbDist,10,2087,-5.360555556,36.20638889,1.217656393,26.20896843
SCarbDist,10,2088,-5.360555556,36.20638889,69.27627162,26.05982804
SCarbDist,10,2089,-5.360555556,36.20638889,3.288446601,25.29016192
SCarbDist,10,2090,-5.360555556,36.20638889,43.99632869,25.55700172
SCarbDist,10,2091,-5.360555556,36.20638889,13.00786926,27.259223
SCarbDist,10,2092,-5.360555556,36.20638889,31.246613,26.30750083
SCarbDist,10,2093,-5.360555556,36.20638889,58.5306466,23.80185015
SCarbDist,10,2094,-5.360555556,36.20638889,83.81432322,24.86973503
SCarbDist,10,2095,-5.360555556,36.20638889,12.86651906,27.59455803
SCarbDist,10,2096,-5.360555556,36.20638889,45.09770136,26.28295977
SCarbDist,10,2097,-5.360555556,36.20638889,16.5091543,27.87313331
SCarbDist,10,2098,-5.360555556,36.20638889,75.07332367,27.52017586
SCarbDist,10,2099,-5.360555556,36.20638889,19.29713395,26.36535231
SCarbDist,10,2100,-5.360555556,36.20638889,4.337991358,29.63563173
SCarbDist,11,2015,-5.360555556,36.20638889,121.8649943,18.04260661
SCarbDist,11,2016,-5.360555556,36.20638889,48.64235381,18.21017558
SCarbDist,11,2017,-5.360555556,36.20638889,159.1092634,18.3072408
SCarbDist,11,2018,-5.360555556,36.20638889,45.72648051,19.90654704
SCarbDist,11,2019,-5.360555556,36.20638889,75.38644193,20.12059631
SCarbDist,11,2020,-5.360555556,36.20638889,10.19599529,20.35411072
SCarbDist,11,2021,-5.360555556,36.20638889,28.08911467,21.673703
SCarbDist,11,2022,-5.360555556,36.20638889,88.28161511,19.84893087
SCarbDist,11,2023,-5.360555556,36.20638889,22.37130222,19.38220723
SCarbDist,11,2024,-5.360555556,36.20638889,22.16436651,18.30198873
SCarbDist,11,2025,-5.360555556,36.20638889,116.4788581,19.93458659
SCarbDist,11,2026,-5.360555556,36.20638889,9.756435494,20.20195516
SCarbDist,11,2027,-5.360555556,36.20638889,53.04760592,19.83458761
SCarbDist,11,2028,-5.360555556,36.20638889,25.2128433,19.46764119
SCarbDist,11,2029,-5.360555556,36.20638889,28.43673751,18.68726603
SCarbDist,11,2030,-5.360555556,36.20638889,88.58320916,21.05282288
SCarbDist,11,2031,-5.360555556,36.20638889,154.1752749,17.23536377
SCarbDist,11,2032,-5.360555556,36.20638889,154.0193634,19.87963765
SCarbDist,11,2033,-5.360555556,36.20638889,19.60797088,17.41513774
SCarbDist,11,2034,-5.360555556,36.20638889,125.5778049,19.31026306
SCarbDist,11,2035,-5.360555556,36.20638889,54.61446073,19.34193319
SCarbDist,11,2036,-5.360555556,36.20638889,10.34260287,19.5673818
SCarbDist,11,2037,-5.360555556,36.20638889,65.06525634,17.88632406
SCarbDist,11,2038,-5.360555556,36.20638889,45.38912106,19.86231791
SCarbDist,11,2039,-5.360555556,36.20638889,25.34326297,20.86078695
SCarbDist,11,2040,-5.360555556,36.20638889,86.57729233,21.67728984
SCarbDist,11,2041,-5.360555556,36.20638889,90.9402597,19.5747345
SCarbDist,11,2042,-5.360555556,36.20638889,7.369158702,22.94265849
SCarbDist,11,2043,-5.360555556,36.20638889,173.778217,19.024705
SCarbDist,11,2044,-5.360555556,36.20638889,79.63074058,19.42953593
SCarbDist,11,2045,-5.360555556,36.20638889,110.6585184,19.56772868
SCarbDist,11,2046,-5.360555556,36.20638889,97.17288243,20.1602946
SCarbDist,11,2047,-5.360555556,36.20638889,45.36349105,19.22687581
SCarbDist,11,2048,-5.360555556,36.20638889,17.59171627,18.87392273
SCarbDist,11,2049,-5.360555556,36.20638889,83.77016623,19.82230123
SCarbDist,11,2050,-5.360555556,36.20638889,47.72211554,17.84975281
SCarbDist,11,2051,-5.360555556,36.20638889,25.5615151,18.56404114
SCarbDist,11,2052,-5.360555556,36.20638889,166.392045,18.46702779
SCarbDist,11,2053,-5.360555556,36.20638889,4.420351525,19.19952291
SCarbDist,11,2054,-5.360555556,36.20638889,161.3545131,20.18162435
SCarbDist,11,2055,-5.360555556,36.20638889,65.53007496,20.08328247
SCarbDist,11,2056,-5.360555556,36.20638889,106.2116127,18.85659485
SCarbDist,11,2057,-5.360555556,36.20638889,20.49636533,21.41650696
SCarbDist,11,2058,-5.360555556,36.20638889,36.30863987,20.71772766
SCarbDist,11,2059,-5.360555556,36.20638889,4.709481757,19.89588521
SCarbDist,11,2060,-5.360555556,36.20638889,271.1246445,18.8015391
SCarbDist,11,2061,-5.360555556,36.20638889,29.16412374,22.32477214
SCarbDist,11,2062,-5.360555556,36.20638889,5.587167051,20.57368368
SCarbDist,11,2063,-5.360555556,36.20638889,99.15006518,22.43358053
SCarbDist,11,2064,-5.360555556,36.20638889,51.61281946,20.72673543
SCarbDist,11,2065,-5.360555556,36.20638889,61.03914726,20.86621602
SCarbDist,11,2066,-5.360555556,36.20638889,68.86484452,20.56021423
SCarbDist,11,2067,-5.360555556,36.20638889,30.64212548,18.22213847
SCarbDist,11,2068,-5.360555556,36.20638889,111.5322308,19.35250549
SCarbDist,11,2069,-5.360555556,36.20638889,4.549043583,21.59069316
SCarbDist,11,2070,-5.360555556,36.20638889,31.27107211,20.03009949
SCarbDist,11,2071,-5.360555556,36.20638889,16.22813694,20.44301249
SCarbDist,11,2072,-5.360555556,36.20638889,34.07973302,20.44797262
SCarbDist,11,2073,-5.360555556,36.20638889,55.67687935,20.93077799
SCarbDist,11,2074,-5.360555556,36.20638889,121.706946,19.1827474
SCarbDist,11,2075,-5.360555556,36.20638889,73.01094642,22.99829305
SCarbDist,11,2076,-5.360555556,36.20638889,61.86704567,19.27763875
SCarbDist,11,2077,-5.360555556,36.20638889,19.70827064,23.44462789
SCarbDist,11,2078,-5.360555556,36.20638889,27.24963575,21.3751709
SCarbDist,11,2079,-5.360555556,36.20638889,19.7449981,20.43811849
SCarbDist,11,2080,-5.360555556,36.20638889,13.12755143,22.08919373
SCarbDist,11,2081,-5.360555556,36.20638889,43.94333635,21.72874756
SCarbDist,11,2082,-5.360555556,36.20638889,45.02306268,20.48600362
SCarbDist,11,2083,-5.360555556,36.20638889,23.60075289,19.95732829
SCarbDist,11,2084,-5.360555556,36.20638889,41.93826396,22.77033488
SCarbDist,11,2085,-5.360555556,36.20638889,31.2856306,22.48225708
SCarbDist,11,2086,-5.360555556,36.20638889,22.96096992,21.90051371
SCarbDist,11,2087,-5.360555556,36.20638889,22.25604729,23.097229
SCarbDist,11,2088,-5.360555556,36.20638889,158.5522866,20.49922485
SCarbDist,11,2089,-5.360555556,36.20638889,5.421882684,20.32904765
SCarbDist,11,2090,-5.360555556,36.20638889,33.02588174,21.33061625
SCarbDist,11,2091,-5.360555556,36.20638889,55.54532793,20.5428833
SCarbDist,11,2092,-5.360555556,36.20638889,0.069473189,25.22731832
SCarbDist,11,2093,-5.360555556,36.20638889,5.729153971,23.76018473
SCarbDist,11,2094,-5.360555556,36.20638889,55.61863045,19.73223572
SCarbDist,11,2095,-5.360555556,36.20638889,18.79731306,23.24938456
SCarbDist,11,2096,-5.360555556,36.20638889,55.3729471,21.79796651
SCarbDist,11,2097,-5.360555556,36.20638889,180.3133484,20.70837097
SCarbDist,11,2098,-5.360555556,36.20638889,18.81977333,21.36025899
SCarbDist,11,2099,-5.360555556,36.20638889,15.45501495,23.4899058
SCarbDist,11,2100,-5.360555556,36.20638889,86.4473821,23.43894958
SCarbDist,12,2015,-5.360555556,36.20638889,87.79503748,14.8463182
SCarbDist,12,2016,-5.360555556,36.20638889,53.31561477,14.7371834
SCarbDist,12,2017,-5.360555556,36.20638889,213.4336357,14.78866557
SCarbDist,12,2018,-5.360555556,36.20638889,1.674760231,18.00818344
SCarbDist,12,2019,-5.360555556,36.20638889,1.485700107,17.76118105
SCarbDist,12,2020,-5.360555556,36.20638889,69.51870682,18.09052577
SCarbDist,12,2021,-5.360555556,36.20638889,23.34802387,18.09259604
SCarbDist,12,2022,-5.360555556,36.20638889,97.47625641,17.3836225
SCarbDist,12,2023,-5.360555556,36.20638889,196.6582814,17.48813831
SCarbDist,12,2024,-5.360555556,36.20638889,50.8189566,15.8422131
SCarbDist,12,2025,-5.360555556,36.20638889,116.2520458,16.99412566
SCarbDist,12,2026,-5.360555556,36.20638889,2.145576424,18.33824187
SCarbDist,12,2027,-5.360555556,36.20638889,3.784235437,19.36106705
SCarbDist,12,2028,-5.360555556,36.20638889,121.3889961,17.54382009
SCarbDist,12,2029,-5.360555556,36.20638889,300.79932,16.6101151
SCarbDist,12,2030,-5.360555556,36.20638889,13.88452945,18.31122397
SCarbDist,12,2031,-5.360555556,36.20638889,45.37688654,15.85544394
SCarbDist,12,2032,-5.360555556,36.20638889,106.0952482,15.87384407
SCarbDist,12,2033,-5.360555556,36.20638889,118.4017106,16.22631619
SCarbDist,12,2034,-5.360555556,36.20638889,13.37294382,19.5767525
SCarbDist,12,2035,-5.360555556,36.20638889,18.45920063,14.88677073
SCarbDist,12,2036,-5.360555556,36.20638889,0.626621712,18.963044
SCarbDist,12,2037,-5.360555556,36.20638889,15.32494614,18.82535656
SCarbDist,12,2038,-5.360555556,36.20638889,46.09870098,17.24638692
SCarbDist,12,2039,-5.360555556,36.20638889,0.978855207,18.33240022
SCarbDist,12,2040,-5.360555556,36.20638889,45.71536941,17.94653694
SCarbDist,12,2041,-5.360555556,36.20638889,92.24081063,17.3425547
SCarbDist,12,2042,-5.360555556,36.20638889,71.66379545,16.02464226
SCarbDist,12,2043,-5.360555556,36.20638889,89.0049992,18.70435634
SCarbDist,12,2044,-5.360555556,36.20638889,16.92019723,19.00543587
SCarbDist,12,2045,-5.360555556,36.20638889,108.2021511,16.73363057
SCarbDist,12,2046,-5.360555556,36.20638889,62.74812323,18.62602854
SCarbDist,12,2047,-5.360555556,36.20638889,295.8874484,17.81688055
SCarbDist,12,2048,-5.360555556,36.20638889,276.6859576,16.73200231
SCarbDist,12,2049,-5.360555556,36.20638889,212.3530661,17.37461784
SCarbDist,12,2050,-5.360555556,36.20638889,104.1819411,15.40267432
SCarbDist,12,2051,-5.360555556,36.20638889,174.2076106,16.58398319
SCarbDist,12,2052,-5.360555556,36.20638889,94.39160378,17.5280996
SCarbDist,12,2053,-5.360555556,36.20638889,201.0329954,17.32123374
SCarbDist,12,2054,-5.360555556,36.20638889,65.63030881,19.54682558
SCarbDist,12,2055,-5.360555556,36.20638889,21.60271629,17.13462859
SCarbDist,12,2056,-5.360555556,36.20638889,16.59600031,16.71289535
SCarbDist,12,2057,-5.360555556,36.20638889,138.2618547,18.76368841
SCarbDist,12,2058,-5.360555556,36.20638889,47.96716672,18.03197632
SCarbDist,12,2059,-5.360555556,36.20638889,34.1459277,17.35900859
SCarbDist,12,2060,-5.360555556,36.20638889,174.9894663,16.9885882
SCarbDist,12,2061,-5.360555556,36.20638889,0.431821507,17.92227153
SCarbDist,12,2062,-5.360555556,36.20638889,281.3739969,19.00377119
SCarbDist,12,2063,-5.360555556,36.20638889,8.443142089,17.176354
SCarbDist,12,2064,-5.360555556,36.20638889,83.22434628,18.33859151
SCarbDist,12,2065,-5.360555556,36.20638889,131.1958432,17.74337552
SCarbDist,12,2066,-5.360555556,36.20638889,8.665701928,17.51703058
SCarbDist,12,2067,-5.360555556,36.20638889,18.19412498,17.2735259
SCarbDist,12,2068,-5.360555556,36.20638889,34.5705639,16.80059401
SCarbDist,12,2069,-5.360555556,36.20638889,66.47515836,17.41721644
SCarbDist,12,2070,-5.360555556,36.20638889,65.86712862,17.26201585
SCarbDist,12,2071,-5.360555556,36.20638889,36.07114822,16.266814
SCarbDist,12,2072,-5.360555556,36.20638889,10.97055233,18.66382505
SCarbDist,12,2073,-5.360555556,36.20638889,41.36743843,19.66622511
SCarbDist,12,2074,-5.360555556,36.20638889,40.26160672,17.37448396
SCarbDist,12,2075,-5.360555556,36.20638889,25.77371562,19.01866967
SCarbDist,12,2076,-5.360555556,36.20638889,26.44754438,18.41556456
SCarbDist,12,2077,-5.360555556,36.20638889,70.32362895,18.23418481
SCarbDist,12,2078,-5.360555556,36.20638889,21.2199103,17.34876059
SCarbDist,12,2079,-5.360555556,36.20638889,65.43492415,20.69765527
SCarbDist,12,2080,-5.360555556,36.20638889,23.71560946,18.43281585
SCarbDist,12,2081,-5.360555556,36.20638889,45.68881097,17.81208929
SCarbDist,12,2082,-5.360555556,36.20638889,25.47362919,19.68504855
SCarbDist,12,2083,-5.360555556,36.20638889,28.34214539,18.08569808
SCarbDist,12,2084,-5.360555556,36.20638889,102.6295698,18.08976086
SCarbDist,12,2085,-5.360555556,36.20638889,53.83057722,17.68639723
SCarbDist,12,2086,-5.360555556,36.20638889,189.6363664,19.3106973
SCarbDist,12,2087,-5.360555556,36.20638889,8.75618553,21.0262459
SCarbDist,12,2088,-5.360555556,36.20638889,37.96795729,17.24076184
SCarbDist,12,2089,-5.360555556,36.20638889,61.66451974,20.09216387
SCarbDist,12,2090,-5.360555556,36.20638889,2.115739483,19.50362844
SCarbDist,12,2091,-5.360555556,36.20638889,155.7207107,20.3458752
SCarbDist,12,2092,-5.360555556,36.20638889,7.1726501,21.03832004
SCarbDist,12,2093,-5.360555556,36.20638889,96.50461035,18.18267507
SCarbDist,12,2094,-5.360555556,36.20638889,14.08137956,19.72058381
SCarbDist,12,2095,-5.360555556,36.20638889,48.38216859,19.07060173
SCarbDist,12,2096,-5.360555556,36.20638889,39.50686959,20.09999902
SCarbDist,12,2097,-5.360555556,36.20638889,101.1556446,17.65616317
SCarbDist,12,2098,-5.360555556,36.20638889,12.42078532,19.52741837
SCarbDist,12,2099,-5.360555556,36.20638889,22.10178469,19.76347085
SCarbDist,12,2100,-5.360555556,36.20638889,0.318390627,17.7026062
SCarbDist,2,2015,-5.360555556,36.20638889,42.87027098,16.32749329
SCarbDist,2,2016,-5.360555556,36.20638889,4.725808252,17.98604105
SCarbDist,2,2017,-5.360555556,36.20638889,24.94353225,17.19982191
SCarbDist,2,2018,-5.360555556,36.20638889,40.95482529,18.4074537
SCarbDist,2,2019,-5.360555556,36.20638889,0.073163958,18.18176858
SCarbDist,2,2020,-5.360555556,36.20638889,60.97491768,17.15796656
SCarbDist,2,2021,-5.360555556,36.20638889,37.06655459,13.98706752
SCarbDist,2,2022,-5.360555556,36.20638889,24.93701326,18.34817113
SCarbDist,2,2023,-5.360555556,36.20638889,40.96312964,16.57061702
SCarbDist,2,2024,-5.360555556,36.20638889,88.27439907,17.1465793
SCarbDist,2,2025,-5.360555556,36.20638889,27.61902859,15.88736223
SCarbDist,2,2026,-5.360555556,36.20638889,52.50833024,15.36147352
SCarbDist,2,2027,-5.360555556,36.20638889,27.28164158,17.04681876
SCarbDist,2,2028,-5.360555556,36.20638889,264.0193175,16.52886142
SCarbDist,2,2029,-5.360555556,36.20638889,90.48287882,16.23114057
SCarbDist,2,2030,-5.360555556,36.20638889,24.86790942,16.91787763
SCarbDist,2,2031,-5.360555556,36.20638889,46.81999313,15.94248788
SCarbDist,2,2032,-5.360555556,36.20638889,156.4663762,19.71821773
SCarbDist,2,2033,-5.360555556,36.20638889,83.27419839,16.25510559
SCarbDist,2,2034,-5.360555556,36.20638889,2.515205261,18.04709124
SCarbDist,2,2035,-5.360555556,36.20638889,37.87921673,15.79722421
SCarbDist,2,2036,-5.360555556,36.20638889,15.67397332,17.66837832
SCarbDist,2,2037,-5.360555556,36.20638889,179.084035,16.68140019
SCarbDist,2,2038,-5.360555556,36.20638889,0.59316319,20.19216527
SCarbDist,2,2039,-5.360555556,36.20638889,13.52434984,19.27609297
SCarbDist,2,2040,-5.360555556,36.20638889,56.22668645,18.48591056
SCarbDist,2,2041,-5.360555556,36.20638889,49.04596884,16.9575385
SCarbDist,2,2042,-5.360555556,36.20638889,10.57861413,17.3046923
SCarbDist,2,2043,-5.360555556,36.20638889,7.272709435,16.96467743
SCarbDist,2,2044,-5.360555556,36.20638889,56.12857133,16.0719554
SCarbDist,2,2045,-5.360555556,36.20638889,0.199379454,17.52630114
SCarbDist,2,2046,-5.360555556,36.20638889,39.41483167,18.93705902
SCarbDist,2,2047,-5.360555556,36.20638889,98.36188134,18.71438424
SCarbDist,2,2048,-5.360555556,36.20638889,34.79930873,16.16847618
SCarbDist,2,2049,-5.360555556,36.20638889,6.654261276,18.6117678
SCarbDist,2,2050,-5.360555556,36.20638889,52.9768733,19.80603289
SCarbDist,2,2051,-5.360555556,36.20638889,37.06225271,15.94048135
SCarbDist,2,2052,-5.360555556,36.20638889,50.62299081,19.51571992
SCarbDist,2,2053,-5.360555556,36.20638889,33.33280958,18.97352644
SCarbDist,2,2054,-5.360555556,36.20638889,22.41842351,18.00753937
SCarbDist,2,2055,-5.360555556,36.20638889,173.6229102,16.02065212
SCarbDist,2,2056,-5.360555556,36.20638889,41.84685954,18.13659899
SCarbDist,2,2057,-5.360555556,36.20638889,258.8497147,17.62719879
SCarbDist,2,2058,-5.360555556,36.20638889,7.024919633,19.4596889
SCarbDist,2,2059,-5.360555556,36.20638889,41.06380115,19.58617009
SCarbDist,2,2060,-5.360555556,36.20638889,29.15400096,19.49183202
SCarbDist,2,2061,-5.360555556,36.20638889,28.55458893,18.86664734
SCarbDist,2,2062,-5.360555556,36.20638889,8.180491743,20.85216348
SCarbDist,2,2063,-5.360555556,36.20638889,34.41153823,17.83122406
SCarbDist,2,2064,-5.360555556,36.20638889,78.83844689,18.76286811
SCarbDist,2,2065,-5.360555556,36.20638889,0.44062052,20.76121129
SCarbDist,2,2066,-5.360555556,36.20638889,43.20273663,16.59253191
SCarbDist,2,2067,-5.360555556,36.20638889,1.076668563,18.76984558
SCarbDist,2,2068,-5.360555556,36.20638889,60.0480689,21.45482893
SCarbDist,2,2069,-5.360555556,36.20638889,27.44775059,17.11824733
SCarbDist,2,2070,-5.360555556,36.20638889,1.743949405,17.27575836
SCarbDist,2,2071,-5.360555556,36.20638889,37.90593117,17.98743373
SCarbDist,2,2072,-5.360555556,36.20638889,19.07279179,15.17323903
SCarbDist,2,2073,-5.360555556,36.20638889,24.59636525,17.89089464
SCarbDist,2,2074,-5.360555556,36.20638889,98.07290292,17.16537628
SCarbDist,2,2075,-5.360555556,36.20638889,79.98366411,17.45073308
SCarbDist,2,2076,-5.360555556,36.20638889,69.91104786,19.06215715
SCarbDist,2,2077,-5.360555556,36.20638889,1.606999697,20.26520255
SCarbDist,2,2078,-5.360555556,36.20638889,1.226761825,21.06067483
SCarbDist,2,2079,-5.360555556,36.20638889,29.57545529,16.79200788
SCarbDist,2,2080,-5.360555556,36.20638889,56.10985248,19.03727901
SCarbDist,2,2081,-5.360555556,36.20638889,8.254038043,24.49400591
SCarbDist,2,2082,-5.360555556,36.20638889,66.13259432,18.51585323
SCarbDist,2,2083,-5.360555556,36.20638889,26.70068719,18.52299543
SCarbDist,2,2084,-5.360555556,36.20638889,229.2113601,16.92083235
SCarbDist,2,2085,-5.360555556,36.20638889,21.65452842,19.24328112
SCarbDist,2,2086,-5.360555556,36.20638889,10.41850988,20.51861071
SCarbDist,2,2087,-5.360555556,36.20638889,14.37429016,21.18221327
SCarbDist,2,2088,-5.360555556,36.20638889,105.1481024,18.27816267
SCarbDist,2,2089,-5.360555556,36.20638889,4.82569113,20.17535117
SCarbDist,2,2090,-5.360555556,36.20638889,117.3776798,19.24999717
SCarbDist,2,2091,-5.360555556,36.20638889,0.379549717,22.39638672
SCarbDist,2,2092,-5.360555556,36.20638889,13.11827882,20.01249663
SCarbDist,2,2093,-5.360555556,36.20638889,1.893103939,21.19300123
SCarbDist,2,2094,-5.360555556,36.20638889,38.98222,20.85603921
SCarbDist,2,2095,-5.360555556,36.20638889,1.019486352,17.5369921
SCarbDist,2,2096,-5.360555556,36.20638889,44.05153086,18.97006036
SCarbDist,2,2097,-5.360555556,36.20638889,48.37487391,20.27936489
SCarbDist,2,2098,-5.360555556,36.20638889,2.100761146,20.43027104
SCarbDist,2,2099,-5.360555556,36.20638889,1.169972139,20.16540244
SCarbDist,2,2100,-5.360555556,36.20638889,3.391859402,21.54888851
SCarbDist,3,2015,-5.360555556,36.20638889,21.14156406,18.4695915
SCarbDist,3,2016,-5.360555556,36.20638889,6.316447055,19.1108426
SCarbDist,3,2017,-5.360555556,36.20638889,38.22051648,20.66394417
SCarbDist,3,2018,-5.360555556,36.20638889,79.88747305,17.04410361
SCarbDist,3,2019,-5.360555556,36.20638889,27.49455574,21.51274237
SCarbDist,3,2020,-5.360555556,36.20638889,31.91408679,21.2202432
SCarbDist,3,2021,-5.360555556,36.20638889,47.61683611,17.77329358
SCarbDist,3,2022,-5.360555556,36.20638889,39.4521669,17.32090789
SCarbDist,3,2023,-5.360555556,36.20638889,6.938832623,19.29431133
SCarbDist,3,2024,-5.360555556,36.20638889,397.2399699,16.73676797
SCarbDist,3,2025,-5.360555556,36.20638889,21.33214378,19.75884006
SCarbDist,3,2026,-5.360555556,36.20638889,38.9123286,17.01446514
SCarbDist,3,2027,-5.360555556,36.20638889,41.31858824,19.63180621
SCarbDist,3,2028,-5.360555556,36.20638889,79.81858299,19.15317245
SCarbDist,3,2029,-5.360555556,36.20638889,32.69355654,19.93169457
SCarbDist,3,2030,-5.360555556,36.20638889,83.47139983,19.5840206
SCarbDist,3,2031,-5.360555556,36.20638889,37.03045956,19.32376473
SCarbDist,3,2032,-5.360555556,36.20638889,111.0054285,19.30745456
SCarbDist,3,2033,-5.360555556,36.20638889,61.69752233,16.45231166
SCarbDist,3,2034,-5.360555556,36.20638889,25.01066731,17.70738151
SCarbDist,3,2035,-5.360555556,36.20638889,37.84430874,19.51874842
SCarbDist,3,2036,-5.360555556,36.20638889,7.81198495,19.32394389
SCarbDist,3,2037,-5.360555556,36.20638889,41.77816939,22.22809704
SCarbDist,3,2038,-5.360555556,36.20638889,22.74640047,23.72601889
SCarbDist,3,2039,-5.360555556,36.20638889,0.634028501,19.52586493
SCarbDist,3,2040,-5.360555556,36.20638889,1.226568429,20.0534095
SCarbDist,3,2041,-5.360555556,36.20638889,31.69275376,21.1024611
SCarbDist,3,2042,-5.360555556,36.20638889,5.597428596,22.62928605
SCarbDist,3,2043,-5.360555556,36.20638889,34.58681125,21.02264385
SCarbDist,3,2044,-5.360555556,36.20638889,32.23056259,18.61612116
SCarbDist,3,2045,-5.360555556,36.20638889,6.044606217,22.08765023
SCarbDist,3,2046,-5.360555556,36.20638889,11.78413434,20.1935098
SCarbDist,3,2047,-5.360555556,36.20638889,121.659166,17.49314615
SCarbDist,3,2048,-5.360555556,36.20638889,16.46908392,19.92403761
SCarbDist,3,2049,-5.360555556,36.20638889,1.888850561,20.31097392
SCarbDist,3,2050,-5.360555556,36.20638889,59.0913131,20.59436311
SCarbDist,3,2051,-5.360555556,36.20638889,45.87254381,16.81954838
SCarbDist,3,2052,-5.360555556,36.20638889,118.8354185,18.38307023
SCarbDist,3,2053,-5.360555556,36.20638889,64.03316487,19.53878075
SCarbDist,3,2054,-5.360555556,36.20638889,1.771527964,20.46428735
SCarbDist,3,2055,-5.360555556,36.20638889,14.2507456,20.20053278
SCarbDist,3,2056,-5.360555556,36.20638889,84.83072457,17.72991136
SCarbDist,3,2057,-5.360555556,36.20638889,105.9971419,16.84741388
SCarbDist,3,2058,-5.360555556,36.20638889,0.012416425,22.65127642
SCarbDist,3,2059,-5.360555556,36.20638889,0.102285863,23.1678514
SCarbDist,3,2060,-5.360555556,36.20638889,30.67990964,19.93002004
SCarbDist,3,2061,-5.360555556,36.20638889,2.060031623,20.05822636
SCarbDist,3,2062,-5.360555556,36.20638889,29.98257437,20.69498252
SCarbDist,3,2063,-5.360555556,36.20638889,124.1590848,19.12562197
SCarbDist,3,2064,-5.360555556,36.20638889,55.44269643,19.18131359
SCarbDist,3,2065,-5.360555556,36.20638889,24.35506056,22.07108016
SCarbDist,3,2066,-5.360555556,36.20638889,77.05354458,18.22588895
SCarbDist,3,2067,-5.360555556,36.20638889,5.57418784,22.84744046
SCarbDist,3,2068,-5.360555556,36.20638889,228.1488131,19.51824931
SCarbDist,3,2069,-5.360555556,36.20638889,1.452203,21.55070328
SCarbDist,3,2070,-5.360555556,36.20638889,45.95419023,17.48702688
SCarbDist,3,2071,-5.360555556,36.20638889,59.32417659,16.85957661
SCarbDist,3,2072,-5.360555556,36.20638889,19.2333948,18.53300112
SCarbDist,3,2073,-5.360555556,36.20638889,11.6624118,19.95585957
SCarbDist,3,2074,-5.360555556,36.20638889,61.89894344,19.8588629
SCarbDist,3,2075,-5.360555556,36.20638889,39.40622692,20.18953464
SCarbDist,3,2076,-5.360555556,36.20638889,38.29311874,20.75233784
SCarbDist,3,2077,-5.360555556,36.20638889,0.316146409,23.41035491
SCarbDist,3,2078,-5.360555556,36.20638889,6.072953016,25.52236131
SCarbDist,3,2079,-5.360555556,36.20638889,37.93163005,19.88126772
SCarbDist,3,2080,-5.360555556,36.20638889,13.89520033,20.52267338
SCarbDist,3,2081,-5.360555556,36.20638889,16.50306793,26.08544804
SCarbDist,3,2082,-5.360555556,36.20638889,68.3956121,19.59766098
SCarbDist,3,2083,-5.360555556,36.20638889,13.51850047,22.30000138
SCarbDist,3,2084,-5.360555556,36.20638889,11.71799461,20.54134521
SCarbDist,3,2085,-5.360555556,36.20638889,32.29064703,22.28022697
SCarbDist,3,2086,-5.360555556,36.20638889,4.171841098,20.73580618
SCarbDist,3,2087,-5.360555556,36.20638889,0.03354871,21.97339143
SCarbDist,3,2088,-5.360555556,36.20638889,125.5074471,20.35104449
SCarbDist,3,2089,-5.360555556,36.20638889,5.042494271,23.24948986
SCarbDist,3,2090,-5.360555556,36.20638889,191.5631373,19.33476681
SCarbDist,3,2091,-5.360555556,36.20638889,14.51396789,24.50019768
SCarbDist,3,2092,-5.360555556,36.20638889,82.78782396,19.99953909
SCarbDist,3,2093,-5.360555556,36.20638889,2.025055079,22.31628792
SCarbDist,3,2094,-5.360555556,36.20638889,0.87313252,23.83445671
SCarbDist,3,2095,-5.360555556,36.20638889,17.67996637,24.05859651
SCarbDist,3,2096,-5.360555556,36.20638889,27.95828157,19.94254505
SCarbDist,3,2097,-5.360555556,36.20638889,14.788643,22.5125632
SCarbDist,3,2098,-5.360555556,36.20638889,18.45211684,21.6356337
SCarbDist,3,2099,-5.360555556,36.20638889,123.8643014,19.65403876
SCarbDist,3,2100,-5.360555556,36.20638889,50.69616213,23.12559342
SCarbDist,4,2015,-5.360555556,36.20638889,3.980655713,23.404953
SCarbDist,4,2016,-5.360555556,36.20638889,13.36775209,23.06498006
SCarbDist,4,2017,-5.360555556,36.20638889,14.83714044,22.49856466
SCarbDist,4,2018,-5.360555556,36.20638889,82.24227537,19.44521077
SCarbDist,4,2019,-5.360555556,36.20638889,77.12049397,20.91682332
SCarbDist,4,2020,-5.360555556,36.20638889,23.25563309,22.2982961
SCarbDist,4,2021,-5.360555556,36.20638889,66.78630692,19.39346619
SCarbDist,4,2022,-5.360555556,36.20638889,92.72191801,20.04153951
SCarbDist,4,2023,-5.360555556,36.20638889,100.6587187,19.53804728
SCarbDist,4,2024,-5.360555556,36.20638889,20.51298608,19.64022725
SCarbDist,4,2025,-5.360555556,36.20638889,87.58683771,20.17597656
SCarbDist,4,2026,-5.360555556,36.20638889,39.27687432,18.0254069
SCarbDist,4,2027,-5.360555556,36.20638889,15.02544833,22.85118815
SCarbDist,4,2028,-5.360555556,36.20638889,12.00675958,21.20065715
SCarbDist,4,2029,-5.360555556,36.20638889,12.79855053,20.68458964
SCarbDist,4,2030,-5.360555556,36.20638889,33.86599872,20.23392131
SCarbDist,4,2031,-5.360555556,36.20638889,17.75187851,23.77697957
SCarbDist,4,2032,-5.360555556,36.20638889,18.37237365,20.92613424
SCarbDist,4,2033,-5.360555556,36.20638889,64.2680714,20.15046488
SCarbDist,4,2034,-5.360555556,36.20638889,4.464093093,22.24663391
SCarbDist,4,2035,-5.360555556,36.20638889,23.32128395,21.59934489
SCarbDist,4,2036,-5.360555556,36.20638889,49.66983046,22.09711202
SCarbDist,4,2037,-5.360555556,36.20638889,45.38788717,23.07462769
SCarbDist,4,2038,-5.360555556,36.20638889,72.63027271,22.16807556
SCarbDist,4,2039,-5.360555556,36.20638889,103.3021782,19.18808594
SCarbDist,4,2040,-5.360555556,36.20638889,22.37906813,20.19878235
SCarbDist,4,2041,-5.360555556,36.20638889,12.21303292,20.71324361
SCarbDist,4,2042,-5.360555556,36.20638889,35.28012273,23.31028748
SCarbDist,4,2043,-5.360555556,36.20638889,12.53522901,20.83139954
SCarbDist,4,2044,-5.360555556,36.20638889,2.021543698,21.99908854
SCarbDist,4,2045,-5.360555556,36.20638889,16.73784722,23.57995199
SCarbDist,4,2046,-5.360555556,36.20638889,50.69292167,19.93380432
SCarbDist,4,2047,-5.360555556,36.20638889,3.608340742,20.82638143
SCarbDist,4,2048,-5.360555556,36.20638889,57.81667499,18.93541667
SCarbDist,4,2049,-5.360555556,36.20638889,25.76143888,20.27698059
SCarbDist,4,2050,-5.360555556,36.20638889,76.95763541,21.30731099
SCarbDist,4,2051,-5.360555556,36.20638889,32.42907054,21.86648763
SCarbDist,4,2052,-5.360555556,36.20638889,72.65502151,20.00681966
SCarbDist,4,2053,-5.360555556,36.20638889,49.26148424,20.45228882
SCarbDist,4,2054,-5.360555556,36.20638889,30.33899419,21.94662476
SCarbDist,4,2055,-5.360555556,36.20638889,7.552555449,19.98684591
SCarbDist,4,2056,-5.360555556,36.20638889,34.54237188,22.29776611
SCarbDist,4,2057,-5.360555556,36.20638889,74.27741782,20.1756307
SCarbDist,4,2058,-5.360555556,36.20638889,25.41697845,22.89624532
SCarbDist,4,2059,-5.360555556,36.20638889,31.94116185,23.0083374
SCarbDist,4,2060,-5.360555556,36.20638889,45.87011599,21.47875264
SCarbDist,4,2061,-5.360555556,36.20638889,18.81859447,23.35246684
SCarbDist,4,2062,-5.360555556,36.20638889,3.334546768,25.05774231
SCarbDist,4,2063,-5.360555556,36.20638889,46.70489289,20.7737915
SCarbDist,4,2064,-5.360555556,36.20638889,4.585088305,20.51081136
SCarbDist,4,2065,-5.360555556,36.20638889,31.10435223,21.13448792
SCarbDist,4,2066,-5.360555556,36.20638889,6.874346084,22.32328186
SCarbDist,4,2067,-5.360555556,36.20638889,74.01342813,24.19507853
SCarbDist,4,2068,-5.360555556,36.20638889,10.04373296,24.34998779
SCarbDist,4,2069,-5.360555556,36.20638889,28.83692506,23.90877889
SCarbDist,4,2070,-5.360555556,36.20638889,0.893463544,24.11826579
SCarbDist,4,2071,-5.360555556,36.20638889,53.77110456,19.28363342
SCarbDist,4,2072,-5.360555556,36.20638889,19.83168068,23.1609141
SCarbDist,4,2073,-5.360555556,36.20638889,6.920531781,22.99986471
SCarbDist,4,2074,-5.360555556,36.20638889,12.99181036,22.93513184
SCarbDist,4,2075,-5.360555556,36.20638889,12.08374131,22.46289063
SCarbDist,4,2076,-5.360555556,36.20638889,4.423289101,25.71515605
SCarbDist,4,2077,-5.360555556,36.20638889,26.71296102,25.89384359
SCarbDist,4,2078,-5.360555556,36.20638889,33.59086833,24.28667603
SCarbDist,4,2079,-5.360555556,36.20638889,7.36912555,25.57664897
SCarbDist,4,2080,-5.360555556,36.20638889,35.75298705,22.68789063
SCarbDist,4,2081,-5.360555556,36.20638889,10.30941715,25.17541199
SCarbDist,4,2082,-5.360555556,36.20638889,10.68838762,23.73879191
SCarbDist,4,2083,-5.360555556,36.20638889,15.32856128,24.39773763
SCarbDist,4,2084,-5.360555556,36.20638889,34.2307468,21.93379313
SCarbDist,4,2085,-5.360555556,36.20638889,63.0308737,20.44694214
SCarbDist,4,2086,-5.360555556,36.20638889,18.73536459,25.42998962
SCarbDist,4,2087,-5.360555556,36.20638889,80.01965957,20.13539124
SCarbDist,4,2088,-5.360555556,36.20638889,93.29528756,20.1483256
SCarbDist,4,2089,-5.360555556,36.20638889,3.711285996,24.07202047
SCarbDist,4,2090,-5.360555556,36.20638889,32.37368729,22.75519409
SCarbDist,4,2091,-5.360555556,36.20638889,4.476351293,27.49152934
SCarbDist,4,2092,-5.360555556,36.20638889,10.31374918,23.00045878
SCarbDist,4,2093,-5.360555556,36.20638889,20.90195642,23.60532532
SCarbDist,4,2094,-5.360555556,36.20638889,36.99996236,22.19503479
SCarbDist,4,2095,-5.360555556,36.20638889,9.912651933,24.93919271
SCarbDist,4,2096,-5.360555556,36.20638889,44.46250334,20.49072876
SCarbDist,4,2097,-5.360555556,36.20638889,26.34021237,23.67076721
SCarbDist,4,2098,-5.360555556,36.20638889,58.61984239,21.93360189
SCarbDist,4,2099,-5.360555556,36.20638889,114.8409556,23.47563477
SCarbDist,4,2100,-5.360555556,36.20638889,3.791755309,25.93705953
SCarbDist,5,2015,-5.360555556,36.20638889,58.16540941,22.86013774
SCarbDist,5,2016,-5.360555556,36.20638889,1.834066998,25.74349464
SCarbDist,5,2017,-5.360555556,36.20638889,93.42162333,20.36495854
SCarbDist,5,2018,-5.360555556,36.20638889,78.28705487,20.21862281
SCarbDist,5,2019,-5.360555556,36.20638889,25.31276115,24.87792851
SCarbDist,5,2020,-5.360555556,36.20638889,54.58055098,22.41468644
SCarbDist,5,2021,-5.360555556,36.20638889,27.86227864,24.70034081
SCarbDist,5,2022,-5.360555556,36.20638889,62.13990253,20.68107733
SCarbDist,5,2023,-5.360555556,36.20638889,26.88615254,21.82459264
SCarbDist,5,2024,-5.360555556,36.20638889,2.369956454,25.46537712
SCarbDist,5,2025,-5.360555556,36.20638889,34.12198928,23.84593526
SCarbDist,5,2026,-5.360555556,36.20638889,19.42082085,23.38517692
SCarbDist,5,2027,-5.360555556,36.20638889,16.67343069,25.01183275
SCarbDist,5,2028,-5.360555556,36.20638889,20.0057091,23.84448912
SCarbDist,5,2029,-5.360555556,36.20638889,5.765145134,26.32799683
SCarbDist,5,2030,-5.360555556,36.20638889,40.81464735,23.13285857
SCarbDist,5,2031,-5.360555556,36.20638889,20.49486808,27.36313929
SCarbDist,5,2032,-5.360555556,36.20638889,24.30248453,23.08749272
SCarbDist,5,2033,-5.360555556,36.20638889,12.89635915,25.64649894
SCarbDist,5,2034,-5.360555556,36.20638889,12.10925597,25.6425858
SCarbDist,5,2035,-5.360555556,36.20638889,109.5829207,21.23448703
SCarbDist,5,2036,-5.360555556,36.20638889,4.399180185,29.60547348
SCarbDist,5,2037,-5.360555556,36.20638889,35.8063841,25.67613644
SCarbDist,5,2038,-5.360555556,36.20638889,83.32516964,22.01158172
SCarbDist,5,2039,-5.360555556,36.20638889,25.57297972,24.11029624
SCarbDist,5,2040,-5.360555556,36.20638889,38.04815139,23.26771476
SCarbDist,5,2041,-5.360555556,36.20638889,33.67692662,23.40778159
SCarbDist,5,2042,-5.360555556,36.20638889,7.989324152,26.22965245
SCarbDist,5,2043,-5.360555556,36.20638889,44.09057901,24.08665397
SCarbDist,5,2044,-5.360555556,36.20638889,2.650556112,24.65412145
SCarbDist,5,2045,-5.360555556,36.20638889,2.377850559,26.35464852
SCarbDist,5,2046,-5.360555556,36.20638889,14.87578503,23.37835969
SCarbDist,5,2047,-5.360555556,36.20638889,22.01604245,22.72511715
SCarbDist,5,2048,-5.360555556,36.20638889,11.02518169,23.25666937
SCarbDist,5,2049,-5.360555556,36.20638889,10.33900119,26.23152682
SCarbDist,5,2050,-5.360555556,36.20638889,8.874975864,23.42030167
SCarbDist,5,2051,-5.360555556,36.20638889,2.037817864,26.11187626
SCarbDist,5,2052,-5.360555556,36.20638889,8.957750541,23.94659404
SCarbDist,5,2053,-5.360555556,36.20638889,28.83591564,23.90516594
SCarbDist,5,2054,-5.360555556,36.20638889,0.3731371,27.58833933
SCarbDist,5,2055,-5.360555556,36.20638889,16.75410804,25.91262502
SCarbDist,5,2056,-5.360555556,36.20638889,20.2816005,26.003846
SCarbDist,5,2057,-5.360555556,36.20638889,29.13701513,23.45933267
SCarbDist,5,2058,-5.360555556,36.20638889,8.608688406,25.26887739
SCarbDist,5,2059,-5.360555556,36.20638889,80.66377704,22.75882529
SCarbDist,5,2060,-5.360555556,36.20638889,8.481035627,29.2059334
SCarbDist,5,2061,-5.360555556,36.20638889,19.0680734,28.03199994
SCarbDist,5,2062,-5.360555556,36.20638889,55.40855788,22.74530797
SCarbDist,5,2063,-5.360555556,36.20638889,111.4727683,20.99189296
SCarbDist,5,2064,-5.360555556,36.20638889,7.300432736,26.81644248
SCarbDist,5,2065,-5.360555556,36.20638889,7.247081221,26.9122657
SCarbDist,5,2066,-5.360555556,36.20638889,2.984258415,25.19902167
SCarbDist,5,2067,-5.360555556,36.20638889,4.825048621,26.41834855
SCarbDist,5,2068,-5.360555556,36.20638889,22.37825378,24.79623984
SCarbDist,5,2069,-5.360555556,36.20638889,0.662233415,28.70919977
SCarbDist,5,2070,-5.360555556,36.20638889,31.86085273,26.01972794
SCarbDist,5,2071,-5.360555556,36.20638889,16.38780819,24.94542551
SCarbDist,5,2072,-5.360555556,36.20638889,4.250646118,27.77663673
SCarbDist,5,2073,-5.360555556,36.20638889,22.66377376,27.45206063
SCarbDist,5,2074,-5.360555556,36.20638889,19.29220268,24.61699928
SCarbDist,5,2075,-5.360555556,36.20638889,80.50677201,21.75266369
SCarbDist,5,2076,-5.360555556,36.20638889,0.151011823,26.64391775
SCarbDist,5,2077,-5.360555556,36.20638889,86.87131131,25.57284625
SCarbDist,5,2078,-5.360555556,36.20638889,79.31028081,20.00524489
SCarbDist,5,2079,-5.360555556,36.20638889,1.711971766,29.28732772
SCarbDist,5,2080,-5.360555556,36.20638889,14.89385303,27.68423639
SCarbDist,5,2081,-5.360555556,36.20638889,29.89577408,26.07747606
SCarbDist,5,2082,-5.360555556,36.20638889,30.44994209,27.49537688
SCarbDist,5,2083,-5.360555556,36.20638889,22.25689927,27.83772406
SCarbDist,5,2084,-5.360555556,36.20638889,2.271701907,26.82408762
SCarbDist,5,2085,-5.360555556,36.20638889,4.670534858,26.77786432
SCarbDist,5,2086,-5.360555556,36.20638889,12.78525258,28.5664218
SCarbDist,5,2087,-5.360555556,36.20638889,31.72441508,25.45163043
SCarbDist,5,2088,-5.360555556,36.20638889,17.76405291,24.31252638
SCarbDist,5,2089,-5.360555556,36.20638889,1.872311651,29.23057783
SCarbDist,5,2090,-5.360555556,36.20638889,2.277914309,26.70277434
SCarbDist,5,2091,-5.360555556,36.20638889,0.411349852,32.13380757
SCarbDist,5,2092,-5.360555556,36.20638889,21.92962724,26.79192899
SCarbDist,5,2093,-5.360555556,36.20638889,2.774048664,28.71233127
SCarbDist,5,2094,-5.360555556,36.20638889,10.39104529,27.04830224
SCarbDist,5,2095,-5.360555556,36.20638889,10.00027642,34.11435114
SCarbDist,5,2096,-5.360555556,36.20638889,0.492501364,27.60194131
SCarbDist,5,2097,-5.360555556,36.20638889,50.61176686,25.67628902
SCarbDist,5,2098,-5.360555556,36.20638889,3.323127741,26.76284672
SCarbDist,5,2099,-5.360555556,36.20638889,4.862430735,27.66451022
SCarbDist,5,2100,-5.360555556,36.20638889,23.84080347,28.8303388
SCarbDist,6,2015,-5.360555556,36.20638889,4.179266097,24.22317912
SCarbDist,6,2016,-5.360555556,36.20638889,3.875077983,30.26438599
SCarbDist,6,2017,-5.360555556,36.20638889,9.204705881,24.44998779
SCarbDist,6,2018,-5.360555556,36.20638889,37.02064186,26.31885173
SCarbDist,6,2019,-5.360555556,36.20638889,45.37803578,24.90482992
SCarbDist,6,2020,-5.360555556,36.20638889,10.76698647,27.86036072
SCarbDist,6,2021,-5.360555556,36.20638889,25.67924159,28.75349426
SCarbDist,6,2022,-5.360555556,36.20638889,14.6035622,27.56268412
SCarbDist,6,2023,-5.360555556,36.20638889,38.75998566,24.38630575
SCarbDist,6,2024,-5.360555556,36.20638889,8.085883232,27.28536784
SCarbDist,6,2025,-5.360555556,36.20638889,24.89301033,26.55592143
SCarbDist,6,2026,-5.360555556,36.20638889,17.03883053,28.4945516
SCarbDist,6,2027,-5.360555556,36.20638889,14.90286178,29.58894755
SCarbDist,6,2028,-5.360555556,36.20638889,49.73671253,25.9792572
SCarbDist,6,2029,-5.360555556,36.20638889,22.11312284,32.01370646
SCarbDist,6,2030,-5.360555556,36.20638889,6.061930122,30.53384196
SCarbDist,6,2031,-5.360555556,36.20638889,3.440114508,28.50644938
SCarbDist,6,2032,-5.360555556,36.20638889,7.47319731,26.60558472
SCarbDist,6,2033,-5.360555556,36.20638889,15.67352916,27.11918132
SCarbDist,6,2034,-5.360555556,36.20638889,13.50103264,29.48628947
SCarbDist,6,2035,-5.360555556,36.20638889,3.684059464,29.25950012
SCarbDist,6,2036,-5.360555556,36.20638889,16.51678389,32.18182373
SCarbDist,6,2037,-5.360555556,36.20638889,16.77444086,28.46223246
SCarbDist,6,2038,-5.360555556,36.20638889,3.482655993,27.89947713
SCarbDist,6,2039,-5.360555556,36.20638889,0.61855203,30.91917725
SCarbDist,6,2040,-5.360555556,36.20638889,7.00961674,29.53592733
SCarbDist,6,2041,-5.360555556,36.20638889,7.864874756,31.34263509
SCarbDist,6,2042,-5.360555556,36.20638889,22.45648817,31.52772827
SCarbDist,6,2043,-5.360555556,36.20638889,2.861916394,31.11070557
SCarbDist,6,2044,-5.360555556,36.20638889,33.27680756,27.12365112
SCarbDist,6,2045,-5.360555556,36.20638889,1.94380266,31.70869649
SCarbDist,6,2046,-5.360555556,36.20638889,24.55381319,30.28508708
SCarbDist,6,2047,-5.360555556,36.20638889,23.95610931,29.64769389
SCarbDist,6,2048,-5.360555556,36.20638889,1.970198009,29.05288798
SCarbDist,6,2049,-5.360555556,36.20638889,0.993699212,29.52504578
SCarbDist,6,2050,-5.360555556,36.20638889,1.833798384,29.79972738
SCarbDist,6,2051,-5.360555556,36.20638889,2.943631702,31.03122355
SCarbDist,6,2052,-5.360555556,36.20638889,4.251373112,26.76231384
SCarbDist,6,2053,-5.360555556,36.20638889,1.719061862,30.15794983
SCarbDist,6,2054,-5.360555556,36.20638889,8.95506026,30.31961568
SCarbDist,6,2055,-5.360555556,36.20638889,6.86238134,27.00394999
SCarbDist,6,2056,-5.360555556,36.20638889,23.48936692,31.08192037
SCarbDist,6,2057,-5.360555556,36.20638889,4.359116234,28.80618998
SCarbDist,6,2058,-5.360555556,36.20638889,6.43886557,33.68961995
SCarbDist,6,2059,-5.360555556,36.20638889,25.38927611,26.74302979
SCarbDist,6,2060,-5.360555556,36.20638889,3.656187239,32.35302531
SCarbDist,6,2061,-5.360555556,36.20638889,4.525456467,29.7113444
SCarbDist,6,2062,-5.360555556,36.20638889,10.07820036,32.44019267
SCarbDist,6,2063,-5.360555556,36.20638889,1.411355008,29.08011678
SCarbDist,6,2064,-5.360555556,36.20638889,9.22929482,29.7434316
SCarbDist,6,2065,-5.360555556,36.20638889,9.971115258,29.83448588
SCarbDist,6,2066,-5.360555556,36.20638889,5.077866736,30.26327209
SCarbDist,6,2067,-5.360555556,36.20638889,7.562930627,33.71459249
SCarbDist,6,2068,-5.360555556,36.20638889,2.632966264,29.67860514
SCarbDist,6,2069,-5.360555556,36.20638889,12.02139964,31.93827413
SCarbDist,6,2070,-5.360555556,36.20638889,2.026379678,29.11600037
SCarbDist,6,2071,-5.360555556,36.20638889,1.049116402,29.15966288
SCarbDist,6,2072,-5.360555556,36.20638889,0.13888885,31.5096995
SCarbDist,6,2073,-5.360555556,36.20638889,25.06272693,28.11733398
SCarbDist,6,2074,-5.360555556,36.20638889,0.738042565,28.08948059
SCarbDist,6,2075,-5.360555556,36.20638889,1.779487306,32.06148987
SCarbDist,6,2076,-5.360555556,36.20638889,0.956342786,34.56259664
SCarbDist,6,2077,-5.360555556,36.20638889,44.76109946,30.03966878
SCarbDist,6,2078,-5.360555556,36.20638889,14.64570569,29.61026713
SCarbDist,6,2079,-5.360555556,36.20638889,1.532276241,35.04017436
SCarbDist,6,2080,-5.360555556,36.20638889,4.435497642,32.26651408
SCarbDist,6,2081,-5.360555556,36.20638889,3.112090905,33.63148905
SCarbDist,6,2082,-5.360555556,36.20638889,16.7764739,35.3125824
SCarbDist,6,2083,-5.360555556,36.20638889,2.053591341,33.89059041
SCarbDist,6,2084,-5.360555556,36.20638889,4.020261553,30.8069692
SCarbDist,6,2085,-5.360555556,36.20638889,2.987506135,31.86766866
SCarbDist,6,2086,-5.360555556,36.20638889,0.816531273,30.57083842
SCarbDist,6,2087,-5.360555556,36.20638889,0.310096052,30.759139
SCarbDist,6,2088,-5.360555556,36.20638889,0.676022547,30.1403656
SCarbDist,6,2089,-5.360555556,36.20638889,0.411142198,32.25660909
SCarbDist,6,2090,-5.360555556,36.20638889,7.060658783,32.91844482
SCarbDist,6,2091,-5.360555556,36.20638889,3.002614655,32.22676799
SCarbDist,6,2092,-5.360555556,36.20638889,8.377170424,31.33804728
SCarbDist,6,2093,-5.360555556,36.20638889,28.55966447,31.442571
SCarbDist,6,2094,-5.360555556,36.20638889,0.321762583,35.11186829
SCarbDist,6,2095,-5.360555556,36.20638889,1.897151471,34.46496582
SCarbDist,6,2096,-5.360555556,36.20638889,28.12709271,31.0926239
SCarbDist,6,2097,-5.360555556,36.20638889,1.17506507,31.05032857
SCarbDist,6,2098,-5.360555556,36.20638889,0.80817937,32.14435221
SCarbDist,6,2099,-5.360555556,36.20638889,10.58061437,33.57809143
SCarbDist,6,2100,-5.360555556,36.20638889,19.07839967,35.05990601
SCarbDist,7,2015,-5.360555556,36.20638889,6.614376294,32.58215017
SCarbDist,7,2016,-5.360555556,36.20638889,7.918615464,32.81746137
SCarbDist,7,2017,-5.360555556,36.20638889,11.14929312,31.88871302
SCarbDist,7,2018,-5.360555556,36.20638889,39.9903541,28.47158695
SCarbDist,7,2019,-5.360555556,36.20638889,5.198329116,31.05904246
SCarbDist,7,2020,-5.360555556,36.20638889,1.558689973,31.5941357
SCarbDist,7,2021,-5.360555556,36.20638889,3.752513714,33.51770098
SCarbDist,7,2022,-5.360555556,36.20638889,0.018460462,32.57700451
SCarbDist,7,2023,-5.360555556,36.20638889,0.182822401,28.21475298
SCarbDist,7,2024,-5.360555556,36.20638889,3.021994176,30.22302817
SCarbDist,7,2025,-5.360555556,36.20638889,7.070899172,32.02799624
SCarbDist,7,2026,-5.360555556,36.20638889,2.691632561,30.11186445
SCarbDist,7,2027,-5.360555556,36.20638889,0.136364113,32.96609379
SCarbDist,7,2028,-5.360555556,36.20638889,12.23129889,31.58398122
SCarbDist,7,2029,-5.360555556,36.20638889,2.904963339,34.93783156
SCarbDist,7,2030,-5.360555556,36.20638889,2.140051314,30.84563303
SCarbDist,7,2031,-5.360555556,36.20638889,4.256755,34.5782833
SCarbDist,7,2032,-5.360555556,36.20638889,5.919486947,32.7484946
SCarbDist,7,2033,-5.360555556,36.20638889,1.342476263,32.50285664
SCarbDist,7,2034,-5.360555556,36.20638889,0.751332261,36.65273438
SCarbDist,7,2035,-5.360555556,36.20638889,5.874728993,32.76221865
SCarbDist,7,2036,-5.360555556,36.20638889,0.023982674,35.93222322
SCarbDist,7,2037,-5.360555556,36.20638889,0.937402377,33.53207181
SCarbDist,7,2038,-5.360555556,36.20638889,0.532565176,33.96321923
SCarbDist,7,2039,-5.360555556,36.20638889,14.49431165,33.38451932
SCarbDist,7,2040,-5.360555556,36.20638889,0.015448835,34.62405277
SCarbDist,7,2041,-5.360555556,36.20638889,16.7735271,33.87276119
SCarbDist,7,2042,-5.360555556,36.20638889,4.018370159,32.11935405
SCarbDist,7,2043,-5.360555556,36.20638889,0.548323308,33.96219345
SCarbDist,7,2044,-5.360555556,36.20638889,8.69200097,32.52252178
SCarbDist,7,2045,-5.360555556,36.20638889,11.72908024,36.63125295
SCarbDist,7,2046,-5.360555556,36.20638889,5.677719827,34.66272937
SCarbDist,7,2047,-5.360555556,36.20638889,19.56021717,31.23765397
SCarbDist,7,2048,-5.360555556,36.20638889,4.413840916,30.65094959
SCarbDist,7,2049,-5.360555556,36.20638889,24.83414637,30.80981426
SCarbDist,7,2050,-5.360555556,36.20638889,8.322895885,29.87536109
SCarbDist,7,2051,-5.360555556,36.20638889,4.190661808,36.53641416
SCarbDist,7,2052,-5.360555556,36.20638889,0.140424609,32.25182101
SCarbDist,7,2053,-5.360555556,36.20638889,0.375819776,34.28693592
SCarbDist,7,2054,-5.360555556,36.20638889,3.750724479,37.68884356
SCarbDist,7,2055,-5.360555556,36.20638889,2.662270077,31.38992191
SCarbDist,7,2056,-5.360555556,36.20638889,0.010440688,34.51703157
SCarbDist,7,2057,-5.360555556,36.20638889,1.803107934,31.85178085
SCarbDist,7,2058,-5.360555556,36.20638889,14.65776195,37.09367105
SCarbDist,7,2059,-5.360555556,36.20638889,2.171850543,31.47696002
SCarbDist,7,2060,-5.360555556,36.20638889,3.489218007,36.02538058
SCarbDist,7,2061,-5.360555556,36.20638889,5.920144703,37.05704306
SCarbDist,7,2062,-5.360555556,36.20638889,0.683232376,35.86868759
SCarbDist,7,2063,-5.360555556,36.20638889,1.983878843,32.3591474
SCarbDist,7,2064,-5.360555556,36.20638889,0.075588221,33.91991282
SCarbDist,7,2065,-5.360555556,36.20638889,0.602908351,32.83981993
SCarbDist,7,2066,-5.360555556,36.20638889,0.882856371,33.81109009
SCarbDist,7,2067,-5.360555556,36.20638889,2.962432906,35.92523961
SCarbDist,7,2068,-5.360555556,36.20638889,2.349382888,35.41807881
SCarbDist,7,2069,-5.360555556,36.20638889,5.975731027,36.19620322
SCarbDist,7,2070,-5.360555556,36.20638889,2.385851386,31.07968612
SCarbDist,7,2071,-5.360555556,36.20638889,4.863604403,33.72343474
SCarbDist,7,2072,-5.360555556,36.20638889,0.411089692,37.37409806
SCarbDist,7,2073,-5.360555556,36.20638889,7.059901102,35.92171729
SCarbDist,7,2074,-5.360555556,36.20638889,0.105910736,34.39234855
SCarbDist,7,2075,-5.360555556,36.20638889,0.111988494,36.10210178
SCarbDist,7,2076,-5.360555556,36.20638889,1.128008526,38.19448045
SCarbDist,7,2077,-5.360555556,36.20638889,0.262781512,35.90645063
SCarbDist,7,2078,-5.360555556,36.20638889,0.884588108,35.56866632
SCarbDist,7,2079,-5.360555556,36.20638889,0.698315177,37.85181137
SCarbDist,7,2080,-5.360555556,36.20638889,4.763193397,36.4249049
SCarbDist,7,2081,-5.360555556,36.20638889,3.046737887,39.93165126
SCarbDist,7,2082,-5.360555556,36.20638889,2.801830998,36.28684338
SCarbDist,7,2083,-5.360555556,36.20638889,0.283510166,37.81145433
SCarbDist,7,2084,-5.360555556,36.20638889,12.3683819,37.55291531
SCarbDist,7,2085,-5.360555556,36.20638889,6.653833015,37.61948695
SCarbDist,7,2086,-5.360555556,36.20638889,1.637011998,38.02537665
SCarbDist,7,2087,-5.360555556,36.20638889,12.26263362,35.71668248
SCarbDist,7,2088,-5.360555556,36.20638889,1.871686346,35.72889739
SCarbDist,7,2089,-5.360555556,36.20638889,5.035443549,35.90165937
SCarbDist,7,2090,-5.360555556,36.20638889,2.828571385,36.32000221
SCarbDist,7,2091,-5.360555556,36.20638889,4.30349689,36.2103742
SCarbDist,7,2092,-5.360555556,36.20638889,4.322878494,37.48473511
SCarbDist,7,2093,-5.360555556,36.20638889,0.615391958,38.47552667
SCarbDist,7,2094,-5.360555556,36.20638889,0.885442085,36.30777745
SCarbDist,7,2095,-5.360555556,36.20638889,0.354128004,39.79071616
SCarbDist,7,2096,-5.360555556,36.20638889,6.368586479,36.16579688
SCarbDist,7,2097,-5.360555556,36.20638889,0.249272864,36.2565788
SCarbDist,7,2098,-5.360555556,36.20638889,0.093508269,38.28468549
SCarbDist,7,2099,-5.360555556,36.20638889,3.283971616,37.92681767
SCarbDist,7,2100,-5.360555556,36.20638889,20.97232642,34.14682873
SCarbDist,8,2015,-5.360555556,36.20638889,1.812579913,33.68391153
SCarbDist,8,2016,-5.360555556,36.20638889,3.836425513,33.01509321
SCarbDist,8,2017,-5.360555556,36.20638889,5.479248107,32.91282191
SCarbDist,8,2018,-5.360555556,36.20638889,2.341330866,28.38091431
SCarbDist,8,2019,-5.360555556,36.20638889,4.188169134,33.78366168
SCarbDist,8,2020,-5.360555556,36.20638889,0.143933367,33.29241431
SCarbDist,8,2021,-5.360555556,36.20638889,3.050247327,34.54430542
SCarbDist,8,2022,-5.360555556,36.20638889,0.065820155,33.15273339
SCarbDist,8,2023,-5.360555556,36.20638889,3.235040197,33.29899627
SCarbDist,8,2024,-5.360555556,36.20638889,1.297361922,34.22175628
SCarbDist,8,2025,-5.360555556,36.20638889,0.155066824,34.64162401
SCarbDist,8,2026,-5.360555556,36.20638889,0.29888228,33.73250142
SCarbDist,8,2027,-5.360555556,36.20638889,0.355396956,34.16851689
SCarbDist,8,2028,-5.360555556,36.20638889,0.719611516,34.04135014
SCarbDist,8,2029,-5.360555556,36.20638889,3.359225426,35.56483883
SCarbDist,8,2030,-5.360555556,36.20638889,0.786594811,33.34141964
SCarbDist,8,2031,-5.360555556,36.20638889,6.362042601,36.0819966
SCarbDist,8,2032,-5.360555556,36.20638889,4.966518812,34.69112549
SCarbDist,8,2033,-5.360555556,36.20638889,8.75394219521371e-05,35.15045245
SCarbDist,8,2034,-5.360555556,36.20638889,0.77248632,35.16923356
SCarbDist,8,2035,-5.360555556,36.20638889,2.656668573,33.83475302
SCarbDist,8,2036,-5.360555556,36.20638889,0.000200825,33.72615179
SCarbDist,8,2037,-5.360555556,36.20638889,2.430408255,35.36210367
SCarbDist,8,2038,-5.360555556,36.20638889,5.7880241191278e-07,34.63381938
SCarbDist,8,2039,-5.360555556,36.20638889,0.005243746,33.42732957
SCarbDist,8,2040,-5.360555556,36.20638889,1.616749552,34.72909625
SCarbDist,8,2041,-5.360555556,36.20638889,7.853370613,33.6143915
SCarbDist,8,2042,-5.360555556,36.20638889,0.336482505,36.49224243
SCarbDist,8,2043,-5.360555556,36.20638889,0.796275343,34.59725932
SCarbDist,8,2044,-5.360555556,36.20638889,0.735153707,34.85718541
SCarbDist,8,2045,-5.360555556,36.20638889,6.057568199,33.91633931
SCarbDist,8,2046,-5.360555556,36.20638889,3.08244,35.09443793
SCarbDist,8,2047,-5.360555556,36.20638889,3.661758672,34.7065979
SCarbDist,8,2048,-5.360555556,36.20638889,0.53336823,35.15486076
SCarbDist,8,2049,-5.360555556,36.20638889,11.56898796,31.41866455
SCarbDist,8,2050,-5.360555556,36.20638889,0.120445045,33.89918351
SCarbDist,8,2051,-5.360555556,36.20638889,2.085026505,32.1848054
SCarbDist,8,2052,-5.360555556,36.20638889,0.44400246,35.06899906
SCarbDist,8,2053,-5.360555556,36.20638889,0.038233,34.17724491
SCarbDist,8,2054,-5.360555556,36.20638889,0.107312707,34.07328924
SCarbDist,8,2055,-5.360555556,36.20638889,0.000224032,34.77614451
SCarbDist,8,2056,-5.360555556,36.20638889,0.10698781,33.0923076
SCarbDist,8,2057,-5.360555556,36.20638889,0.18721995,34.28188083
SCarbDist,8,2058,-5.360555556,36.20638889,2.800293381,35.68282274
SCarbDist,8,2059,-5.360555556,36.20638889,0.021406434,33.11261459
SCarbDist,8,2060,-5.360555556,36.20638889,0.77092631,34.57999622
SCarbDist,8,2061,-5.360555556,36.20638889,0.160041125,35.89577046
SCarbDist,8,2062,-5.360555556,36.20638889,11.51595554,34.73864628
SCarbDist,8,2063,-5.360555556,36.20638889,0.609522258,31.48903218
SCarbDist,8,2064,-5.360555556,36.20638889,3.216742613,35.87345522
SCarbDist,8,2065,-5.360555556,36.20638889,0.316506651,35.26040433
SCarbDist,8,2066,-5.360555556,36.20638889,0.91396323,37.40763786
SCarbDist,8,2067,-5.360555556,36.20638889,7.964400369,35.08279793
SCarbDist,8,2068,-5.360555556,36.20638889,8.52647962,36.91404458
SCarbDist,8,2069,-5.360555556,36.20638889,0.010618881,34.74232414
SCarbDist,8,2070,-5.360555556,36.20638889,4.759722345,34.14140349
SCarbDist,8,2071,-5.360555556,36.20638889,7.843124226,36.08481012
SCarbDist,8,2072,-5.360555556,36.20638889,1.658885954,34.23678569
SCarbDist,8,2073,-5.360555556,36.20638889,0.000273263,37.28966675
SCarbDist,8,2074,-5.360555556,36.20638889,0.378888641,38.20734017
SCarbDist,8,2075,-5.360555556,36.20638889,1.579699371,37.32466549
SCarbDist,8,2076,-5.360555556,36.20638889,0.815372792,35.88284873
SCarbDist,8,2077,-5.360555556,36.20638889,1.698270341,34.64200203
SCarbDist,8,2078,-5.360555556,36.20638889,1.224415873,35.47622759
SCarbDist,8,2079,-5.360555556,36.20638889,0.648364261,37.72300454
SCarbDist,8,2080,-5.360555556,36.20638889,0.176779968,35.68188358
SCarbDist,8,2081,-5.360555556,36.20638889,0.369621164,33.12177183
SCarbDist,8,2082,-5.360555556,36.20638889,3.371062171,37.63489833
SCarbDist,8,2083,-5.360555556,36.20638889,1.198548068,34.43329527
SCarbDist,8,2084,-5.360555556,36.20638889,0.947891277,35.1089702
SCarbDist,8,2085,-5.360555556,36.20638889,0.861207014,36.53933795
SCarbDist,8,2086,-5.360555556,36.20638889,0.040452753,35.55720057
SCarbDist,8,2087,-5.360555556,36.20638889,3.188592758,35.43356205
SCarbDist,8,2088,-5.360555556,36.20638889,0.181904456,34.54935559
SCarbDist,8,2089,-5.360555556,36.20638889,7.161648492,35.71623949
SCarbDist,8,2090,-5.360555556,36.20638889,6.54885438911182e-05,36.46599141
SCarbDist,8,2091,-5.360555556,36.20638889,2.041437856,38.92225677
SCarbDist,8,2092,-5.360555556,36.20638889,0.488792204,38.5452495
SCarbDist,8,2093,-5.360555556,36.20638889,0.008700224,37.31197707
SCarbDist,8,2094,-5.360555556,36.20638889,1.405136205,39.74673048
SCarbDist,8,2095,-5.360555556,36.20638889,1.479205664,37.63531967
SCarbDist,8,2096,-5.360555556,36.20638889,0.477066654,35.38764392
SCarbDist,8,2097,-5.360555556,36.20638889,0.862698086,37.66111686
SCarbDist,8,2098,-5.360555556,36.20638889,0.013817874,35.33694734
SCarbDist,8,2099,-5.360555556,36.20638889,0.397587269,39.86949876
SCarbDist,8,2100,-5.360555556,36.20638889,0.274781534,35.53255812
SCarbDist,9,2015,-5.360555556,36.20638889,10.0610345,28.55563151
SCarbDist,9,2016,-5.360555556,36.20638889,1.583939006,29.69663493
SCarbDist,9,2017,-5.360555556,36.20638889,1.12663935,30.25051982
SCarbDist,9,2018,-5.360555556,36.20638889,46.99559689,28.17325745
SCarbDist,9,2019,-5.360555556,36.20638889,15.44030709,27.7295695
SCarbDist,9,2020,-5.360555556,36.20638889,5.176320712,28.06356913
SCarbDist,9,2021,-5.360555556,36.20638889,0.028165093,31.59545186
SCarbDist,9,2022,-5.360555556,36.20638889,8.103545075,29.03036804
SCarbDist,9,2023,-5.360555556,36.20638889,3.254719785,27.63254598
SCarbDist,9,2024,-5.360555556,36.20638889,20.43909524,27.86826274
SCarbDist,9,2025,-5.360555556,36.20638889,7.904002296,30.82803955
SCarbDist,9,2026,-5.360555556,36.20638889,14.91149868,29.65047201
SCarbDist,9,2027,-5.360555556,36.20638889,3.835008886,30.30138753
SCarbDist,9,2028,-5.360555556,36.20638889,29.38268704,29.77480062
SCarbDist,9,2029,-5.360555556,36.20638889,2.584425842,29.83621826
SCarbDist,9,2030,-5.360555556,36.20638889,40.33529921,28.53342489
SCarbDist,9,2031,-5.360555556,36.20638889,45.8376753,29.82638957
SCarbDist,9,2032,-5.360555556,36.20638889,20.97934256,30.6774353
SCarbDist,9,2033,-5.360555556,36.20638889,5.054163104,29.64972432
SCarbDist,9,2034,-5.360555556,36.20638889,54.42464509,28.62459005
SCarbDist,9,2035,-5.360555556,36.20638889,9.339237791,31.25997111
SCarbDist,9,2036,-5.360555556,36.20638889,1.659962922,31.64155884
SCarbDist,9,2037,-5.360555556,36.20638889,5.312906016,31.54193726
SCarbDist,9,2038,-5.360555556,36.20638889,1.416570025,31.2628774
SCarbDist,9,2039,-5.360555556,36.20638889,1.771028164,31.66185811
SCarbDist,9,2040,-5.360555556,36.20638889,2.130221392,30.45791016
SCarbDist,9,2041,-5.360555556,36.20638889,23.51457822,28.53762614
SCarbDist,9,2042,-5.360555556,36.20638889,7.043902661,29.7775706
SCarbDist,9,2043,-5.360555556,36.20638889,8.677808271,29.48277995
SCarbDist,9,2044,-5.360555556,36.20638889,57.45632612,28.86291606
SCarbDist,9,2045,-5.360555556,36.20638889,0.899320643,31.65069275
SCarbDist,9,2046,-5.360555556,36.20638889,40.04431477,28.21285197
SCarbDist,9,2047,-5.360555556,36.20638889,1.278571734,30.91669413
SCarbDist,9,2048,-5.360555556,36.20638889,5.041441114,30.92924601
SCarbDist,9,2049,-5.360555556,36.20638889,32.74884853,28.32526347
SCarbDist,9,2050,-5.360555556,36.20638889,4.43189689,33.87539978
SCarbDist,9,2051,-5.360555556,36.20638889,3.040729938,30.2391215
SCarbDist,9,2052,-5.360555556,36.20638889,10.44938009,31.08060201
SCarbDist,9,2053,-5.360555556,36.20638889,0.91029843,32.19137065
SCarbDist,9,2054,-5.360555556,36.20638889,24.03279632,28.76825765
SCarbDist,9,2055,-5.360555556,36.20638889,4.599529882,31.9601827
SCarbDist,9,2056,-5.360555556,36.20638889,6.37098657,31.77308044
SCarbDist,9,2057,-5.360555556,36.20638889,4.709285911,30.57212016
SCarbDist,9,2058,-5.360555556,36.20638889,15.05280191,31.40626119
SCarbDist,9,2059,-5.360555556,36.20638889,2.213997984,29.19277344
SCarbDist,9,2060,-5.360555556,36.20638889,0.000281201,29.71391907
SCarbDist,9,2061,-5.360555556,36.20638889,16.71133126,32.2214386
SCarbDist,9,2062,-5.360555556,36.20638889,7.259377297,31.51443583
SCarbDist,9,2063,-5.360555556,36.20638889,2.356064337,30.97342224
SCarbDist,9,2064,-5.360555556,36.20638889,22.796601,31.90858053
SCarbDist,9,2065,-5.360555556,36.20638889,8.545749622,30.7799408
SCarbDist,9,2066,-5.360555556,36.20638889,6.206967273,30.45432943
SCarbDist,9,2067,-5.360555556,36.20638889,0.295801765,31.28473918
SCarbDist,9,2068,-5.360555556,36.20638889,5.862376263,32.55746663
SCarbDist,9,2069,-5.360555556,36.20638889,4.033959499,31.83783061
SCarbDist,9,2070,-5.360555556,36.20638889,2.981367424,31.65957947
SCarbDist,9,2071,-5.360555556,36.20638889,6.568766053,30.61669515
SCarbDist,9,2072,-5.360555556,36.20638889,22.29211216,29.98851217
SCarbDist,9,2073,-5.360555556,36.20638889,17.30209967,32.18113302
SCarbDist,9,2074,-5.360555556,36.20638889,29.31142183,32.10409342
SCarbDist,9,2075,-5.360555556,36.20638889,4.326945961,32.93305969
SCarbDist,9,2076,-5.360555556,36.20638889,17.43430007,29.1223114
SCarbDist,9,2077,-5.360555556,36.20638889,1.250018519,33.02405802
SCarbDist,9,2078,-5.360555556,36.20638889,2.912348486,32.94689738
SCarbDist,9,2079,-5.360555556,36.20638889,3.013435416,34.40709025
SCarbDist,9,2080,-5.360555556,36.20638889,0.349422194,32.22659505
SCarbDist,9,2081,-5.360555556,36.20638889,10.44266146,33.7454071
SCarbDist,9,2082,-5.360555556,36.20638889,2.188149752,33.23472493
SCarbDist,9,2083,-5.360555556,36.20638889,0.582367109,32.89139811
SCarbDist,9,2084,-5.360555556,36.20638889,6.198372161,34.95570984
SCarbDist,9,2085,-5.360555556,36.20638889,4.397201831,33.63905131
SCarbDist,9,2086,-5.360555556,36.20638889,9.830974482,31.44564718
SCarbDist,9,2087,-5.360555556,36.20638889,2.375005861,32.17148641
SCarbDist,9,2088,-5.360555556,36.20638889,4.216863032,31.20906576
SCarbDist,9,2089,-5.360555556,36.20638889,29.32064327,30.79909058
SCarbDist,9,2090,-5.360555556,36.20638889,16.25387439,31.35024109
SCarbDist,9,2091,-5.360555556,36.20638889,0.679011165,32.70965678
SCarbDist,9,2092,-5.360555556,36.20638889,9.373098957,34.33897909
SCarbDist,9,2093,-5.360555556,36.20638889,9.093137395,33.46183268
SCarbDist,9,2094,-5.360555556,36.20638889,0.773676636,31.99041138
SCarbDist,9,2095,-5.360555556,36.20638889,9.575280971,32.21494548
SCarbDist,9,2096,-5.360555556,36.20638889,4.996537537,32.89479268
SCarbDist,9,2097,-5.360555556,36.20638889,3.423957874,33.36339518
SCarbDist,9,2098,-5.360555556,36.20638889,5.425318349,34.85333455
SCarbDist,9,2099,-5.360555556,36.20638889,0.337147171,35.29749756
SCarbDist,9,2100,-5.360555556,36.20638889,1.588211784,35.38831482
SierraCarbonera,1,2015,-5.360833,36.204444,148.6920956,15.35110552
SierraCarbonera,1,2016,-5.360833,36.204444,46.35068784,14.30779911
SierraCarbonera,1,2017,-5.360833,36.204444,4.635573072,16.80523564
SierraCarbonera,1,2018,-5.360833,36.204444,259.3754261,15.07201833
SierraCarbonera,1,2019,-5.360833,36.204444,41.57295115,16.34288645
SierraCarbonera,1,2020,-5.360833,36.204444,0.521467545,16.33766991
SierraCarbonera,1,2021,-5.360833,36.204444,11.13536214,16.33353035
SierraCarbonera,1,2022,-5.360833,36.204444,40.63426257,18.14332216
SierraCarbonera,1,2023,-5.360833,36.204444,267.1923557,15.21472148
SierraCarbonera,1,2024,-5.360833,36.204444,94.40513422,16.07122783
SierraCarbonera,1,2025,-5.360833,36.204444,1.328113762,16.26477031
SierraCarbonera,1,2026,-5.360833,36.204444,20.72990226,17.04964796
SierraCarbonera,1,2027,-5.360833,36.204444,9.472605261,17.49324164
SierraCarbonera,1,2028,-5.360833,36.204444,122.8114425,16.70897926
SierraCarbonera,1,2029,-5.360833,36.204444,10.60890634,15.8353742
SierraCarbonera,1,2030,-5.360833,36.204444,175.2361346,16.10477354
SierraCarbonera,1,2031,-5.360833,36.204444,57.93201377,15.70587335
SierraCarbonera,1,2032,-5.360833,36.204444,329.8304274,17.13123917
SierraCarbonera,1,2033,-5.360833,36.204444,25.75290802,17.01186031
SierraCarbonera,1,2034,-5.360833,36.204444,25.66329997,15.56049549
SierraCarbonera,1,2035,-5.360833,36.204444,30.58666854,17.23324762
SierraCarbonera,1,2036,-5.360833,36.204444,57.61092261,16.50154832
SierraCarbonera,1,2037,-5.360833,36.204444,12.84915344,17.69273997
SierraCarbonera,1,2038,-5.360833,36.204444,1.410465829,16.88306629
SierraCarbonera,1,2039,-5.360833,36.204444,9.159301129,16.04130879
SierraCarbonera,1,2040,-5.360833,36.204444,27.14518124,17.22523134
SierraCarbonera,1,2041,-5.360833,36.204444,84.97548874,17.53889003
SierraCarbonera,1,2042,-5.360833,36.204444,7.291126221,16.08390739
SierraCarbonera,1,2043,-5.360833,36.204444,98.21252904,16.18837595
SierraCarbonera,1,2044,-5.360833,36.204444,1.663969992,16.09407762
SierraCarbonera,1,2045,-5.360833,36.204444,168.1033491,17.90340872
SierraCarbonera,1,2046,-5.360833,36.204444,67.6809257,14.41448856
SierraCarbonera,1,2047,-5.360833,36.204444,124.784941,17.23768744
SierraCarbonera,1,2048,-5.360833,36.204444,47.83288685,15.70486726
SierraCarbonera,1,2049,-5.360833,36.204444,40.85926167,16.66633143
SierraCarbonera,1,2050,-5.360833,36.204444,55.46922596,17.40782786
SierraCarbonera,1,2051,-5.360833,36.204444,20.9551938,14.76134742
SierraCarbonera,1,2052,-5.360833,36.204444,91.5245869,18.60529923
SierraCarbonera,1,2053,-5.360833,36.204444,27.58451333,18.34124342
SierraCarbonera,1,2054,-5.360833,36.204444,86.17398614,17.86575199
SierraCarbonera,1,2055,-5.360833,36.204444,67.22753179,18.80501807
SierraCarbonera,1,2056,-5.360833,36.204444,33.15935757,13.41811031
SierraCarbonera,1,2057,-5.360833,36.204444,121.7669887,18.10323191
SierraCarbonera,1,2058,-5.360833,36.204444,0.633242751,16.18867916
SierraCarbonera,1,2059,-5.360833,36.204444,140.9900707,18.07274682
SierraCarbonera,1,2060,-5.360833,36.204444,30.22115126,16.76927116
SierraCarbonera,1,2061,-5.360833,36.204444,104.0235026,15.35499504
SierraCarbonera,1,2062,-5.360833,36.204444,49.29441073,19.59890137
SierraCarbonera,1,2063,-5.360833,36.204444,294.5822595,16.3036881
SierraCarbonera,1,2064,-5.360833,36.204444,110.5681697,15.91744975
SierraCarbonera,1,2065,-5.360833,36.204444,13.78000619,17.87626579
SierraCarbonera,1,2066,-5.360833,36.204444,61.51332993,15.95706551
SierraCarbonera,1,2067,-5.360833,36.204444,9.190037741,17.44954736
SierraCarbonera,1,2068,-5.360833,36.204444,2.544079353,15.84811775
SierraCarbonera,1,2069,-5.360833,36.204444,10.2366364,18.41761317
SierraCarbonera,1,2070,-5.360833,36.204444,128.7548412,16.64807011
SierraCarbonera,1,2071,-5.360833,36.204444,117.3572648,16.90834862
SierraCarbonera,1,2072,-5.360833,36.204444,51.39782376,15.2355453
SierraCarbonera,1,2073,-5.360833,36.204444,16.11960355,17.90604209
SierraCarbonera,1,2074,-5.360833,36.204444,43.31103925,17.15133844
SierraCarbonera,1,2075,-5.360833,36.204444,20.89457553,17.40495034
SierraCarbonera,1,2076,-5.360833,36.204444,82.88748657,18.63627654
SierraCarbonera,1,2077,-5.360833,36.204444,15.78860779,18.82005832
SierraCarbonera,1,2078,-5.360833,36.204444,18.72869833,18.59752315
SierraCarbonera,1,2079,-5.360833,36.204444,29.08862973,17.77907813
SierraCarbonera,1,2080,-5.360833,36.204444,23.16234207,17.5028911
SierraCarbonera,1,2081,-5.360833,36.204444,27.59438024,18.50962662
SierraCarbonera,1,2082,-5.360833,36.204444,57.75700629,18.21216687
SierraCarbonera,1,2083,-5.360833,36.204444,44.78704835,16.37860383
SierraCarbonera,1,2084,-5.360833,36.204444,19.91773834,17.53877682
SierraCarbonera,1,2085,-5.360833,36.204444,0.219080698,16.71201526
SierraCarbonera,1,2086,-5.360833,36.204444,18.18877802,16.56542457
SierraCarbonera,1,2087,-5.360833,36.204444,74.76658841,19.20253808
SierraCarbonera,1,2088,-5.360833,36.204444,88.88397458,18.33718557
SierraCarbonera,1,2089,-5.360833,36.204444,19.94255471,16.77405061
SierraCarbonera,1,2090,-5.360833,36.204444,57.88246178,19.2813768
SierraCarbonera,1,2091,-5.360833,36.204444,9.78425915,18.44550919
SierraCarbonera,1,2092,-5.360833,36.204444,47.49934657,17.31897051
SierraCarbonera,1,2093,-5.360833,36.204444,20.16758183,18.04836327
SierraCarbonera,1,2094,-5.360833,36.204444,34.73327399,17.49516326
SierraCarbonera,1,2095,-5.360833,36.204444,13.40702137,17.85021264
SierraCarbonera,1,2096,-5.360833,36.204444,104.3221986,18.47592242
SierraCarbonera,1,2097,-5.360833,36.204444,30.7161459,19.97951955
SierraCarbonera,1,2098,-5.360833,36.204444,5.67696254,17.89504395
SierraCarbonera,1,2099,-5.360833,36.204444,7.309907423,17.2147205
SierraCarbonera,1,2100,-5.360833,36.204444,19.65397732,19.69895571
SierraCarbonera,10,2015,-5.360833,36.204444,62.81849917,25.13567899
SierraCarbonera,10,2016,-5.360833,36.204444,5.366727252,25.54895197
SierraCarbonera,10,2017,-5.360833,36.204444,30.0193021,22.20487513
SierraCarbonera,10,2018,-5.360833,36.204444,10.50297127,24.19340249
SierraCarbonera,10,2019,-5.360833,36.204444,20.39333489,26.64771866
SierraCarbonera,10,2020,-5.360833,36.204444,2.640969864,24.79342632
SierraCarbonera,10,2021,-5.360833,36.204444,24.32511688,25.88998295
SierraCarbonera,10,2022,-5.360833,36.204444,107.6009261,22.92516775
SierraCarbonera,10,2023,-5.360833,36.204444,15.69681664,24.96220526
SierraCarbonera,10,2024,-5.360833,36.204444,96.174942,21.43722022
SierraCarbonera,10,2025,-5.360833,36.204444,240.649036,21.91511565
SierraCarbonera,10,2026,-5.360833,36.204444,116.6449478,22.73140475
SierraCarbonera,10,2027,-5.360833,36.204444,119.9440189,25.03666323
SierraCarbonera,10,2028,-5.360833,36.204444,143.7858584,23.45891625
SierraCarbonera,10,2029,-5.360833,36.204444,49.27624093,21.384982
SierraCarbonera,10,2030,-5.360833,36.204444,20.19383882,25.39440505
SierraCarbonera,10,2031,-5.360833,36.204444,32.04201373,21.74435996
SierraCarbonera,10,2032,-5.360833,36.204444,123.5700059,22.79759049
SierraCarbonera,10,2033,-5.360833,36.204444,141.0641702,21.80786212
SierraCarbonera,10,2034,-5.360833,36.204444,35.3516865,22.14236332
SierraCarbonera,10,2035,-5.360833,36.204444,13.8129661,24.94069529
SierraCarbonera,10,2036,-5.360833,36.204444,49.62257901,22.51346002
SierraCarbonera,10,2037,-5.360833,36.204444,44.45884031,25.07400198
SierraCarbonera,10,2038,-5.360833,36.204444,21.02281066,24.4148469
SierraCarbonera,10,2039,-5.360833,36.204444,27.63951837,24.64516011
SierraCarbonera,10,2040,-5.360833,36.204444,12.09404588,28.05222916
SierraCarbonera,10,2041,-5.360833,36.204444,88.52643639,22.75475169
SierraCarbonera,10,2042,-5.360833,36.204444,29.1832512,27.1873669
SierraCarbonera,10,2043,-5.360833,36.204444,27.30518301,22.67753827
SierraCarbonera,10,2044,-5.360833,36.204444,20.68516603,22.237146
SierraCarbonera,10,2045,-5.360833,36.204444,6.01563327,26.25663492
SierraCarbonera,10,2046,-5.360833,36.204444,8.892084864,27.21018027
SierraCarbonera,10,2047,-5.360833,36.204444,57.17205518,26.06877855
SierraCarbonera,10,2048,-5.360833,36.204444,24.94196827,23.8489624
SierraCarbonera,10,2049,-5.360833,36.204444,55.15596448,24.38970534
SierraCarbonera,10,2050,-5.360833,36.204444,7.379242215,26.90039929
SierraCarbonera,10,2051,-5.360833,36.204444,98.57328189,21.78054002
SierraCarbonera,10,2052,-5.360833,36.204444,49.56177017,24.32772414
SierraCarbonera,10,2053,-5.360833,36.204444,68.66420039,24.33937398
SierraCarbonera,10,2054,-5.360833,36.204444,18.9775096,24.79487836
SierraCarbonera,10,2055,-5.360833,36.204444,4.386610668,26.29111584
SierraCarbonera,10,2056,-5.360833,36.204444,12.83510605,27.86428616
SierraCarbonera,10,2057,-5.360833,36.204444,27.48427667,24.28940784
SierraCarbonera,10,2058,-5.360833,36.204444,9.466243396,24.67183247
SierraCarbonera,10,2059,-5.360833,36.204444,63.44961495,22.22946836
SierraCarbonera,10,2060,-5.360833,36.204444,85.66599258,24.37036802
SierraCarbonera,10,2061,-5.360833,36.204444,5.819963112,27.91426313
SierraCarbonera,10,2062,-5.360833,36.204444,47.20287559,24.21081622
SierraCarbonera,10,2063,-5.360833,36.204444,8.659707146,28.91320486
SierraCarbonera,10,2064,-5.360833,36.204444,10.4551753,25.19872437
SierraCarbonera,10,2065,-5.360833,36.204444,58.20561478,22.70924407
SierraCarbonera,10,2066,-5.360833,36.204444,94.77734998,26.11436098
SierraCarbonera,10,2067,-5.360833,36.204444,34.0211491,23.35587611
SierraCarbonera,10,2068,-5.360833,36.204444,27.42240381,24.90970124
SierraCarbonera,10,2069,-5.360833,36.204444,37.69709114,25.77344813
SierraCarbonera,10,2070,-5.360833,36.204444,16.26693024,25.99570765
SierraCarbonera,10,2071,-5.360833,36.204444,14.95568918,26.19263857
SierraCarbonera,10,2072,-5.360833,36.204444,52.00021265,23.60688122
SierraCarbonera,10,2073,-5.360833,36.204444,161.7425263,23.19736781
SierraCarbonera,10,2074,-5.360833,36.204444,12.45655666,27.07888479
SierraCarbonera,10,2075,-5.360833,36.204444,0.079060049,29.65765066
SierraCarbonera,10,2076,-5.360833,36.204444,61.81619911,22.95262077
SierraCarbonera,10,2077,-5.360833,36.204444,43.18641731,26.40574971
SierraCarbonera,10,2078,-5.360833,36.204444,49.33416872,27.63124114
SierraCarbonera,10,2079,-5.360833,36.204444,85.4903764,23.69878343
SierraCarbonera,10,2080,-5.360833,36.204444,4.359302146,28.73612513
SierraCarbonera,10,2081,-5.360833,36.204444,23.17477209,26.56140412
SierraCarbonera,10,2082,-5.360833,36.204444,30.33417116,24.5693003
SierraCarbonera,10,2083,-5.360833,36.204444,47.12023763,25.7938132
SierraCarbonera,10,2084,-5.360833,36.204444,45.5978301,24.88079125
SierraCarbonera,10,2085,-5.360833,36.204444,13.96928196,29.10660066
SierraCarbonera,10,2086,-5.360833,36.204444,56.38595953,27.8345522
SierraCarbonera,10,2087,-5.360833,36.204444,1.217656393,26.20896843
SierraCarbonera,10,2088,-5.360833,36.204444,69.27627162,26.05982804
SierraCarbonera,10,2089,-5.360833,36.204444,3.288446601,25.29016192
SierraCarbonera,10,2090,-5.360833,36.204444,43.99632869,25.55700172
SierraCarbonera,10,2091,-5.360833,36.204444,13.00786926,27.259223
SierraCarbonera,10,2092,-5.360833,36.204444,31.246613,26.30750083
SierraCarbonera,10,2093,-5.360833,36.204444,58.5306466,23.80185015
SierraCarbonera,10,2094,-5.360833,36.204444,83.81432322,24.86973503
SierraCarbonera,10,2095,-5.360833,36.204444,12.86651906,27.59455803
SierraCarbonera,10,2096,-5.360833,36.204444,45.09770136,26.28295977
SierraCarbonera,10,2097,-5.360833,36.204444,16.5091543,27.87313331
SierraCarbonera,10,2098,-5.360833,36.204444,75.07332367,27.52017586
SierraCarbonera,10,2099,-5.360833,36.204444,19.29713395,26.36535231
SierraCarbonera,10,2100,-5.360833,36.204444,4.337991358,29.63563173
SierraCarbonera,11,2015,-5.360833,36.204444,121.8649943,18.04260661
SierraCarbonera,11,2016,-5.360833,36.204444,48.64235381,18.21017558
SierraCarbonera,11,2017,-5.360833,36.204444,159.1092634,18.3072408
SierraCarbonera,11,2018,-5.360833,36.204444,45.72648051,19.90654704
SierraCarbonera,11,2019,-5.360833,36.204444,75.38644193,20.12059631
SierraCarbonera,11,2020,-5.360833,36.204444,10.19599529,20.35411072
SierraCarbonera,11,2021,-5.360833,36.204444,28.08911467,21.673703
SierraCarbonera,11,2022,-5.360833,36.204444,88.28161511,19.84893087
SierraCarbonera,11,2023,-5.360833,36.204444,22.37130222,19.38220723
SierraCarbonera,11,2024,-5.360833,36.204444,22.16436651,18.30198873
SierraCarbonera,11,2025,-5.360833,36.204444,116.4788581,19.93458659
SierraCarbonera,11,2026,-5.360833,36.204444,9.756435494,20.20195516
SierraCarbonera,11,2027,-5.360833,36.204444,53.04760592,19.83458761
SierraCarbonera,11,2028,-5.360833,36.204444,25.2128433,19.46764119
SierraCarbonera,11,2029,-5.360833,36.204444,28.43673751,18.68726603
SierraCarbonera,11,2030,-5.360833,36.204444,88.58320916,21.05282288
SierraCarbonera,11,2031,-5.360833,36.204444,154.1752749,17.23536377
SierraCarbonera,11,2032,-5.360833,36.204444,154.0193634,19.87963765
SierraCarbonera,11,2033,-5.360833,36.204444,19.60797088,17.41513774
SierraCarbonera,11,2034,-5.360833,36.204444,125.5778049,19.31026306
SierraCarbonera,11,2035,-5.360833,36.204444,54.61446073,19.34193319
SierraCarbonera,11,2036,-5.360833,36.204444,10.34260287,19.5673818
SierraCarbonera,11,2037,-5.360833,36.204444,65.06525634,17.88632406
SierraCarbonera,11,2038,-5.360833,36.204444,45.38912106,19.86231791
SierraCarbonera,11,2039,-5.360833,36.204444,25.34326297,20.86078695
SierraCarbonera,11,2040,-5.360833,36.204444,86.57729233,21.67728984
SierraCarbonera,11,2041,-5.360833,36.204444,90.9402597,19.5747345
SierraCarbonera,11,2042,-5.360833,36.204444,7.369158702,22.94265849
SierraCarbonera,11,2043,-5.360833,36.204444,173.778217,19.024705
SierraCarbonera,11,2044,-5.360833,36.204444,79.63074058,19.42953593
SierraCarbonera,11,2045,-5.360833,36.204444,110.6585184,19.56772868
SierraCarbonera,11,2046,-5.360833,36.204444,97.17288243,20.1602946
SierraCarbonera,11,2047,-5.360833,36.204444,45.36349105,19.22687581
SierraCarbonera,11,2048,-5.360833,36.204444,17.59171627,18.87392273
SierraCarbonera,11,2049,-5.360833,36.204444,83.77016623,19.82230123
SierraCarbonera,11,2050,-5.360833,36.204444,47.72211554,17.84975281
SierraCarbonera,11,2051,-5.360833,36.204444,25.5615151,18.56404114
SierraCarbonera,11,2052,-5.360833,36.204444,166.392045,18.46702779
SierraCarbonera,11,2053,-5.360833,36.204444,4.420351525,19.19952291
SierraCarbonera,11,2054,-5.360833,36.204444,161.3545131,20.18162435
SierraCarbonera,11,2055,-5.360833,36.204444,65.53007496,20.08328247
SierraCarbonera,11,2056,-5.360833,36.204444,106.2116127,18.85659485
SierraCarbonera,11,2057,-5.360833,36.204444,20.49636533,21.41650696
SierraCarbonera,11,2058,-5.360833,36.204444,36.30863987,20.71772766
SierraCarbonera,11,2059,-5.360833,36.204444,4.709481757,19.89588521
SierraCarbonera,11,2060,-5.360833,36.204444,271.1246445,18.8015391
SierraCarbonera,11,2061,-5.360833,36.204444,29.16412374,22.32477214
SierraCarbonera,11,2062,-5.360833,36.204444,5.587167051,20.57368368
SierraCarbonera,11,2063,-5.360833,36.204444,99.15006518,22.43358053
SierraCarbonera,11,2064,-5.360833,36.204444,51.61281946,20.72673543
SierraCarbonera,11,2065,-5.360833,36.204444,61.03914726,20.86621602
SierraCarbonera,11,2066,-5.360833,36.204444,68.86484452,20.56021423
SierraCarbonera,11,2067,-5.360833,36.204444,30.64212548,18.22213847
SierraCarbonera,11,2068,-5.360833,36.204444,111.5322308,19.35250549
SierraCarbonera,11,2069,-5.360833,36.204444,4.549043583,21.59069316
SierraCarbonera,11,2070,-5.360833,36.204444,31.27107211,20.03009949
SierraCarbonera,11,2071,-5.360833,36.204444,16.22813694,20.44301249
SierraCarbonera,11,2072,-5.360833,36.204444,34.07973302,20.44797262
SierraCarbonera,11,2073,-5.360833,36.204444,55.67687935,20.93077799
SierraCarbonera,11,2074,-5.360833,36.204444,121.706946,19.1827474
SierraCarbonera,11,2075,-5.360833,36.204444,73.01094642,22.99829305
SierraCarbonera,11,2076,-5.360833,36.204444,61.86704567,19.27763875
SierraCarbonera,11,2077,-5.360833,36.204444,19.70827064,23.44462789
SierraCarbonera,11,2078,-5.360833,36.204444,27.24963575,21.3751709
SierraCarbonera,11,2079,-5.360833,36.204444,19.7449981,20.43811849
SierraCarbonera,11,2080,-5.360833,36.204444,13.12755143,22.08919373
SierraCarbonera,11,2081,-5.360833,36.204444,43.94333635,21.72874756
SierraCarbonera,11,2082,-5.360833,36.204444,45.02306268,20.48600362
SierraCarbonera,11,2083,-5.360833,36.204444,23.60075289,19.95732829
SierraCarbonera,11,2084,-5.360833,36.204444,41.93826396,22.77033488
SierraCarbonera,11,2085,-5.360833,36.204444,31.2856306,22.48225708
SierraCarbonera,11,2086,-5.360833,36.204444,22.96096992,21.90051371
SierraCarbonera,11,2087,-5.360833,36.204444,22.25604729,23.097229
SierraCarbonera,11,2088,-5.360833,36.204444,158.5522866,20.49922485
SierraCarbonera,11,2089,-5.360833,36.204444,5.421882684,20.32904765
SierraCarbonera,11,2090,-5.360833,36.204444,33.02588174,21.33061625
SierraCarbonera,11,2091,-5.360833,36.204444,55.54532793,20.5428833
SierraCarbonera,11,2092,-5.360833,36.204444,0.069473189,25.22731832
SierraCarbonera,11,2093,-5.360833,36.204444,5.729153971,23.76018473
SierraCarbonera,11,2094,-5.360833,36.204444,55.61863045,19.73223572
SierraCarbonera,11,2095,-5.360833,36.204444,18.79731306,23.24938456
SierraCarbonera,11,2096,-5.360833,36.204444,55.3729471,21.79796651
SierraCarbonera,11,2097,-5.360833,36.204444,180.3133484,20.70837097
SierraCarbonera,11,2098,-5.360833,36.204444,18.81977333,21.36025899
SierraCarbonera,11,2099,-5.360833,36.204444,15.45501495,23.4899058
SierraCarbonera,11,2100,-5.360833,36.204444,86.4473821,23.43894958
SierraCarbonera,12,2015,-5.360833,36.204444,87.79503748,14.8463182
SierraCarbonera,12,2016,-5.360833,36.204444,53.31561477,14.7371834
SierraCarbonera,12,2017,-5.360833,36.204444,213.4336357,14.78866557
SierraCarbonera,12,2018,-5.360833,36.204444,1.674760231,18.00818344
SierraCarbonera,12,2019,-5.360833,36.204444,1.485700107,17.76118105
SierraCarbonera,12,2020,-5.360833,36.204444,69.51870682,18.09052577
SierraCarbonera,12,2021,-5.360833,36.204444,23.34802387,18.09259604
SierraCarbonera,12,2022,-5.360833,36.204444,97.47625641,17.3836225
SierraCarbonera,12,2023,-5.360833,36.204444,196.6582814,17.48813831
SierraCarbonera,12,2024,-5.360833,36.204444,50.8189566,15.8422131
SierraCarbonera,12,2025,-5.360833,36.204444,116.2520458,16.99412566
SierraCarbonera,12,2026,-5.360833,36.204444,2.145576424,18.33824187
SierraCarbonera,12,2027,-5.360833,36.204444,3.784235437,19.36106705
SierraCarbonera,12,2028,-5.360833,36.204444,121.3889961,17.54382009
SierraCarbonera,12,2029,-5.360833,36.204444,300.79932,16.6101151
SierraCarbonera,12,2030,-5.360833,36.204444,13.88452945,18.31122397
SierraCarbonera,12,2031,-5.360833,36.204444,45.37688654,15.85544394
SierraCarbonera,12,2032,-5.360833,36.204444,106.0952482,15.87384407
SierraCarbonera,12,2033,-5.360833,36.204444,118.4017106,16.22631619
SierraCarbonera,12,2034,-5.360833,36.204444,13.37294382,19.5767525
SierraCarbonera,12,2035,-5.360833,36.204444,18.45920063,14.88677073
SierraCarbonera,12,2036,-5.360833,36.204444,0.626621712,18.963044
SierraCarbonera,12,2037,-5.360833,36.204444,15.32494614,18.82535656
SierraCarbonera,12,2038,-5.360833,36.204444,46.09870098,17.24638692
SierraCarbonera,12,2039,-5.360833,36.204444,0.978855207,18.33240022
SierraCarbonera,12,2040,-5.360833,36.204444,45.71536941,17.94653694
SierraCarbonera,12,2041,-5.360833,36.204444,92.24081063,17.3425547
SierraCarbonera,12,2042,-5.360833,36.204444,71.66379545,16.02464226
SierraCarbonera,12,2043,-5.360833,36.204444,89.0049992,18.70435634
SierraCarbonera,12,2044,-5.360833,36.204444,16.92019723,19.00543587
SierraCarbonera,12,2045,-5.360833,36.204444,108.2021511,16.73363057
SierraCarbonera,12,2046,-5.360833,36.204444,62.74812323,18.62602854
SierraCarbonera,12,2047,-5.360833,36.204444,295.8874484,17.81688055
SierraCarbonera,12,2048,-5.360833,36.204444,276.6859576,16.73200231
SierraCarbonera,12,2049,-5.360833,36.204444,212.3530661,17.37461784
SierraCarbonera,12,2050,-5.360833,36.204444,104.1819411,15.40267432
SierraCarbonera,12,2051,-5.360833,36.204444,174.2076106,16.58398319
SierraCarbonera,12,2052,-5.360833,36.204444,94.39160378,17.5280996
SierraCarbonera,12,2053,-5.360833,36.204444,201.0329954,17.32123374
SierraCarbonera,12,2054,-5.360833,36.204444,65.63030881,19.54682558
SierraCarbonera,12,2055,-5.360833,36.204444,21.60271629,17.13462859
SierraCarbonera,12,2056,-5.360833,36.204444,16.59600031,16.71289535
SierraCarbonera,12,2057,-5.360833,36.204444,138.2618547,18.76368841
SierraCarbonera,12,2058,-5.360833,36.204444,47.96716672,18.03197632
SierraCarbonera,12,2059,-5.360833,36.204444,34.1459277,17.35900859
SierraCarbonera,12,2060,-5.360833,36.204444,174.9894663,16.9885882
SierraCarbonera,12,2061,-5.360833,36.204444,0.431821507,17.92227153
SierraCarbonera,12,2062,-5.360833,36.204444,281.3739969,19.00377119
SierraCarbonera,12,2063,-5.360833,36.204444,8.443142089,17.176354
SierraCarbonera,12,2064,-5.360833,36.204444,83.22434628,18.33859151
SierraCarbonera,12,2065,-5.360833,36.204444,131.1958432,17.74337552
SierraCarbonera,12,2066,-5.360833,36.204444,8.665701928,17.51703058
SierraCarbonera,12,2067,-5.360833,36.204444,18.19412498,17.2735259
SierraCarbonera,12,2068,-5.360833,36.204444,34.5705639,16.80059401
SierraCarbonera,12,2069,-5.360833,36.204444,66.47515836,17.41721644
SierraCarbonera,12,2070,-5.360833,36.204444,65.86712862,17.26201585
SierraCarbonera,12,2071,-5.360833,36.204444,36.07114822,16.266814
SierraCarbonera,12,2072,-5.360833,36.204444,10.97055233,18.66382505
SierraCarbonera,12,2073,-5.360833,36.204444,41.36743843,19.66622511
SierraCarbonera,12,2074,-5.360833,36.204444,40.26160672,17.37448396
SierraCarbonera,12,2075,-5.360833,36.204444,25.77371562,19.01866967
SierraCarbonera,12,2076,-5.360833,36.204444,26.44754438,18.41556456
SierraCarbonera,12,2077,-5.360833,36.204444,70.32362895,18.23418481
SierraCarbonera,12,2078,-5.360833,36.204444,21.2199103,17.34876059
SierraCarbonera,12,2079,-5.360833,36.204444,65.43492415,20.69765527
SierraCarbonera,12,2080,-5.360833,36.204444,23.71560946,18.43281585
SierraCarbonera,12,2081,-5.360833,36.204444,45.68881097,17.81208929
SierraCarbonera,12,2082,-5.360833,36.204444,25.47362919,19.68504855
SierraCarbonera,12,2083,-5.360833,36.204444,28.34214539,18.08569808
SierraCarbonera,12,2084,-5.360833,36.204444,102.6295698,18.08976086
SierraCarbonera,12,2085,-5.360833,36.204444,53.83057722,17.68639723
SierraCarbonera,12,2086,-5.360833,36.204444,189.6363664,19.3106973
SierraCarbonera,12,2087,-5.360833,36.204444,8.75618553,21.0262459
SierraCarbonera,12,2088,-5.360833,36.204444,37.96795729,17.24076184
SierraCarbonera,12,2089,-5.360833,36.204444,61.66451974,20.09216387
SierraCarbonera,12,2090,-5.360833,36.204444,2.115739483,19.50362844
SierraCarbonera,12,2091,-5.360833,36.204444,155.7207107,20.3458752
SierraCarbonera,12,2092,-5.360833,36.204444,7.1726501,21.03832004
SierraCarbonera,12,2093,-5.360833,36.204444,96.50461035,18.18267507
SierraCarbonera,12,2094,-5.360833,36.204444,14.08137956,19.72058381
SierraCarbonera,12,2095,-5.360833,36.204444,48.38216859,19.07060173
SierraCarbonera,12,2096,-5.360833,36.204444,39.50686959,20.09999902
SierraCarbonera,12,2097,-5.360833,36.204444,101.1556446,17.65616317
SierraCarbonera,12,2098,-5.360833,36.204444,12.42078532,19.52741837
SierraCarbonera,12,2099,-5.360833,36.204444,22.10178469,19.76347085
SierraCarbonera,12,2100,-5.360833,36.204444,0.318390627,17.7026062
SierraCarbonera,2,2015,-5.360833,36.204444,42.87027098,16.32749329
SierraCarbonera,2,2016,-5.360833,36.204444,4.725808252,17.98604105
SierraCarbonera,2,2017,-5.360833,36.204444,24.94353225,17.19982191
SierraCarbonera,2,2018,-5.360833,36.204444,40.95482529,18.4074537
SierraCarbonera,2,2019,-5.360833,36.204444,0.073163958,18.18176858
SierraCarbonera,2,2020,-5.360833,36.204444,60.97491768,17.15796656
SierraCarbonera,2,2021,-5.360833,36.204444,37.06655459,13.98706752
SierraCarbonera,2,2022,-5.360833,36.204444,24.93701326,18.34817113
SierraCarbonera,2,2023,-5.360833,36.204444,40.96312964,16.57061702
SierraCarbonera,2,2024,-5.360833,36.204444,88.27439907,17.1465793
SierraCarbonera,2,2025,-5.360833,36.204444,27.61902859,15.88736223
SierraCarbonera,2,2026,-5.360833,36.204444,52.50833024,15.36147352
SierraCarbonera,2,2027,-5.360833,36.204444,27.28164158,17.04681876
SierraCarbonera,2,2028,-5.360833,36.204444,264.0193175,16.52886142
SierraCarbonera,2,2029,-5.360833,36.204444,90.48287882,16.23114057
SierraCarbonera,2,2030,-5.360833,36.204444,24.86790942,16.91787763
SierraCarbonera,2,2031,-5.360833,36.204444,46.81999313,15.94248788
SierraCarbonera,2,2032,-5.360833,36.204444,156.4663762,19.71821773
SierraCarbonera,2,2033,-5.360833,36.204444,83.27419839,16.25510559
SierraCarbonera,2,2034,-5.360833,36.204444,2.515205261,18.04709124
SierraCarbonera,2,2035,-5.360833,36.204444,37.87921673,15.79722421
SierraCarbonera,2,2036,-5.360833,36.204444,15.67397332,17.66837832
SierraCarbonera,2,2037,-5.360833,36.204444,179.084035,16.68140019
SierraCarbonera,2,2038,-5.360833,36.204444,0.59316319,20.19216527
SierraCarbonera,2,2039,-5.360833,36.204444,13.52434984,19.27609297
SierraCarbonera,2,2040,-5.360833,36.204444,56.22668645,18.48591056
SierraCarbonera,2,2041,-5.360833,36.204444,49.04596884,16.9575385
SierraCarbonera,2,2042,-5.360833,36.204444,10.57861413,17.3046923
SierraCarbonera,2,2043,-5.360833,36.204444,7.272709435,16.96467743
SierraCarbonera,2,2044,-5.360833,36.204444,56.12857133,16.0719554
SierraCarbonera,2,2045,-5.360833,36.204444,0.199379454,17.52630114
SierraCarbonera,2,2046,-5.360833,36.204444,39.41483167,18.93705902
SierraCarbonera,2,2047,-5.360833,36.204444,98.36188134,18.71438424
SierraCarbonera,2,2048,-5.360833,36.204444,34.79930873,16.16847618
SierraCarbonera,2,2049,-5.360833,36.204444,6.654261276,18.6117678
SierraCarbonera,2,2050,-5.360833,36.204444,52.9768733,19.80603289
SierraCarbonera,2,2051,-5.360833,36.204444,37.06225271,15.94048135
SierraCarbonera,2,2052,-5.360833,36.204444,50.62299081,19.51571992
SierraCarbonera,2,2053,-5.360833,36.204444,33.33280958,18.97352644
SierraCarbonera,2,2054,-5.360833,36.204444,22.41842351,18.00753937
SierraCarbonera,2,2055,-5.360833,36.204444,173.6229102,16.02065212
SierraCarbonera,2,2056,-5.360833,36.204444,41.84685954,18.13659899
SierraCarbonera,2,2057,-5.360833,36.204444,258.8497147,17.62719879
SierraCarbonera,2,2058,-5.360833,36.204444,7.024919633,19.4596889
SierraCarbonera,2,2059,-5.360833,36.204444,41.06380115,19.58617009
SierraCarbonera,2,2060,-5.360833,36.204444,29.15400096,19.49183202
SierraCarbonera,2,2061,-5.360833,36.204444,28.55458893,18.86664734
SierraCarbonera,2,2062,-5.360833,36.204444,8.180491743,20.85216348
SierraCarbonera,2,2063,-5.360833,36.204444,34.41153823,17.83122406
SierraCarbonera,2,2064,-5.360833,36.204444,78.83844689,18.76286811
SierraCarbonera,2,2065,-5.360833,36.204444,0.44062052,20.76121129
SierraCarbonera,2,2066,-5.360833,36.204444,43.20273663,16.59253191
SierraCarbonera,2,2067,-5.360833,36.204444,1.076668563,18.76984558
SierraCarbonera,2,2068,-5.360833,36.204444,60.0480689,21.45482893
SierraCarbonera,2,2069,-5.360833,36.204444,27.44775059,17.11824733
SierraCarbonera,2,2070,-5.360833,36.204444,1.743949405,17.27575836
SierraCarbonera,2,2071,-5.360833,36.204444,37.90593117,17.98743373
SierraCarbonera,2,2072,-5.360833,36.204444,19.07279179,15.17323903
SierraCarbonera,2,2073,-5.360833,36.204444,24.59636525,17.89089464
SierraCarbonera,2,2074,-5.360833,36.204444,98.07290292,17.16537628
SierraCarbonera,2,2075,-5.360833,36.204444,79.98366411,17.45073308
SierraCarbonera,2,2076,-5.360833,36.204444,69.91104786,19.06215715
SierraCarbonera,2,2077,-5.360833,36.204444,1.606999697,20.26520255
SierraCarbonera,2,2078,-5.360833,36.204444,1.226761825,21.06067483
SierraCarbonera,2,2079,-5.360833,36.204444,29.57545529,16.79200788
SierraCarbonera,2,2080,-5.360833,36.204444,56.10985248,19.03727901
SierraCarbonera,2,2081,-5.360833,36.204444,8.254038043,24.49400591
SierraCarbonera,2,2082,-5.360833,36.204444,66.13259432,18.51585323
SierraCarbonera,2,2083,-5.360833,36.204444,26.70068719,18.52299543
SierraCarbonera,2,2084,-5.360833,36.204444,229.2113601,16.92083235
SierraCarbonera,2,2085,-5.360833,36.204444,21.65452842,19.24328112
SierraCarbonera,2,2086,-5.360833,36.204444,10.41850988,20.51861071
SierraCarbonera,2,2087,-5.360833,36.204444,14.37429016,21.18221327
SierraCarbonera,2,2088,-5.360833,36.204444,105.1481024,18.27816267
SierraCarbonera,2,2089,-5.360833,36.204444,4.82569113,20.17535117
SierraCarbonera,2,2090,-5.360833,36.204444,117.3776798,19.24999717
SierraCarbonera,2,2091,-5.360833,36.204444,0.379549717,22.39638672
SierraCarbonera,2,2092,-5.360833,36.204444,13.11827882,20.01249663
SierraCarbonera,2,2093,-5.360833,36.204444,1.893103939,21.19300123
SierraCarbonera,2,2094,-5.360833,36.204444,38.98222,20.85603921
SierraCarbonera,2,2095,-5.360833,36.204444,1.019486352,17.5369921
SierraCarbonera,2,2096,-5.360833,36.204444,44.05153086,18.97006036
SierraCarbonera,2,2097,-5.360833,36.204444,48.37487391,20.27936489
SierraCarbonera,2,2098,-5.360833,36.204444,2.100761146,20.43027104
SierraCarbonera,2,2099,-5.360833,36.204444,1.169972139,20.16540244
SierraCarbonera,2,2100,-5.360833,36.204444,3.391859402,21.54888851
SierraCarbonera,3,2015,-5.360833,36.204444,21.14156406,18.4695915
SierraCarbonera,3,2016,-5.360833,36.204444,6.316447055,19.1108426
SierraCarbonera,3,2017,-5.360833,36.204444,38.22051648,20.66394417
SierraCarbonera,3,2018,-5.360833,36.204444,79.88747305,17.04410361
SierraCarbonera,3,2019,-5.360833,36.204444,27.49455574,21.51274237
SierraCarbonera,3,2020,-5.360833,36.204444,31.91408679,21.2202432
SierraCarbonera,3,2021,-5.360833,36.204444,47.61683611,17.77329358
SierraCarbonera,3,2022,-5.360833,36.204444,39.4521669,17.32090789
SierraCarbonera,3,2023,-5.360833,36.204444,6.938832623,19.29431133
SierraCarbonera,3,2024,-5.360833,36.204444,397.2399699,16.73676797
SierraCarbonera,3,2025,-5.360833,36.204444,21.33214378,19.75884006
SierraCarbonera,3,2026,-5.360833,36.204444,38.9123286,17.01446514
SierraCarbonera,3,2027,-5.360833,36.204444,41.31858824,19.63180621
SierraCarbonera,3,2028,-5.360833,36.204444,79.81858299,19.15317245
SierraCarbonera,3,2029,-5.360833,36.204444,32.69355654,19.93169457
SierraCarbonera,3,2030,-5.360833,36.204444,83.47139983,19.5840206
SierraCarbonera,3,2031,-5.360833,36.204444,37.03045956,19.32376473
SierraCarbonera,3,2032,-5.360833,36.204444,111.0054285,19.30745456
SierraCarbonera,3,2033,-5.360833,36.204444,61.69752233,16.45231166
SierraCarbonera,3,2034,-5.360833,36.204444,25.01066731,17.70738151
SierraCarbonera,3,2035,-5.360833,36.204444,37.84430874,19.51874842
SierraCarbonera,3,2036,-5.360833,36.204444,7.81198495,19.32394389
SierraCarbonera,3,2037,-5.360833,36.204444,41.77816939,22.22809704
SierraCarbonera,3,2038,-5.360833,36.204444,22.74640047,23.72601889
SierraCarbonera,3,2039,-5.360833,36.204444,0.634028501,19.52586493
SierraCarbonera,3,2040,-5.360833,36.204444,1.226568429,20.0534095
SierraCarbonera,3,2041,-5.360833,36.204444,31.69275376,21.1024611
SierraCarbonera,3,2042,-5.360833,36.204444,5.597428596,22.62928605
SierraCarbonera,3,2043,-5.360833,36.204444,34.58681125,21.02264385
SierraCarbonera,3,2044,-5.360833,36.204444,32.23056259,18.61612116
SierraCarbonera,3,2045,-5.360833,36.204444,6.044606217,22.08765023
SierraCarbonera,3,2046,-5.360833,36.204444,11.78413434,20.1935098
SierraCarbonera,3,2047,-5.360833,36.204444,121.659166,17.49314615
SierraCarbonera,3,2048,-5.360833,36.204444,16.46908392,19.92403761
SierraCarbonera,3,2049,-5.360833,36.204444,1.888850561,20.31097392
SierraCarbonera,3,2050,-5.360833,36.204444,59.0913131,20.59436311
SierraCarbonera,3,2051,-5.360833,36.204444,45.87254381,16.81954838
SierraCarbonera,3,2052,-5.360833,36.204444,118.8354185,18.38307023
SierraCarbonera,3,2053,-5.360833,36.204444,64.03316487,19.53878075
SierraCarbonera,3,2054,-5.360833,36.204444,1.771527964,20.46428735
SierraCarbonera,3,2055,-5.360833,36.204444,14.2507456,20.20053278
SierraCarbonera,3,2056,-5.360833,36.204444,84.83072457,17.72991136
SierraCarbonera,3,2057,-5.360833,36.204444,105.9971419,16.84741388
SierraCarbonera,3,2058,-5.360833,36.204444,0.012416425,22.65127642
SierraCarbonera,3,2059,-5.360833,36.204444,0.102285863,23.1678514
SierraCarbonera,3,2060,-5.360833,36.204444,30.67990964,19.93002004
SierraCarbonera,3,2061,-5.360833,36.204444,2.060031623,20.05822636
SierraCarbonera,3,2062,-5.360833,36.204444,29.98257437,20.69498252
SierraCarbonera,3,2063,-5.360833,36.204444,124.1590848,19.12562197
SierraCarbonera,3,2064,-5.360833,36.204444,55.44269643,19.18131359
SierraCarbonera,3,2065,-5.360833,36.204444,24.35506056,22.07108016
SierraCarbonera,3,2066,-5.360833,36.204444,77.05354458,18.22588895
SierraCarbonera,3,2067,-5.360833,36.204444,5.57418784,22.84744046
SierraCarbonera,3,2068,-5.360833,36.204444,228.1488131,19.51824931
SierraCarbonera,3,2069,-5.360833,36.204444,1.452203,21.55070328
SierraCarbonera,3,2070,-5.360833,36.204444,45.95419023,17.48702688
SierraCarbonera,3,2071,-5.360833,36.204444,59.32417659,16.85957661
SierraCarbonera,3,2072,-5.360833,36.204444,19.2333948,18.53300112
SierraCarbonera,3,2073,-5.360833,36.204444,11.6624118,19.95585957
SierraCarbonera,3,2074,-5.360833,36.204444,61.89894344,19.8588629
SierraCarbonera,3,2075,-5.360833,36.204444,39.40622692,20.18953464
SierraCarbonera,3,2076,-5.360833,36.204444,38.29311874,20.75233784
SierraCarbonera,3,2077,-5.360833,36.204444,0.316146409,23.41035491
SierraCarbonera,3,2078,-5.360833,36.204444,6.072953016,25.52236131
SierraCarbonera,3,2079,-5.360833,36.204444,37.93163005,19.88126772
SierraCarbonera,3,2080,-5.360833,36.204444,13.89520033,20.52267338
SierraCarbonera,3,2081,-5.360833,36.204444,16.50306793,26.08544804
SierraCarbonera,3,2082,-5.360833,36.204444,68.3956121,19.59766098
SierraCarbonera,3,2083,-5.360833,36.204444,13.51850047,22.30000138
SierraCarbonera,3,2084,-5.360833,36.204444,11.71799461,20.54134521
SierraCarbonera,3,2085,-5.360833,36.204444,32.29064703,22.28022697
SierraCarbonera,3,2086,-5.360833,36.204444,4.171841098,20.73580618
SierraCarbonera,3,2087,-5.360833,36.204444,0.03354871,21.97339143
SierraCarbonera,3,2088,-5.360833,36.204444,125.5074471,20.35104449
SierraCarbonera,3,2089,-5.360833,36.204444,5.042494271,23.24948986
SierraCarbonera,3,2090,-5.360833,36.204444,191.5631373,19.33476681
SierraCarbonera,3,2091,-5.360833,36.204444,14.51396789,24.50019768
SierraCarbonera,3,2092,-5.360833,36.204444,82.78782396,19.99953909
SierraCarbonera,3,2093,-5.360833,36.204444,2.025055079,22.31628792
SierraCarbonera,3,2094,-5.360833,36.204444,0.87313252,23.83445671
SierraCarbonera,3,2095,-5.360833,36.204444,17.67996637,24.05859651
SierraCarbonera,3,2096,-5.360833,36.204444,27.95828157,19.94254505
SierraCarbonera,3,2097,-5.360833,36.204444,14.788643,22.5125632
SierraCarbonera,3,2098,-5.360833,36.204444,18.45211684,21.6356337
SierraCarbonera,3,2099,-5.360833,36.204444,123.8643014,19.65403876
SierraCarbonera,3,2100,-5.360833,36.204444,50.69616213,23.12559342
SierraCarbonera,4,2015,-5.360833,36.204444,3.980655713,23.404953
SierraCarbonera,4,2016,-5.360833,36.204444,13.36775209,23.06498006
SierraCarbonera,4,2017,-5.360833,36.204444,14.83714044,22.49856466
SierraCarbonera,4,2018,-5.360833,36.204444,82.24227537,19.44521077
SierraCarbonera,4,2019,-5.360833,36.204444,77.12049397,20.91682332
SierraCarbonera,4,2020,-5.360833,36.204444,23.25563309,22.2982961
SierraCarbonera,4,2021,-5.360833,36.204444,66.78630692,19.39346619
SierraCarbonera,4,2022,-5.360833,36.204444,92.72191801,20.04153951
SierraCarbonera,4,2023,-5.360833,36.204444,100.6587187,19.53804728
SierraCarbonera,4,2024,-5.360833,36.204444,20.51298608,19.64022725
SierraCarbonera,4,2025,-5.360833,36.204444,87.58683771,20.17597656
SierraCarbonera,4,2026,-5.360833,36.204444,39.27687432,18.0254069
SierraCarbonera,4,2027,-5.360833,36.204444,15.02544833,22.85118815
SierraCarbonera,4,2028,-5.360833,36.204444,12.00675958,21.20065715
SierraCarbonera,4,2029,-5.360833,36.204444,12.79855053,20.68458964
SierraCarbonera,4,2030,-5.360833,36.204444,33.86599872,20.23392131
SierraCarbonera,4,2031,-5.360833,36.204444,17.75187851,23.77697957
SierraCarbonera,4,2032,-5.360833,36.204444,18.37237365,20.92613424
SierraCarbonera,4,2033,-5.360833,36.204444,64.2680714,20.15046488
SierraCarbonera,4,2034,-5.360833,36.204444,4.464093093,22.24663391
SierraCarbonera,4,2035,-5.360833,36.204444,23.32128395,21.59934489
SierraCarbonera,4,2036,-5.360833,36.204444,49.66983046,22.09711202
SierraCarbonera,4,2037,-5.360833,36.204444,45.38788717,23.07462769
SierraCarbonera,4,2038,-5.360833,36.204444,72.63027271,22.16807556
SierraCarbonera,4,2039,-5.360833,36.204444,103.3021782,19.18808594
SierraCarbonera,4,2040,-5.360833,36.204444,22.37906813,20.19878235
SierraCarbonera,4,2041,-5.360833,36.204444,12.21303292,20.71324361
SierraCarbonera,4,2042,-5.360833,36.204444,35.28012273,23.31028748
SierraCarbonera,4,2043,-5.360833,36.204444,12.53522901,20.83139954
SierraCarbonera,4,2044,-5.360833,36.204444,2.021543698,21.99908854
SierraCarbonera,4,2045,-5.360833,36.204444,16.73784722,23.57995199
SierraCarbonera,4,2046,-5.360833,36.204444,50.69292167,19.93380432
SierraCarbonera,4,2047,-5.360833,36.204444,3.608340742,20.82638143
SierraCarbonera,4,2048,-5.360833,36.204444,57.81667499,18.93541667
SierraCarbonera,4,2049,-5.360833,36.204444,25.76143888,20.27698059
SierraCarbonera,4,2050,-5.360833,36.204444,76.95763541,21.30731099
SierraCarbonera,4,2051,-5.360833,36.204444,32.42907054,21.86648763
SierraCarbonera,4,2052,-5.360833,36.204444,72.65502151,20.00681966
SierraCarbonera,4,2053,-5.360833,36.204444,49.26148424,20.45228882
SierraCarbonera,4,2054,-5.360833,36.204444,30.33899419,21.94662476
SierraCarbonera,4,2055,-5.360833,36.204444,7.552555449,19.98684591
SierraCarbonera,4,2056,-5.360833,36.204444,34.54237188,22.29776611
SierraCarbonera,4,2057,-5.360833,36.204444,74.27741782,20.1756307
SierraCarbonera,4,2058,-5.360833,36.204444,25.41697845,22.89624532
SierraCarbonera,4,2059,-5.360833,36.204444,31.94116185,23.0083374
SierraCarbonera,4,2060,-5.360833,36.204444,45.87011599,21.47875264
SierraCarbonera,4,2061,-5.360833,36.204444,18.81859447,23.35246684
SierraCarbonera,4,2062,-5.360833,36.204444,3.334546768,25.05774231
SierraCarbonera,4,2063,-5.360833,36.204444,46.70489289,20.7737915
SierraCarbonera,4,2064,-5.360833,36.204444,4.585088305,20.51081136
SierraCarbonera,4,2065,-5.360833,36.204444,31.10435223,21.13448792
SierraCarbonera,4,2066,-5.360833,36.204444,6.874346084,22.32328186
SierraCarbonera,4,2067,-5.360833,36.204444,74.01342813,24.19507853
SierraCarbonera,4,2068,-5.360833,36.204444,10.04373296,24.34998779
SierraCarbonera,4,2069,-5.360833,36.204444,28.83692506,23.90877889
SierraCarbonera,4,2070,-5.360833,36.204444,0.893463544,24.11826579
SierraCarbonera,4,2071,-5.360833,36.204444,53.77110456,19.28363342
SierraCarbonera,4,2072,-5.360833,36.204444,19.83168068,23.1609141
SierraCarbonera,4,2073,-5.360833,36.204444,6.920531781,22.99986471
SierraCarbonera,4,2074,-5.360833,36.204444,12.99181036,22.93513184
SierraCarbonera,4,2075,-5.360833,36.204444,12.08374131,22.46289063
SierraCarbonera,4,2076,-5.360833,36.204444,4.423289101,25.71515605
SierraCarbonera,4,2077,-5.360833,36.204444,26.71296102,25.89384359
SierraCarbonera,4,2078,-5.360833,36.204444,33.59086833,24.28667603
SierraCarbonera,4,2079,-5.360833,36.204444,7.36912555,25.57664897
SierraCarbonera,4,2080,-5.360833,36.204444,35.75298705,22.68789063
SierraCarbonera,4,2081,-5.360833,36.204444,10.30941715,25.17541199
SierraCarbonera,4,2082,-5.360833,36.204444,10.68838762,23.73879191
SierraCarbonera,4,2083,-5.360833,36.204444,15.32856128,24.39773763
SierraCarbonera,4,2084,-5.360833,36.204444,34.2307468,21.93379313
SierraCarbonera,4,2085,-5.360833,36.204444,63.0308737,20.44694214
SierraCarbonera,4,2086,-5.360833,36.204444,18.73536459,25.42998962
SierraCarbonera,4,2087,-5.360833,36.204444,80.01965957,20.13539124
SierraCarbonera,4,2088,-5.360833,36.204444,93.29528756,20.1483256
SierraCarbonera,4,2089,-5.360833,36.204444,3.711285996,24.07202047
SierraCarbonera,4,2090,-5.360833,36.204444,32.37368729,22.75519409
SierraCarbonera,4,2091,-5.360833,36.204444,4.476351293,27.49152934
SierraCarbonera,4,2092,-5.360833,36.204444,10.31374918,23.00045878
SierraCarbonera,4,2093,-5.360833,36.204444,20.90195642,23.60532532
SierraCarbonera,4,2094,-5.360833,36.204444,36.99996236,22.19503479
SierraCarbonera,4,2095,-5.360833,36.204444,9.912651933,24.93919271
SierraCarbonera,4,2096,-5.360833,36.204444,44.46250334,20.49072876
SierraCarbonera,4,2097,-5.360833,36.204444,26.34021237,23.67076721
SierraCarbonera,4,2098,-5.360833,36.204444,58.61984239,21.93360189
SierraCarbonera,4,2099,-5.360833,36.204444,114.8409556,23.47563477
SierraCarbonera,4,2100,-5.360833,36.204444,3.791755309,25.93705953
SierraCarbonera,5,2015,-5.360833,36.204444,58.16540941,22.86013774
SierraCarbonera,5,2016,-5.360833,36.204444,1.834066998,25.74349464
SierraCarbonera,5,2017,-5.360833,36.204444,93.42162333,20.36495854
SierraCarbonera,5,2018,-5.360833,36.204444,78.28705487,20.21862281
SierraCarbonera,5,2019,-5.360833,36.204444,25.31276115,24.87792851
SierraCarbonera,5,2020,-5.360833,36.204444,54.58055098,22.41468644
SierraCarbonera,5,2021,-5.360833,36.204444,27.86227864,24.70034081
SierraCarbonera,5,2022,-5.360833,36.204444,62.13990253,20.68107733
SierraCarbonera,5,2023,-5.360833,36.204444,26.88615254,21.82459264
SierraCarbonera,5,2024,-5.360833,36.204444,2.369956454,25.46537712
SierraCarbonera,5,2025,-5.360833,36.204444,34.12198928,23.84593526
SierraCarbonera,5,2026,-5.360833,36.204444,19.42082085,23.38517692
SierraCarbonera,5,2027,-5.360833,36.204444,16.67343069,25.01183275
SierraCarbonera,5,2028,-5.360833,36.204444,20.0057091,23.84448912
SierraCarbonera,5,2029,-5.360833,36.204444,5.765145134,26.32799683
SierraCarbonera,5,2030,-5.360833,36.204444,40.81464735,23.13285857
SierraCarbonera,5,2031,-5.360833,36.204444,20.49486808,27.36313929
SierraCarbonera,5,2032,-5.360833,36.204444,24.30248453,23.08749272
SierraCarbonera,5,2033,-5.360833,36.204444,12.89635915,25.64649894
SierraCarbonera,5,2034,-5.360833,36.204444,12.10925597,25.6425858
SierraCarbonera,5,2035,-5.360833,36.204444,109.5829207,21.23448703
SierraCarbonera,5,2036,-5.360833,36.204444,4.399180185,29.60547348
SierraCarbonera,5,2037,-5.360833,36.204444,35.8063841,25.67613644
SierraCarbonera,5,2038,-5.360833,36.204444,83.32516964,22.01158172
SierraCarbonera,5,2039,-5.360833,36.204444,25.57297972,24.11029624
SierraCarbonera,5,2040,-5.360833,36.204444,38.04815139,23.26771476
SierraCarbonera,5,2041,-5.360833,36.204444,33.67692662,23.40778159
SierraCarbonera,5,2042,-5.360833,36.204444,7.989324152,26.22965245
SierraCarbonera,5,2043,-5.360833,36.204444,44.09057901,24.08665397
SierraCarbonera,5,2044,-5.360833,36.204444,2.650556112,24.65412145
SierraCarbonera,5,2045,-5.360833,36.204444,2.377850559,26.35464852
SierraCarbonera,5,2046,-5.360833,36.204444,14.87578503,23.37835969
SierraCarbonera,5,2047,-5.360833,36.204444,22.01604245,22.72511715
SierraCarbonera,5,2048,-5.360833,36.204444,11.02518169,23.25666937
SierraCarbonera,5,2049,-5.360833,36.204444,10.33900119,26.23152682
SierraCarbonera,5,2050,-5.360833,36.204444,8.874975864,23.42030167
SierraCarbonera,5,2051,-5.360833,36.204444,2.037817864,26.11187626
SierraCarbonera,5,2052,-5.360833,36.204444,8.957750541,23.94659404
SierraCarbonera,5,2053,-5.360833,36.204444,28.83591564,23.90516594
SierraCarbonera,5,2054,-5.360833,36.204444,0.3731371,27.58833933
SierraCarbonera,5,2055,-5.360833,36.204444,16.75410804,25.91262502
SierraCarbonera,5,2056,-5.360833,36.204444,20.2816005,26.003846
SierraCarbonera,5,2057,-5.360833,36.204444,29.13701513,23.45933267
SierraCarbonera,5,2058,-5.360833,36.204444,8.608688406,25.26887739
SierraCarbonera,5,2059,-5.360833,36.204444,80.66377704,22.75882529
SierraCarbonera,5,2060,-5.360833,36.204444,8.481035627,29.2059334
SierraCarbonera,5,2061,-5.360833,36.204444,19.0680734,28.03199994
SierraCarbonera,5,2062,-5.360833,36.204444,55.40855788,22.74530797
SierraCarbonera,5,2063,-5.360833,36.204444,111.4727683,20.99189296
SierraCarbonera,5,2064,-5.360833,36.204444,7.300432736,26.81644248
SierraCarbonera,5,2065,-5.360833,36.204444,7.247081221,26.9122657
SierraCarbonera,5,2066,-5.360833,36.204444,2.984258415,25.19902167
SierraCarbonera,5,2067,-5.360833,36.204444,4.825048621,26.41834855
SierraCarbonera,5,2068,-5.360833,36.204444,22.37825378,24.79623984
SierraCarbonera,5,2069,-5.360833,36.204444,0.662233415,28.70919977
SierraCarbonera,5,2070,-5.360833,36.204444,31.86085273,26.01972794
SierraCarbonera,5,2071,-5.360833,36.204444,16.38780819,24.94542551
SierraCarbonera,5,2072,-5.360833,36.204444,4.250646118,27.77663673
SierraCarbonera,5,2073,-5.360833,36.204444,22.66377376,27.45206063
SierraCarbonera,5,2074,-5.360833,36.204444,19.29220268,24.61699928
SierraCarbonera,5,2075,-5.360833,36.204444,80.50677201,21.75266369
SierraCarbonera,5,2076,-5.360833,36.204444,0.151011823,26.64391775
SierraCarbonera,5,2077,-5.360833,36.204444,86.87131131,25.57284625
SierraCarbonera,5,2078,-5.360833,36.204444,79.31028081,20.00524489
SierraCarbonera,5,2079,-5.360833,36.204444,1.711971766,29.28732772
SierraCarbonera,5,2080,-5.360833,36.204444,14.89385303,27.68423639
SierraCarbonera,5,2081,-5.360833,36.204444,29.89577408,26.07747606
SierraCarbonera,5,2082,-5.360833,36.204444,30.44994209,27.49537688
SierraCarbonera,5,2083,-5.360833,36.204444,22.25689927,27.83772406
SierraCarbonera,5,2084,-5.360833,36.204444,2.271701907,26.82408762
SierraCarbonera,5,2085,-5.360833,36.204444,4.670534858,26.77786432
SierraCarbonera,5,2086,-5.360833,36.204444,12.78525258,28.5664218
SierraCarbonera,5,2087,-5.360833,36.204444,31.72441508,25.45163043
SierraCarbonera,5,2088,-5.360833,36.204444,17.76405291,24.31252638
SierraCarbonera,5,2089,-5.360833,36.204444,1.872311651,29.23057783
SierraCarbonera,5,2090,-5.360833,36.204444,2.277914309,26.70277434
SierraCarbonera,5,2091,-5.360833,36.204444,0.411349852,32.13380757
SierraCarbonera,5,2092,-5.360833,36.204444,21.92962724,26.79192899
SierraCarbonera,5,2093,-5.360833,36.204444,2.774048664,28.71233127
SierraCarbonera,5,2094,-5.360833,36.204444,10.39104529,27.04830224
SierraCarbonera,5,2095,-5.360833,36.204444,10.00027642,34.11435114
SierraCarbonera,5,2096,-5.360833,36.204444,0.492501364,27.60194131
SierraCarbonera,5,2097,-5.360833,36.204444,50.61176686,25.67628902
SierraCarbonera,5,2098,-5.360833,36.204444,3.323127741,26.76284672
SierraCarbonera,5,2099,-5.360833,36.204444,4.862430735,27.66451022
SierraCarbonera,5,2100,-5.360833,36.204444,23.84080347,28.8303388
SierraCarbonera,6,2015,-5.360833,36.204444,4.179266097,24.22317912
SierraCarbonera,6,2016,-5.360833,36.204444,3.875077983,30.26438599
SierraCarbonera,6,2017,-5.360833,36.204444,9.204705881,24.44998779
SierraCarbonera,6,2018,-5.360833,36.204444,37.02064186,26.31885173
SierraCarbonera,6,2019,-5.360833,36.204444,45.37803578,24.90482992
SierraCarbonera,6,2020,-5.360833,36.204444,10.76698647,27.86036072
SierraCarbonera,6,2021,-5.360833,36.204444,25.67924159,28.75349426
SierraCarbonera,6,2022,-5.360833,36.204444,14.6035622,27.56268412
SierraCarbonera,6,2023,-5.360833,36.204444,38.75998566,24.38630575
SierraCarbonera,6,2024,-5.360833,36.204444,8.085883232,27.28536784
SierraCarbonera,6,2025,-5.360833,36.204444,24.89301033,26.55592143
SierraCarbonera,6,2026,-5.360833,36.204444,17.03883053,28.4945516
SierraCarbonera,6,2027,-5.360833,36.204444,14.90286178,29.58894755
SierraCarbonera,6,2028,-5.360833,36.204444,49.73671253,25.9792572
SierraCarbonera,6,2029,-5.360833,36.204444,22.11312284,32.01370646
SierraCarbonera,6,2030,-5.360833,36.204444,6.061930122,30.53384196
SierraCarbonera,6,2031,-5.360833,36.204444,3.440114508,28.50644938
SierraCarbonera,6,2032,-5.360833,36.204444,7.47319731,26.60558472
SierraCarbonera,6,2033,-5.360833,36.204444,15.67352916,27.11918132
SierraCarbonera,6,2034,-5.360833,36.204444,13.50103264,29.48628947
SierraCarbonera,6,2035,-5.360833,36.204444,3.684059464,29.25950012
SierraCarbonera,6,2036,-5.360833,36.204444,16.51678389,32.18182373
SierraCarbonera,6,2037,-5.360833,36.204444,16.77444086,28.46223246
SierraCarbonera,6,2038,-5.360833,36.204444,3.482655993,27.89947713
SierraCarbonera,6,2039,-5.360833,36.204444,0.61855203,30.91917725
SierraCarbonera,6,2040,-5.360833,36.204444,7.00961674,29.53592733
SierraCarbonera,6,2041,-5.360833,36.204444,7.864874756,31.34263509
SierraCarbonera,6,2042,-5.360833,36.204444,22.45648817,31.52772827
SierraCarbonera,6,2043,-5.360833,36.204444,2.861916394,31.11070557
SierraCarbonera,6,2044,-5.360833,36.204444,33.27680756,27.12365112
SierraCarbonera,6,2045,-5.360833,36.204444,1.94380266,31.70869649
SierraCarbonera,6,2046,-5.360833,36.204444,24.55381319,30.28508708
SierraCarbonera,6,2047,-5.360833,36.204444,23.95610931,29.64769389
SierraCarbonera,6,2048,-5.360833,36.204444,1.970198009,29.05288798
SierraCarbonera,6,2049,-5.360833,36.204444,0.993699212,29.52504578
SierraCarbonera,6,2050,-5.360833,36.204444,1.833798384,29.79972738
SierraCarbonera,6,2051,-5.360833,36.204444,2.943631702,31.03122355
SierraCarbonera,6,2052,-5.360833,36.204444,4.251373112,26.76231384
SierraCarbonera,6,2053,-5.360833,36.204444,1.719061862,30.15794983
SierraCarbonera,6,2054,-5.360833,36.204444,8.95506026,30.31961568
SierraCarbonera,6,2055,-5.360833,36.204444,6.86238134,27.00394999
SierraCarbonera,6,2056,-5.360833,36.204444,23.48936692,31.08192037
SierraCarbonera,6,2057,-5.360833,36.204444,4.359116234,28.80618998
SierraCarbonera,6,2058,-5.360833,36.204444,6.43886557,33.68961995
SierraCarbonera,6,2059,-5.360833,36.204444,25.38927611,26.74302979
SierraCarbonera,6,2060,-5.360833,36.204444,3.656187239,32.35302531
SierraCarbonera,6,2061,-5.360833,36.204444,4.525456467,29.7113444
SierraCarbonera,6,2062,-5.360833,36.204444,10.07820036,32.44019267
SierraCarbonera,6,2063,-5.360833,36.204444,1.411355008,29.08011678
SierraCarbonera,6,2064,-5.360833,36.204444,9.22929482,29.7434316
SierraCarbonera,6,2065,-5.360833,36.204444,9.971115258,29.83448588
SierraCarbonera,6,2066,-5.360833,36.204444,5.077866736,30.26327209
SierraCarbonera,6,2067,-5.360833,36.204444,7.562930627,33.71459249
SierraCarbonera,6,2068,-5.360833,36.204444,2.632966264,29.67860514
SierraCarbonera,6,2069,-5.360833,36.204444,12.02139964,31.93827413
SierraCarbonera,6,2070,-5.360833,36.204444,2.026379678,29.11600037
SierraCarbonera,6,2071,-5.360833,36.204444,1.049116402,29.15966288
SierraCarbonera,6,2072,-5.360833,36.204444,0.13888885,31.5096995
SierraCarbonera,6,2073,-5.360833,36.204444,25.06272693,28.11733398
SierraCarbonera,6,2074,-5.360833,36.204444,0.738042565,28.08948059
SierraCarbonera,6,2075,-5.360833,36.204444,1.779487306,32.06148987
SierraCarbonera,6,2076,-5.360833,36.204444,0.956342786,34.56259664
SierraCarbonera,6,2077,-5.360833,36.204444,44.76109946,30.03966878
SierraCarbonera,6,2078,-5.360833,36.204444,14.64570569,29.61026713
SierraCarbonera,6,2079,-5.360833,36.204444,1.532276241,35.04017436
SierraCarbonera,6,2080,-5.360833,36.204444,4.435497642,32.26651408
SierraCarbonera,6,2081,-5.360833,36.204444,3.112090905,33.63148905
SierraCarbonera,6,2082,-5.360833,36.204444,16.7764739,35.3125824
SierraCarbonera,6,2083,-5.360833,36.204444,2.053591341,33.89059041
SierraCarbonera,6,2084,-5.360833,36.204444,4.020261553,30.8069692
SierraCarbonera,6,2085,-5.360833,36.204444,2.987506135,31.86766866
SierraCarbonera,6,2086,-5.360833,36.204444,0.816531273,30.57083842
SierraCarbonera,6,2087,-5.360833,36.204444,0.310096052,30.759139
SierraCarbonera,6,2088,-5.360833,36.204444,0.676022547,30.1403656
SierraCarbonera,6,2089,-5.360833,36.204444,0.411142198,32.25660909
SierraCarbonera,6,2090,-5.360833,36.204444,7.060658783,32.91844482
SierraCarbonera,6,2091,-5.360833,36.204444,3.002614655,32.22676799
SierraCarbonera,6,2092,-5.360833,36.204444,8.377170424,31.33804728
SierraCarbonera,6,2093,-5.360833,36.204444,28.55966447,31.442571
SierraCarbonera,6,2094,-5.360833,36.204444,0.321762583,35.11186829
SierraCarbonera,6,2095,-5.360833,36.204444,1.897151471,34.46496582
SierraCarbonera,6,2096,-5.360833,36.204444,28.12709271,31.0926239
SierraCarbonera,6,2097,-5.360833,36.204444,1.17506507,31.05032857
SierraCarbonera,6,2098,-5.360833,36.204444,0.80817937,32.14435221
SierraCarbonera,6,2099,-5.360833,36.204444,10.58061437,33.57809143
SierraCarbonera,6,2100,-5.360833,36.204444,19.07839967,35.05990601
SierraCarbonera,7,2015,-5.360833,36.204444,6.614376294,32.58215017
SierraCarbonera,7,2016,-5.360833,36.204444,7.918615464,32.81746137
SierraCarbonera,7,2017,-5.360833,36.204444,11.14929312,31.88871302
SierraCarbonera,7,2018,-5.360833,36.204444,39.9903541,28.47158695
SierraCarbonera,7,2019,-5.360833,36.204444,5.198329116,31.05904246
SierraCarbonera,7,2020,-5.360833,36.204444,1.558689973,31.5941357
SierraCarbonera,7,2021,-5.360833,36.204444,3.752513714,33.51770098
SierraCarbonera,7,2022,-5.360833,36.204444,0.018460462,32.57700451
SierraCarbonera,7,2023,-5.360833,36.204444,0.182822401,28.21475298
SierraCarbonera,7,2024,-5.360833,36.204444,3.021994176,30.22302817
SierraCarbonera,7,2025,-5.360833,36.204444,7.070899172,32.02799624
SierraCarbonera,7,2026,-5.360833,36.204444,2.691632561,30.11186445
SierraCarbonera,7,2027,-5.360833,36.204444,0.136364113,32.96609379
SierraCarbonera,7,2028,-5.360833,36.204444,12.23129889,31.58398122
SierraCarbonera,7,2029,-5.360833,36.204444,2.904963339,34.93783156
SierraCarbonera,7,2030,-5.360833,36.204444,2.140051314,30.84563303
SierraCarbonera,7,2031,-5.360833,36.204444,4.256755,34.5782833
SierraCarbonera,7,2032,-5.360833,36.204444,5.919486947,32.7484946
SierraCarbonera,7,2033,-5.360833,36.204444,1.342476263,32.50285664
SierraCarbonera,7,2034,-5.360833,36.204444,0.751332261,36.65273438
SierraCarbonera,7,2035,-5.360833,36.204444,5.874728993,32.76221865
SierraCarbonera,7,2036,-5.360833,36.204444,0.023982674,35.93222322
SierraCarbonera,7,2037,-5.360833,36.204444,0.937402377,33.53207181
SierraCarbonera,7,2038,-5.360833,36.204444,0.532565176,33.96321923
SierraCarbonera,7,2039,-5.360833,36.204444,14.49431165,33.38451932
SierraCarbonera,7,2040,-5.360833,36.204444,0.015448835,34.62405277
SierraCarbonera,7,2041,-5.360833,36.204444,16.7735271,33.87276119
SierraCarbonera,7,2042,-5.360833,36.204444,4.018370159,32.11935405
SierraCarbonera,7,2043,-5.360833,36.204444,0.548323308,33.96219345
SierraCarbonera,7,2044,-5.360833,36.204444,8.69200097,32.52252178
SierraCarbonera,7,2045,-5.360833,36.204444,11.72908024,36.63125295
SierraCarbonera,7,2046,-5.360833,36.204444,5.677719827,34.66272937
SierraCarbonera,7,2047,-5.360833,36.204444,19.56021717,31.23765397
SierraCarbonera,7,2048,-5.360833,36.204444,4.413840916,30.65094959
SierraCarbonera,7,2049,-5.360833,36.204444,24.83414637,30.80981426
SierraCarbonera,7,2050,-5.360833,36.204444,8.322895885,29.87536109
SierraCarbonera,7,2051,-5.360833,36.204444,4.190661808,36.53641416
SierraCarbonera,7,2052,-5.360833,36.204444,0.140424609,32.25182101
SierraCarbonera,7,2053,-5.360833,36.204444,0.375819776,34.28693592
SierraCarbonera,7,2054,-5.360833,36.204444,3.750724479,37.68884356
SierraCarbonera,7,2055,-5.360833,36.204444,2.662270077,31.38992191
SierraCarbonera,7,2056,-5.360833,36.204444,0.010440688,34.51703157
SierraCarbonera,7,2057,-5.360833,36.204444,1.803107934,31.85178085
SierraCarbonera,7,2058,-5.360833,36.204444,14.65776195,37.09367105
SierraCarbonera,7,2059,-5.360833,36.204444,2.171850543,31.47696002
SierraCarbonera,7,2060,-5.360833,36.204444,3.489218007,36.02538058
SierraCarbonera,7,2061,-5.360833,36.204444,5.920144703,37.05704306
SierraCarbonera,7,2062,-5.360833,36.204444,0.683232376,35.86868759
SierraCarbonera,7,2063,-5.360833,36.204444,1.983878843,32.3591474
SierraCarbonera,7,2064,-5.360833,36.204444,0.075588221,33.91991282
SierraCarbonera,7,2065,-5.360833,36.204444,0.602908351,32.83981993
SierraCarbonera,7,2066,-5.360833,36.204444,0.882856371,33.81109009
SierraCarbonera,7,2067,-5.360833,36.204444,2.962432906,35.92523961
SierraCarbonera,7,2068,-5.360833,36.204444,2.349382888,35.41807881
SierraCarbonera,7,2069,-5.360833,36.204444,5.975731027,36.19620322
SierraCarbonera,7,2070,-5.360833,36.204444,2.385851386,31.07968612
SierraCarbonera,7,2071,-5.360833,36.204444,4.863604403,33.72343474
SierraCarbonera,7,2072,-5.360833,36.204444,0.411089692,37.37409806
SierraCarbonera,7,2073,-5.360833,36.204444,7.059901102,35.92171729
SierraCarbonera,7,2074,-5.360833,36.204444,0.105910736,34.39234855
SierraCarbonera,7,2075,-5.360833,36.204444,0.111988494,36.10210178
SierraCarbonera,7,2076,-5.360833,36.204444,1.128008526,38.19448045
SierraCarbonera,7,2077,-5.360833,36.204444,0.262781512,35.90645063
SierraCarbonera,7,2078,-5.360833,36.204444,0.884588108,35.56866632
SierraCarbonera,7,2079,-5.360833,36.204444,0.698315177,37.85181137
SierraCarbonera,7,2080,-5.360833,36.204444,4.763193397,36.4249049
SierraCarbonera,7,2081,-5.360833,36.204444,3.046737887,39.93165126
SierraCarbonera,7,2082,-5.360833,36.204444,2.801830998,36.28684338
SierraCarbonera,7,2083,-5.360833,36.204444,0.283510166,37.81145433
SierraCarbonera,7,2084,-5.360833,36.204444,12.3683819,37.55291531
SierraCarbonera,7,2085,-5.360833,36.204444,6.653833015,37.61948695
SierraCarbonera,7,2086,-5.360833,36.204444,1.637011998,38.02537665
SierraCarbonera,7,2087,-5.360833,36.204444,12.26263362,35.71668248
SierraCarbonera,7,2088,-5.360833,36.204444,1.871686346,35.72889739
SierraCarbonera,7,2089,-5.360833,36.204444,5.035443549,35.90165937
SierraCarbonera,7,2090,-5.360833,36.204444,2.828571385,36.32000221
SierraCarbonera,7,2091,-5.360833,36.204444,4.30349689,36.2103742
SierraCarbonera,7,2092,-5.360833,36.204444,4.322878494,37.48473511
SierraCarbonera,7,2093,-5.360833,36.204444,0.615391958,38.47552667
SierraCarbonera,7,2094,-5.360833,36.204444,0.885442085,36.30777745
SierraCarbonera,7,2095,-5.360833,36.204444,0.354128004,39.79071616
SierraCarbonera,7,2096,-5.360833,36.204444,6.368586479,36.16579688
SierraCarbonera,7,2097,-5.360833,36.204444,0.249272864,36.2565788
SierraCarbonera,7,2098,-5.360833,36.204444,0.093508269,38.28468549
SierraCarbonera,7,2099,-5.360833,36.204444,3.283971616,37.92681767
SierraCarbonera,7,2100,-5.360833,36.204444,20.97232642,34.14682873
SierraCarbonera,8,2015,-5.360833,36.204444,1.812579913,33.68391153
SierraCarbonera,8,2016,-5.360833,36.204444,3.836425513,33.01509321
SierraCarbonera,8,2017,-5.360833,36.204444,5.479248107,32.91282191
SierraCarbonera,8,2018,-5.360833,36.204444,2.341330866,28.38091431
SierraCarbonera,8,2019,-5.360833,36.204444,4.188169134,33.78366168
SierraCarbonera,8,2020,-5.360833,36.204444,0.143933367,33.29241431
SierraCarbonera,8,2021,-5.360833,36.204444,3.050247327,34.54430542
SierraCarbonera,8,2022,-5.360833,36.204444,0.065820155,33.15273339
SierraCarbonera,8,2023,-5.360833,36.204444,3.235040197,33.29899627
SierraCarbonera,8,2024,-5.360833,36.204444,1.297361922,34.22175628
SierraCarbonera,8,2025,-5.360833,36.204444,0.155066824,34.64162401
SierraCarbonera,8,2026,-5.360833,36.204444,0.29888228,33.73250142
SierraCarbonera,8,2027,-5.360833,36.204444,0.355396956,34.16851689
SierraCarbonera,8,2028,-5.360833,36.204444,0.719611516,34.04135014
SierraCarbonera,8,2029,-5.360833,36.204444,3.359225426,35.56483883
SierraCarbonera,8,2030,-5.360833,36.204444,0.786594811,33.34141964
SierraCarbonera,8,2031,-5.360833,36.204444,6.362042601,36.0819966
SierraCarbonera,8,2032,-5.360833,36.204444,4.966518812,34.69112549
SierraCarbonera,8,2033,-5.360833,36.204444,8.75394219521371e-05,35.15045245
SierraCarbonera,8,2034,-5.360833,36.204444,0.77248632,35.16923356
SierraCarbonera,8,2035,-5.360833,36.204444,2.656668573,33.83475302
SierraCarbonera,8,2036,-5.360833,36.204444,0.000200825,33.72615179
SierraCarbonera,8,2037,-5.360833,36.204444,2.430408255,35.36210367
SierraCarbonera,8,2038,-5.360833,36.204444,5.7880241191278e-07,34.63381938
SierraCarbonera,8,2039,-5.360833,36.204444,0.005243746,33.42732957
SierraCarbonera,8,2040,-5.360833,36.204444,1.616749552,34.72909625
SierraCarbonera,8,2041,-5.360833,36.204444,7.853370613,33.6143915
SierraCarbonera,8,2042,-5.360833,36.204444,0.336482505,36.49224243
SierraCarbonera,8,2043,-5.360833,36.204444,0.796275343,34.59725932
SierraCarbonera,8,2044,-5.360833,36.204444,0.735153707,34.85718541
SierraCarbonera,8,2045,-5.360833,36.204444,6.057568199,33.91633931
SierraCarbonera,8,2046,-5.360833,36.204444,3.08244,35.09443793
SierraCarbonera,8,2047,-5.360833,36.204444,3.661758672,34.7065979
SierraCarbonera,8,2048,-5.360833,36.204444,0.53336823,35.15486076
SierraCarbonera,8,2049,-5.360833,36.204444,11.56898796,31.41866455
SierraCarbonera,8,2050,-5.360833,36.204444,0.120445045,33.89918351
SierraCarbonera,8,2051,-5.360833,36.204444,2.085026505,32.1848054
SierraCarbonera,8,2052,-5.360833,36.204444,0.44400246,35.06899906
SierraCarbonera,8,2053,-5.360833,36.204444,0.038233,34.17724491
SierraCarbonera,8,2054,-5.360833,36.204444,0.107312707,34.07328924
SierraCarbonera,8,2055,-5.360833,36.204444,0.000224032,34.77614451
SierraCarbonera,8,2056,-5.360833,36.204444,0.10698781,33.0923076
SierraCarbonera,8,2057,-5.360833,36.204444,0.18721995,34.28188083
SierraCarbonera,8,2058,-5.360833,36.204444,2.800293381,35.68282274
SierraCarbonera,8,2059,-5.360833,36.204444,0.021406434,33.11261459
SierraCarbonera,8,2060,-5.360833,36.204444,0.77092631,34.57999622
SierraCarbonera,8,2061,-5.360833,36.204444,0.160041125,35.89577046
SierraCarbonera,8,2062,-5.360833,36.204444,11.51595554,34.73864628
SierraCarbonera,8,2063,-5.360833,36.204444,0.609522258,31.48903218
SierraCarbonera,8,2064,-5.360833,36.204444,3.216742613,35.87345522
SierraCarbonera,8,2065,-5.360833,36.204444,0.316506651,35.26040433
SierraCarbonera,8,2066,-5.360833,36.204444,0.91396323,37.40763786
SierraCarbonera,8,2067,-5.360833,36.204444,7.964400369,35.08279793
SierraCarbonera,8,2068,-5.360833,36.204444,8.52647962,36.91404458
SierraCarbonera,8,2069,-5.360833,36.204444,0.010618881,34.74232414
SierraCarbonera,8,2070,-5.360833,36.204444,4.759722345,34.14140349
SierraCarbonera,8,2071,-5.360833,36.204444,7.843124226,36.08481012
SierraCarbonera,8,2072,-5.360833,36.204444,1.658885954,34.23678569
SierraCarbonera,8,2073,-5.360833,36.204444,0.000273263,37.28966675
SierraCarbonera,8,2074,-5.360833,36.204444,0.378888641,38.20734017
SierraCarbonera,8,2075,-5.360833,36.204444,1.579699371,37.32466549
SierraCarbonera,8,2076,-5.360833,36.204444,0.815372792,35.88284873
SierraCarbonera,8,2077,-5.360833,36.204444,1.698270341,34.64200203
SierraCarbonera,8,2078,-5.360833,36.204444,1.224415873,35.47622759
SierraCarbonera,8,2079,-5.360833,36.204444,0.648364261,37.72300454
SierraCarbonera,8,2080,-5.360833,36.204444,0.176779968,35.68188358
SierraCarbonera,8,2081,-5.360833,36.204444,0.369621164,33.12177183
SierraCarbonera,8,2082,-5.360833,36.204444,3.371062171,37.63489833
SierraCarbonera,8,2083,-5.360833,36.204444,1.198548068,34.43329527
SierraCarbonera,8,2084,-5.360833,36.204444,0.947891277,35.1089702
SierraCarbonera,8,2085,-5.360833,36.204444,0.861207014,36.53933795
SierraCarbonera,8,2086,-5.360833,36.204444,0.040452753,35.55720057
SierraCarbonera,8,2087,-5.360833,36.204444,3.188592758,35.43356205
SierraCarbonera,8,2088,-5.360833,36.204444,0.181904456,34.54935559
SierraCarbonera,8,2089,-5.360833,36.204444,7.161648492,35.71623949
SierraCarbonera,8,2090,-5.360833,36.204444,6.54885438911182e-05,36.46599141
SierraCarbonera,8,2091,-5.360833,36.204444,2.041437856,38.92225677
SierraCarbonera,8,2092,-5.360833,36.204444,0.488792204,38.5452495
SierraCarbonera,8,2093,-5.360833,36.204444,0.008700224,37.31197707
SierraCarbonera,8,2094,-5.360833,36.204444,1.405136205,39.74673048
SierraCarbonera,8,2095,-5.360833,36.204444,1.479205664,37.63531967
SierraCarbonera,8,2096,-5.360833,36.204444,0.477066654,35.38764392
SierraCarbonera,8,2097,-5.360833,36.204444,0.862698086,37.66111686
SierraCarbonera,8,2098,-5.360833,36.204444,0.013817874,35.33694734
SierraCarbonera,8,2099,-5.360833,36.204444,0.397587269,39.86949876
SierraCarbonera,8,2100,-5.360833,36.204444,0.274781534,35.53255812
SierraCarbonera,9,2015,-5.360833,36.204444,10.0610345,28.55563151
SierraCarbonera,9,2016,-5.360833,36.204444,1.583939006,29.69663493
SierraCarbonera,9,2017,-5.360833,36.204444,1.12663935,30.25051982
SierraCarbonera,9,2018,-5.360833,36.204444,46.99559689,28.17325745
SierraCarbonera,9,2019,-5.360833,36.204444,15.44030709,27.7295695
SierraCarbonera,9,2020,-5.360833,36.204444,5.176320712,28.06356913
SierraCarbonera,9,2021,-5.360833,36.204444,0.028165093,31.59545186
SierraCarbonera,9,2022,-5.360833,36.204444,8.103545075,29.03036804
SierraCarbonera,9,2023,-5.360833,36.204444,3.254719785,27.63254598
SierraCarbonera,9,2024,-5.360833,36.204444,20.43909524,27.86826274
SierraCarbonera,9,2025,-5.360833,36.204444,7.904002296,30.82803955
SierraCarbonera,9,2026,-5.360833,36.204444,14.91149868,29.65047201
SierraCarbonera,9,2027,-5.360833,36.204444,3.835008886,30.30138753
SierraCarbonera,9,2028,-5.360833,36.204444,29.38268704,29.77480062
SierraCarbonera,9,2029,-5.360833,36.204444,2.584425842,29.83621826
SierraCarbonera,9,2030,-5.360833,36.204444,40.33529921,28.53342489
SierraCarbonera,9,2031,-5.360833,36.204444,45.8376753,29.82638957
SierraCarbonera,9,2032,-5.360833,36.204444,20.97934256,30.6774353
SierraCarbonera,9,2033,-5.360833,36.204444,5.054163104,29.64972432
SierraCarbonera,9,2034,-5.360833,36.204444,54.42464509,28.62459005
SierraCarbonera,9,2035,-5.360833,36.204444,9.339237791,31.25997111
SierraCarbonera,9,2036,-5.360833,36.204444,1.659962922,31.64155884
SierraCarbonera,9,2037,-5.360833,36.204444,5.312906016,31.54193726
SierraCarbonera,9,2038,-5.360833,36.204444,1.416570025,31.2628774
SierraCarbonera,9,2039,-5.360833,36.204444,1.771028164,31.66185811
SierraCarbonera,9,2040,-5.360833,36.204444,2.130221392,30.45791016
SierraCarbonera,9,2041,-5.360833,36.204444,23.51457822,28.53762614
SierraCarbonera,9,2042,-5.360833,36.204444,7.043902661,29.7775706
SierraCarbonera,9,2043,-5.360833,36.204444,8.677808271,29.48277995
SierraCarbonera,9,2044,-5.360833,36.204444,57.45632612,28.86291606
SierraCarbonera,9,2045,-5.360833,36.204444,0.899320643,31.65069275
SierraCarbonera,9,2046,-5.360833,36.204444,40.04431477,28.21285197
SierraCarbonera,9,2047,-5.360833,36.204444,1.278571734,30.91669413
SierraCarbonera,9,2048,-5.360833,36.204444,5.041441114,30.92924601
SierraCarbonera,9,2049,-5.360833,36.204444,32.74884853,28.32526347
SierraCarbonera,9,2050,-5.360833,36.204444,4.43189689,33.87539978
SierraCarbonera,9,2051,-5.360833,36.204444,3.040729938,30.2391215
SierraCarbonera,9,2052,-5.360833,36.204444,10.44938009,31.08060201
SierraCarbonera,9,2053,-5.360833,36.204444,0.91029843,32.19137065
SierraCarbonera,9,2054,-5.360833,36.204444,24.03279632,28.76825765
SierraCarbonera,9,2055,-5.360833,36.204444,4.599529882,31.9601827
SierraCarbonera,9,2056,-5.360833,36.204444,6.37098657,31.77308044
SierraCarbonera,9,2057,-5.360833,36.204444,4.709285911,30.57212016
SierraCarbonera,9,2058,-5.360833,36.204444,15.05280191,31.40626119
SierraCarbonera,9,2059,-5.360833,36.204444,2.213997984,29.19277344
SierraCarbonera,9,2060,-5.360833,36.204444,0.000281201,29.71391907
SierraCarbonera,9,2061,-5.360833,36.204444,16.71133126,32.2214386
SierraCarbonera,9,2062,-5.360833,36.204444,7.259377297,31.51443583
SierraCarbonera,9,2063,-5.360833,36.204444,2.356064337,30.97342224
SierraCarbonera,9,2064,-5.360833,36.204444,22.796601,31.90858053
SierraCarbonera,9,2065,-5.360833,36.204444,8.545749622,30.7799408
SierraCarbonera,9,2066,-5.360833,36.204444,6.206967273,30.45432943
SierraCarbonera,9,2067,-5.360833,36.204444,0.295801765,31.28473918
SierraCarbonera,9,2068,-5.360833,36.204444,5.862376263,32.55746663
SierraCarbonera,9,2069,-5.360833,36.204444,4.033959499,31.83783061
SierraCarbonera,9,2070,-5.360833,36.204444,2.981367424,31.65957947
SierraCarbonera,9,2071,-5.360833,36.204444,6.568766053,30.61669515
SierraCarbonera,9,2072,-5.360833,36.204444,22.29211216,29.98851217
SierraCarbonera,9,2073,-5.360833,36.204444,17.30209967,32.18113302
SierraCarbonera,9,2074,-5.360833,36.204444,29.31142183,32.10409342
SierraCarbonera,9,2075,-5.360833,36.204444,4.326945961,32.93305969
SierraCarbonera,9,2076,-5.360833,36.204444,17.43430007,29.1223114
SierraCarbonera,9,2077,-5.360833,36.204444,1.250018519,33.02405802
SierraCarbonera,9,2078,-5.360833,36.204444,2.912348486,32.94689738
SierraCarbonera,9,2079,-5.360833,36.204444,3.013435416,34.40709025
SierraCarbonera,9,2080,-5.360833,36.204444,0.349422194,32.22659505
SierraCarbonera,9,2081,-5.360833,36.204444,10.44266146,33.7454071
SierraCarbonera,9,2082,-5.360833,36.204444,2.188149752,33.23472493
SierraCarbonera,9,2083,-5.360833,36.204444,0.582367109,32.89139811
SierraCarbonera,9,2084,-5.360833,36.204444,6.198372161,34.95570984
SierraCarbonera,9,2085,-5.360833,36.204444,4.397201831,33.63905131
SierraCarbonera,9,2086,-5.360833,36.204444,9.830974482,31.44564718
SierraCarbonera,9,2087,-5.360833,36.204444,2.375005861,32.17148641
SierraCarbonera,9,2088,-5.360833,36.204444,4.216863032,31.20906576
SierraCarbonera,9,2089,-5.360833,36.204444,29.32064327,30.79909058
SierraCarbonera,9,2090,-5.360833,36.204444,16.25387439,31.35024109
SierraCarbonera,9,2091,-5.360833,36.204444,0.679011165,32.70965678
SierraCarbonera,9,2092,-5.360833,36.204444,9.373098957,34.33897909
SierraCarbonera,9,2093,-5.360833,36.204444,9.093137395,33.46183268
SierraCarbonera,9,2094,-5.360833,36.204444,0.773676636,31.99041138
SierraCarbonera,9,2095,-5.360833,36.204444,9.575280971,32.21494548
SierraCarbonera,9,2096,-5.360833,36.204444,4.996537537,32.89479268
SierraCarbonera,9,2097,-5.360833,36.204444,3.423957874,33.36339518
SierraCarbonera,9,2098,-5.360833,36.204444,5.425318349,34.85333455
SierraCarbonera,9,2099,-5.360833,36.204444,0.337147171,35.29749756
SierraCarbonera,9,2100,-5.360833,36.204444,1.588211784,35.38831482
SierraCarboneraY5,1,2015,-5.36,36.209722,148.6920956,15.35110552
SierraCarboneraY5,1,2016,-5.36,36.209722,46.35068784,14.30779911
SierraCarboneraY5,1,2017,-5.36,36.209722,4.635573072,16.80523564
SierraCarboneraY5,1,2018,-5.36,36.209722,259.3754261,15.07201833
SierraCarboneraY5,1,2019,-5.36,36.209722,41.57295115,16.34288645
SierraCarboneraY5,1,2020,-5.36,36.209722,0.521467545,16.33766991
SierraCarboneraY5,1,2021,-5.36,36.209722,11.13536214,16.33353035
SierraCarboneraY5,1,2022,-5.36,36.209722,40.63426257,18.14332216
SierraCarboneraY5,1,2023,-5.36,36.209722,267.1923557,15.21472148
SierraCarboneraY5,1,2024,-5.36,36.209722,94.40513422,16.07122783
SierraCarboneraY5,1,2025,-5.36,36.209722,1.328113762,16.26477031
SierraCarboneraY5,1,2026,-5.36,36.209722,20.72990226,17.04964796
SierraCarboneraY5,1,2027,-5.36,36.209722,9.472605261,17.49324164
SierraCarboneraY5,1,2028,-5.36,36.209722,122.8114425,16.70897926
SierraCarboneraY5,1,2029,-5.36,36.209722,10.60890634,15.8353742
SierraCarboneraY5,1,2030,-5.36,36.209722,175.2361346,16.10477354
SierraCarboneraY5,1,2031,-5.36,36.209722,57.93201377,15.70587335
SierraCarboneraY5,1,2032,-5.36,36.209722,329.8304274,17.13123917
SierraCarboneraY5,1,2033,-5.36,36.209722,25.75290802,17.01186031
SierraCarboneraY5,1,2034,-5.36,36.209722,25.66329997,15.56049549
SierraCarboneraY5,1,2035,-5.36,36.209722,30.58666854,17.23324762
SierraCarboneraY5,1,2036,-5.36,36.209722,57.61092261,16.50154832
SierraCarboneraY5,1,2037,-5.36,36.209722,12.84915344,17.69273997
SierraCarboneraY5,1,2038,-5.36,36.209722,1.410465829,16.88306629
SierraCarboneraY5,1,2039,-5.36,36.209722,9.159301129,16.04130879
SierraCarboneraY5,1,2040,-5.36,36.209722,27.14518124,17.22523134
SierraCarboneraY5,1,2041,-5.36,36.209722,84.97548874,17.53889003
SierraCarboneraY5,1,2042,-5.36,36.209722,7.291126221,16.08390739
SierraCarboneraY5,1,2043,-5.36,36.209722,98.21252904,16.18837595
SierraCarboneraY5,1,2044,-5.36,36.209722,1.663969992,16.09407762
SierraCarboneraY5,1,2045,-5.36,36.209722,168.1033491,17.90340872
SierraCarboneraY5,1,2046,-5.36,36.209722,67.6809257,14.41448856
SierraCarboneraY5,1,2047,-5.36,36.209722,124.784941,17.23768744
SierraCarboneraY5,1,2048,-5.36,36.209722,47.83288685,15.70486726
SierraCarboneraY5,1,2049,-5.36,36.209722,40.85926167,16.66633143
SierraCarboneraY5,1,2050,-5.36,36.209722,55.46922596,17.40782786
SierraCarboneraY5,1,2051,-5.36,36.209722,20.9551938,14.76134742
SierraCarboneraY5,1,2052,-5.36,36.209722,91.5245869,18.60529923
SierraCarboneraY5,1,2053,-5.36,36.209722,27.58451333,18.34124342
SierraCarboneraY5,1,2054,-5.36,36.209722,86.17398614,17.86575199
SierraCarboneraY5,1,2055,-5.36,36.209722,67.22753179,18.80501807
SierraCarboneraY5,1,2056,-5.36,36.209722,33.15935757,13.41811031
SierraCarboneraY5,1,2057,-5.36,36.209722,121.7669887,18.10323191
SierraCarboneraY5,1,2058,-5.36,36.209722,0.633242751,16.18867916
SierraCarboneraY5,1,2059,-5.36,36.209722,140.9900707,18.07274682
SierraCarboneraY5,1,2060,-5.36,36.209722,30.22115126,16.76927116
SierraCarboneraY5,1,2061,-5.36,36.209722,104.0235026,15.35499504
SierraCarboneraY5,1,2062,-5.36,36.209722,49.29441073,19.59890137
SierraCarboneraY5,1,2063,-5.36,36.209722,294.5822595,16.3036881
SierraCarboneraY5,1,2064,-5.36,36.209722,110.5681697,15.91744975
SierraCarboneraY5,1,2065,-5.36,36.209722,13.78000619,17.87626579
SierraCarboneraY5,1,2066,-5.36,36.209722,61.51332993,15.95706551
SierraCarboneraY5,1,2067,-5.36,36.209722,9.190037741,17.44954736
SierraCarboneraY5,1,2068,-5.36,36.209722,2.544079353,15.84811775
SierraCarboneraY5,1,2069,-5.36,36.209722,10.2366364,18.41761317
SierraCarboneraY5,1,2070,-5.36,36.209722,128.7548412,16.64807011
SierraCarboneraY5,1,2071,-5.36,36.209722,117.3572648,16.90834862
SierraCarboneraY5,1,2072,-5.36,36.209722,51.39782376,15.2355453
SierraCarboneraY5,1,2073,-5.36,36.209722,16.11960355,17.90604209
SierraCarboneraY5,1,2074,-5.36,36.209722,43.31103925,17.15133844
SierraCarboneraY5,1,2075,-5.36,36.209722,20.89457553,17.40495034
SierraCarboneraY5,1,2076,-5.36,36.209722,82.88748657,18.63627654
SierraCarboneraY5,1,2077,-5.36,36.209722,15.78860779,18.82005832
SierraCarboneraY5,1,2078,-5.36,36.209722,18.72869833,18.59752315
SierraCarboneraY5,1,2079,-5.36,36.209722,29.08862973,17.77907813
SierraCarboneraY5,1,2080,-5.36,36.209722,23.16234207,17.5028911
SierraCarboneraY5,1,2081,-5.36,36.209722,27.59438024,18.50962662
SierraCarboneraY5,1,2082,-5.36,36.209722,57.75700629,18.21216687
SierraCarboneraY5,1,2083,-5.36,36.209722,44.78704835,16.37860383
SierraCarboneraY5,1,2084,-5.36,36.209722,19.91773834,17.53877682
SierraCarboneraY5,1,2085,-5.36,36.209722,0.219080698,16.71201526
SierraCarboneraY5,1,2086,-5.36,36.209722,18.18877802,16.56542457
SierraCarboneraY5,1,2087,-5.36,36.209722,74.76658841,19.20253808
SierraCarboneraY5,1,2088,-5.36,36.209722,88.88397458,18.33718557
SierraCarboneraY5,1,2089,-5.36,36.209722,19.94255471,16.77405061
SierraCarboneraY5,1,2090,-5.36,36.209722,57.88246178,19.2813768
SierraCarboneraY5,1,2091,-5.36,36.209722,9.78425915,18.44550919
SierraCarboneraY5,1,2092,-5.36,36.209722,47.49934657,17.31897051
SierraCarboneraY5,1,2093,-5.36,36.209722,20.16758183,18.04836327
SierraCarboneraY5,1,2094,-5.36,36.209722,34.73327399,17.49516326
SierraCarboneraY5,1,2095,-5.36,36.209722,13.40702137,17.85021264
SierraCarboneraY5,1,2096,-5.36,36.209722,104.3221986,18.47592242
SierraCarboneraY5,1,2097,-5.36,36.209722,30.7161459,19.97951955
SierraCarboneraY5,1,2098,-5.36,36.209722,5.67696254,17.89504395
SierraCarboneraY5,1,2099,-5.36,36.209722,7.309907423,17.2147205
SierraCarboneraY5,1,2100,-5.36,36.209722,19.65397732,19.69895571
SierraCarboneraY5,10,2015,-5.36,36.209722,62.81849917,25.13567899
SierraCarboneraY5,10,2016,-5.36,36.209722,5.366727252,25.54895197
SierraCarboneraY5,10,2017,-5.36,36.209722,30.0193021,22.20487513
SierraCarboneraY5,10,2018,-5.36,36.209722,10.50297127,24.19340249
SierraCarboneraY5,10,2019,-5.36,36.209722,20.39333489,26.64771866
SierraCarboneraY5,10,2020,-5.36,36.209722,2.640969864,24.79342632
SierraCarboneraY5,10,2021,-5.36,36.209722,24.32511688,25.88998295
SierraCarboneraY5,10,2022,-5.36,36.209722,107.6009261,22.92516775
SierraCarboneraY5,10,2023,-5.36,36.209722,15.69681664,24.96220526
SierraCarboneraY5,10,2024,-5.36,36.209722,96.174942,21.43722022
SierraCarboneraY5,10,2025,-5.36,36.209722,240.649036,21.91511565
SierraCarboneraY5,10,2026,-5.36,36.209722,116.6449478,22.73140475
SierraCarboneraY5,10,2027,-5.36,36.209722,119.9440189,25.03666323
SierraCarboneraY5,10,2028,-5.36,36.209722,143.7858584,23.45891625
SierraCarboneraY5,10,2029,-5.36,36.209722,49.27624093,21.384982
SierraCarboneraY5,10,2030,-5.36,36.209722,20.19383882,25.39440505
SierraCarboneraY5,10,2031,-5.36,36.209722,32.04201373,21.74435996
SierraCarboneraY5,10,2032,-5.36,36.209722,123.5700059,22.79759049
SierraCarboneraY5,10,2033,-5.36,36.209722,141.0641702,21.80786212
SierraCarboneraY5,10,2034,-5.36,36.209722,35.3516865,22.14236332
SierraCarboneraY5,10,2035,-5.36,36.209722,13.8129661,24.94069529
SierraCarboneraY5,10,2036,-5.36,36.209722,49.62257901,22.51346002
SierraCarboneraY5,10,2037,-5.36,36.209722,44.45884031,25.07400198
SierraCarboneraY5,10,2038,-5.36,36.209722,21.02281066,24.4148469
SierraCarboneraY5,10,2039,-5.36,36.209722,27.63951837,24.64516011
SierraCarboneraY5,10,2040,-5.36,36.209722,12.09404588,28.05222916
SierraCarboneraY5,10,2041,-5.36,36.209722,88.52643639,22.75475169
SierraCarboneraY5,10,2042,-5.36,36.209722,29.1832512,27.1873669
SierraCarboneraY5,10,2043,-5.36,36.209722,27.30518301,22.67753827
SierraCarboneraY5,10,2044,-5.36,36.209722,20.68516603,22.237146
SierraCarboneraY5,10,2045,-5.36,36.209722,6.01563327,26.25663492
SierraCarboneraY5,10,2046,-5.36,36.209722,8.892084864,27.21018027
SierraCarboneraY5,10,2047,-5.36,36.209722,57.17205518,26.06877855
SierraCarboneraY5,10,2048,-5.36,36.209722,24.94196827,23.8489624
SierraCarboneraY5,10,2049,-5.36,36.209722,55.15596448,24.38970534
SierraCarboneraY5,10,2050,-5.36,36.209722,7.379242215,26.90039929
SierraCarboneraY5,10,2051,-5.36,36.209722,98.57328189,21.78054002
SierraCarboneraY5,10,2052,-5.36,36.209722,49.56177017,24.32772414
SierraCarboneraY5,10,2053,-5.36,36.209722,68.66420039,24.33937398
SierraCarboneraY5,10,2054,-5.36,36.209722,18.9775096,24.79487836
SierraCarboneraY5,10,2055,-5.36,36.209722,4.386610668,26.29111584
SierraCarboneraY5,10,2056,-5.36,36.209722,12.83510605,27.86428616
SierraCarboneraY5,10,2057,-5.36,36.209722,27.48427667,24.28940784
SierraCarboneraY5,10,2058,-5.36,36.209722,9.466243396,24.67183247
SierraCarboneraY5,10,2059,-5.36,36.209722,63.44961495,22.22946836
SierraCarboneraY5,10,2060,-5.36,36.209722,85.66599258,24.37036802
SierraCarboneraY5,10,2061,-5.36,36.209722,5.819963112,27.91426313
SierraCarboneraY5,10,2062,-5.36,36.209722,47.20287559,24.21081622
SierraCarboneraY5,10,2063,-5.36,36.209722,8.659707146,28.91320486
SierraCarboneraY5,10,2064,-5.36,36.209722,10.4551753,25.19872437
SierraCarboneraY5,10,2065,-5.36,36.209722,58.20561478,22.70924407
SierraCarboneraY5,10,2066,-5.36,36.209722,94.77734998,26.11436098
SierraCarboneraY5,10,2067,-5.36,36.209722,34.0211491,23.35587611
SierraCarboneraY5,10,2068,-5.36,36.209722,27.42240381,24.90970124
SierraCarboneraY5,10,2069,-5.36,36.209722,37.69709114,25.77344813
SierraCarboneraY5,10,2070,-5.36,36.209722,16.26693024,25.99570765
SierraCarboneraY5,10,2071,-5.36,36.209722,14.95568918,26.19263857
SierraCarboneraY5,10,2072,-5.36,36.209722,52.00021265,23.60688122
SierraCarboneraY5,10,2073,-5.36,36.209722,161.7425263,23.19736781
SierraCarboneraY5,10,2074,-5.36,36.209722,12.45655666,27.07888479
SierraCarboneraY5,10,2075,-5.36,36.209722,0.079060049,29.65765066
SierraCarboneraY5,10,2076,-5.36,36.209722,61.81619911,22.95262077
SierraCarboneraY5,10,2077,-5.36,36.209722,43.18641731,26.40574971
SierraCarboneraY5,10,2078,-5.36,36.209722,49.33416872,27.63124114
SierraCarboneraY5,10,2079,-5.36,36.209722,85.4903764,23.69878343
SierraCarboneraY5,10,2080,-5.36,36.209722,4.359302146,28.73612513
SierraCarboneraY5,10,2081,-5.36,36.209722,23.17477209,26.56140412
SierraCarboneraY5,10,2082,-5.36,36.209722,30.33417116,24.5693003
SierraCarboneraY5,10,2083,-5.36,36.209722,47.12023763,25.7938132
SierraCarboneraY5,10,2084,-5.36,36.209722,45.5978301,24.88079125
SierraCarboneraY5,10,2085,-5.36,36.209722,13.96928196,29.10660066
SierraCarboneraY5,10,2086,-5.36,36.209722,56.38595953,27.8345522
SierraCarboneraY5,10,2087,-5.36,36.209722,1.217656393,26.20896843
SierraCarboneraY5,10,2088,-5.36,36.209722,69.27627162,26.05982804
SierraCarboneraY5,10,2089,-5.36,36.209722,3.288446601,25.29016192
SierraCarboneraY5,10,2090,-5.36,36.209722,43.99632869,25.55700172
SierraCarboneraY5,10,2091,-5.36,36.209722,13.00786926,27.259223
SierraCarboneraY5,10,2092,-5.36,36.209722,31.246613,26.30750083
SierraCarboneraY5,10,2093,-5.36,36.209722,58.5306466,23.80185015
SierraCarboneraY5,10,2094,-5.36,36.209722,83.81432322,24.86973503
SierraCarboneraY5,10,2095,-5.36,36.209722,12.86651906,27.59455803
SierraCarboneraY5,10,2096,-5.36,36.209722,45.09770136,26.28295977
SierraCarboneraY5,10,2097,-5.36,36.209722,16.5091543,27.87313331
SierraCarboneraY5,10,2098,-5.36,36.209722,75.07332367,27.52017586
SierraCarboneraY5,10,2099,-5.36,36.209722,19.29713395,26.36535231
SierraCarboneraY5,10,2100,-5.36,36.209722,4.337991358,29.63563173
SierraCarboneraY5,11,2015,-5.36,36.209722,121.8649943,18.04260661
SierraCarboneraY5,11,2016,-5.36,36.209722,48.64235381,18.21017558
SierraCarboneraY5,11,2017,-5.36,36.209722,159.1092634,18.3072408
SierraCarboneraY5,11,2018,-5.36,36.209722,45.72648051,19.90654704
SierraCarboneraY5,11,2019,-5.36,36.209722,75.38644193,20.12059631
SierraCarboneraY5,11,2020,-5.36,36.209722,10.19599529,20.35411072
SierraCarboneraY5,11,2021,-5.36,36.209722,28.08911467,21.673703
SierraCarboneraY5,11,2022,-5.36,36.209722,88.28161511,19.84893087
SierraCarboneraY5,11,2023,-5.36,36.209722,22.37130222,19.38220723
SierraCarboneraY5,11,2024,-5.36,36.209722,22.16436651,18.30198873
SierraCarboneraY5,11,2025,-5.36,36.209722,116.4788581,19.93458659
SierraCarboneraY5,11,2026,-5.36,36.209722,9.756435494,20.20195516
SierraCarboneraY5,11,2027,-5.36,36.209722,53.04760592,19.83458761
SierraCarboneraY5,11,2028,-5.36,36.209722,25.2128433,19.46764119
SierraCarboneraY5,11,2029,-5.36,36.209722,28.43673751,18.68726603
SierraCarboneraY5,11,2030,-5.36,36.209722,88.58320916,21.05282288
SierraCarboneraY5,11,2031,-5.36,36.209722,154.1752749,17.23536377
SierraCarboneraY5,11,2032,-5.36,36.209722,154.0193634,19.87963765
SierraCarboneraY5,11,2033,-5.36,36.209722,19.60797088,17.41513774
SierraCarboneraY5,11,2034,-5.36,36.209722,125.5778049,19.31026306
SierraCarboneraY5,11,2035,-5.36,36.209722,54.61446073,19.34193319
SierraCarboneraY5,11,2036,-5.36,36.209722,10.34260287,19.5673818
SierraCarboneraY5,11,2037,-5.36,36.209722,65.06525634,17.88632406
SierraCarboneraY5,11,2038,-5.36,36.209722,45.38912106,19.86231791
SierraCarboneraY5,11,2039,-5.36,36.209722,25.34326297,20.86078695
SierraCarboneraY5,11,2040,-5.36,36.209722,86.57729233,21.67728984
SierraCarboneraY5,11,2041,-5.36,36.209722,90.9402597,19.5747345
SierraCarboneraY5,11,2042,-5.36,36.209722,7.369158702,22.94265849
SierraCarboneraY5,11,2043,-5.36,36.209722,173.778217,19.024705
SierraCarboneraY5,11,2044,-5.36,36.209722,79.63074058,19.42953593
SierraCarboneraY5,11,2045,-5.36,36.209722,110.6585184,19.56772868
SierraCarboneraY5,11,2046,-5.36,36.209722,97.17288243,20.1602946
SierraCarboneraY5,11,2047,-5.36,36.209722,45.36349105,19.22687581
SierraCarboneraY5,11,2048,-5.36,36.209722,17.59171627,18.87392273
SierraCarboneraY5,11,2049,-5.36,36.209722,83.77016623,19.82230123
SierraCarboneraY5,11,2050,-5.36,36.209722,47.72211554,17.84975281
SierraCarboneraY5,11,2051,-5.36,36.209722,25.5615151,18.56404114
SierraCarboneraY5,11,2052,-5.36,36.209722,166.392045,18.46702779
SierraCarboneraY5,11,2053,-5.36,36.209722,4.420351525,19.19952291
SierraCarboneraY5,11,2054,-5.36,36.209722,161.3545131,20.18162435
SierraCarboneraY5,11,2055,-5.36,36.209722,65.53007496,20.08328247
SierraCarboneraY5,11,2056,-5.36,36.209722,106.2116127,18.85659485
SierraCarboneraY5,11,2057,-5.36,36.209722,20.49636533,21.41650696
SierraCarboneraY5,11,2058,-5.36,36.209722,36.30863987,20.71772766
SierraCarboneraY5,11,2059,-5.36,36.209722,4.709481757,19.89588521
SierraCarboneraY5,11,2060,-5.36,36.209722,271.1246445,18.8015391
SierraCarboneraY5,11,2061,-5.36,36.209722,29.16412374,22.32477214
SierraCarboneraY5,11,2062,-5.36,36.209722,5.587167051,20.57368368
SierraCarboneraY5,11,2063,-5.36,36.209722,99.15006518,22.43358053
SierraCarboneraY5,11,2064,-5.36,36.209722,51.61281946,20.72673543
SierraCarboneraY5,11,2065,-5.36,36.209722,61.03914726,20.86621602
SierraCarboneraY5,11,2066,-5.36,36.209722,68.86484452,20.56021423
SierraCarboneraY5,11,2067,-5.36,36.209722,30.64212548,18.22213847
SierraCarboneraY5,11,2068,-5.36,36.209722,111.5322308,19.35250549
SierraCarboneraY5,11,2069,-5.36,36.209722,4.549043583,21.59069316
SierraCarboneraY5,11,2070,-5.36,36.209722,31.27107211,20.03009949
SierraCarboneraY5,11,2071,-5.36,36.209722,16.22813694,20.44301249
SierraCarboneraY5,11,2072,-5.36,36.209722,34.07973302,20.44797262
SierraCarboneraY5,11,2073,-5.36,36.209722,55.67687935,20.93077799
SierraCarboneraY5,11,2074,-5.36,36.209722,121.706946,19.1827474
SierraCarboneraY5,11,2075,-5.36,36.209722,73.01094642,22.99829305
SierraCarboneraY5,11,2076,-5.36,36.209722,61.86704567,19.27763875
SierraCarboneraY5,11,2077,-5.36,36.209722,19.70827064,23.44462789
SierraCarboneraY5,11,2078,-5.36,36.209722,27.24963575,21.3751709
SierraCarboneraY5,11,2079,-5.36,36.209722,19.7449981,20.43811849
SierraCarboneraY5,11,2080,-5.36,36.209722,13.12755143,22.08919373
SierraCarboneraY5,11,2081,-5.36,36.209722,43.94333635,21.72874756
SierraCarboneraY5,11,2082,-5.36,36.209722,45.02306268,20.48600362
SierraCarboneraY5,11,2083,-5.36,36.209722,23.60075289,19.95732829
SierraCarboneraY5,11,2084,-5.36,36.209722,41.93826396,22.77033488
SierraCarboneraY5,11,2085,-5.36,36.209722,31.2856306,22.48225708
SierraCarboneraY5,11,2086,-5.36,36.209722,22.96096992,21.90051371
SierraCarboneraY5,11,2087,-5.36,36.209722,22.25604729,23.097229
SierraCarboneraY5,11,2088,-5.36,36.209722,158.5522866,20.49922485
SierraCarboneraY5,11,2089,-5.36,36.209722,5.421882684,20.32904765
SierraCarboneraY5,11,2090,-5.36,36.209722,33.02588174,21.33061625
SierraCarboneraY5,11,2091,-5.36,36.209722,55.54532793,20.5428833
SierraCarboneraY5,11,2092,-5.36,36.209722,0.069473189,25.22731832
SierraCarboneraY5,11,2093,-5.36,36.209722,5.729153971,23.76018473
SierraCarboneraY5,11,2094,-5.36,36.209722,55.61863045,19.73223572
SierraCarboneraY5,11,2095,-5.36,36.209722,18.79731306,23.24938456
SierraCarboneraY5,11,2096,-5.36,36.209722,55.3729471,21.79796651
SierraCarboneraY5,11,2097,-5.36,36.209722,180.3133484,20.70837097
SierraCarboneraY5,11,2098,-5.36,36.209722,18.81977333,21.36025899
SierraCarboneraY5,11,2099,-5.36,36.209722,15.45501495,23.4899058
SierraCarboneraY5,11,2100,-5.36,36.209722,86.4473821,23.43894958
SierraCarboneraY5,12,2015,-5.36,36.209722,87.79503748,14.8463182
SierraCarboneraY5,12,2016,-5.36,36.209722,53.31561477,14.7371834
SierraCarboneraY5,12,2017,-5.36,36.209722,213.4336357,14.78866557
SierraCarboneraY5,12,2018,-5.36,36.209722,1.674760231,18.00818344
SierraCarboneraY5,12,2019,-5.36,36.209722,1.485700107,17.76118105
SierraCarboneraY5,12,2020,-5.36,36.209722,69.51870682,18.09052577
SierraCarboneraY5,12,2021,-5.36,36.209722,23.34802387,18.09259604
SierraCarboneraY5,12,2022,-5.36,36.209722,97.47625641,17.3836225
SierraCarboneraY5,12,2023,-5.36,36.209722,196.6582814,17.48813831
SierraCarboneraY5,12,2024,-5.36,36.209722,50.8189566,15.8422131
SierraCarboneraY5,12,2025,-5.36,36.209722,116.2520458,16.99412566
SierraCarboneraY5,12,2026,-5.36,36.209722,2.145576424,18.33824187
SierraCarboneraY5,12,2027,-5.36,36.209722,3.784235437,19.36106705
SierraCarboneraY5,12,2028,-5.36,36.209722,121.3889961,17.54382009
SierraCarboneraY5,12,2029,-5.36,36.209722,300.79932,16.6101151
SierraCarboneraY5,12,2030,-5.36,36.209722,13.88452945,18.31122397
SierraCarboneraY5,12,2031,-5.36,36.209722,45.37688654,15.85544394
SierraCarboneraY5,12,2032,-5.36,36.209722,106.0952482,15.87384407
SierraCarboneraY5,12,2033,-5.36,36.209722,118.4017106,16.22631619
SierraCarboneraY5,12,2034,-5.36,36.209722,13.37294382,19.5767525
SierraCarboneraY5,12,2035,-5.36,36.209722,18.45920063,14.88677073
SierraCarboneraY5,12,2036,-5.36,36.209722,0.626621712,18.963044
SierraCarboneraY5,12,2037,-5.36,36.209722,15.32494614,18.82535656
SierraCarboneraY5,12,2038,-5.36,36.209722,46.09870098,17.24638692
SierraCarboneraY5,12,2039,-5.36,36.209722,0.978855207,18.33240022
SierraCarboneraY5,12,2040,-5.36,36.209722,45.71536941,17.94653694
SierraCarboneraY5,12,2041,-5.36,36.209722,92.24081063,17.3425547
SierraCarboneraY5,12,2042,-5.36,36.209722,71.66379545,16.02464226
SierraCarboneraY5,12,2043,-5.36,36.209722,89.0049992,18.70435634
SierraCarboneraY5,12,2044,-5.36,36.209722,16.92019723,19.00543587
SierraCarboneraY5,12,2045,-5.36,36.209722,108.2021511,16.73363057
SierraCarboneraY5,12,2046,-5.36,36.209722,62.74812323,18.62602854
SierraCarboneraY5,12,2047,-5.36,36.209722,295.8874484,17.81688055
SierraCarboneraY5,12,2048,-5.36,36.209722,276.6859576,16.73200231
SierraCarboneraY5,12,2049,-5.36,36.209722,212.3530661,17.37461784
SierraCarboneraY5,12,2050,-5.36,36.209722,104.1819411,15.40267432
SierraCarboneraY5,12,2051,-5.36,36.209722,174.2076106,16.58398319
SierraCarboneraY5,12,2052,-5.36,36.209722,94.39160378,17.5280996
SierraCarboneraY5,12,2053,-5.36,36.209722,201.0329954,17.32123374
SierraCarboneraY5,12,2054,-5.36,36.209722,65.63030881,19.54682558
SierraCarboneraY5,12,2055,-5.36,36.209722,21.60271629,17.13462859
SierraCarboneraY5,12,2056,-5.36,36.209722,16.59600031,16.71289535
SierraCarboneraY5,12,2057,-5.36,36.209722,138.2618547,18.76368841
SierraCarboneraY5,12,2058,-5.36,36.209722,47.96716672,18.03197632
SierraCarboneraY5,12,2059,-5.36,36.209722,34.1459277,17.35900859
SierraCarboneraY5,12,2060,-5.36,36.209722,174.9894663,16.9885882
SierraCarboneraY5,12,2061,-5.36,36.209722,0.431821507,17.92227153
SierraCarboneraY5,12,2062,-5.36,36.209722,281.3739969,19.00377119
SierraCarboneraY5,12,2063,-5.36,36.209722,8.443142089,17.176354
SierraCarboneraY5,12,2064,-5.36,36.209722,83.22434628,18.33859151
SierraCarboneraY5,12,2065,-5.36,36.209722,131.1958432,17.74337552
SierraCarboneraY5,12,2066,-5.36,36.209722,8.665701928,17.51703058
SierraCarboneraY5,12,2067,-5.36,36.209722,18.19412498,17.2735259
SierraCarboneraY5,12,2068,-5.36,36.209722,34.5705639,16.80059401
SierraCarboneraY5,12,2069,-5.36,36.209722,66.47515836,17.41721644
SierraCarboneraY5,12,2070,-5.36,36.209722,65.86712862,17.26201585
SierraCarboneraY5,12,2071,-5.36,36.209722,36.07114822,16.266814
SierraCarboneraY5,12,2072,-5.36,36.209722,10.97055233,18.66382505
SierraCarboneraY5,12,2073,-5.36,36.209722,41.36743843,19.66622511
SierraCarboneraY5,12,2074,-5.36,36.209722,40.26160672,17.37448396
SierraCarboneraY5,12,2075,-5.36,36.209722,25.77371562,19.01866967
SierraCarboneraY5,12,2076,-5.36,36.209722,26.44754438,18.41556456
SierraCarboneraY5,12,2077,-5.36,36.209722,70.32362895,18.23418481
SierraCarboneraY5,12,2078,-5.36,36.209722,21.2199103,17.34876059
SierraCarboneraY5,12,2079,-5.36,36.209722,65.43492415,20.69765527
SierraCarboneraY5,12,2080,-5.36,36.209722,23.71560946,18.43281585
SierraCarboneraY5,12,2081,-5.36,36.209722,45.68881097,17.81208929
SierraCarboneraY5,12,2082,-5.36,36.209722,25.47362919,19.68504855
SierraCarboneraY5,12,2083,-5.36,36.209722,28.34214539,18.08569808
SierraCarboneraY5,12,2084,-5.36,36.209722,102.6295698,18.08976086
SierraCarboneraY5,12,2085,-5.36,36.209722,53.83057722,17.68639723
SierraCarboneraY5,12,2086,-5.36,36.209722,189.6363664,19.3106973
SierraCarboneraY5,12,2087,-5.36,36.209722,8.75618553,21.0262459
SierraCarboneraY5,12,2088,-5.36,36.209722,37.96795729,17.24076184
SierraCarboneraY5,12,2089,-5.36,36.209722,61.66451974,20.09216387
SierraCarboneraY5,12,2090,-5.36,36.209722,2.115739483,19.50362844
SierraCarboneraY5,12,2091,-5.36,36.209722,155.7207107,20.3458752
SierraCarboneraY5,12,2092,-5.36,36.209722,7.1726501,21.03832004
SierraCarboneraY5,12,2093,-5.36,36.209722,96.50461035,18.18267507
SierraCarboneraY5,12,2094,-5.36,36.209722,14.08137956,19.72058381
SierraCarboneraY5,12,2095,-5.36,36.209722,48.38216859,19.07060173
SierraCarboneraY5,12,2096,-5.36,36.209722,39.50686959,20.09999902
SierraCarboneraY5,12,2097,-5.36,36.209722,101.1556446,17.65616317
SierraCarboneraY5,12,2098,-5.36,36.209722,12.42078532,19.52741837
SierraCarboneraY5,12,2099,-5.36,36.209722,22.10178469,19.76347085
SierraCarboneraY5,12,2100,-5.36,36.209722,0.318390627,17.7026062
SierraCarboneraY5,2,2015,-5.36,36.209722,42.87027098,16.32749329
SierraCarboneraY5,2,2016,-5.36,36.209722,4.725808252,17.98604105
SierraCarboneraY5,2,2017,-5.36,36.209722,24.94353225,17.19982191
SierraCarboneraY5,2,2018,-5.36,36.209722,40.95482529,18.4074537
SierraCarboneraY5,2,2019,-5.36,36.209722,0.073163958,18.18176858
SierraCarboneraY5,2,2020,-5.36,36.209722,60.97491768,17.15796656
SierraCarboneraY5,2,2021,-5.36,36.209722,37.06655459,13.98706752
SierraCarboneraY5,2,2022,-5.36,36.209722,24.93701326,18.34817113
SierraCarboneraY5,2,2023,-5.36,36.209722,40.96312964,16.57061702
SierraCarboneraY5,2,2024,-5.36,36.209722,88.27439907,17.1465793
SierraCarboneraY5,2,2025,-5.36,36.209722,27.61902859,15.88736223
SierraCarboneraY5,2,2026,-5.36,36.209722,52.50833024,15.36147352
SierraCarboneraY5,2,2027,-5.36,36.209722,27.28164158,17.04681876
SierraCarboneraY5,2,2028,-5.36,36.209722,264.0193175,16.52886142
SierraCarboneraY5,2,2029,-5.36,36.209722,90.48287882,16.23114057
SierraCarboneraY5,2,2030,-5.36,36.209722,24.86790942,16.91787763
SierraCarboneraY5,2,2031,-5.36,36.209722,46.81999313,15.94248788
SierraCarboneraY5,2,2032,-5.36,36.209722,156.4663762,19.71821773
SierraCarboneraY5,2,2033,-5.36,36.209722,83.27419839,16.25510559
SierraCarboneraY5,2,2034,-5.36,36.209722,2.515205261,18.04709124
SierraCarboneraY5,2,2035,-5.36,36.209722,37.87921673,15.79722421
SierraCarboneraY5,2,2036,-5.36,36.209722,15.67397332,17.66837832
SierraCarboneraY5,2,2037,-5.36,36.209722,179.084035,16.68140019
SierraCarboneraY5,2,2038,-5.36,36.209722,0.59316319,20.19216527
SierraCarboneraY5,2,2039,-5.36,36.209722,13.52434984,19.27609297
SierraCarboneraY5,2,2040,-5.36,36.209722,56.22668645,18.48591056
SierraCarboneraY5,2,2041,-5.36,36.209722,49.04596884,16.9575385
SierraCarboneraY5,2,2042,-5.36,36.209722,10.57861413,17.3046923
SierraCarboneraY5,2,2043,-5.36,36.209722,7.272709435,16.96467743
SierraCarboneraY5,2,2044,-5.36,36.209722,56.12857133,16.0719554
SierraCarboneraY5,2,2045,-5.36,36.209722,0.199379454,17.52630114
SierraCarboneraY5,2,2046,-5.36,36.209722,39.41483167,18.93705902
SierraCarboneraY5,2,2047,-5.36,36.209722,98.36188134,18.71438424
SierraCarboneraY5,2,2048,-5.36,36.209722,34.79930873,16.16847618
SierraCarboneraY5,2,2049,-5.36,36.209722,6.654261276,18.6117678
SierraCarboneraY5,2,2050,-5.36,36.209722,52.9768733,19.80603289
SierraCarboneraY5,2,2051,-5.36,36.209722,37.06225271,15.94048135
SierraCarboneraY5,2,2052,-5.36,36.209722,50.62299081,19.51571992
SierraCarboneraY5,2,2053,-5.36,36.209722,33.33280958,18.97352644
SierraCarboneraY5,2,2054,-5.36,36.209722,22.41842351,18.00753937
SierraCarboneraY5,2,2055,-5.36,36.209722,173.6229102,16.02065212
SierraCarboneraY5,2,2056,-5.36,36.209722,41.84685954,18.13659899
SierraCarboneraY5,2,2057,-5.36,36.209722,258.8497147,17.62719879
SierraCarboneraY5,2,2058,-5.36,36.209722,7.024919633,19.4596889
SierraCarboneraY5,2,2059,-5.36,36.209722,41.06380115,19.58617009
SierraCarboneraY5,2,2060,-5.36,36.209722,29.15400096,19.49183202
SierraCarboneraY5,2,2061,-5.36,36.209722,28.55458893,18.86664734
SierraCarboneraY5,2,2062,-5.36,36.209722,8.180491743,20.85216348
SierraCarboneraY5,2,2063,-5.36,36.209722,34.41153823,17.83122406
SierraCarboneraY5,2,2064,-5.36,36.209722,78.83844689,18.76286811
SierraCarboneraY5,2,2065,-5.36,36.209722,0.44062052,20.76121129
SierraCarboneraY5,2,2066,-5.36,36.209722,43.20273663,16.59253191
SierraCarboneraY5,2,2067,-5.36,36.209722,1.076668563,18.76984558
SierraCarboneraY5,2,2068,-5.36,36.209722,60.0480689,21.45482893
SierraCarboneraY5,2,2069,-5.36,36.209722,27.44775059,17.11824733
SierraCarboneraY5,2,2070,-5.36,36.209722,1.743949405,17.27575836
SierraCarboneraY5,2,2071,-5.36,36.209722,37.90593117,17.98743373
SierraCarboneraY5,2,2072,-5.36,36.209722,19.07279179,15.17323903
SierraCarboneraY5,2,2073,-5.36,36.209722,24.59636525,17.89089464
SierraCarboneraY5,2,2074,-5.36,36.209722,98.07290292,17.16537628
SierraCarboneraY5,2,2075,-5.36,36.209722,79.98366411,17.45073308
SierraCarboneraY5,2,2076,-5.36,36.209722,69.91104786,19.06215715
SierraCarboneraY5,2,2077,-5.36,36.209722,1.606999697,20.26520255
SierraCarboneraY5,2,2078,-5.36,36.209722,1.226761825,21.06067483
SierraCarboneraY5,2,2079,-5.36,36.209722,29.57545529,16.79200788
SierraCarboneraY5,2,2080,-5.36,36.209722,56.10985248,19.03727901
SierraCarboneraY5,2,2081,-5.36,36.209722,8.254038043,24.49400591
SierraCarboneraY5,2,2082,-5.36,36.209722,66.13259432,18.51585323
SierraCarboneraY5,2,2083,-5.36,36.209722,26.70068719,18.52299543
SierraCarboneraY5,2,2084,-5.36,36.209722,229.2113601,16.92083235
SierraCarboneraY5,2,2085,-5.36,36.209722,21.65452842,19.24328112
SierraCarboneraY5,2,2086,-5.36,36.209722,10.41850988,20.51861071
SierraCarboneraY5,2,2087,-5.36,36.209722,14.37429016,21.18221327
SierraCarboneraY5,2,2088,-5.36,36.209722,105.1481024,18.27816267
SierraCarboneraY5,2,2089,-5.36,36.209722,4.82569113,20.17535117
SierraCarboneraY5,2,2090,-5.36,36.209722,117.3776798,19.24999717
SierraCarboneraY5,2,2091,-5.36,36.209722,0.379549717,22.39638672
SierraCarboneraY5,2,2092,-5.36,36.209722,13.11827882,20.01249663
SierraCarboneraY5,2,2093,-5.36,36.209722,1.893103939,21.19300123
SierraCarboneraY5,2,2094,-5.36,36.209722,38.98222,20.85603921
SierraCarboneraY5,2,2095,-5.36,36.209722,1.019486352,17.5369921
SierraCarboneraY5,2,2096,-5.36,36.209722,44.05153086,18.97006036
SierraCarboneraY5,2,2097,-5.36,36.209722,48.37487391,20.27936489
SierraCarboneraY5,2,2098,-5.36,36.209722,2.100761146,20.43027104
SierraCarboneraY5,2,2099,-5.36,36.209722,1.169972139,20.16540244
SierraCarboneraY5,2,2100,-5.36,36.209722,3.391859402,21.54888851
SierraCarboneraY5,3,2015,-5.36,36.209722,21.14156406,18.4695915
SierraCarboneraY5,3,2016,-5.36,36.209722,6.316447055,19.1108426
SierraCarboneraY5,3,2017,-5.36,36.209722,38.22051648,20.66394417
SierraCarboneraY5,3,2018,-5.36,36.209722,79.88747305,17.04410361
SierraCarboneraY5,3,2019,-5.36,36.209722,27.49455574,21.51274237
SierraCarboneraY5,3,2020,-5.36,36.209722,31.91408679,21.2202432
SierraCarboneraY5,3,2021,-5.36,36.209722,47.61683611,17.77329358
SierraCarboneraY5,3,2022,-5.36,36.209722,39.4521669,17.32090789
SierraCarboneraY5,3,2023,-5.36,36.209722,6.938832623,19.29431133
SierraCarboneraY5,3,2024,-5.36,36.209722,397.2399699,16.73676797
SierraCarboneraY5,3,2025,-5.36,36.209722,21.33214378,19.75884006
SierraCarboneraY5,3,2026,-5.36,36.209722,38.9123286,17.01446514
SierraCarboneraY5,3,2027,-5.36,36.209722,41.31858824,19.63180621
SierraCarboneraY5,3,2028,-5.36,36.209722,79.81858299,19.15317245
SierraCarboneraY5,3,2029,-5.36,36.209722,32.69355654,19.93169457
SierraCarboneraY5,3,2030,-5.36,36.209722,83.47139983,19.5840206
SierraCarboneraY5,3,2031,-5.36,36.209722,37.03045956,19.32376473
SierraCarboneraY5,3,2032,-5.36,36.209722,111.0054285,19.30745456
SierraCarboneraY5,3,2033,-5.36,36.209722,61.69752233,16.45231166
SierraCarboneraY5,3,2034,-5.36,36.209722,25.01066731,17.70738151
SierraCarboneraY5,3,2035,-5.36,36.209722,37.84430874,19.51874842
SierraCarboneraY5,3,2036,-5.36,36.209722,7.81198495,19.32394389
SierraCarboneraY5,3,2037,-5.36,36.209722,41.77816939,22.22809704
SierraCarboneraY5,3,2038,-5.36,36.209722,22.74640047,23.72601889
SierraCarboneraY5,3,2039,-5.36,36.209722,0.634028501,19.52586493
SierraCarboneraY5,3,2040,-5.36,36.209722,1.226568429,20.0534095
SierraCarboneraY5,3,2041,-5.36,36.209722,31.69275376,21.1024611
SierraCarboneraY5,3,2042,-5.36,36.209722,5.597428596,22.62928605
SierraCarboneraY5,3,2043,-5.36,36.209722,34.58681125,21.02264385
SierraCarboneraY5,3,2044,-5.36,36.209722,32.23056259,18.61612116
SierraCarboneraY5,3,2045,-5.36,36.209722,6.044606217,22.08765023
SierraCarboneraY5,3,2046,-5.36,36.209722,11.78413434,20.1935098
SierraCarboneraY5,3,2047,-5.36,36.209722,121.659166,17.49314615
SierraCarboneraY5,3,2048,-5.36,36.209722,16.46908392,19.92403761
SierraCarboneraY5,3,2049,-5.36,36.209722,1.888850561,20.31097392
SierraCarboneraY5,3,2050,-5.36,36.209722,59.0913131,20.59436311
SierraCarboneraY5,3,2051,-5.36,36.209722,45.87254381,16.81954838
SierraCarboneraY5,3,2052,-5.36,36.209722,118.8354185,18.38307023
SierraCarboneraY5,3,2053,-5.36,36.209722,64.03316487,19.53878075
SierraCarboneraY5,3,2054,-5.36,36.209722,1.771527964,20.46428735
SierraCarboneraY5,3,2055,-5.36,36.209722,14.2507456,20.20053278
SierraCarboneraY5,3,2056,-5.36,36.209722,84.83072457,17.72991136
SierraCarboneraY5,3,2057,-5.36,36.209722,105.9971419,16.84741388
SierraCarboneraY5,3,2058,-5.36,36.209722,0.012416425,22.65127642
SierraCarboneraY5,3,2059,-5.36,36.209722,0.102285863,23.1678514
SierraCarboneraY5,3,2060,-5.36,36.209722,30.67990964,19.93002004
SierraCarboneraY5,3,2061,-5.36,36.209722,2.060031623,20.05822636
SierraCarboneraY5,3,2062,-5.36,36.209722,29.98257437,20.69498252
SierraCarboneraY5,3,2063,-5.36,36.209722,124.1590848,19.12562197
SierraCarboneraY5,3,2064,-5.36,36.209722,55.44269643,19.18131359
SierraCarboneraY5,3,2065,-5.36,36.209722,24.35506056,22.07108016
SierraCarboneraY5,3,2066,-5.36,36.209722,77.05354458,18.22588895
SierraCarboneraY5,3,2067,-5.36,36.209722,5.57418784,22.84744046
SierraCarboneraY5,3,2068,-5.36,36.209722,228.1488131,19.51824931
SierraCarboneraY5,3,2069,-5.36,36.209722,1.452203,21.55070328
SierraCarboneraY5,3,2070,-5.36,36.209722,45.95419023,17.48702688
SierraCarboneraY5,3,2071,-5.36,36.209722,59.32417659,16.85957661
SierraCarboneraY5,3,2072,-5.36,36.209722,19.2333948,18.53300112
SierraCarboneraY5,3,2073,-5.36,36.209722,11.6624118,19.95585957
SierraCarboneraY5,3,2074,-5.36,36.209722,61.89894344,19.8588629
SierraCarboneraY5,3,2075,-5.36,36.209722,39.40622692,20.18953464
SierraCarboneraY5,3,2076,-5.36,36.209722,38.29311874,20.75233784
SierraCarboneraY5,3,2077,-5.36,36.209722,0.316146409,23.41035491
SierraCarboneraY5,3,2078,-5.36,36.209722,6.072953016,25.52236131
SierraCarboneraY5,3,2079,-5.36,36.209722,37.93163005,19.88126772
SierraCarboneraY5,3,2080,-5.36,36.209722,13.89520033,20.52267338
SierraCarboneraY5,3,2081,-5.36,36.209722,16.50306793,26.08544804
SierraCarboneraY5,3,2082,-5.36,36.209722,68.3956121,19.59766098
SierraCarboneraY5,3,2083,-5.36,36.209722,13.51850047,22.30000138
SierraCarboneraY5,3,2084,-5.36,36.209722,11.71799461,20.54134521
SierraCarboneraY5,3,2085,-5.36,36.209722,32.29064703,22.28022697
SierraCarboneraY5,3,2086,-5.36,36.209722,4.171841098,20.73580618
SierraCarboneraY5,3,2087,-5.36,36.209722,0.03354871,21.97339143
SierraCarboneraY5,3,2088,-5.36,36.209722,125.5074471,20.35104449
SierraCarboneraY5,3,2089,-5.36,36.209722,5.042494271,23.24948986
SierraCarboneraY5,3,2090,-5.36,36.209722,191.5631373,19.33476681
SierraCarboneraY5,3,2091,-5.36,36.209722,14.51396789,24.50019768
SierraCarboneraY5,3,2092,-5.36,36.209722,82.78782396,19.99953909
SierraCarboneraY5,3,2093,-5.36,36.209722,2.025055079,22.31628792
SierraCarboneraY5,3,2094,-5.36,36.209722,0.87313252,23.83445671
SierraCarboneraY5,3,2095,-5.36,36.209722,17.67996637,24.05859651
SierraCarboneraY5,3,2096,-5.36,36.209722,27.95828157,19.94254505
SierraCarboneraY5,3,2097,-5.36,36.209722,14.788643,22.5125632
SierraCarboneraY5,3,2098,-5.36,36.209722,18.45211684,21.6356337
SierraCarboneraY5,3,2099,-5.36,36.209722,123.8643014,19.65403876
SierraCarboneraY5,3,2100,-5.36,36.209722,50.69616213,23.12559342
SierraCarboneraY5,4,2015,-5.36,36.209722,3.980655713,23.404953
SierraCarboneraY5,4,2016,-5.36,36.209722,13.36775209,23.06498006
SierraCarboneraY5,4,2017,-5.36,36.209722,14.83714044,22.49856466
SierraCarboneraY5,4,2018,-5.36,36.209722,82.24227537,19.44521077
SierraCarboneraY5,4,2019,-5.36,36.209722,77.12049397,20.91682332
SierraCarboneraY5,4,2020,-5.36,36.209722,23.25563309,22.2982961
SierraCarboneraY5,4,2021,-5.36,36.209722,66.78630692,19.39346619
SierraCarboneraY5,4,2022,-5.36,36.209722,92.72191801,20.04153951
SierraCarboneraY5,4,2023,-5.36,36.209722,100.6587187,19.53804728
SierraCarboneraY5,4,2024,-5.36,36.209722,20.51298608,19.64022725
SierraCarboneraY5,4,2025,-5.36,36.209722,87.58683771,20.17597656
SierraCarboneraY5,4,2026,-5.36,36.209722,39.27687432,18.0254069
SierraCarboneraY5,4,2027,-5.36,36.209722,15.02544833,22.85118815
SierraCarboneraY5,4,2028,-5.36,36.209722,12.00675958,21.20065715
SierraCarboneraY5,4,2029,-5.36,36.209722,12.79855053,20.68458964
SierraCarboneraY5,4,2030,-5.36,36.209722,33.86599872,20.23392131
SierraCarboneraY5,4,2031,-5.36,36.209722,17.75187851,23.77697957
SierraCarboneraY5,4,2032,-5.36,36.209722,18.37237365,20.92613424
SierraCarboneraY5,4,2033,-5.36,36.209722,64.2680714,20.15046488
SierraCarboneraY5,4,2034,-5.36,36.209722,4.464093093,22.24663391
SierraCarboneraY5,4,2035,-5.36,36.209722,23.32128395,21.59934489
SierraCarboneraY5,4,2036,-5.36,36.209722,49.66983046,22.09711202
SierraCarboneraY5,4,2037,-5.36,36.209722,45.38788717,23.07462769
SierraCarboneraY5,4,2038,-5.36,36.209722,72.63027271,22.16807556
SierraCarboneraY5,4,2039,-5.36,36.209722,103.3021782,19.18808594
SierraCarboneraY5,4,2040,-5.36,36.209722,22.37906813,20.19878235
SierraCarboneraY5,4,2041,-5.36,36.209722,12.21303292,20.71324361
SierraCarboneraY5,4,2042,-5.36,36.209722,35.28012273,23.31028748
SierraCarboneraY5,4,2043,-5.36,36.209722,12.53522901,20.83139954
SierraCarboneraY5,4,2044,-5.36,36.209722,2.021543698,21.99908854
SierraCarboneraY5,4,2045,-5.36,36.209722,16.73784722,23.57995199
SierraCarboneraY5,4,2046,-5.36,36.209722,50.69292167,19.93380432
SierraCarboneraY5,4,2047,-5.36,36.209722,3.608340742,20.82638143
SierraCarboneraY5,4,2048,-5.36,36.209722,57.81667499,18.93541667
SierraCarboneraY5,4,2049,-5.36,36.209722,25.76143888,20.27698059
SierraCarboneraY5,4,2050,-5.36,36.209722,76.95763541,21.30731099
SierraCarboneraY5,4,2051,-5.36,36.209722,32.42907054,21.86648763
SierraCarboneraY5,4,2052,-5.36,36.209722,72.65502151,20.00681966
SierraCarboneraY5,4,2053,-5.36,36.209722,49.26148424,20.45228882
SierraCarboneraY5,4,2054,-5.36,36.209722,30.33899419,21.94662476
SierraCarboneraY5,4,2055,-5.36,36.209722,7.552555449,19.98684591
SierraCarboneraY5,4,2056,-5.36,36.209722,34.54237188,22.29776611
SierraCarboneraY5,4,2057,-5.36,36.209722,74.27741782,20.1756307
SierraCarboneraY5,4,2058,-5.36,36.209722,25.41697845,22.89624532
SierraCarboneraY5,4,2059,-5.36,36.209722,31.94116185,23.0083374
SierraCarboneraY5,4,2060,-5.36,36.209722,45.87011599,21.47875264
SierraCarboneraY5,4,2061,-5.36,36.209722,18.81859447,23.35246684
SierraCarboneraY5,4,2062,-5.36,36.209722,3.334546768,25.05774231
SierraCarboneraY5,4,2063,-5.36,36.209722,46.70489289,20.7737915
SierraCarboneraY5,4,2064,-5.36,36.209722,4.585088305,20.51081136
SierraCarboneraY5,4,2065,-5.36,36.209722,31.10435223,21.13448792
SierraCarboneraY5,4,2066,-5.36,36.209722,6.874346084,22.32328186
SierraCarboneraY5,4,2067,-5.36,36.209722,74.01342813,24.19507853
SierraCarboneraY5,4,2068,-5.36,36.209722,10.04373296,24.34998779
SierraCarboneraY5,4,2069,-5.36,36.209722,28.83692506,23.90877889
SierraCarboneraY5,4,2070,-5.36,36.209722,0.893463544,24.11826579
SierraCarboneraY5,4,2071,-5.36,36.209722,53.77110456,19.28363342
SierraCarboneraY5,4,2072,-5.36,36.209722,19.83168068,23.1609141
SierraCarboneraY5,4,2073,-5.36,36.209722,6.920531781,22.99986471
SierraCarboneraY5,4,2074,-5.36,36.209722,12.99181036,22.93513184
SierraCarboneraY5,4,2075,-5.36,36.209722,12.08374131,22.46289063
SierraCarboneraY5,4,2076,-5.36,36.209722,4.423289101,25.71515605
SierraCarboneraY5,4,2077,-5.36,36.209722,26.71296102,25.89384359
SierraCarboneraY5,4,2078,-5.36,36.209722,33.59086833,24.28667603
SierraCarboneraY5,4,2079,-5.36,36.209722,7.36912555,25.57664897
SierraCarboneraY5,4,2080,-5.36,36.209722,35.75298705,22.68789063
SierraCarboneraY5,4,2081,-5.36,36.209722,10.30941715,25.17541199
SierraCarboneraY5,4,2082,-5.36,36.209722,10.68838762,23.73879191
SierraCarboneraY5,4,2083,-5.36,36.209722,15.32856128,24.39773763
SierraCarboneraY5,4,2084,-5.36,36.209722,34.2307468,21.93379313
SierraCarboneraY5,4,2085,-5.36,36.209722,63.0308737,20.44694214
SierraCarboneraY5,4,2086,-5.36,36.209722,18.73536459,25.42998962
SierraCarboneraY5,4,2087,-5.36,36.209722,80.01965957,20.13539124
SierraCarboneraY5,4,2088,-5.36,36.209722,93.29528756,20.1483256
SierraCarboneraY5,4,2089,-5.36,36.209722,3.711285996,24.07202047
SierraCarboneraY5,4,2090,-5.36,36.209722,32.37368729,22.75519409
SierraCarboneraY5,4,2091,-5.36,36.209722,4.476351293,27.49152934
SierraCarboneraY5,4,2092,-5.36,36.209722,10.31374918,23.00045878
SierraCarboneraY5,4,2093,-5.36,36.209722,20.90195642,23.60532532
SierraCarboneraY5,4,2094,-5.36,36.209722,36.99996236,22.19503479
SierraCarboneraY5,4,2095,-5.36,36.209722,9.912651933,24.93919271
SierraCarboneraY5,4,2096,-5.36,36.209722,44.46250334,20.49072876
SierraCarboneraY5,4,2097,-5.36,36.209722,26.34021237,23.67076721
SierraCarboneraY5,4,2098,-5.36,36.209722,58.61984239,21.93360189
SierraCarboneraY5,4,2099,-5.36,36.209722,114.8409556,23.47563477
SierraCarboneraY5,4,2100,-5.36,36.209722,3.791755309,25.93705953
SierraCarboneraY5,5,2015,-5.36,36.209722,58.16540941,22.86013774
SierraCarboneraY5,5,2016,-5.36,36.209722,1.834066998,25.74349464
SierraCarboneraY5,5,2017,-5.36,36.209722,93.42162333,20.36495854
SierraCarboneraY5,5,2018,-5.36,36.209722,78.28705487,20.21862281
SierraCarboneraY5,5,2019,-5.36,36.209722,25.31276115,24.87792851
SierraCarboneraY5,5,2020,-5.36,36.209722,54.58055098,22.41468644
SierraCarboneraY5,5,2021,-5.36,36.209722,27.86227864,24.70034081
SierraCarboneraY5,5,2022,-5.36,36.209722,62.13990253,20.68107733
SierraCarboneraY5,5,2023,-5.36,36.209722,26.88615254,21.82459264
SierraCarboneraY5,5,2024,-5.36,36.209722,2.369956454,25.46537712
SierraCarboneraY5,5,2025,-5.36,36.209722,34.12198928,23.84593526
SierraCarboneraY5,5,2026,-5.36,36.209722,19.42082085,23.38517692
SierraCarboneraY5,5,2027,-5.36,36.209722,16.67343069,25.01183275
SierraCarboneraY5,5,2028,-5.36,36.209722,20.0057091,23.84448912
SierraCarboneraY5,5,2029,-5.36,36.209722,5.765145134,26.32799683
SierraCarboneraY5,5,2030,-5.36,36.209722,40.81464735,23.13285857
SierraCarboneraY5,5,2031,-5.36,36.209722,20.49486808,27.36313929
SierraCarboneraY5,5,2032,-5.36,36.209722,24.30248453,23.08749272
SierraCarboneraY5,5,2033,-5.36,36.209722,12.89635915,25.64649894
SierraCarboneraY5,5,2034,-5.36,36.209722,12.10925597,25.6425858
SierraCarboneraY5,5,2035,-5.36,36.209722,109.5829207,21.23448703
SierraCarboneraY5,5,2036,-5.36,36.209722,4.399180185,29.60547348
SierraCarboneraY5,5,2037,-5.36,36.209722,35.8063841,25.67613644
SierraCarboneraY5,5,2038,-5.36,36.209722,83.32516964,22.01158172
SierraCarboneraY5,5,2039,-5.36,36.209722,25.57297972,24.11029624
SierraCarboneraY5,5,2040,-5.36,36.209722,38.04815139,23.26771476
SierraCarboneraY5,5,2041,-5.36,36.209722,33.67692662,23.40778159
SierraCarboneraY5,5,2042,-5.36,36.209722,7.989324152,26.22965245
SierraCarboneraY5,5,2043,-5.36,36.209722,44.09057901,24.08665397
SierraCarboneraY5,5,2044,-5.36,36.209722,2.650556112,24.65412145
SierraCarboneraY5,5,2045,-5.36,36.209722,2.377850559,26.35464852
SierraCarboneraY5,5,2046,-5.36,36.209722,14.87578503,23.37835969
SierraCarboneraY5,5,2047,-5.36,36.209722,22.01604245,22.72511715
SierraCarboneraY5,5,2048,-5.36,36.209722,11.02518169,23.25666937
SierraCarboneraY5,5,2049,-5.36,36.209722,10.33900119,26.23152682
SierraCarboneraY5,5,2050,-5.36,36.209722,8.874975864,23.42030167
SierraCarboneraY5,5,2051,-5.36,36.209722,2.037817864,26.11187626
SierraCarboneraY5,5,2052,-5.36,36.209722,8.957750541,23.94659404
SierraCarboneraY5,5,2053,-5.36,36.209722,28.83591564,23.90516594
SierraCarboneraY5,5,2054,-5.36,36.209722,0.3731371,27.58833933
SierraCarboneraY5,5,2055,-5.36,36.209722,16.75410804,25.91262502
SierraCarboneraY5,5,2056,-5.36,36.209722,20.2816005,26.003846
SierraCarboneraY5,5,2057,-5.36,36.209722,29.13701513,23.45933267
SierraCarboneraY5,5,2058,-5.36,36.209722,8.608688406,25.26887739
SierraCarboneraY5,5,2059,-5.36,36.209722,80.66377704,22.75882529
SierraCarboneraY5,5,2060,-5.36,36.209722,8.481035627,29.2059334
SierraCarboneraY5,5,2061,-5.36,36.209722,19.0680734,28.03199994
SierraCarboneraY5,5,2062,-5.36,36.209722,55.40855788,22.74530797
SierraCarboneraY5,5,2063,-5.36,36.209722,111.4727683,20.99189296
SierraCarboneraY5,5,2064,-5.36,36.209722,7.300432736,26.81644248
SierraCarboneraY5,5,2065,-5.36,36.209722,7.247081221,26.9122657
SierraCarboneraY5,5,2066,-5.36,36.209722,2.984258415,25.19902167
SierraCarboneraY5,5,2067,-5.36,36.209722,4.825048621,26.41834855
SierraCarboneraY5,5,2068,-5.36,36.209722,22.37825378,24.79623984
SierraCarboneraY5,5,2069,-5.36,36.209722,0.662233415,28.70919977
SierraCarboneraY5,5,2070,-5.36,36.209722,31.86085273,26.01972794
SierraCarboneraY5,5,2071,-5.36,36.209722,16.38780819,24.94542551
SierraCarboneraY5,5,2072,-5.36,36.209722,4.250646118,27.77663673
SierraCarboneraY5,5,2073,-5.36,36.209722,22.66377376,27.45206063
SierraCarboneraY5,5,2074,-5.36,36.209722,19.29220268,24.61699928
SierraCarboneraY5,5,2075,-5.36,36.209722,80.50677201,21.75266369
SierraCarboneraY5,5,2076,-5.36,36.209722,0.151011823,26.64391775
SierraCarboneraY5,5,2077,-5.36,36.209722,86.87131131,25.57284625
SierraCarboneraY5,5,2078,-5.36,36.209722,79.31028081,20.00524489
SierraCarboneraY5,5,2079,-5.36,36.209722,1.711971766,29.28732772
SierraCarboneraY5,5,2080,-5.36,36.209722,14.89385303,27.68423639
SierraCarboneraY5,5,2081,-5.36,36.209722,29.89577408,26.07747606
SierraCarboneraY5,5,2082,-5.36,36.209722,30.44994209,27.49537688
SierraCarboneraY5,5,2083,-5.36,36.209722,22.25689927,27.83772406
SierraCarboneraY5,5,2084,-5.36,36.209722,2.271701907,26.82408762
SierraCarboneraY5,5,2085,-5.36,36.209722,4.670534858,26.77786432
SierraCarboneraY5,5,2086,-5.36,36.209722,12.78525258,28.5664218
SierraCarboneraY5,5,2087,-5.36,36.209722,31.72441508,25.45163043
SierraCarboneraY5,5,2088,-5.36,36.209722,17.76405291,24.31252638
SierraCarboneraY5,5,2089,-5.36,36.209722,1.872311651,29.23057783
SierraCarboneraY5,5,2090,-5.36,36.209722,2.277914309,26.70277434
SierraCarboneraY5,5,2091,-5.36,36.209722,0.411349852,32.13380757
SierraCarboneraY5,5,2092,-5.36,36.209722,21.92962724,26.79192899
SierraCarboneraY5,5,2093,-5.36,36.209722,2.774048664,28.71233127
SierraCarboneraY5,5,2094,-5.36,36.209722,10.39104529,27.04830224
SierraCarboneraY5,5,2095,-5.36,36.209722,10.00027642,34.11435114
SierraCarboneraY5,5,2096,-5.36,36.209722,0.492501364,27.60194131
SierraCarboneraY5,5,2097,-5.36,36.209722,50.61176686,25.67628902
SierraCarboneraY5,5,2098,-5.36,36.209722,3.323127741,26.76284672
SierraCarboneraY5,5,2099,-5.36,36.209722,4.862430735,27.66451022
SierraCarboneraY5,5,2100,-5.36,36.209722,23.84080347,28.8303388
SierraCarboneraY5,6,2015,-5.36,36.209722,4.179266097,24.22317912
SierraCarboneraY5,6,2016,-5.36,36.209722,3.875077983,30.26438599
SierraCarboneraY5,6,2017,-5.36,36.209722,9.204705881,24.44998779
SierraCarboneraY5,6,2018,-5.36,36.209722,37.02064186,26.31885173
SierraCarboneraY5,6,2019,-5.36,36.209722,45.37803578,24.90482992
SierraCarboneraY5,6,2020,-5.36,36.209722,10.76698647,27.86036072
SierraCarboneraY5,6,2021,-5.36,36.209722,25.67924159,28.75349426
SierraCarboneraY5,6,2022,-5.36,36.209722,14.6035622,27.56268412
SierraCarboneraY5,6,2023,-5.36,36.209722,38.75998566,24.38630575
SierraCarboneraY5,6,2024,-5.36,36.209722,8.085883232,27.28536784
SierraCarboneraY5,6,2025,-5.36,36.209722,24.89301033,26.55592143
SierraCarboneraY5,6,2026,-5.36,36.209722,17.03883053,28.4945516
SierraCarboneraY5,6,2027,-5.36,36.209722,14.90286178,29.58894755
SierraCarboneraY5,6,2028,-5.36,36.209722,49.73671253,25.9792572
SierraCarboneraY5,6,2029,-5.36,36.209722,22.11312284,32.01370646
SierraCarboneraY5,6,2030,-5.36,36.209722,6.061930122,30.53384196
SierraCarboneraY5,6,2031,-5.36,36.209722,3.440114508,28.50644938
SierraCarboneraY5,6,2032,-5.36,36.209722,7.47319731,26.60558472
SierraCarboneraY5,6,2033,-5.36,36.209722,15.67352916,27.11918132
SierraCarboneraY5,6,2034,-5.36,36.209722,13.50103264,29.48628947
SierraCarboneraY5,6,2035,-5.36,36.209722,3.684059464,29.25950012
SierraCarboneraY5,6,2036,-5.36,36.209722,16.51678389,32.18182373
SierraCarboneraY5,6,2037,-5.36,36.209722,16.77444086,28.46223246
SierraCarboneraY5,6,2038,-5.36,36.209722,3.482655993,27.89947713
SierraCarboneraY5,6,2039,-5.36,36.209722,0.61855203,30.91917725
SierraCarboneraY5,6,2040,-5.36,36.209722,7.00961674,29.53592733
SierraCarboneraY5,6,2041,-5.36,36.209722,7.864874756,31.34263509
SierraCarboneraY5,6,2042,-5.36,36.209722,22.45648817,31.52772827
SierraCarboneraY5,6,2043,-5.36,36.209722,2.861916394,31.11070557
SierraCarboneraY5,6,2044,-5.36,36.209722,33.27680756,27.12365112
SierraCarboneraY5,6,2045,-5.36,36.209722,1.94380266,31.70869649
SierraCarboneraY5,6,2046,-5.36,36.209722,24.55381319,30.28508708
SierraCarboneraY5,6,2047,-5.36,36.209722,23.95610931,29.64769389
SierraCarboneraY5,6,2048,-5.36,36.209722,1.970198009,29.05288798
SierraCarboneraY5,6,2049,-5.36,36.209722,0.993699212,29.52504578
SierraCarboneraY5,6,2050,-5.36,36.209722,1.833798384,29.79972738
SierraCarboneraY5,6,2051,-5.36,36.209722,2.943631702,31.03122355
SierraCarboneraY5,6,2052,-5.36,36.209722,4.251373112,26.76231384
SierraCarboneraY5,6,2053,-5.36,36.209722,1.719061862,30.15794983
SierraCarboneraY5,6,2054,-5.36,36.209722,8.95506026,30.31961568
SierraCarboneraY5,6,2055,-5.36,36.209722,6.86238134,27.00394999
SierraCarboneraY5,6,2056,-5.36,36.209722,23.48936692,31.08192037
SierraCarboneraY5,6,2057,-5.36,36.209722,4.359116234,28.80618998
SierraCarboneraY5,6,2058,-5.36,36.209722,6.43886557,33.68961995
SierraCarboneraY5,6,2059,-5.36,36.209722,25.38927611,26.74302979
SierraCarboneraY5,6,2060,-5.36,36.209722,3.656187239,32.35302531
SierraCarboneraY5,6,2061,-5.36,36.209722,4.525456467,29.7113444
SierraCarboneraY5,6,2062,-5.36,36.209722,10.07820036,32.44019267
SierraCarboneraY5,6,2063,-5.36,36.209722,1.411355008,29.08011678
SierraCarboneraY5,6,2064,-5.36,36.209722,9.22929482,29.7434316
SierraCarboneraY5,6,2065,-5.36,36.209722,9.971115258,29.83448588
SierraCarboneraY5,6,2066,-5.36,36.209722,5.077866736,30.26327209
SierraCarboneraY5,6,2067,-5.36,36.209722,7.562930627,33.71459249
SierraCarboneraY5,6,2068,-5.36,36.209722,2.632966264,29.67860514
SierraCarboneraY5,6,2069,-5.36,36.209722,12.02139964,31.93827413
SierraCarboneraY5,6,2070,-5.36,36.209722,2.026379678,29.11600037
SierraCarboneraY5,6,2071,-5.36,36.209722,1.049116402,29.15966288
SierraCarboneraY5,6,2072,-5.36,36.209722,0.13888885,31.5096995
SierraCarboneraY5,6,2073,-5.36,36.209722,25.06272693,28.11733398
SierraCarboneraY5,6,2074,-5.36,36.209722,0.738042565,28.08948059
SierraCarboneraY5,6,2075,-5.36,36.209722,1.779487306,32.06148987
SierraCarboneraY5,6,2076,-5.36,36.209722,0.956342786,34.56259664
SierraCarboneraY5,6,2077,-5.36,36.209722,44.76109946,30.03966878
SierraCarboneraY5,6,2078,-5.36,36.209722,14.64570569,29.61026713
SierraCarboneraY5,6,2079,-5.36,36.209722,1.532276241,35.04017436
SierraCarboneraY5,6,2080,-5.36,36.209722,4.435497642,32.26651408
SierraCarboneraY5,6,2081,-5.36,36.209722,3.112090905,33.63148905
SierraCarboneraY5,6,2082,-5.36,36.209722,16.7764739,35.3125824
SierraCarboneraY5,6,2083,-5.36,36.209722,2.053591341,33.89059041
SierraCarboneraY5,6,2084,-5.36,36.209722,4.020261553,30.8069692
SierraCarboneraY5,6,2085,-5.36,36.209722,2.987506135,31.86766866
SierraCarboneraY5,6,2086,-5.36,36.209722,0.816531273,30.57083842
SierraCarboneraY5,6,2087,-5.36,36.209722,0.310096052,30.759139
SierraCarboneraY5,6,2088,-5.36,36.209722,0.676022547,30.1403656
SierraCarboneraY5,6,2089,-5.36,36.209722,0.411142198,32.25660909
SierraCarboneraY5,6,2090,-5.36,36.209722,7.060658783,32.91844482
SierraCarboneraY5,6,2091,-5.36,36.209722,3.002614655,32.22676799
SierraCarboneraY5,6,2092,-5.36,36.209722,8.377170424,31.33804728
SierraCarboneraY5,6,2093,-5.36,36.209722,28.55966447,31.442571
SierraCarboneraY5,6,2094,-5.36,36.209722,0.321762583,35.11186829
SierraCarboneraY5,6,2095,-5.36,36.209722,1.897151471,34.46496582
SierraCarboneraY5,6,2096,-5.36,36.209722,28.12709271,31.0926239
SierraCarboneraY5,6,2097,-5.36,36.209722,1.17506507,31.05032857
SierraCarboneraY5,6,2098,-5.36,36.209722,0.80817937,32.14435221
SierraCarboneraY5,6,2099,-5.36,36.209722,10.58061437,33.57809143
SierraCarboneraY5,6,2100,-5.36,36.209722,19.07839967,35.05990601
SierraCarboneraY5,7,2015,-5.36,36.209722,6.614376294,32.58215017
SierraCarboneraY5,7,2016,-5.36,36.209722,7.918615464,32.81746137
SierraCarboneraY5,7,2017,-5.36,36.209722,11.14929312,31.88871302
SierraCarboneraY5,7,2018,-5.36,36.209722,39.9903541,28.47158695
SierraCarboneraY5,7,2019,-5.36,36.209722,5.198329116,31.05904246
SierraCarboneraY5,7,2020,-5.36,36.209722,1.558689973,31.5941357
SierraCarboneraY5,7,2021,-5.36,36.209722,3.752513714,33.51770098
SierraCarboneraY5,7,2022,-5.36,36.209722,0.018460462,32.57700451
SierraCarboneraY5,7,2023,-5.36,36.209722,0.182822401,28.21475298
SierraCarboneraY5,7,2024,-5.36,36.209722,3.021994176,30.22302817
SierraCarboneraY5,7,2025,-5.36,36.209722,7.070899172,32.02799624
SierraCarboneraY5,7,2026,-5.36,36.209722,2.691632561,30.11186445
SierraCarboneraY5,7,2027,-5.36,36.209722,0.136364113,32.96609379
SierraCarboneraY5,7,2028,-5.36,36.209722,12.23129889,31.58398122
SierraCarboneraY5,7,2029,-5.36,36.209722,2.904963339,34.93783156
SierraCarboneraY5,7,2030,-5.36,36.209722,2.140051314,30.84563303
SierraCarboneraY5,7,2031,-5.36,36.209722,4.256755,34.5782833
SierraCarboneraY5,7,2032,-5.36,36.209722,5.919486947,32.7484946
SierraCarboneraY5,7,2033,-5.36,36.209722,1.342476263,32.50285664
SierraCarboneraY5,7,2034,-5.36,36.209722,0.751332261,36.65273438
SierraCarboneraY5,7,2035,-5.36,36.209722,5.874728993,32.76221865
SierraCarboneraY5,7,2036,-5.36,36.209722,0.023982674,35.93222322
SierraCarboneraY5,7,2037,-5.36,36.209722,0.937402377,33.53207181
SierraCarboneraY5,7,2038,-5.36,36.209722,0.532565176,33.96321923
SierraCarboneraY5,7,2039,-5.36,36.209722,14.49431165,33.38451932
SierraCarboneraY5,7,2040,-5.36,36.209722,0.015448835,34.62405277
SierraCarboneraY5,7,2041,-5.36,36.209722,16.7735271,33.87276119
SierraCarboneraY5,7,2042,-5.36,36.209722,4.018370159,32.11935405
SierraCarboneraY5,7,2043,-5.36,36.209722,0.548323308,33.96219345
SierraCarboneraY5,7,2044,-5.36,36.209722,8.69200097,32.52252178
SierraCarboneraY5,7,2045,-5.36,36.209722,11.72908024,36.63125295
SierraCarboneraY5,7,2046,-5.36,36.209722,5.677719827,34.66272937
SierraCarboneraY5,7,2047,-5.36,36.209722,19.56021717,31.23765397
SierraCarboneraY5,7,2048,-5.36,36.209722,4.413840916,30.65094959
SierraCarboneraY5,7,2049,-5.36,36.209722,24.83414637,30.80981426
SierraCarboneraY5,7,2050,-5.36,36.209722,8.322895885,29.87536109
SierraCarboneraY5,7,2051,-5.36,36.209722,4.190661808,36.53641416
SierraCarboneraY5,7,2052,-5.36,36.209722,0.140424609,32.25182101
SierraCarboneraY5,7,2053,-5.36,36.209722,0.375819776,34.28693592
SierraCarboneraY5,7,2054,-5.36,36.209722,3.750724479,37.68884356
SierraCarboneraY5,7,2055,-5.36,36.209722,2.662270077,31.38992191
SierraCarboneraY5,7,2056,-5.36,36.209722,0.010440688,34.51703157
SierraCarboneraY5,7,2057,-5.36,36.209722,1.803107934,31.85178085
SierraCarboneraY5,7,2058,-5.36,36.209722,14.65776195,37.09367105
SierraCarboneraY5,7,2059,-5.36,36.209722,2.171850543,31.47696002
SierraCarboneraY5,7,2060,-5.36,36.209722,3.489218007,36.02538058
SierraCarboneraY5,7,2061,-5.36,36.209722,5.920144703,37.05704306
SierraCarboneraY5,7,2062,-5.36,36.209722,0.683232376,35.86868759
SierraCarboneraY5,7,2063,-5.36,36.209722,1.983878843,32.3591474
SierraCarboneraY5,7,2064,-5.36,36.209722,0.075588221,33.91991282
SierraCarboneraY5,7,2065,-5.36,36.209722,0.602908351,32.83981993
SierraCarboneraY5,7,2066,-5.36,36.209722,0.882856371,33.81109009
SierraCarboneraY5,7,2067,-5.36,36.209722,2.962432906,35.92523961
SierraCarboneraY5,7,2068,-5.36,36.209722,2.349382888,35.41807881
SierraCarboneraY5,7,2069,-5.36,36.209722,5.975731027,36.19620322
SierraCarboneraY5,7,2070,-5.36,36.209722,2.385851386,31.07968612
SierraCarboneraY5,7,2071,-5.36,36.209722,4.863604403,33.72343474
SierraCarboneraY5,7,2072,-5.36,36.209722,0.411089692,37.37409806
SierraCarboneraY5,7,2073,-5.36,36.209722,7.059901102,35.92171729
SierraCarboneraY5,7,2074,-5.36,36.209722,0.105910736,34.39234855
SierraCarboneraY5,7,2075,-5.36,36.209722,0.111988494,36.10210178
SierraCarboneraY5,7,2076,-5.36,36.209722,1.128008526,38.19448045
SierraCarboneraY5,7,2077,-5.36,36.209722,0.262781512,35.90645063
SierraCarboneraY5,7,2078,-5.36,36.209722,0.884588108,35.56866632
SierraCarboneraY5,7,2079,-5.36,36.209722,0.698315177,37.85181137
SierraCarboneraY5,7,2080,-5.36,36.209722,4.763193397,36.4249049
SierraCarboneraY5,7,2081,-5.36,36.209722,3.046737887,39.93165126
SierraCarboneraY5,7,2082,-5.36,36.209722,2.801830998,36.28684338
SierraCarboneraY5,7,2083,-5.36,36.209722,0.283510166,37.81145433
SierraCarboneraY5,7,2084,-5.36,36.209722,12.3683819,37.55291531
SierraCarboneraY5,7,2085,-5.36,36.209722,6.653833015,37.61948695
SierraCarboneraY5,7,2086,-5.36,36.209722,1.637011998,38.02537665
SierraCarboneraY5,7,2087,-5.36,36.209722,12.26263362,35.71668248
SierraCarboneraY5,7,2088,-5.36,36.209722,1.871686346,35.72889739
SierraCarboneraY5,7,2089,-5.36,36.209722,5.035443549,35.90165937
SierraCarboneraY5,7,2090,-5.36,36.209722,2.828571385,36.32000221
SierraCarboneraY5,7,2091,-5.36,36.209722,4.30349689,36.2103742
SierraCarboneraY5,7,2092,-5.36,36.209722,4.322878494,37.48473511
SierraCarboneraY5,7,2093,-5.36,36.209722,0.615391958,38.47552667
SierraCarboneraY5,7,2094,-5.36,36.209722,0.885442085,36.30777745
SierraCarboneraY5,7,2095,-5.36,36.209722,0.354128004,39.79071616
SierraCarboneraY5,7,2096,-5.36,36.209722,6.368586479,36.16579688
SierraCarboneraY5,7,2097,-5.36,36.209722,0.249272864,36.2565788
SierraCarboneraY5,7,2098,-5.36,36.209722,0.093508269,38.28468549
SierraCarboneraY5,7,2099,-5.36,36.209722,3.283971616,37.92681767
SierraCarboneraY5,7,2100,-5.36,36.209722,20.97232642,34.14682873
SierraCarboneraY5,8,2015,-5.36,36.209722,1.812579913,33.68391153
SierraCarboneraY5,8,2016,-5.36,36.209722,3.836425513,33.01509321
SierraCarboneraY5,8,2017,-5.36,36.209722,5.479248107,32.91282191
SierraCarboneraY5,8,2018,-5.36,36.209722,2.341330866,28.38091431
SierraCarboneraY5,8,2019,-5.36,36.209722,4.188169134,33.78366168
SierraCarboneraY5,8,2020,-5.36,36.209722,0.143933367,33.29241431
SierraCarboneraY5,8,2021,-5.36,36.209722,3.050247327,34.54430542
SierraCarboneraY5,8,2022,-5.36,36.209722,0.065820155,33.15273339
SierraCarboneraY5,8,2023,-5.36,36.209722,3.235040197,33.29899627
SierraCarboneraY5,8,2024,-5.36,36.209722,1.297361922,34.22175628
SierraCarboneraY5,8,2025,-5.36,36.209722,0.155066824,34.64162401
SierraCarboneraY5,8,2026,-5.36,36.209722,0.29888228,33.73250142
SierraCarboneraY5,8,2027,-5.36,36.209722,0.355396956,34.16851689
SierraCarboneraY5,8,2028,-5.36,36.209722,0.719611516,34.04135014
SierraCarboneraY5,8,2029,-5.36,36.209722,3.359225426,35.56483883
SierraCarboneraY5,8,2030,-5.36,36.209722,0.786594811,33.34141964
SierraCarboneraY5,8,2031,-5.36,36.209722,6.362042601,36.0819966
SierraCarboneraY5,8,2032,-5.36,36.209722,4.966518812,34.69112549
SierraCarboneraY5,8,2033,-5.36,36.209722,8.75394219521371e-05,35.15045245
SierraCarboneraY5,8,2034,-5.36,36.209722,0.77248632,35.16923356
SierraCarboneraY5,8,2035,-5.36,36.209722,2.656668573,33.83475302
SierraCarboneraY5,8,2036,-5.36,36.209722,0.000200825,33.72615179
SierraCarboneraY5,8,2037,-5.36,36.209722,2.430408255,35.36210367
SierraCarboneraY5,8,2038,-5.36,36.209722,5.7880241191278e-07,34.63381938
SierraCarboneraY5,8,2039,-5.36,36.209722,0.005243746,33.42732957
SierraCarboneraY5,8,2040,-5.36,36.209722,1.616749552,34.72909625
SierraCarboneraY5,8,2041,-5.36,36.209722,7.853370613,33.6143915
SierraCarboneraY5,8,2042,-5.36,36.209722,0.336482505,36.49224243
SierraCarboneraY5,8,2043,-5.36,36.209722,0.796275343,34.59725932
SierraCarboneraY5,8,2044,-5.36,36.209722,0.735153707,34.85718541
SierraCarboneraY5,8,2045,-5.36,36.209722,6.057568199,33.91633931
SierraCarboneraY5,8,2046,-5.36,36.209722,3.08244,35.09443793
SierraCarboneraY5,8,2047,-5.36,36.209722,3.661758672,34.7065979
SierraCarboneraY5,8,2048,-5.36,36.209722,0.53336823,35.15486076
SierraCarboneraY5,8,2049,-5.36,36.209722,11.56898796,31.41866455
SierraCarboneraY5,8,2050,-5.36,36.209722,0.120445045,33.89918351
SierraCarboneraY5,8,2051,-5.36,36.209722,2.085026505,32.1848054
SierraCarboneraY5,8,2052,-5.36,36.209722,0.44400246,35.06899906
SierraCarboneraY5,8,2053,-5.36,36.209722,0.038233,34.17724491
SierraCarboneraY5,8,2054,-5.36,36.209722,0.107312707,34.07328924
SierraCarboneraY5,8,2055,-5.36,36.209722,0.000224032,34.77614451
SierraCarboneraY5,8,2056,-5.36,36.209722,0.10698781,33.0923076
SierraCarboneraY5,8,2057,-5.36,36.209722,0.18721995,34.28188083
SierraCarboneraY5,8,2058,-5.36,36.209722,2.800293381,35.68282274
SierraCarboneraY5,8,2059,-5.36,36.209722,0.021406434,33.11261459
SierraCarboneraY5,8,2060,-5.36,36.209722,0.77092631,34.57999622
SierraCarboneraY5,8,2061,-5.36,36.209722,0.160041125,35.89577046
SierraCarboneraY5,8,2062,-5.36,36.209722,11.51595554,34.73864628
SierraCarboneraY5,8,2063,-5.36,36.209722,0.609522258,31.48903218
SierraCarboneraY5,8,2064,-5.36,36.209722,3.216742613,35.87345522
SierraCarboneraY5,8,2065,-5.36,36.209722,0.316506651,35.26040433
SierraCarboneraY5,8,2066,-5.36,36.209722,0.91396323,37.40763786
SierraCarboneraY5,8,2067,-5.36,36.209722,7.964400369,35.08279793
SierraCarboneraY5,8,2068,-5.36,36.209722,8.52647962,36.91404458
SierraCarboneraY5,8,2069,-5.36,36.209722,0.010618881,34.74232414
SierraCarboneraY5,8,2070,-5.36,36.209722,4.759722345,34.14140349
SierraCarboneraY5,8,2071,-5.36,36.209722,7.843124226,36.08481012
SierraCarboneraY5,8,2072,-5.36,36.209722,1.658885954,34.23678569
SierraCarboneraY5,8,2073,-5.36,36.209722,0.000273263,37.28966675
SierraCarboneraY5,8,2074,-5.36,36.209722,0.378888641,38.20734017
SierraCarboneraY5,8,2075,-5.36,36.209722,1.579699371,37.32466549
SierraCarboneraY5,8,2076,-5.36,36.209722,0.815372792,35.88284873
SierraCarboneraY5,8,2077,-5.36,36.209722,1.698270341,34.64200203
SierraCarboneraY5,8,2078,-5.36,36.209722,1.224415873,35.47622759
SierraCarboneraY5,8,2079,-5.36,36.209722,0.648364261,37.72300454
SierraCarboneraY5,8,2080,-5.36,36.209722,0.176779968,35.68188358
SierraCarboneraY5,8,2081,-5.36,36.209722,0.369621164,33.12177183
SierraCarboneraY5,8,2082,-5.36,36.209722,3.371062171,37.63489833
SierraCarboneraY5,8,2083,-5.36,36.209722,1.198548068,34.43329527
SierraCarboneraY5,8,2084,-5.36,36.209722,0.947891277,35.1089702
SierraCarboneraY5,8,2085,-5.36,36.209722,0.861207014,36.53933795
SierraCarboneraY5,8,2086,-5.36,36.209722,0.040452753,35.55720057
SierraCarboneraY5,8,2087,-5.36,36.209722,3.188592758,35.43356205
SierraCarboneraY5,8,2088,-5.36,36.209722,0.181904456,34.54935559
SierraCarboneraY5,8,2089,-5.36,36.209722,7.161648492,35.71623949
SierraCarboneraY5,8,2090,-5.36,36.209722,6.54885438911182e-05,36.46599141
SierraCarboneraY5,8,2091,-5.36,36.209722,2.041437856,38.92225677
SierraCarboneraY5,8,2092,-5.36,36.209722,0.488792204,38.5452495
SierraCarboneraY5,8,2093,-5.36,36.209722,0.008700224,37.31197707
SierraCarboneraY5,8,2094,-5.36,36.209722,1.405136205,39.74673048
SierraCarboneraY5,8,2095,-5.36,36.209722,1.479205664,37.63531967
SierraCarboneraY5,8,2096,-5.36,36.209722,0.477066654,35.38764392
SierraCarboneraY5,8,2097,-5.36,36.209722,0.862698086,37.66111686
SierraCarboneraY5,8,2098,-5.36,36.209722,0.013817874,35.33694734
SierraCarboneraY5,8,2099,-5.36,36.209722,0.397587269,39.86949876
SierraCarboneraY5,8,2100,-5.36,36.209722,0.274781534,35.53255812
SierraCarboneraY5,9,2015,-5.36,36.209722,10.0610345,28.55563151
SierraCarboneraY5,9,2016,-5.36,36.209722,1.583939006,29.69663493
SierraCarboneraY5,9,2017,-5.36,36.209722,1.12663935,30.25051982
SierraCarboneraY5,9,2018,-5.36,36.209722,46.99559689,28.17325745
SierraCarboneraY5,9,2019,-5.36,36.209722,15.44030709,27.7295695
SierraCarboneraY5,9,2020,-5.36,36.209722,5.176320712,28.06356913
SierraCarboneraY5,9,2021,-5.36,36.209722,0.028165093,31.59545186
SierraCarboneraY5,9,2022,-5.36,36.209722,8.103545075,29.03036804
SierraCarboneraY5,9,2023,-5.36,36.209722,3.254719785,27.63254598
SierraCarboneraY5,9,2024,-5.36,36.209722,20.43909524,27.86826274
SierraCarboneraY5,9,2025,-5.36,36.209722,7.904002296,30.82803955
SierraCarboneraY5,9,2026,-5.36,36.209722,14.91149868,29.65047201
SierraCarboneraY5,9,2027,-5.36,36.209722,3.835008886,30.30138753
SierraCarboneraY5,9,2028,-5.36,36.209722,29.38268704,29.77480062
SierraCarboneraY5,9,2029,-5.36,36.209722,2.584425842,29.83621826
SierraCarboneraY5,9,2030,-5.36,36.209722,40.33529921,28.53342489
SierraCarboneraY5,9,2031,-5.36,36.209722,45.8376753,29.82638957
SierraCarboneraY5,9,2032,-5.36,36.209722,20.97934256,30.6774353
SierraCarboneraY5,9,2033,-5.36,36.209722,5.054163104,29.64972432
SierraCarboneraY5,9,2034,-5.36,36.209722,54.42464509,28.62459005
SierraCarboneraY5,9,2035,-5.36,36.209722,9.339237791,31.25997111
SierraCarboneraY5,9,2036,-5.36,36.209722,1.659962922,31.64155884
SierraCarboneraY5,9,2037,-5.36,36.209722,5.312906016,31.54193726
SierraCarboneraY5,9,2038,-5.36,36.209722,1.416570025,31.2628774
SierraCarboneraY5,9,2039,-5.36,36.209722,1.771028164,31.66185811
SierraCarboneraY5,9,2040,-5.36,36.209722,2.130221392,30.45791016
SierraCarboneraY5,9,2041,-5.36,36.209722,23.51457822,28.53762614
SierraCarboneraY5,9,2042,-5.36,36.209722,7.043902661,29.7775706
SierraCarboneraY5,9,2043,-5.36,36.209722,8.677808271,29.48277995
SierraCarboneraY5,9,2044,-5.36,36.209722,57.45632612,28.86291606
SierraCarboneraY5,9,2045,-5.36,36.209722,0.899320643,31.65069275
SierraCarboneraY5,9,2046,-5.36,36.209722,40.04431477,28.21285197
SierraCarboneraY5,9,2047,-5.36,36.209722,1.278571734,30.91669413
SierraCarboneraY5,9,2048,-5.36,36.209722,5.041441114,30.92924601
SierraCarboneraY5,9,2049,-5.36,36.209722,32.74884853,28.32526347
SierraCarboneraY5,9,2050,-5.36,36.209722,4.43189689,33.87539978
SierraCarboneraY5,9,2051,-5.36,36.209722,3.040729938,30.2391215
SierraCarboneraY5,9,2052,-5.36,36.209722,10.44938009,31.08060201
SierraCarboneraY5,9,2053,-5.36,36.209722,0.91029843,32.19137065
SierraCarboneraY5,9,2054,-5.36,36.209722,24.03279632,28.76825765
SierraCarboneraY5,9,2055,-5.36,36.209722,4.599529882,31.9601827
SierraCarboneraY5,9,2056,-5.36,36.209722,6.37098657,31.77308044
SierraCarboneraY5,9,2057,-5.36,36.209722,4.709285911,30.57212016
SierraCarboneraY5,9,2058,-5.36,36.209722,15.05280191,31.40626119
SierraCarboneraY5,9,2059,-5.36,36.209722,2.213997984,29.19277344
SierraCarboneraY5,9,2060,-5.36,36.209722,0.000281201,29.71391907
SierraCarboneraY5,9,2061,-5.36,36.209722,16.71133126,32.2214386
SierraCarboneraY5,9,2062,-5.36,36.209722,7.259377297,31.51443583
SierraCarboneraY5,9,2063,-5.36,36.209722,2.356064337,30.97342224
SierraCarboneraY5,9,2064,-5.36,36.209722,22.796601,31.90858053
SierraCarboneraY5,9,2065,-5.36,36.209722,8.545749622,30.7799408
SierraCarboneraY5,9,2066,-5.36,36.209722,6.206967273,30.45432943
SierraCarboneraY5,9,2067,-5.36,36.209722,0.295801765,31.28473918
SierraCarboneraY5,9,2068,-5.36,36.209722,5.862376263,32.55746663
SierraCarboneraY5,9,2069,-5.36,36.209722,4.033959499,31.83783061
SierraCarboneraY5,9,2070,-5.36,36.209722,2.981367424,31.65957947
SierraCarboneraY5,9,2071,-5.36,36.209722,6.568766053,30.61669515
SierraCarboneraY5,9,2072,-5.36,36.209722,22.29211216,29.98851217
SierraCarboneraY5,9,2073,-5.36,36.209722,17.30209967,32.18113302
SierraCarboneraY5,9,2074,-5.36,36.209722,29.31142183,32.10409342
SierraCarboneraY5,9,2075,-5.36,36.209722,4.326945961,32.93305969
SierraCarboneraY5,9,2076,-5.36,36.209722,17.43430007,29.1223114
SierraCarboneraY5,9,2077,-5.36,36.209722,1.250018519,33.02405802
SierraCarboneraY5,9,2078,-5.36,36.209722,2.912348486,32.94689738
SierraCarboneraY5,9,2079,-5.36,36.209722,3.013435416,34.40709025
SierraCarboneraY5,9,2080,-5.36,36.209722,0.349422194,32.22659505
SierraCarboneraY5,9,2081,-5.36,36.209722,10.44266146,33.7454071
SierraCarboneraY5,9,2082,-5.36,36.209722,2.188149752,33.23472493
SierraCarboneraY5,9,2083,-5.36,36.209722,0.582367109,32.89139811
SierraCarboneraY5,9,2084,-5.36,36.209722,6.198372161,34.95570984
SierraCarboneraY5,9,2085,-5.36,36.209722,4.397201831,33.63905131
SierraCarboneraY5,9,2086,-5.36,36.209722,9.830974482,31.44564718
SierraCarboneraY5,9,2087,-5.36,36.209722,2.375005861,32.17148641
SierraCarboneraY5,9,2088,-5.36,36.209722,4.216863032,31.20906576
SierraCarboneraY5,9,2089,-5.36,36.209722,29.32064327,30.79909058
SierraCarboneraY5,9,2090,-5.36,36.209722,16.25387439,31.35024109
SierraCarboneraY5,9,2091,-5.36,36.209722,0.679011165,32.70965678
SierraCarboneraY5,9,2092,-5.36,36.209722,9.373098957,34.33897909
SierraCarboneraY5,9,2093,-5.36,36.209722,9.093137395,33.46183268
SierraCarboneraY5,9,2094,-5.36,36.209722,0.773676636,31.99041138
SierraCarboneraY5,9,2095,-5.36,36.209722,9.575280971,32.21494548
SierraCarboneraY5,9,2096,-5.36,36.209722,4.996537537,32.89479268
SierraCarboneraY5,9,2097,-5.36,36.209722,3.423957874,33.36339518
SierraCarboneraY5,9,2098,-5.36,36.209722,5.425318349,34.85333455
SierraCarboneraY5,9,2099,-5.36,36.209722,0.337147171,35.29749756
SierraCarboneraY5,9,2100,-5.36,36.209722,1.588211784,35.38831482
SierraPlata,1,2015,-5.788333,36.107778,148.6920956,15.35110552
SierraPlata,1,2016,-5.788333,36.107778,46.35068784,14.30779911
SierraPlata,1,2017,-5.788333,36.107778,4.635573072,16.80523564
SierraPlata,1,2018,-5.788333,36.107778,259.3754261,15.07201833
SierraPlata,1,2019,-5.788333,36.107778,41.57295115,16.34288645
SierraPlata,1,2020,-5.788333,36.107778,0.521467545,16.33766991
SierraPlata,1,2021,-5.788333,36.107778,11.13536214,16.33353035
SierraPlata,1,2022,-5.788333,36.107778,40.63426257,18.14332216
SierraPlata,1,2023,-5.788333,36.107778,267.1923557,15.21472148
SierraPlata,1,2024,-5.788333,36.107778,94.40513422,16.07122783
SierraPlata,1,2025,-5.788333,36.107778,1.328113762,16.26477031
SierraPlata,1,2026,-5.788333,36.107778,20.72990226,17.04964796
SierraPlata,1,2027,-5.788333,36.107778,9.472605261,17.49324164
SierraPlata,1,2028,-5.788333,36.107778,122.8114425,16.70897926
SierraPlata,1,2029,-5.788333,36.107778,10.60890634,15.8353742
SierraPlata,1,2030,-5.788333,36.107778,175.2361346,16.10477354
SierraPlata,1,2031,-5.788333,36.107778,57.93201377,15.70587335
SierraPlata,1,2032,-5.788333,36.107778,329.8304274,17.13123917
SierraPlata,1,2033,-5.788333,36.107778,25.75290802,17.01186031
SierraPlata,1,2034,-5.788333,36.107778,25.66329997,15.56049549
SierraPlata,1,2035,-5.788333,36.107778,30.58666854,17.23324762
SierraPlata,1,2036,-5.788333,36.107778,57.61092261,16.50154832
SierraPlata,1,2037,-5.788333,36.107778,12.84915344,17.69273997
SierraPlata,1,2038,-5.788333,36.107778,1.410465829,16.88306629
SierraPlata,1,2039,-5.788333,36.107778,9.159301129,16.04130879
SierraPlata,1,2040,-5.788333,36.107778,27.14518124,17.22523134
SierraPlata,1,2041,-5.788333,36.107778,84.97548874,17.53889003
SierraPlata,1,2042,-5.788333,36.107778,7.291126221,16.08390739
SierraPlata,1,2043,-5.788333,36.107778,98.21252904,16.18837595
SierraPlata,1,2044,-5.788333,36.107778,1.663969992,16.09407762
SierraPlata,1,2045,-5.788333,36.107778,168.1033491,17.90340872
SierraPlata,1,2046,-5.788333,36.107778,67.6809257,14.41448856
SierraPlata,1,2047,-5.788333,36.107778,124.784941,17.23768744
SierraPlata,1,2048,-5.788333,36.107778,47.83288685,15.70486726
SierraPlata,1,2049,-5.788333,36.107778,40.85926167,16.66633143
SierraPlata,1,2050,-5.788333,36.107778,55.46922596,17.40782786
SierraPlata,1,2051,-5.788333,36.107778,20.9551938,14.76134742
SierraPlata,1,2052,-5.788333,36.107778,91.5245869,18.60529923
SierraPlata,1,2053,-5.788333,36.107778,27.58451333,18.34124342
SierraPlata,1,2054,-5.788333,36.107778,86.17398614,17.86575199
SierraPlata,1,2055,-5.788333,36.107778,67.22753179,18.80501807
SierraPlata,1,2056,-5.788333,36.107778,33.15935757,13.41811031
SierraPlata,1,2057,-5.788333,36.107778,121.7669887,18.10323191
SierraPlata,1,2058,-5.788333,36.107778,0.633242751,16.18867916
SierraPlata,1,2059,-5.788333,36.107778,140.9900707,18.07274682
SierraPlata,1,2060,-5.788333,36.107778,30.22115126,16.76927116
SierraPlata,1,2061,-5.788333,36.107778,104.0235026,15.35499504
SierraPlata,1,2062,-5.788333,36.107778,49.29441073,19.59890137
SierraPlata,1,2063,-5.788333,36.107778,294.5822595,16.3036881
SierraPlata,1,2064,-5.788333,36.107778,110.5681697,15.91744975
SierraPlata,1,2065,-5.788333,36.107778,13.78000619,17.87626579
SierraPlata,1,2066,-5.788333,36.107778,61.51332993,15.95706551
SierraPlata,1,2067,-5.788333,36.107778,9.190037741,17.44954736
SierraPlata,1,2068,-5.788333,36.107778,2.544079353,15.84811775
SierraPlata,1,2069,-5.788333,36.107778,10.2366364,18.41761317
SierraPlata,1,2070,-5.788333,36.107778,128.7548412,16.64807011
SierraPlata,1,2071,-5.788333,36.107778,117.3572648,16.90834862
SierraPlata,1,2072,-5.788333,36.107778,51.39782376,15.2355453
SierraPlata,1,2073,-5.788333,36.107778,16.11960355,17.90604209
SierraPlata,1,2074,-5.788333,36.107778,43.31103925,17.15133844
SierraPlata,1,2075,-5.788333,36.107778,20.89457553,17.40495034
SierraPlata,1,2076,-5.788333,36.107778,82.88748657,18.63627654
SierraPlata,1,2077,-5.788333,36.107778,15.78860779,18.82005832
SierraPlata,1,2078,-5.788333,36.107778,18.72869833,18.59752315
SierraPlata,1,2079,-5.788333,36.107778,29.08862973,17.77907813
SierraPlata,1,2080,-5.788333,36.107778,23.16234207,17.5028911
SierraPlata,1,2081,-5.788333,36.107778,27.59438024,18.50962662
SierraPlata,1,2082,-5.788333,36.107778,57.75700629,18.21216687
SierraPlata,1,2083,-5.788333,36.107778,44.78704835,16.37860383
SierraPlata,1,2084,-5.788333,36.107778,19.91773834,17.53877682
SierraPlata,1,2085,-5.788333,36.107778,0.219080698,16.71201526
SierraPlata,1,2086,-5.788333,36.107778,18.18877802,16.56542457
SierraPlata,1,2087,-5.788333,36.107778,74.76658841,19.20253808
SierraPlata,1,2088,-5.788333,36.107778,88.88397458,18.33718557
SierraPlata,1,2089,-5.788333,36.107778,19.94255471,16.77405061
SierraPlata,1,2090,-5.788333,36.107778,57.88246178,19.2813768
SierraPlata,1,2091,-5.788333,36.107778,9.78425915,18.44550919
SierraPlata,1,2092,-5.788333,36.107778,47.49934657,17.31897051
SierraPlata,1,2093,-5.788333,36.107778,20.16758183,18.04836327
SierraPlata,1,2094,-5.788333,36.107778,34.73327399,17.49516326
SierraPlata,1,2095,-5.788333,36.107778,13.40702137,17.85021264
SierraPlata,1,2096,-5.788333,36.107778,104.3221986,18.47592242
SierraPlata,1,2097,-5.788333,36.107778,30.7161459,19.97951955
SierraPlata,1,2098,-5.788333,36.107778,5.67696254,17.89504395
SierraPlata,1,2099,-5.788333,36.107778,7.309907423,17.2147205
SierraPlata,1,2100,-5.788333,36.107778,19.65397732,19.69895571
SierraPlata,10,2015,-5.788333,36.107778,62.81849917,25.13567899
SierraPlata,10,2016,-5.788333,36.107778,5.366727252,25.54895197
SierraPlata,10,2017,-5.788333,36.107778,30.0193021,22.20487513
SierraPlata,10,2018,-5.788333,36.107778,10.50297127,24.19340249
SierraPlata,10,2019,-5.788333,36.107778,20.39333489,26.64771866
SierraPlata,10,2020,-5.788333,36.107778,2.640969864,24.79342632
SierraPlata,10,2021,-5.788333,36.107778,24.32511688,25.88998295
SierraPlata,10,2022,-5.788333,36.107778,107.6009261,22.92516775
SierraPlata,10,2023,-5.788333,36.107778,15.69681664,24.96220526
SierraPlata,10,2024,-5.788333,36.107778,96.174942,21.43722022
SierraPlata,10,2025,-5.788333,36.107778,240.649036,21.91511565
SierraPlata,10,2026,-5.788333,36.107778,116.6449478,22.73140475
SierraPlata,10,2027,-5.788333,36.107778,119.9440189,25.03666323
SierraPlata,10,2028,-5.788333,36.107778,143.7858584,23.45891625
SierraPlata,10,2029,-5.788333,36.107778,49.27624093,21.384982
SierraPlata,10,2030,-5.788333,36.107778,20.19383882,25.39440505
SierraPlata,10,2031,-5.788333,36.107778,32.04201373,21.74435996
SierraPlata,10,2032,-5.788333,36.107778,123.5700059,22.79759049
SierraPlata,10,2033,-5.788333,36.107778,141.0641702,21.80786212
SierraPlata,10,2034,-5.788333,36.107778,35.3516865,22.14236332
SierraPlata,10,2035,-5.788333,36.107778,13.8129661,24.94069529
SierraPlata,10,2036,-5.788333,36.107778,49.62257901,22.51346002
SierraPlata,10,2037,-5.788333,36.107778,44.45884031,25.07400198
SierraPlata,10,2038,-5.788333,36.107778,21.02281066,24.4148469
SierraPlata,10,2039,-5.788333,36.107778,27.63951837,24.64516011
SierraPlata,10,2040,-5.788333,36.107778,12.09404588,28.05222916
SierraPlata,10,2041,-5.788333,36.107778,88.52643639,22.75475169
SierraPlata,10,2042,-5.788333,36.107778,29.1832512,27.1873669
SierraPlata,10,2043,-5.788333,36.107778,27.30518301,22.67753827
SierraPlata,10,2044,-5.788333,36.107778,20.68516603,22.237146
SierraPlata,10,2045,-5.788333,36.107778,6.01563327,26.25663492
SierraPlata,10,2046,-5.788333,36.107778,8.892084864,27.21018027
SierraPlata,10,2047,-5.788333,36.107778,57.17205518,26.06877855
SierraPlata,10,2048,-5.788333,36.107778,24.94196827,23.8489624
SierraPlata,10,2049,-5.788333,36.107778,55.15596448,24.38970534
SierraPlata,10,2050,-5.788333,36.107778,7.379242215,26.90039929
SierraPlata,10,2051,-5.788333,36.107778,98.57328189,21.78054002
SierraPlata,10,2052,-5.788333,36.107778,49.56177017,24.32772414
SierraPlata,10,2053,-5.788333,36.107778,68.66420039,24.33937398
SierraPlata,10,2054,-5.788333,36.107778,18.9775096,24.79487836
SierraPlata,10,2055,-5.788333,36.107778,4.386610668,26.29111584
SierraPlata,10,2056,-5.788333,36.107778,12.83510605,27.86428616
SierraPlata,10,2057,-5.788333,36.107778,27.48427667,24.28940784
SierraPlata,10,2058,-5.788333,36.107778,9.466243396,24.67183247
SierraPlata,10,2059,-5.788333,36.107778,63.44961495,22.22946836
SierraPlata,10,2060,-5.788333,36.107778,85.66599258,24.37036802
SierraPlata,10,2061,-5.788333,36.107778,5.819963112,27.91426313
SierraPlata,10,2062,-5.788333,36.107778,47.20287559,24.21081622
SierraPlata,10,2063,-5.788333,36.107778,8.659707146,28.91320486
SierraPlata,10,2064,-5.788333,36.107778,10.4551753,25.19872437
SierraPlata,10,2065,-5.788333,36.107778,58.20561478,22.70924407
SierraPlata,10,2066,-5.788333,36.107778,94.77734998,26.11436098
SierraPlata,10,2067,-5.788333,36.107778,34.0211491,23.35587611
SierraPlata,10,2068,-5.788333,36.107778,27.42240381,24.90970124
SierraPlata,10,2069,-5.788333,36.107778,37.69709114,25.77344813
SierraPlata,10,2070,-5.788333,36.107778,16.26693024,25.99570765
SierraPlata,10,2071,-5.788333,36.107778,14.95568918,26.19263857
SierraPlata,10,2072,-5.788333,36.107778,52.00021265,23.60688122
SierraPlata,10,2073,-5.788333,36.107778,161.7425263,23.19736781
SierraPlata,10,2074,-5.788333,36.107778,12.45655666,27.07888479
SierraPlata,10,2075,-5.788333,36.107778,0.079060049,29.65765066
SierraPlata,10,2076,-5.788333,36.107778,61.81619911,22.95262077
SierraPlata,10,2077,-5.788333,36.107778,43.18641731,26.40574971
SierraPlata,10,2078,-5.788333,36.107778,49.33416872,27.63124114
SierraPlata,10,2079,-5.788333,36.107778,85.4903764,23.69878343
SierraPlata,10,2080,-5.788333,36.107778,4.359302146,28.73612513
SierraPlata,10,2081,-5.788333,36.107778,23.17477209,26.56140412
SierraPlata,10,2082,-5.788333,36.107778,30.33417116,24.5693003
SierraPlata,10,2083,-5.788333,36.107778,47.12023763,25.7938132
SierraPlata,10,2084,-5.788333,36.107778,45.5978301,24.88079125
SierraPlata,10,2085,-5.788333,36.107778,13.96928196,29.10660066
SierraPlata,10,2086,-5.788333,36.107778,56.38595953,27.8345522
SierraPlata,10,2087,-5.788333,36.107778,1.217656393,26.20896843
SierraPlata,10,2088,-5.788333,36.107778,69.27627162,26.05982804
SierraPlata,10,2089,-5.788333,36.107778,3.288446601,25.29016192
SierraPlata,10,2090,-5.788333,36.107778,43.99632869,25.55700172
SierraPlata,10,2091,-5.788333,36.107778,13.00786926,27.259223
SierraPlata,10,2092,-5.788333,36.107778,31.246613,26.30750083
SierraPlata,10,2093,-5.788333,36.107778,58.5306466,23.80185015
SierraPlata,10,2094,-5.788333,36.107778,83.81432322,24.86973503
SierraPlata,10,2095,-5.788333,36.107778,12.86651906,27.59455803
SierraPlata,10,2096,-5.788333,36.107778,45.09770136,26.28295977
SierraPlata,10,2097,-5.788333,36.107778,16.5091543,27.87313331
SierraPlata,10,2098,-5.788333,36.107778,75.07332367,27.52017586
SierraPlata,10,2099,-5.788333,36.107778,19.29713395,26.36535231
SierraPlata,10,2100,-5.788333,36.107778,4.337991358,29.63563173
SierraPlata,11,2015,-5.788333,36.107778,121.8649943,18.04260661
SierraPlata,11,2016,-5.788333,36.107778,48.64235381,18.21017558
SierraPlata,11,2017,-5.788333,36.107778,159.1092634,18.3072408
SierraPlata,11,2018,-5.788333,36.107778,45.72648051,19.90654704
SierraPlata,11,2019,-5.788333,36.107778,75.38644193,20.12059631
SierraPlata,11,2020,-5.788333,36.107778,10.19599529,20.35411072
SierraPlata,11,2021,-5.788333,36.107778,28.08911467,21.673703
SierraPlata,11,2022,-5.788333,36.107778,88.28161511,19.84893087
SierraPlata,11,2023,-5.788333,36.107778,22.37130222,19.38220723
SierraPlata,11,2024,-5.788333,36.107778,22.16436651,18.30198873
SierraPlata,11,2025,-5.788333,36.107778,116.4788581,19.93458659
SierraPlata,11,2026,-5.788333,36.107778,9.756435494,20.20195516
SierraPlata,11,2027,-5.788333,36.107778,53.04760592,19.83458761
SierraPlata,11,2028,-5.788333,36.107778,25.2128433,19.46764119
SierraPlata,11,2029,-5.788333,36.107778,28.43673751,18.68726603
SierraPlata,11,2030,-5.788333,36.107778,88.58320916,21.05282288
SierraPlata,11,2031,-5.788333,36.107778,154.1752749,17.23536377
SierraPlata,11,2032,-5.788333,36.107778,154.0193634,19.87963765
SierraPlata,11,2033,-5.788333,36.107778,19.60797088,17.41513774
SierraPlata,11,2034,-5.788333,36.107778,125.5778049,19.31026306
SierraPlata,11,2035,-5.788333,36.107778,54.61446073,19.34193319
SierraPlata,11,2036,-5.788333,36.107778,10.34260287,19.5673818
SierraPlata,11,2037,-5.788333,36.107778,65.06525634,17.88632406
SierraPlata,11,2038,-5.788333,36.107778,45.38912106,19.86231791
SierraPlata,11,2039,-5.788333,36.107778,25.34326297,20.86078695
SierraPlata,11,2040,-5.788333,36.107778,86.57729233,21.67728984
SierraPlata,11,2041,-5.788333,36.107778,90.9402597,19.5747345
SierraPlata,11,2042,-5.788333,36.107778,7.369158702,22.94265849
SierraPlata,11,2043,-5.788333,36.107778,173.778217,19.024705
SierraPlata,11,2044,-5.788333,36.107778,79.63074058,19.42953593
SierraPlata,11,2045,-5.788333,36.107778,110.6585184,19.56772868
SierraPlata,11,2046,-5.788333,36.107778,97.17288243,20.1602946
SierraPlata,11,2047,-5.788333,36.107778,45.36349105,19.22687581
SierraPlata,11,2048,-5.788333,36.107778,17.59171627,18.87392273
SierraPlata,11,2049,-5.788333,36.107778,83.77016623,19.82230123
SierraPlata,11,2050,-5.788333,36.107778,47.72211554,17.84975281
SierraPlata,11,2051,-5.788333,36.107778,25.5615151,18.56404114
SierraPlata,11,2052,-5.788333,36.107778,166.392045,18.46702779
SierraPlata,11,2053,-5.788333,36.107778,4.420351525,19.19952291
SierraPlata,11,2054,-5.788333,36.107778,161.3545131,20.18162435
SierraPlata,11,2055,-5.788333,36.107778,65.53007496,20.08328247
SierraPlata,11,2056,-5.788333,36.107778,106.2116127,18.85659485
SierraPlata,11,2057,-5.788333,36.107778,20.49636533,21.41650696
SierraPlata,11,2058,-5.788333,36.107778,36.30863987,20.71772766
SierraPlata,11,2059,-5.788333,36.107778,4.709481757,19.89588521
SierraPlata,11,2060,-5.788333,36.107778,271.1246445,18.8015391
SierraPlata,11,2061,-5.788333,36.107778,29.16412374,22.32477214
SierraPlata,11,2062,-5.788333,36.107778,5.587167051,20.57368368
SierraPlata,11,2063,-5.788333,36.107778,99.15006518,22.43358053
SierraPlata,11,2064,-5.788333,36.107778,51.61281946,20.72673543
SierraPlata,11,2065,-5.788333,36.107778,61.03914726,20.86621602
SierraPlata,11,2066,-5.788333,36.107778,68.86484452,20.56021423
SierraPlata,11,2067,-5.788333,36.107778,30.64212548,18.22213847
SierraPlata,11,2068,-5.788333,36.107778,111.5322308,19.35250549
SierraPlata,11,2069,-5.788333,36.107778,4.549043583,21.59069316
SierraPlata,11,2070,-5.788333,36.107778,31.27107211,20.03009949
SierraPlata,11,2071,-5.788333,36.107778,16.22813694,20.44301249
SierraPlata,11,2072,-5.788333,36.107778,34.07973302,20.44797262
SierraPlata,11,2073,-5.788333,36.107778,55.67687935,20.93077799
SierraPlata,11,2074,-5.788333,36.107778,121.706946,19.1827474
SierraPlata,11,2075,-5.788333,36.107778,73.01094642,22.99829305
SierraPlata,11,2076,-5.788333,36.107778,61.86704567,19.27763875
SierraPlata,11,2077,-5.788333,36.107778,19.70827064,23.44462789
SierraPlata,11,2078,-5.788333,36.107778,27.24963575,21.3751709
SierraPlata,11,2079,-5.788333,36.107778,19.7449981,20.43811849
SierraPlata,11,2080,-5.788333,36.107778,13.12755143,22.08919373
SierraPlata,11,2081,-5.788333,36.107778,43.94333635,21.72874756
SierraPlata,11,2082,-5.788333,36.107778,45.02306268,20.48600362
SierraPlata,11,2083,-5.788333,36.107778,23.60075289,19.95732829
SierraPlata,11,2084,-5.788333,36.107778,41.93826396,22.77033488
SierraPlata,11,2085,-5.788333,36.107778,31.2856306,22.48225708
SierraPlata,11,2086,-5.788333,36.107778,22.96096992,21.90051371
SierraPlata,11,2087,-5.788333,36.107778,22.25604729,23.097229
SierraPlata,11,2088,-5.788333,36.107778,158.5522866,20.49922485
SierraPlata,11,2089,-5.788333,36.107778,5.421882684,20.32904765
SierraPlata,11,2090,-5.788333,36.107778,33.02588174,21.33061625
SierraPlata,11,2091,-5.788333,36.107778,55.54532793,20.5428833
SierraPlata,11,2092,-5.788333,36.107778,0.069473189,25.22731832
SierraPlata,11,2093,-5.788333,36.107778,5.729153971,23.76018473
SierraPlata,11,2094,-5.788333,36.107778,55.61863045,19.73223572
SierraPlata,11,2095,-5.788333,36.107778,18.79731306,23.24938456
SierraPlata,11,2096,-5.788333,36.107778,55.3729471,21.79796651
SierraPlata,11,2097,-5.788333,36.107778,180.3133484,20.70837097
SierraPlata,11,2098,-5.788333,36.107778,18.81977333,21.36025899
SierraPlata,11,2099,-5.788333,36.107778,15.45501495,23.4899058
SierraPlata,11,2100,-5.788333,36.107778,86.4473821,23.43894958
SierraPlata,12,2015,-5.788333,36.107778,87.79503748,14.8463182
SierraPlata,12,2016,-5.788333,36.107778,53.31561477,14.7371834
SierraPlata,12,2017,-5.788333,36.107778,213.4336357,14.78866557
SierraPlata,12,2018,-5.788333,36.107778,1.674760231,18.00818344
SierraPlata,12,2019,-5.788333,36.107778,1.485700107,17.76118105
SierraPlata,12,2020,-5.788333,36.107778,69.51870682,18.09052577
SierraPlata,12,2021,-5.788333,36.107778,23.34802387,18.09259604
SierraPlata,12,2022,-5.788333,36.107778,97.47625641,17.3836225
SierraPlata,12,2023,-5.788333,36.107778,196.6582814,17.48813831
SierraPlata,12,2024,-5.788333,36.107778,50.8189566,15.8422131
SierraPlata,12,2025,-5.788333,36.107778,116.2520458,16.99412566
SierraPlata,12,2026,-5.788333,36.107778,2.145576424,18.33824187
SierraPlata,12,2027,-5.788333,36.107778,3.784235437,19.36106705
SierraPlata,12,2028,-5.788333,36.107778,121.3889961,17.54382009
SierraPlata,12,2029,-5.788333,36.107778,300.79932,16.6101151
SierraPlata,12,2030,-5.788333,36.107778,13.88452945,18.31122397
SierraPlata,12,2031,-5.788333,36.107778,45.37688654,15.85544394
SierraPlata,12,2032,-5.788333,36.107778,106.0952482,15.87384407
SierraPlata,12,2033,-5.788333,36.107778,118.4017106,16.22631619
SierraPlata,12,2034,-5.788333,36.107778,13.37294382,19.5767525
SierraPlata,12,2035,-5.788333,36.107778,18.45920063,14.88677073
SierraPlata,12,2036,-5.788333,36.107778,0.626621712,18.963044
SierraPlata,12,2037,-5.788333,36.107778,15.32494614,18.82535656
SierraPlata,12,2038,-5.788333,36.107778,46.09870098,17.24638692
SierraPlata,12,2039,-5.788333,36.107778,0.978855207,18.33240022
SierraPlata,12,2040,-5.788333,36.107778,45.71536941,17.94653694
SierraPlata,12,2041,-5.788333,36.107778,92.24081063,17.3425547
SierraPlata,12,2042,-5.788333,36.107778,71.66379545,16.02464226
SierraPlata,12,2043,-5.788333,36.107778,89.0049992,18.70435634
SierraPlata,12,2044,-5.788333,36.107778,16.92019723,19.00543587
SierraPlata,12,2045,-5.788333,36.107778,108.2021511,16.73363057
SierraPlata,12,2046,-5.788333,36.107778,62.74812323,18.62602854
SierraPlata,12,2047,-5.788333,36.107778,295.8874484,17.81688055
SierraPlata,12,2048,-5.788333,36.107778,276.6859576,16.73200231
SierraPlata,12,2049,-5.788333,36.107778,212.3530661,17.37461784
SierraPlata,12,2050,-5.788333,36.107778,104.1819411,15.40267432
SierraPlata,12,2051,-5.788333,36.107778,174.2076106,16.58398319
SierraPlata,12,2052,-5.788333,36.107778,94.39160378,17.5280996
SierraPlata,12,2053,-5.788333,36.107778,201.0329954,17.32123374
SierraPlata,12,2054,-5.788333,36.107778,65.63030881,19.54682558
SierraPlata,12,2055,-5.788333,36.107778,21.60271629,17.13462859
SierraPlata,12,2056,-5.788333,36.107778,16.59600031,16.71289535
SierraPlata,12,2057,-5.788333,36.107778,138.2618547,18.76368841
SierraPlata,12,2058,-5.788333,36.107778,47.96716672,18.03197632
SierraPlata,12,2059,-5.788333,36.107778,34.1459277,17.35900859
SierraPlata,12,2060,-5.788333,36.107778,174.9894663,16.9885882
SierraPlata,12,2061,-5.788333,36.107778,0.431821507,17.92227153
SierraPlata,12,2062,-5.788333,36.107778,281.3739969,19.00377119
SierraPlata,12,2063,-5.788333,36.107778,8.443142089,17.176354
SierraPlata,12,2064,-5.788333,36.107778,83.22434628,18.33859151
SierraPlata,12,2065,-5.788333,36.107778,131.1958432,17.74337552
SierraPlata,12,2066,-5.788333,36.107778,8.665701928,17.51703058
SierraPlata,12,2067,-5.788333,36.107778,18.19412498,17.2735259
SierraPlata,12,2068,-5.788333,36.107778,34.5705639,16.80059401
SierraPlata,12,2069,-5.788333,36.107778,66.47515836,17.41721644
SierraPlata,12,2070,-5.788333,36.107778,65.86712862,17.26201585
SierraPlata,12,2071,-5.788333,36.107778,36.07114822,16.266814
SierraPlata,12,2072,-5.788333,36.107778,10.97055233,18.66382505
SierraPlata,12,2073,-5.788333,36.107778,41.36743843,19.66622511
SierraPlata,12,2074,-5.788333,36.107778,40.26160672,17.37448396
SierraPlata,12,2075,-5.788333,36.107778,25.77371562,19.01866967
SierraPlata,12,2076,-5.788333,36.107778,26.44754438,18.41556456
SierraPlata,12,2077,-5.788333,36.107778,70.32362895,18.23418481
SierraPlata,12,2078,-5.788333,36.107778,21.2199103,17.34876059
SierraPlata,12,2079,-5.788333,36.107778,65.43492415,20.69765527
SierraPlata,12,2080,-5.788333,36.107778,23.71560946,18.43281585
SierraPlata,12,2081,-5.788333,36.107778,45.68881097,17.81208929
SierraPlata,12,2082,-5.788333,36.107778,25.47362919,19.68504855
SierraPlata,12,2083,-5.788333,36.107778,28.34214539,18.08569808
SierraPlata,12,2084,-5.788333,36.107778,102.6295698,18.08976086
SierraPlata,12,2085,-5.788333,36.107778,53.83057722,17.68639723
SierraPlata,12,2086,-5.788333,36.107778,189.6363664,19.3106973
SierraPlata,12,2087,-5.788333,36.107778,8.75618553,21.0262459
SierraPlata,12,2088,-5.788333,36.107778,37.96795729,17.24076184
SierraPlata,12,2089,-5.788333,36.107778,61.66451974,20.09216387
SierraPlata,12,2090,-5.788333,36.107778,2.115739483,19.50362844
SierraPlata,12,2091,-5.788333,36.107778,155.7207107,20.3458752
SierraPlata,12,2092,-5.788333,36.107778,7.1726501,21.03832004
SierraPlata,12,2093,-5.788333,36.107778,96.50461035,18.18267507
SierraPlata,12,2094,-5.788333,36.107778,14.08137956,19.72058381
SierraPlata,12,2095,-5.788333,36.107778,48.38216859,19.07060173
SierraPlata,12,2096,-5.788333,36.107778,39.50686959,20.09999902
SierraPlata,12,2097,-5.788333,36.107778,101.1556446,17.65616317
SierraPlata,12,2098,-5.788333,36.107778,12.42078532,19.52741837
SierraPlata,12,2099,-5.788333,36.107778,22.10178469,19.76347085
SierraPlata,12,2100,-5.788333,36.107778,0.318390627,17.7026062
SierraPlata,2,2015,-5.788333,36.107778,42.87027098,16.32749329
SierraPlata,2,2016,-5.788333,36.107778,4.725808252,17.98604105
SierraPlata,2,2017,-5.788333,36.107778,24.94353225,17.19982191
SierraPlata,2,2018,-5.788333,36.107778,40.95482529,18.4074537
SierraPlata,2,2019,-5.788333,36.107778,0.073163958,18.18176858
SierraPlata,2,2020,-5.788333,36.107778,60.97491768,17.15796656
SierraPlata,2,2021,-5.788333,36.107778,37.06655459,13.98706752
SierraPlata,2,2022,-5.788333,36.107778,24.93701326,18.34817113
SierraPlata,2,2023,-5.788333,36.107778,40.96312964,16.57061702
SierraPlata,2,2024,-5.788333,36.107778,88.27439907,17.1465793
SierraPlata,2,2025,-5.788333,36.107778,27.61902859,15.88736223
SierraPlata,2,2026,-5.788333,36.107778,52.50833024,15.36147352
SierraPlata,2,2027,-5.788333,36.107778,27.28164158,17.04681876
SierraPlata,2,2028,-5.788333,36.107778,264.0193175,16.52886142
SierraPlata,2,2029,-5.788333,36.107778,90.48287882,16.23114057
SierraPlata,2,2030,-5.788333,36.107778,24.86790942,16.91787763
SierraPlata,2,2031,-5.788333,36.107778,46.81999313,15.94248788
SierraPlata,2,2032,-5.788333,36.107778,156.4663762,19.71821773
SierraPlata,2,2033,-5.788333,36.107778,83.27419839,16.25510559
SierraPlata,2,2034,-5.788333,36.107778,2.515205261,18.04709124
SierraPlata,2,2035,-5.788333,36.107778,37.87921673,15.79722421
SierraPlata,2,2036,-5.788333,36.107778,15.67397332,17.66837832
SierraPlata,2,2037,-5.788333,36.107778,179.084035,16.68140019
SierraPlata,2,2038,-5.788333,36.107778,0.59316319,20.19216527
SierraPlata,2,2039,-5.788333,36.107778,13.52434984,19.27609297
SierraPlata,2,2040,-5.788333,36.107778,56.22668645,18.48591056
SierraPlata,2,2041,-5.788333,36.107778,49.04596884,16.9575385
SierraPlata,2,2042,-5.788333,36.107778,10.57861413,17.3046923
SierraPlata,2,2043,-5.788333,36.107778,7.272709435,16.96467743
SierraPlata,2,2044,-5.788333,36.107778,56.12857133,16.0719554
SierraPlata,2,2045,-5.788333,36.107778,0.199379454,17.52630114
SierraPlata,2,2046,-5.788333,36.107778,39.41483167,18.93705902
SierraPlata,2,2047,-5.788333,36.107778,98.36188134,18.71438424
SierraPlata,2,2048,-5.788333,36.107778,34.79930873,16.16847618
SierraPlata,2,2049,-5.788333,36.107778,6.654261276,18.6117678
SierraPlata,2,2050,-5.788333,36.107778,52.9768733,19.80603289
SierraPlata,2,2051,-5.788333,36.107778,37.06225271,15.94048135
SierraPlata,2,2052,-5.788333,36.107778,50.62299081,19.51571992
SierraPlata,2,2053,-5.788333,36.107778,33.33280958,18.97352644
SierraPlata,2,2054,-5.788333,36.107778,22.41842351,18.00753937
SierraPlata,2,2055,-5.788333,36.107778,173.6229102,16.02065212
SierraPlata,2,2056,-5.788333,36.107778,41.84685954,18.13659899
SierraPlata,2,2057,-5.788333,36.107778,258.8497147,17.62719879
SierraPlata,2,2058,-5.788333,36.107778,7.024919633,19.4596889
SierraPlata,2,2059,-5.788333,36.107778,41.06380115,19.58617009
SierraPlata,2,2060,-5.788333,36.107778,29.15400096,19.49183202
SierraPlata,2,2061,-5.788333,36.107778,28.55458893,18.86664734
SierraPlata,2,2062,-5.788333,36.107778,8.180491743,20.85216348
SierraPlata,2,2063,-5.788333,36.107778,34.41153823,17.83122406
SierraPlata,2,2064,-5.788333,36.107778,78.83844689,18.76286811
SierraPlata,2,2065,-5.788333,36.107778,0.44062052,20.76121129
SierraPlata,2,2066,-5.788333,36.107778,43.20273663,16.59253191
SierraPlata,2,2067,-5.788333,36.107778,1.076668563,18.76984558
SierraPlata,2,2068,-5.788333,36.107778,60.0480689,21.45482893
SierraPlata,2,2069,-5.788333,36.107778,27.44775059,17.11824733
SierraPlata,2,2070,-5.788333,36.107778,1.743949405,17.27575836
SierraPlata,2,2071,-5.788333,36.107778,37.90593117,17.98743373
SierraPlata,2,2072,-5.788333,36.107778,19.07279179,15.17323903
SierraPlata,2,2073,-5.788333,36.107778,24.59636525,17.89089464
SierraPlata,2,2074,-5.788333,36.107778,98.07290292,17.16537628
SierraPlata,2,2075,-5.788333,36.107778,79.98366411,17.45073308
SierraPlata,2,2076,-5.788333,36.107778,69.91104786,19.06215715
SierraPlata,2,2077,-5.788333,36.107778,1.606999697,20.26520255
SierraPlata,2,2078,-5.788333,36.107778,1.226761825,21.06067483
SierraPlata,2,2079,-5.788333,36.107778,29.57545529,16.79200788
SierraPlata,2,2080,-5.788333,36.107778,56.10985248,19.03727901
SierraPlata,2,2081,-5.788333,36.107778,8.254038043,24.49400591
SierraPlata,2,2082,-5.788333,36.107778,66.13259432,18.51585323
SierraPlata,2,2083,-5.788333,36.107778,26.70068719,18.52299543
SierraPlata,2,2084,-5.788333,36.107778,229.2113601,16.92083235
SierraPlata,2,2085,-5.788333,36.107778,21.65452842,19.24328112
SierraPlata,2,2086,-5.788333,36.107778,10.41850988,20.51861071
SierraPlata,2,2087,-5.788333,36.107778,14.37429016,21.18221327
SierraPlata,2,2088,-5.788333,36.107778,105.1481024,18.27816267
SierraPlata,2,2089,-5.788333,36.107778,4.82569113,20.17535117
SierraPlata,2,2090,-5.788333,36.107778,117.3776798,19.24999717
SierraPlata,2,2091,-5.788333,36.107778,0.379549717,22.39638672
SierraPlata,2,2092,-5.788333,36.107778,13.11827882,20.01249663
SierraPlata,2,2093,-5.788333,36.107778,1.893103939,21.19300123
SierraPlata,2,2094,-5.788333,36.107778,38.98222,20.85603921
SierraPlata,2,2095,-5.788333,36.107778,1.019486352,17.5369921
SierraPlata,2,2096,-5.788333,36.107778,44.05153086,18.97006036
SierraPlata,2,2097,-5.788333,36.107778,48.37487391,20.27936489
SierraPlata,2,2098,-5.788333,36.107778,2.100761146,20.43027104
SierraPlata,2,2099,-5.788333,36.107778,1.169972139,20.16540244
SierraPlata,2,2100,-5.788333,36.107778,3.391859402,21.54888851
SierraPlata,3,2015,-5.788333,36.107778,21.14156406,18.4695915
SierraPlata,3,2016,-5.788333,36.107778,6.316447055,19.1108426
SierraPlata,3,2017,-5.788333,36.107778,38.22051648,20.66394417
SierraPlata,3,2018,-5.788333,36.107778,79.88747305,17.04410361
SierraPlata,3,2019,-5.788333,36.107778,27.49455574,21.51274237
SierraPlata,3,2020,-5.788333,36.107778,31.91408679,21.2202432
SierraPlata,3,2021,-5.788333,36.107778,47.61683611,17.77329358
SierraPlata,3,2022,-5.788333,36.107778,39.4521669,17.32090789
SierraPlata,3,2023,-5.788333,36.107778,6.938832623,19.29431133
SierraPlata,3,2024,-5.788333,36.107778,397.2399699,16.73676797
SierraPlata,3,2025,-5.788333,36.107778,21.33214378,19.75884006
SierraPlata,3,2026,-5.788333,36.107778,38.9123286,17.01446514
SierraPlata,3,2027,-5.788333,36.107778,41.31858824,19.63180621
SierraPlata,3,2028,-5.788333,36.107778,79.81858299,19.15317245
SierraPlata,3,2029,-5.788333,36.107778,32.69355654,19.93169457
SierraPlata,3,2030,-5.788333,36.107778,83.47139983,19.5840206
SierraPlata,3,2031,-5.788333,36.107778,37.03045956,19.32376473
SierraPlata,3,2032,-5.788333,36.107778,111.0054285,19.30745456
SierraPlata,3,2033,-5.788333,36.107778,61.69752233,16.45231166
SierraPlata,3,2034,-5.788333,36.107778,25.01066731,17.70738151
SierraPlata,3,2035,-5.788333,36.107778,37.84430874,19.51874842
SierraPlata,3,2036,-5.788333,36.107778,7.81198495,19.32394389
SierraPlata,3,2037,-5.788333,36.107778,41.77816939,22.22809704
SierraPlata,3,2038,-5.788333,36.107778,22.74640047,23.72601889
SierraPlata,3,2039,-5.788333,36.107778,0.634028501,19.52586493
SierraPlata,3,2040,-5.788333,36.107778,1.226568429,20.0534095
SierraPlata,3,2041,-5.788333,36.107778,31.69275376,21.1024611
SierraPlata,3,2042,-5.788333,36.107778,5.597428596,22.62928605
SierraPlata,3,2043,-5.788333,36.107778,34.58681125,21.02264385
SierraPlata,3,2044,-5.788333,36.107778,32.23056259,18.61612116
SierraPlata,3,2045,-5.788333,36.107778,6.044606217,22.08765023
SierraPlata,3,2046,-5.788333,36.107778,11.78413434,20.1935098
SierraPlata,3,2047,-5.788333,36.107778,121.659166,17.49314615
SierraPlata,3,2048,-5.788333,36.107778,16.46908392,19.92403761
SierraPlata,3,2049,-5.788333,36.107778,1.888850561,20.31097392
SierraPlata,3,2050,-5.788333,36.107778,59.0913131,20.59436311
SierraPlata,3,2051,-5.788333,36.107778,45.87254381,16.81954838
SierraPlata,3,2052,-5.788333,36.107778,118.8354185,18.38307023
SierraPlata,3,2053,-5.788333,36.107778,64.03316487,19.53878075
SierraPlata,3,2054,-5.788333,36.107778,1.771527964,20.46428735
SierraPlata,3,2055,-5.788333,36.107778,14.2507456,20.20053278
SierraPlata,3,2056,-5.788333,36.107778,84.83072457,17.72991136
SierraPlata,3,2057,-5.788333,36.107778,105.9971419,16.84741388
SierraPlata,3,2058,-5.788333,36.107778,0.012416425,22.65127642
SierraPlata,3,2059,-5.788333,36.107778,0.102285863,23.1678514
SierraPlata,3,2060,-5.788333,36.107778,30.67990964,19.93002004
SierraPlata,3,2061,-5.788333,36.107778,2.060031623,20.05822636
SierraPlata,3,2062,-5.788333,36.107778,29.98257437,20.69498252
SierraPlata,3,2063,-5.788333,36.107778,124.1590848,19.12562197
SierraPlata,3,2064,-5.788333,36.107778,55.44269643,19.18131359
SierraPlata,3,2065,-5.788333,36.107778,24.35506056,22.07108016
SierraPlata,3,2066,-5.788333,36.107778,77.05354458,18.22588895
SierraPlata,3,2067,-5.788333,36.107778,5.57418784,22.84744046
SierraPlata,3,2068,-5.788333,36.107778,228.1488131,19.51824931
SierraPlata,3,2069,-5.788333,36.107778,1.452203,21.55070328
SierraPlata,3,2070,-5.788333,36.107778,45.95419023,17.48702688
SierraPlata,3,2071,-5.788333,36.107778,59.32417659,16.85957661
SierraPlata,3,2072,-5.788333,36.107778,19.2333948,18.53300112
SierraPlata,3,2073,-5.788333,36.107778,11.6624118,19.95585957
SierraPlata,3,2074,-5.788333,36.107778,61.89894344,19.8588629
SierraPlata,3,2075,-5.788333,36.107778,39.40622692,20.18953464
SierraPlata,3,2076,-5.788333,36.107778,38.29311874,20.75233784
SierraPlata,3,2077,-5.788333,36.107778,0.316146409,23.41035491
SierraPlata,3,2078,-5.788333,36.107778,6.072953016,25.52236131
SierraPlata,3,2079,-5.788333,36.107778,37.93163005,19.88126772
SierraPlata,3,2080,-5.788333,36.107778,13.89520033,20.52267338
SierraPlata,3,2081,-5.788333,36.107778,16.50306793,26.08544804
SierraPlata,3,2082,-5.788333,36.107778,68.3956121,19.59766098
SierraPlata,3,2083,-5.788333,36.107778,13.51850047,22.30000138
SierraPlata,3,2084,-5.788333,36.107778,11.71799461,20.54134521
SierraPlata,3,2085,-5.788333,36.107778,32.29064703,22.28022697
SierraPlata,3,2086,-5.788333,36.107778,4.171841098,20.73580618
SierraPlata,3,2087,-5.788333,36.107778,0.03354871,21.97339143
SierraPlata,3,2088,-5.788333,36.107778,125.5074471,20.35104449
SierraPlata,3,2089,-5.788333,36.107778,5.042494271,23.24948986
SierraPlata,3,2090,-5.788333,36.107778,191.5631373,19.33476681
SierraPlata,3,2091,-5.788333,36.107778,14.51396789,24.50019768
SierraPlata,3,2092,-5.788333,36.107778,82.78782396,19.99953909
SierraPlata,3,2093,-5.788333,36.107778,2.025055079,22.31628792
SierraPlata,3,2094,-5.788333,36.107778,0.87313252,23.83445671
SierraPlata,3,2095,-5.788333,36.107778,17.67996637,24.05859651
SierraPlata,3,2096,-5.788333,36.107778,27.95828157,19.94254505
SierraPlata,3,2097,-5.788333,36.107778,14.788643,22.5125632
SierraPlata,3,2098,-5.788333,36.107778,18.45211684,21.6356337
SierraPlata,3,2099,-5.788333,36.107778,123.8643014,19.65403876
SierraPlata,3,2100,-5.788333,36.107778,50.69616213,23.12559342
SierraPlata,4,2015,-5.788333,36.107778,3.980655713,23.404953
SierraPlata,4,2016,-5.788333,36.107778,13.36775209,23.06498006
SierraPlata,4,2017,-5.788333,36.107778,14.83714044,22.49856466
SierraPlata,4,2018,-5.788333,36.107778,82.24227537,19.44521077
SierraPlata,4,2019,-5.788333,36.107778,77.12049397,20.91682332
SierraPlata,4,2020,-5.788333,36.107778,23.25563309,22.2982961
SierraPlata,4,2021,-5.788333,36.107778,66.78630692,19.39346619
SierraPlata,4,2022,-5.788333,36.107778,92.72191801,20.04153951
SierraPlata,4,2023,-5.788333,36.107778,100.6587187,19.53804728
SierraPlata,4,2024,-5.788333,36.107778,20.51298608,19.64022725
SierraPlata,4,2025,-5.788333,36.107778,87.58683771,20.17597656
SierraPlata,4,2026,-5.788333,36.107778,39.27687432,18.0254069
SierraPlata,4,2027,-5.788333,36.107778,15.02544833,22.85118815
SierraPlata,4,2028,-5.788333,36.107778,12.00675958,21.20065715
SierraPlata,4,2029,-5.788333,36.107778,12.79855053,20.68458964
SierraPlata,4,2030,-5.788333,36.107778,33.86599872,20.23392131
SierraPlata,4,2031,-5.788333,36.107778,17.75187851,23.77697957
SierraPlata,4,2032,-5.788333,36.107778,18.37237365,20.92613424
SierraPlata,4,2033,-5.788333,36.107778,64.2680714,20.15046488
SierraPlata,4,2034,-5.788333,36.107778,4.464093093,22.24663391
SierraPlata,4,2035,-5.788333,36.107778,23.32128395,21.59934489
SierraPlata,4,2036,-5.788333,36.107778,49.66983046,22.09711202
SierraPlata,4,2037,-5.788333,36.107778,45.38788717,23.07462769
SierraPlata,4,2038,-5.788333,36.107778,72.63027271,22.16807556
SierraPlata,4,2039,-5.788333,36.107778,103.3021782,19.18808594
SierraPlata,4,2040,-5.788333,36.107778,22.37906813,20.19878235
SierraPlata,4,2041,-5.788333,36.107778,12.21303292,20.71324361
SierraPlata,4,2042,-5.788333,36.107778,35.28012273,23.31028748
SierraPlata,4,2043,-5.788333,36.107778,12.53522901,20.83139954
SierraPlata,4,2044,-5.788333,36.107778,2.021543698,21.99908854
SierraPlata,4,2045,-5.788333,36.107778,16.73784722,23.57995199
SierraPlata,4,2046,-5.788333,36.107778,50.69292167,19.93380432
SierraPlata,4,2047,-5.788333,36.107778,3.608340742,20.82638143
SierraPlata,4,2048,-5.788333,36.107778,57.81667499,18.93541667
SierraPlata,4,2049,-5.788333,36.107778,25.76143888,20.27698059
SierraPlata,4,2050,-5.788333,36.107778,76.95763541,21.30731099
SierraPlata,4,2051,-5.788333,36.107778,32.42907054,21.86648763
SierraPlata,4,2052,-5.788333,36.107778,72.65502151,20.00681966
SierraPlata,4,2053,-5.788333,36.107778,49.26148424,20.45228882
SierraPlata,4,2054,-5.788333,36.107778,30.33899419,21.94662476
SierraPlata,4,2055,-5.788333,36.107778,7.552555449,19.98684591
SierraPlata,4,2056,-5.788333,36.107778,34.54237188,22.29776611
SierraPlata,4,2057,-5.788333,36.107778,74.27741782,20.1756307
SierraPlata,4,2058,-5.788333,36.107778,25.41697845,22.89624532
SierraPlata,4,2059,-5.788333,36.107778,31.94116185,23.0083374
SierraPlata,4,2060,-5.788333,36.107778,45.87011599,21.47875264
SierraPlata,4,2061,-5.788333,36.107778,18.81859447,23.35246684
SierraPlata,4,2062,-5.788333,36.107778,3.334546768,25.05774231
SierraPlata,4,2063,-5.788333,36.107778,46.70489289,20.7737915
SierraPlata,4,2064,-5.788333,36.107778,4.585088305,20.51081136
SierraPlata,4,2065,-5.788333,36.107778,31.10435223,21.13448792
SierraPlata,4,2066,-5.788333,36.107778,6.874346084,22.32328186
SierraPlata,4,2067,-5.788333,36.107778,74.01342813,24.19507853
SierraPlata,4,2068,-5.788333,36.107778,10.04373296,24.34998779
SierraPlata,4,2069,-5.788333,36.107778,28.83692506,23.90877889
SierraPlata,4,2070,-5.788333,36.107778,0.893463544,24.11826579
SierraPlata,4,2071,-5.788333,36.107778,53.77110456,19.28363342
SierraPlata,4,2072,-5.788333,36.107778,19.83168068,23.1609141
SierraPlata,4,2073,-5.788333,36.107778,6.920531781,22.99986471
SierraPlata,4,2074,-5.788333,36.107778,12.99181036,22.93513184
SierraPlata,4,2075,-5.788333,36.107778,12.08374131,22.46289063
SierraPlata,4,2076,-5.788333,36.107778,4.423289101,25.71515605
SierraPlata,4,2077,-5.788333,36.107778,26.71296102,25.89384359
SierraPlata,4,2078,-5.788333,36.107778,33.59086833,24.28667603
SierraPlata,4,2079,-5.788333,36.107778,7.36912555,25.57664897
SierraPlata,4,2080,-5.788333,36.107778,35.75298705,22.68789063
SierraPlata,4,2081,-5.788333,36.107778,10.30941715,25.17541199
SierraPlata,4,2082,-5.788333,36.107778,10.68838762,23.73879191
SierraPlata,4,2083,-5.788333,36.107778,15.32856128,24.39773763
SierraPlata,4,2084,-5.788333,36.107778,34.2307468,21.93379313
SierraPlata,4,2085,-5.788333,36.107778,63.0308737,20.44694214
SierraPlata,4,2086,-5.788333,36.107778,18.73536459,25.42998962
SierraPlata,4,2087,-5.788333,36.107778,80.01965957,20.13539124
SierraPlata,4,2088,-5.788333,36.107778,93.29528756,20.1483256
SierraPlata,4,2089,-5.788333,36.107778,3.711285996,24.07202047
SierraPlata,4,2090,-5.788333,36.107778,32.37368729,22.75519409
SierraPlata,4,2091,-5.788333,36.107778,4.476351293,27.49152934
SierraPlata,4,2092,-5.788333,36.107778,10.31374918,23.00045878
SierraPlata,4,2093,-5.788333,36.107778,20.90195642,23.60532532
SierraPlata,4,2094,-5.788333,36.107778,36.99996236,22.19503479
SierraPlata,4,2095,-5.788333,36.107778,9.912651933,24.93919271
SierraPlata,4,2096,-5.788333,36.107778,44.46250334,20.49072876
SierraPlata,4,2097,-5.788333,36.107778,26.34021237,23.67076721
SierraPlata,4,2098,-5.788333,36.107778,58.61984239,21.93360189
SierraPlata,4,2099,-5.788333,36.107778,114.8409556,23.47563477
SierraPlata,4,2100,-5.788333,36.107778,3.791755309,25.93705953
SierraPlata,5,2015,-5.788333,36.107778,58.16540941,22.86013774
SierraPlata,5,2016,-5.788333,36.107778,1.834066998,25.74349464
SierraPlata,5,2017,-5.788333,36.107778,93.42162333,20.36495854
SierraPlata,5,2018,-5.788333,36.107778,78.28705487,20.21862281
SierraPlata,5,2019,-5.788333,36.107778,25.31276115,24.87792851
SierraPlata,5,2020,-5.788333,36.107778,54.58055098,22.41468644
SierraPlata,5,2021,-5.788333,36.107778,27.86227864,24.70034081
SierraPlata,5,2022,-5.788333,36.107778,62.13990253,20.68107733
SierraPlata,5,2023,-5.788333,36.107778,26.88615254,21.82459264
SierraPlata,5,2024,-5.788333,36.107778,2.369956454,25.46537712
SierraPlata,5,2025,-5.788333,36.107778,34.12198928,23.84593526
SierraPlata,5,2026,-5.788333,36.107778,19.42082085,23.38517692
SierraPlata,5,2027,-5.788333,36.107778,16.67343069,25.01183275
SierraPlata,5,2028,-5.788333,36.107778,20.0057091,23.84448912
SierraPlata,5,2029,-5.788333,36.107778,5.765145134,26.32799683
SierraPlata,5,2030,-5.788333,36.107778,40.81464735,23.13285857
SierraPlata,5,2031,-5.788333,36.107778,20.49486808,27.36313929
SierraPlata,5,2032,-5.788333,36.107778,24.30248453,23.08749272
SierraPlata,5,2033,-5.788333,36.107778,12.89635915,25.64649894
SierraPlata,5,2034,-5.788333,36.107778,12.10925597,25.6425858
SierraPlata,5,2035,-5.788333,36.107778,109.5829207,21.23448703
SierraPlata,5,2036,-5.788333,36.107778,4.399180185,29.60547348
SierraPlata,5,2037,-5.788333,36.107778,35.8063841,25.67613644
SierraPlata,5,2038,-5.788333,36.107778,83.32516964,22.01158172
SierraPlata,5,2039,-5.788333,36.107778,25.57297972,24.11029624
SierraPlata,5,2040,-5.788333,36.107778,38.04815139,23.26771476
SierraPlata,5,2041,-5.788333,36.107778,33.67692662,23.40778159
SierraPlata,5,2042,-5.788333,36.107778,7.989324152,26.22965245
SierraPlata,5,2043,-5.788333,36.107778,44.09057901,24.08665397
SierraPlata,5,2044,-5.788333,36.107778,2.650556112,24.65412145
SierraPlata,5,2045,-5.788333,36.107778,2.377850559,26.35464852
SierraPlata,5,2046,-5.788333,36.107778,14.87578503,23.37835969
SierraPlata,5,2047,-5.788333,36.107778,22.01604245,22.72511715
SierraPlata,5,2048,-5.788333,36.107778,11.02518169,23.25666937
SierraPlata,5,2049,-5.788333,36.107778,10.33900119,26.23152682
SierraPlata,5,2050,-5.788333,36.107778,8.874975864,23.42030167
SierraPlata,5,2051,-5.788333,36.107778,2.037817864,26.11187626
SierraPlata,5,2052,-5.788333,36.107778,8.957750541,23.94659404
SierraPlata,5,2053,-5.788333,36.107778,28.83591564,23.90516594
SierraPlata,5,2054,-5.788333,36.107778,0.3731371,27.58833933
SierraPlata,5,2055,-5.788333,36.107778,16.75410804,25.91262502
SierraPlata,5,2056,-5.788333,36.107778,20.2816005,26.003846
SierraPlata,5,2057,-5.788333,36.107778,29.13701513,23.45933267
SierraPlata,5,2058,-5.788333,36.107778,8.608688406,25.26887739
SierraPlata,5,2059,-5.788333,36.107778,80.66377704,22.75882529
SierraPlata,5,2060,-5.788333,36.107778,8.481035627,29.2059334
SierraPlata,5,2061,-5.788333,36.107778,19.0680734,28.03199994
SierraPlata,5,2062,-5.788333,36.107778,55.40855788,22.74530797
SierraPlata,5,2063,-5.788333,36.107778,111.4727683,20.99189296
SierraPlata,5,2064,-5.788333,36.107778,7.300432736,26.81644248
SierraPlata,5,2065,-5.788333,36.107778,7.247081221,26.9122657
SierraPlata,5,2066,-5.788333,36.107778,2.984258415,25.19902167
SierraPlata,5,2067,-5.788333,36.107778,4.825048621,26.41834855
SierraPlata,5,2068,-5.788333,36.107778,22.37825378,24.79623984
SierraPlata,5,2069,-5.788333,36.107778,0.662233415,28.70919977
SierraPlata,5,2070,-5.788333,36.107778,31.86085273,26.01972794
SierraPlata,5,2071,-5.788333,36.107778,16.38780819,24.94542551
SierraPlata,5,2072,-5.788333,36.107778,4.250646118,27.77663673
SierraPlata,5,2073,-5.788333,36.107778,22.66377376,27.45206063
SierraPlata,5,2074,-5.788333,36.107778,19.29220268,24.61699928
SierraPlata,5,2075,-5.788333,36.107778,80.50677201,21.75266369
SierraPlata,5,2076,-5.788333,36.107778,0.151011823,26.64391775
SierraPlata,5,2077,-5.788333,36.107778,86.87131131,25.57284625
SierraPlata,5,2078,-5.788333,36.107778,79.31028081,20.00524489
SierraPlata,5,2079,-5.788333,36.107778,1.711971766,29.28732772
SierraPlata,5,2080,-5.788333,36.107778,14.89385303,27.68423639
SierraPlata,5,2081,-5.788333,36.107778,29.89577408,26.07747606
SierraPlata,5,2082,-5.788333,36.107778,30.44994209,27.49537688
SierraPlata,5,2083,-5.788333,36.107778,22.25689927,27.83772406
SierraPlata,5,2084,-5.788333,36.107778,2.271701907,26.82408762
SierraPlata,5,2085,-5.788333,36.107778,4.670534858,26.77786432
SierraPlata,5,2086,-5.788333,36.107778,12.78525258,28.5664218
SierraPlata,5,2087,-5.788333,36.107778,31.72441508,25.45163043
SierraPlata,5,2088,-5.788333,36.107778,17.76405291,24.31252638
SierraPlata,5,2089,-5.788333,36.107778,1.872311651,29.23057783
SierraPlata,5,2090,-5.788333,36.107778,2.277914309,26.70277434
SierraPlata,5,2091,-5.788333,36.107778,0.411349852,32.13380757
SierraPlata,5,2092,-5.788333,36.107778,21.92962724,26.79192899
SierraPlata,5,2093,-5.788333,36.107778,2.774048664,28.71233127
SierraPlata,5,2094,-5.788333,36.107778,10.39104529,27.04830224
SierraPlata,5,2095,-5.788333,36.107778,10.00027642,34.11435114
SierraPlata,5,2096,-5.788333,36.107778,0.492501364,27.60194131
SierraPlata,5,2097,-5.788333,36.107778,50.61176686,25.67628902
SierraPlata,5,2098,-5.788333,36.107778,3.323127741,26.76284672
SierraPlata,5,2099,-5.788333,36.107778,4.862430735,27.66451022
SierraPlata,5,2100,-5.788333,36.107778,23.84080347,28.8303388
SierraPlata,6,2015,-5.788333,36.107778,4.179266097,24.22317912
SierraPlata,6,2016,-5.788333,36.107778,3.875077983,30.26438599
SierraPlata,6,2017,-5.788333,36.107778,9.204705881,24.44998779
SierraPlata,6,2018,-5.788333,36.107778,37.02064186,26.31885173
SierraPlata,6,2019,-5.788333,36.107778,45.37803578,24.90482992
SierraPlata,6,2020,-5.788333,36.107778,10.76698647,27.86036072
SierraPlata,6,2021,-5.788333,36.107778,25.67924159,28.75349426
SierraPlata,6,2022,-5.788333,36.107778,14.6035622,27.56268412
SierraPlata,6,2023,-5.788333,36.107778,38.75998566,24.38630575
SierraPlata,6,2024,-5.788333,36.107778,8.085883232,27.28536784
SierraPlata,6,2025,-5.788333,36.107778,24.89301033,26.55592143
SierraPlata,6,2026,-5.788333,36.107778,17.03883053,28.4945516
SierraPlata,6,2027,-5.788333,36.107778,14.90286178,29.58894755
SierraPlata,6,2028,-5.788333,36.107778,49.73671253,25.9792572
SierraPlata,6,2029,-5.788333,36.107778,22.11312284,32.01370646
SierraPlata,6,2030,-5.788333,36.107778,6.061930122,30.53384196
SierraPlata,6,2031,-5.788333,36.107778,3.440114508,28.50644938
SierraPlata,6,2032,-5.788333,36.107778,7.47319731,26.60558472
SierraPlata,6,2033,-5.788333,36.107778,15.67352916,27.11918132
SierraPlata,6,2034,-5.788333,36.107778,13.50103264,29.48628947
SierraPlata,6,2035,-5.788333,36.107778,3.684059464,29.25950012
SierraPlata,6,2036,-5.788333,36.107778,16.51678389,32.18182373
SierraPlata,6,2037,-5.788333,36.107778,16.77444086,28.46223246
SierraPlata,6,2038,-5.788333,36.107778,3.482655993,27.89947713
SierraPlata,6,2039,-5.788333,36.107778,0.61855203,30.91917725
SierraPlata,6,2040,-5.788333,36.107778,7.00961674,29.53592733
SierraPlata,6,2041,-5.788333,36.107778,7.864874756,31.34263509
SierraPlata,6,2042,-5.788333,36.107778,22.45648817,31.52772827
SierraPlata,6,2043,-5.788333,36.107778,2.861916394,31.11070557
SierraPlata,6,2044,-5.788333,36.107778,33.27680756,27.12365112
SierraPlata,6,2045,-5.788333,36.107778,1.94380266,31.70869649
SierraPlata,6,2046,-5.788333,36.107778,24.55381319,30.28508708
SierraPlata,6,2047,-5.788333,36.107778,23.95610931,29.64769389
SierraPlata,6,2048,-5.788333,36.107778,1.970198009,29.05288798
SierraPlata,6,2049,-5.788333,36.107778,0.993699212,29.52504578
SierraPlata,6,2050,-5.788333,36.107778,1.833798384,29.79972738
SierraPlata,6,2051,-5.788333,36.107778,2.943631702,31.03122355
SierraPlata,6,2052,-5.788333,36.107778,4.251373112,26.76231384
SierraPlata,6,2053,-5.788333,36.107778,1.719061862,30.15794983
SierraPlata,6,2054,-5.788333,36.107778,8.95506026,30.31961568
SierraPlata,6,2055,-5.788333,36.107778,6.86238134,27.00394999
SierraPlata,6,2056,-5.788333,36.107778,23.48936692,31.08192037
SierraPlata,6,2057,-5.788333,36.107778,4.359116234,28.80618998
SierraPlata,6,2058,-5.788333,36.107778,6.43886557,33.68961995
SierraPlata,6,2059,-5.788333,36.107778,25.38927611,26.74302979
SierraPlata,6,2060,-5.788333,36.107778,3.656187239,32.35302531
SierraPlata,6,2061,-5.788333,36.107778,4.525456467,29.7113444
SierraPlata,6,2062,-5.788333,36.107778,10.07820036,32.44019267
SierraPlata,6,2063,-5.788333,36.107778,1.411355008,29.08011678
SierraPlata,6,2064,-5.788333,36.107778,9.22929482,29.7434316
SierraPlata,6,2065,-5.788333,36.107778,9.971115258,29.83448588
SierraPlata,6,2066,-5.788333,36.107778,5.077866736,30.26327209
SierraPlata,6,2067,-5.788333,36.107778,7.562930627,33.71459249
SierraPlata,6,2068,-5.788333,36.107778,2.632966264,29.67860514
SierraPlata,6,2069,-5.788333,36.107778,12.02139964,31.93827413
SierraPlata,6,2070,-5.788333,36.107778,2.026379678,29.11600037
SierraPlata,6,2071,-5.788333,36.107778,1.049116402,29.15966288
SierraPlata,6,2072,-5.788333,36.107778,0.13888885,31.5096995
SierraPlata,6,2073,-5.788333,36.107778,25.06272693,28.11733398
SierraPlata,6,2074,-5.788333,36.107778,0.738042565,28.08948059
SierraPlata,6,2075,-5.788333,36.107778,1.779487306,32.06148987
SierraPlata,6,2076,-5.788333,36.107778,0.956342786,34.56259664
SierraPlata,6,2077,-5.788333,36.107778,44.76109946,30.03966878
SierraPlata,6,2078,-5.788333,36.107778,14.64570569,29.61026713
SierraPlata,6,2079,-5.788333,36.107778,1.532276241,35.04017436
SierraPlata,6,2080,-5.788333,36.107778,4.435497642,32.26651408
SierraPlata,6,2081,-5.788333,36.107778,3.112090905,33.63148905
SierraPlata,6,2082,-5.788333,36.107778,16.7764739,35.3125824
SierraPlata,6,2083,-5.788333,36.107778,2.053591341,33.89059041
SierraPlata,6,2084,-5.788333,36.107778,4.020261553,30.8069692
SierraPlata,6,2085,-5.788333,36.107778,2.987506135,31.86766866
SierraPlata,6,2086,-5.788333,36.107778,0.816531273,30.57083842
SierraPlata,6,2087,-5.788333,36.107778,0.310096052,30.759139
SierraPlata,6,2088,-5.788333,36.107778,0.676022547,30.1403656
SierraPlata,6,2089,-5.788333,36.107778,0.411142198,32.25660909
SierraPlata,6,2090,-5.788333,36.107778,7.060658783,32.91844482
SierraPlata,6,2091,-5.788333,36.107778,3.002614655,32.22676799
SierraPlata,6,2092,-5.788333,36.107778,8.377170424,31.33804728
SierraPlata,6,2093,-5.788333,36.107778,28.55966447,31.442571
SierraPlata,6,2094,-5.788333,36.107778,0.321762583,35.11186829
SierraPlata,6,2095,-5.788333,36.107778,1.897151471,34.46496582
SierraPlata,6,2096,-5.788333,36.107778,28.12709271,31.0926239
SierraPlata,6,2097,-5.788333,36.107778,1.17506507,31.05032857
SierraPlata,6,2098,-5.788333,36.107778,0.80817937,32.14435221
SierraPlata,6,2099,-5.788333,36.107778,10.58061437,33.57809143
SierraPlata,6,2100,-5.788333,36.107778,19.07839967,35.05990601
SierraPlata,7,2015,-5.788333,36.107778,6.614376294,32.58215017
SierraPlata,7,2016,-5.788333,36.107778,7.918615464,32.81746137
SierraPlata,7,2017,-5.788333,36.107778,11.14929312,31.88871302
SierraPlata,7,2018,-5.788333,36.107778,39.9903541,28.47158695
SierraPlata,7,2019,-5.788333,36.107778,5.198329116,31.05904246
SierraPlata,7,2020,-5.788333,36.107778,1.558689973,31.5941357
SierraPlata,7,2021,-5.788333,36.107778,3.752513714,33.51770098
SierraPlata,7,2022,-5.788333,36.107778,0.018460462,32.57700451
SierraPlata,7,2023,-5.788333,36.107778,0.182822401,28.21475298
SierraPlata,7,2024,-5.788333,36.107778,3.021994176,30.22302817
SierraPlata,7,2025,-5.788333,36.107778,7.070899172,32.02799624
SierraPlata,7,2026,-5.788333,36.107778,2.691632561,30.11186445
SierraPlata,7,2027,-5.788333,36.107778,0.136364113,32.96609379
SierraPlata,7,2028,-5.788333,36.107778,12.23129889,31.58398122
SierraPlata,7,2029,-5.788333,36.107778,2.904963339,34.93783156
SierraPlata,7,2030,-5.788333,36.107778,2.140051314,30.84563303
SierraPlata,7,2031,-5.788333,36.107778,4.256755,34.5782833
SierraPlata,7,2032,-5.788333,36.107778,5.919486947,32.7484946
SierraPlata,7,2033,-5.788333,36.107778,1.342476263,32.50285664
SierraPlata,7,2034,-5.788333,36.107778,0.751332261,36.65273438
SierraPlata,7,2035,-5.788333,36.107778,5.874728993,32.76221865
SierraPlata,7,2036,-5.788333,36.107778,0.023982674,35.93222322
SierraPlata,7,2037,-5.788333,36.107778,0.937402377,33.53207181
SierraPlata,7,2038,-5.788333,36.107778,0.532565176,33.96321923
SierraPlata,7,2039,-5.788333,36.107778,14.49431165,33.38451932
SierraPlata,7,2040,-5.788333,36.107778,0.015448835,34.62405277
SierraPlata,7,2041,-5.788333,36.107778,16.7735271,33.87276119
SierraPlata,7,2042,-5.788333,36.107778,4.018370159,32.11935405
SierraPlata,7,2043,-5.788333,36.107778,0.548323308,33.96219345
SierraPlata,7,2044,-5.788333,36.107778,8.69200097,32.52252178
SierraPlata,7,2045,-5.788333,36.107778,11.72908024,36.63125295
SierraPlata,7,2046,-5.788333,36.107778,5.677719827,34.66272937
SierraPlata,7,2047,-5.788333,36.107778,19.56021717,31.23765397
SierraPlata,7,2048,-5.788333,36.107778,4.413840916,30.65094959
SierraPlata,7,2049,-5.788333,36.107778,24.83414637,30.80981426
SierraPlata,7,2050,-5.788333,36.107778,8.322895885,29.87536109
SierraPlata,7,2051,-5.788333,36.107778,4.190661808,36.53641416
SierraPlata,7,2052,-5.788333,36.107778,0.140424609,32.25182101
SierraPlata,7,2053,-5.788333,36.107778,0.375819776,34.28693592
SierraPlata,7,2054,-5.788333,36.107778,3.750724479,37.68884356
SierraPlata,7,2055,-5.788333,36.107778,2.662270077,31.38992191
SierraPlata,7,2056,-5.788333,36.107778,0.010440688,34.51703157
SierraPlata,7,2057,-5.788333,36.107778,1.803107934,31.85178085
SierraPlata,7,2058,-5.788333,36.107778,14.65776195,37.09367105
SierraPlata,7,2059,-5.788333,36.107778,2.171850543,31.47696002
SierraPlata,7,2060,-5.788333,36.107778,3.489218007,36.02538058
SierraPlata,7,2061,-5.788333,36.107778,5.920144703,37.05704306
SierraPlata,7,2062,-5.788333,36.107778,0.683232376,35.86868759
SierraPlata,7,2063,-5.788333,36.107778,1.983878843,32.3591474
SierraPlata,7,2064,-5.788333,36.107778,0.075588221,33.91991282
SierraPlata,7,2065,-5.788333,36.107778,0.602908351,32.83981993
SierraPlata,7,2066,-5.788333,36.107778,0.882856371,33.81109009
SierraPlata,7,2067,-5.788333,36.107778,2.962432906,35.92523961
SierraPlata,7,2068,-5.788333,36.107778,2.349382888,35.41807881
SierraPlata,7,2069,-5.788333,36.107778,5.975731027,36.19620322
SierraPlata,7,2070,-5.788333,36.107778,2.385851386,31.07968612
SierraPlata,7,2071,-5.788333,36.107778,4.863604403,33.72343474
SierraPlata,7,2072,-5.788333,36.107778,0.411089692,37.37409806
SierraPlata,7,2073,-5.788333,36.107778,7.059901102,35.92171729
SierraPlata,7,2074,-5.788333,36.107778,0.105910736,34.39234855
SierraPlata,7,2075,-5.788333,36.107778,0.111988494,36.10210178
SierraPlata,7,2076,-5.788333,36.107778,1.128008526,38.19448045
SierraPlata,7,2077,-5.788333,36.107778,0.262781512,35.90645063
SierraPlata,7,2078,-5.788333,36.107778,0.884588108,35.56866632
SierraPlata,7,2079,-5.788333,36.107778,0.698315177,37.85181137
SierraPlata,7,2080,-5.788333,36.107778,4.763193397,36.4249049
SierraPlata,7,2081,-5.788333,36.107778,3.046737887,39.93165126
SierraPlata,7,2082,-5.788333,36.107778,2.801830998,36.28684338
SierraPlata,7,2083,-5.788333,36.107778,0.283510166,37.81145433
SierraPlata,7,2084,-5.788333,36.107778,12.3683819,37.55291531
SierraPlata,7,2085,-5.788333,36.107778,6.653833015,37.61948695
SierraPlata,7,2086,-5.788333,36.107778,1.637011998,38.02537665
SierraPlata,7,2087,-5.788333,36.107778,12.26263362,35.71668248
SierraPlata,7,2088,-5.788333,36.107778,1.871686346,35.72889739
SierraPlata,7,2089,-5.788333,36.107778,5.035443549,35.90165937
SierraPlata,7,2090,-5.788333,36.107778,2.828571385,36.32000221
SierraPlata,7,2091,-5.788333,36.107778,4.30349689,36.2103742
SierraPlata,7,2092,-5.788333,36.107778,4.322878494,37.48473511
SierraPlata,7,2093,-5.788333,36.107778,0.615391958,38.47552667
SierraPlata,7,2094,-5.788333,36.107778,0.885442085,36.30777745
SierraPlata,7,2095,-5.788333,36.107778,0.354128004,39.79071616
SierraPlata,7,2096,-5.788333,36.107778,6.368586479,36.16579688
SierraPlata,7,2097,-5.788333,36.107778,0.249272864,36.2565788
SierraPlata,7,2098,-5.788333,36.107778,0.093508269,38.28468549
SierraPlata,7,2099,-5.788333,36.107778,3.283971616,37.92681767
SierraPlata,7,2100,-5.788333,36.107778,20.97232642,34.14682873
SierraPlata,8,2015,-5.788333,36.107778,1.812579913,33.68391153
SierraPlata,8,2016,-5.788333,36.107778,3.836425513,33.01509321
SierraPlata,8,2017,-5.788333,36.107778,5.479248107,32.91282191
SierraPlata,8,2018,-5.788333,36.107778,2.341330866,28.38091431
SierraPlata,8,2019,-5.788333,36.107778,4.188169134,33.78366168
SierraPlata,8,2020,-5.788333,36.107778,0.143933367,33.29241431
SierraPlata,8,2021,-5.788333,36.107778,3.050247327,34.54430542
SierraPlata,8,2022,-5.788333,36.107778,0.065820155,33.15273339
SierraPlata,8,2023,-5.788333,36.107778,3.235040197,33.29899627
SierraPlata,8,2024,-5.788333,36.107778,1.297361922,34.22175628
SierraPlata,8,2025,-5.788333,36.107778,0.155066824,34.64162401
SierraPlata,8,2026,-5.788333,36.107778,0.29888228,33.73250142
SierraPlata,8,2027,-5.788333,36.107778,0.355396956,34.16851689
SierraPlata,8,2028,-5.788333,36.107778,0.719611516,34.04135014
SierraPlata,8,2029,-5.788333,36.107778,3.359225426,35.56483883
SierraPlata,8,2030,-5.788333,36.107778,0.786594811,33.34141964
SierraPlata,8,2031,-5.788333,36.107778,6.362042601,36.0819966
SierraPlata,8,2032,-5.788333,36.107778,4.966518812,34.69112549
SierraPlata,8,2033,-5.788333,36.107778,8.75394219521371e-05,35.15045245
SierraPlata,8,2034,-5.788333,36.107778,0.77248632,35.16923356
SierraPlata,8,2035,-5.788333,36.107778,2.656668573,33.83475302
SierraPlata,8,2036,-5.788333,36.107778,0.000200825,33.72615179
SierraPlata,8,2037,-5.788333,36.107778,2.430408255,35.36210367
SierraPlata,8,2038,-5.788333,36.107778,5.7880241191278e-07,34.63381938
SierraPlata,8,2039,-5.788333,36.107778,0.005243746,33.42732957
SierraPlata,8,2040,-5.788333,36.107778,1.616749552,34.72909625
SierraPlata,8,2041,-5.788333,36.107778,7.853370613,33.6143915
SierraPlata,8,2042,-5.788333,36.107778,0.336482505,36.49224243
SierraPlata,8,2043,-5.788333,36.107778,0.796275343,34.59725932
SierraPlata,8,2044,-5.788333,36.107778,0.735153707,34.85718541
SierraPlata,8,2045,-5.788333,36.107778,6.057568199,33.91633931
SierraPlata,8,2046,-5.788333,36.107778,3.08244,35.09443793
SierraPlata,8,2047,-5.788333,36.107778,3.661758672,34.7065979
SierraPlata,8,2048,-5.788333,36.107778,0.53336823,35.15486076
SierraPlata,8,2049,-5.788333,36.107778,11.56898796,31.41866455
SierraPlata,8,2050,-5.788333,36.107778,0.120445045,33.89918351
SierraPlata,8,2051,-5.788333,36.107778,2.085026505,32.1848054
SierraPlata,8,2052,-5.788333,36.107778,0.44400246,35.06899906
SierraPlata,8,2053,-5.788333,36.107778,0.038233,34.17724491
SierraPlata,8,2054,-5.788333,36.107778,0.107312707,34.07328924
SierraPlata,8,2055,-5.788333,36.107778,0.000224032,34.77614451
SierraPlata,8,2056,-5.788333,36.107778,0.10698781,33.0923076
SierraPlata,8,2057,-5.788333,36.107778,0.18721995,34.28188083
SierraPlata,8,2058,-5.788333,36.107778,2.800293381,35.68282274
SierraPlata,8,2059,-5.788333,36.107778,0.021406434,33.11261459
SierraPlata,8,2060,-5.788333,36.107778,0.77092631,34.57999622
SierraPlata,8,2061,-5.788333,36.107778,0.160041125,35.89577046
SierraPlata,8,2062,-5.788333,36.107778,11.51595554,34.73864628
SierraPlata,8,2063,-5.788333,36.107778,0.609522258,31.48903218
SierraPlata,8,2064,-5.788333,36.107778,3.216742613,35.87345522
SierraPlata,8,2065,-5.788333,36.107778,0.316506651,35.26040433
SierraPlata,8,2066,-5.788333,36.107778,0.91396323,37.40763786
SierraPlata,8,2067,-5.788333,36.107778,7.964400369,35.08279793
SierraPlata,8,2068,-5.788333,36.107778,8.52647962,36.91404458
SierraPlata,8,2069,-5.788333,36.107778,0.010618881,34.74232414
SierraPlata,8,2070,-5.788333,36.107778,4.759722345,34.14140349
SierraPlata,8,2071,-5.788333,36.107778,7.843124226,36.08481012
SierraPlata,8,2072,-5.788333,36.107778,1.658885954,34.23678569
SierraPlata,8,2073,-5.788333,36.107778,0.000273263,37.28966675
SierraPlata,8,2074,-5.788333,36.107778,0.378888641,38.20734017
SierraPlata,8,2075,-5.788333,36.107778,1.579699371,37.32466549
SierraPlata,8,2076,-5.788333,36.107778,0.815372792,35.88284873
SierraPlata,8,2077,-5.788333,36.107778,1.698270341,34.64200203
SierraPlata,8,2078,-5.788333,36.107778,1.224415873,35.47622759
SierraPlata,8,2079,-5.788333,36.107778,0.648364261,37.72300454
SierraPlata,8,2080,-5.788333,36.107778,0.176779968,35.68188358
SierraPlata,8,2081,-5.788333,36.107778,0.369621164,33.12177183
SierraPlata,8,2082,-5.788333,36.107778,3.371062171,37.63489833
SierraPlata,8,2083,-5.788333,36.107778,1.198548068,34.43329527
SierraPlata,8,2084,-5.788333,36.107778,0.947891277,35.1089702
SierraPlata,8,2085,-5.788333,36.107778,0.861207014,36.53933795
SierraPlata,8,2086,-5.788333,36.107778,0.040452753,35.55720057
SierraPlata,8,2087,-5.788333,36.107778,3.188592758,35.43356205
SierraPlata,8,2088,-5.788333,36.107778,0.181904456,34.54935559
SierraPlata,8,2089,-5.788333,36.107778,7.161648492,35.71623949
SierraPlata,8,2090,-5.788333,36.107778,6.54885438911182e-05,36.46599141
SierraPlata,8,2091,-5.788333,36.107778,2.041437856,38.92225677
SierraPlata,8,2092,-5.788333,36.107778,0.488792204,38.5452495
SierraPlata,8,2093,-5.788333,36.107778,0.008700224,37.31197707
SierraPlata,8,2094,-5.788333,36.107778,1.405136205,39.74673048
SierraPlata,8,2095,-5.788333,36.107778,1.479205664,37.63531967
SierraPlata,8,2096,-5.788333,36.107778,0.477066654,35.38764392
SierraPlata,8,2097,-5.788333,36.107778,0.862698086,37.66111686
SierraPlata,8,2098,-5.788333,36.107778,0.013817874,35.33694734
SierraPlata,8,2099,-5.788333,36.107778,0.397587269,39.86949876
SierraPlata,8,2100,-5.788333,36.107778,0.274781534,35.53255812
SierraPlata,9,2015,-5.788333,36.107778,10.0610345,28.55563151
SierraPlata,9,2016,-5.788333,36.107778,1.583939006,29.69663493
SierraPlata,9,2017,-5.788333,36.107778,1.12663935,30.25051982
SierraPlata,9,2018,-5.788333,36.107778,46.99559689,28.17325745
SierraPlata,9,2019,-5.788333,36.107778,15.44030709,27.7295695
SierraPlata,9,2020,-5.788333,36.107778,5.176320712,28.06356913
SierraPlata,9,2021,-5.788333,36.107778,0.028165093,31.59545186
SierraPlata,9,2022,-5.788333,36.107778,8.103545075,29.03036804
SierraPlata,9,2023,-5.788333,36.107778,3.254719785,27.63254598
SierraPlata,9,2024,-5.788333,36.107778,20.43909524,27.86826274
SierraPlata,9,2025,-5.788333,36.107778,7.904002296,30.82803955
SierraPlata,9,2026,-5.788333,36.107778,14.91149868,29.65047201
SierraPlata,9,2027,-5.788333,36.107778,3.835008886,30.30138753
SierraPlata,9,2028,-5.788333,36.107778,29.38268704,29.77480062
SierraPlata,9,2029,-5.788333,36.107778,2.584425842,29.83621826
SierraPlata,9,2030,-5.788333,36.107778,40.33529921,28.53342489
SierraPlata,9,2031,-5.788333,36.107778,45.8376753,29.82638957
SierraPlata,9,2032,-5.788333,36.107778,20.97934256,30.6774353
SierraPlata,9,2033,-5.788333,36.107778,5.054163104,29.64972432
SierraPlata,9,2034,-5.788333,36.107778,54.42464509,28.62459005
SierraPlata,9,2035,-5.788333,36.107778,9.339237791,31.25997111
SierraPlata,9,2036,-5.788333,36.107778,1.659962922,31.64155884
SierraPlata,9,2037,-5.788333,36.107778,5.312906016,31.54193726
SierraPlata,9,2038,-5.788333,36.107778,1.416570025,31.2628774
SierraPlata,9,2039,-5.788333,36.107778,1.771028164,31.66185811
SierraPlata,9,2040,-5.788333,36.107778,2.130221392,30.45791016
SierraPlata,9,2041,-5.788333,36.107778,23.51457822,28.53762614
SierraPlata,9,2042,-5.788333,36.107778,7.043902661,29.7775706
SierraPlata,9,2043,-5.788333,36.107778,8.677808271,29.48277995
SierraPlata,9,2044,-5.788333,36.107778,57.45632612,28.86291606
SierraPlata,9,2045,-5.788333,36.107778,0.899320643,31.65069275
SierraPlata,9,2046,-5.788333,36.107778,40.04431477,28.21285197
SierraPlata,9,2047,-5.788333,36.107778,1.278571734,30.91669413
SierraPlata,9,2048,-5.788333,36.107778,5.041441114,30.92924601
SierraPlata,9,2049,-5.788333,36.107778,32.74884853,28.32526347
SierraPlata,9,2050,-5.788333,36.107778,4.43189689,33.87539978
SierraPlata,9,2051,-5.788333,36.107778,3.040729938,30.2391215
SierraPlata,9,2052,-5.788333,36.107778,10.44938009,31.08060201
SierraPlata,9,2053,-5.788333,36.107778,0.91029843,32.19137065
SierraPlata,9,2054,-5.788333,36.107778,24.03279632,28.76825765
SierraPlata,9,2055,-5.788333,36.107778,4.599529882,31.9601827
SierraPlata,9,2056,-5.788333,36.107778,6.37098657,31.77308044
SierraPlata,9,2057,-5.788333,36.107778,4.709285911,30.57212016
SierraPlata,9,2058,-5.788333,36.107778,15.05280191,31.40626119
SierraPlata,9,2059,-5.788333,36.107778,2.213997984,29.19277344
SierraPlata,9,2060,-5.788333,36.107778,0.000281201,29.71391907
SierraPlata,9,2061,-5.788333,36.107778,16.71133126,32.2214386
SierraPlata,9,2062,-5.788333,36.107778,7.259377297,31.51443583
SierraPlata,9,2063,-5.788333,36.107778,2.356064337,30.97342224
SierraPlata,9,2064,-5.788333,36.107778,22.796601,31.90858053
SierraPlata,9,2065,-5.788333,36.107778,8.545749622,30.7799408
SierraPlata,9,2066,-5.788333,36.107778,6.206967273,30.45432943
SierraPlata,9,2067,-5.788333,36.107778,0.295801765,31.28473918
SierraPlata,9,2068,-5.788333,36.107778,5.862376263,32.55746663
SierraPlata,9,2069,-5.788333,36.107778,4.033959499,31.83783061
SierraPlata,9,2070,-5.788333,36.107778,2.981367424,31.65957947
SierraPlata,9,2071,-5.788333,36.107778,6.568766053,30.61669515
SierraPlata,9,2072,-5.788333,36.107778,22.29211216,29.98851217
SierraPlata,9,2073,-5.788333,36.107778,17.30209967,32.18113302
SierraPlata,9,2074,-5.788333,36.107778,29.31142183,32.10409342
SierraPlata,9,2075,-5.788333,36.107778,4.326945961,32.93305969
SierraPlata,9,2076,-5.788333,36.107778,17.43430007,29.1223114
SierraPlata,9,2077,-5.788333,36.107778,1.250018519,33.02405802
SierraPlata,9,2078,-5.788333,36.107778,2.912348486,32.94689738
SierraPlata,9,2079,-5.788333,36.107778,3.013435416,34.40709025
SierraPlata,9,2080,-5.788333,36.107778,0.349422194,32.22659505
SierraPlata,9,2081,-5.788333,36.107778,10.44266146,33.7454071
SierraPlata,9,2082,-5.788333,36.107778,2.188149752,33.23472493
SierraPlata,9,2083,-5.788333,36.107778,0.582367109,32.89139811
SierraPlata,9,2084,-5.788333,36.107778,6.198372161,34.95570984
SierraPlata,9,2085,-5.788333,36.107778,4.397201831,33.63905131
SierraPlata,9,2086,-5.788333,36.107778,9.830974482,31.44564718
SierraPlata,9,2087,-5.788333,36.107778,2.375005861,32.17148641
SierraPlata,9,2088,-5.788333,36.107778,4.216863032,31.20906576
SierraPlata,9,2089,-5.788333,36.107778,29.32064327,30.79909058
SierraPlata,9,2090,-5.788333,36.107778,16.25387439,31.35024109
SierraPlata,9,2091,-5.788333,36.107778,0.679011165,32.70965678
SierraPlata,9,2092,-5.788333,36.107778,9.373098957,34.33897909
SierraPlata,9,2093,-5.788333,36.107778,9.093137395,33.46183268
SierraPlata,9,2094,-5.788333,36.107778,0.773676636,31.99041138
SierraPlata,9,2095,-5.788333,36.107778,9.575280971,32.21494548
SierraPlata,9,2096,-5.788333,36.107778,4.996537537,32.89479268
SierraPlata,9,2097,-5.788333,36.107778,3.423957874,33.36339518
SierraPlata,9,2098,-5.788333,36.107778,5.425318349,34.85333455
SierraPlata,9,2099,-5.788333,36.107778,0.337147171,35.29749756
SierraPlata,9,2100,-5.788333,36.107778,1.588211784,35.38831482
SierraRetinY4,1,2015,-5.848056,36.173056,148.6920956,15.35110552
SierraRetinY4,1,2016,-5.848056,36.173056,46.35068784,14.30779911
SierraRetinY4,1,2017,-5.848056,36.173056,4.635573072,16.80523564
SierraRetinY4,1,2018,-5.848056,36.173056,259.3754261,15.07201833
SierraRetinY4,1,2019,-5.848056,36.173056,41.57295115,16.34288645
SierraRetinY4,1,2020,-5.848056,36.173056,0.521467545,16.33766991
SierraRetinY4,1,2021,-5.848056,36.173056,11.13536214,16.33353035
SierraRetinY4,1,2022,-5.848056,36.173056,40.63426257,18.14332216
SierraRetinY4,1,2023,-5.848056,36.173056,267.1923557,15.21472148
SierraRetinY4,1,2024,-5.848056,36.173056,94.40513422,16.07122783
SierraRetinY4,1,2025,-5.848056,36.173056,1.328113762,16.26477031
SierraRetinY4,1,2026,-5.848056,36.173056,20.72990226,17.04964796
SierraRetinY4,1,2027,-5.848056,36.173056,9.472605261,17.49324164
SierraRetinY4,1,2028,-5.848056,36.173056,122.8114425,16.70897926
SierraRetinY4,1,2029,-5.848056,36.173056,10.60890634,15.8353742
SierraRetinY4,1,2030,-5.848056,36.173056,175.2361346,16.10477354
SierraRetinY4,1,2031,-5.848056,36.173056,57.93201377,15.70587335
SierraRetinY4,1,2032,-5.848056,36.173056,329.8304274,17.13123917
SierraRetinY4,1,2033,-5.848056,36.173056,25.75290802,17.01186031
SierraRetinY4,1,2034,-5.848056,36.173056,25.66329997,15.56049549
SierraRetinY4,1,2035,-5.848056,36.173056,30.58666854,17.23324762
SierraRetinY4,1,2036,-5.848056,36.173056,57.61092261,16.50154832
SierraRetinY4,1,2037,-5.848056,36.173056,12.84915344,17.69273997
SierraRetinY4,1,2038,-5.848056,36.173056,1.410465829,16.88306629
SierraRetinY4,1,2039,-5.848056,36.173056,9.159301129,16.04130879
SierraRetinY4,1,2040,-5.848056,36.173056,27.14518124,17.22523134
SierraRetinY4,1,2041,-5.848056,36.173056,84.97548874,17.53889003
SierraRetinY4,1,2042,-5.848056,36.173056,7.291126221,16.08390739
SierraRetinY4,1,2043,-5.848056,36.173056,98.21252904,16.18837595
SierraRetinY4,1,2044,-5.848056,36.173056,1.663969992,16.09407762
SierraRetinY4,1,2045,-5.848056,36.173056,168.1033491,17.90340872
SierraRetinY4,1,2046,-5.848056,36.173056,67.6809257,14.41448856
SierraRetinY4,1,2047,-5.848056,36.173056,124.784941,17.23768744
SierraRetinY4,1,2048,-5.848056,36.173056,47.83288685,15.70486726
SierraRetinY4,1,2049,-5.848056,36.173056,40.85926167,16.66633143
SierraRetinY4,1,2050,-5.848056,36.173056,55.46922596,17.40782786
SierraRetinY4,1,2051,-5.848056,36.173056,20.9551938,14.76134742
SierraRetinY4,1,2052,-5.848056,36.173056,91.5245869,18.60529923
SierraRetinY4,1,2053,-5.848056,36.173056,27.58451333,18.34124342
SierraRetinY4,1,2054,-5.848056,36.173056,86.17398614,17.86575199
SierraRetinY4,1,2055,-5.848056,36.173056,67.22753179,18.80501807
SierraRetinY4,1,2056,-5.848056,36.173056,33.15935757,13.41811031
SierraRetinY4,1,2057,-5.848056,36.173056,121.7669887,18.10323191
SierraRetinY4,1,2058,-5.848056,36.173056,0.633242751,16.18867916
SierraRetinY4,1,2059,-5.848056,36.173056,140.9900707,18.07274682
SierraRetinY4,1,2060,-5.848056,36.173056,30.22115126,16.76927116
SierraRetinY4,1,2061,-5.848056,36.173056,104.0235026,15.35499504
SierraRetinY4,1,2062,-5.848056,36.173056,49.29441073,19.59890137
SierraRetinY4,1,2063,-5.848056,36.173056,294.5822595,16.3036881
SierraRetinY4,1,2064,-5.848056,36.173056,110.5681697,15.91744975
SierraRetinY4,1,2065,-5.848056,36.173056,13.78000619,17.87626579
SierraRetinY4,1,2066,-5.848056,36.173056,61.51332993,15.95706551
SierraRetinY4,1,2067,-5.848056,36.173056,9.190037741,17.44954736
SierraRetinY4,1,2068,-5.848056,36.173056,2.544079353,15.84811775
SierraRetinY4,1,2069,-5.848056,36.173056,10.2366364,18.41761317
SierraRetinY4,1,2070,-5.848056,36.173056,128.7548412,16.64807011
SierraRetinY4,1,2071,-5.848056,36.173056,117.3572648,16.90834862
SierraRetinY4,1,2072,-5.848056,36.173056,51.39782376,15.2355453
SierraRetinY4,1,2073,-5.848056,36.173056,16.11960355,17.90604209
SierraRetinY4,1,2074,-5.848056,36.173056,43.31103925,17.15133844
SierraRetinY4,1,2075,-5.848056,36.173056,20.89457553,17.40495034
SierraRetinY4,1,2076,-5.848056,36.173056,82.88748657,18.63627654
SierraRetinY4,1,2077,-5.848056,36.173056,15.78860779,18.82005832
SierraRetinY4,1,2078,-5.848056,36.173056,18.72869833,18.59752315
SierraRetinY4,1,2079,-5.848056,36.173056,29.08862973,17.77907813
SierraRetinY4,1,2080,-5.848056,36.173056,23.16234207,17.5028911
SierraRetinY4,1,2081,-5.848056,36.173056,27.59438024,18.50962662
SierraRetinY4,1,2082,-5.848056,36.173056,57.75700629,18.21216687
SierraRetinY4,1,2083,-5.848056,36.173056,44.78704835,16.37860383
SierraRetinY4,1,2084,-5.848056,36.173056,19.91773834,17.53877682
SierraRetinY4,1,2085,-5.848056,36.173056,0.219080698,16.71201526
SierraRetinY4,1,2086,-5.848056,36.173056,18.18877802,16.56542457
SierraRetinY4,1,2087,-5.848056,36.173056,74.76658841,19.20253808
SierraRetinY4,1,2088,-5.848056,36.173056,88.88397458,18.33718557
SierraRetinY4,1,2089,-5.848056,36.173056,19.94255471,16.77405061
SierraRetinY4,1,2090,-5.848056,36.173056,57.88246178,19.2813768
SierraRetinY4,1,2091,-5.848056,36.173056,9.78425915,18.44550919
SierraRetinY4,1,2092,-5.848056,36.173056,47.49934657,17.31897051
SierraRetinY4,1,2093,-5.848056,36.173056,20.16758183,18.04836327
SierraRetinY4,1,2094,-5.848056,36.173056,34.73327399,17.49516326
SierraRetinY4,1,2095,-5.848056,36.173056,13.40702137,17.85021264
SierraRetinY4,1,2096,-5.848056,36.173056,104.3221986,18.47592242
SierraRetinY4,1,2097,-5.848056,36.173056,30.7161459,19.97951955
SierraRetinY4,1,2098,-5.848056,36.173056,5.67696254,17.89504395
SierraRetinY4,1,2099,-5.848056,36.173056,7.309907423,17.2147205
SierraRetinY4,1,2100,-5.848056,36.173056,19.65397732,19.69895571
SierraRetinY4,10,2015,-5.848056,36.173056,62.81849917,25.13567899
SierraRetinY4,10,2016,-5.848056,36.173056,5.366727252,25.54895197
SierraRetinY4,10,2017,-5.848056,36.173056,30.0193021,22.20487513
SierraRetinY4,10,2018,-5.848056,36.173056,10.50297127,24.19340249
SierraRetinY4,10,2019,-5.848056,36.173056,20.39333489,26.64771866
SierraRetinY4,10,2020,-5.848056,36.173056,2.640969864,24.79342632
SierraRetinY4,10,2021,-5.848056,36.173056,24.32511688,25.88998295
SierraRetinY4,10,2022,-5.848056,36.173056,107.6009261,22.92516775
SierraRetinY4,10,2023,-5.848056,36.173056,15.69681664,24.96220526
SierraRetinY4,10,2024,-5.848056,36.173056,96.174942,21.43722022
SierraRetinY4,10,2025,-5.848056,36.173056,240.649036,21.91511565
SierraRetinY4,10,2026,-5.848056,36.173056,116.6449478,22.73140475
SierraRetinY4,10,2027,-5.848056,36.173056,119.9440189,25.03666323
SierraRetinY4,10,2028,-5.848056,36.173056,143.7858584,23.45891625
SierraRetinY4,10,2029,-5.848056,36.173056,49.27624093,21.384982
SierraRetinY4,10,2030,-5.848056,36.173056,20.19383882,25.39440505
SierraRetinY4,10,2031,-5.848056,36.173056,32.04201373,21.74435996
SierraRetinY4,10,2032,-5.848056,36.173056,123.5700059,22.79759049
SierraRetinY4,10,2033,-5.848056,36.173056,141.0641702,21.80786212
SierraRetinY4,10,2034,-5.848056,36.173056,35.3516865,22.14236332
SierraRetinY4,10,2035,-5.848056,36.173056,13.8129661,24.94069529
SierraRetinY4,10,2036,-5.848056,36.173056,49.62257901,22.51346002
SierraRetinY4,10,2037,-5.848056,36.173056,44.45884031,25.07400198
SierraRetinY4,10,2038,-5.848056,36.173056,21.02281066,24.4148469
SierraRetinY4,10,2039,-5.848056,36.173056,27.63951837,24.64516011
SierraRetinY4,10,2040,-5.848056,36.173056,12.09404588,28.05222916
SierraRetinY4,10,2041,-5.848056,36.173056,88.52643639,22.75475169
SierraRetinY4,10,2042,-5.848056,36.173056,29.1832512,27.1873669
SierraRetinY4,10,2043,-5.848056,36.173056,27.30518301,22.67753827
SierraRetinY4,10,2044,-5.848056,36.173056,20.68516603,22.237146
SierraRetinY4,10,2045,-5.848056,36.173056,6.01563327,26.25663492
SierraRetinY4,10,2046,-5.848056,36.173056,8.892084864,27.21018027
SierraRetinY4,10,2047,-5.848056,36.173056,57.17205518,26.06877855
SierraRetinY4,10,2048,-5.848056,36.173056,24.94196827,23.8489624
SierraRetinY4,10,2049,-5.848056,36.173056,55.15596448,24.38970534
SierraRetinY4,10,2050,-5.848056,36.173056,7.379242215,26.90039929
SierraRetinY4,10,2051,-5.848056,36.173056,98.57328189,21.78054002
SierraRetinY4,10,2052,-5.848056,36.173056,49.56177017,24.32772414
SierraRetinY4,10,2053,-5.848056,36.173056,68.66420039,24.33937398
SierraRetinY4,10,2054,-5.848056,36.173056,18.9775096,24.79487836
SierraRetinY4,10,2055,-5.848056,36.173056,4.386610668,26.29111584
SierraRetinY4,10,2056,-5.848056,36.173056,12.83510605,27.86428616
SierraRetinY4,10,2057,-5.848056,36.173056,27.48427667,24.28940784
SierraRetinY4,10,2058,-5.848056,36.173056,9.466243396,24.67183247
SierraRetinY4,10,2059,-5.848056,36.173056,63.44961495,22.22946836
SierraRetinY4,10,2060,-5.848056,36.173056,85.66599258,24.37036802
SierraRetinY4,10,2061,-5.848056,36.173056,5.819963112,27.91426313
SierraRetinY4,10,2062,-5.848056,36.173056,47.20287559,24.21081622
SierraRetinY4,10,2063,-5.848056,36.173056,8.659707146,28.91320486
SierraRetinY4,10,2064,-5.848056,36.173056,10.4551753,25.19872437
SierraRetinY4,10,2065,-5.848056,36.173056,58.20561478,22.70924407
SierraRetinY4,10,2066,-5.848056,36.173056,94.77734998,26.11436098
SierraRetinY4,10,2067,-5.848056,36.173056,34.0211491,23.35587611
SierraRetinY4,10,2068,-5.848056,36.173056,27.42240381,24.90970124
SierraRetinY4,10,2069,-5.848056,36.173056,37.69709114,25.77344813
SierraRetinY4,10,2070,-5.848056,36.173056,16.26693024,25.99570765
SierraRetinY4,10,2071,-5.848056,36.173056,14.95568918,26.19263857
SierraRetinY4,10,2072,-5.848056,36.173056,52.00021265,23.60688122
SierraRetinY4,10,2073,-5.848056,36.173056,161.7425263,23.19736781
SierraRetinY4,10,2074,-5.848056,36.173056,12.45655666,27.07888479
SierraRetinY4,10,2075,-5.848056,36.173056,0.079060049,29.65765066
SierraRetinY4,10,2076,-5.848056,36.173056,61.81619911,22.95262077
SierraRetinY4,10,2077,-5.848056,36.173056,43.18641731,26.40574971
SierraRetinY4,10,2078,-5.848056,36.173056,49.33416872,27.63124114
SierraRetinY4,10,2079,-5.848056,36.173056,85.4903764,23.69878343
SierraRetinY4,10,2080,-5.848056,36.173056,4.359302146,28.73612513
SierraRetinY4,10,2081,-5.848056,36.173056,23.17477209,26.56140412
SierraRetinY4,10,2082,-5.848056,36.173056,30.33417116,24.5693003
SierraRetinY4,10,2083,-5.848056,36.173056,47.12023763,25.7938132
SierraRetinY4,10,2084,-5.848056,36.173056,45.5978301,24.88079125
SierraRetinY4,10,2085,-5.848056,36.173056,13.96928196,29.10660066
SierraRetinY4,10,2086,-5.848056,36.173056,56.38595953,27.8345522
SierraRetinY4,10,2087,-5.848056,36.173056,1.217656393,26.20896843
SierraRetinY4,10,2088,-5.848056,36.173056,69.27627162,26.05982804
SierraRetinY4,10,2089,-5.848056,36.173056,3.288446601,25.29016192
SierraRetinY4,10,2090,-5.848056,36.173056,43.99632869,25.55700172
SierraRetinY4,10,2091,-5.848056,36.173056,13.00786926,27.259223
SierraRetinY4,10,2092,-5.848056,36.173056,31.246613,26.30750083
SierraRetinY4,10,2093,-5.848056,36.173056,58.5306466,23.80185015
SierraRetinY4,10,2094,-5.848056,36.173056,83.81432322,24.86973503
SierraRetinY4,10,2095,-5.848056,36.173056,12.86651906,27.59455803
SierraRetinY4,10,2096,-5.848056,36.173056,45.09770136,26.28295977
SierraRetinY4,10,2097,-5.848056,36.173056,16.5091543,27.87313331
SierraRetinY4,10,2098,-5.848056,36.173056,75.07332367,27.52017586
SierraRetinY4,10,2099,-5.848056,36.173056,19.29713395,26.36535231
SierraRetinY4,10,2100,-5.848056,36.173056,4.337991358,29.63563173
SierraRetinY4,11,2015,-5.848056,36.173056,121.8649943,18.04260661
SierraRetinY4,11,2016,-5.848056,36.173056,48.64235381,18.21017558
SierraRetinY4,11,2017,-5.848056,36.173056,159.1092634,18.3072408
SierraRetinY4,11,2018,-5.848056,36.173056,45.72648051,19.90654704
SierraRetinY4,11,2019,-5.848056,36.173056,75.38644193,20.12059631
SierraRetinY4,11,2020,-5.848056,36.173056,10.19599529,20.35411072
SierraRetinY4,11,2021,-5.848056,36.173056,28.08911467,21.673703
SierraRetinY4,11,2022,-5.848056,36.173056,88.28161511,19.84893087
SierraRetinY4,11,2023,-5.848056,36.173056,22.37130222,19.38220723
SierraRetinY4,11,2024,-5.848056,36.173056,22.16436651,18.30198873
SierraRetinY4,11,2025,-5.848056,36.173056,116.4788581,19.93458659
SierraRetinY4,11,2026,-5.848056,36.173056,9.756435494,20.20195516
SierraRetinY4,11,2027,-5.848056,36.173056,53.04760592,19.83458761
SierraRetinY4,11,2028,-5.848056,36.173056,25.2128433,19.46764119
SierraRetinY4,11,2029,-5.848056,36.173056,28.43673751,18.68726603
SierraRetinY4,11,2030,-5.848056,36.173056,88.58320916,21.05282288
SierraRetinY4,11,2031,-5.848056,36.173056,154.1752749,17.23536377
SierraRetinY4,11,2032,-5.848056,36.173056,154.0193634,19.87963765
SierraRetinY4,11,2033,-5.848056,36.173056,19.60797088,17.41513774
SierraRetinY4,11,2034,-5.848056,36.173056,125.5778049,19.31026306
SierraRetinY4,11,2035,-5.848056,36.173056,54.61446073,19.34193319
SierraRetinY4,11,2036,-5.848056,36.173056,10.34260287,19.5673818
SierraRetinY4,11,2037,-5.848056,36.173056,65.06525634,17.88632406
SierraRetinY4,11,2038,-5.848056,36.173056,45.38912106,19.86231791
SierraRetinY4,11,2039,-5.848056,36.173056,25.34326297,20.86078695
SierraRetinY4,11,2040,-5.848056,36.173056,86.57729233,21.67728984
SierraRetinY4,11,2041,-5.848056,36.173056,90.9402597,19.5747345
SierraRetinY4,11,2042,-5.848056,36.173056,7.369158702,22.94265849
SierraRetinY4,11,2043,-5.848056,36.173056,173.778217,19.024705
SierraRetinY4,11,2044,-5.848056,36.173056,79.63074058,19.42953593
SierraRetinY4,11,2045,-5.848056,36.173056,110.6585184,19.56772868
SierraRetinY4,11,2046,-5.848056,36.173056,97.17288243,20.1602946
SierraRetinY4,11,2047,-5.848056,36.173056,45.36349105,19.22687581
SierraRetinY4,11,2048,-5.848056,36.173056,17.59171627,18.87392273
SierraRetinY4,11,2049,-5.848056,36.173056,83.77016623,19.82230123
SierraRetinY4,11,2050,-5.848056,36.173056,47.72211554,17.84975281
SierraRetinY4,11,2051,-5.848056,36.173056,25.5615151,18.56404114
SierraRetinY4,11,2052,-5.848056,36.173056,166.392045,18.46702779
SierraRetinY4,11,2053,-5.848056,36.173056,4.420351525,19.19952291
SierraRetinY4,11,2054,-5.848056,36.173056,161.3545131,20.18162435
SierraRetinY4,11,2055,-5.848056,36.173056,65.53007496,20.08328247
SierraRetinY4,11,2056,-5.848056,36.173056,106.2116127,18.85659485
SierraRetinY4,11,2057,-5.848056,36.173056,20.49636533,21.41650696
SierraRetinY4,11,2058,-5.848056,36.173056,36.30863987,20.71772766
SierraRetinY4,11,2059,-5.848056,36.173056,4.709481757,19.89588521
SierraRetinY4,11,2060,-5.848056,36.173056,271.1246445,18.8015391
SierraRetinY4,11,2061,-5.848056,36.173056,29.16412374,22.32477214
SierraRetinY4,11,2062,-5.848056,36.173056,5.587167051,20.57368368
SierraRetinY4,11,2063,-5.848056,36.173056,99.15006518,22.43358053
SierraRetinY4,11,2064,-5.848056,36.173056,51.61281946,20.72673543
SierraRetinY4,11,2065,-5.848056,36.173056,61.03914726,20.86621602
SierraRetinY4,11,2066,-5.848056,36.173056,68.86484452,20.56021423
SierraRetinY4,11,2067,-5.848056,36.173056,30.64212548,18.22213847
SierraRetinY4,11,2068,-5.848056,36.173056,111.5322308,19.35250549
SierraRetinY4,11,2069,-5.848056,36.173056,4.549043583,21.59069316
SierraRetinY4,11,2070,-5.848056,36.173056,31.27107211,20.03009949
SierraRetinY4,11,2071,-5.848056,36.173056,16.22813694,20.44301249
SierraRetinY4,11,2072,-5.848056,36.173056,34.07973302,20.44797262
SierraRetinY4,11,2073,-5.848056,36.173056,55.67687935,20.93077799
SierraRetinY4,11,2074,-5.848056,36.173056,121.706946,19.1827474
SierraRetinY4,11,2075,-5.848056,36.173056,73.01094642,22.99829305
SierraRetinY4,11,2076,-5.848056,36.173056,61.86704567,19.27763875
SierraRetinY4,11,2077,-5.848056,36.173056,19.70827064,23.44462789
SierraRetinY4,11,2078,-5.848056,36.173056,27.24963575,21.3751709
SierraRetinY4,11,2079,-5.848056,36.173056,19.7449981,20.43811849
SierraRetinY4,11,2080,-5.848056,36.173056,13.12755143,22.08919373
SierraRetinY4,11,2081,-5.848056,36.173056,43.94333635,21.72874756
SierraRetinY4,11,2082,-5.848056,36.173056,45.02306268,20.48600362
SierraRetinY4,11,2083,-5.848056,36.173056,23.60075289,19.95732829
SierraRetinY4,11,2084,-5.848056,36.173056,41.93826396,22.77033488
SierraRetinY4,11,2085,-5.848056,36.173056,31.2856306,22.48225708
SierraRetinY4,11,2086,-5.848056,36.173056,22.96096992,21.90051371
SierraRetinY4,11,2087,-5.848056,36.173056,22.25604729,23.097229
SierraRetinY4,11,2088,-5.848056,36.173056,158.5522866,20.49922485
SierraRetinY4,11,2089,-5.848056,36.173056,5.421882684,20.32904765
SierraRetinY4,11,2090,-5.848056,36.173056,33.02588174,21.33061625
SierraRetinY4,11,2091,-5.848056,36.173056,55.54532793,20.5428833
SierraRetinY4,11,2092,-5.848056,36.173056,0.069473189,25.22731832
SierraRetinY4,11,2093,-5.848056,36.173056,5.729153971,23.76018473
SierraRetinY4,11,2094,-5.848056,36.173056,55.61863045,19.73223572
SierraRetinY4,11,2095,-5.848056,36.173056,18.79731306,23.24938456
SierraRetinY4,11,2096,-5.848056,36.173056,55.3729471,21.79796651
SierraRetinY4,11,2097,-5.848056,36.173056,180.3133484,20.70837097
SierraRetinY4,11,2098,-5.848056,36.173056,18.81977333,21.36025899
SierraRetinY4,11,2099,-5.848056,36.173056,15.45501495,23.4899058
SierraRetinY4,11,2100,-5.848056,36.173056,86.4473821,23.43894958
SierraRetinY4,12,2015,-5.848056,36.173056,87.79503748,14.8463182
SierraRetinY4,12,2016,-5.848056,36.173056,53.31561477,14.7371834
SierraRetinY4,12,2017,-5.848056,36.173056,213.4336357,14.78866557
SierraRetinY4,12,2018,-5.848056,36.173056,1.674760231,18.00818344
SierraRetinY4,12,2019,-5.848056,36.173056,1.485700107,17.76118105
SierraRetinY4,12,2020,-5.848056,36.173056,69.51870682,18.09052577
SierraRetinY4,12,2021,-5.848056,36.173056,23.34802387,18.09259604
SierraRetinY4,12,2022,-5.848056,36.173056,97.47625641,17.3836225
SierraRetinY4,12,2023,-5.848056,36.173056,196.6582814,17.48813831
SierraRetinY4,12,2024,-5.848056,36.173056,50.8189566,15.8422131
SierraRetinY4,12,2025,-5.848056,36.173056,116.2520458,16.99412566
SierraRetinY4,12,2026,-5.848056,36.173056,2.145576424,18.33824187
SierraRetinY4,12,2027,-5.848056,36.173056,3.784235437,19.36106705
SierraRetinY4,12,2028,-5.848056,36.173056,121.3889961,17.54382009
SierraRetinY4,12,2029,-5.848056,36.173056,300.79932,16.6101151
SierraRetinY4,12,2030,-5.848056,36.173056,13.88452945,18.31122397
SierraRetinY4,12,2031,-5.848056,36.173056,45.37688654,15.85544394
SierraRetinY4,12,2032,-5.848056,36.173056,106.0952482,15.87384407
SierraRetinY4,12,2033,-5.848056,36.173056,118.4017106,16.22631619
SierraRetinY4,12,2034,-5.848056,36.173056,13.37294382,19.5767525
SierraRetinY4,12,2035,-5.848056,36.173056,18.45920063,14.88677073
SierraRetinY4,12,2036,-5.848056,36.173056,0.626621712,18.963044
SierraRetinY4,12,2037,-5.848056,36.173056,15.32494614,18.82535656
SierraRetinY4,12,2038,-5.848056,36.173056,46.09870098,17.24638692
SierraRetinY4,12,2039,-5.848056,36.173056,0.978855207,18.33240022
SierraRetinY4,12,2040,-5.848056,36.173056,45.71536941,17.94653694
SierraRetinY4,12,2041,-5.848056,36.173056,92.24081063,17.3425547
SierraRetinY4,12,2042,-5.848056,36.173056,71.66379545,16.02464226
SierraRetinY4,12,2043,-5.848056,36.173056,89.0049992,18.70435634
SierraRetinY4,12,2044,-5.848056,36.173056,16.92019723,19.00543587
SierraRetinY4,12,2045,-5.848056,36.173056,108.2021511,16.73363057
SierraRetinY4,12,2046,-5.848056,36.173056,62.74812323,18.62602854
SierraRetinY4,12,2047,-5.848056,36.173056,295.8874484,17.81688055
SierraRetinY4,12,2048,-5.848056,36.173056,276.6859576,16.73200231
SierraRetinY4,12,2049,-5.848056,36.173056,212.3530661,17.37461784
SierraRetinY4,12,2050,-5.848056,36.173056,104.1819411,15.40267432
SierraRetinY4,12,2051,-5.848056,36.173056,174.2076106,16.58398319
SierraRetinY4,12,2052,-5.848056,36.173056,94.39160378,17.5280996
SierraRetinY4,12,2053,-5.848056,36.173056,201.0329954,17.32123374
SierraRetinY4,12,2054,-5.848056,36.173056,65.63030881,19.54682558
SierraRetinY4,12,2055,-5.848056,36.173056,21.60271629,17.13462859
SierraRetinY4,12,2056,-5.848056,36.173056,16.59600031,16.71289535
SierraRetinY4,12,2057,-5.848056,36.173056,138.2618547,18.76368841
SierraRetinY4,12,2058,-5.848056,36.173056,47.96716672,18.03197632
SierraRetinY4,12,2059,-5.848056,36.173056,34.1459277,17.35900859
SierraRetinY4,12,2060,-5.848056,36.173056,174.9894663,16.9885882
SierraRetinY4,12,2061,-5.848056,36.173056,0.431821507,17.92227153
SierraRetinY4,12,2062,-5.848056,36.173056,281.3739969,19.00377119
SierraRetinY4,12,2063,-5.848056,36.173056,8.443142089,17.176354
SierraRetinY4,12,2064,-5.848056,36.173056,83.22434628,18.33859151
SierraRetinY4,12,2065,-5.848056,36.173056,131.1958432,17.74337552
SierraRetinY4,12,2066,-5.848056,36.173056,8.665701928,17.51703058
SierraRetinY4,12,2067,-5.848056,36.173056,18.19412498,17.2735259
SierraRetinY4,12,2068,-5.848056,36.173056,34.5705639,16.80059401
SierraRetinY4,12,2069,-5.848056,36.173056,66.47515836,17.41721644
SierraRetinY4,12,2070,-5.848056,36.173056,65.86712862,17.26201585
SierraRetinY4,12,2071,-5.848056,36.173056,36.07114822,16.266814
SierraRetinY4,12,2072,-5.848056,36.173056,10.97055233,18.66382505
SierraRetinY4,12,2073,-5.848056,36.173056,41.36743843,19.66622511
SierraRetinY4,12,2074,-5.848056,36.173056,40.26160672,17.37448396
SierraRetinY4,12,2075,-5.848056,36.173056,25.77371562,19.01866967
SierraRetinY4,12,2076,-5.848056,36.173056,26.44754438,18.41556456
SierraRetinY4,12,2077,-5.848056,36.173056,70.32362895,18.23418481
SierraRetinY4,12,2078,-5.848056,36.173056,21.2199103,17.34876059
SierraRetinY4,12,2079,-5.848056,36.173056,65.43492415,20.69765527
SierraRetinY4,12,2080,-5.848056,36.173056,23.71560946,18.43281585
SierraRetinY4,12,2081,-5.848056,36.173056,45.68881097,17.81208929
SierraRetinY4,12,2082,-5.848056,36.173056,25.47362919,19.68504855
SierraRetinY4,12,2083,-5.848056,36.173056,28.34214539,18.08569808
SierraRetinY4,12,2084,-5.848056,36.173056,102.6295698,18.08976086
SierraRetinY4,12,2085,-5.848056,36.173056,53.83057722,17.68639723
SierraRetinY4,12,2086,-5.848056,36.173056,189.6363664,19.3106973
SierraRetinY4,12,2087,-5.848056,36.173056,8.75618553,21.0262459
SierraRetinY4,12,2088,-5.848056,36.173056,37.96795729,17.24076184
SierraRetinY4,12,2089,-5.848056,36.173056,61.66451974,20.09216387
SierraRetinY4,12,2090,-5.848056,36.173056,2.115739483,19.50362844
SierraRetinY4,12,2091,-5.848056,36.173056,155.7207107,20.3458752
SierraRetinY4,12,2092,-5.848056,36.173056,7.1726501,21.03832004
SierraRetinY4,12,2093,-5.848056,36.173056,96.50461035,18.18267507
SierraRetinY4,12,2094,-5.848056,36.173056,14.08137956,19.72058381
SierraRetinY4,12,2095,-5.848056,36.173056,48.38216859,19.07060173
SierraRetinY4,12,2096,-5.848056,36.173056,39.50686959,20.09999902
SierraRetinY4,12,2097,-5.848056,36.173056,101.1556446,17.65616317
SierraRetinY4,12,2098,-5.848056,36.173056,12.42078532,19.52741837
SierraRetinY4,12,2099,-5.848056,36.173056,22.10178469,19.76347085
SierraRetinY4,12,2100,-5.848056,36.173056,0.318390627,17.7026062
SierraRetinY4,2,2015,-5.848056,36.173056,42.87027098,16.32749329
SierraRetinY4,2,2016,-5.848056,36.173056,4.725808252,17.98604105
SierraRetinY4,2,2017,-5.848056,36.173056,24.94353225,17.19982191
SierraRetinY4,2,2018,-5.848056,36.173056,40.95482529,18.4074537
SierraRetinY4,2,2019,-5.848056,36.173056,0.073163958,18.18176858
SierraRetinY4,2,2020,-5.848056,36.173056,60.97491768,17.15796656
SierraRetinY4,2,2021,-5.848056,36.173056,37.06655459,13.98706752
SierraRetinY4,2,2022,-5.848056,36.173056,24.93701326,18.34817113
SierraRetinY4,2,2023,-5.848056,36.173056,40.96312964,16.57061702
SierraRetinY4,2,2024,-5.848056,36.173056,88.27439907,17.1465793
SierraRetinY4,2,2025,-5.848056,36.173056,27.61902859,15.88736223
SierraRetinY4,2,2026,-5.848056,36.173056,52.50833024,15.36147352
SierraRetinY4,2,2027,-5.848056,36.173056,27.28164158,17.04681876
SierraRetinY4,2,2028,-5.848056,36.173056,264.0193175,16.52886142
SierraRetinY4,2,2029,-5.848056,36.173056,90.48287882,16.23114057
SierraRetinY4,2,2030,-5.848056,36.173056,24.86790942,16.91787763
SierraRetinY4,2,2031,-5.848056,36.173056,46.81999313,15.94248788
SierraRetinY4,2,2032,-5.848056,36.173056,156.4663762,19.71821773
SierraRetinY4,2,2033,-5.848056,36.173056,83.27419839,16.25510559
SierraRetinY4,2,2034,-5.848056,36.173056,2.515205261,18.04709124
SierraRetinY4,2,2035,-5.848056,36.173056,37.87921673,15.79722421
SierraRetinY4,2,2036,-5.848056,36.173056,15.67397332,17.66837832
SierraRetinY4,2,2037,-5.848056,36.173056,179.084035,16.68140019
SierraRetinY4,2,2038,-5.848056,36.173056,0.59316319,20.19216527
SierraRetinY4,2,2039,-5.848056,36.173056,13.52434984,19.27609297
SierraRetinY4,2,2040,-5.848056,36.173056,56.22668645,18.48591056
SierraRetinY4,2,2041,-5.848056,36.173056,49.04596884,16.9575385
SierraRetinY4,2,2042,-5.848056,36.173056,10.57861413,17.3046923
SierraRetinY4,2,2043,-5.848056,36.173056,7.272709435,16.96467743
SierraRetinY4,2,2044,-5.848056,36.173056,56.12857133,16.0719554
SierraRetinY4,2,2045,-5.848056,36.173056,0.199379454,17.52630114
SierraRetinY4,2,2046,-5.848056,36.173056,39.41483167,18.93705902
SierraRetinY4,2,2047,-5.848056,36.173056,98.36188134,18.71438424
SierraRetinY4,2,2048,-5.848056,36.173056,34.79930873,16.16847618
SierraRetinY4,2,2049,-5.848056,36.173056,6.654261276,18.6117678
SierraRetinY4,2,2050,-5.848056,36.173056,52.9768733,19.80603289
SierraRetinY4,2,2051,-5.848056,36.173056,37.06225271,15.94048135
SierraRetinY4,2,2052,-5.848056,36.173056,50.62299081,19.51571992
SierraRetinY4,2,2053,-5.848056,36.173056,33.33280958,18.97352644
SierraRetinY4,2,2054,-5.848056,36.173056,22.41842351,18.00753937
SierraRetinY4,2,2055,-5.848056,36.173056,173.6229102,16.02065212
SierraRetinY4,2,2056,-5.848056,36.173056,41.84685954,18.13659899
SierraRetinY4,2,2057,-5.848056,36.173056,258.8497147,17.62719879
SierraRetinY4,2,2058,-5.848056,36.173056,7.024919633,19.4596889
SierraRetinY4,2,2059,-5.848056,36.173056,41.06380115,19.58617009
SierraRetinY4,2,2060,-5.848056,36.173056,29.15400096,19.49183202
SierraRetinY4,2,2061,-5.848056,36.173056,28.55458893,18.86664734
SierraRetinY4,2,2062,-5.848056,36.173056,8.180491743,20.85216348
SierraRetinY4,2,2063,-5.848056,36.173056,34.41153823,17.83122406
SierraRetinY4,2,2064,-5.848056,36.173056,78.83844689,18.76286811
SierraRetinY4,2,2065,-5.848056,36.173056,0.44062052,20.76121129
SierraRetinY4,2,2066,-5.848056,36.173056,43.20273663,16.59253191
SierraRetinY4,2,2067,-5.848056,36.173056,1.076668563,18.76984558
SierraRetinY4,2,2068,-5.848056,36.173056,60.0480689,21.45482893
SierraRetinY4,2,2069,-5.848056,36.173056,27.44775059,17.11824733
SierraRetinY4,2,2070,-5.848056,36.173056,1.743949405,17.27575836
SierraRetinY4,2,2071,-5.848056,36.173056,37.90593117,17.98743373
SierraRetinY4,2,2072,-5.848056,36.173056,19.07279179,15.17323903
SierraRetinY4,2,2073,-5.848056,36.173056,24.59636525,17.89089464
SierraRetinY4,2,2074,-5.848056,36.173056,98.07290292,17.16537628
SierraRetinY4,2,2075,-5.848056,36.173056,79.98366411,17.45073308
SierraRetinY4,2,2076,-5.848056,36.173056,69.91104786,19.06215715
SierraRetinY4,2,2077,-5.848056,36.173056,1.606999697,20.26520255
SierraRetinY4,2,2078,-5.848056,36.173056,1.226761825,21.06067483
SierraRetinY4,2,2079,-5.848056,36.173056,29.57545529,16.79200788
SierraRetinY4,2,2080,-5.848056,36.173056,56.10985248,19.03727901
SierraRetinY4,2,2081,-5.848056,36.173056,8.254038043,24.49400591
SierraRetinY4,2,2082,-5.848056,36.173056,66.13259432,18.51585323
SierraRetinY4,2,2083,-5.848056,36.173056,26.70068719,18.52299543
SierraRetinY4,2,2084,-5.848056,36.173056,229.2113601,16.92083235
SierraRetinY4,2,2085,-5.848056,36.173056,21.65452842,19.24328112
SierraRetinY4,2,2086,-5.848056,36.173056,10.41850988,20.51861071
SierraRetinY4,2,2087,-5.848056,36.173056,14.37429016,21.18221327
SierraRetinY4,2,2088,-5.848056,36.173056,105.1481024,18.27816267
SierraRetinY4,2,2089,-5.848056,36.173056,4.82569113,20.17535117
SierraRetinY4,2,2090,-5.848056,36.173056,117.3776798,19.24999717
SierraRetinY4,2,2091,-5.848056,36.173056,0.379549717,22.39638672
SierraRetinY4,2,2092,-5.848056,36.173056,13.11827882,20.01249663
SierraRetinY4,2,2093,-5.848056,36.173056,1.893103939,21.19300123
SierraRetinY4,2,2094,-5.848056,36.173056,38.98222,20.85603921
SierraRetinY4,2,2095,-5.848056,36.173056,1.019486352,17.5369921
SierraRetinY4,2,2096,-5.848056,36.173056,44.05153086,18.97006036
SierraRetinY4,2,2097,-5.848056,36.173056,48.37487391,20.27936489
SierraRetinY4,2,2098,-5.848056,36.173056,2.100761146,20.43027104
SierraRetinY4,2,2099,-5.848056,36.173056,1.169972139,20.16540244
SierraRetinY4,2,2100,-5.848056,36.173056,3.391859402,21.54888851
SierraRetinY4,3,2015,-5.848056,36.173056,21.14156406,18.4695915
SierraRetinY4,3,2016,-5.848056,36.173056,6.316447055,19.1108426
SierraRetinY4,3,2017,-5.848056,36.173056,38.22051648,20.66394417
SierraRetinY4,3,2018,-5.848056,36.173056,79.88747305,17.04410361
SierraRetinY4,3,2019,-5.848056,36.173056,27.49455574,21.51274237
SierraRetinY4,3,2020,-5.848056,36.173056,31.91408679,21.2202432
SierraRetinY4,3,2021,-5.848056,36.173056,47.61683611,17.77329358
SierraRetinY4,3,2022,-5.848056,36.173056,39.4521669,17.32090789
SierraRetinY4,3,2023,-5.848056,36.173056,6.938832623,19.29431133
SierraRetinY4,3,2024,-5.848056,36.173056,397.2399699,16.73676797
SierraRetinY4,3,2025,-5.848056,36.173056,21.33214378,19.75884006
SierraRetinY4,3,2026,-5.848056,36.173056,38.9123286,17.01446514
SierraRetinY4,3,2027,-5.848056,36.173056,41.31858824,19.63180621
SierraRetinY4,3,2028,-5.848056,36.173056,79.81858299,19.15317245
SierraRetinY4,3,2029,-5.848056,36.173056,32.69355654,19.93169457
SierraRetinY4,3,2030,-5.848056,36.173056,83.47139983,19.5840206
SierraRetinY4,3,2031,-5.848056,36.173056,37.03045956,19.32376473
SierraRetinY4,3,2032,-5.848056,36.173056,111.0054285,19.30745456
SierraRetinY4,3,2033,-5.848056,36.173056,61.69752233,16.45231166
SierraRetinY4,3,2034,-5.848056,36.173056,25.01066731,17.70738151
SierraRetinY4,3,2035,-5.848056,36.173056,37.84430874,19.51874842
SierraRetinY4,3,2036,-5.848056,36.173056,7.81198495,19.32394389
SierraRetinY4,3,2037,-5.848056,36.173056,41.77816939,22.22809704
SierraRetinY4,3,2038,-5.848056,36.173056,22.74640047,23.72601889
SierraRetinY4,3,2039,-5.848056,36.173056,0.634028501,19.52586493
SierraRetinY4,3,2040,-5.848056,36.173056,1.226568429,20.0534095
SierraRetinY4,3,2041,-5.848056,36.173056,31.69275376,21.1024611
SierraRetinY4,3,2042,-5.848056,36.173056,5.597428596,22.62928605
SierraRetinY4,3,2043,-5.848056,36.173056,34.58681125,21.02264385
SierraRetinY4,3,2044,-5.848056,36.173056,32.23056259,18.61612116
SierraRetinY4,3,2045,-5.848056,36.173056,6.044606217,22.08765023
SierraRetinY4,3,2046,-5.848056,36.173056,11.78413434,20.1935098
SierraRetinY4,3,2047,-5.848056,36.173056,121.659166,17.49314615
SierraRetinY4,3,2048,-5.848056,36.173056,16.46908392,19.92403761
SierraRetinY4,3,2049,-5.848056,36.173056,1.888850561,20.31097392
SierraRetinY4,3,2050,-5.848056,36.173056,59.0913131,20.59436311
SierraRetinY4,3,2051,-5.848056,36.173056,45.87254381,16.81954838
SierraRetinY4,3,2052,-5.848056,36.173056,118.8354185,18.38307023
SierraRetinY4,3,2053,-5.848056,36.173056,64.03316487,19.53878075
SierraRetinY4,3,2054,-5.848056,36.173056,1.771527964,20.46428735
SierraRetinY4,3,2055,-5.848056,36.173056,14.2507456,20.20053278
SierraRetinY4,3,2056,-5.848056,36.173056,84.83072457,17.72991136
SierraRetinY4,3,2057,-5.848056,36.173056,105.9971419,16.84741388
SierraRetinY4,3,2058,-5.848056,36.173056,0.012416425,22.65127642
SierraRetinY4,3,2059,-5.848056,36.173056,0.102285863,23.1678514
SierraRetinY4,3,2060,-5.848056,36.173056,30.67990964,19.93002004
SierraRetinY4,3,2061,-5.848056,36.173056,2.060031623,20.05822636
SierraRetinY4,3,2062,-5.848056,36.173056,29.98257437,20.69498252
SierraRetinY4,3,2063,-5.848056,36.173056,124.1590848,19.12562197
SierraRetinY4,3,2064,-5.848056,36.173056,55.44269643,19.18131359
SierraRetinY4,3,2065,-5.848056,36.173056,24.35506056,22.07108016
SierraRetinY4,3,2066,-5.848056,36.173056,77.05354458,18.22588895
SierraRetinY4,3,2067,-5.848056,36.173056,5.57418784,22.84744046
SierraRetinY4,3,2068,-5.848056,36.173056,228.1488131,19.51824931
SierraRetinY4,3,2069,-5.848056,36.173056,1.452203,21.55070328
SierraRetinY4,3,2070,-5.848056,36.173056,45.95419023,17.48702688
SierraRetinY4,3,2071,-5.848056,36.173056,59.32417659,16.85957661
SierraRetinY4,3,2072,-5.848056,36.173056,19.2333948,18.53300112
SierraRetinY4,3,2073,-5.848056,36.173056,11.6624118,19.95585957
SierraRetinY4,3,2074,-5.848056,36.173056,61.89894344,19.8588629
SierraRetinY4,3,2075,-5.848056,36.173056,39.40622692,20.18953464
SierraRetinY4,3,2076,-5.848056,36.173056,38.29311874,20.75233784
SierraRetinY4,3,2077,-5.848056,36.173056,0.316146409,23.41035491
SierraRetinY4,3,2078,-5.848056,36.173056,6.072953016,25.52236131
SierraRetinY4,3,2079,-5.848056,36.173056,37.93163005,19.88126772
SierraRetinY4,3,2080,-5.848056,36.173056,13.89520033,20.52267338
SierraRetinY4,3,2081,-5.848056,36.173056,16.50306793,26.08544804
SierraRetinY4,3,2082,-5.848056,36.173056,68.3956121,19.59766098
SierraRetinY4,3,2083,-5.848056,36.173056,13.51850047,22.30000138
SierraRetinY4,3,2084,-5.848056,36.173056,11.71799461,20.54134521
SierraRetinY4,3,2085,-5.848056,36.173056,32.29064703,22.28022697
SierraRetinY4,3,2086,-5.848056,36.173056,4.171841098,20.73580618
SierraRetinY4,3,2087,-5.848056,36.173056,0.03354871,21.97339143
SierraRetinY4,3,2088,-5.848056,36.173056,125.5074471,20.35104449
SierraRetinY4,3,2089,-5.848056,36.173056,5.042494271,23.24948986
SierraRetinY4,3,2090,-5.848056,36.173056,191.5631373,19.33476681
SierraRetinY4,3,2091,-5.848056,36.173056,14.51396789,24.50019768
SierraRetinY4,3,2092,-5.848056,36.173056,82.78782396,19.99953909
SierraRetinY4,3,2093,-5.848056,36.173056,2.025055079,22.31628792
SierraRetinY4,3,2094,-5.848056,36.173056,0.87313252,23.83445671
SierraRetinY4,3,2095,-5.848056,36.173056,17.67996637,24.05859651
SierraRetinY4,3,2096,-5.848056,36.173056,27.95828157,19.94254505
SierraRetinY4,3,2097,-5.848056,36.173056,14.788643,22.5125632
SierraRetinY4,3,2098,-5.848056,36.173056,18.45211684,21.6356337
SierraRetinY4,3,2099,-5.848056,36.173056,123.8643014,19.65403876
SierraRetinY4,3,2100,-5.848056,36.173056,50.69616213,23.12559342
SierraRetinY4,4,2015,-5.848056,36.173056,3.980655713,23.404953
SierraRetinY4,4,2016,-5.848056,36.173056,13.36775209,23.06498006
SierraRetinY4,4,2017,-5.848056,36.173056,14.83714044,22.49856466
SierraRetinY4,4,2018,-5.848056,36.173056,82.24227537,19.44521077
SierraRetinY4,4,2019,-5.848056,36.173056,77.12049397,20.91682332
SierraRetinY4,4,2020,-5.848056,36.173056,23.25563309,22.2982961
SierraRetinY4,4,2021,-5.848056,36.173056,66.78630692,19.39346619
SierraRetinY4,4,2022,-5.848056,36.173056,92.72191801,20.04153951
SierraRetinY4,4,2023,-5.848056,36.173056,100.6587187,19.53804728
SierraRetinY4,4,2024,-5.848056,36.173056,20.51298608,19.64022725
SierraRetinY4,4,2025,-5.848056,36.173056,87.58683771,20.17597656
SierraRetinY4,4,2026,-5.848056,36.173056,39.27687432,18.0254069
SierraRetinY4,4,2027,-5.848056,36.173056,15.02544833,22.85118815
SierraRetinY4,4,2028,-5.848056,36.173056,12.00675958,21.20065715
SierraRetinY4,4,2029,-5.848056,36.173056,12.79855053,20.68458964
SierraRetinY4,4,2030,-5.848056,36.173056,33.86599872,20.23392131
SierraRetinY4,4,2031,-5.848056,36.173056,17.75187851,23.77697957
SierraRetinY4,4,2032,-5.848056,36.173056,18.37237365,20.92613424
SierraRetinY4,4,2033,-5.848056,36.173056,64.2680714,20.15046488
SierraRetinY4,4,2034,-5.848056,36.173056,4.464093093,22.24663391
SierraRetinY4,4,2035,-5.848056,36.173056,23.32128395,21.59934489
SierraRetinY4,4,2036,-5.848056,36.173056,49.66983046,22.09711202
SierraRetinY4,4,2037,-5.848056,36.173056,45.38788717,23.07462769
SierraRetinY4,4,2038,-5.848056,36.173056,72.63027271,22.16807556
SierraRetinY4,4,2039,-5.848056,36.173056,103.3021782,19.18808594
SierraRetinY4,4,2040,-5.848056,36.173056,22.37906813,20.19878235
SierraRetinY4,4,2041,-5.848056,36.173056,12.21303292,20.71324361
SierraRetinY4,4,2042,-5.848056,36.173056,35.28012273,23.31028748
SierraRetinY4,4,2043,-5.848056,36.173056,12.53522901,20.83139954
SierraRetinY4,4,2044,-5.848056,36.173056,2.021543698,21.99908854
SierraRetinY4,4,2045,-5.848056,36.173056,16.73784722,23.57995199
SierraRetinY4,4,2046,-5.848056,36.173056,50.69292167,19.93380432
SierraRetinY4,4,2047,-5.848056,36.173056,3.608340742,20.82638143
SierraRetinY4,4,2048,-5.848056,36.173056,57.81667499,18.93541667
SierraRetinY4,4,2049,-5.848056,36.173056,25.76143888,20.27698059
SierraRetinY4,4,2050,-5.848056,36.173056,76.95763541,21.30731099
SierraRetinY4,4,2051,-5.848056,36.173056,32.42907054,21.86648763
SierraRetinY4,4,2052,-5.848056,36.173056,72.65502151,20.00681966
SierraRetinY4,4,2053,-5.848056,36.173056,49.26148424,20.45228882
SierraRetinY4,4,2054,-5.848056,36.173056,30.33899419,21.94662476
SierraRetinY4,4,2055,-5.848056,36.173056,7.552555449,19.98684591
SierraRetinY4,4,2056,-5.848056,36.173056,34.54237188,22.29776611
SierraRetinY4,4,2057,-5.848056,36.173056,74.27741782,20.1756307
SierraRetinY4,4,2058,-5.848056,36.173056,25.41697845,22.89624532
SierraRetinY4,4,2059,-5.848056,36.173056,31.94116185,23.0083374
SierraRetinY4,4,2060,-5.848056,36.173056,45.87011599,21.47875264
SierraRetinY4,4,2061,-5.848056,36.173056,18.81859447,23.35246684
SierraRetinY4,4,2062,-5.848056,36.173056,3.334546768,25.05774231
SierraRetinY4,4,2063,-5.848056,36.173056,46.70489289,20.7737915
SierraRetinY4,4,2064,-5.848056,36.173056,4.585088305,20.51081136
SierraRetinY4,4,2065,-5.848056,36.173056,31.10435223,21.13448792
SierraRetinY4,4,2066,-5.848056,36.173056,6.874346084,22.32328186
SierraRetinY4,4,2067,-5.848056,36.173056,74.01342813,24.19507853
SierraRetinY4,4,2068,-5.848056,36.173056,10.04373296,24.34998779
SierraRetinY4,4,2069,-5.848056,36.173056,28.83692506,23.90877889
SierraRetinY4,4,2070,-5.848056,36.173056,0.893463544,24.11826579
SierraRetinY4,4,2071,-5.848056,36.173056,53.77110456,19.28363342
SierraRetinY4,4,2072,-5.848056,36.173056,19.83168068,23.1609141
SierraRetinY4,4,2073,-5.848056,36.173056,6.920531781,22.99986471
SierraRetinY4,4,2074,-5.848056,36.173056,12.99181036,22.93513184
SierraRetinY4,4,2075,-5.848056,36.173056,12.08374131,22.46289063
SierraRetinY4,4,2076,-5.848056,36.173056,4.423289101,25.71515605
SierraRetinY4,4,2077,-5.848056,36.173056,26.71296102,25.89384359
SierraRetinY4,4,2078,-5.848056,36.173056,33.59086833,24.28667603
SierraRetinY4,4,2079,-5.848056,36.173056,7.36912555,25.57664897
SierraRetinY4,4,2080,-5.848056,36.173056,35.75298705,22.68789063
SierraRetinY4,4,2081,-5.848056,36.173056,10.30941715,25.17541199
SierraRetinY4,4,2082,-5.848056,36.173056,10.68838762,23.73879191
SierraRetinY4,4,2083,-5.848056,36.173056,15.32856128,24.39773763
SierraRetinY4,4,2084,-5.848056,36.173056,34.2307468,21.93379313
SierraRetinY4,4,2085,-5.848056,36.173056,63.0308737,20.44694214
SierraRetinY4,4,2086,-5.848056,36.173056,18.73536459,25.42998962
SierraRetinY4,4,2087,-5.848056,36.173056,80.01965957,20.13539124
SierraRetinY4,4,2088,-5.848056,36.173056,93.29528756,20.1483256
SierraRetinY4,4,2089,-5.848056,36.173056,3.711285996,24.07202047
SierraRetinY4,4,2090,-5.848056,36.173056,32.37368729,22.75519409
SierraRetinY4,4,2091,-5.848056,36.173056,4.476351293,27.49152934
SierraRetinY4,4,2092,-5.848056,36.173056,10.31374918,23.00045878
SierraRetinY4,4,2093,-5.848056,36.173056,20.90195642,23.60532532
SierraRetinY4,4,2094,-5.848056,36.173056,36.99996236,22.19503479
SierraRetinY4,4,2095,-5.848056,36.173056,9.912651933,24.93919271
SierraRetinY4,4,2096,-5.848056,36.173056,44.46250334,20.49072876
SierraRetinY4,4,2097,-5.848056,36.173056,26.34021237,23.67076721
SierraRetinY4,4,2098,-5.848056,36.173056,58.61984239,21.93360189
SierraRetinY4,4,2099,-5.848056,36.173056,114.8409556,23.47563477
SierraRetinY4,4,2100,-5.848056,36.173056,3.791755309,25.93705953
SierraRetinY4,5,2015,-5.848056,36.173056,58.16540941,22.86013774
SierraRetinY4,5,2016,-5.848056,36.173056,1.834066998,25.74349464
SierraRetinY4,5,2017,-5.848056,36.173056,93.42162333,20.36495854
SierraRetinY4,5,2018,-5.848056,36.173056,78.28705487,20.21862281
SierraRetinY4,5,2019,-5.848056,36.173056,25.31276115,24.87792851
SierraRetinY4,5,2020,-5.848056,36.173056,54.58055098,22.41468644
SierraRetinY4,5,2021,-5.848056,36.173056,27.86227864,24.70034081
SierraRetinY4,5,2022,-5.848056,36.173056,62.13990253,20.68107733
SierraRetinY4,5,2023,-5.848056,36.173056,26.88615254,21.82459264
SierraRetinY4,5,2024,-5.848056,36.173056,2.369956454,25.46537712
SierraRetinY4,5,2025,-5.848056,36.173056,34.12198928,23.84593526
SierraRetinY4,5,2026,-5.848056,36.173056,19.42082085,23.38517692
SierraRetinY4,5,2027,-5.848056,36.173056,16.67343069,25.01183275
SierraRetinY4,5,2028,-5.848056,36.173056,20.0057091,23.84448912
SierraRetinY4,5,2029,-5.848056,36.173056,5.765145134,26.32799683
SierraRetinY4,5,2030,-5.848056,36.173056,40.81464735,23.13285857
SierraRetinY4,5,2031,-5.848056,36.173056,20.49486808,27.36313929
SierraRetinY4,5,2032,-5.848056,36.173056,24.30248453,23.08749272
SierraRetinY4,5,2033,-5.848056,36.173056,12.89635915,25.64649894
SierraRetinY4,5,2034,-5.848056,36.173056,12.10925597,25.6425858
SierraRetinY4,5,2035,-5.848056,36.173056,109.5829207,21.23448703
SierraRetinY4,5,2036,-5.848056,36.173056,4.399180185,29.60547348
SierraRetinY4,5,2037,-5.848056,36.173056,35.8063841,25.67613644
SierraRetinY4,5,2038,-5.848056,36.173056,83.32516964,22.01158172
SierraRetinY4,5,2039,-5.848056,36.173056,25.57297972,24.11029624
SierraRetinY4,5,2040,-5.848056,36.173056,38.04815139,23.26771476
SierraRetinY4,5,2041,-5.848056,36.173056,33.67692662,23.40778159
SierraRetinY4,5,2042,-5.848056,36.173056,7.989324152,26.22965245
SierraRetinY4,5,2043,-5.848056,36.173056,44.09057901,24.08665397
SierraRetinY4,5,2044,-5.848056,36.173056,2.650556112,24.65412145
SierraRetinY4,5,2045,-5.848056,36.173056,2.377850559,26.35464852
SierraRetinY4,5,2046,-5.848056,36.173056,14.87578503,23.37835969
SierraRetinY4,5,2047,-5.848056,36.173056,22.01604245,22.72511715
SierraRetinY4,5,2048,-5.848056,36.173056,11.02518169,23.25666937
SierraRetinY4,5,2049,-5.848056,36.173056,10.33900119,26.23152682
SierraRetinY4,5,2050,-5.848056,36.173056,8.874975864,23.42030167
SierraRetinY4,5,2051,-5.848056,36.173056,2.037817864,26.11187626
SierraRetinY4,5,2052,-5.848056,36.173056,8.957750541,23.94659404
SierraRetinY4,5,2053,-5.848056,36.173056,28.83591564,23.90516594
SierraRetinY4,5,2054,-5.848056,36.173056,0.3731371,27.58833933
SierraRetinY4,5,2055,-5.848056,36.173056,16.75410804,25.91262502
SierraRetinY4,5,2056,-5.848056,36.173056,20.2816005,26.003846
SierraRetinY4,5,2057,-5.848056,36.173056,29.13701513,23.45933267
SierraRetinY4,5,2058,-5.848056,36.173056,8.608688406,25.26887739
SierraRetinY4,5,2059,-5.848056,36.173056,80.66377704,22.75882529
SierraRetinY4,5,2060,-5.848056,36.173056,8.481035627,29.2059334
SierraRetinY4,5,2061,-5.848056,36.173056,19.0680734,28.03199994
SierraRetinY4,5,2062,-5.848056,36.173056,55.40855788,22.74530797
SierraRetinY4,5,2063,-5.848056,36.173056,111.4727683,20.99189296
SierraRetinY4,5,2064,-5.848056,36.173056,7.300432736,26.81644248
SierraRetinY4,5,2065,-5.848056,36.173056,7.247081221,26.9122657
SierraRetinY4,5,2066,-5.848056,36.173056,2.984258415,25.19902167
SierraRetinY4,5,2067,-5.848056,36.173056,4.825048621,26.41834855
SierraRetinY4,5,2068,-5.848056,36.173056,22.37825378,24.79623984
SierraRetinY4,5,2069,-5.848056,36.173056,0.662233415,28.70919977
SierraRetinY4,5,2070,-5.848056,36.173056,31.86085273,26.01972794
SierraRetinY4,5,2071,-5.848056,36.173056,16.38780819,24.94542551
SierraRetinY4,5,2072,-5.848056,36.173056,4.250646118,27.77663673
SierraRetinY4,5,2073,-5.848056,36.173056,22.66377376,27.45206063
SierraRetinY4,5,2074,-5.848056,36.173056,19.29220268,24.61699928
SierraRetinY4,5,2075,-5.848056,36.173056,80.50677201,21.75266369
SierraRetinY4,5,2076,-5.848056,36.173056,0.151011823,26.64391775
SierraRetinY4,5,2077,-5.848056,36.173056,86.87131131,25.57284625
SierraRetinY4,5,2078,-5.848056,36.173056,79.31028081,20.00524489
SierraRetinY4,5,2079,-5.848056,36.173056,1.711971766,29.28732772
SierraRetinY4,5,2080,-5.848056,36.173056,14.89385303,27.68423639
SierraRetinY4,5,2081,-5.848056,36.173056,29.89577408,26.07747606
SierraRetinY4,5,2082,-5.848056,36.173056,30.44994209,27.49537688
SierraRetinY4,5,2083,-5.848056,36.173056,22.25689927,27.83772406
SierraRetinY4,5,2084,-5.848056,36.173056,2.271701907,26.82408762
SierraRetinY4,5,2085,-5.848056,36.173056,4.670534858,26.77786432
SierraRetinY4,5,2086,-5.848056,36.173056,12.78525258,28.5664218
SierraRetinY4,5,2087,-5.848056,36.173056,31.72441508,25.45163043
SierraRetinY4,5,2088,-5.848056,36.173056,17.76405291,24.31252638
SierraRetinY4,5,2089,-5.848056,36.173056,1.872311651,29.23057783
SierraRetinY4,5,2090,-5.848056,36.173056,2.277914309,26.70277434
SierraRetinY4,5,2091,-5.848056,36.173056,0.411349852,32.13380757
SierraRetinY4,5,2092,-5.848056,36.173056,21.92962724,26.79192899
SierraRetinY4,5,2093,-5.848056,36.173056,2.774048664,28.71233127
SierraRetinY4,5,2094,-5.848056,36.173056,10.39104529,27.04830224
SierraRetinY4,5,2095,-5.848056,36.173056,10.00027642,34.11435114
SierraRetinY4,5,2096,-5.848056,36.173056,0.492501364,27.60194131
SierraRetinY4,5,2097,-5.848056,36.173056,50.61176686,25.67628902
SierraRetinY4,5,2098,-5.848056,36.173056,3.323127741,26.76284672
SierraRetinY4,5,2099,-5.848056,36.173056,4.862430735,27.66451022
SierraRetinY4,5,2100,-5.848056,36.173056,23.84080347,28.8303388
SierraRetinY4,6,2015,-5.848056,36.173056,4.179266097,24.22317912
SierraRetinY4,6,2016,-5.848056,36.173056,3.875077983,30.26438599
SierraRetinY4,6,2017,-5.848056,36.173056,9.204705881,24.44998779
SierraRetinY4,6,2018,-5.848056,36.173056,37.02064186,26.31885173
SierraRetinY4,6,2019,-5.848056,36.173056,45.37803578,24.90482992
SierraRetinY4,6,2020,-5.848056,36.173056,10.76698647,27.86036072
SierraRetinY4,6,2021,-5.848056,36.173056,25.67924159,28.75349426
SierraRetinY4,6,2022,-5.848056,36.173056,14.6035622,27.56268412
SierraRetinY4,6,2023,-5.848056,36.173056,38.75998566,24.38630575
SierraRetinY4,6,2024,-5.848056,36.173056,8.085883232,27.28536784
SierraRetinY4,6,2025,-5.848056,36.173056,24.89301033,26.55592143
SierraRetinY4,6,2026,-5.848056,36.173056,17.03883053,28.4945516
SierraRetinY4,6,2027,-5.848056,36.173056,14.90286178,29.58894755
SierraRetinY4,6,2028,-5.848056,36.173056,49.73671253,25.9792572
SierraRetinY4,6,2029,-5.848056,36.173056,22.11312284,32.01370646
SierraRetinY4,6,2030,-5.848056,36.173056,6.061930122,30.53384196
SierraRetinY4,6,2031,-5.848056,36.173056,3.440114508,28.50644938
SierraRetinY4,6,2032,-5.848056,36.173056,7.47319731,26.60558472
SierraRetinY4,6,2033,-5.848056,36.173056,15.67352916,27.11918132
SierraRetinY4,6,2034,-5.848056,36.173056,13.50103264,29.48628947
SierraRetinY4,6,2035,-5.848056,36.173056,3.684059464,29.25950012
SierraRetinY4,6,2036,-5.848056,36.173056,16.51678389,32.18182373
SierraRetinY4,6,2037,-5.848056,36.173056,16.77444086,28.46223246
SierraRetinY4,6,2038,-5.848056,36.173056,3.482655993,27.89947713
SierraRetinY4,6,2039,-5.848056,36.173056,0.61855203,30.91917725
SierraRetinY4,6,2040,-5.848056,36.173056,7.00961674,29.53592733
SierraRetinY4,6,2041,-5.848056,36.173056,7.864874756,31.34263509
SierraRetinY4,6,2042,-5.848056,36.173056,22.45648817,31.52772827
SierraRetinY4,6,2043,-5.848056,36.173056,2.861916394,31.11070557
SierraRetinY4,6,2044,-5.848056,36.173056,33.27680756,27.12365112
SierraRetinY4,6,2045,-5.848056,36.173056,1.94380266,31.70869649
SierraRetinY4,6,2046,-5.848056,36.173056,24.55381319,30.28508708
SierraRetinY4,6,2047,-5.848056,36.173056,23.95610931,29.64769389
SierraRetinY4,6,2048,-5.848056,36.173056,1.970198009,29.05288798
SierraRetinY4,6,2049,-5.848056,36.173056,0.993699212,29.52504578
SierraRetinY4,6,2050,-5.848056,36.173056,1.833798384,29.79972738
SierraRetinY4,6,2051,-5.848056,36.173056,2.943631702,31.03122355
SierraRetinY4,6,2052,-5.848056,36.173056,4.251373112,26.76231384
SierraRetinY4,6,2053,-5.848056,36.173056,1.719061862,30.15794983
SierraRetinY4,6,2054,-5.848056,36.173056,8.95506026,30.31961568
SierraRetinY4,6,2055,-5.848056,36.173056,6.86238134,27.00394999
SierraRetinY4,6,2056,-5.848056,36.173056,23.48936692,31.08192037
SierraRetinY4,6,2057,-5.848056,36.173056,4.359116234,28.80618998
SierraRetinY4,6,2058,-5.848056,36.173056,6.43886557,33.68961995
SierraRetinY4,6,2059,-5.848056,36.173056,25.38927611,26.74302979
SierraRetinY4,6,2060,-5.848056,36.173056,3.656187239,32.35302531
SierraRetinY4,6,2061,-5.848056,36.173056,4.525456467,29.7113444
SierraRetinY4,6,2062,-5.848056,36.173056,10.07820036,32.44019267
SierraRetinY4,6,2063,-5.848056,36.173056,1.411355008,29.08011678
SierraRetinY4,6,2064,-5.848056,36.173056,9.22929482,29.7434316
SierraRetinY4,6,2065,-5.848056,36.173056,9.971115258,29.83448588
SierraRetinY4,6,2066,-5.848056,36.173056,5.077866736,30.26327209
SierraRetinY4,6,2067,-5.848056,36.173056,7.562930627,33.71459249
SierraRetinY4,6,2068,-5.848056,36.173056,2.632966264,29.67860514
SierraRetinY4,6,2069,-5.848056,36.173056,12.02139964,31.93827413
SierraRetinY4,6,2070,-5.848056,36.173056,2.026379678,29.11600037
SierraRetinY4,6,2071,-5.848056,36.173056,1.049116402,29.15966288
SierraRetinY4,6,2072,-5.848056,36.173056,0.13888885,31.5096995
SierraRetinY4,6,2073,-5.848056,36.173056,25.06272693,28.11733398
SierraRetinY4,6,2074,-5.848056,36.173056,0.738042565,28.08948059
SierraRetinY4,6,2075,-5.848056,36.173056,1.779487306,32.06148987
SierraRetinY4,6,2076,-5.848056,36.173056,0.956342786,34.56259664
SierraRetinY4,6,2077,-5.848056,36.173056,44.76109946,30.03966878
SierraRetinY4,6,2078,-5.848056,36.173056,14.64570569,29.61026713
SierraRetinY4,6,2079,-5.848056,36.173056,1.532276241,35.04017436
SierraRetinY4,6,2080,-5.848056,36.173056,4.435497642,32.26651408
SierraRetinY4,6,2081,-5.848056,36.173056,3.112090905,33.63148905
SierraRetinY4,6,2082,-5.848056,36.173056,16.7764739,35.3125824
SierraRetinY4,6,2083,-5.848056,36.173056,2.053591341,33.89059041
SierraRetinY4,6,2084,-5.848056,36.173056,4.020261553,30.8069692
SierraRetinY4,6,2085,-5.848056,36.173056,2.987506135,31.86766866
SierraRetinY4,6,2086,-5.848056,36.173056,0.816531273,30.57083842
SierraRetinY4,6,2087,-5.848056,36.173056,0.310096052,30.759139
SierraRetinY4,6,2088,-5.848056,36.173056,0.676022547,30.1403656
SierraRetinY4,6,2089,-5.848056,36.173056,0.411142198,32.25660909
SierraRetinY4,6,2090,-5.848056,36.173056,7.060658783,32.91844482
SierraRetinY4,6,2091,-5.848056,36.173056,3.002614655,32.22676799
SierraRetinY4,6,2092,-5.848056,36.173056,8.377170424,31.33804728
SierraRetinY4,6,2093,-5.848056,36.173056,28.55966447,31.442571
SierraRetinY4,6,2094,-5.848056,36.173056,0.321762583,35.11186829
SierraRetinY4,6,2095,-5.848056,36.173056,1.897151471,34.46496582
SierraRetinY4,6,2096,-5.848056,36.173056,28.12709271,31.0926239
SierraRetinY4,6,2097,-5.848056,36.173056,1.17506507,31.05032857
SierraRetinY4,6,2098,-5.848056,36.173056,0.80817937,32.14435221
SierraRetinY4,6,2099,-5.848056,36.173056,10.58061437,33.57809143
SierraRetinY4,6,2100,-5.848056,36.173056,19.07839967,35.05990601
SierraRetinY4,7,2015,-5.848056,36.173056,6.614376294,32.58215017
SierraRetinY4,7,2016,-5.848056,36.173056,7.918615464,32.81746137
SierraRetinY4,7,2017,-5.848056,36.173056,11.14929312,31.88871302
SierraRetinY4,7,2018,-5.848056,36.173056,39.9903541,28.47158695
SierraRetinY4,7,2019,-5.848056,36.173056,5.198329116,31.05904246
SierraRetinY4,7,2020,-5.848056,36.173056,1.558689973,31.5941357
SierraRetinY4,7,2021,-5.848056,36.173056,3.752513714,33.51770098
SierraRetinY4,7,2022,-5.848056,36.173056,0.018460462,32.57700451
SierraRetinY4,7,2023,-5.848056,36.173056,0.182822401,28.21475298
SierraRetinY4,7,2024,-5.848056,36.173056,3.021994176,30.22302817
SierraRetinY4,7,2025,-5.848056,36.173056,7.070899172,32.02799624
SierraRetinY4,7,2026,-5.848056,36.173056,2.691632561,30.11186445
SierraRetinY4,7,2027,-5.848056,36.173056,0.136364113,32.96609379
SierraRetinY4,7,2028,-5.848056,36.173056,12.23129889,31.58398122
SierraRetinY4,7,2029,-5.848056,36.173056,2.904963339,34.93783156
SierraRetinY4,7,2030,-5.848056,36.173056,2.140051314,30.84563303
SierraRetinY4,7,2031,-5.848056,36.173056,4.256755,34.5782833
SierraRetinY4,7,2032,-5.848056,36.173056,5.919486947,32.7484946
SierraRetinY4,7,2033,-5.848056,36.173056,1.342476263,32.50285664
SierraRetinY4,7,2034,-5.848056,36.173056,0.751332261,36.65273438
SierraRetinY4,7,2035,-5.848056,36.173056,5.874728993,32.76221865
SierraRetinY4,7,2036,-5.848056,36.173056,0.023982674,35.93222322
SierraRetinY4,7,2037,-5.848056,36.173056,0.937402377,33.53207181
SierraRetinY4,7,2038,-5.848056,36.173056,0.532565176,33.96321923
SierraRetinY4,7,2039,-5.848056,36.173056,14.49431165,33.38451932
SierraRetinY4,7,2040,-5.848056,36.173056,0.015448835,34.62405277
SierraRetinY4,7,2041,-5.848056,36.173056,16.7735271,33.87276119
SierraRetinY4,7,2042,-5.848056,36.173056,4.018370159,32.11935405
SierraRetinY4,7,2043,-5.848056,36.173056,0.548323308,33.96219345
SierraRetinY4,7,2044,-5.848056,36.173056,8.69200097,32.52252178
SierraRetinY4,7,2045,-5.848056,36.173056,11.72908024,36.63125295
SierraRetinY4,7,2046,-5.848056,36.173056,5.677719827,34.66272937
SierraRetinY4,7,2047,-5.848056,36.173056,19.56021717,31.23765397
SierraRetinY4,7,2048,-5.848056,36.173056,4.413840916,30.65094959
SierraRetinY4,7,2049,-5.848056,36.173056,24.83414637,30.80981426
SierraRetinY4,7,2050,-5.848056,36.173056,8.322895885,29.87536109
SierraRetinY4,7,2051,-5.848056,36.173056,4.190661808,36.53641416
SierraRetinY4,7,2052,-5.848056,36.173056,0.140424609,32.25182101
SierraRetinY4,7,2053,-5.848056,36.173056,0.375819776,34.28693592
SierraRetinY4,7,2054,-5.848056,36.173056,3.750724479,37.68884356
SierraRetinY4,7,2055,-5.848056,36.173056,2.662270077,31.38992191
SierraRetinY4,7,2056,-5.848056,36.173056,0.010440688,34.51703157
SierraRetinY4,7,2057,-5.848056,36.173056,1.803107934,31.85178085
SierraRetinY4,7,2058,-5.848056,36.173056,14.65776195,37.09367105
SierraRetinY4,7,2059,-5.848056,36.173056,2.171850543,31.47696002
SierraRetinY4,7,2060,-5.848056,36.173056,3.489218007,36.02538058
SierraRetinY4,7,2061,-5.848056,36.173056,5.920144703,37.05704306
SierraRetinY4,7,2062,-5.848056,36.173056,0.683232376,35.86868759
SierraRetinY4,7,2063,-5.848056,36.173056,1.983878843,32.3591474
SierraRetinY4,7,2064,-5.848056,36.173056,0.075588221,33.91991282
SierraRetinY4,7,2065,-5.848056,36.173056,0.602908351,32.83981993
SierraRetinY4,7,2066,-5.848056,36.173056,0.882856371,33.81109009
SierraRetinY4,7,2067,-5.848056,36.173056,2.962432906,35.92523961
SierraRetinY4,7,2068,-5.848056,36.173056,2.349382888,35.41807881
SierraRetinY4,7,2069,-5.848056,36.173056,5.975731027,36.19620322
SierraRetinY4,7,2070,-5.848056,36.173056,2.385851386,31.07968612
SierraRetinY4,7,2071,-5.848056,36.173056,4.863604403,33.72343474
SierraRetinY4,7,2072,-5.848056,36.173056,0.411089692,37.37409806
SierraRetinY4,7,2073,-5.848056,36.173056,7.059901102,35.92171729
SierraRetinY4,7,2074,-5.848056,36.173056,0.105910736,34.39234855
SierraRetinY4,7,2075,-5.848056,36.173056,0.111988494,36.10210178
SierraRetinY4,7,2076,-5.848056,36.173056,1.128008526,38.19448045
SierraRetinY4,7,2077,-5.848056,36.173056,0.262781512,35.90645063
SierraRetinY4,7,2078,-5.848056,36.173056,0.884588108,35.56866632
SierraRetinY4,7,2079,-5.848056,36.173056,0.698315177,37.85181137
SierraRetinY4,7,2080,-5.848056,36.173056,4.763193397,36.4249049
SierraRetinY4,7,2081,-5.848056,36.173056,3.046737887,39.93165126
SierraRetinY4,7,2082,-5.848056,36.173056,2.801830998,36.28684338
SierraRetinY4,7,2083,-5.848056,36.173056,0.283510166,37.81145433
SierraRetinY4,7,2084,-5.848056,36.173056,12.3683819,37.55291531
SierraRetinY4,7,2085,-5.848056,36.173056,6.653833015,37.61948695
SierraRetinY4,7,2086,-5.848056,36.173056,1.637011998,38.02537665
SierraRetinY4,7,2087,-5.848056,36.173056,12.26263362,35.71668248
SierraRetinY4,7,2088,-5.848056,36.173056,1.871686346,35.72889739
SierraRetinY4,7,2089,-5.848056,36.173056,5.035443549,35.90165937
SierraRetinY4,7,2090,-5.848056,36.173056,2.828571385,36.32000221
SierraRetinY4,7,2091,-5.848056,36.173056,4.30349689,36.2103742
SierraRetinY4,7,2092,-5.848056,36.173056,4.322878494,37.48473511
SierraRetinY4,7,2093,-5.848056,36.173056,0.615391958,38.47552667
SierraRetinY4,7,2094,-5.848056,36.173056,0.885442085,36.30777745
SierraRetinY4,7,2095,-5.848056,36.173056,0.354128004,39.79071616
SierraRetinY4,7,2096,-5.848056,36.173056,6.368586479,36.16579688
SierraRetinY4,7,2097,-5.848056,36.173056,0.249272864,36.2565788
SierraRetinY4,7,2098,-5.848056,36.173056,0.093508269,38.28468549
SierraRetinY4,7,2099,-5.848056,36.173056,3.283971616,37.92681767
SierraRetinY4,7,2100,-5.848056,36.173056,20.97232642,34.14682873
SierraRetinY4,8,2015,-5.848056,36.173056,1.812579913,33.68391153
SierraRetinY4,8,2016,-5.848056,36.173056,3.836425513,33.01509321
SierraRetinY4,8,2017,-5.848056,36.173056,5.479248107,32.91282191
SierraRetinY4,8,2018,-5.848056,36.173056,2.341330866,28.38091431
SierraRetinY4,8,2019,-5.848056,36.173056,4.188169134,33.78366168
SierraRetinY4,8,2020,-5.848056,36.173056,0.143933367,33.29241431
SierraRetinY4,8,2021,-5.848056,36.173056,3.050247327,34.54430542
SierraRetinY4,8,2022,-5.848056,36.173056,0.065820155,33.15273339
SierraRetinY4,8,2023,-5.848056,36.173056,3.235040197,33.29899627
SierraRetinY4,8,2024,-5.848056,36.173056,1.297361922,34.22175628
SierraRetinY4,8,2025,-5.848056,36.173056,0.155066824,34.64162401
SierraRetinY4,8,2026,-5.848056,36.173056,0.29888228,33.73250142
SierraRetinY4,8,2027,-5.848056,36.173056,0.355396956,34.16851689
SierraRetinY4,8,2028,-5.848056,36.173056,0.719611516,34.04135014
SierraRetinY4,8,2029,-5.848056,36.173056,3.359225426,35.56483883
SierraRetinY4,8,2030,-5.848056,36.173056,0.786594811,33.34141964
SierraRetinY4,8,2031,-5.848056,36.173056,6.362042601,36.0819966
SierraRetinY4,8,2032,-5.848056,36.173056,4.966518812,34.69112549
SierraRetinY4,8,2033,-5.848056,36.173056,8.75394219521371e-05,35.15045245
SierraRetinY4,8,2034,-5.848056,36.173056,0.77248632,35.16923356
SierraRetinY4,8,2035,-5.848056,36.173056,2.656668573,33.83475302
SierraRetinY4,8,2036,-5.848056,36.173056,0.000200825,33.72615179
SierraRetinY4,8,2037,-5.848056,36.173056,2.430408255,35.36210367
SierraRetinY4,8,2038,-5.848056,36.173056,5.7880241191278e-07,34.63381938
SierraRetinY4,8,2039,-5.848056,36.173056,0.005243746,33.42732957
SierraRetinY4,8,2040,-5.848056,36.173056,1.616749552,34.72909625
SierraRetinY4,8,2041,-5.848056,36.173056,7.853370613,33.6143915
SierraRetinY4,8,2042,-5.848056,36.173056,0.336482505,36.49224243
SierraRetinY4,8,2043,-5.848056,36.173056,0.796275343,34.59725932
SierraRetinY4,8,2044,-5.848056,36.173056,0.735153707,34.85718541
SierraRetinY4,8,2045,-5.848056,36.173056,6.057568199,33.91633931
SierraRetinY4,8,2046,-5.848056,36.173056,3.08244,35.09443793
SierraRetinY4,8,2047,-5.848056,36.173056,3.661758672,34.7065979
SierraRetinY4,8,2048,-5.848056,36.173056,0.53336823,35.15486076
SierraRetinY4,8,2049,-5.848056,36.173056,11.56898796,31.41866455
SierraRetinY4,8,2050,-5.848056,36.173056,0.120445045,33.89918351
SierraRetinY4,8,2051,-5.848056,36.173056,2.085026505,32.1848054
SierraRetinY4,8,2052,-5.848056,36.173056,0.44400246,35.06899906
SierraRetinY4,8,2053,-5.848056,36.173056,0.038233,34.17724491
SierraRetinY4,8,2054,-5.848056,36.173056,0.107312707,34.07328924
SierraRetinY4,8,2055,-5.848056,36.173056,0.000224032,34.77614451
SierraRetinY4,8,2056,-5.848056,36.173056,0.10698781,33.0923076
SierraRetinY4,8,2057,-5.848056,36.173056,0.18721995,34.28188083
SierraRetinY4,8,2058,-5.848056,36.173056,2.800293381,35.68282274
SierraRetinY4,8,2059,-5.848056,36.173056,0.021406434,33.11261459
SierraRetinY4,8,2060,-5.848056,36.173056,0.77092631,34.57999622
SierraRetinY4,8,2061,-5.848056,36.173056,0.160041125,35.89577046
SierraRetinY4,8,2062,-5.848056,36.173056,11.51595554,34.73864628
SierraRetinY4,8,2063,-5.848056,36.173056,0.609522258,31.48903218
SierraRetinY4,8,2064,-5.848056,36.173056,3.216742613,35.87345522
SierraRetinY4,8,2065,-5.848056,36.173056,0.316506651,35.26040433
SierraRetinY4,8,2066,-5.848056,36.173056,0.91396323,37.40763786
SierraRetinY4,8,2067,-5.848056,36.173056,7.964400369,35.08279793
SierraRetinY4,8,2068,-5.848056,36.173056,8.52647962,36.91404458
SierraRetinY4,8,2069,-5.848056,36.173056,0.010618881,34.74232414
SierraRetinY4,8,2070,-5.848056,36.173056,4.759722345,34.14140349
SierraRetinY4,8,2071,-5.848056,36.173056,7.843124226,36.08481012
SierraRetinY4,8,2072,-5.848056,36.173056,1.658885954,34.23678569
SierraRetinY4,8,2073,-5.848056,36.173056,0.000273263,37.28966675
SierraRetinY4,8,2074,-5.848056,36.173056,0.378888641,38.20734017
SierraRetinY4,8,2075,-5.848056,36.173056,1.579699371,37.32466549
SierraRetinY4,8,2076,-5.848056,36.173056,0.815372792,35.88284873
SierraRetinY4,8,2077,-5.848056,36.173056,1.698270341,34.64200203
SierraRetinY4,8,2078,-5.848056,36.173056,1.224415873,35.47622759
SierraRetinY4,8,2079,-5.848056,36.173056,0.648364261,37.72300454
SierraRetinY4,8,2080,-5.848056,36.173056,0.176779968,35.68188358
SierraRetinY4,8,2081,-5.848056,36.173056,0.369621164,33.12177183
SierraRetinY4,8,2082,-5.848056,36.173056,3.371062171,37.63489833
SierraRetinY4,8,2083,-5.848056,36.173056,1.198548068,34.43329527
SierraRetinY4,8,2084,-5.848056,36.173056,0.947891277,35.1089702
SierraRetinY4,8,2085,-5.848056,36.173056,0.861207014,36.53933795
SierraRetinY4,8,2086,-5.848056,36.173056,0.040452753,35.55720057
SierraRetinY4,8,2087,-5.848056,36.173056,3.188592758,35.43356205
SierraRetinY4,8,2088,-5.848056,36.173056,0.181904456,34.54935559
SierraRetinY4,8,2089,-5.848056,36.173056,7.161648492,35.71623949
SierraRetinY4,8,2090,-5.848056,36.173056,6.54885438911182e-05,36.46599141
SierraRetinY4,8,2091,-5.848056,36.173056,2.041437856,38.92225677
SierraRetinY4,8,2092,-5.848056,36.173056,0.488792204,38.5452495
SierraRetinY4,8,2093,-5.848056,36.173056,0.008700224,37.31197707
SierraRetinY4,8,2094,-5.848056,36.173056,1.405136205,39.74673048
SierraRetinY4,8,2095,-5.848056,36.173056,1.479205664,37.63531967
SierraRetinY4,8,2096,-5.848056,36.173056,0.477066654,35.38764392
SierraRetinY4,8,2097,-5.848056,36.173056,0.862698086,37.66111686
SierraRetinY4,8,2098,-5.848056,36.173056,0.013817874,35.33694734
SierraRetinY4,8,2099,-5.848056,36.173056,0.397587269,39.86949876
SierraRetinY4,8,2100,-5.848056,36.173056,0.274781534,35.53255812
SierraRetinY4,9,2015,-5.848056,36.173056,10.0610345,28.55563151
SierraRetinY4,9,2016,-5.848056,36.173056,1.583939006,29.69663493
SierraRetinY4,9,2017,-5.848056,36.173056,1.12663935,30.25051982
SierraRetinY4,9,2018,-5.848056,36.173056,46.99559689,28.17325745
SierraRetinY4,9,2019,-5.848056,36.173056,15.44030709,27.7295695
SierraRetinY4,9,2020,-5.848056,36.173056,5.176320712,28.06356913
SierraRetinY4,9,2021,-5.848056,36.173056,0.028165093,31.59545186
SierraRetinY4,9,2022,-5.848056,36.173056,8.103545075,29.03036804
SierraRetinY4,9,2023,-5.848056,36.173056,3.254719785,27.63254598
SierraRetinY4,9,2024,-5.848056,36.173056,20.43909524,27.86826274
SierraRetinY4,9,2025,-5.848056,36.173056,7.904002296,30.82803955
SierraRetinY4,9,2026,-5.848056,36.173056,14.91149868,29.65047201
SierraRetinY4,9,2027,-5.848056,36.173056,3.835008886,30.30138753
SierraRetinY4,9,2028,-5.848056,36.173056,29.38268704,29.77480062
SierraRetinY4,9,2029,-5.848056,36.173056,2.584425842,29.83621826
SierraRetinY4,9,2030,-5.848056,36.173056,40.33529921,28.53342489
SierraRetinY4,9,2031,-5.848056,36.173056,45.8376753,29.82638957
SierraRetinY4,9,2032,-5.848056,36.173056,20.97934256,30.6774353
SierraRetinY4,9,2033,-5.848056,36.173056,5.054163104,29.64972432
SierraRetinY4,9,2034,-5.848056,36.173056,54.42464509,28.62459005
SierraRetinY4,9,2035,-5.848056,36.173056,9.339237791,31.25997111
SierraRetinY4,9,2036,-5.848056,36.173056,1.659962922,31.64155884
SierraRetinY4,9,2037,-5.848056,36.173056,5.312906016,31.54193726
SierraRetinY4,9,2038,-5.848056,36.173056,1.416570025,31.2628774
SierraRetinY4,9,2039,-5.848056,36.173056,1.771028164,31.66185811
SierraRetinY4,9,2040,-5.848056,36.173056,2.130221392,30.45791016
SierraRetinY4,9,2041,-5.848056,36.173056,23.51457822,28.53762614
SierraRetinY4,9,2042,-5.848056,36.173056,7.043902661,29.7775706
SierraRetinY4,9,2043,-5.848056,36.173056,8.677808271,29.48277995
SierraRetinY4,9,2044,-5.848056,36.173056,57.45632612,28.86291606
SierraRetinY4,9,2045,-5.848056,36.173056,0.899320643,31.65069275
SierraRetinY4,9,2046,-5.848056,36.173056,40.04431477,28.21285197
SierraRetinY4,9,2047,-5.848056,36.173056,1.278571734,30.91669413
SierraRetinY4,9,2048,-5.848056,36.173056,5.041441114,30.92924601
SierraRetinY4,9,2049,-5.848056,36.173056,32.74884853,28.32526347
SierraRetinY4,9,2050,-5.848056,36.173056,4.43189689,33.87539978
SierraRetinY4,9,2051,-5.848056,36.173056,3.040729938,30.2391215
SierraRetinY4,9,2052,-5.848056,36.173056,10.44938009,31.08060201
SierraRetinY4,9,2053,-5.848056,36.173056,0.91029843,32.19137065
SierraRetinY4,9,2054,-5.848056,36.173056,24.03279632,28.76825765
SierraRetinY4,9,2055,-5.848056,36.173056,4.599529882,31.9601827
SierraRetinY4,9,2056,-5.848056,36.173056,6.37098657,31.77308044
SierraRetinY4,9,2057,-5.848056,36.173056,4.709285911,30.57212016
SierraRetinY4,9,2058,-5.848056,36.173056,15.05280191,31.40626119
SierraRetinY4,9,2059,-5.848056,36.173056,2.213997984,29.19277344
SierraRetinY4,9,2060,-5.848056,36.173056,0.000281201,29.71391907
SierraRetinY4,9,2061,-5.848056,36.173056,16.71133126,32.2214386
SierraRetinY4,9,2062,-5.848056,36.173056,7.259377297,31.51443583
SierraRetinY4,9,2063,-5.848056,36.173056,2.356064337,30.97342224
SierraRetinY4,9,2064,-5.848056,36.173056,22.796601,31.90858053
SierraRetinY4,9,2065,-5.848056,36.173056,8.545749622,30.7799408
SierraRetinY4,9,2066,-5.848056,36.173056,6.206967273,30.45432943
SierraRetinY4,9,2067,-5.848056,36.173056,0.295801765,31.28473918
SierraRetinY4,9,2068,-5.848056,36.173056,5.862376263,32.55746663
SierraRetinY4,9,2069,-5.848056,36.173056,4.033959499,31.83783061
SierraRetinY4,9,2070,-5.848056,36.173056,2.981367424,31.65957947
SierraRetinY4,9,2071,-5.848056,36.173056,6.568766053,30.61669515
SierraRetinY4,9,2072,-5.848056,36.173056,22.29211216,29.98851217
SierraRetinY4,9,2073,-5.848056,36.173056,17.30209967,32.18113302
SierraRetinY4,9,2074,-5.848056,36.173056,29.31142183,32.10409342
SierraRetinY4,9,2075,-5.848056,36.173056,4.326945961,32.93305969
SierraRetinY4,9,2076,-5.848056,36.173056,17.43430007,29.1223114
SierraRetinY4,9,2077,-5.848056,36.173056,1.250018519,33.02405802
SierraRetinY4,9,2078,-5.848056,36.173056,2.912348486,32.94689738
SierraRetinY4,9,2079,-5.848056,36.173056,3.013435416,34.40709025
SierraRetinY4,9,2080,-5.848056,36.173056,0.349422194,32.22659505
SierraRetinY4,9,2081,-5.848056,36.173056,10.44266146,33.7454071
SierraRetinY4,9,2082,-5.848056,36.173056,2.188149752,33.23472493
SierraRetinY4,9,2083,-5.848056,36.173056,0.582367109,32.89139811
SierraRetinY4,9,2084,-5.848056,36.173056,6.198372161,34.95570984
SierraRetinY4,9,2085,-5.848056,36.173056,4.397201831,33.63905131
SierraRetinY4,9,2086,-5.848056,36.173056,9.830974482,31.44564718
SierraRetinY4,9,2087,-5.848056,36.173056,2.375005861,32.17148641
SierraRetinY4,9,2088,-5.848056,36.173056,4.216863032,31.20906576
SierraRetinY4,9,2089,-5.848056,36.173056,29.32064327,30.79909058
SierraRetinY4,9,2090,-5.848056,36.173056,16.25387439,31.35024109
SierraRetinY4,9,2091,-5.848056,36.173056,0.679011165,32.70965678
SierraRetinY4,9,2092,-5.848056,36.173056,9.373098957,34.33897909
SierraRetinY4,9,2093,-5.848056,36.173056,9.093137395,33.46183268
SierraRetinY4,9,2094,-5.848056,36.173056,0.773676636,31.99041138
SierraRetinY4,9,2095,-5.848056,36.173056,9.575280971,32.21494548
SierraRetinY4,9,2096,-5.848056,36.173056,4.996537537,32.89479268
SierraRetinY4,9,2097,-5.848056,36.173056,3.423957874,33.36339518
SierraRetinY4,9,2098,-5.848056,36.173056,5.425318349,34.85333455
SierraRetinY4,9,2099,-5.848056,36.173056,0.337147171,35.29749756
SierraRetinY4,9,2100,-5.848056,36.173056,1.588211784,35.38831482
SierraRetinY5,1,2015,-5.833055556,36.17694444,148.6920956,15.35110552
SierraRetinY5,1,2016,-5.833055556,36.17694444,46.35068784,14.30779911
SierraRetinY5,1,2017,-5.833055556,36.17694444,4.635573072,16.80523564
SierraRetinY5,1,2018,-5.833055556,36.17694444,259.3754261,15.07201833
SierraRetinY5,1,2019,-5.833055556,36.17694444,41.57295115,16.34288645
SierraRetinY5,1,2020,-5.833055556,36.17694444,0.521467545,16.33766991
SierraRetinY5,1,2021,-5.833055556,36.17694444,11.13536214,16.33353035
SierraRetinY5,1,2022,-5.833055556,36.17694444,40.63426257,18.14332216
SierraRetinY5,1,2023,-5.833055556,36.17694444,267.1923557,15.21472148
SierraRetinY5,1,2024,-5.833055556,36.17694444,94.40513422,16.07122783
SierraRetinY5,1,2025,-5.833055556,36.17694444,1.328113762,16.26477031
SierraRetinY5,1,2026,-5.833055556,36.17694444,20.72990226,17.04964796
SierraRetinY5,1,2027,-5.833055556,36.17694444,9.472605261,17.49324164
SierraRetinY5,1,2028,-5.833055556,36.17694444,122.8114425,16.70897926
SierraRetinY5,1,2029,-5.833055556,36.17694444,10.60890634,15.8353742
SierraRetinY5,1,2030,-5.833055556,36.17694444,175.2361346,16.10477354
SierraRetinY5,1,2031,-5.833055556,36.17694444,57.93201377,15.70587335
SierraRetinY5,1,2032,-5.833055556,36.17694444,329.8304274,17.13123917
SierraRetinY5,1,2033,-5.833055556,36.17694444,25.75290802,17.01186031
SierraRetinY5,1,2034,-5.833055556,36.17694444,25.66329997,15.56049549
SierraRetinY5,1,2035,-5.833055556,36.17694444,30.58666854,17.23324762
SierraRetinY5,1,2036,-5.833055556,36.17694444,57.61092261,16.50154832
SierraRetinY5,1,2037,-5.833055556,36.17694444,12.84915344,17.69273997
SierraRetinY5,1,2038,-5.833055556,36.17694444,1.410465829,16.88306629
SierraRetinY5,1,2039,-5.833055556,36.17694444,9.159301129,16.04130879
SierraRetinY5,1,2040,-5.833055556,36.17694444,27.14518124,17.22523134
SierraRetinY5,1,2041,-5.833055556,36.17694444,84.97548874,17.53889003
SierraRetinY5,1,2042,-5.833055556,36.17694444,7.291126221,16.08390739
SierraRetinY5,1,2043,-5.833055556,36.17694444,98.21252904,16.18837595
SierraRetinY5,1,2044,-5.833055556,36.17694444,1.663969992,16.09407762
SierraRetinY5,1,2045,-5.833055556,36.17694444,168.1033491,17.90340872
SierraRetinY5,1,2046,-5.833055556,36.17694444,67.6809257,14.41448856
SierraRetinY5,1,2047,-5.833055556,36.17694444,124.784941,17.23768744
SierraRetinY5,1,2048,-5.833055556,36.17694444,47.83288685,15.70486726
SierraRetinY5,1,2049,-5.833055556,36.17694444,40.85926167,16.66633143
SierraRetinY5,1,2050,-5.833055556,36.17694444,55.46922596,17.40782786
SierraRetinY5,1,2051,-5.833055556,36.17694444,20.9551938,14.76134742
SierraRetinY5,1,2052,-5.833055556,36.17694444,91.5245869,18.60529923
SierraRetinY5,1,2053,-5.833055556,36.17694444,27.58451333,18.34124342
SierraRetinY5,1,2054,-5.833055556,36.17694444,86.17398614,17.86575199
SierraRetinY5,1,2055,-5.833055556,36.17694444,67.22753179,18.80501807
SierraRetinY5,1,2056,-5.833055556,36.17694444,33.15935757,13.41811031
SierraRetinY5,1,2057,-5.833055556,36.17694444,121.7669887,18.10323191
SierraRetinY5,1,2058,-5.833055556,36.17694444,0.633242751,16.18867916
SierraRetinY5,1,2059,-5.833055556,36.17694444,140.9900707,18.07274682
SierraRetinY5,1,2060,-5.833055556,36.17694444,30.22115126,16.76927116
SierraRetinY5,1,2061,-5.833055556,36.17694444,104.0235026,15.35499504
SierraRetinY5,1,2062,-5.833055556,36.17694444,49.29441073,19.59890137
SierraRetinY5,1,2063,-5.833055556,36.17694444,294.5822595,16.3036881
SierraRetinY5,1,2064,-5.833055556,36.17694444,110.5681697,15.91744975
SierraRetinY5,1,2065,-5.833055556,36.17694444,13.78000619,17.87626579
SierraRetinY5,1,2066,-5.833055556,36.17694444,61.51332993,15.95706551
SierraRetinY5,1,2067,-5.833055556,36.17694444,9.190037741,17.44954736
SierraRetinY5,1,2068,-5.833055556,36.17694444,2.544079353,15.84811775
SierraRetinY5,1,2069,-5.833055556,36.17694444,10.2366364,18.41761317
SierraRetinY5,1,2070,-5.833055556,36.17694444,128.7548412,16.64807011
SierraRetinY5,1,2071,-5.833055556,36.17694444,117.3572648,16.90834862
SierraRetinY5,1,2072,-5.833055556,36.17694444,51.39782376,15.2355453
SierraRetinY5,1,2073,-5.833055556,36.17694444,16.11960355,17.90604209
SierraRetinY5,1,2074,-5.833055556,36.17694444,43.31103925,17.15133844
SierraRetinY5,1,2075,-5.833055556,36.17694444,20.89457553,17.40495034
SierraRetinY5,1,2076,-5.833055556,36.17694444,82.88748657,18.63627654
SierraRetinY5,1,2077,-5.833055556,36.17694444,15.78860779,18.82005832
SierraRetinY5,1,2078,-5.833055556,36.17694444,18.72869833,18.59752315
SierraRetinY5,1,2079,-5.833055556,36.17694444,29.08862973,17.77907813
SierraRetinY5,1,2080,-5.833055556,36.17694444,23.16234207,17.5028911
SierraRetinY5,1,2081,-5.833055556,36.17694444,27.59438024,18.50962662
SierraRetinY5,1,2082,-5.833055556,36.17694444,57.75700629,18.21216687
SierraRetinY5,1,2083,-5.833055556,36.17694444,44.78704835,16.37860383
SierraRetinY5,1,2084,-5.833055556,36.17694444,19.91773834,17.53877682
SierraRetinY5,1,2085,-5.833055556,36.17694444,0.219080698,16.71201526
SierraRetinY5,1,2086,-5.833055556,36.17694444,18.18877802,16.56542457
SierraRetinY5,1,2087,-5.833055556,36.17694444,74.76658841,19.20253808
SierraRetinY5,1,2088,-5.833055556,36.17694444,88.88397458,18.33718557
SierraRetinY5,1,2089,-5.833055556,36.17694444,19.94255471,16.77405061
SierraRetinY5,1,2090,-5.833055556,36.17694444,57.88246178,19.2813768
SierraRetinY5,1,2091,-5.833055556,36.17694444,9.78425915,18.44550919
SierraRetinY5,1,2092,-5.833055556,36.17694444,47.49934657,17.31897051
SierraRetinY5,1,2093,-5.833055556,36.17694444,20.16758183,18.04836327
SierraRetinY5,1,2094,-5.833055556,36.17694444,34.73327399,17.49516326
SierraRetinY5,1,2095,-5.833055556,36.17694444,13.40702137,17.85021264
SierraRetinY5,1,2096,-5.833055556,36.17694444,104.3221986,18.47592242
SierraRetinY5,1,2097,-5.833055556,36.17694444,30.7161459,19.97951955
SierraRetinY5,1,2098,-5.833055556,36.17694444,5.67696254,17.89504395
SierraRetinY5,1,2099,-5.833055556,36.17694444,7.309907423,17.2147205
SierraRetinY5,1,2100,-5.833055556,36.17694444,19.65397732,19.69895571
SierraRetinY5,10,2015,-5.833055556,36.17694444,62.81849917,25.13567899
SierraRetinY5,10,2016,-5.833055556,36.17694444,5.366727252,25.54895197
SierraRetinY5,10,2017,-5.833055556,36.17694444,30.0193021,22.20487513
SierraRetinY5,10,2018,-5.833055556,36.17694444,10.50297127,24.19340249
SierraRetinY5,10,2019,-5.833055556,36.17694444,20.39333489,26.64771866
SierraRetinY5,10,2020,-5.833055556,36.17694444,2.640969864,24.79342632
SierraRetinY5,10,2021,-5.833055556,36.17694444,24.32511688,25.88998295
SierraRetinY5,10,2022,-5.833055556,36.17694444,107.6009261,22.92516775
SierraRetinY5,10,2023,-5.833055556,36.17694444,15.69681664,24.96220526
SierraRetinY5,10,2024,-5.833055556,36.17694444,96.174942,21.43722022
SierraRetinY5,10,2025,-5.833055556,36.17694444,240.649036,21.91511565
SierraRetinY5,10,2026,-5.833055556,36.17694444,116.6449478,22.73140475
SierraRetinY5,10,2027,-5.833055556,36.17694444,119.9440189,25.03666323
SierraRetinY5,10,2028,-5.833055556,36.17694444,143.7858584,23.45891625
SierraRetinY5,10,2029,-5.833055556,36.17694444,49.27624093,21.384982
SierraRetinY5,10,2030,-5.833055556,36.17694444,20.19383882,25.39440505
SierraRetinY5,10,2031,-5.833055556,36.17694444,32.04201373,21.74435996
SierraRetinY5,10,2032,-5.833055556,36.17694444,123.5700059,22.79759049
SierraRetinY5,10,2033,-5.833055556,36.17694444,141.0641702,21.80786212
SierraRetinY5,10,2034,-5.833055556,36.17694444,35.3516865,22.14236332
SierraRetinY5,10,2035,-5.833055556,36.17694444,13.8129661,24.94069529
SierraRetinY5,10,2036,-5.833055556,36.17694444,49.62257901,22.51346002
SierraRetinY5,10,2037,-5.833055556,36.17694444,44.45884031,25.07400198
SierraRetinY5,10,2038,-5.833055556,36.17694444,21.02281066,24.4148469
SierraRetinY5,10,2039,-5.833055556,36.17694444,27.63951837,24.64516011
SierraRetinY5,10,2040,-5.833055556,36.17694444,12.09404588,28.05222916
SierraRetinY5,10,2041,-5.833055556,36.17694444,88.52643639,22.75475169
SierraRetinY5,10,2042,-5.833055556,36.17694444,29.1832512,27.1873669
SierraRetinY5,10,2043,-5.833055556,36.17694444,27.30518301,22.67753827
SierraRetinY5,10,2044,-5.833055556,36.17694444,20.68516603,22.237146
SierraRetinY5,10,2045,-5.833055556,36.17694444,6.01563327,26.25663492
SierraRetinY5,10,2046,-5.833055556,36.17694444,8.892084864,27.21018027
SierraRetinY5,10,2047,-5.833055556,36.17694444,57.17205518,26.06877855
SierraRetinY5,10,2048,-5.833055556,36.17694444,24.94196827,23.8489624
SierraRetinY5,10,2049,-5.833055556,36.17694444,55.15596448,24.38970534
SierraRetinY5,10,2050,-5.833055556,36.17694444,7.379242215,26.90039929
SierraRetinY5,10,2051,-5.833055556,36.17694444,98.57328189,21.78054002
SierraRetinY5,10,2052,-5.833055556,36.17694444,49.56177017,24.32772414
SierraRetinY5,10,2053,-5.833055556,36.17694444,68.66420039,24.33937398
SierraRetinY5,10,2054,-5.833055556,36.17694444,18.9775096,24.79487836
SierraRetinY5,10,2055,-5.833055556,36.17694444,4.386610668,26.29111584
SierraRetinY5,10,2056,-5.833055556,36.17694444,12.83510605,27.86428616
SierraRetinY5,10,2057,-5.833055556,36.17694444,27.48427667,24.28940784
SierraRetinY5,10,2058,-5.833055556,36.17694444,9.466243396,24.67183247
SierraRetinY5,10,2059,-5.833055556,36.17694444,63.44961495,22.22946836
SierraRetinY5,10,2060,-5.833055556,36.17694444,85.66599258,24.37036802
SierraRetinY5,10,2061,-5.833055556,36.17694444,5.819963112,27.91426313
SierraRetinY5,10,2062,-5.833055556,36.17694444,47.20287559,24.21081622
SierraRetinY5,10,2063,-5.833055556,36.17694444,8.659707146,28.91320486
SierraRetinY5,10,2064,-5.833055556,36.17694444,10.4551753,25.19872437
SierraRetinY5,10,2065,-5.833055556,36.17694444,58.20561478,22.70924407
SierraRetinY5,10,2066,-5.833055556,36.17694444,94.77734998,26.11436098
SierraRetinY5,10,2067,-5.833055556,36.17694444,34.0211491,23.35587611
SierraRetinY5,10,2068,-5.833055556,36.17694444,27.42240381,24.90970124
SierraRetinY5,10,2069,-5.833055556,36.17694444,37.69709114,25.77344813
SierraRetinY5,10,2070,-5.833055556,36.17694444,16.26693024,25.99570765
SierraRetinY5,10,2071,-5.833055556,36.17694444,14.95568918,26.19263857
SierraRetinY5,10,2072,-5.833055556,36.17694444,52.00021265,23.60688122
SierraRetinY5,10,2073,-5.833055556,36.17694444,161.7425263,23.19736781
SierraRetinY5,10,2074,-5.833055556,36.17694444,12.45655666,27.07888479
SierraRetinY5,10,2075,-5.833055556,36.17694444,0.079060049,29.65765066
SierraRetinY5,10,2076,-5.833055556,36.17694444,61.81619911,22.95262077
SierraRetinY5,10,2077,-5.833055556,36.17694444,43.18641731,26.40574971
SierraRetinY5,10,2078,-5.833055556,36.17694444,49.33416872,27.63124114
SierraRetinY5,10,2079,-5.833055556,36.17694444,85.4903764,23.69878343
SierraRetinY5,10,2080,-5.833055556,36.17694444,4.359302146,28.73612513
SierraRetinY5,10,2081,-5.833055556,36.17694444,23.17477209,26.56140412
SierraRetinY5,10,2082,-5.833055556,36.17694444,30.33417116,24.5693003
SierraRetinY5,10,2083,-5.833055556,36.17694444,47.12023763,25.7938132
SierraRetinY5,10,2084,-5.833055556,36.17694444,45.5978301,24.88079125
SierraRetinY5,10,2085,-5.833055556,36.17694444,13.96928196,29.10660066
SierraRetinY5,10,2086,-5.833055556,36.17694444,56.38595953,27.8345522
SierraRetinY5,10,2087,-5.833055556,36.17694444,1.217656393,26.20896843
SierraRetinY5,10,2088,-5.833055556,36.17694444,69.27627162,26.05982804
SierraRetinY5,10,2089,-5.833055556,36.17694444,3.288446601,25.29016192
SierraRetinY5,10,2090,-5.833055556,36.17694444,43.99632869,25.55700172
SierraRetinY5,10,2091,-5.833055556,36.17694444,13.00786926,27.259223
SierraRetinY5,10,2092,-5.833055556,36.17694444,31.246613,26.30750083
SierraRetinY5,10,2093,-5.833055556,36.17694444,58.5306466,23.80185015
SierraRetinY5,10,2094,-5.833055556,36.17694444,83.81432322,24.86973503
SierraRetinY5,10,2095,-5.833055556,36.17694444,12.86651906,27.59455803
SierraRetinY5,10,2096,-5.833055556,36.17694444,45.09770136,26.28295977
SierraRetinY5,10,2097,-5.833055556,36.17694444,16.5091543,27.87313331
SierraRetinY5,10,2098,-5.833055556,36.17694444,75.07332367,27.52017586
SierraRetinY5,10,2099,-5.833055556,36.17694444,19.29713395,26.36535231
SierraRetinY5,10,2100,-5.833055556,36.17694444,4.337991358,29.63563173
SierraRetinY5,11,2015,-5.833055556,36.17694444,121.8649943,18.04260661
SierraRetinY5,11,2016,-5.833055556,36.17694444,48.64235381,18.21017558
SierraRetinY5,11,2017,-5.833055556,36.17694444,159.1092634,18.3072408
SierraRetinY5,11,2018,-5.833055556,36.17694444,45.72648051,19.90654704
SierraRetinY5,11,2019,-5.833055556,36.17694444,75.38644193,20.12059631
SierraRetinY5,11,2020,-5.833055556,36.17694444,10.19599529,20.35411072
SierraRetinY5,11,2021,-5.833055556,36.17694444,28.08911467,21.673703
SierraRetinY5,11,2022,-5.833055556,36.17694444,88.28161511,19.84893087
SierraRetinY5,11,2023,-5.833055556,36.17694444,22.37130222,19.38220723
SierraRetinY5,11,2024,-5.833055556,36.17694444,22.16436651,18.30198873
SierraRetinY5,11,2025,-5.833055556,36.17694444,116.4788581,19.93458659
SierraRetinY5,11,2026,-5.833055556,36.17694444,9.756435494,20.20195516
SierraRetinY5,11,2027,-5.833055556,36.17694444,53.04760592,19.83458761
SierraRetinY5,11,2028,-5.833055556,36.17694444,25.2128433,19.46764119
SierraRetinY5,11,2029,-5.833055556,36.17694444,28.43673751,18.68726603
SierraRetinY5,11,2030,-5.833055556,36.17694444,88.58320916,21.05282288
SierraRetinY5,11,2031,-5.833055556,36.17694444,154.1752749,17.23536377
SierraRetinY5,11,2032,-5.833055556,36.17694444,154.0193634,19.87963765
SierraRetinY5,11,2033,-5.833055556,36.17694444,19.60797088,17.41513774
SierraRetinY5,11,2034,-5.833055556,36.17694444,125.5778049,19.31026306
SierraRetinY5,11,2035,-5.833055556,36.17694444,54.61446073,19.34193319
SierraRetinY5,11,2036,-5.833055556,36.17694444,10.34260287,19.5673818
SierraRetinY5,11,2037,-5.833055556,36.17694444,65.06525634,17.88632406
SierraRetinY5,11,2038,-5.833055556,36.17694444,45.38912106,19.86231791
SierraRetinY5,11,2039,-5.833055556,36.17694444,25.34326297,20.86078695
SierraRetinY5,11,2040,-5.833055556,36.17694444,86.57729233,21.67728984
SierraRetinY5,11,2041,-5.833055556,36.17694444,90.9402597,19.5747345
SierraRetinY5,11,2042,-5.833055556,36.17694444,7.369158702,22.94265849
SierraRetinY5,11,2043,-5.833055556,36.17694444,173.778217,19.024705
SierraRetinY5,11,2044,-5.833055556,36.17694444,79.63074058,19.42953593
SierraRetinY5,11,2045,-5.833055556,36.17694444,110.6585184,19.56772868
SierraRetinY5,11,2046,-5.833055556,36.17694444,97.17288243,20.1602946
SierraRetinY5,11,2047,-5.833055556,36.17694444,45.36349105,19.22687581
SierraRetinY5,11,2048,-5.833055556,36.17694444,17.59171627,18.87392273
SierraRetinY5,11,2049,-5.833055556,36.17694444,83.77016623,19.82230123
SierraRetinY5,11,2050,-5.833055556,36.17694444,47.72211554,17.84975281
SierraRetinY5,11,2051,-5.833055556,36.17694444,25.5615151,18.56404114
SierraRetinY5,11,2052,-5.833055556,36.17694444,166.392045,18.46702779
SierraRetinY5,11,2053,-5.833055556,36.17694444,4.420351525,19.19952291
SierraRetinY5,11,2054,-5.833055556,36.17694444,161.3545131,20.18162435
SierraRetinY5,11,2055,-5.833055556,36.17694444,65.53007496,20.08328247
SierraRetinY5,11,2056,-5.833055556,36.17694444,106.2116127,18.85659485
SierraRetinY5,11,2057,-5.833055556,36.17694444,20.49636533,21.41650696
SierraRetinY5,11,2058,-5.833055556,36.17694444,36.30863987,20.71772766
SierraRetinY5,11,2059,-5.833055556,36.17694444,4.709481757,19.89588521
SierraRetinY5,11,2060,-5.833055556,36.17694444,271.1246445,18.8015391
SierraRetinY5,11,2061,-5.833055556,36.17694444,29.16412374,22.32477214
SierraRetinY5,11,2062,-5.833055556,36.17694444,5.587167051,20.57368368
SierraRetinY5,11,2063,-5.833055556,36.17694444,99.15006518,22.43358053
SierraRetinY5,11,2064,-5.833055556,36.17694444,51.61281946,20.72673543
SierraRetinY5,11,2065,-5.833055556,36.17694444,61.03914726,20.86621602
SierraRetinY5,11,2066,-5.833055556,36.17694444,68.86484452,20.56021423
SierraRetinY5,11,2067,-5.833055556,36.17694444,30.64212548,18.22213847
SierraRetinY5,11,2068,-5.833055556,36.17694444,111.5322308,19.35250549
SierraRetinY5,11,2069,-5.833055556,36.17694444,4.549043583,21.59069316
SierraRetinY5,11,2070,-5.833055556,36.17694444,31.27107211,20.03009949
SierraRetinY5,11,2071,-5.833055556,36.17694444,16.22813694,20.44301249
SierraRetinY5,11,2072,-5.833055556,36.17694444,34.07973302,20.44797262
SierraRetinY5,11,2073,-5.833055556,36.17694444,55.67687935,20.93077799
SierraRetinY5,11,2074,-5.833055556,36.17694444,121.706946,19.1827474
SierraRetinY5,11,2075,-5.833055556,36.17694444,73.01094642,22.99829305
SierraRetinY5,11,2076,-5.833055556,36.17694444,61.86704567,19.27763875
SierraRetinY5,11,2077,-5.833055556,36.17694444,19.70827064,23.44462789
SierraRetinY5,11,2078,-5.833055556,36.17694444,27.24963575,21.3751709
SierraRetinY5,11,2079,-5.833055556,36.17694444,19.7449981,20.43811849
SierraRetinY5,11,2080,-5.833055556,36.17694444,13.12755143,22.08919373
SierraRetinY5,11,2081,-5.833055556,36.17694444,43.94333635,21.72874756
SierraRetinY5,11,2082,-5.833055556,36.17694444,45.02306268,20.48600362
SierraRetinY5,11,2083,-5.833055556,36.17694444,23.60075289,19.95732829
SierraRetinY5,11,2084,-5.833055556,36.17694444,41.93826396,22.77033488
SierraRetinY5,11,2085,-5.833055556,36.17694444,31.2856306,22.48225708
SierraRetinY5,11,2086,-5.833055556,36.17694444,22.96096992,21.90051371
SierraRetinY5,11,2087,-5.833055556,36.17694444,22.25604729,23.097229
SierraRetinY5,11,2088,-5.833055556,36.17694444,158.5522866,20.49922485
SierraRetinY5,11,2089,-5.833055556,36.17694444,5.421882684,20.32904765
SierraRetinY5,11,2090,-5.833055556,36.17694444,33.02588174,21.33061625
SierraRetinY5,11,2091,-5.833055556,36.17694444,55.54532793,20.5428833
SierraRetinY5,11,2092,-5.833055556,36.17694444,0.069473189,25.22731832
SierraRetinY5,11,2093,-5.833055556,36.17694444,5.729153971,23.76018473
SierraRetinY5,11,2094,-5.833055556,36.17694444,55.61863045,19.73223572
SierraRetinY5,11,2095,-5.833055556,36.17694444,18.79731306,23.24938456
SierraRetinY5,11,2096,-5.833055556,36.17694444,55.3729471,21.79796651
SierraRetinY5,11,2097,-5.833055556,36.17694444,180.3133484,20.70837097
SierraRetinY5,11,2098,-5.833055556,36.17694444,18.81977333,21.36025899
SierraRetinY5,11,2099,-5.833055556,36.17694444,15.45501495,23.4899058
SierraRetinY5,11,2100,-5.833055556,36.17694444,86.4473821,23.43894958
SierraRetinY5,12,2015,-5.833055556,36.17694444,87.79503748,14.8463182
SierraRetinY5,12,2016,-5.833055556,36.17694444,53.31561477,14.7371834
SierraRetinY5,12,2017,-5.833055556,36.17694444,213.4336357,14.78866557
SierraRetinY5,12,2018,-5.833055556,36.17694444,1.674760231,18.00818344
SierraRetinY5,12,2019,-5.833055556,36.17694444,1.485700107,17.76118105
SierraRetinY5,12,2020,-5.833055556,36.17694444,69.51870682,18.09052577
SierraRetinY5,12,2021,-5.833055556,36.17694444,23.34802387,18.09259604
SierraRetinY5,12,2022,-5.833055556,36.17694444,97.47625641,17.3836225
SierraRetinY5,12,2023,-5.833055556,36.17694444,196.6582814,17.48813831
SierraRetinY5,12,2024,-5.833055556,36.17694444,50.8189566,15.8422131
SierraRetinY5,12,2025,-5.833055556,36.17694444,116.2520458,16.99412566
SierraRetinY5,12,2026,-5.833055556,36.17694444,2.145576424,18.33824187
SierraRetinY5,12,2027,-5.833055556,36.17694444,3.784235437,19.36106705
SierraRetinY5,12,2028,-5.833055556,36.17694444,121.3889961,17.54382009
SierraRetinY5,12,2029,-5.833055556,36.17694444,300.79932,16.6101151
SierraRetinY5,12,2030,-5.833055556,36.17694444,13.88452945,18.31122397
SierraRetinY5,12,2031,-5.833055556,36.17694444,45.37688654,15.85544394
SierraRetinY5,12,2032,-5.833055556,36.17694444,106.0952482,15.87384407
SierraRetinY5,12,2033,-5.833055556,36.17694444,118.4017106,16.22631619
SierraRetinY5,12,2034,-5.833055556,36.17694444,13.37294382,19.5767525
SierraRetinY5,12,2035,-5.833055556,36.17694444,18.45920063,14.88677073
SierraRetinY5,12,2036,-5.833055556,36.17694444,0.626621712,18.963044
SierraRetinY5,12,2037,-5.833055556,36.17694444,15.32494614,18.82535656
SierraRetinY5,12,2038,-5.833055556,36.17694444,46.09870098,17.24638692
SierraRetinY5,12,2039,-5.833055556,36.17694444,0.978855207,18.33240022
SierraRetinY5,12,2040,-5.833055556,36.17694444,45.71536941,17.94653694
SierraRetinY5,12,2041,-5.833055556,36.17694444,92.24081063,17.3425547
SierraRetinY5,12,2042,-5.833055556,36.17694444,71.66379545,16.02464226
SierraRetinY5,12,2043,-5.833055556,36.17694444,89.0049992,18.70435634
SierraRetinY5,12,2044,-5.833055556,36.17694444,16.92019723,19.00543587
SierraRetinY5,12,2045,-5.833055556,36.17694444,108.2021511,16.73363057
SierraRetinY5,12,2046,-5.833055556,36.17694444,62.74812323,18.62602854
SierraRetinY5,12,2047,-5.833055556,36.17694444,295.8874484,17.81688055
SierraRetinY5,12,2048,-5.833055556,36.17694444,276.6859576,16.73200231
SierraRetinY5,12,2049,-5.833055556,36.17694444,212.3530661,17.37461784
SierraRetinY5,12,2050,-5.833055556,36.17694444,104.1819411,15.40267432
SierraRetinY5,12,2051,-5.833055556,36.17694444,174.2076106,16.58398319
SierraRetinY5,12,2052,-5.833055556,36.17694444,94.39160378,17.5280996
SierraRetinY5,12,2053,-5.833055556,36.17694444,201.0329954,17.32123374
SierraRetinY5,12,2054,-5.833055556,36.17694444,65.63030881,19.54682558
SierraRetinY5,12,2055,-5.833055556,36.17694444,21.60271629,17.13462859
SierraRetinY5,12,2056,-5.833055556,36.17694444,16.59600031,16.71289535
SierraRetinY5,12,2057,-5.833055556,36.17694444,138.2618547,18.76368841
SierraRetinY5,12,2058,-5.833055556,36.17694444,47.96716672,18.03197632
SierraRetinY5,12,2059,-5.833055556,36.17694444,34.1459277,17.35900859
SierraRetinY5,12,2060,-5.833055556,36.17694444,174.9894663,16.9885882
SierraRetinY5,12,2061,-5.833055556,36.17694444,0.431821507,17.92227153
SierraRetinY5,12,2062,-5.833055556,36.17694444,281.3739969,19.00377119
SierraRetinY5,12,2063,-5.833055556,36.17694444,8.443142089,17.176354
SierraRetinY5,12,2064,-5.833055556,36.17694444,83.22434628,18.33859151
SierraRetinY5,12,2065,-5.833055556,36.17694444,131.1958432,17.74337552
SierraRetinY5,12,2066,-5.833055556,36.17694444,8.665701928,17.51703058
SierraRetinY5,12,2067,-5.833055556,36.17694444,18.19412498,17.2735259
SierraRetinY5,12,2068,-5.833055556,36.17694444,34.5705639,16.80059401
SierraRetinY5,12,2069,-5.833055556,36.17694444,66.47515836,17.41721644
SierraRetinY5,12,2070,-5.833055556,36.17694444,65.86712862,17.26201585
SierraRetinY5,12,2071,-5.833055556,36.17694444,36.07114822,16.266814
SierraRetinY5,12,2072,-5.833055556,36.17694444,10.97055233,18.66382505
SierraRetinY5,12,2073,-5.833055556,36.17694444,41.36743843,19.66622511
SierraRetinY5,12,2074,-5.833055556,36.17694444,40.26160672,17.37448396
SierraRetinY5,12,2075,-5.833055556,36.17694444,25.77371562,19.01866967
SierraRetinY5,12,2076,-5.833055556,36.17694444,26.44754438,18.41556456
SierraRetinY5,12,2077,-5.833055556,36.17694444,70.32362895,18.23418481
SierraRetinY5,12,2078,-5.833055556,36.17694444,21.2199103,17.34876059
SierraRetinY5,12,2079,-5.833055556,36.17694444,65.43492415,20.69765527
SierraRetinY5,12,2080,-5.833055556,36.17694444,23.71560946,18.43281585
SierraRetinY5,12,2081,-5.833055556,36.17694444,45.68881097,17.81208929
SierraRetinY5,12,2082,-5.833055556,36.17694444,25.47362919,19.68504855
SierraRetinY5,12,2083,-5.833055556,36.17694444,28.34214539,18.08569808
SierraRetinY5,12,2084,-5.833055556,36.17694444,102.6295698,18.08976086
SierraRetinY5,12,2085,-5.833055556,36.17694444,53.83057722,17.68639723
SierraRetinY5,12,2086,-5.833055556,36.17694444,189.6363664,19.3106973
SierraRetinY5,12,2087,-5.833055556,36.17694444,8.75618553,21.0262459
SierraRetinY5,12,2088,-5.833055556,36.17694444,37.96795729,17.24076184
SierraRetinY5,12,2089,-5.833055556,36.17694444,61.66451974,20.09216387
SierraRetinY5,12,2090,-5.833055556,36.17694444,2.115739483,19.50362844
SierraRetinY5,12,2091,-5.833055556,36.17694444,155.7207107,20.3458752
SierraRetinY5,12,2092,-5.833055556,36.17694444,7.1726501,21.03832004
SierraRetinY5,12,2093,-5.833055556,36.17694444,96.50461035,18.18267507
SierraRetinY5,12,2094,-5.833055556,36.17694444,14.08137956,19.72058381
SierraRetinY5,12,2095,-5.833055556,36.17694444,48.38216859,19.07060173
SierraRetinY5,12,2096,-5.833055556,36.17694444,39.50686959,20.09999902
SierraRetinY5,12,2097,-5.833055556,36.17694444,101.1556446,17.65616317
SierraRetinY5,12,2098,-5.833055556,36.17694444,12.42078532,19.52741837
SierraRetinY5,12,2099,-5.833055556,36.17694444,22.10178469,19.76347085
SierraRetinY5,12,2100,-5.833055556,36.17694444,0.318390627,17.7026062
SierraRetinY5,2,2015,-5.833055556,36.17694444,42.87027098,16.32749329
SierraRetinY5,2,2016,-5.833055556,36.17694444,4.725808252,17.98604105
SierraRetinY5,2,2017,-5.833055556,36.17694444,24.94353225,17.19982191
SierraRetinY5,2,2018,-5.833055556,36.17694444,40.95482529,18.4074537
SierraRetinY5,2,2019,-5.833055556,36.17694444,0.073163958,18.18176858
SierraRetinY5,2,2020,-5.833055556,36.17694444,60.97491768,17.15796656
SierraRetinY5,2,2021,-5.833055556,36.17694444,37.06655459,13.98706752
SierraRetinY5,2,2022,-5.833055556,36.17694444,24.93701326,18.34817113
SierraRetinY5,2,2023,-5.833055556,36.17694444,40.96312964,16.57061702
SierraRetinY5,2,2024,-5.833055556,36.17694444,88.27439907,17.1465793
SierraRetinY5,2,2025,-5.833055556,36.17694444,27.61902859,15.88736223
SierraRetinY5,2,2026,-5.833055556,36.17694444,52.50833024,15.36147352
SierraRetinY5,2,2027,-5.833055556,36.17694444,27.28164158,17.04681876
SierraRetinY5,2,2028,-5.833055556,36.17694444,264.0193175,16.52886142
SierraRetinY5,2,2029,-5.833055556,36.17694444,90.48287882,16.23114057
SierraRetinY5,2,2030,-5.833055556,36.17694444,24.86790942,16.91787763
SierraRetinY5,2,2031,-5.833055556,36.17694444,46.81999313,15.94248788
SierraRetinY5,2,2032,-5.833055556,36.17694444,156.4663762,19.71821773
SierraRetinY5,2,2033,-5.833055556,36.17694444,83.27419839,16.25510559
SierraRetinY5,2,2034,-5.833055556,36.17694444,2.515205261,18.04709124
SierraRetinY5,2,2035,-5.833055556,36.17694444,37.87921673,15.79722421
SierraRetinY5,2,2036,-5.833055556,36.17694444,15.67397332,17.66837832
SierraRetinY5,2,2037,-5.833055556,36.17694444,179.084035,16.68140019
SierraRetinY5,2,2038,-5.833055556,36.17694444,0.59316319,20.19216527
SierraRetinY5,2,2039,-5.833055556,36.17694444,13.52434984,19.27609297
SierraRetinY5,2,2040,-5.833055556,36.17694444,56.22668645,18.48591056
SierraRetinY5,2,2041,-5.833055556,36.17694444,49.04596884,16.9575385
SierraRetinY5,2,2042,-5.833055556,36.17694444,10.57861413,17.3046923
SierraRetinY5,2,2043,-5.833055556,36.17694444,7.272709435,16.96467743
SierraRetinY5,2,2044,-5.833055556,36.17694444,56.12857133,16.0719554
SierraRetinY5,2,2045,-5.833055556,36.17694444,0.199379454,17.52630114
SierraRetinY5,2,2046,-5.833055556,36.17694444,39.41483167,18.93705902
SierraRetinY5,2,2047,-5.833055556,36.17694444,98.36188134,18.71438424
SierraRetinY5,2,2048,-5.833055556,36.17694444,34.79930873,16.16847618
SierraRetinY5,2,2049,-5.833055556,36.17694444,6.654261276,18.6117678
SierraRetinY5,2,2050,-5.833055556,36.17694444,52.9768733,19.80603289
SierraRetinY5,2,2051,-5.833055556,36.17694444,37.06225271,15.94048135
SierraRetinY5,2,2052,-5.833055556,36.17694444,50.62299081,19.51571992
SierraRetinY5,2,2053,-5.833055556,36.17694444,33.33280958,18.97352644
SierraRetinY5,2,2054,-5.833055556,36.17694444,22.41842351,18.00753937
SierraRetinY5,2,2055,-5.833055556,36.17694444,173.6229102,16.02065212
SierraRetinY5,2,2056,-5.833055556,36.17694444,41.84685954,18.13659899
SierraRetinY5,2,2057,-5.833055556,36.17694444,258.8497147,17.62719879
SierraRetinY5,2,2058,-5.833055556,36.17694444,7.024919633,19.4596889
SierraRetinY5,2,2059,-5.833055556,36.17694444,41.06380115,19.58617009
SierraRetinY5,2,2060,-5.833055556,36.17694444,29.15400096,19.49183202
SierraRetinY5,2,2061,-5.833055556,36.17694444,28.55458893,18.86664734
SierraRetinY5,2,2062,-5.833055556,36.17694444,8.180491743,20.85216348
SierraRetinY5,2,2063,-5.833055556,36.17694444,34.41153823,17.83122406
SierraRetinY5,2,2064,-5.833055556,36.17694444,78.83844689,18.76286811
SierraRetinY5,2,2065,-5.833055556,36.17694444,0.44062052,20.76121129
SierraRetinY5,2,2066,-5.833055556,36.17694444,43.20273663,16.59253191
SierraRetinY5,2,2067,-5.833055556,36.17694444,1.076668563,18.76984558
SierraRetinY5,2,2068,-5.833055556,36.17694444,60.0480689,21.45482893
SierraRetinY5,2,2069,-5.833055556,36.17694444,27.44775059,17.11824733
SierraRetinY5,2,2070,-5.833055556,36.17694444,1.743949405,17.27575836
SierraRetinY5,2,2071,-5.833055556,36.17694444,37.90593117,17.98743373
SierraRetinY5,2,2072,-5.833055556,36.17694444,19.07279179,15.17323903
SierraRetinY5,2,2073,-5.833055556,36.17694444,24.59636525,17.89089464
SierraRetinY5,2,2074,-5.833055556,36.17694444,98.07290292,17.16537628
SierraRetinY5,2,2075,-5.833055556,36.17694444,79.98366411,17.45073308
SierraRetinY5,2,2076,-5.833055556,36.17694444,69.91104786,19.06215715
SierraRetinY5,2,2077,-5.833055556,36.17694444,1.606999697,20.26520255
SierraRetinY5,2,2078,-5.833055556,36.17694444,1.226761825,21.06067483
SierraRetinY5,2,2079,-5.833055556,36.17694444,29.57545529,16.79200788
SierraRetinY5,2,2080,-5.833055556,36.17694444,56.10985248,19.03727901
SierraRetinY5,2,2081,-5.833055556,36.17694444,8.254038043,24.49400591
SierraRetinY5,2,2082,-5.833055556,36.17694444,66.13259432,18.51585323
SierraRetinY5,2,2083,-5.833055556,36.17694444,26.70068719,18.52299543
SierraRetinY5,2,2084,-5.833055556,36.17694444,229.2113601,16.92083235
SierraRetinY5,2,2085,-5.833055556,36.17694444,21.65452842,19.24328112
SierraRetinY5,2,2086,-5.833055556,36.17694444,10.41850988,20.51861071
SierraRetinY5,2,2087,-5.833055556,36.17694444,14.37429016,21.18221327
SierraRetinY5,2,2088,-5.833055556,36.17694444,105.1481024,18.27816267
SierraRetinY5,2,2089,-5.833055556,36.17694444,4.82569113,20.17535117
SierraRetinY5,2,2090,-5.833055556,36.17694444,117.3776798,19.24999717
SierraRetinY5,2,2091,-5.833055556,36.17694444,0.379549717,22.39638672
SierraRetinY5,2,2092,-5.833055556,36.17694444,13.11827882,20.01249663
SierraRetinY5,2,2093,-5.833055556,36.17694444,1.893103939,21.19300123
SierraRetinY5,2,2094,-5.833055556,36.17694444,38.98222,20.85603921
SierraRetinY5,2,2095,-5.833055556,36.17694444,1.019486352,17.5369921
SierraRetinY5,2,2096,-5.833055556,36.17694444,44.05153086,18.97006036
SierraRetinY5,2,2097,-5.833055556,36.17694444,48.37487391,20.27936489
SierraRetinY5,2,2098,-5.833055556,36.17694444,2.100761146,20.43027104
SierraRetinY5,2,2099,-5.833055556,36.17694444,1.169972139,20.16540244
SierraRetinY5,2,2100,-5.833055556,36.17694444,3.391859402,21.54888851
SierraRetinY5,3,2015,-5.833055556,36.17694444,21.14156406,18.4695915
SierraRetinY5,3,2016,-5.833055556,36.17694444,6.316447055,19.1108426
SierraRetinY5,3,2017,-5.833055556,36.17694444,38.22051648,20.66394417
SierraRetinY5,3,2018,-5.833055556,36.17694444,79.88747305,17.04410361
SierraRetinY5,3,2019,-5.833055556,36.17694444,27.49455574,21.51274237
SierraRetinY5,3,2020,-5.833055556,36.17694444,31.91408679,21.2202432
SierraRetinY5,3,2021,-5.833055556,36.17694444,47.61683611,17.77329358
SierraRetinY5,3,2022,-5.833055556,36.17694444,39.4521669,17.32090789
SierraRetinY5,3,2023,-5.833055556,36.17694444,6.938832623,19.29431133
SierraRetinY5,3,2024,-5.833055556,36.17694444,397.2399699,16.73676797
SierraRetinY5,3,2025,-5.833055556,36.17694444,21.33214378,19.75884006
SierraRetinY5,3,2026,-5.833055556,36.17694444,38.9123286,17.01446514
SierraRetinY5,3,2027,-5.833055556,36.17694444,41.31858824,19.63180621
SierraRetinY5,3,2028,-5.833055556,36.17694444,79.81858299,19.15317245
SierraRetinY5,3,2029,-5.833055556,36.17694444,32.69355654,19.93169457
SierraRetinY5,3,2030,-5.833055556,36.17694444,83.47139983,19.5840206
SierraRetinY5,3,2031,-5.833055556,36.17694444,37.03045956,19.32376473
SierraRetinY5,3,2032,-5.833055556,36.17694444,111.0054285,19.30745456
SierraRetinY5,3,2033,-5.833055556,36.17694444,61.69752233,16.45231166
SierraRetinY5,3,2034,-5.833055556,36.17694444,25.01066731,17.70738151
SierraRetinY5,3,2035,-5.833055556,36.17694444,37.84430874,19.51874842
SierraRetinY5,3,2036,-5.833055556,36.17694444,7.81198495,19.32394389
SierraRetinY5,3,2037,-5.833055556,36.17694444,41.77816939,22.22809704
SierraRetinY5,3,2038,-5.833055556,36.17694444,22.74640047,23.72601889
SierraRetinY5,3,2039,-5.833055556,36.17694444,0.634028501,19.52586493
SierraRetinY5,3,2040,-5.833055556,36.17694444,1.226568429,20.0534095
SierraRetinY5,3,2041,-5.833055556,36.17694444,31.69275376,21.1024611
SierraRetinY5,3,2042,-5.833055556,36.17694444,5.597428596,22.62928605
SierraRetinY5,3,2043,-5.833055556,36.17694444,34.58681125,21.02264385
SierraRetinY5,3,2044,-5.833055556,36.17694444,32.23056259,18.61612116
SierraRetinY5,3,2045,-5.833055556,36.17694444,6.044606217,22.08765023
SierraRetinY5,3,2046,-5.833055556,36.17694444,11.78413434,20.1935098
SierraRetinY5,3,2047,-5.833055556,36.17694444,121.659166,17.49314615
SierraRetinY5,3,2048,-5.833055556,36.17694444,16.46908392,19.92403761
SierraRetinY5,3,2049,-5.833055556,36.17694444,1.888850561,20.31097392
SierraRetinY5,3,2050,-5.833055556,36.17694444,59.0913131,20.59436311
SierraRetinY5,3,2051,-5.833055556,36.17694444,45.87254381,16.81954838
SierraRetinY5,3,2052,-5.833055556,36.17694444,118.8354185,18.38307023
SierraRetinY5,3,2053,-5.833055556,36.17694444,64.03316487,19.53878075
SierraRetinY5,3,2054,-5.833055556,36.17694444,1.771527964,20.46428735
SierraRetinY5,3,2055,-5.833055556,36.17694444,14.2507456,20.20053278
SierraRetinY5,3,2056,-5.833055556,36.17694444,84.83072457,17.72991136
SierraRetinY5,3,2057,-5.833055556,36.17694444,105.9971419,16.84741388
SierraRetinY5,3,2058,-5.833055556,36.17694444,0.012416425,22.65127642
SierraRetinY5,3,2059,-5.833055556,36.17694444,0.102285863,23.1678514
SierraRetinY5,3,2060,-5.833055556,36.17694444,30.67990964,19.93002004
SierraRetinY5,3,2061,-5.833055556,36.17694444,2.060031623,20.05822636
SierraRetinY5,3,2062,-5.833055556,36.17694444,29.98257437,20.69498252
SierraRetinY5,3,2063,-5.833055556,36.17694444,124.1590848,19.12562197
SierraRetinY5,3,2064,-5.833055556,36.17694444,55.44269643,19.18131359
SierraRetinY5,3,2065,-5.833055556,36.17694444,24.35506056,22.07108016
SierraRetinY5,3,2066,-5.833055556,36.17694444,77.05354458,18.22588895
SierraRetinY5,3,2067,-5.833055556,36.17694444,5.57418784,22.84744046
SierraRetinY5,3,2068,-5.833055556,36.17694444,228.1488131,19.51824931
SierraRetinY5,3,2069,-5.833055556,36.17694444,1.452203,21.55070328
SierraRetinY5,3,2070,-5.833055556,36.17694444,45.95419023,17.48702688
SierraRetinY5,3,2071,-5.833055556,36.17694444,59.32417659,16.85957661
SierraRetinY5,3,2072,-5.833055556,36.17694444,19.2333948,18.53300112
SierraRetinY5,3,2073,-5.833055556,36.17694444,11.6624118,19.95585957
SierraRetinY5,3,2074,-5.833055556,36.17694444,61.89894344,19.8588629
SierraRetinY5,3,2075,-5.833055556,36.17694444,39.40622692,20.18953464
SierraRetinY5,3,2076,-5.833055556,36.17694444,38.29311874,20.75233784
SierraRetinY5,3,2077,-5.833055556,36.17694444,0.316146409,23.41035491
SierraRetinY5,3,2078,-5.833055556,36.17694444,6.072953016,25.52236131
SierraRetinY5,3,2079,-5.833055556,36.17694444,37.93163005,19.88126772
SierraRetinY5,3,2080,-5.833055556,36.17694444,13.89520033,20.52267338
SierraRetinY5,3,2081,-5.833055556,36.17694444,16.50306793,26.08544804
SierraRetinY5,3,2082,-5.833055556,36.17694444,68.3956121,19.59766098
SierraRetinY5,3,2083,-5.833055556,36.17694444,13.51850047,22.30000138
SierraRetinY5,3,2084,-5.833055556,36.17694444,11.71799461,20.54134521
SierraRetinY5,3,2085,-5.833055556,36.17694444,32.29064703,22.28022697
SierraRetinY5,3,2086,-5.833055556,36.17694444,4.171841098,20.73580618
SierraRetinY5,3,2087,-5.833055556,36.17694444,0.03354871,21.97339143
SierraRetinY5,3,2088,-5.833055556,36.17694444,125.5074471,20.35104449
SierraRetinY5,3,2089,-5.833055556,36.17694444,5.042494271,23.24948986
SierraRetinY5,3,2090,-5.833055556,36.17694444,191.5631373,19.33476681
SierraRetinY5,3,2091,-5.833055556,36.17694444,14.51396789,24.50019768
SierraRetinY5,3,2092,-5.833055556,36.17694444,82.78782396,19.99953909
SierraRetinY5,3,2093,-5.833055556,36.17694444,2.025055079,22.31628792
SierraRetinY5,3,2094,-5.833055556,36.17694444,0.87313252,23.83445671
SierraRetinY5,3,2095,-5.833055556,36.17694444,17.67996637,24.05859651
SierraRetinY5,3,2096,-5.833055556,36.17694444,27.95828157,19.94254505
SierraRetinY5,3,2097,-5.833055556,36.17694444,14.788643,22.5125632
SierraRetinY5,3,2098,-5.833055556,36.17694444,18.45211684,21.6356337
SierraRetinY5,3,2099,-5.833055556,36.17694444,123.8643014,19.65403876
SierraRetinY5,3,2100,-5.833055556,36.17694444,50.69616213,23.12559342
SierraRetinY5,4,2015,-5.833055556,36.17694444,3.980655713,23.404953
SierraRetinY5,4,2016,-5.833055556,36.17694444,13.36775209,23.06498006
SierraRetinY5,4,2017,-5.833055556,36.17694444,14.83714044,22.49856466
SierraRetinY5,4,2018,-5.833055556,36.17694444,82.24227537,19.44521077
SierraRetinY5,4,2019,-5.833055556,36.17694444,77.12049397,20.91682332
SierraRetinY5,4,2020,-5.833055556,36.17694444,23.25563309,22.2982961
SierraRetinY5,4,2021,-5.833055556,36.17694444,66.78630692,19.39346619
SierraRetinY5,4,2022,-5.833055556,36.17694444,92.72191801,20.04153951
SierraRetinY5,4,2023,-5.833055556,36.17694444,100.6587187,19.53804728
SierraRetinY5,4,2024,-5.833055556,36.17694444,20.51298608,19.64022725
SierraRetinY5,4,2025,-5.833055556,36.17694444,87.58683771,20.17597656
SierraRetinY5,4,2026,-5.833055556,36.17694444,39.27687432,18.0254069
SierraRetinY5,4,2027,-5.833055556,36.17694444,15.02544833,22.85118815
SierraRetinY5,4,2028,-5.833055556,36.17694444,12.00675958,21.20065715
SierraRetinY5,4,2029,-5.833055556,36.17694444,12.79855053,20.68458964
SierraRetinY5,4,2030,-5.833055556,36.17694444,33.86599872,20.23392131
SierraRetinY5,4,2031,-5.833055556,36.17694444,17.75187851,23.77697957
SierraRetinY5,4,2032,-5.833055556,36.17694444,18.37237365,20.92613424
SierraRetinY5,4,2033,-5.833055556,36.17694444,64.2680714,20.15046488
SierraRetinY5,4,2034,-5.833055556,36.17694444,4.464093093,22.24663391
SierraRetinY5,4,2035,-5.833055556,36.17694444,23.32128395,21.59934489
SierraRetinY5,4,2036,-5.833055556,36.17694444,49.66983046,22.09711202
SierraRetinY5,4,2037,-5.833055556,36.17694444,45.38788717,23.07462769
SierraRetinY5,4,2038,-5.833055556,36.17694444,72.63027271,22.16807556
SierraRetinY5,4,2039,-5.833055556,36.17694444,103.3021782,19.18808594
SierraRetinY5,4,2040,-5.833055556,36.17694444,22.37906813,20.19878235
SierraRetinY5,4,2041,-5.833055556,36.17694444,12.21303292,20.71324361
SierraRetinY5,4,2042,-5.833055556,36.17694444,35.28012273,23.31028748
SierraRetinY5,4,2043,-5.833055556,36.17694444,12.53522901,20.83139954
SierraRetinY5,4,2044,-5.833055556,36.17694444,2.021543698,21.99908854
SierraRetinY5,4,2045,-5.833055556,36.17694444,16.73784722,23.57995199
SierraRetinY5,4,2046,-5.833055556,36.17694444,50.69292167,19.93380432
SierraRetinY5,4,2047,-5.833055556,36.17694444,3.608340742,20.82638143
SierraRetinY5,4,2048,-5.833055556,36.17694444,57.81667499,18.93541667
SierraRetinY5,4,2049,-5.833055556,36.17694444,25.76143888,20.27698059
SierraRetinY5,4,2050,-5.833055556,36.17694444,76.95763541,21.30731099
SierraRetinY5,4,2051,-5.833055556,36.17694444,32.42907054,21.86648763
SierraRetinY5,4,2052,-5.833055556,36.17694444,72.65502151,20.00681966
SierraRetinY5,4,2053,-5.833055556,36.17694444,49.26148424,20.45228882
SierraRetinY5,4,2054,-5.833055556,36.17694444,30.33899419,21.94662476
SierraRetinY5,4,2055,-5.833055556,36.17694444,7.552555449,19.98684591
SierraRetinY5,4,2056,-5.833055556,36.17694444,34.54237188,22.29776611
SierraRetinY5,4,2057,-5.833055556,36.17694444,74.27741782,20.1756307
SierraRetinY5,4,2058,-5.833055556,36.17694444,25.41697845,22.89624532
SierraRetinY5,4,2059,-5.833055556,36.17694444,31.94116185,23.0083374
SierraRetinY5,4,2060,-5.833055556,36.17694444,45.87011599,21.47875264
SierraRetinY5,4,2061,-5.833055556,36.17694444,18.81859447,23.35246684
SierraRetinY5,4,2062,-5.833055556,36.17694444,3.334546768,25.05774231
SierraRetinY5,4,2063,-5.833055556,36.17694444,46.70489289,20.7737915
SierraRetinY5,4,2064,-5.833055556,36.17694444,4.585088305,20.51081136
SierraRetinY5,4,2065,-5.833055556,36.17694444,31.10435223,21.13448792
SierraRetinY5,4,2066,-5.833055556,36.17694444,6.874346084,22.32328186
SierraRetinY5,4,2067,-5.833055556,36.17694444,74.01342813,24.19507853
SierraRetinY5,4,2068,-5.833055556,36.17694444,10.04373296,24.34998779
SierraRetinY5,4,2069,-5.833055556,36.17694444,28.83692506,23.90877889
SierraRetinY5,4,2070,-5.833055556,36.17694444,0.893463544,24.11826579
SierraRetinY5,4,2071,-5.833055556,36.17694444,53.77110456,19.28363342
SierraRetinY5,4,2072,-5.833055556,36.17694444,19.83168068,23.1609141
SierraRetinY5,4,2073,-5.833055556,36.17694444,6.920531781,22.99986471
SierraRetinY5,4,2074,-5.833055556,36.17694444,12.99181036,22.93513184
SierraRetinY5,4,2075,-5.833055556,36.17694444,12.08374131,22.46289063
SierraRetinY5,4,2076,-5.833055556,36.17694444,4.423289101,25.71515605
SierraRetinY5,4,2077,-5.833055556,36.17694444,26.71296102,25.89384359
SierraRetinY5,4,2078,-5.833055556,36.17694444,33.59086833,24.28667603
SierraRetinY5,4,2079,-5.833055556,36.17694444,7.36912555,25.57664897
SierraRetinY5,4,2080,-5.833055556,36.17694444,35.75298705,22.68789063
SierraRetinY5,4,2081,-5.833055556,36.17694444,10.30941715,25.17541199
SierraRetinY5,4,2082,-5.833055556,36.17694444,10.68838762,23.73879191
SierraRetinY5,4,2083,-5.833055556,36.17694444,15.32856128,24.39773763
SierraRetinY5,4,2084,-5.833055556,36.17694444,34.2307468,21.93379313
SierraRetinY5,4,2085,-5.833055556,36.17694444,63.0308737,20.44694214
SierraRetinY5,4,2086,-5.833055556,36.17694444,18.73536459,25.42998962
SierraRetinY5,4,2087,-5.833055556,36.17694444,80.01965957,20.13539124
SierraRetinY5,4,2088,-5.833055556,36.17694444,93.29528756,20.1483256
SierraRetinY5,4,2089,-5.833055556,36.17694444,3.711285996,24.07202047
SierraRetinY5,4,2090,-5.833055556,36.17694444,32.37368729,22.75519409
SierraRetinY5,4,2091,-5.833055556,36.17694444,4.476351293,27.49152934
SierraRetinY5,4,2092,-5.833055556,36.17694444,10.31374918,23.00045878
SierraRetinY5,4,2093,-5.833055556,36.17694444,20.90195642,23.60532532
SierraRetinY5,4,2094,-5.833055556,36.17694444,36.99996236,22.19503479
SierraRetinY5,4,2095,-5.833055556,36.17694444,9.912651933,24.93919271
SierraRetinY5,4,2096,-5.833055556,36.17694444,44.46250334,20.49072876
SierraRetinY5,4,2097,-5.833055556,36.17694444,26.34021237,23.67076721
SierraRetinY5,4,2098,-5.833055556,36.17694444,58.61984239,21.93360189
SierraRetinY5,4,2099,-5.833055556,36.17694444,114.8409556,23.47563477
SierraRetinY5,4,2100,-5.833055556,36.17694444,3.791755309,25.93705953
SierraRetinY5,5,2015,-5.833055556,36.17694444,58.16540941,22.86013774
SierraRetinY5,5,2016,-5.833055556,36.17694444,1.834066998,25.74349464
SierraRetinY5,5,2017,-5.833055556,36.17694444,93.42162333,20.36495854
SierraRetinY5,5,2018,-5.833055556,36.17694444,78.28705487,20.21862281
SierraRetinY5,5,2019,-5.833055556,36.17694444,25.31276115,24.87792851
SierraRetinY5,5,2020,-5.833055556,36.17694444,54.58055098,22.41468644
SierraRetinY5,5,2021,-5.833055556,36.17694444,27.86227864,24.70034081
SierraRetinY5,5,2022,-5.833055556,36.17694444,62.13990253,20.68107733
SierraRetinY5,5,2023,-5.833055556,36.17694444,26.88615254,21.82459264
SierraRetinY5,5,2024,-5.833055556,36.17694444,2.369956454,25.46537712
SierraRetinY5,5,2025,-5.833055556,36.17694444,34.12198928,23.84593526
SierraRetinY5,5,2026,-5.833055556,36.17694444,19.42082085,23.38517692
SierraRetinY5,5,2027,-5.833055556,36.17694444,16.67343069,25.01183275
SierraRetinY5,5,2028,-5.833055556,36.17694444,20.0057091,23.84448912
SierraRetinY5,5,2029,-5.833055556,36.17694444,5.765145134,26.32799683
SierraRetinY5,5,2030,-5.833055556,36.17694444,40.81464735,23.13285857
SierraRetinY5,5,2031,-5.833055556,36.17694444,20.49486808,27.36313929
SierraRetinY5,5,2032,-5.833055556,36.17694444,24.30248453,23.08749272
SierraRetinY5,5,2033,-5.833055556,36.17694444,12.89635915,25.64649894
SierraRetinY5,5,2034,-5.833055556,36.17694444,12.10925597,25.6425858
SierraRetinY5,5,2035,-5.833055556,36.17694444,109.5829207,21.23448703
SierraRetinY5,5,2036,-5.833055556,36.17694444,4.399180185,29.60547348
SierraRetinY5,5,2037,-5.833055556,36.17694444,35.8063841,25.67613644
SierraRetinY5,5,2038,-5.833055556,36.17694444,83.32516964,22.01158172
SierraRetinY5,5,2039,-5.833055556,36.17694444,25.57297972,24.11029624
SierraRetinY5,5,2040,-5.833055556,36.17694444,38.04815139,23.26771476
SierraRetinY5,5,2041,-5.833055556,36.17694444,33.67692662,23.40778159
SierraRetinY5,5,2042,-5.833055556,36.17694444,7.989324152,26.22965245
SierraRetinY5,5,2043,-5.833055556,36.17694444,44.09057901,24.08665397
SierraRetinY5,5,2044,-5.833055556,36.17694444,2.650556112,24.65412145
SierraRetinY5,5,2045,-5.833055556,36.17694444,2.377850559,26.35464852
SierraRetinY5,5,2046,-5.833055556,36.17694444,14.87578503,23.37835969
SierraRetinY5,5,2047,-5.833055556,36.17694444,22.01604245,22.72511715
SierraRetinY5,5,2048,-5.833055556,36.17694444,11.02518169,23.25666937
SierraRetinY5,5,2049,-5.833055556,36.17694444,10.33900119,26.23152682
SierraRetinY5,5,2050,-5.833055556,36.17694444,8.874975864,23.42030167
SierraRetinY5,5,2051,-5.833055556,36.17694444,2.037817864,26.11187626
SierraRetinY5,5,2052,-5.833055556,36.17694444,8.957750541,23.94659404
SierraRetinY5,5,2053,-5.833055556,36.17694444,28.83591564,23.90516594
SierraRetinY5,5,2054,-5.833055556,36.17694444,0.3731371,27.58833933
SierraRetinY5,5,2055,-5.833055556,36.17694444,16.75410804,25.91262502
SierraRetinY5,5,2056,-5.833055556,36.17694444,20.2816005,26.003846
SierraRetinY5,5,2057,-5.833055556,36.17694444,29.13701513,23.45933267
SierraRetinY5,5,2058,-5.833055556,36.17694444,8.608688406,25.26887739
SierraRetinY5,5,2059,-5.833055556,36.17694444,80.66377704,22.75882529
SierraRetinY5,5,2060,-5.833055556,36.17694444,8.481035627,29.2059334
SierraRetinY5,5,2061,-5.833055556,36.17694444,19.0680734,28.03199994
SierraRetinY5,5,2062,-5.833055556,36.17694444,55.40855788,22.74530797
SierraRetinY5,5,2063,-5.833055556,36.17694444,111.4727683,20.99189296
SierraRetinY5,5,2064,-5.833055556,36.17694444,7.300432736,26.81644248
SierraRetinY5,5,2065,-5.833055556,36.17694444,7.247081221,26.9122657
SierraRetinY5,5,2066,-5.833055556,36.17694444,2.984258415,25.19902167
SierraRetinY5,5,2067,-5.833055556,36.17694444,4.825048621,26.41834855
SierraRetinY5,5,2068,-5.833055556,36.17694444,22.37825378,24.79623984
SierraRetinY5,5,2069,-5.833055556,36.17694444,0.662233415,28.70919977
SierraRetinY5,5,2070,-5.833055556,36.17694444,31.86085273,26.01972794
SierraRetinY5,5,2071,-5.833055556,36.17694444,16.38780819,24.94542551
SierraRetinY5,5,2072,-5.833055556,36.17694444,4.250646118,27.77663673
SierraRetinY5,5,2073,-5.833055556,36.17694444,22.66377376,27.45206063
SierraRetinY5,5,2074,-5.833055556,36.17694444,19.29220268,24.61699928
SierraRetinY5,5,2075,-5.833055556,36.17694444,80.50677201,21.75266369
SierraRetinY5,5,2076,-5.833055556,36.17694444,0.151011823,26.64391775
SierraRetinY5,5,2077,-5.833055556,36.17694444,86.87131131,25.57284625
SierraRetinY5,5,2078,-5.833055556,36.17694444,79.31028081,20.00524489
SierraRetinY5,5,2079,-5.833055556,36.17694444,1.711971766,29.28732772
SierraRetinY5,5,2080,-5.833055556,36.17694444,14.89385303,27.68423639
SierraRetinY5,5,2081,-5.833055556,36.17694444,29.89577408,26.07747606
SierraRetinY5,5,2082,-5.833055556,36.17694444,30.44994209,27.49537688
SierraRetinY5,5,2083,-5.833055556,36.17694444,22.25689927,27.83772406
SierraRetinY5,5,2084,-5.833055556,36.17694444,2.271701907,26.82408762
SierraRetinY5,5,2085,-5.833055556,36.17694444,4.670534858,26.77786432
SierraRetinY5,5,2086,-5.833055556,36.17694444,12.78525258,28.5664218
SierraRetinY5,5,2087,-5.833055556,36.17694444,31.72441508,25.45163043
SierraRetinY5,5,2088,-5.833055556,36.17694444,17.76405291,24.31252638
SierraRetinY5,5,2089,-5.833055556,36.17694444,1.872311651,29.23057783
SierraRetinY5,5,2090,-5.833055556,36.17694444,2.277914309,26.70277434
SierraRetinY5,5,2091,-5.833055556,36.17694444,0.411349852,32.13380757
SierraRetinY5,5,2092,-5.833055556,36.17694444,21.92962724,26.79192899
SierraRetinY5,5,2093,-5.833055556,36.17694444,2.774048664,28.71233127
SierraRetinY5,5,2094,-5.833055556,36.17694444,10.39104529,27.04830224
SierraRetinY5,5,2095,-5.833055556,36.17694444,10.00027642,34.11435114
SierraRetinY5,5,2096,-5.833055556,36.17694444,0.492501364,27.60194131
SierraRetinY5,5,2097,-5.833055556,36.17694444,50.61176686,25.67628902
SierraRetinY5,5,2098,-5.833055556,36.17694444,3.323127741,26.76284672
SierraRetinY5,5,2099,-5.833055556,36.17694444,4.862430735,27.66451022
SierraRetinY5,5,2100,-5.833055556,36.17694444,23.84080347,28.8303388
SierraRetinY5,6,2015,-5.833055556,36.17694444,4.179266097,24.22317912
SierraRetinY5,6,2016,-5.833055556,36.17694444,3.875077983,30.26438599
SierraRetinY5,6,2017,-5.833055556,36.17694444,9.204705881,24.44998779
SierraRetinY5,6,2018,-5.833055556,36.17694444,37.02064186,26.31885173
SierraRetinY5,6,2019,-5.833055556,36.17694444,45.37803578,24.90482992
SierraRetinY5,6,2020,-5.833055556,36.17694444,10.76698647,27.86036072
SierraRetinY5,6,2021,-5.833055556,36.17694444,25.67924159,28.75349426
SierraRetinY5,6,2022,-5.833055556,36.17694444,14.6035622,27.56268412
SierraRetinY5,6,2023,-5.833055556,36.17694444,38.75998566,24.38630575
SierraRetinY5,6,2024,-5.833055556,36.17694444,8.085883232,27.28536784
SierraRetinY5,6,2025,-5.833055556,36.17694444,24.89301033,26.55592143
SierraRetinY5,6,2026,-5.833055556,36.17694444,17.03883053,28.4945516
SierraRetinY5,6,2027,-5.833055556,36.17694444,14.90286178,29.58894755
SierraRetinY5,6,2028,-5.833055556,36.17694444,49.73671253,25.9792572
SierraRetinY5,6,2029,-5.833055556,36.17694444,22.11312284,32.01370646
SierraRetinY5,6,2030,-5.833055556,36.17694444,6.061930122,30.53384196
SierraRetinY5,6,2031,-5.833055556,36.17694444,3.440114508,28.50644938
SierraRetinY5,6,2032,-5.833055556,36.17694444,7.47319731,26.60558472
SierraRetinY5,6,2033,-5.833055556,36.17694444,15.67352916,27.11918132
SierraRetinY5,6,2034,-5.833055556,36.17694444,13.50103264,29.48628947
SierraRetinY5,6,2035,-5.833055556,36.17694444,3.684059464,29.25950012
SierraRetinY5,6,2036,-5.833055556,36.17694444,16.51678389,32.18182373
SierraRetinY5,6,2037,-5.833055556,36.17694444,16.77444086,28.46223246
SierraRetinY5,6,2038,-5.833055556,36.17694444,3.482655993,27.89947713
SierraRetinY5,6,2039,-5.833055556,36.17694444,0.61855203,30.91917725
SierraRetinY5,6,2040,-5.833055556,36.17694444,7.00961674,29.53592733
SierraRetinY5,6,2041,-5.833055556,36.17694444,7.864874756,31.34263509
SierraRetinY5,6,2042,-5.833055556,36.17694444,22.45648817,31.52772827
SierraRetinY5,6,2043,-5.833055556,36.17694444,2.861916394,31.11070557
SierraRetinY5,6,2044,-5.833055556,36.17694444,33.27680756,27.12365112
SierraRetinY5,6,2045,-5.833055556,36.17694444,1.94380266,31.70869649
SierraRetinY5,6,2046,-5.833055556,36.17694444,24.55381319,30.28508708
SierraRetinY5,6,2047,-5.833055556,36.17694444,23.95610931,29.64769389
SierraRetinY5,6,2048,-5.833055556,36.17694444,1.970198009,29.05288798
SierraRetinY5,6,2049,-5.833055556,36.17694444,0.993699212,29.52504578
SierraRetinY5,6,2050,-5.833055556,36.17694444,1.833798384,29.79972738
SierraRetinY5,6,2051,-5.833055556,36.17694444,2.943631702,31.03122355
SierraRetinY5,6,2052,-5.833055556,36.17694444,4.251373112,26.76231384
SierraRetinY5,6,2053,-5.833055556,36.17694444,1.719061862,30.15794983
SierraRetinY5,6,2054,-5.833055556,36.17694444,8.95506026,30.31961568
SierraRetinY5,6,2055,-5.833055556,36.17694444,6.86238134,27.00394999
SierraRetinY5,6,2056,-5.833055556,36.17694444,23.48936692,31.08192037
SierraRetinY5,6,2057,-5.833055556,36.17694444,4.359116234,28.80618998
SierraRetinY5,6,2058,-5.833055556,36.17694444,6.43886557,33.68961995
SierraRetinY5,6,2059,-5.833055556,36.17694444,25.38927611,26.74302979
SierraRetinY5,6,2060,-5.833055556,36.17694444,3.656187239,32.35302531
SierraRetinY5,6,2061,-5.833055556,36.17694444,4.525456467,29.7113444
SierraRetinY5,6,2062,-5.833055556,36.17694444,10.07820036,32.44019267
SierraRetinY5,6,2063,-5.833055556,36.17694444,1.411355008,29.08011678
SierraRetinY5,6,2064,-5.833055556,36.17694444,9.22929482,29.7434316
SierraRetinY5,6,2065,-5.833055556,36.17694444,9.971115258,29.83448588
SierraRetinY5,6,2066,-5.833055556,36.17694444,5.077866736,30.26327209
SierraRetinY5,6,2067,-5.833055556,36.17694444,7.562930627,33.71459249
SierraRetinY5,6,2068,-5.833055556,36.17694444,2.632966264,29.67860514
SierraRetinY5,6,2069,-5.833055556,36.17694444,12.02139964,31.93827413
SierraRetinY5,6,2070,-5.833055556,36.17694444,2.026379678,29.11600037
SierraRetinY5,6,2071,-5.833055556,36.17694444,1.049116402,29.15966288
SierraRetinY5,6,2072,-5.833055556,36.17694444,0.13888885,31.5096995
SierraRetinY5,6,2073,-5.833055556,36.17694444,25.06272693,28.11733398
SierraRetinY5,6,2074,-5.833055556,36.17694444,0.738042565,28.08948059
SierraRetinY5,6,2075,-5.833055556,36.17694444,1.779487306,32.06148987
SierraRetinY5,6,2076,-5.833055556,36.17694444,0.956342786,34.56259664
SierraRetinY5,6,2077,-5.833055556,36.17694444,44.76109946,30.03966878
SierraRetinY5,6,2078,-5.833055556,36.17694444,14.64570569,29.61026713
SierraRetinY5,6,2079,-5.833055556,36.17694444,1.532276241,35.04017436
SierraRetinY5,6,2080,-5.833055556,36.17694444,4.435497642,32.26651408
SierraRetinY5,6,2081,-5.833055556,36.17694444,3.112090905,33.63148905
SierraRetinY5,6,2082,-5.833055556,36.17694444,16.7764739,35.3125824
SierraRetinY5,6,2083,-5.833055556,36.17694444,2.053591341,33.89059041
SierraRetinY5,6,2084,-5.833055556,36.17694444,4.020261553,30.8069692
SierraRetinY5,6,2085,-5.833055556,36.17694444,2.987506135,31.86766866
SierraRetinY5,6,2086,-5.833055556,36.17694444,0.816531273,30.57083842
SierraRetinY5,6,2087,-5.833055556,36.17694444,0.310096052,30.759139
SierraRetinY5,6,2088,-5.833055556,36.17694444,0.676022547,30.1403656
SierraRetinY5,6,2089,-5.833055556,36.17694444,0.411142198,32.25660909
SierraRetinY5,6,2090,-5.833055556,36.17694444,7.060658783,32.91844482
SierraRetinY5,6,2091,-5.833055556,36.17694444,3.002614655,32.22676799
SierraRetinY5,6,2092,-5.833055556,36.17694444,8.377170424,31.33804728
SierraRetinY5,6,2093,-5.833055556,36.17694444,28.55966447,31.442571
SierraRetinY5,6,2094,-5.833055556,36.17694444,0.321762583,35.11186829
SierraRetinY5,6,2095,-5.833055556,36.17694444,1.897151471,34.46496582
SierraRetinY5,6,2096,-5.833055556,36.17694444,28.12709271,31.0926239
SierraRetinY5,6,2097,-5.833055556,36.17694444,1.17506507,31.05032857
SierraRetinY5,6,2098,-5.833055556,36.17694444,0.80817937,32.14435221
SierraRetinY5,6,2099,-5.833055556,36.17694444,10.58061437,33.57809143
SierraRetinY5,6,2100,-5.833055556,36.17694444,19.07839967,35.05990601
SierraRetinY5,7,2015,-5.833055556,36.17694444,6.614376294,32.58215017
SierraRetinY5,7,2016,-5.833055556,36.17694444,7.918615464,32.81746137
SierraRetinY5,7,2017,-5.833055556,36.17694444,11.14929312,31.88871302
SierraRetinY5,7,2018,-5.833055556,36.17694444,39.9903541,28.47158695
SierraRetinY5,7,2019,-5.833055556,36.17694444,5.198329116,31.05904246
SierraRetinY5,7,2020,-5.833055556,36.17694444,1.558689973,31.5941357
SierraRetinY5,7,2021,-5.833055556,36.17694444,3.752513714,33.51770098
SierraRetinY5,7,2022,-5.833055556,36.17694444,0.018460462,32.57700451
SierraRetinY5,7,2023,-5.833055556,36.17694444,0.182822401,28.21475298
SierraRetinY5,7,2024,-5.833055556,36.17694444,3.021994176,30.22302817
SierraRetinY5,7,2025,-5.833055556,36.17694444,7.070899172,32.02799624
SierraRetinY5,7,2026,-5.833055556,36.17694444,2.691632561,30.11186445
SierraRetinY5,7,2027,-5.833055556,36.17694444,0.136364113,32.96609379
SierraRetinY5,7,2028,-5.833055556,36.17694444,12.23129889,31.58398122
SierraRetinY5,7,2029,-5.833055556,36.17694444,2.904963339,34.93783156
SierraRetinY5,7,2030,-5.833055556,36.17694444,2.140051314,30.84563303
SierraRetinY5,7,2031,-5.833055556,36.17694444,4.256755,34.5782833
SierraRetinY5,7,2032,-5.833055556,36.17694444,5.919486947,32.7484946
SierraRetinY5,7,2033,-5.833055556,36.17694444,1.342476263,32.50285664
SierraRetinY5,7,2034,-5.833055556,36.17694444,0.751332261,36.65273438
SierraRetinY5,7,2035,-5.833055556,36.17694444,5.874728993,32.76221865
SierraRetinY5,7,2036,-5.833055556,36.17694444,0.023982674,35.93222322
SierraRetinY5,7,2037,-5.833055556,36.17694444,0.937402377,33.53207181
SierraRetinY5,7,2038,-5.833055556,36.17694444,0.532565176,33.96321923
SierraRetinY5,7,2039,-5.833055556,36.17694444,14.49431165,33.38451932
SierraRetinY5,7,2040,-5.833055556,36.17694444,0.015448835,34.62405277
SierraRetinY5,7,2041,-5.833055556,36.17694444,16.7735271,33.87276119
SierraRetinY5,7,2042,-5.833055556,36.17694444,4.018370159,32.11935405
SierraRetinY5,7,2043,-5.833055556,36.17694444,0.548323308,33.96219345
SierraRetinY5,7,2044,-5.833055556,36.17694444,8.69200097,32.52252178
SierraRetinY5,7,2045,-5.833055556,36.17694444,11.72908024,36.63125295
SierraRetinY5,7,2046,-5.833055556,36.17694444,5.677719827,34.66272937
SierraRetinY5,7,2047,-5.833055556,36.17694444,19.56021717,31.23765397
SierraRetinY5,7,2048,-5.833055556,36.17694444,4.413840916,30.65094959
SierraRetinY5,7,2049,-5.833055556,36.17694444,24.83414637,30.80981426
SierraRetinY5,7,2050,-5.833055556,36.17694444,8.322895885,29.87536109
SierraRetinY5,7,2051,-5.833055556,36.17694444,4.190661808,36.53641416
SierraRetinY5,7,2052,-5.833055556,36.17694444,0.140424609,32.25182101
SierraRetinY5,7,2053,-5.833055556,36.17694444,0.375819776,34.28693592
SierraRetinY5,7,2054,-5.833055556,36.17694444,3.750724479,37.68884356
SierraRetinY5,7,2055,-5.833055556,36.17694444,2.662270077,31.38992191
SierraRetinY5,7,2056,-5.833055556,36.17694444,0.010440688,34.51703157
SierraRetinY5,7,2057,-5.833055556,36.17694444,1.803107934,31.85178085
SierraRetinY5,7,2058,-5.833055556,36.17694444,14.65776195,37.09367105
SierraRetinY5,7,2059,-5.833055556,36.17694444,2.171850543,31.47696002
SierraRetinY5,7,2060,-5.833055556,36.17694444,3.489218007,36.02538058
SierraRetinY5,7,2061,-5.833055556,36.17694444,5.920144703,37.05704306
SierraRetinY5,7,2062,-5.833055556,36.17694444,0.683232376,35.86868759
SierraRetinY5,7,2063,-5.833055556,36.17694444,1.983878843,32.3591474
SierraRetinY5,7,2064,-5.833055556,36.17694444,0.075588221,33.91991282
SierraRetinY5,7,2065,-5.833055556,36.17694444,0.602908351,32.83981993
SierraRetinY5,7,2066,-5.833055556,36.17694444,0.882856371,33.81109009
SierraRetinY5,7,2067,-5.833055556,36.17694444,2.962432906,35.92523961
SierraRetinY5,7,2068,-5.833055556,36.17694444,2.349382888,35.41807881
SierraRetinY5,7,2069,-5.833055556,36.17694444,5.975731027,36.19620322
SierraRetinY5,7,2070,-5.833055556,36.17694444,2.385851386,31.07968612
SierraRetinY5,7,2071,-5.833055556,36.17694444,4.863604403,33.72343474
SierraRetinY5,7,2072,-5.833055556,36.17694444,0.411089692,37.37409806
SierraRetinY5,7,2073,-5.833055556,36.17694444,7.059901102,35.92171729
SierraRetinY5,7,2074,-5.833055556,36.17694444,0.105910736,34.39234855
SierraRetinY5,7,2075,-5.833055556,36.17694444,0.111988494,36.10210178
SierraRetinY5,7,2076,-5.833055556,36.17694444,1.128008526,38.19448045
SierraRetinY5,7,2077,-5.833055556,36.17694444,0.262781512,35.90645063
SierraRetinY5,7,2078,-5.833055556,36.17694444,0.884588108,35.56866632
SierraRetinY5,7,2079,-5.833055556,36.17694444,0.698315177,37.85181137
SierraRetinY5,7,2080,-5.833055556,36.17694444,4.763193397,36.4249049
SierraRetinY5,7,2081,-5.833055556,36.17694444,3.046737887,39.93165126
SierraRetinY5,7,2082,-5.833055556,36.17694444,2.801830998,36.28684338
SierraRetinY5,7,2083,-5.833055556,36.17694444,0.283510166,37.81145433
SierraRetinY5,7,2084,-5.833055556,36.17694444,12.3683819,37.55291531
SierraRetinY5,7,2085,-5.833055556,36.17694444,6.653833015,37.61948695
SierraRetinY5,7,2086,-5.833055556,36.17694444,1.637011998,38.02537665
SierraRetinY5,7,2087,-5.833055556,36.17694444,12.26263362,35.71668248
SierraRetinY5,7,2088,-5.833055556,36.17694444,1.871686346,35.72889739
SierraRetinY5,7,2089,-5.833055556,36.17694444,5.035443549,35.90165937
SierraRetinY5,7,2090,-5.833055556,36.17694444,2.828571385,36.32000221
SierraRetinY5,7,2091,-5.833055556,36.17694444,4.30349689,36.2103742
SierraRetinY5,7,2092,-5.833055556,36.17694444,4.322878494,37.48473511
SierraRetinY5,7,2093,-5.833055556,36.17694444,0.615391958,38.47552667
SierraRetinY5,7,2094,-5.833055556,36.17694444,0.885442085,36.30777745
SierraRetinY5,7,2095,-5.833055556,36.17694444,0.354128004,39.79071616
SierraRetinY5,7,2096,-5.833055556,36.17694444,6.368586479,36.16579688
SierraRetinY5,7,2097,-5.833055556,36.17694444,0.249272864,36.2565788
SierraRetinY5,7,2098,-5.833055556,36.17694444,0.093508269,38.28468549
SierraRetinY5,7,2099,-5.833055556,36.17694444,3.283971616,37.92681767
SierraRetinY5,7,2100,-5.833055556,36.17694444,20.97232642,34.14682873
SierraRetinY5,8,2015,-5.833055556,36.17694444,1.812579913,33.68391153
SierraRetinY5,8,2016,-5.833055556,36.17694444,3.836425513,33.01509321
SierraRetinY5,8,2017,-5.833055556,36.17694444,5.479248107,32.91282191
SierraRetinY5,8,2018,-5.833055556,36.17694444,2.341330866,28.38091431
SierraRetinY5,8,2019,-5.833055556,36.17694444,4.188169134,33.78366168
SierraRetinY5,8,2020,-5.833055556,36.17694444,0.143933367,33.29241431
SierraRetinY5,8,2021,-5.833055556,36.17694444,3.050247327,34.54430542
SierraRetinY5,8,2022,-5.833055556,36.17694444,0.065820155,33.15273339
SierraRetinY5,8,2023,-5.833055556,36.17694444,3.235040197,33.29899627
SierraRetinY5,8,2024,-5.833055556,36.17694444,1.297361922,34.22175628
SierraRetinY5,8,2025,-5.833055556,36.17694444,0.155066824,34.64162401
SierraRetinY5,8,2026,-5.833055556,36.17694444,0.29888228,33.73250142
SierraRetinY5,8,2027,-5.833055556,36.17694444,0.355396956,34.16851689
SierraRetinY5,8,2028,-5.833055556,36.17694444,0.719611516,34.04135014
SierraRetinY5,8,2029,-5.833055556,36.17694444,3.359225426,35.56483883
SierraRetinY5,8,2030,-5.833055556,36.17694444,0.786594811,33.34141964
SierraRetinY5,8,2031,-5.833055556,36.17694444,6.362042601,36.0819966
SierraRetinY5,8,2032,-5.833055556,36.17694444,4.966518812,34.69112549
SierraRetinY5,8,2033,-5.833055556,36.17694444,8.75394219521371e-05,35.15045245
SierraRetinY5,8,2034,-5.833055556,36.17694444,0.77248632,35.16923356
SierraRetinY5,8,2035,-5.833055556,36.17694444,2.656668573,33.83475302
SierraRetinY5,8,2036,-5.833055556,36.17694444,0.000200825,33.72615179
SierraRetinY5,8,2037,-5.833055556,36.17694444,2.430408255,35.36210367
SierraRetinY5,8,2038,-5.833055556,36.17694444,5.7880241191278e-07,34.63381938
SierraRetinY5,8,2039,-5.833055556,36.17694444,0.005243746,33.42732957
SierraRetinY5,8,2040,-5.833055556,36.17694444,1.616749552,34.72909625
SierraRetinY5,8,2041,-5.833055556,36.17694444,7.853370613,33.6143915
SierraRetinY5,8,2042,-5.833055556,36.17694444,0.336482505,36.49224243
SierraRetinY5,8,2043,-5.833055556,36.17694444,0.796275343,34.59725932
SierraRetinY5,8,2044,-5.833055556,36.17694444,0.735153707,34.85718541
SierraRetinY5,8,2045,-5.833055556,36.17694444,6.057568199,33.91633931
SierraRetinY5,8,2046,-5.833055556,36.17694444,3.08244,35.09443793
SierraRetinY5,8,2047,-5.833055556,36.17694444,3.661758672,34.7065979
SierraRetinY5,8,2048,-5.833055556,36.17694444,0.53336823,35.15486076
SierraRetinY5,8,2049,-5.833055556,36.17694444,11.56898796,31.41866455
SierraRetinY5,8,2050,-5.833055556,36.17694444,0.120445045,33.89918351
SierraRetinY5,8,2051,-5.833055556,36.17694444,2.085026505,32.1848054
SierraRetinY5,8,2052,-5.833055556,36.17694444,0.44400246,35.06899906
SierraRetinY5,8,2053,-5.833055556,36.17694444,0.038233,34.17724491
SierraRetinY5,8,2054,-5.833055556,36.17694444,0.107312707,34.07328924
SierraRetinY5,8,2055,-5.833055556,36.17694444,0.000224032,34.77614451
SierraRetinY5,8,2056,-5.833055556,36.17694444,0.10698781,33.0923076
SierraRetinY5,8,2057,-5.833055556,36.17694444,0.18721995,34.28188083
SierraRetinY5,8,2058,-5.833055556,36.17694444,2.800293381,35.68282274
SierraRetinY5,8,2059,-5.833055556,36.17694444,0.021406434,33.11261459
SierraRetinY5,8,2060,-5.833055556,36.17694444,0.77092631,34.57999622
SierraRetinY5,8,2061,-5.833055556,36.17694444,0.160041125,35.89577046
SierraRetinY5,8,2062,-5.833055556,36.17694444,11.51595554,34.73864628
SierraRetinY5,8,2063,-5.833055556,36.17694444,0.609522258,31.48903218
SierraRetinY5,8,2064,-5.833055556,36.17694444,3.216742613,35.87345522
SierraRetinY5,8,2065,-5.833055556,36.17694444,0.316506651,35.26040433
SierraRetinY5,8,2066,-5.833055556,36.17694444,0.91396323,37.40763786
SierraRetinY5,8,2067,-5.833055556,36.17694444,7.964400369,35.08279793
SierraRetinY5,8,2068,-5.833055556,36.17694444,8.52647962,36.91404458
SierraRetinY5,8,2069,-5.833055556,36.17694444,0.010618881,34.74232414
SierraRetinY5,8,2070,-5.833055556,36.17694444,4.759722345,34.14140349
SierraRetinY5,8,2071,-5.833055556,36.17694444,7.843124226,36.08481012
SierraRetinY5,8,2072,-5.833055556,36.17694444,1.658885954,34.23678569
SierraRetinY5,8,2073,-5.833055556,36.17694444,0.000273263,37.28966675
SierraRetinY5,8,2074,-5.833055556,36.17694444,0.378888641,38.20734017
SierraRetinY5,8,2075,-5.833055556,36.17694444,1.579699371,37.32466549
SierraRetinY5,8,2076,-5.833055556,36.17694444,0.815372792,35.88284873
SierraRetinY5,8,2077,-5.833055556,36.17694444,1.698270341,34.64200203
SierraRetinY5,8,2078,-5.833055556,36.17694444,1.224415873,35.47622759
SierraRetinY5,8,2079,-5.833055556,36.17694444,0.648364261,37.72300454
SierraRetinY5,8,2080,-5.833055556,36.17694444,0.176779968,35.68188358
SierraRetinY5,8,2081,-5.833055556,36.17694444,0.369621164,33.12177183
SierraRetinY5,8,2082,-5.833055556,36.17694444,3.371062171,37.63489833
SierraRetinY5,8,2083,-5.833055556,36.17694444,1.198548068,34.43329527
SierraRetinY5,8,2084,-5.833055556,36.17694444,0.947891277,35.1089702
SierraRetinY5,8,2085,-5.833055556,36.17694444,0.861207014,36.53933795
SierraRetinY5,8,2086,-5.833055556,36.17694444,0.040452753,35.55720057
SierraRetinY5,8,2087,-5.833055556,36.17694444,3.188592758,35.43356205
SierraRetinY5,8,2088,-5.833055556,36.17694444,0.181904456,34.54935559
SierraRetinY5,8,2089,-5.833055556,36.17694444,7.161648492,35.71623949
SierraRetinY5,8,2090,-5.833055556,36.17694444,6.54885438911182e-05,36.46599141
SierraRetinY5,8,2091,-5.833055556,36.17694444,2.041437856,38.92225677
SierraRetinY5,8,2092,-5.833055556,36.17694444,0.488792204,38.5452495
SierraRetinY5,8,2093,-5.833055556,36.17694444,0.008700224,37.31197707
SierraRetinY5,8,2094,-5.833055556,36.17694444,1.405136205,39.74673048
SierraRetinY5,8,2095,-5.833055556,36.17694444,1.479205664,37.63531967
SierraRetinY5,8,2096,-5.833055556,36.17694444,0.477066654,35.38764392
SierraRetinY5,8,2097,-5.833055556,36.17694444,0.862698086,37.66111686
SierraRetinY5,8,2098,-5.833055556,36.17694444,0.013817874,35.33694734
SierraRetinY5,8,2099,-5.833055556,36.17694444,0.397587269,39.86949876
SierraRetinY5,8,2100,-5.833055556,36.17694444,0.274781534,35.53255812
SierraRetinY5,9,2015,-5.833055556,36.17694444,10.0610345,28.55563151
SierraRetinY5,9,2016,-5.833055556,36.17694444,1.583939006,29.69663493
SierraRetinY5,9,2017,-5.833055556,36.17694444,1.12663935,30.25051982
SierraRetinY5,9,2018,-5.833055556,36.17694444,46.99559689,28.17325745
SierraRetinY5,9,2019,-5.833055556,36.17694444,15.44030709,27.7295695
SierraRetinY5,9,2020,-5.833055556,36.17694444,5.176320712,28.06356913
SierraRetinY5,9,2021,-5.833055556,36.17694444,0.028165093,31.59545186
SierraRetinY5,9,2022,-5.833055556,36.17694444,8.103545075,29.03036804
SierraRetinY5,9,2023,-5.833055556,36.17694444,3.254719785,27.63254598
SierraRetinY5,9,2024,-5.833055556,36.17694444,20.43909524,27.86826274
SierraRetinY5,9,2025,-5.833055556,36.17694444,7.904002296,30.82803955
SierraRetinY5,9,2026,-5.833055556,36.17694444,14.91149868,29.65047201
SierraRetinY5,9,2027,-5.833055556,36.17694444,3.835008886,30.30138753
SierraRetinY5,9,2028,-5.833055556,36.17694444,29.38268704,29.77480062
SierraRetinY5,9,2029,-5.833055556,36.17694444,2.584425842,29.83621826
SierraRetinY5,9,2030,-5.833055556,36.17694444,40.33529921,28.53342489
SierraRetinY5,9,2031,-5.833055556,36.17694444,45.8376753,29.82638957
SierraRetinY5,9,2032,-5.833055556,36.17694444,20.97934256,30.6774353
SierraRetinY5,9,2033,-5.833055556,36.17694444,5.054163104,29.64972432
SierraRetinY5,9,2034,-5.833055556,36.17694444,54.42464509,28.62459005
SierraRetinY5,9,2035,-5.833055556,36.17694444,9.339237791,31.25997111
SierraRetinY5,9,2036,-5.833055556,36.17694444,1.659962922,31.64155884
SierraRetinY5,9,2037,-5.833055556,36.17694444,5.312906016,31.54193726
SierraRetinY5,9,2038,-5.833055556,36.17694444,1.416570025,31.2628774
SierraRetinY5,9,2039,-5.833055556,36.17694444,1.771028164,31.66185811
SierraRetinY5,9,2040,-5.833055556,36.17694444,2.130221392,30.45791016
SierraRetinY5,9,2041,-5.833055556,36.17694444,23.51457822,28.53762614
SierraRetinY5,9,2042,-5.833055556,36.17694444,7.043902661,29.7775706
SierraRetinY5,9,2043,-5.833055556,36.17694444,8.677808271,29.48277995
SierraRetinY5,9,2044,-5.833055556,36.17694444,57.45632612,28.86291606
SierraRetinY5,9,2045,-5.833055556,36.17694444,0.899320643,31.65069275
SierraRetinY5,9,2046,-5.833055556,36.17694444,40.04431477,28.21285197
SierraRetinY5,9,2047,-5.833055556,36.17694444,1.278571734,30.91669413
SierraRetinY5,9,2048,-5.833055556,36.17694444,5.041441114,30.92924601
SierraRetinY5,9,2049,-5.833055556,36.17694444,32.74884853,28.32526347
SierraRetinY5,9,2050,-5.833055556,36.17694444,4.43189689,33.87539978
SierraRetinY5,9,2051,-5.833055556,36.17694444,3.040729938,30.2391215
SierraRetinY5,9,2052,-5.833055556,36.17694444,10.44938009,31.08060201
SierraRetinY5,9,2053,-5.833055556,36.17694444,0.91029843,32.19137065
SierraRetinY5,9,2054,-5.833055556,36.17694444,24.03279632,28.76825765
SierraRetinY5,9,2055,-5.833055556,36.17694444,4.599529882,31.9601827
SierraRetinY5,9,2056,-5.833055556,36.17694444,6.37098657,31.77308044
SierraRetinY5,9,2057,-5.833055556,36.17694444,4.709285911,30.57212016
SierraRetinY5,9,2058,-5.833055556,36.17694444,15.05280191,31.40626119
SierraRetinY5,9,2059,-5.833055556,36.17694444,2.213997984,29.19277344
SierraRetinY5,9,2060,-5.833055556,36.17694444,0.000281201,29.71391907
SierraRetinY5,9,2061,-5.833055556,36.17694444,16.71133126,32.2214386
SierraRetinY5,9,2062,-5.833055556,36.17694444,7.259377297,31.51443583
SierraRetinY5,9,2063,-5.833055556,36.17694444,2.356064337,30.97342224
SierraRetinY5,9,2064,-5.833055556,36.17694444,22.796601,31.90858053
SierraRetinY5,9,2065,-5.833055556,36.17694444,8.545749622,30.7799408
SierraRetinY5,9,2066,-5.833055556,36.17694444,6.206967273,30.45432943
SierraRetinY5,9,2067,-5.833055556,36.17694444,0.295801765,31.28473918
SierraRetinY5,9,2068,-5.833055556,36.17694444,5.862376263,32.55746663
SierraRetinY5,9,2069,-5.833055556,36.17694444,4.033959499,31.83783061
SierraRetinY5,9,2070,-5.833055556,36.17694444,2.981367424,31.65957947
SierraRetinY5,9,2071,-5.833055556,36.17694444,6.568766053,30.61669515
SierraRetinY5,9,2072,-5.833055556,36.17694444,22.29211216,29.98851217
SierraRetinY5,9,2073,-5.833055556,36.17694444,17.30209967,32.18113302
SierraRetinY5,9,2074,-5.833055556,36.17694444,29.31142183,32.10409342
SierraRetinY5,9,2075,-5.833055556,36.17694444,4.326945961,32.93305969
SierraRetinY5,9,2076,-5.833055556,36.17694444,17.43430007,29.1223114
SierraRetinY5,9,2077,-5.833055556,36.17694444,1.250018519,33.02405802
SierraRetinY5,9,2078,-5.833055556,36.17694444,2.912348486,32.94689738
SierraRetinY5,9,2079,-5.833055556,36.17694444,3.013435416,34.40709025
SierraRetinY5,9,2080,-5.833055556,36.17694444,0.349422194,32.22659505
SierraRetinY5,9,2081,-5.833055556,36.17694444,10.44266146,33.7454071
SierraRetinY5,9,2082,-5.833055556,36.17694444,2.188149752,33.23472493
SierraRetinY5,9,2083,-5.833055556,36.17694444,0.582367109,32.89139811
SierraRetinY5,9,2084,-5.833055556,36.17694444,6.198372161,34.95570984
SierraRetinY5,9,2085,-5.833055556,36.17694444,4.397201831,33.63905131
SierraRetinY5,9,2086,-5.833055556,36.17694444,9.830974482,31.44564718
SierraRetinY5,9,2087,-5.833055556,36.17694444,2.375005861,32.17148641
SierraRetinY5,9,2088,-5.833055556,36.17694444,4.216863032,31.20906576
SierraRetinY5,9,2089,-5.833055556,36.17694444,29.32064327,30.79909058
SierraRetinY5,9,2090,-5.833055556,36.17694444,16.25387439,31.35024109
SierraRetinY5,9,2091,-5.833055556,36.17694444,0.679011165,32.70965678
SierraRetinY5,9,2092,-5.833055556,36.17694444,9.373098957,34.33897909
SierraRetinY5,9,2093,-5.833055556,36.17694444,9.093137395,33.46183268
SierraRetinY5,9,2094,-5.833055556,36.17694444,0.773676636,31.99041138
SierraRetinY5,9,2095,-5.833055556,36.17694444,9.575280971,32.21494548
SierraRetinY5,9,2096,-5.833055556,36.17694444,4.996537537,32.89479268
SierraRetinY5,9,2097,-5.833055556,36.17694444,3.423957874,33.36339518
SierraRetinY5,9,2098,-5.833055556,36.17694444,5.425318349,34.85333455
SierraRetinY5,9,2099,-5.833055556,36.17694444,0.337147171,35.29749756
SierraRetinY5,9,2100,-5.833055556,36.17694444,1.588211784,35.38831482
Tarifa,1,2015,-5.655556,36.083889,148.6920956,15.35110552
Tarifa,1,2016,-5.655556,36.083889,46.35068784,14.30779911
Tarifa,1,2017,-5.655556,36.083889,4.635573072,16.80523564
Tarifa,1,2018,-5.655556,36.083889,259.3754261,15.07201833
Tarifa,1,2019,-5.655556,36.083889,41.57295115,16.34288645
Tarifa,1,2020,-5.655556,36.083889,0.521467545,16.33766991
Tarifa,1,2021,-5.655556,36.083889,11.13536214,16.33353035
Tarifa,1,2022,-5.655556,36.083889,40.63426257,18.14332216
Tarifa,1,2023,-5.655556,36.083889,267.1923557,15.21472148
Tarifa,1,2024,-5.655556,36.083889,94.40513422,16.07122783
Tarifa,1,2025,-5.655556,36.083889,1.328113762,16.26477031
Tarifa,1,2026,-5.655556,36.083889,20.72990226,17.04964796
Tarifa,1,2027,-5.655556,36.083889,9.472605261,17.49324164
Tarifa,1,2028,-5.655556,36.083889,122.8114425,16.70897926
Tarifa,1,2029,-5.655556,36.083889,10.60890634,15.8353742
Tarifa,1,2030,-5.655556,36.083889,175.2361346,16.10477354
Tarifa,1,2031,-5.655556,36.083889,57.93201377,15.70587335
Tarifa,1,2032,-5.655556,36.083889,329.8304274,17.13123917
Tarifa,1,2033,-5.655556,36.083889,25.75290802,17.01186031
Tarifa,1,2034,-5.655556,36.083889,25.66329997,15.56049549
Tarifa,1,2035,-5.655556,36.083889,30.58666854,17.23324762
Tarifa,1,2036,-5.655556,36.083889,57.61092261,16.50154832
Tarifa,1,2037,-5.655556,36.083889,12.84915344,17.69273997
Tarifa,1,2038,-5.655556,36.083889,1.410465829,16.88306629
Tarifa,1,2039,-5.655556,36.083889,9.159301129,16.04130879
Tarifa,1,2040,-5.655556,36.083889,27.14518124,17.22523134
Tarifa,1,2041,-5.655556,36.083889,84.97548874,17.53889003
Tarifa,1,2042,-5.655556,36.083889,7.291126221,16.08390739
Tarifa,1,2043,-5.655556,36.083889,98.21252904,16.18837595
Tarifa,1,2044,-5.655556,36.083889,1.663969992,16.09407762
Tarifa,1,2045,-5.655556,36.083889,168.1033491,17.90340872
Tarifa,1,2046,-5.655556,36.083889,67.6809257,14.41448856
Tarifa,1,2047,-5.655556,36.083889,124.784941,17.23768744
Tarifa,1,2048,-5.655556,36.083889,47.83288685,15.70486726
Tarifa,1,2049,-5.655556,36.083889,40.85926167,16.66633143
Tarifa,1,2050,-5.655556,36.083889,55.46922596,17.40782786
Tarifa,1,2051,-5.655556,36.083889,20.9551938,14.76134742
Tarifa,1,2052,-5.655556,36.083889,91.5245869,18.60529923
Tarifa,1,2053,-5.655556,36.083889,27.58451333,18.34124342
Tarifa,1,2054,-5.655556,36.083889,86.17398614,17.86575199
Tarifa,1,2055,-5.655556,36.083889,67.22753179,18.80501807
Tarifa,1,2056,-5.655556,36.083889,33.15935757,13.41811031
Tarifa,1,2057,-5.655556,36.083889,121.7669887,18.10323191
Tarifa,1,2058,-5.655556,36.083889,0.633242751,16.18867916
Tarifa,1,2059,-5.655556,36.083889,140.9900707,18.07274682
Tarifa,1,2060,-5.655556,36.083889,30.22115126,16.76927116
Tarifa,1,2061,-5.655556,36.083889,104.0235026,15.35499504
Tarifa,1,2062,-5.655556,36.083889,49.29441073,19.59890137
Tarifa,1,2063,-5.655556,36.083889,294.5822595,16.3036881
Tarifa,1,2064,-5.655556,36.083889,110.5681697,15.91744975
Tarifa,1,2065,-5.655556,36.083889,13.78000619,17.87626579
Tarifa,1,2066,-5.655556,36.083889,61.51332993,15.95706551
Tarifa,1,2067,-5.655556,36.083889,9.190037741,17.44954736
Tarifa,1,2068,-5.655556,36.083889,2.544079353,15.84811775
Tarifa,1,2069,-5.655556,36.083889,10.2366364,18.41761317
Tarifa,1,2070,-5.655556,36.083889,128.7548412,16.64807011
Tarifa,1,2071,-5.655556,36.083889,117.3572648,16.90834862
Tarifa,1,2072,-5.655556,36.083889,51.39782376,15.2355453
Tarifa,1,2073,-5.655556,36.083889,16.11960355,17.90604209
Tarifa,1,2074,-5.655556,36.083889,43.31103925,17.15133844
Tarifa,1,2075,-5.655556,36.083889,20.89457553,17.40495034
Tarifa,1,2076,-5.655556,36.083889,82.88748657,18.63627654
Tarifa,1,2077,-5.655556,36.083889,15.78860779,18.82005832
Tarifa,1,2078,-5.655556,36.083889,18.72869833,18.59752315
Tarifa,1,2079,-5.655556,36.083889,29.08862973,17.77907813
Tarifa,1,2080,-5.655556,36.083889,23.16234207,17.5028911
Tarifa,1,2081,-5.655556,36.083889,27.59438024,18.50962662
Tarifa,1,2082,-5.655556,36.083889,57.75700629,18.21216687
Tarifa,1,2083,-5.655556,36.083889,44.78704835,16.37860383
Tarifa,1,2084,-5.655556,36.083889,19.91773834,17.53877682
Tarifa,1,2085,-5.655556,36.083889,0.219080698,16.71201526
Tarifa,1,2086,-5.655556,36.083889,18.18877802,16.56542457
Tarifa,1,2087,-5.655556,36.083889,74.76658841,19.20253808
Tarifa,1,2088,-5.655556,36.083889,88.88397458,18.33718557
Tarifa,1,2089,-5.655556,36.083889,19.94255471,16.77405061
Tarifa,1,2090,-5.655556,36.083889,57.88246178,19.2813768
Tarifa,1,2091,-5.655556,36.083889,9.78425915,18.44550919
Tarifa,1,2092,-5.655556,36.083889,47.49934657,17.31897051
Tarifa,1,2093,-5.655556,36.083889,20.16758183,18.04836327
Tarifa,1,2094,-5.655556,36.083889,34.73327399,17.49516326
Tarifa,1,2095,-5.655556,36.083889,13.40702137,17.85021264
Tarifa,1,2096,-5.655556,36.083889,104.3221986,18.47592242
Tarifa,1,2097,-5.655556,36.083889,30.7161459,19.97951955
Tarifa,1,2098,-5.655556,36.083889,5.67696254,17.89504395
Tarifa,1,2099,-5.655556,36.083889,7.309907423,17.2147205
Tarifa,1,2100,-5.655556,36.083889,19.65397732,19.69895571
Tarifa,10,2015,-5.655556,36.083889,62.81849917,25.13567899
Tarifa,10,2016,-5.655556,36.083889,5.366727252,25.54895197
Tarifa,10,2017,-5.655556,36.083889,30.0193021,22.20487513
Tarifa,10,2018,-5.655556,36.083889,10.50297127,24.19340249
Tarifa,10,2019,-5.655556,36.083889,20.39333489,26.64771866
Tarifa,10,2020,-5.655556,36.083889,2.640969864,24.79342632
Tarifa,10,2021,-5.655556,36.083889,24.32511688,25.88998295
Tarifa,10,2022,-5.655556,36.083889,107.6009261,22.92516775
Tarifa,10,2023,-5.655556,36.083889,15.69681664,24.96220526
Tarifa,10,2024,-5.655556,36.083889,96.174942,21.43722022
Tarifa,10,2025,-5.655556,36.083889,240.649036,21.91511565
Tarifa,10,2026,-5.655556,36.083889,116.6449478,22.73140475
Tarifa,10,2027,-5.655556,36.083889,119.9440189,25.03666323
Tarifa,10,2028,-5.655556,36.083889,143.7858584,23.45891625
Tarifa,10,2029,-5.655556,36.083889,49.27624093,21.384982
Tarifa,10,2030,-5.655556,36.083889,20.19383882,25.39440505
Tarifa,10,2031,-5.655556,36.083889,32.04201373,21.74435996
Tarifa,10,2032,-5.655556,36.083889,123.5700059,22.79759049
Tarifa,10,2033,-5.655556,36.083889,141.0641702,21.80786212
Tarifa,10,2034,-5.655556,36.083889,35.3516865,22.14236332
Tarifa,10,2035,-5.655556,36.083889,13.8129661,24.94069529
Tarifa,10,2036,-5.655556,36.083889,49.62257901,22.51346002
Tarifa,10,2037,-5.655556,36.083889,44.45884031,25.07400198
Tarifa,10,2038,-5.655556,36.083889,21.02281066,24.4148469
Tarifa,10,2039,-5.655556,36.083889,27.63951837,24.64516011
Tarifa,10,2040,-5.655556,36.083889,12.09404588,28.05222916
Tarifa,10,2041,-5.655556,36.083889,88.52643639,22.75475169
Tarifa,10,2042,-5.655556,36.083889,29.1832512,27.1873669
Tarifa,10,2043,-5.655556,36.083889,27.30518301,22.67753827
Tarifa,10,2044,-5.655556,36.083889,20.68516603,22.237146
Tarifa,10,2045,-5.655556,36.083889,6.01563327,26.25663492
Tarifa,10,2046,-5.655556,36.083889,8.892084864,27.21018027
Tarifa,10,2047,-5.655556,36.083889,57.17205518,26.06877855
Tarifa,10,2048,-5.655556,36.083889,24.94196827,23.8489624
Tarifa,10,2049,-5.655556,36.083889,55.15596448,24.38970534
Tarifa,10,2050,-5.655556,36.083889,7.379242215,26.90039929
Tarifa,10,2051,-5.655556,36.083889,98.57328189,21.78054002
Tarifa,10,2052,-5.655556,36.083889,49.56177017,24.32772414
Tarifa,10,2053,-5.655556,36.083889,68.66420039,24.33937398
Tarifa,10,2054,-5.655556,36.083889,18.9775096,24.79487836
Tarifa,10,2055,-5.655556,36.083889,4.386610668,26.29111584
Tarifa,10,2056,-5.655556,36.083889,12.83510605,27.86428616
Tarifa,10,2057,-5.655556,36.083889,27.48427667,24.28940784
Tarifa,10,2058,-5.655556,36.083889,9.466243396,24.67183247
Tarifa,10,2059,-5.655556,36.083889,63.44961495,22.22946836
Tarifa,10,2060,-5.655556,36.083889,85.66599258,24.37036802
Tarifa,10,2061,-5.655556,36.083889,5.819963112,27.91426313
Tarifa,10,2062,-5.655556,36.083889,47.20287559,24.21081622
Tarifa,10,2063,-5.655556,36.083889,8.659707146,28.91320486
Tarifa,10,2064,-5.655556,36.083889,10.4551753,25.19872437
Tarifa,10,2065,-5.655556,36.083889,58.20561478,22.70924407
Tarifa,10,2066,-5.655556,36.083889,94.77734998,26.11436098
Tarifa,10,2067,-5.655556,36.083889,34.0211491,23.35587611
Tarifa,10,2068,-5.655556,36.083889,27.42240381,24.90970124
Tarifa,10,2069,-5.655556,36.083889,37.69709114,25.77344813
Tarifa,10,2070,-5.655556,36.083889,16.26693024,25.99570765
Tarifa,10,2071,-5.655556,36.083889,14.95568918,26.19263857
Tarifa,10,2072,-5.655556,36.083889,52.00021265,23.60688122
Tarifa,10,2073,-5.655556,36.083889,161.7425263,23.19736781
Tarifa,10,2074,-5.655556,36.083889,12.45655666,27.07888479
Tarifa,10,2075,-5.655556,36.083889,0.079060049,29.65765066
Tarifa,10,2076,-5.655556,36.083889,61.81619911,22.95262077
Tarifa,10,2077,-5.655556,36.083889,43.18641731,26.40574971
Tarifa,10,2078,-5.655556,36.083889,49.33416872,27.63124114
Tarifa,10,2079,-5.655556,36.083889,85.4903764,23.69878343
Tarifa,10,2080,-5.655556,36.083889,4.359302146,28.73612513
Tarifa,10,2081,-5.655556,36.083889,23.17477209,26.56140412
Tarifa,10,2082,-5.655556,36.083889,30.33417116,24.5693003
Tarifa,10,2083,-5.655556,36.083889,47.12023763,25.7938132
Tarifa,10,2084,-5.655556,36.083889,45.5978301,24.88079125
Tarifa,10,2085,-5.655556,36.083889,13.96928196,29.10660066
Tarifa,10,2086,-5.655556,36.083889,56.38595953,27.8345522
Tarifa,10,2087,-5.655556,36.083889,1.217656393,26.20896843
Tarifa,10,2088,-5.655556,36.083889,69.27627162,26.05982804
Tarifa,10,2089,-5.655556,36.083889,3.288446601,25.29016192
Tarifa,10,2090,-5.655556,36.083889,43.99632869,25.55700172
Tarifa,10,2091,-5.655556,36.083889,13.00786926,27.259223
Tarifa,10,2092,-5.655556,36.083889,31.246613,26.30750083
Tarifa,10,2093,-5.655556,36.083889,58.5306466,23.80185015
Tarifa,10,2094,-5.655556,36.083889,83.81432322,24.86973503
Tarifa,10,2095,-5.655556,36.083889,12.86651906,27.59455803
Tarifa,10,2096,-5.655556,36.083889,45.09770136,26.28295977
Tarifa,10,2097,-5.655556,36.083889,16.5091543,27.87313331
Tarifa,10,2098,-5.655556,36.083889,75.07332367,27.52017586
Tarifa,10,2099,-5.655556,36.083889,19.29713395,26.36535231
Tarifa,10,2100,-5.655556,36.083889,4.337991358,29.63563173
Tarifa,11,2015,-5.655556,36.083889,121.8649943,18.04260661
Tarifa,11,2016,-5.655556,36.083889,48.64235381,18.21017558
Tarifa,11,2017,-5.655556,36.083889,159.1092634,18.3072408
Tarifa,11,2018,-5.655556,36.083889,45.72648051,19.90654704
Tarifa,11,2019,-5.655556,36.083889,75.38644193,20.12059631
Tarifa,11,2020,-5.655556,36.083889,10.19599529,20.35411072
Tarifa,11,2021,-5.655556,36.083889,28.08911467,21.673703
Tarifa,11,2022,-5.655556,36.083889,88.28161511,19.84893087
Tarifa,11,2023,-5.655556,36.083889,22.37130222,19.38220723
Tarifa,11,2024,-5.655556,36.083889,22.16436651,18.30198873
Tarifa,11,2025,-5.655556,36.083889,116.4788581,19.93458659
Tarifa,11,2026,-5.655556,36.083889,9.756435494,20.20195516
Tarifa,11,2027,-5.655556,36.083889,53.04760592,19.83458761
Tarifa,11,2028,-5.655556,36.083889,25.2128433,19.46764119
Tarifa,11,2029,-5.655556,36.083889,28.43673751,18.68726603
Tarifa,11,2030,-5.655556,36.083889,88.58320916,21.05282288
Tarifa,11,2031,-5.655556,36.083889,154.1752749,17.23536377
Tarifa,11,2032,-5.655556,36.083889,154.0193634,19.87963765
Tarifa,11,2033,-5.655556,36.083889,19.60797088,17.41513774
Tarifa,11,2034,-5.655556,36.083889,125.5778049,19.31026306
Tarifa,11,2035,-5.655556,36.083889,54.61446073,19.34193319
Tarifa,11,2036,-5.655556,36.083889,10.34260287,19.5673818
Tarifa,11,2037,-5.655556,36.083889,65.06525634,17.88632406
Tarifa,11,2038,-5.655556,36.083889,45.38912106,19.86231791
Tarifa,11,2039,-5.655556,36.083889,25.34326297,20.86078695
Tarifa,11,2040,-5.655556,36.083889,86.57729233,21.67728984
Tarifa,11,2041,-5.655556,36.083889,90.9402597,19.5747345
Tarifa,11,2042,-5.655556,36.083889,7.369158702,22.94265849
Tarifa,11,2043,-5.655556,36.083889,173.778217,19.024705
Tarifa,11,2044,-5.655556,36.083889,79.63074058,19.42953593
Tarifa,11,2045,-5.655556,36.083889,110.6585184,19.56772868
Tarifa,11,2046,-5.655556,36.083889,97.17288243,20.1602946
Tarifa,11,2047,-5.655556,36.083889,45.36349105,19.22687581
Tarifa,11,2048,-5.655556,36.083889,17.59171627,18.87392273
Tarifa,11,2049,-5.655556,36.083889,83.77016623,19.82230123
Tarifa,11,2050,-5.655556,36.083889,47.72211554,17.84975281
Tarifa,11,2051,-5.655556,36.083889,25.5615151,18.56404114
Tarifa,11,2052,-5.655556,36.083889,166.392045,18.46702779
Tarifa,11,2053,-5.655556,36.083889,4.420351525,19.19952291
Tarifa,11,2054,-5.655556,36.083889,161.3545131,20.18162435
Tarifa,11,2055,-5.655556,36.083889,65.53007496,20.08328247
Tarifa,11,2056,-5.655556,36.083889,106.2116127,18.85659485
Tarifa,11,2057,-5.655556,36.083889,20.49636533,21.41650696
Tarifa,11,2058,-5.655556,36.083889,36.30863987,20.71772766
Tarifa,11,2059,-5.655556,36.083889,4.709481757,19.89588521
Tarifa,11,2060,-5.655556,36.083889,271.1246445,18.8015391
Tarifa,11,2061,-5.655556,36.083889,29.16412374,22.32477214
Tarifa,11,2062,-5.655556,36.083889,5.587167051,20.57368368
Tarifa,11,2063,-5.655556,36.083889,99.15006518,22.43358053
Tarifa,11,2064,-5.655556,36.083889,51.61281946,20.72673543
Tarifa,11,2065,-5.655556,36.083889,61.03914726,20.86621602
Tarifa,11,2066,-5.655556,36.083889,68.86484452,20.56021423
Tarifa,11,2067,-5.655556,36.083889,30.64212548,18.22213847
Tarifa,11,2068,-5.655556,36.083889,111.5322308,19.35250549
Tarifa,11,2069,-5.655556,36.083889,4.549043583,21.59069316
Tarifa,11,2070,-5.655556,36.083889,31.27107211,20.03009949
Tarifa,11,2071,-5.655556,36.083889,16.22813694,20.44301249
Tarifa,11,2072,-5.655556,36.083889,34.07973302,20.44797262
Tarifa,11,2073,-5.655556,36.083889,55.67687935,20.93077799
Tarifa,11,2074,-5.655556,36.083889,121.706946,19.1827474
Tarifa,11,2075,-5.655556,36.083889,73.01094642,22.99829305
Tarifa,11,2076,-5.655556,36.083889,61.86704567,19.27763875
Tarifa,11,2077,-5.655556,36.083889,19.70827064,23.44462789
Tarifa,11,2078,-5.655556,36.083889,27.24963575,21.3751709
Tarifa,11,2079,-5.655556,36.083889,19.7449981,20.43811849
Tarifa,11,2080,-5.655556,36.083889,13.12755143,22.08919373
Tarifa,11,2081,-5.655556,36.083889,43.94333635,21.72874756
Tarifa,11,2082,-5.655556,36.083889,45.02306268,20.48600362
Tarifa,11,2083,-5.655556,36.083889,23.60075289,19.95732829
Tarifa,11,2084,-5.655556,36.083889,41.93826396,22.77033488
Tarifa,11,2085,-5.655556,36.083889,31.2856306,22.48225708
Tarifa,11,2086,-5.655556,36.083889,22.96096992,21.90051371
Tarifa,11,2087,-5.655556,36.083889,22.25604729,23.097229
Tarifa,11,2088,-5.655556,36.083889,158.5522866,20.49922485
Tarifa,11,2089,-5.655556,36.083889,5.421882684,20.32904765
Tarifa,11,2090,-5.655556,36.083889,33.02588174,21.33061625
Tarifa,11,2091,-5.655556,36.083889,55.54532793,20.5428833
Tarifa,11,2092,-5.655556,36.083889,0.069473189,25.22731832
Tarifa,11,2093,-5.655556,36.083889,5.729153971,23.76018473
Tarifa,11,2094,-5.655556,36.083889,55.61863045,19.73223572
Tarifa,11,2095,-5.655556,36.083889,18.79731306,23.24938456
Tarifa,11,2096,-5.655556,36.083889,55.3729471,21.79796651
Tarifa,11,2097,-5.655556,36.083889,180.3133484,20.70837097
Tarifa,11,2098,-5.655556,36.083889,18.81977333,21.36025899
Tarifa,11,2099,-5.655556,36.083889,15.45501495,23.4899058
Tarifa,11,2100,-5.655556,36.083889,86.4473821,23.43894958
Tarifa,12,2015,-5.655556,36.083889,87.79503748,14.8463182
Tarifa,12,2016,-5.655556,36.083889,53.31561477,14.7371834
Tarifa,12,2017,-5.655556,36.083889,213.4336357,14.78866557
Tarifa,12,2018,-5.655556,36.083889,1.674760231,18.00818344
Tarifa,12,2019,-5.655556,36.083889,1.485700107,17.76118105
Tarifa,12,2020,-5.655556,36.083889,69.51870682,18.09052577
Tarifa,12,2021,-5.655556,36.083889,23.34802387,18.09259604
Tarifa,12,2022,-5.655556,36.083889,97.47625641,17.3836225
Tarifa,12,2023,-5.655556,36.083889,196.6582814,17.48813831
Tarifa,12,2024,-5.655556,36.083889,50.8189566,15.8422131
Tarifa,12,2025,-5.655556,36.083889,116.2520458,16.99412566
Tarifa,12,2026,-5.655556,36.083889,2.145576424,18.33824187
Tarifa,12,2027,-5.655556,36.083889,3.784235437,19.36106705
Tarifa,12,2028,-5.655556,36.083889,121.3889961,17.54382009
Tarifa,12,2029,-5.655556,36.083889,300.79932,16.6101151
Tarifa,12,2030,-5.655556,36.083889,13.88452945,18.31122397
Tarifa,12,2031,-5.655556,36.083889,45.37688654,15.85544394
Tarifa,12,2032,-5.655556,36.083889,106.0952482,15.87384407
Tarifa,12,2033,-5.655556,36.083889,118.4017106,16.22631619
Tarifa,12,2034,-5.655556,36.083889,13.37294382,19.5767525
Tarifa,12,2035,-5.655556,36.083889,18.45920063,14.88677073
Tarifa,12,2036,-5.655556,36.083889,0.626621712,18.963044
Tarifa,12,2037,-5.655556,36.083889,15.32494614,18.82535656
Tarifa,12,2038,-5.655556,36.083889,46.09870098,17.24638692
Tarifa,12,2039,-5.655556,36.083889,0.978855207,18.33240022
Tarifa,12,2040,-5.655556,36.083889,45.71536941,17.94653694
Tarifa,12,2041,-5.655556,36.083889,92.24081063,17.3425547
Tarifa,12,2042,-5.655556,36.083889,71.66379545,16.02464226
Tarifa,12,2043,-5.655556,36.083889,89.0049992,18.70435634
Tarifa,12,2044,-5.655556,36.083889,16.92019723,19.00543587
Tarifa,12,2045,-5.655556,36.083889,108.2021511,16.73363057
Tarifa,12,2046,-5.655556,36.083889,62.74812323,18.62602854
Tarifa,12,2047,-5.655556,36.083889,295.8874484,17.81688055
Tarifa,12,2048,-5.655556,36.083889,276.6859576,16.73200231
Tarifa,12,2049,-5.655556,36.083889,212.3530661,17.37461784
Tarifa,12,2050,-5.655556,36.083889,104.1819411,15.40267432
Tarifa,12,2051,-5.655556,36.083889,174.2076106,16.58398319
Tarifa,12,2052,-5.655556,36.083889,94.39160378,17.5280996
Tarifa,12,2053,-5.655556,36.083889,201.0329954,17.32123374
Tarifa,12,2054,-5.655556,36.083889,65.63030881,19.54682558
Tarifa,12,2055,-5.655556,36.083889,21.60271629,17.13462859
Tarifa,12,2056,-5.655556,36.083889,16.59600031,16.71289535
Tarifa,12,2057,-5.655556,36.083889,138.2618547,18.76368841
Tarifa,12,2058,-5.655556,36.083889,47.96716672,18.03197632
Tarifa,12,2059,-5.655556,36.083889,34.1459277,17.35900859
Tarifa,12,2060,-5.655556,36.083889,174.9894663,16.9885882
Tarifa,12,2061,-5.655556,36.083889,0.431821507,17.92227153
Tarifa,12,2062,-5.655556,36.083889,281.3739969,19.00377119
Tarifa,12,2063,-5.655556,36.083889,8.443142089,17.176354
Tarifa,12,2064,-5.655556,36.083889,83.22434628,18.33859151
Tarifa,12,2065,-5.655556,36.083889,131.1958432,17.74337552
Tarifa,12,2066,-5.655556,36.083889,8.665701928,17.51703058
Tarifa,12,2067,-5.655556,36.083889,18.19412498,17.2735259
Tarifa,12,2068,-5.655556,36.083889,34.5705639,16.80059401
Tarifa,12,2069,-5.655556,36.083889,66.47515836,17.41721644
Tarifa,12,2070,-5.655556,36.083889,65.86712862,17.26201585
Tarifa,12,2071,-5.655556,36.083889,36.07114822,16.266814
Tarifa,12,2072,-5.655556,36.083889,10.97055233,18.66382505
Tarifa,12,2073,-5.655556,36.083889,41.36743843,19.66622511
Tarifa,12,2074,-5.655556,36.083889,40.26160672,17.37448396
Tarifa,12,2075,-5.655556,36.083889,25.77371562,19.01866967
Tarifa,12,2076,-5.655556,36.083889,26.44754438,18.41556456
Tarifa,12,2077,-5.655556,36.083889,70.32362895,18.23418481
Tarifa,12,2078,-5.655556,36.083889,21.2199103,17.34876059
Tarifa,12,2079,-5.655556,36.083889,65.43492415,20.69765527
Tarifa,12,2080,-5.655556,36.083889,23.71560946,18.43281585
Tarifa,12,2081,-5.655556,36.083889,45.68881097,17.81208929
Tarifa,12,2082,-5.655556,36.083889,25.47362919,19.68504855
Tarifa,12,2083,-5.655556,36.083889,28.34214539,18.08569808
Tarifa,12,2084,-5.655556,36.083889,102.6295698,18.08976086
Tarifa,12,2085,-5.655556,36.083889,53.83057722,17.68639723
Tarifa,12,2086,-5.655556,36.083889,189.6363664,19.3106973
Tarifa,12,2087,-5.655556,36.083889,8.75618553,21.0262459
Tarifa,12,2088,-5.655556,36.083889,37.96795729,17.24076184
Tarifa,12,2089,-5.655556,36.083889,61.66451974,20.09216387
Tarifa,12,2090,-5.655556,36.083889,2.115739483,19.50362844
Tarifa,12,2091,-5.655556,36.083889,155.7207107,20.3458752
Tarifa,12,2092,-5.655556,36.083889,7.1726501,21.03832004
Tarifa,12,2093,-5.655556,36.083889,96.50461035,18.18267507
Tarifa,12,2094,-5.655556,36.083889,14.08137956,19.72058381
Tarifa,12,2095,-5.655556,36.083889,48.38216859,19.07060173
Tarifa,12,2096,-5.655556,36.083889,39.50686959,20.09999902
Tarifa,12,2097,-5.655556,36.083889,101.1556446,17.65616317
Tarifa,12,2098,-5.655556,36.083889,12.42078532,19.52741837
Tarifa,12,2099,-5.655556,36.083889,22.10178469,19.76347085
Tarifa,12,2100,-5.655556,36.083889,0.318390627,17.7026062
Tarifa,2,2015,-5.655556,36.083889,42.87027098,16.32749329
Tarifa,2,2016,-5.655556,36.083889,4.725808252,17.98604105
Tarifa,2,2017,-5.655556,36.083889,24.94353225,17.19982191
Tarifa,2,2018,-5.655556,36.083889,40.95482529,18.4074537
Tarifa,2,2019,-5.655556,36.083889,0.073163958,18.18176858
Tarifa,2,2020,-5.655556,36.083889,60.97491768,17.15796656
Tarifa,2,2021,-5.655556,36.083889,37.06655459,13.98706752
Tarifa,2,2022,-5.655556,36.083889,24.93701326,18.34817113
Tarifa,2,2023,-5.655556,36.083889,40.96312964,16.57061702
Tarifa,2,2024,-5.655556,36.083889,88.27439907,17.1465793
Tarifa,2,2025,-5.655556,36.083889,27.61902859,15.88736223
Tarifa,2,2026,-5.655556,36.083889,52.50833024,15.36147352
Tarifa,2,2027,-5.655556,36.083889,27.28164158,17.04681876
Tarifa,2,2028,-5.655556,36.083889,264.0193175,16.52886142
Tarifa,2,2029,-5.655556,36.083889,90.48287882,16.23114057
Tarifa,2,2030,-5.655556,36.083889,24.86790942,16.91787763
Tarifa,2,2031,-5.655556,36.083889,46.81999313,15.94248788
Tarifa,2,2032,-5.655556,36.083889,156.4663762,19.71821773
Tarifa,2,2033,-5.655556,36.083889,83.27419839,16.25510559
Tarifa,2,2034,-5.655556,36.083889,2.515205261,18.04709124
Tarifa,2,2035,-5.655556,36.083889,37.87921673,15.79722421
Tarifa,2,2036,-5.655556,36.083889,15.67397332,17.66837832
Tarifa,2,2037,-5.655556,36.083889,179.084035,16.68140019
Tarifa,2,2038,-5.655556,36.083889,0.59316319,20.19216527
Tarifa,2,2039,-5.655556,36.083889,13.52434984,19.27609297
Tarifa,2,2040,-5.655556,36.083889,56.22668645,18.48591056
Tarifa,2,2041,-5.655556,36.083889,49.04596884,16.9575385
Tarifa,2,2042,-5.655556,36.083889,10.57861413,17.3046923
Tarifa,2,2043,-5.655556,36.083889,7.272709435,16.96467743
Tarifa,2,2044,-5.655556,36.083889,56.12857133,16.0719554
Tarifa,2,2045,-5.655556,36.083889,0.199379454,17.52630114
Tarifa,2,2046,-5.655556,36.083889,39.41483167,18.93705902
Tarifa,2,2047,-5.655556,36.083889,98.36188134,18.71438424
Tarifa,2,2048,-5.655556,36.083889,34.79930873,16.16847618
Tarifa,2,2049,-5.655556,36.083889,6.654261276,18.6117678
Tarifa,2,2050,-5.655556,36.083889,52.9768733,19.80603289
Tarifa,2,2051,-5.655556,36.083889,37.06225271,15.94048135
Tarifa,2,2052,-5.655556,36.083889,50.62299081,19.51571992
Tarifa,2,2053,-5.655556,36.083889,33.33280958,18.97352644
Tarifa,2,2054,-5.655556,36.083889,22.41842351,18.00753937
Tarifa,2,2055,-5.655556,36.083889,173.6229102,16.02065212
Tarifa,2,2056,-5.655556,36.083889,41.84685954,18.13659899
Tarifa,2,2057,-5.655556,36.083889,258.8497147,17.62719879
Tarifa,2,2058,-5.655556,36.083889,7.024919633,19.4596889
Tarifa,2,2059,-5.655556,36.083889,41.06380115,19.58617009
Tarifa,2,2060,-5.655556,36.083889,29.15400096,19.49183202
Tarifa,2,2061,-5.655556,36.083889,28.55458893,18.86664734
Tarifa,2,2062,-5.655556,36.083889,8.180491743,20.85216348
Tarifa,2,2063,-5.655556,36.083889,34.41153823,17.83122406
Tarifa,2,2064,-5.655556,36.083889,78.83844689,18.76286811
Tarifa,2,2065,-5.655556,36.083889,0.44062052,20.76121129
Tarifa,2,2066,-5.655556,36.083889,43.20273663,16.59253191
Tarifa,2,2067,-5.655556,36.083889,1.076668563,18.76984558
Tarifa,2,2068,-5.655556,36.083889,60.0480689,21.45482893
Tarifa,2,2069,-5.655556,36.083889,27.44775059,17.11824733
Tarifa,2,2070,-5.655556,36.083889,1.743949405,17.27575836
Tarifa,2,2071,-5.655556,36.083889,37.90593117,17.98743373
Tarifa,2,2072,-5.655556,36.083889,19.07279179,15.17323903
Tarifa,2,2073,-5.655556,36.083889,24.59636525,17.89089464
Tarifa,2,2074,-5.655556,36.083889,98.07290292,17.16537628
Tarifa,2,2075,-5.655556,36.083889,79.98366411,17.45073308
Tarifa,2,2076,-5.655556,36.083889,69.91104786,19.06215715
Tarifa,2,2077,-5.655556,36.083889,1.606999697,20.26520255
Tarifa,2,2078,-5.655556,36.083889,1.226761825,21.06067483
Tarifa,2,2079,-5.655556,36.083889,29.57545529,16.79200788
Tarifa,2,2080,-5.655556,36.083889,56.10985248,19.03727901
Tarifa,2,2081,-5.655556,36.083889,8.254038043,24.49400591
Tarifa,2,2082,-5.655556,36.083889,66.13259432,18.51585323
Tarifa,2,2083,-5.655556,36.083889,26.70068719,18.52299543
Tarifa,2,2084,-5.655556,36.083889,229.2113601,16.92083235
Tarifa,2,2085,-5.655556,36.083889,21.65452842,19.24328112
Tarifa,2,2086,-5.655556,36.083889,10.41850988,20.51861071
Tarifa,2,2087,-5.655556,36.083889,14.37429016,21.18221327
Tarifa,2,2088,-5.655556,36.083889,105.1481024,18.27816267
Tarifa,2,2089,-5.655556,36.083889,4.82569113,20.17535117
Tarifa,2,2090,-5.655556,36.083889,117.3776798,19.24999717
Tarifa,2,2091,-5.655556,36.083889,0.379549717,22.39638672
Tarifa,2,2092,-5.655556,36.083889,13.11827882,20.01249663
Tarifa,2,2093,-5.655556,36.083889,1.893103939,21.19300123
Tarifa,2,2094,-5.655556,36.083889,38.98222,20.85603921
Tarifa,2,2095,-5.655556,36.083889,1.019486352,17.5369921
Tarifa,2,2096,-5.655556,36.083889,44.05153086,18.97006036
Tarifa,2,2097,-5.655556,36.083889,48.37487391,20.27936489
Tarifa,2,2098,-5.655556,36.083889,2.100761146,20.43027104
Tarifa,2,2099,-5.655556,36.083889,1.169972139,20.16540244
Tarifa,2,2100,-5.655556,36.083889,3.391859402,21.54888851
Tarifa,3,2015,-5.655556,36.083889,21.14156406,18.4695915
Tarifa,3,2016,-5.655556,36.083889,6.316447055,19.1108426
Tarifa,3,2017,-5.655556,36.083889,38.22051648,20.66394417
Tarifa,3,2018,-5.655556,36.083889,79.88747305,17.04410361
Tarifa,3,2019,-5.655556,36.083889,27.49455574,21.51274237
Tarifa,3,2020,-5.655556,36.083889,31.91408679,21.2202432
Tarifa,3,2021,-5.655556,36.083889,47.61683611,17.77329358
Tarifa,3,2022,-5.655556,36.083889,39.4521669,17.32090789
Tarifa,3,2023,-5.655556,36.083889,6.938832623,19.29431133
Tarifa,3,2024,-5.655556,36.083889,397.2399699,16.73676797
Tarifa,3,2025,-5.655556,36.083889,21.33214378,19.75884006
Tarifa,3,2026,-5.655556,36.083889,38.9123286,17.01446514
Tarifa,3,2027,-5.655556,36.083889,41.31858824,19.63180621
Tarifa,3,2028,-5.655556,36.083889,79.81858299,19.15317245
Tarifa,3,2029,-5.655556,36.083889,32.69355654,19.93169457
Tarifa,3,2030,-5.655556,36.083889,83.47139983,19.5840206
Tarifa,3,2031,-5.655556,36.083889,37.03045956,19.32376473
Tarifa,3,2032,-5.655556,36.083889,111.0054285,19.30745456
Tarifa,3,2033,-5.655556,36.083889,61.69752233,16.45231166
Tarifa,3,2034,-5.655556,36.083889,25.01066731,17.70738151
Tarifa,3,2035,-5.655556,36.083889,37.84430874,19.51874842
Tarifa,3,2036,-5.655556,36.083889,7.81198495,19.32394389
Tarifa,3,2037,-5.655556,36.083889,41.77816939,22.22809704
Tarifa,3,2038,-5.655556,36.083889,22.74640047,23.72601889
Tarifa,3,2039,-5.655556,36.083889,0.634028501,19.52586493
Tarifa,3,2040,-5.655556,36.083889,1.226568429,20.0534095
Tarifa,3,2041,-5.655556,36.083889,31.69275376,21.1024611
Tarifa,3,2042,-5.655556,36.083889,5.597428596,22.62928605
Tarifa,3,2043,-5.655556,36.083889,34.58681125,21.02264385
Tarifa,3,2044,-5.655556,36.083889,32.23056259,18.61612116
Tarifa,3,2045,-5.655556,36.083889,6.044606217,22.08765023
Tarifa,3,2046,-5.655556,36.083889,11.78413434,20.1935098
Tarifa,3,2047,-5.655556,36.083889,121.659166,17.49314615
Tarifa,3,2048,-5.655556,36.083889,16.46908392,19.92403761
Tarifa,3,2049,-5.655556,36.083889,1.888850561,20.31097392
Tarifa,3,2050,-5.655556,36.083889,59.0913131,20.59436311
Tarifa,3,2051,-5.655556,36.083889,45.87254381,16.81954838
Tarifa,3,2052,-5.655556,36.083889,118.8354185,18.38307023
Tarifa,3,2053,-5.655556,36.083889,64.03316487,19.53878075
Tarifa,3,2054,-5.655556,36.083889,1.771527964,20.46428735
Tarifa,3,2055,-5.655556,36.083889,14.2507456,20.20053278
Tarifa,3,2056,-5.655556,36.083889,84.83072457,17.72991136
Tarifa,3,2057,-5.655556,36.083889,105.9971419,16.84741388
Tarifa,3,2058,-5.655556,36.083889,0.012416425,22.65127642
Tarifa,3,2059,-5.655556,36.083889,0.102285863,23.1678514
Tarifa,3,2060,-5.655556,36.083889,30.67990964,19.93002004
Tarifa,3,2061,-5.655556,36.083889,2.060031623,20.05822636
Tarifa,3,2062,-5.655556,36.083889,29.98257437,20.69498252
Tarifa,3,2063,-5.655556,36.083889,124.1590848,19.12562197
Tarifa,3,2064,-5.655556,36.083889,55.44269643,19.18131359
Tarifa,3,2065,-5.655556,36.083889,24.35506056,22.07108016
Tarifa,3,2066,-5.655556,36.083889,77.05354458,18.22588895
Tarifa,3,2067,-5.655556,36.083889,5.57418784,22.84744046
Tarifa,3,2068,-5.655556,36.083889,228.1488131,19.51824931
Tarifa,3,2069,-5.655556,36.083889,1.452203,21.55070328
Tarifa,3,2070,-5.655556,36.083889,45.95419023,17.48702688
Tarifa,3,2071,-5.655556,36.083889,59.32417659,16.85957661
Tarifa,3,2072,-5.655556,36.083889,19.2333948,18.53300112
Tarifa,3,2073,-5.655556,36.083889,11.6624118,19.95585957
Tarifa,3,2074,-5.655556,36.083889,61.89894344,19.8588629
Tarifa,3,2075,-5.655556,36.083889,39.40622692,20.18953464
Tarifa,3,2076,-5.655556,36.083889,38.29311874,20.75233784
Tarifa,3,2077,-5.655556,36.083889,0.316146409,23.41035491
Tarifa,3,2078,-5.655556,36.083889,6.072953016,25.52236131
Tarifa,3,2079,-5.655556,36.083889,37.93163005,19.88126772
Tarifa,3,2080,-5.655556,36.083889,13.89520033,20.52267338
Tarifa,3,2081,-5.655556,36.083889,16.50306793,26.08544804
Tarifa,3,2082,-5.655556,36.083889,68.3956121,19.59766098
Tarifa,3,2083,-5.655556,36.083889,13.51850047,22.30000138
Tarifa,3,2084,-5.655556,36.083889,11.71799461,20.54134521
Tarifa,3,2085,-5.655556,36.083889,32.29064703,22.28022697
Tarifa,3,2086,-5.655556,36.083889,4.171841098,20.73580618
Tarifa,3,2087,-5.655556,36.083889,0.03354871,21.97339143
Tarifa,3,2088,-5.655556,36.083889,125.5074471,20.35104449
Tarifa,3,2089,-5.655556,36.083889,5.042494271,23.24948986
Tarifa,3,2090,-5.655556,36.083889,191.5631373,19.33476681
Tarifa,3,2091,-5.655556,36.083889,14.51396789,24.50019768
Tarifa,3,2092,-5.655556,36.083889,82.78782396,19.99953909
Tarifa,3,2093,-5.655556,36.083889,2.025055079,22.31628792
Tarifa,3,2094,-5.655556,36.083889,0.87313252,23.83445671
Tarifa,3,2095,-5.655556,36.083889,17.67996637,24.05859651
Tarifa,3,2096,-5.655556,36.083889,27.95828157,19.94254505
Tarifa,3,2097,-5.655556,36.083889,14.788643,22.5125632
Tarifa,3,2098,-5.655556,36.083889,18.45211684,21.6356337
Tarifa,3,2099,-5.655556,36.083889,123.8643014,19.65403876
Tarifa,3,2100,-5.655556,36.083889,50.69616213,23.12559342
Tarifa,4,2015,-5.655556,36.083889,3.980655713,23.404953
Tarifa,4,2016,-5.655556,36.083889,13.36775209,23.06498006
Tarifa,4,2017,-5.655556,36.083889,14.83714044,22.49856466
Tarifa,4,2018,-5.655556,36.083889,82.24227537,19.44521077
Tarifa,4,2019,-5.655556,36.083889,77.12049397,20.91682332
Tarifa,4,2020,-5.655556,36.083889,23.25563309,22.2982961
Tarifa,4,2021,-5.655556,36.083889,66.78630692,19.39346619
Tarifa,4,2022,-5.655556,36.083889,92.72191801,20.04153951
Tarifa,4,2023,-5.655556,36.083889,100.6587187,19.53804728
Tarifa,4,2024,-5.655556,36.083889,20.51298608,19.64022725
Tarifa,4,2025,-5.655556,36.083889,87.58683771,20.17597656
Tarifa,4,2026,-5.655556,36.083889,39.27687432,18.0254069
Tarifa,4,2027,-5.655556,36.083889,15.02544833,22.85118815
Tarifa,4,2028,-5.655556,36.083889,12.00675958,21.20065715
Tarifa,4,2029,-5.655556,36.083889,12.79855053,20.68458964
Tarifa,4,2030,-5.655556,36.083889,33.86599872,20.23392131
Tarifa,4,2031,-5.655556,36.083889,17.75187851,23.77697957
Tarifa,4,2032,-5.655556,36.083889,18.37237365,20.92613424
Tarifa,4,2033,-5.655556,36.083889,64.2680714,20.15046488
Tarifa,4,2034,-5.655556,36.083889,4.464093093,22.24663391
Tarifa,4,2035,-5.655556,36.083889,23.32128395,21.59934489
Tarifa,4,2036,-5.655556,36.083889,49.66983046,22.09711202
Tarifa,4,2037,-5.655556,36.083889,45.38788717,23.07462769
Tarifa,4,2038,-5.655556,36.083889,72.63027271,22.16807556
Tarifa,4,2039,-5.655556,36.083889,103.3021782,19.18808594
Tarifa,4,2040,-5.655556,36.083889,22.37906813,20.19878235
Tarifa,4,2041,-5.655556,36.083889,12.21303292,20.71324361
Tarifa,4,2042,-5.655556,36.083889,35.28012273,23.31028748
Tarifa,4,2043,-5.655556,36.083889,12.53522901,20.83139954
Tarifa,4,2044,-5.655556,36.083889,2.021543698,21.99908854
Tarifa,4,2045,-5.655556,36.083889,16.73784722,23.57995199
Tarifa,4,2046,-5.655556,36.083889,50.69292167,19.93380432
Tarifa,4,2047,-5.655556,36.083889,3.608340742,20.82638143
Tarifa,4,2048,-5.655556,36.083889,57.81667499,18.93541667
Tarifa,4,2049,-5.655556,36.083889,25.76143888,20.27698059
Tarifa,4,2050,-5.655556,36.083889,76.95763541,21.30731099
Tarifa,4,2051,-5.655556,36.083889,32.42907054,21.86648763
Tarifa,4,2052,-5.655556,36.083889,72.65502151,20.00681966
Tarifa,4,2053,-5.655556,36.083889,49.26148424,20.45228882
Tarifa,4,2054,-5.655556,36.083889,30.33899419,21.94662476
Tarifa,4,2055,-5.655556,36.083889,7.552555449,19.98684591
Tarifa,4,2056,-5.655556,36.083889,34.54237188,22.29776611
Tarifa,4,2057,-5.655556,36.083889,74.27741782,20.1756307
Tarifa,4,2058,-5.655556,36.083889,25.41697845,22.89624532
Tarifa,4,2059,-5.655556,36.083889,31.94116185,23.0083374
Tarifa,4,2060,-5.655556,36.083889,45.87011599,21.47875264
Tarifa,4,2061,-5.655556,36.083889,18.81859447,23.35246684
Tarifa,4,2062,-5.655556,36.083889,3.334546768,25.05774231
Tarifa,4,2063,-5.655556,36.083889,46.70489289,20.7737915
Tarifa,4,2064,-5.655556,36.083889,4.585088305,20.51081136
Tarifa,4,2065,-5.655556,36.083889,31.10435223,21.13448792
Tarifa,4,2066,-5.655556,36.083889,6.874346084,22.32328186
Tarifa,4,2067,-5.655556,36.083889,74.01342813,24.19507853
Tarifa,4,2068,-5.655556,36.083889,10.04373296,24.34998779
Tarifa,4,2069,-5.655556,36.083889,28.83692506,23.90877889
Tarifa,4,2070,-5.655556,36.083889,0.893463544,24.11826579
Tarifa,4,2071,-5.655556,36.083889,53.77110456,19.28363342
Tarifa,4,2072,-5.655556,36.083889,19.83168068,23.1609141
Tarifa,4,2073,-5.655556,36.083889,6.920531781,22.99986471
Tarifa,4,2074,-5.655556,36.083889,12.99181036,22.93513184
Tarifa,4,2075,-5.655556,36.083889,12.08374131,22.46289063
Tarifa,4,2076,-5.655556,36.083889,4.423289101,25.71515605
Tarifa,4,2077,-5.655556,36.083889,26.71296102,25.89384359
Tarifa,4,2078,-5.655556,36.083889,33.59086833,24.28667603
Tarifa,4,2079,-5.655556,36.083889,7.36912555,25.57664897
Tarifa,4,2080,-5.655556,36.083889,35.75298705,22.68789063
Tarifa,4,2081,-5.655556,36.083889,10.30941715,25.17541199
Tarifa,4,2082,-5.655556,36.083889,10.68838762,23.73879191
Tarifa,4,2083,-5.655556,36.083889,15.32856128,24.39773763
Tarifa,4,2084,-5.655556,36.083889,34.2307468,21.93379313
Tarifa,4,2085,-5.655556,36.083889,63.0308737,20.44694214
Tarifa,4,2086,-5.655556,36.083889,18.73536459,25.42998962
Tarifa,4,2087,-5.655556,36.083889,80.01965957,20.13539124
Tarifa,4,2088,-5.655556,36.083889,93.29528756,20.1483256
Tarifa,4,2089,-5.655556,36.083889,3.711285996,24.07202047
Tarifa,4,2090,-5.655556,36.083889,32.37368729,22.75519409
Tarifa,4,2091,-5.655556,36.083889,4.476351293,27.49152934
Tarifa,4,2092,-5.655556,36.083889,10.31374918,23.00045878
Tarifa,4,2093,-5.655556,36.083889,20.90195642,23.60532532
Tarifa,4,2094,-5.655556,36.083889,36.99996236,22.19503479
Tarifa,4,2095,-5.655556,36.083889,9.912651933,24.93919271
Tarifa,4,2096,-5.655556,36.083889,44.46250334,20.49072876
Tarifa,4,2097,-5.655556,36.083889,26.34021237,23.67076721
Tarifa,4,2098,-5.655556,36.083889,58.61984239,21.93360189
Tarifa,4,2099,-5.655556,36.083889,114.8409556,23.47563477
Tarifa,4,2100,-5.655556,36.083889,3.791755309,25.93705953
Tarifa,5,2015,-5.655556,36.083889,58.16540941,22.86013774
Tarifa,5,2016,-5.655556,36.083889,1.834066998,25.74349464
Tarifa,5,2017,-5.655556,36.083889,93.42162333,20.36495854
Tarifa,5,2018,-5.655556,36.083889,78.28705487,20.21862281
Tarifa,5,2019,-5.655556,36.083889,25.31276115,24.87792851
Tarifa,5,2020,-5.655556,36.083889,54.58055098,22.41468644
Tarifa,5,2021,-5.655556,36.083889,27.86227864,24.70034081
Tarifa,5,2022,-5.655556,36.083889,62.13990253,20.68107733
Tarifa,5,2023,-5.655556,36.083889,26.88615254,21.82459264
Tarifa,5,2024,-5.655556,36.083889,2.369956454,25.46537712
Tarifa,5,2025,-5.655556,36.083889,34.12198928,23.84593526
Tarifa,5,2026,-5.655556,36.083889,19.42082085,23.38517692
Tarifa,5,2027,-5.655556,36.083889,16.67343069,25.01183275
Tarifa,5,2028,-5.655556,36.083889,20.0057091,23.84448912
Tarifa,5,2029,-5.655556,36.083889,5.765145134,26.32799683
Tarifa,5,2030,-5.655556,36.083889,40.81464735,23.13285857
Tarifa,5,2031,-5.655556,36.083889,20.49486808,27.36313929
Tarifa,5,2032,-5.655556,36.083889,24.30248453,23.08749272
Tarifa,5,2033,-5.655556,36.083889,12.89635915,25.64649894
Tarifa,5,2034,-5.655556,36.083889,12.10925597,25.6425858
Tarifa,5,2035,-5.655556,36.083889,109.5829207,21.23448703
Tarifa,5,2036,-5.655556,36.083889,4.399180185,29.60547348
Tarifa,5,2037,-5.655556,36.083889,35.8063841,25.67613644
Tarifa,5,2038,-5.655556,36.083889,83.32516964,22.01158172
Tarifa,5,2039,-5.655556,36.083889,25.57297972,24.11029624
Tarifa,5,2040,-5.655556,36.083889,38.04815139,23.26771476
Tarifa,5,2041,-5.655556,36.083889,33.67692662,23.40778159
Tarifa,5,2042,-5.655556,36.083889,7.989324152,26.22965245
Tarifa,5,2043,-5.655556,36.083889,44.09057901,24.08665397
Tarifa,5,2044,-5.655556,36.083889,2.650556112,24.65412145
Tarifa,5,2045,-5.655556,36.083889,2.377850559,26.35464852
Tarifa,5,2046,-5.655556,36.083889,14.87578503,23.37835969
Tarifa,5,2047,-5.655556,36.083889,22.01604245,22.72511715
Tarifa,5,2048,-5.655556,36.083889,11.02518169,23.25666937
Tarifa,5,2049,-5.655556,36.083889,10.33900119,26.23152682
Tarifa,5,2050,-5.655556,36.083889,8.874975864,23.42030167
Tarifa,5,2051,-5.655556,36.083889,2.037817864,26.11187626
Tarifa,5,2052,-5.655556,36.083889,8.957750541,23.94659404
Tarifa,5,2053,-5.655556,36.083889,28.83591564,23.90516594
Tarifa,5,2054,-5.655556,36.083889,0.3731371,27.58833933
Tarifa,5,2055,-5.655556,36.083889,16.75410804,25.91262502
Tarifa,5,2056,-5.655556,36.083889,20.2816005,26.003846
Tarifa,5,2057,-5.655556,36.083889,29.13701513,23.45933267
Tarifa,5,2058,-5.655556,36.083889,8.608688406,25.26887739
Tarifa,5,2059,-5.655556,36.083889,80.66377704,22.75882529
Tarifa,5,2060,-5.655556,36.083889,8.481035627,29.2059334
Tarifa,5,2061,-5.655556,36.083889,19.0680734,28.03199994
Tarifa,5,2062,-5.655556,36.083889,55.40855788,22.74530797
Tarifa,5,2063,-5.655556,36.083889,111.4727683,20.99189296
Tarifa,5,2064,-5.655556,36.083889,7.300432736,26.81644248
Tarifa,5,2065,-5.655556,36.083889,7.247081221,26.9122657
Tarifa,5,2066,-5.655556,36.083889,2.984258415,25.19902167
Tarifa,5,2067,-5.655556,36.083889,4.825048621,26.41834855
Tarifa,5,2068,-5.655556,36.083889,22.37825378,24.79623984
Tarifa,5,2069,-5.655556,36.083889,0.662233415,28.70919977
Tarifa,5,2070,-5.655556,36.083889,31.86085273,26.01972794
Tarifa,5,2071,-5.655556,36.083889,16.38780819,24.94542551
Tarifa,5,2072,-5.655556,36.083889,4.250646118,27.77663673
Tarifa,5,2073,-5.655556,36.083889,22.66377376,27.45206063
Tarifa,5,2074,-5.655556,36.083889,19.29220268,24.61699928
Tarifa,5,2075,-5.655556,36.083889,80.50677201,21.75266369
Tarifa,5,2076,-5.655556,36.083889,0.151011823,26.64391775
Tarifa,5,2077,-5.655556,36.083889,86.87131131,25.57284625
Tarifa,5,2078,-5.655556,36.083889,79.31028081,20.00524489
Tarifa,5,2079,-5.655556,36.083889,1.711971766,29.28732772
Tarifa,5,2080,-5.655556,36.083889,14.89385303,27.68423639
Tarifa,5,2081,-5.655556,36.083889,29.89577408,26.07747606
Tarifa,5,2082,-5.655556,36.083889,30.44994209,27.49537688
Tarifa,5,2083,-5.655556,36.083889,22.25689927,27.83772406
Tarifa,5,2084,-5.655556,36.083889,2.271701907,26.82408762
Tarifa,5,2085,-5.655556,36.083889,4.670534858,26.77786432
Tarifa,5,2086,-5.655556,36.083889,12.78525258,28.5664218
Tarifa,5,2087,-5.655556,36.083889,31.72441508,25.45163043
Tarifa,5,2088,-5.655556,36.083889,17.76405291,24.31252638
Tarifa,5,2089,-5.655556,36.083889,1.872311651,29.23057783
Tarifa,5,2090,-5.655556,36.083889,2.277914309,26.70277434
Tarifa,5,2091,-5.655556,36.083889,0.411349852,32.13380757
Tarifa,5,2092,-5.655556,36.083889,21.92962724,26.79192899
Tarifa,5,2093,-5.655556,36.083889,2.774048664,28.71233127
Tarifa,5,2094,-5.655556,36.083889,10.39104529,27.04830224
Tarifa,5,2095,-5.655556,36.083889,10.00027642,34.11435114
Tarifa,5,2096,-5.655556,36.083889,0.492501364,27.60194131
Tarifa,5,2097,-5.655556,36.083889,50.61176686,25.67628902
Tarifa,5,2098,-5.655556,36.083889,3.323127741,26.76284672
Tarifa,5,2099,-5.655556,36.083889,4.862430735,27.66451022
Tarifa,5,2100,-5.655556,36.083889,23.84080347,28.8303388
Tarifa,6,2015,-5.655556,36.083889,4.179266097,24.22317912
Tarifa,6,2016,-5.655556,36.083889,3.875077983,30.26438599
Tarifa,6,2017,-5.655556,36.083889,9.204705881,24.44998779
Tarifa,6,2018,-5.655556,36.083889,37.02064186,26.31885173
Tarifa,6,2019,-5.655556,36.083889,45.37803578,24.90482992
Tarifa,6,2020,-5.655556,36.083889,10.76698647,27.86036072
Tarifa,6,2021,-5.655556,36.083889,25.67924159,28.75349426
Tarifa,6,2022,-5.655556,36.083889,14.6035622,27.56268412
Tarifa,6,2023,-5.655556,36.083889,38.75998566,24.38630575
Tarifa,6,2024,-5.655556,36.083889,8.085883232,27.28536784
Tarifa,6,2025,-5.655556,36.083889,24.89301033,26.55592143
Tarifa,6,2026,-5.655556,36.083889,17.03883053,28.4945516
Tarifa,6,2027,-5.655556,36.083889,14.90286178,29.58894755
Tarifa,6,2028,-5.655556,36.083889,49.73671253,25.9792572
Tarifa,6,2029,-5.655556,36.083889,22.11312284,32.01370646
Tarifa,6,2030,-5.655556,36.083889,6.061930122,30.53384196
Tarifa,6,2031,-5.655556,36.083889,3.440114508,28.50644938
Tarifa,6,2032,-5.655556,36.083889,7.47319731,26.60558472
Tarifa,6,2033,-5.655556,36.083889,15.67352916,27.11918132
Tarifa,6,2034,-5.655556,36.083889,13.50103264,29.48628947
Tarifa,6,2035,-5.655556,36.083889,3.684059464,29.25950012
Tarifa,6,2036,-5.655556,36.083889,16.51678389,32.18182373
Tarifa,6,2037,-5.655556,36.083889,16.77444086,28.46223246
Tarifa,6,2038,-5.655556,36.083889,3.482655993,27.89947713
Tarifa,6,2039,-5.655556,36.083889,0.61855203,30.91917725
Tarifa,6,2040,-5.655556,36.083889,7.00961674,29.53592733
Tarifa,6,2041,-5.655556,36.083889,7.864874756,31.34263509
Tarifa,6,2042,-5.655556,36.083889,22.45648817,31.52772827
Tarifa,6,2043,-5.655556,36.083889,2.861916394,31.11070557
Tarifa,6,2044,-5.655556,36.083889,33.27680756,27.12365112
Tarifa,6,2045,-5.655556,36.083889,1.94380266,31.70869649
Tarifa,6,2046,-5.655556,36.083889,24.55381319,30.28508708
Tarifa,6,2047,-5.655556,36.083889,23.95610931,29.64769389
Tarifa,6,2048,-5.655556,36.083889,1.970198009,29.05288798
Tarifa,6,2049,-5.655556,36.083889,0.993699212,29.52504578
Tarifa,6,2050,-5.655556,36.083889,1.833798384,29.79972738
Tarifa,6,2051,-5.655556,36.083889,2.943631702,31.03122355
Tarifa,6,2052,-5.655556,36.083889,4.251373112,26.76231384
Tarifa,6,2053,-5.655556,36.083889,1.719061862,30.15794983
Tarifa,6,2054,-5.655556,36.083889,8.95506026,30.31961568
Tarifa,6,2055,-5.655556,36.083889,6.86238134,27.00394999
Tarifa,6,2056,-5.655556,36.083889,23.48936692,31.08192037
Tarifa,6,2057,-5.655556,36.083889,4.359116234,28.80618998
Tarifa,6,2058,-5.655556,36.083889,6.43886557,33.68961995
Tarifa,6,2059,-5.655556,36.083889,25.38927611,26.74302979
Tarifa,6,2060,-5.655556,36.083889,3.656187239,32.35302531
Tarifa,6,2061,-5.655556,36.083889,4.525456467,29.7113444
Tarifa,6,2062,-5.655556,36.083889,10.07820036,32.44019267
Tarifa,6,2063,-5.655556,36.083889,1.411355008,29.08011678
Tarifa,6,2064,-5.655556,36.083889,9.22929482,29.7434316
Tarifa,6,2065,-5.655556,36.083889,9.971115258,29.83448588
Tarifa,6,2066,-5.655556,36.083889,5.077866736,30.26327209
Tarifa,6,2067,-5.655556,36.083889,7.562930627,33.71459249
Tarifa,6,2068,-5.655556,36.083889,2.632966264,29.67860514
Tarifa,6,2069,-5.655556,36.083889,12.02139964,31.93827413
Tarifa,6,2070,-5.655556,36.083889,2.026379678,29.11600037
Tarifa,6,2071,-5.655556,36.083889,1.049116402,29.15966288
Tarifa,6,2072,-5.655556,36.083889,0.13888885,31.5096995
Tarifa,6,2073,-5.655556,36.083889,25.06272693,28.11733398
Tarifa,6,2074,-5.655556,36.083889,0.738042565,28.08948059
Tarifa,6,2075,-5.655556,36.083889,1.779487306,32.06148987
Tarifa,6,2076,-5.655556,36.083889,0.956342786,34.56259664
Tarifa,6,2077,-5.655556,36.083889,44.76109946,30.03966878
Tarifa,6,2078,-5.655556,36.083889,14.64570569,29.61026713
Tarifa,6,2079,-5.655556,36.083889,1.532276241,35.04017436
Tarifa,6,2080,-5.655556,36.083889,4.435497642,32.26651408
Tarifa,6,2081,-5.655556,36.083889,3.112090905,33.63148905
Tarifa,6,2082,-5.655556,36.083889,16.7764739,35.3125824
Tarifa,6,2083,-5.655556,36.083889,2.053591341,33.89059041
Tarifa,6,2084,-5.655556,36.083889,4.020261553,30.8069692
Tarifa,6,2085,-5.655556,36.083889,2.987506135,31.86766866
Tarifa,6,2086,-5.655556,36.083889,0.816531273,30.57083842
Tarifa,6,2087,-5.655556,36.083889,0.310096052,30.759139
Tarifa,6,2088,-5.655556,36.083889,0.676022547,30.1403656
Tarifa,6,2089,-5.655556,36.083889,0.411142198,32.25660909
Tarifa,6,2090,-5.655556,36.083889,7.060658783,32.91844482
Tarifa,6,2091,-5.655556,36.083889,3.002614655,32.22676799
Tarifa,6,2092,-5.655556,36.083889,8.377170424,31.33804728
Tarifa,6,2093,-5.655556,36.083889,28.55966447,31.442571
Tarifa,6,2094,-5.655556,36.083889,0.321762583,35.11186829
Tarifa,6,2095,-5.655556,36.083889,1.897151471,34.46496582
Tarifa,6,2096,-5.655556,36.083889,28.12709271,31.0926239
Tarifa,6,2097,-5.655556,36.083889,1.17506507,31.05032857
Tarifa,6,2098,-5.655556,36.083889,0.80817937,32.14435221
Tarifa,6,2099,-5.655556,36.083889,10.58061437,33.57809143
Tarifa,6,2100,-5.655556,36.083889,19.07839967,35.05990601
Tarifa,7,2015,-5.655556,36.083889,6.614376294,32.58215017
Tarifa,7,2016,-5.655556,36.083889,7.918615464,32.81746137
Tarifa,7,2017,-5.655556,36.083889,11.14929312,31.88871302
Tarifa,7,2018,-5.655556,36.083889,39.9903541,28.47158695
Tarifa,7,2019,-5.655556,36.083889,5.198329116,31.05904246
Tarifa,7,2020,-5.655556,36.083889,1.558689973,31.5941357
Tarifa,7,2021,-5.655556,36.083889,3.752513714,33.51770098
Tarifa,7,2022,-5.655556,36.083889,0.018460462,32.57700451
Tarifa,7,2023,-5.655556,36.083889,0.182822401,28.21475298
Tarifa,7,2024,-5.655556,36.083889,3.021994176,30.22302817
Tarifa,7,2025,-5.655556,36.083889,7.070899172,32.02799624
Tarifa,7,2026,-5.655556,36.083889,2.691632561,30.11186445
Tarifa,7,2027,-5.655556,36.083889,0.136364113,32.96609379
Tarifa,7,2028,-5.655556,36.083889,12.23129889,31.58398122
Tarifa,7,2029,-5.655556,36.083889,2.904963339,34.93783156
Tarifa,7,2030,-5.655556,36.083889,2.140051314,30.84563303
Tarifa,7,2031,-5.655556,36.083889,4.256755,34.5782833
Tarifa,7,2032,-5.655556,36.083889,5.919486947,32.7484946
Tarifa,7,2033,-5.655556,36.083889,1.342476263,32.50285664
Tarifa,7,2034,-5.655556,36.083889,0.751332261,36.65273438
Tarifa,7,2035,-5.655556,36.083889,5.874728993,32.76221865
Tarifa,7,2036,-5.655556,36.083889,0.023982674,35.93222322
Tarifa,7,2037,-5.655556,36.083889,0.937402377,33.53207181
Tarifa,7,2038,-5.655556,36.083889,0.532565176,33.96321923
Tarifa,7,2039,-5.655556,36.083889,14.49431165,33.38451932
Tarifa,7,2040,-5.655556,36.083889,0.015448835,34.62405277
Tarifa,7,2041,-5.655556,36.083889,16.7735271,33.87276119
Tarifa,7,2042,-5.655556,36.083889,4.018370159,32.11935405
Tarifa,7,2043,-5.655556,36.083889,0.548323308,33.96219345
Tarifa,7,2044,-5.655556,36.083889,8.69200097,32.52252178
Tarifa,7,2045,-5.655556,36.083889,11.72908024,36.63125295
Tarifa,7,2046,-5.655556,36.083889,5.677719827,34.66272937
Tarifa,7,2047,-5.655556,36.083889,19.56021717,31.23765397
Tarifa,7,2048,-5.655556,36.083889,4.413840916,30.65094959
Tarifa,7,2049,-5.655556,36.083889,24.83414637,30.80981426
Tarifa,7,2050,-5.655556,36.083889,8.322895885,29.87536109
Tarifa,7,2051,-5.655556,36.083889,4.190661808,36.53641416
Tarifa,7,2052,-5.655556,36.083889,0.140424609,32.25182101
Tarifa,7,2053,-5.655556,36.083889,0.375819776,34.28693592
Tarifa,7,2054,-5.655556,36.083889,3.750724479,37.68884356
Tarifa,7,2055,-5.655556,36.083889,2.662270077,31.38992191
Tarifa,7,2056,-5.655556,36.083889,0.010440688,34.51703157
Tarifa,7,2057,-5.655556,36.083889,1.803107934,31.85178085
Tarifa,7,2058,-5.655556,36.083889,14.65776195,37.09367105
Tarifa,7,2059,-5.655556,36.083889,2.171850543,31.47696002
Tarifa,7,2060,-5.655556,36.083889,3.489218007,36.02538058
Tarifa,7,2061,-5.655556,36.083889,5.920144703,37.05704306
Tarifa,7,2062,-5.655556,36.083889,0.683232376,35.86868759
Tarifa,7,2063,-5.655556,36.083889,1.983878843,32.3591474
Tarifa,7,2064,-5.655556,36.083889,0.075588221,33.91991282
Tarifa,7,2065,-5.655556,36.083889,0.602908351,32.83981993
Tarifa,7,2066,-5.655556,36.083889,0.882856371,33.81109009
Tarifa,7,2067,-5.655556,36.083889,2.962432906,35.92523961
Tarifa,7,2068,-5.655556,36.083889,2.349382888,35.41807881
Tarifa,7,2069,-5.655556,36.083889,5.975731027,36.19620322
Tarifa,7,2070,-5.655556,36.083889,2.385851386,31.07968612
Tarifa,7,2071,-5.655556,36.083889,4.863604403,33.72343474
Tarifa,7,2072,-5.655556,36.083889,0.411089692,37.37409806
Tarifa,7,2073,-5.655556,36.083889,7.059901102,35.92171729
Tarifa,7,2074,-5.655556,36.083889,0.105910736,34.39234855
Tarifa,7,2075,-5.655556,36.083889,0.111988494,36.10210178
Tarifa,7,2076,-5.655556,36.083889,1.128008526,38.19448045
Tarifa,7,2077,-5.655556,36.083889,0.262781512,35.90645063
Tarifa,7,2078,-5.655556,36.083889,0.884588108,35.56866632
Tarifa,7,2079,-5.655556,36.083889,0.698315177,37.85181137
Tarifa,7,2080,-5.655556,36.083889,4.763193397,36.4249049
Tarifa,7,2081,-5.655556,36.083889,3.046737887,39.93165126
Tarifa,7,2082,-5.655556,36.083889,2.801830998,36.28684338
Tarifa,7,2083,-5.655556,36.083889,0.283510166,37.81145433
Tarifa,7,2084,-5.655556,36.083889,12.3683819,37.55291531
Tarifa,7,2085,-5.655556,36.083889,6.653833015,37.61948695
Tarifa,7,2086,-5.655556,36.083889,1.637011998,38.02537665
Tarifa,7,2087,-5.655556,36.083889,12.26263362,35.71668248
Tarifa,7,2088,-5.655556,36.083889,1.871686346,35.72889739
Tarifa,7,2089,-5.655556,36.083889,5.035443549,35.90165937
Tarifa,7,2090,-5.655556,36.083889,2.828571385,36.32000221
Tarifa,7,2091,-5.655556,36.083889,4.30349689,36.2103742
Tarifa,7,2092,-5.655556,36.083889,4.322878494,37.48473511
Tarifa,7,2093,-5.655556,36.083889,0.615391958,38.47552667
Tarifa,7,2094,-5.655556,36.083889,0.885442085,36.30777745
Tarifa,7,2095,-5.655556,36.083889,0.354128004,39.79071616
Tarifa,7,2096,-5.655556,36.083889,6.368586479,36.16579688
Tarifa,7,2097,-5.655556,36.083889,0.249272864,36.2565788
Tarifa,7,2098,-5.655556,36.083889,0.093508269,38.28468549
Tarifa,7,2099,-5.655556,36.083889,3.283971616,37.92681767
Tarifa,7,2100,-5.655556,36.083889,20.97232642,34.14682873
Tarifa,8,2015,-5.655556,36.083889,1.812579913,33.68391153
Tarifa,8,2016,-5.655556,36.083889,3.836425513,33.01509321
Tarifa,8,2017,-5.655556,36.083889,5.479248107,32.91282191
Tarifa,8,2018,-5.655556,36.083889,2.341330866,28.38091431
Tarifa,8,2019,-5.655556,36.083889,4.188169134,33.78366168
Tarifa,8,2020,-5.655556,36.083889,0.143933367,33.29241431
Tarifa,8,2021,-5.655556,36.083889,3.050247327,34.54430542
Tarifa,8,2022,-5.655556,36.083889,0.065820155,33.15273339
Tarifa,8,2023,-5.655556,36.083889,3.235040197,33.29899627
Tarifa,8,2024,-5.655556,36.083889,1.297361922,34.22175628
Tarifa,8,2025,-5.655556,36.083889,0.155066824,34.64162401
Tarifa,8,2026,-5.655556,36.083889,0.29888228,33.73250142
Tarifa,8,2027,-5.655556,36.083889,0.355396956,34.16851689
Tarifa,8,2028,-5.655556,36.083889,0.719611516,34.04135014
Tarifa,8,2029,-5.655556,36.083889,3.359225426,35.56483883
Tarifa,8,2030,-5.655556,36.083889,0.786594811,33.34141964
Tarifa,8,2031,-5.655556,36.083889,6.362042601,36.0819966
Tarifa,8,2032,-5.655556,36.083889,4.966518812,34.69112549
Tarifa,8,2033,-5.655556,36.083889,8.75394219521371e-05,35.15045245
Tarifa,8,2034,-5.655556,36.083889,0.77248632,35.16923356
Tarifa,8,2035,-5.655556,36.083889,2.656668573,33.83475302
Tarifa,8,2036,-5.655556,36.083889,0.000200825,33.72615179
Tarifa,8,2037,-5.655556,36.083889,2.430408255,35.36210367
Tarifa,8,2038,-5.655556,36.083889,5.7880241191278e-07,34.63381938
Tarifa,8,2039,-5.655556,36.083889,0.005243746,33.42732957
Tarifa,8,2040,-5.655556,36.083889,1.616749552,34.72909625
Tarifa,8,2041,-5.655556,36.083889,7.853370613,33.6143915
Tarifa,8,2042,-5.655556,36.083889,0.336482505,36.49224243
Tarifa,8,2043,-5.655556,36.083889,0.796275343,34.59725932
Tarifa,8,2044,-5.655556,36.083889,0.735153707,34.85718541
Tarifa,8,2045,-5.655556,36.083889,6.057568199,33.91633931
Tarifa,8,2046,-5.655556,36.083889,3.08244,35.09443793
Tarifa,8,2047,-5.655556,36.083889,3.661758672,34.7065979
Tarifa,8,2048,-5.655556,36.083889,0.53336823,35.15486076
Tarifa,8,2049,-5.655556,36.083889,11.56898796,31.41866455
Tarifa,8,2050,-5.655556,36.083889,0.120445045,33.89918351
Tarifa,8,2051,-5.655556,36.083889,2.085026505,32.1848054
Tarifa,8,2052,-5.655556,36.083889,0.44400246,35.06899906
Tarifa,8,2053,-5.655556,36.083889,0.038233,34.17724491
Tarifa,8,2054,-5.655556,36.083889,0.107312707,34.07328924
Tarifa,8,2055,-5.655556,36.083889,0.000224032,34.77614451
Tarifa,8,2056,-5.655556,36.083889,0.10698781,33.0923076
Tarifa,8,2057,-5.655556,36.083889,0.18721995,34.28188083
Tarifa,8,2058,-5.655556,36.083889,2.800293381,35.68282274
Tarifa,8,2059,-5.655556,36.083889,0.021406434,33.11261459
Tarifa,8,2060,-5.655556,36.083889,0.77092631,34.57999622
Tarifa,8,2061,-5.655556,36.083889,0.160041125,35.89577046
Tarifa,8,2062,-5.655556,36.083889,11.51595554,34.73864628
Tarifa,8,2063,-5.655556,36.083889,0.609522258,31.48903218
Tarifa,8,2064,-5.655556,36.083889,3.216742613,35.87345522
Tarifa,8,2065,-5.655556,36.083889,0.316506651,35.26040433
Tarifa,8,2066,-5.655556,36.083889,0.91396323,37.40763786
Tarifa,8,2067,-5.655556,36.083889,7.964400369,35.08279793
Tarifa,8,2068,-5.655556,36.083889,8.52647962,36.91404458
Tarifa,8,2069,-5.655556,36.083889,0.010618881,34.74232414
Tarifa,8,2070,-5.655556,36.083889,4.759722345,34.14140349
Tarifa,8,2071,-5.655556,36.083889,7.843124226,36.08481012
Tarifa,8,2072,-5.655556,36.083889,1.658885954,34.23678569
Tarifa,8,2073,-5.655556,36.083889,0.000273263,37.28966675
Tarifa,8,2074,-5.655556,36.083889,0.378888641,38.20734017
Tarifa,8,2075,-5.655556,36.083889,1.579699371,37.32466549
Tarifa,8,2076,-5.655556,36.083889,0.815372792,35.88284873
Tarifa,8,2077,-5.655556,36.083889,1.698270341,34.64200203
Tarifa,8,2078,-5.655556,36.083889,1.224415873,35.47622759
Tarifa,8,2079,-5.655556,36.083889,0.648364261,37.72300454
Tarifa,8,2080,-5.655556,36.083889,0.176779968,35.68188358
Tarifa,8,2081,-5.655556,36.083889,0.369621164,33.12177183
Tarifa,8,2082,-5.655556,36.083889,3.371062171,37.63489833
Tarifa,8,2083,-5.655556,36.083889,1.198548068,34.43329527
Tarifa,8,2084,-5.655556,36.083889,0.947891277,35.1089702
Tarifa,8,2085,-5.655556,36.083889,0.861207014,36.53933795
Tarifa,8,2086,-5.655556,36.083889,0.040452753,35.55720057
Tarifa,8,2087,-5.655556,36.083889,3.188592758,35.43356205
Tarifa,8,2088,-5.655556,36.083889,0.181904456,34.54935559
Tarifa,8,2089,-5.655556,36.083889,7.161648492,35.71623949
Tarifa,8,2090,-5.655556,36.083889,6.54885438911182e-05,36.46599141
Tarifa,8,2091,-5.655556,36.083889,2.041437856,38.92225677
Tarifa,8,2092,-5.655556,36.083889,0.488792204,38.5452495
Tarifa,8,2093,-5.655556,36.083889,0.008700224,37.31197707
Tarifa,8,2094,-5.655556,36.083889,1.405136205,39.74673048
Tarifa,8,2095,-5.655556,36.083889,1.479205664,37.63531967
Tarifa,8,2096,-5.655556,36.083889,0.477066654,35.38764392
Tarifa,8,2097,-5.655556,36.083889,0.862698086,37.66111686
Tarifa,8,2098,-5.655556,36.083889,0.013817874,35.33694734
Tarifa,8,2099,-5.655556,36.083889,0.397587269,39.86949876
Tarifa,8,2100,-5.655556,36.083889,0.274781534,35.53255812
Tarifa,9,2015,-5.655556,36.083889,10.0610345,28.55563151
Tarifa,9,2016,-5.655556,36.083889,1.583939006,29.69663493
Tarifa,9,2017,-5.655556,36.083889,1.12663935,30.25051982
Tarifa,9,2018,-5.655556,36.083889,46.99559689,28.17325745
Tarifa,9,2019,-5.655556,36.083889,15.44030709,27.7295695
Tarifa,9,2020,-5.655556,36.083889,5.176320712,28.06356913
Tarifa,9,2021,-5.655556,36.083889,0.028165093,31.59545186
Tarifa,9,2022,-5.655556,36.083889,8.103545075,29.03036804
Tarifa,9,2023,-5.655556,36.083889,3.254719785,27.63254598
Tarifa,9,2024,-5.655556,36.083889,20.43909524,27.86826274
Tarifa,9,2025,-5.655556,36.083889,7.904002296,30.82803955
Tarifa,9,2026,-5.655556,36.083889,14.91149868,29.65047201
Tarifa,9,2027,-5.655556,36.083889,3.835008886,30.30138753
Tarifa,9,2028,-5.655556,36.083889,29.38268704,29.77480062
Tarifa,9,2029,-5.655556,36.083889,2.584425842,29.83621826
Tarifa,9,2030,-5.655556,36.083889,40.33529921,28.53342489
Tarifa,9,2031,-5.655556,36.083889,45.8376753,29.82638957
Tarifa,9,2032,-5.655556,36.083889,20.97934256,30.6774353
Tarifa,9,2033,-5.655556,36.083889,5.054163104,29.64972432
Tarifa,9,2034,-5.655556,36.083889,54.42464509,28.62459005
Tarifa,9,2035,-5.655556,36.083889,9.339237791,31.25997111
Tarifa,9,2036,-5.655556,36.083889,1.659962922,31.64155884
Tarifa,9,2037,-5.655556,36.083889,5.312906016,31.54193726
Tarifa,9,2038,-5.655556,36.083889,1.416570025,31.2628774
Tarifa,9,2039,-5.655556,36.083889,1.771028164,31.66185811
Tarifa,9,2040,-5.655556,36.083889,2.130221392,30.45791016
Tarifa,9,2041,-5.655556,36.083889,23.51457822,28.53762614
Tarifa,9,2042,-5.655556,36.083889,7.043902661,29.7775706
Tarifa,9,2043,-5.655556,36.083889,8.677808271,29.48277995
Tarifa,9,2044,-5.655556,36.083889,57.45632612,28.86291606
Tarifa,9,2045,-5.655556,36.083889,0.899320643,31.65069275
Tarifa,9,2046,-5.655556,36.083889,40.04431477,28.21285197
Tarifa,9,2047,-5.655556,36.083889,1.278571734,30.91669413
Tarifa,9,2048,-5.655556,36.083889,5.041441114,30.92924601
Tarifa,9,2049,-5.655556,36.083889,32.74884853,28.32526347
Tarifa,9,2050,-5.655556,36.083889,4.43189689,33.87539978
Tarifa,9,2051,-5.655556,36.083889,3.040729938,30.2391215
Tarifa,9,2052,-5.655556,36.083889,10.44938009,31.08060201
Tarifa,9,2053,-5.655556,36.083889,0.91029843,32.19137065
Tarifa,9,2054,-5.655556,36.083889,24.03279632,28.76825765
Tarifa,9,2055,-5.655556,36.083889,4.599529882,31.9601827
Tarifa,9,2056,-5.655556,36.083889,6.37098657,31.77308044
Tarifa,9,2057,-5.655556,36.083889,4.709285911,30.57212016
Tarifa,9,2058,-5.655556,36.083889,15.05280191,31.40626119
Tarifa,9,2059,-5.655556,36.083889,2.213997984,29.19277344
Tarifa,9,2060,-5.655556,36.083889,0.000281201,29.71391907
Tarifa,9,2061,-5.655556,36.083889,16.71133126,32.2214386
Tarifa,9,2062,-5.655556,36.083889,7.259377297,31.51443583
Tarifa,9,2063,-5.655556,36.083889,2.356064337,30.97342224
Tarifa,9,2064,-5.655556,36.083889,22.796601,31.90858053
Tarifa,9,2065,-5.655556,36.083889,8.545749622,30.7799408
Tarifa,9,2066,-5.655556,36.083889,6.206967273,30.45432943
Tarifa,9,2067,-5.655556,36.083889,0.295801765,31.28473918
Tarifa,9,2068,-5.655556,36.083889,5.862376263,32.55746663
Tarifa,9,2069,-5.655556,36.083889,4.033959499,31.83783061
Tarifa,9,2070,-5.655556,36.083889,2.981367424,31.65957947
Tarifa,9,2071,-5.655556,36.083889,6.568766053,30.61669515
Tarifa,9,2072,-5.655556,36.083889,22.29211216,29.98851217
Tarifa,9,2073,-5.655556,36.083889,17.30209967,32.18113302
Tarifa,9,2074,-5.655556,36.083889,29.31142183,32.10409342
Tarifa,9,2075,-5.655556,36.083889,4.326945961,32.93305969
Tarifa,9,2076,-5.655556,36.083889,17.43430007,29.1223114
Tarifa,9,2077,-5.655556,36.083889,1.250018519,33.02405802
Tarifa,9,2078,-5.655556,36.083889,2.912348486,32.94689738
Tarifa,9,2079,-5.655556,36.083889,3.013435416,34.40709025
Tarifa,9,2080,-5.655556,36.083889,0.349422194,32.22659505
Tarifa,9,2081,-5.655556,36.083889,10.44266146,33.7454071
Tarifa,9,2082,-5.655556,36.083889,2.188149752,33.23472493
Tarifa,9,2083,-5.655556,36.083889,0.582367109,32.89139811
Tarifa,9,2084,-5.655556,36.083889,6.198372161,34.95570984
Tarifa,9,2085,-5.655556,36.083889,4.397201831,33.63905131
Tarifa,9,2086,-5.655556,36.083889,9.830974482,31.44564718
Tarifa,9,2087,-5.655556,36.083889,2.375005861,32.17148641
Tarifa,9,2088,-5.655556,36.083889,4.216863032,31.20906576
Tarifa,9,2089,-5.655556,36.083889,29.32064327,30.79909058
Tarifa,9,2090,-5.655556,36.083889,16.25387439,31.35024109
Tarifa,9,2091,-5.655556,36.083889,0.679011165,32.70965678
Tarifa,9,2092,-5.655556,36.083889,9.373098957,34.33897909
Tarifa,9,2093,-5.655556,36.083889,9.093137395,33.46183268
Tarifa,9,2094,-5.655556,36.083889,0.773676636,31.99041138
Tarifa,9,2095,-5.655556,36.083889,9.575280971,32.21494548
Tarifa,9,2096,-5.655556,36.083889,4.996537537,32.89479268
Tarifa,9,2097,-5.655556,36.083889,3.423957874,33.36339518
Tarifa,9,2098,-5.655556,36.083889,5.425318349,34.85333455
Tarifa,9,2099,-5.655556,36.083889,0.337147171,35.29749756
Tarifa,9,2100,-5.655556,36.083889,1.588211784,35.38831482
TarifaY2,1,2015,-5.656944,36.081111,148.6920956,15.35110552
TarifaY2,1,2016,-5.656944,36.081111,46.35068784,14.30779911
TarifaY2,1,2017,-5.656944,36.081111,4.635573072,16.80523564
TarifaY2,1,2018,-5.656944,36.081111,259.3754261,15.07201833
TarifaY2,1,2019,-5.656944,36.081111,41.57295115,16.34288645
TarifaY2,1,2020,-5.656944,36.081111,0.521467545,16.33766991
TarifaY2,1,2021,-5.656944,36.081111,11.13536214,16.33353035
TarifaY2,1,2022,-5.656944,36.081111,40.63426257,18.14332216
TarifaY2,1,2023,-5.656944,36.081111,267.1923557,15.21472148
TarifaY2,1,2024,-5.656944,36.081111,94.40513422,16.07122783
TarifaY2,1,2025,-5.656944,36.081111,1.328113762,16.26477031
TarifaY2,1,2026,-5.656944,36.081111,20.72990226,17.04964796
TarifaY2,1,2027,-5.656944,36.081111,9.472605261,17.49324164
TarifaY2,1,2028,-5.656944,36.081111,122.8114425,16.70897926
TarifaY2,1,2029,-5.656944,36.081111,10.60890634,15.8353742
TarifaY2,1,2030,-5.656944,36.081111,175.2361346,16.10477354
TarifaY2,1,2031,-5.656944,36.081111,57.93201377,15.70587335
TarifaY2,1,2032,-5.656944,36.081111,329.8304274,17.13123917
TarifaY2,1,2033,-5.656944,36.081111,25.75290802,17.01186031
TarifaY2,1,2034,-5.656944,36.081111,25.66329997,15.56049549
TarifaY2,1,2035,-5.656944,36.081111,30.58666854,17.23324762
TarifaY2,1,2036,-5.656944,36.081111,57.61092261,16.50154832
TarifaY2,1,2037,-5.656944,36.081111,12.84915344,17.69273997
TarifaY2,1,2038,-5.656944,36.081111,1.410465829,16.88306629
TarifaY2,1,2039,-5.656944,36.081111,9.159301129,16.04130879
TarifaY2,1,2040,-5.656944,36.081111,27.14518124,17.22523134
TarifaY2,1,2041,-5.656944,36.081111,84.97548874,17.53889003
TarifaY2,1,2042,-5.656944,36.081111,7.291126221,16.08390739
TarifaY2,1,2043,-5.656944,36.081111,98.21252904,16.18837595
TarifaY2,1,2044,-5.656944,36.081111,1.663969992,16.09407762
TarifaY2,1,2045,-5.656944,36.081111,168.1033491,17.90340872
TarifaY2,1,2046,-5.656944,36.081111,67.6809257,14.41448856
TarifaY2,1,2047,-5.656944,36.081111,124.784941,17.23768744
TarifaY2,1,2048,-5.656944,36.081111,47.83288685,15.70486726
TarifaY2,1,2049,-5.656944,36.081111,40.85926167,16.66633143
TarifaY2,1,2050,-5.656944,36.081111,55.46922596,17.40782786
TarifaY2,1,2051,-5.656944,36.081111,20.9551938,14.76134742
TarifaY2,1,2052,-5.656944,36.081111,91.5245869,18.60529923
TarifaY2,1,2053,-5.656944,36.081111,27.58451333,18.34124342
TarifaY2,1,2054,-5.656944,36.081111,86.17398614,17.86575199
TarifaY2,1,2055,-5.656944,36.081111,67.22753179,18.80501807
TarifaY2,1,2056,-5.656944,36.081111,33.15935757,13.41811031
TarifaY2,1,2057,-5.656944,36.081111,121.7669887,18.10323191
TarifaY2,1,2058,-5.656944,36.081111,0.633242751,16.18867916
TarifaY2,1,2059,-5.656944,36.081111,140.9900707,18.07274682
TarifaY2,1,2060,-5.656944,36.081111,30.22115126,16.76927116
TarifaY2,1,2061,-5.656944,36.081111,104.0235026,15.35499504
TarifaY2,1,2062,-5.656944,36.081111,49.29441073,19.59890137
TarifaY2,1,2063,-5.656944,36.081111,294.5822595,16.3036881
TarifaY2,1,2064,-5.656944,36.081111,110.5681697,15.91744975
TarifaY2,1,2065,-5.656944,36.081111,13.78000619,17.87626579
TarifaY2,1,2066,-5.656944,36.081111,61.51332993,15.95706551
TarifaY2,1,2067,-5.656944,36.081111,9.190037741,17.44954736
TarifaY2,1,2068,-5.656944,36.081111,2.544079353,15.84811775
TarifaY2,1,2069,-5.656944,36.081111,10.2366364,18.41761317
TarifaY2,1,2070,-5.656944,36.081111,128.7548412,16.64807011
TarifaY2,1,2071,-5.656944,36.081111,117.3572648,16.90834862
TarifaY2,1,2072,-5.656944,36.081111,51.39782376,15.2355453
TarifaY2,1,2073,-5.656944,36.081111,16.11960355,17.90604209
TarifaY2,1,2074,-5.656944,36.081111,43.31103925,17.15133844
TarifaY2,1,2075,-5.656944,36.081111,20.89457553,17.40495034
TarifaY2,1,2076,-5.656944,36.081111,82.88748657,18.63627654
TarifaY2,1,2077,-5.656944,36.081111,15.78860779,18.82005832
TarifaY2,1,2078,-5.656944,36.081111,18.72869833,18.59752315
TarifaY2,1,2079,-5.656944,36.081111,29.08862973,17.77907813
TarifaY2,1,2080,-5.656944,36.081111,23.16234207,17.5028911
TarifaY2,1,2081,-5.656944,36.081111,27.59438024,18.50962662
TarifaY2,1,2082,-5.656944,36.081111,57.75700629,18.21216687
TarifaY2,1,2083,-5.656944,36.081111,44.78704835,16.37860383
TarifaY2,1,2084,-5.656944,36.081111,19.91773834,17.53877682
TarifaY2,1,2085,-5.656944,36.081111,0.219080698,16.71201526
TarifaY2,1,2086,-5.656944,36.081111,18.18877802,16.56542457
TarifaY2,1,2087,-5.656944,36.081111,74.76658841,19.20253808
TarifaY2,1,2088,-5.656944,36.081111,88.88397458,18.33718557
TarifaY2,1,2089,-5.656944,36.081111,19.94255471,16.77405061
TarifaY2,1,2090,-5.656944,36.081111,57.88246178,19.2813768
TarifaY2,1,2091,-5.656944,36.081111,9.78425915,18.44550919
TarifaY2,1,2092,-5.656944,36.081111,47.49934657,17.31897051
TarifaY2,1,2093,-5.656944,36.081111,20.16758183,18.04836327
TarifaY2,1,2094,-5.656944,36.081111,34.73327399,17.49516326
TarifaY2,1,2095,-5.656944,36.081111,13.40702137,17.85021264
TarifaY2,1,2096,-5.656944,36.081111,104.3221986,18.47592242
TarifaY2,1,2097,-5.656944,36.081111,30.7161459,19.97951955
TarifaY2,1,2098,-5.656944,36.081111,5.67696254,17.89504395
TarifaY2,1,2099,-5.656944,36.081111,7.309907423,17.2147205
TarifaY2,1,2100,-5.656944,36.081111,19.65397732,19.69895571
TarifaY2,10,2015,-5.656944,36.081111,62.81849917,25.13567899
TarifaY2,10,2016,-5.656944,36.081111,5.366727252,25.54895197
TarifaY2,10,2017,-5.656944,36.081111,30.0193021,22.20487513
TarifaY2,10,2018,-5.656944,36.081111,10.50297127,24.19340249
TarifaY2,10,2019,-5.656944,36.081111,20.39333489,26.64771866
TarifaY2,10,2020,-5.656944,36.081111,2.640969864,24.79342632
TarifaY2,10,2021,-5.656944,36.081111,24.32511688,25.88998295
TarifaY2,10,2022,-5.656944,36.081111,107.6009261,22.92516775
TarifaY2,10,2023,-5.656944,36.081111,15.69681664,24.96220526
TarifaY2,10,2024,-5.656944,36.081111,96.174942,21.43722022
TarifaY2,10,2025,-5.656944,36.081111,240.649036,21.91511565
TarifaY2,10,2026,-5.656944,36.081111,116.6449478,22.73140475
TarifaY2,10,2027,-5.656944,36.081111,119.9440189,25.03666323
TarifaY2,10,2028,-5.656944,36.081111,143.7858584,23.45891625
TarifaY2,10,2029,-5.656944,36.081111,49.27624093,21.384982
TarifaY2,10,2030,-5.656944,36.081111,20.19383882,25.39440505
TarifaY2,10,2031,-5.656944,36.081111,32.04201373,21.74435996
TarifaY2,10,2032,-5.656944,36.081111,123.5700059,22.79759049
TarifaY2,10,2033,-5.656944,36.081111,141.0641702,21.80786212
TarifaY2,10,2034,-5.656944,36.081111,35.3516865,22.14236332
TarifaY2,10,2035,-5.656944,36.081111,13.8129661,24.94069529
TarifaY2,10,2036,-5.656944,36.081111,49.62257901,22.51346002
TarifaY2,10,2037,-5.656944,36.081111,44.45884031,25.07400198
TarifaY2,10,2038,-5.656944,36.081111,21.02281066,24.4148469
TarifaY2,10,2039,-5.656944,36.081111,27.63951837,24.64516011
TarifaY2,10,2040,-5.656944,36.081111,12.09404588,28.05222916
TarifaY2,10,2041,-5.656944,36.081111,88.52643639,22.75475169
TarifaY2,10,2042,-5.656944,36.081111,29.1832512,27.1873669
TarifaY2,10,2043,-5.656944,36.081111,27.30518301,22.67753827
TarifaY2,10,2044,-5.656944,36.081111,20.68516603,22.237146
TarifaY2,10,2045,-5.656944,36.081111,6.01563327,26.25663492
TarifaY2,10,2046,-5.656944,36.081111,8.892084864,27.21018027
TarifaY2,10,2047,-5.656944,36.081111,57.17205518,26.06877855
TarifaY2,10,2048,-5.656944,36.081111,24.94196827,23.8489624
TarifaY2,10,2049,-5.656944,36.081111,55.15596448,24.38970534
TarifaY2,10,2050,-5.656944,36.081111,7.379242215,26.90039929
TarifaY2,10,2051,-5.656944,36.081111,98.57328189,21.78054002
TarifaY2,10,2052,-5.656944,36.081111,49.56177017,24.32772414
TarifaY2,10,2053,-5.656944,36.081111,68.66420039,24.33937398
TarifaY2,10,2054,-5.656944,36.081111,18.9775096,24.79487836
TarifaY2,10,2055,-5.656944,36.081111,4.386610668,26.29111584
TarifaY2,10,2056,-5.656944,36.081111,12.83510605,27.86428616
TarifaY2,10,2057,-5.656944,36.081111,27.48427667,24.28940784
TarifaY2,10,2058,-5.656944,36.081111,9.466243396,24.67183247
TarifaY2,10,2059,-5.656944,36.081111,63.44961495,22.22946836
TarifaY2,10,2060,-5.656944,36.081111,85.66599258,24.37036802
TarifaY2,10,2061,-5.656944,36.081111,5.819963112,27.91426313
TarifaY2,10,2062,-5.656944,36.081111,47.20287559,24.21081622
TarifaY2,10,2063,-5.656944,36.081111,8.659707146,28.91320486
TarifaY2,10,2064,-5.656944,36.081111,10.4551753,25.19872437
TarifaY2,10,2065,-5.656944,36.081111,58.20561478,22.70924407
TarifaY2,10,2066,-5.656944,36.081111,94.77734998,26.11436098
TarifaY2,10,2067,-5.656944,36.081111,34.0211491,23.35587611
TarifaY2,10,2068,-5.656944,36.081111,27.42240381,24.90970124
TarifaY2,10,2069,-5.656944,36.081111,37.69709114,25.77344813
TarifaY2,10,2070,-5.656944,36.081111,16.26693024,25.99570765
TarifaY2,10,2071,-5.656944,36.081111,14.95568918,26.19263857
TarifaY2,10,2072,-5.656944,36.081111,52.00021265,23.60688122
TarifaY2,10,2073,-5.656944,36.081111,161.7425263,23.19736781
TarifaY2,10,2074,-5.656944,36.081111,12.45655666,27.07888479
TarifaY2,10,2075,-5.656944,36.081111,0.079060049,29.65765066
TarifaY2,10,2076,-5.656944,36.081111,61.81619911,22.95262077
TarifaY2,10,2077,-5.656944,36.081111,43.18641731,26.40574971
TarifaY2,10,2078,-5.656944,36.081111,49.33416872,27.63124114
TarifaY2,10,2079,-5.656944,36.081111,85.4903764,23.69878343
TarifaY2,10,2080,-5.656944,36.081111,4.359302146,28.73612513
TarifaY2,10,2081,-5.656944,36.081111,23.17477209,26.56140412
TarifaY2,10,2082,-5.656944,36.081111,30.33417116,24.5693003
TarifaY2,10,2083,-5.656944,36.081111,47.12023763,25.7938132
TarifaY2,10,2084,-5.656944,36.081111,45.5978301,24.88079125
TarifaY2,10,2085,-5.656944,36.081111,13.96928196,29.10660066
TarifaY2,10,2086,-5.656944,36.081111,56.38595953,27.8345522
TarifaY2,10,2087,-5.656944,36.081111,1.217656393,26.20896843
TarifaY2,10,2088,-5.656944,36.081111,69.27627162,26.05982804
TarifaY2,10,2089,-5.656944,36.081111,3.288446601,25.29016192
TarifaY2,10,2090,-5.656944,36.081111,43.99632869,25.55700172
TarifaY2,10,2091,-5.656944,36.081111,13.00786926,27.259223
TarifaY2,10,2092,-5.656944,36.081111,31.246613,26.30750083
TarifaY2,10,2093,-5.656944,36.081111,58.5306466,23.80185015
TarifaY2,10,2094,-5.656944,36.081111,83.81432322,24.86973503
TarifaY2,10,2095,-5.656944,36.081111,12.86651906,27.59455803
TarifaY2,10,2096,-5.656944,36.081111,45.09770136,26.28295977
TarifaY2,10,2097,-5.656944,36.081111,16.5091543,27.87313331
TarifaY2,10,2098,-5.656944,36.081111,75.07332367,27.52017586
TarifaY2,10,2099,-5.656944,36.081111,19.29713395,26.36535231
TarifaY2,10,2100,-5.656944,36.081111,4.337991358,29.63563173
TarifaY2,11,2015,-5.656944,36.081111,121.8649943,18.04260661
TarifaY2,11,2016,-5.656944,36.081111,48.64235381,18.21017558
TarifaY2,11,2017,-5.656944,36.081111,159.1092634,18.3072408
TarifaY2,11,2018,-5.656944,36.081111,45.72648051,19.90654704
TarifaY2,11,2019,-5.656944,36.081111,75.38644193,20.12059631
TarifaY2,11,2020,-5.656944,36.081111,10.19599529,20.35411072
TarifaY2,11,2021,-5.656944,36.081111,28.08911467,21.673703
TarifaY2,11,2022,-5.656944,36.081111,88.28161511,19.84893087
TarifaY2,11,2023,-5.656944,36.081111,22.37130222,19.38220723
TarifaY2,11,2024,-5.656944,36.081111,22.16436651,18.30198873
TarifaY2,11,2025,-5.656944,36.081111,116.4788581,19.93458659
TarifaY2,11,2026,-5.656944,36.081111,9.756435494,20.20195516
TarifaY2,11,2027,-5.656944,36.081111,53.04760592,19.83458761
TarifaY2,11,2028,-5.656944,36.081111,25.2128433,19.46764119
TarifaY2,11,2029,-5.656944,36.081111,28.43673751,18.68726603
TarifaY2,11,2030,-5.656944,36.081111,88.58320916,21.05282288
TarifaY2,11,2031,-5.656944,36.081111,154.1752749,17.23536377
TarifaY2,11,2032,-5.656944,36.081111,154.0193634,19.87963765
TarifaY2,11,2033,-5.656944,36.081111,19.60797088,17.41513774
TarifaY2,11,2034,-5.656944,36.081111,125.5778049,19.31026306
TarifaY2,11,2035,-5.656944,36.081111,54.61446073,19.34193319
TarifaY2,11,2036,-5.656944,36.081111,10.34260287,19.5673818
TarifaY2,11,2037,-5.656944,36.081111,65.06525634,17.88632406
TarifaY2,11,2038,-5.656944,36.081111,45.38912106,19.86231791
TarifaY2,11,2039,-5.656944,36.081111,25.34326297,20.86078695
TarifaY2,11,2040,-5.656944,36.081111,86.57729233,21.67728984
TarifaY2,11,2041,-5.656944,36.081111,90.9402597,19.5747345
TarifaY2,11,2042,-5.656944,36.081111,7.369158702,22.94265849
TarifaY2,11,2043,-5.656944,36.081111,173.778217,19.024705
TarifaY2,11,2044,-5.656944,36.081111,79.63074058,19.42953593
TarifaY2,11,2045,-5.656944,36.081111,110.6585184,19.56772868
TarifaY2,11,2046,-5.656944,36.081111,97.17288243,20.1602946
TarifaY2,11,2047,-5.656944,36.081111,45.36349105,19.22687581
TarifaY2,11,2048,-5.656944,36.081111,17.59171627,18.87392273
TarifaY2,11,2049,-5.656944,36.081111,83.77016623,19.82230123
TarifaY2,11,2050,-5.656944,36.081111,47.72211554,17.84975281
TarifaY2,11,2051,-5.656944,36.081111,25.5615151,18.56404114
TarifaY2,11,2052,-5.656944,36.081111,166.392045,18.46702779
TarifaY2,11,2053,-5.656944,36.081111,4.420351525,19.19952291
TarifaY2,11,2054,-5.656944,36.081111,161.3545131,20.18162435
TarifaY2,11,2055,-5.656944,36.081111,65.53007496,20.08328247
TarifaY2,11,2056,-5.656944,36.081111,106.2116127,18.85659485
TarifaY2,11,2057,-5.656944,36.081111,20.49636533,21.41650696
TarifaY2,11,2058,-5.656944,36.081111,36.30863987,20.71772766
TarifaY2,11,2059,-5.656944,36.081111,4.709481757,19.89588521
TarifaY2,11,2060,-5.656944,36.081111,271.1246445,18.8015391
TarifaY2,11,2061,-5.656944,36.081111,29.16412374,22.32477214
TarifaY2,11,2062,-5.656944,36.081111,5.587167051,20.57368368
TarifaY2,11,2063,-5.656944,36.081111,99.15006518,22.43358053
TarifaY2,11,2064,-5.656944,36.081111,51.61281946,20.72673543
TarifaY2,11,2065,-5.656944,36.081111,61.03914726,20.86621602
TarifaY2,11,2066,-5.656944,36.081111,68.86484452,20.56021423
TarifaY2,11,2067,-5.656944,36.081111,30.64212548,18.22213847
TarifaY2,11,2068,-5.656944,36.081111,111.5322308,19.35250549
TarifaY2,11,2069,-5.656944,36.081111,4.549043583,21.59069316
TarifaY2,11,2070,-5.656944,36.081111,31.27107211,20.03009949
TarifaY2,11,2071,-5.656944,36.081111,16.22813694,20.44301249
TarifaY2,11,2072,-5.656944,36.081111,34.07973302,20.44797262
TarifaY2,11,2073,-5.656944,36.081111,55.67687935,20.93077799
TarifaY2,11,2074,-5.656944,36.081111,121.706946,19.1827474
TarifaY2,11,2075,-5.656944,36.081111,73.01094642,22.99829305
TarifaY2,11,2076,-5.656944,36.081111,61.86704567,19.27763875
TarifaY2,11,2077,-5.656944,36.081111,19.70827064,23.44462789
TarifaY2,11,2078,-5.656944,36.081111,27.24963575,21.3751709
TarifaY2,11,2079,-5.656944,36.081111,19.7449981,20.43811849
TarifaY2,11,2080,-5.656944,36.081111,13.12755143,22.08919373
TarifaY2,11,2081,-5.656944,36.081111,43.94333635,21.72874756
TarifaY2,11,2082,-5.656944,36.081111,45.02306268,20.48600362
TarifaY2,11,2083,-5.656944,36.081111,23.60075289,19.95732829
TarifaY2,11,2084,-5.656944,36.081111,41.93826396,22.77033488
TarifaY2,11,2085,-5.656944,36.081111,31.2856306,22.48225708
TarifaY2,11,2086,-5.656944,36.081111,22.96096992,21.90051371
TarifaY2,11,2087,-5.656944,36.081111,22.25604729,23.097229
TarifaY2,11,2088,-5.656944,36.081111,158.5522866,20.49922485
TarifaY2,11,2089,-5.656944,36.081111,5.421882684,20.32904765
TarifaY2,11,2090,-5.656944,36.081111,33.02588174,21.33061625
TarifaY2,11,2091,-5.656944,36.081111,55.54532793,20.5428833
TarifaY2,11,2092,-5.656944,36.081111,0.069473189,25.22731832
TarifaY2,11,2093,-5.656944,36.081111,5.729153971,23.76018473
TarifaY2,11,2094,-5.656944,36.081111,55.61863045,19.73223572
TarifaY2,11,2095,-5.656944,36.081111,18.79731306,23.24938456
TarifaY2,11,2096,-5.656944,36.081111,55.3729471,21.79796651
TarifaY2,11,2097,-5.656944,36.081111,180.3133484,20.70837097
TarifaY2,11,2098,-5.656944,36.081111,18.81977333,21.36025899
TarifaY2,11,2099,-5.656944,36.081111,15.45501495,23.4899058
TarifaY2,11,2100,-5.656944,36.081111,86.4473821,23.43894958
TarifaY2,12,2015,-5.656944,36.081111,87.79503748,14.8463182
TarifaY2,12,2016,-5.656944,36.081111,53.31561477,14.7371834
TarifaY2,12,2017,-5.656944,36.081111,213.4336357,14.78866557
TarifaY2,12,2018,-5.656944,36.081111,1.674760231,18.00818344
TarifaY2,12,2019,-5.656944,36.081111,1.485700107,17.76118105
TarifaY2,12,2020,-5.656944,36.081111,69.51870682,18.09052577
TarifaY2,12,2021,-5.656944,36.081111,23.34802387,18.09259604
TarifaY2,12,2022,-5.656944,36.081111,97.47625641,17.3836225
TarifaY2,12,2023,-5.656944,36.081111,196.6582814,17.48813831
TarifaY2,12,2024,-5.656944,36.081111,50.8189566,15.8422131
TarifaY2,12,2025,-5.656944,36.081111,116.2520458,16.99412566
TarifaY2,12,2026,-5.656944,36.081111,2.145576424,18.33824187
TarifaY2,12,2027,-5.656944,36.081111,3.784235437,19.36106705
TarifaY2,12,2028,-5.656944,36.081111,121.3889961,17.54382009
TarifaY2,12,2029,-5.656944,36.081111,300.79932,16.6101151
TarifaY2,12,2030,-5.656944,36.081111,13.88452945,18.31122397
TarifaY2,12,2031,-5.656944,36.081111,45.37688654,15.85544394
TarifaY2,12,2032,-5.656944,36.081111,106.0952482,15.87384407
TarifaY2,12,2033,-5.656944,36.081111,118.4017106,16.22631619
TarifaY2,12,2034,-5.656944,36.081111,13.37294382,19.5767525
TarifaY2,12,2035,-5.656944,36.081111,18.45920063,14.88677073
TarifaY2,12,2036,-5.656944,36.081111,0.626621712,18.963044
TarifaY2,12,2037,-5.656944,36.081111,15.32494614,18.82535656
TarifaY2,12,2038,-5.656944,36.081111,46.09870098,17.24638692
TarifaY2,12,2039,-5.656944,36.081111,0.978855207,18.33240022
TarifaY2,12,2040,-5.656944,36.081111,45.71536941,17.94653694
TarifaY2,12,2041,-5.656944,36.081111,92.24081063,17.3425547
TarifaY2,12,2042,-5.656944,36.081111,71.66379545,16.02464226
TarifaY2,12,2043,-5.656944,36.081111,89.0049992,18.70435634
TarifaY2,12,2044,-5.656944,36.081111,16.92019723,19.00543587
TarifaY2,12,2045,-5.656944,36.081111,108.2021511,16.73363057
TarifaY2,12,2046,-5.656944,36.081111,62.74812323,18.62602854
TarifaY2,12,2047,-5.656944,36.081111,295.8874484,17.81688055
TarifaY2,12,2048,-5.656944,36.081111,276.6859576,16.73200231
TarifaY2,12,2049,-5.656944,36.081111,212.3530661,17.37461784
TarifaY2,12,2050,-5.656944,36.081111,104.1819411,15.40267432
TarifaY2,12,2051,-5.656944,36.081111,174.2076106,16.58398319
TarifaY2,12,2052,-5.656944,36.081111,94.39160378,17.5280996
TarifaY2,12,2053,-5.656944,36.081111,201.0329954,17.32123374
TarifaY2,12,2054,-5.656944,36.081111,65.63030881,19.54682558
TarifaY2,12,2055,-5.656944,36.081111,21.60271629,17.13462859
TarifaY2,12,2056,-5.656944,36.081111,16.59600031,16.71289535
TarifaY2,12,2057,-5.656944,36.081111,138.2618547,18.76368841
TarifaY2,12,2058,-5.656944,36.081111,47.96716672,18.03197632
TarifaY2,12,2059,-5.656944,36.081111,34.1459277,17.35900859
TarifaY2,12,2060,-5.656944,36.081111,174.9894663,16.9885882
TarifaY2,12,2061,-5.656944,36.081111,0.431821507,17.92227153
TarifaY2,12,2062,-5.656944,36.081111,281.3739969,19.00377119
TarifaY2,12,2063,-5.656944,36.081111,8.443142089,17.176354
TarifaY2,12,2064,-5.656944,36.081111,83.22434628,18.33859151
TarifaY2,12,2065,-5.656944,36.081111,131.1958432,17.74337552
TarifaY2,12,2066,-5.656944,36.081111,8.665701928,17.51703058
TarifaY2,12,2067,-5.656944,36.081111,18.19412498,17.2735259
TarifaY2,12,2068,-5.656944,36.081111,34.5705639,16.80059401
TarifaY2,12,2069,-5.656944,36.081111,66.47515836,17.41721644
TarifaY2,12,2070,-5.656944,36.081111,65.86712862,17.26201585
TarifaY2,12,2071,-5.656944,36.081111,36.07114822,16.266814
TarifaY2,12,2072,-5.656944,36.081111,10.97055233,18.66382505
TarifaY2,12,2073,-5.656944,36.081111,41.36743843,19.66622511
TarifaY2,12,2074,-5.656944,36.081111,40.26160672,17.37448396
TarifaY2,12,2075,-5.656944,36.081111,25.77371562,19.01866967
TarifaY2,12,2076,-5.656944,36.081111,26.44754438,18.41556456
TarifaY2,12,2077,-5.656944,36.081111,70.32362895,18.23418481
TarifaY2,12,2078,-5.656944,36.081111,21.2199103,17.34876059
TarifaY2,12,2079,-5.656944,36.081111,65.43492415,20.69765527
TarifaY2,12,2080,-5.656944,36.081111,23.71560946,18.43281585
TarifaY2,12,2081,-5.656944,36.081111,45.68881097,17.81208929
TarifaY2,12,2082,-5.656944,36.081111,25.47362919,19.68504855
TarifaY2,12,2083,-5.656944,36.081111,28.34214539,18.08569808
TarifaY2,12,2084,-5.656944,36.081111,102.6295698,18.08976086
TarifaY2,12,2085,-5.656944,36.081111,53.83057722,17.68639723
TarifaY2,12,2086,-5.656944,36.081111,189.6363664,19.3106973
TarifaY2,12,2087,-5.656944,36.081111,8.75618553,21.0262459
TarifaY2,12,2088,-5.656944,36.081111,37.96795729,17.24076184
TarifaY2,12,2089,-5.656944,36.081111,61.66451974,20.09216387
TarifaY2,12,2090,-5.656944,36.081111,2.115739483,19.50362844
TarifaY2,12,2091,-5.656944,36.081111,155.7207107,20.3458752
TarifaY2,12,2092,-5.656944,36.081111,7.1726501,21.03832004
TarifaY2,12,2093,-5.656944,36.081111,96.50461035,18.18267507
TarifaY2,12,2094,-5.656944,36.081111,14.08137956,19.72058381
TarifaY2,12,2095,-5.656944,36.081111,48.38216859,19.07060173
TarifaY2,12,2096,-5.656944,36.081111,39.50686959,20.09999902
TarifaY2,12,2097,-5.656944,36.081111,101.1556446,17.65616317
TarifaY2,12,2098,-5.656944,36.081111,12.42078532,19.52741837
TarifaY2,12,2099,-5.656944,36.081111,22.10178469,19.76347085
TarifaY2,12,2100,-5.656944,36.081111,0.318390627,17.7026062
TarifaY2,2,2015,-5.656944,36.081111,42.87027098,16.32749329
TarifaY2,2,2016,-5.656944,36.081111,4.725808252,17.98604105
TarifaY2,2,2017,-5.656944,36.081111,24.94353225,17.19982191
TarifaY2,2,2018,-5.656944,36.081111,40.95482529,18.4074537
TarifaY2,2,2019,-5.656944,36.081111,0.073163958,18.18176858
TarifaY2,2,2020,-5.656944,36.081111,60.97491768,17.15796656
TarifaY2,2,2021,-5.656944,36.081111,37.06655459,13.98706752
TarifaY2,2,2022,-5.656944,36.081111,24.93701326,18.34817113
TarifaY2,2,2023,-5.656944,36.081111,40.96312964,16.57061702
TarifaY2,2,2024,-5.656944,36.081111,88.27439907,17.1465793
TarifaY2,2,2025,-5.656944,36.081111,27.61902859,15.88736223
TarifaY2,2,2026,-5.656944,36.081111,52.50833024,15.36147352
TarifaY2,2,2027,-5.656944,36.081111,27.28164158,17.04681876
TarifaY2,2,2028,-5.656944,36.081111,264.0193175,16.52886142
TarifaY2,2,2029,-5.656944,36.081111,90.48287882,16.23114057
TarifaY2,2,2030,-5.656944,36.081111,24.86790942,16.91787763
TarifaY2,2,2031,-5.656944,36.081111,46.81999313,15.94248788
TarifaY2,2,2032,-5.656944,36.081111,156.4663762,19.71821773
TarifaY2,2,2033,-5.656944,36.081111,83.27419839,16.25510559
TarifaY2,2,2034,-5.656944,36.081111,2.515205261,18.04709124
TarifaY2,2,2035,-5.656944,36.081111,37.87921673,15.79722421
TarifaY2,2,2036,-5.656944,36.081111,15.67397332,17.66837832
TarifaY2,2,2037,-5.656944,36.081111,179.084035,16.68140019
TarifaY2,2,2038,-5.656944,36.081111,0.59316319,20.19216527
TarifaY2,2,2039,-5.656944,36.081111,13.52434984,19.27609297
TarifaY2,2,2040,-5.656944,36.081111,56.22668645,18.48591056
TarifaY2,2,2041,-5.656944,36.081111,49.04596884,16.9575385
TarifaY2,2,2042,-5.656944,36.081111,10.57861413,17.3046923
TarifaY2,2,2043,-5.656944,36.081111,7.272709435,16.96467743
TarifaY2,2,2044,-5.656944,36.081111,56.12857133,16.0719554
TarifaY2,2,2045,-5.656944,36.081111,0.199379454,17.52630114
TarifaY2,2,2046,-5.656944,36.081111,39.41483167,18.93705902
TarifaY2,2,2047,-5.656944,36.081111,98.36188134,18.71438424
TarifaY2,2,2048,-5.656944,36.081111,34.79930873,16.16847618
TarifaY2,2,2049,-5.656944,36.081111,6.654261276,18.6117678
TarifaY2,2,2050,-5.656944,36.081111,52.9768733,19.80603289
TarifaY2,2,2051,-5.656944,36.081111,37.06225271,15.94048135
TarifaY2,2,2052,-5.656944,36.081111,50.62299081,19.51571992
TarifaY2,2,2053,-5.656944,36.081111,33.33280958,18.97352644
TarifaY2,2,2054,-5.656944,36.081111,22.41842351,18.00753937
TarifaY2,2,2055,-5.656944,36.081111,173.6229102,16.02065212
TarifaY2,2,2056,-5.656944,36.081111,41.84685954,18.13659899
TarifaY2,2,2057,-5.656944,36.081111,258.8497147,17.62719879
TarifaY2,2,2058,-5.656944,36.081111,7.024919633,19.4596889
TarifaY2,2,2059,-5.656944,36.081111,41.06380115,19.58617009
TarifaY2,2,2060,-5.656944,36.081111,29.15400096,19.49183202
TarifaY2,2,2061,-5.656944,36.081111,28.55458893,18.86664734
TarifaY2,2,2062,-5.656944,36.081111,8.180491743,20.85216348
TarifaY2,2,2063,-5.656944,36.081111,34.41153823,17.83122406
TarifaY2,2,2064,-5.656944,36.081111,78.83844689,18.76286811
TarifaY2,2,2065,-5.656944,36.081111,0.44062052,20.76121129
TarifaY2,2,2066,-5.656944,36.081111,43.20273663,16.59253191
TarifaY2,2,2067,-5.656944,36.081111,1.076668563,18.76984558
TarifaY2,2,2068,-5.656944,36.081111,60.0480689,21.45482893
TarifaY2,2,2069,-5.656944,36.081111,27.44775059,17.11824733
TarifaY2,2,2070,-5.656944,36.081111,1.743949405,17.27575836
TarifaY2,2,2071,-5.656944,36.081111,37.90593117,17.98743373
TarifaY2,2,2072,-5.656944,36.081111,19.07279179,15.17323903
TarifaY2,2,2073,-5.656944,36.081111,24.59636525,17.89089464
TarifaY2,2,2074,-5.656944,36.081111,98.07290292,17.16537628
TarifaY2,2,2075,-5.656944,36.081111,79.98366411,17.45073308
TarifaY2,2,2076,-5.656944,36.081111,69.91104786,19.06215715
TarifaY2,2,2077,-5.656944,36.081111,1.606999697,20.26520255
TarifaY2,2,2078,-5.656944,36.081111,1.226761825,21.06067483
TarifaY2,2,2079,-5.656944,36.081111,29.57545529,16.79200788
TarifaY2,2,2080,-5.656944,36.081111,56.10985248,19.03727901
TarifaY2,2,2081,-5.656944,36.081111,8.254038043,24.49400591
TarifaY2,2,2082,-5.656944,36.081111,66.13259432,18.51585323
TarifaY2,2,2083,-5.656944,36.081111,26.70068719,18.52299543
TarifaY2,2,2084,-5.656944,36.081111,229.2113601,16.92083235
TarifaY2,2,2085,-5.656944,36.081111,21.65452842,19.24328112
TarifaY2,2,2086,-5.656944,36.081111,10.41850988,20.51861071
TarifaY2,2,2087,-5.656944,36.081111,14.37429016,21.18221327
TarifaY2,2,2088,-5.656944,36.081111,105.1481024,18.27816267
TarifaY2,2,2089,-5.656944,36.081111,4.82569113,20.17535117
TarifaY2,2,2090,-5.656944,36.081111,117.3776798,19.24999717
TarifaY2,2,2091,-5.656944,36.081111,0.379549717,22.39638672
TarifaY2,2,2092,-5.656944,36.081111,13.11827882,20.01249663
TarifaY2,2,2093,-5.656944,36.081111,1.893103939,21.19300123
TarifaY2,2,2094,-5.656944,36.081111,38.98222,20.85603921
TarifaY2,2,2095,-5.656944,36.081111,1.019486352,17.5369921
TarifaY2,2,2096,-5.656944,36.081111,44.05153086,18.97006036
TarifaY2,2,2097,-5.656944,36.081111,48.37487391,20.27936489
TarifaY2,2,2098,-5.656944,36.081111,2.100761146,20.43027104
TarifaY2,2,2099,-5.656944,36.081111,1.169972139,20.16540244
TarifaY2,2,2100,-5.656944,36.081111,3.391859402,21.54888851
TarifaY2,3,2015,-5.656944,36.081111,21.14156406,18.4695915
TarifaY2,3,2016,-5.656944,36.081111,6.316447055,19.1108426
TarifaY2,3,2017,-5.656944,36.081111,38.22051648,20.66394417
TarifaY2,3,2018,-5.656944,36.081111,79.88747305,17.04410361
TarifaY2,3,2019,-5.656944,36.081111,27.49455574,21.51274237
TarifaY2,3,2020,-5.656944,36.081111,31.91408679,21.2202432
TarifaY2,3,2021,-5.656944,36.081111,47.61683611,17.77329358
TarifaY2,3,2022,-5.656944,36.081111,39.4521669,17.32090789
TarifaY2,3,2023,-5.656944,36.081111,6.938832623,19.29431133
TarifaY2,3,2024,-5.656944,36.081111,397.2399699,16.73676797
TarifaY2,3,2025,-5.656944,36.081111,21.33214378,19.75884006
TarifaY2,3,2026,-5.656944,36.081111,38.9123286,17.01446514
TarifaY2,3,2027,-5.656944,36.081111,41.31858824,19.63180621
TarifaY2,3,2028,-5.656944,36.081111,79.81858299,19.15317245
TarifaY2,3,2029,-5.656944,36.081111,32.69355654,19.93169457
TarifaY2,3,2030,-5.656944,36.081111,83.47139983,19.5840206
TarifaY2,3,2031,-5.656944,36.081111,37.03045956,19.32376473
TarifaY2,3,2032,-5.656944,36.081111,111.0054285,19.30745456
TarifaY2,3,2033,-5.656944,36.081111,61.69752233,16.45231166
TarifaY2,3,2034,-5.656944,36.081111,25.01066731,17.70738151
TarifaY2,3,2035,-5.656944,36.081111,37.84430874,19.51874842
TarifaY2,3,2036,-5.656944,36.081111,7.81198495,19.32394389
TarifaY2,3,2037,-5.656944,36.081111,41.77816939,22.22809704
TarifaY2,3,2038,-5.656944,36.081111,22.74640047,23.72601889
TarifaY2,3,2039,-5.656944,36.081111,0.634028501,19.52586493
TarifaY2,3,2040,-5.656944,36.081111,1.226568429,20.0534095
TarifaY2,3,2041,-5.656944,36.081111,31.69275376,21.1024611
TarifaY2,3,2042,-5.656944,36.081111,5.597428596,22.62928605
TarifaY2,3,2043,-5.656944,36.081111,34.58681125,21.02264385
TarifaY2,3,2044,-5.656944,36.081111,32.23056259,18.61612116
TarifaY2,3,2045,-5.656944,36.081111,6.044606217,22.08765023
TarifaY2,3,2046,-5.656944,36.081111,11.78413434,20.1935098
TarifaY2,3,2047,-5.656944,36.081111,121.659166,17.49314615
TarifaY2,3,2048,-5.656944,36.081111,16.46908392,19.92403761
TarifaY2,3,2049,-5.656944,36.081111,1.888850561,20.31097392
TarifaY2,3,2050,-5.656944,36.081111,59.0913131,20.59436311
TarifaY2,3,2051,-5.656944,36.081111,45.87254381,16.81954838
TarifaY2,3,2052,-5.656944,36.081111,118.8354185,18.38307023
TarifaY2,3,2053,-5.656944,36.081111,64.03316487,19.53878075
TarifaY2,3,2054,-5.656944,36.081111,1.771527964,20.46428735
TarifaY2,3,2055,-5.656944,36.081111,14.2507456,20.20053278
TarifaY2,3,2056,-5.656944,36.081111,84.83072457,17.72991136
TarifaY2,3,2057,-5.656944,36.081111,105.9971419,16.84741388
TarifaY2,3,2058,-5.656944,36.081111,0.012416425,22.65127642
TarifaY2,3,2059,-5.656944,36.081111,0.102285863,23.1678514
TarifaY2,3,2060,-5.656944,36.081111,30.67990964,19.93002004
TarifaY2,3,2061,-5.656944,36.081111,2.060031623,20.05822636
TarifaY2,3,2062,-5.656944,36.081111,29.98257437,20.69498252
TarifaY2,3,2063,-5.656944,36.081111,124.1590848,19.12562197
TarifaY2,3,2064,-5.656944,36.081111,55.44269643,19.18131359
TarifaY2,3,2065,-5.656944,36.081111,24.35506056,22.07108016
TarifaY2,3,2066,-5.656944,36.081111,77.05354458,18.22588895
TarifaY2,3,2067,-5.656944,36.081111,5.57418784,22.84744046
TarifaY2,3,2068,-5.656944,36.081111,228.1488131,19.51824931
TarifaY2,3,2069,-5.656944,36.081111,1.452203,21.55070328
TarifaY2,3,2070,-5.656944,36.081111,45.95419023,17.48702688
TarifaY2,3,2071,-5.656944,36.081111,59.32417659,16.85957661
TarifaY2,3,2072,-5.656944,36.081111,19.2333948,18.53300112
TarifaY2,3,2073,-5.656944,36.081111,11.6624118,19.95585957
TarifaY2,3,2074,-5.656944,36.081111,61.89894344,19.8588629
TarifaY2,3,2075,-5.656944,36.081111,39.40622692,20.18953464
TarifaY2,3,2076,-5.656944,36.081111,38.29311874,20.75233784
TarifaY2,3,2077,-5.656944,36.081111,0.316146409,23.41035491
TarifaY2,3,2078,-5.656944,36.081111,6.072953016,25.52236131
TarifaY2,3,2079,-5.656944,36.081111,37.93163005,19.88126772
TarifaY2,3,2080,-5.656944,36.081111,13.89520033,20.52267338
TarifaY2,3,2081,-5.656944,36.081111,16.50306793,26.08544804
TarifaY2,3,2082,-5.656944,36.081111,68.3956121,19.59766098
TarifaY2,3,2083,-5.656944,36.081111,13.51850047,22.30000138
TarifaY2,3,2084,-5.656944,36.081111,11.71799461,20.54134521
TarifaY2,3,2085,-5.656944,36.081111,32.29064703,22.28022697
TarifaY2,3,2086,-5.656944,36.081111,4.171841098,20.73580618
TarifaY2,3,2087,-5.656944,36.081111,0.03354871,21.97339143
TarifaY2,3,2088,-5.656944,36.081111,125.5074471,20.35104449
TarifaY2,3,2089,-5.656944,36.081111,5.042494271,23.24948986
TarifaY2,3,2090,-5.656944,36.081111,191.5631373,19.33476681
TarifaY2,3,2091,-5.656944,36.081111,14.51396789,24.50019768
TarifaY2,3,2092,-5.656944,36.081111,82.78782396,19.99953909
TarifaY2,3,2093,-5.656944,36.081111,2.025055079,22.31628792
TarifaY2,3,2094,-5.656944,36.081111,0.87313252,23.83445671
TarifaY2,3,2095,-5.656944,36.081111,17.67996637,24.05859651
TarifaY2,3,2096,-5.656944,36.081111,27.95828157,19.94254505
TarifaY2,3,2097,-5.656944,36.081111,14.788643,22.5125632
TarifaY2,3,2098,-5.656944,36.081111,18.45211684,21.6356337
TarifaY2,3,2099,-5.656944,36.081111,123.8643014,19.65403876
TarifaY2,3,2100,-5.656944,36.081111,50.69616213,23.12559342
TarifaY2,4,2015,-5.656944,36.081111,3.980655713,23.404953
TarifaY2,4,2016,-5.656944,36.081111,13.36775209,23.06498006
TarifaY2,4,2017,-5.656944,36.081111,14.83714044,22.49856466
TarifaY2,4,2018,-5.656944,36.081111,82.24227537,19.44521077
TarifaY2,4,2019,-5.656944,36.081111,77.12049397,20.91682332
TarifaY2,4,2020,-5.656944,36.081111,23.25563309,22.2982961
TarifaY2,4,2021,-5.656944,36.081111,66.78630692,19.39346619
TarifaY2,4,2022,-5.656944,36.081111,92.72191801,20.04153951
TarifaY2,4,2023,-5.656944,36.081111,100.6587187,19.53804728
TarifaY2,4,2024,-5.656944,36.081111,20.51298608,19.64022725
TarifaY2,4,2025,-5.656944,36.081111,87.58683771,20.17597656
TarifaY2,4,2026,-5.656944,36.081111,39.27687432,18.0254069
TarifaY2,4,2027,-5.656944,36.081111,15.02544833,22.85118815
TarifaY2,4,2028,-5.656944,36.081111,12.00675958,21.20065715
TarifaY2,4,2029,-5.656944,36.081111,12.79855053,20.68458964
TarifaY2,4,2030,-5.656944,36.081111,33.86599872,20.23392131
TarifaY2,4,2031,-5.656944,36.081111,17.75187851,23.77697957
TarifaY2,4,2032,-5.656944,36.081111,18.37237365,20.92613424
TarifaY2,4,2033,-5.656944,36.081111,64.2680714,20.15046488
TarifaY2,4,2034,-5.656944,36.081111,4.464093093,22.24663391
TarifaY2,4,2035,-5.656944,36.081111,23.32128395,21.59934489
TarifaY2,4,2036,-5.656944,36.081111,49.66983046,22.09711202
TarifaY2,4,2037,-5.656944,36.081111,45.38788717,23.07462769
TarifaY2,4,2038,-5.656944,36.081111,72.63027271,22.16807556
TarifaY2,4,2039,-5.656944,36.081111,103.3021782,19.18808594
TarifaY2,4,2040,-5.656944,36.081111,22.37906813,20.19878235
TarifaY2,4,2041,-5.656944,36.081111,12.21303292,20.71324361
TarifaY2,4,2042,-5.656944,36.081111,35.28012273,23.31028748
TarifaY2,4,2043,-5.656944,36.081111,12.53522901,20.83139954
TarifaY2,4,2044,-5.656944,36.081111,2.021543698,21.99908854
TarifaY2,4,2045,-5.656944,36.081111,16.73784722,23.57995199
TarifaY2,4,2046,-5.656944,36.081111,50.69292167,19.93380432
TarifaY2,4,2047,-5.656944,36.081111,3.608340742,20.82638143
TarifaY2,4,2048,-5.656944,36.081111,57.81667499,18.93541667
TarifaY2,4,2049,-5.656944,36.081111,25.76143888,20.27698059
TarifaY2,4,2050,-5.656944,36.081111,76.95763541,21.30731099
TarifaY2,4,2051,-5.656944,36.081111,32.42907054,21.86648763
TarifaY2,4,2052,-5.656944,36.081111,72.65502151,20.00681966
TarifaY2,4,2053,-5.656944,36.081111,49.26148424,20.45228882
TarifaY2,4,2054,-5.656944,36.081111,30.33899419,21.94662476
TarifaY2,4,2055,-5.656944,36.081111,7.552555449,19.98684591
TarifaY2,4,2056,-5.656944,36.081111,34.54237188,22.29776611
TarifaY2,4,2057,-5.656944,36.081111,74.27741782,20.1756307
TarifaY2,4,2058,-5.656944,36.081111,25.41697845,22.89624532
TarifaY2,4,2059,-5.656944,36.081111,31.94116185,23.0083374
TarifaY2,4,2060,-5.656944,36.081111,45.87011599,21.47875264
TarifaY2,4,2061,-5.656944,36.081111,18.81859447,23.35246684
TarifaY2,4,2062,-5.656944,36.081111,3.334546768,25.05774231
TarifaY2,4,2063,-5.656944,36.081111,46.70489289,20.7737915
TarifaY2,4,2064,-5.656944,36.081111,4.585088305,20.51081136
TarifaY2,4,2065,-5.656944,36.081111,31.10435223,21.13448792
TarifaY2,4,2066,-5.656944,36.081111,6.874346084,22.32328186
TarifaY2,4,2067,-5.656944,36.081111,74.01342813,24.19507853
TarifaY2,4,2068,-5.656944,36.081111,10.04373296,24.34998779
TarifaY2,4,2069,-5.656944,36.081111,28.83692506,23.90877889
TarifaY2,4,2070,-5.656944,36.081111,0.893463544,24.11826579
TarifaY2,4,2071,-5.656944,36.081111,53.77110456,19.28363342
TarifaY2,4,2072,-5.656944,36.081111,19.83168068,23.1609141
TarifaY2,4,2073,-5.656944,36.081111,6.920531781,22.99986471
TarifaY2,4,2074,-5.656944,36.081111,12.99181036,22.93513184
TarifaY2,4,2075,-5.656944,36.081111,12.08374131,22.46289063
TarifaY2,4,2076,-5.656944,36.081111,4.423289101,25.71515605
TarifaY2,4,2077,-5.656944,36.081111,26.71296102,25.89384359
TarifaY2,4,2078,-5.656944,36.081111,33.59086833,24.28667603
TarifaY2,4,2079,-5.656944,36.081111,7.36912555,25.57664897
TarifaY2,4,2080,-5.656944,36.081111,35.75298705,22.68789063
TarifaY2,4,2081,-5.656944,36.081111,10.30941715,25.17541199
TarifaY2,4,2082,-5.656944,36.081111,10.68838762,23.73879191
TarifaY2,4,2083,-5.656944,36.081111,15.32856128,24.39773763
TarifaY2,4,2084,-5.656944,36.081111,34.2307468,21.93379313
TarifaY2,4,2085,-5.656944,36.081111,63.0308737,20.44694214
TarifaY2,4,2086,-5.656944,36.081111,18.73536459,25.42998962
TarifaY2,4,2087,-5.656944,36.081111,80.01965957,20.13539124
TarifaY2,4,2088,-5.656944,36.081111,93.29528756,20.1483256
TarifaY2,4,2089,-5.656944,36.081111,3.711285996,24.07202047
TarifaY2,4,2090,-5.656944,36.081111,32.37368729,22.75519409
TarifaY2,4,2091,-5.656944,36.081111,4.476351293,27.49152934
TarifaY2,4,2092,-5.656944,36.081111,10.31374918,23.00045878
TarifaY2,4,2093,-5.656944,36.081111,20.90195642,23.60532532
TarifaY2,4,2094,-5.656944,36.081111,36.99996236,22.19503479
TarifaY2,4,2095,-5.656944,36.081111,9.912651933,24.93919271
TarifaY2,4,2096,-5.656944,36.081111,44.46250334,20.49072876
TarifaY2,4,2097,-5.656944,36.081111,26.34021237,23.67076721
TarifaY2,4,2098,-5.656944,36.081111,58.61984239,21.93360189
TarifaY2,4,2099,-5.656944,36.081111,114.8409556,23.47563477
TarifaY2,4,2100,-5.656944,36.081111,3.791755309,25.93705953
TarifaY2,5,2015,-5.656944,36.081111,58.16540941,22.86013774
TarifaY2,5,2016,-5.656944,36.081111,1.834066998,25.74349464
TarifaY2,5,2017,-5.656944,36.081111,93.42162333,20.36495854
TarifaY2,5,2018,-5.656944,36.081111,78.28705487,20.21862281
TarifaY2,5,2019,-5.656944,36.081111,25.31276115,24.87792851
TarifaY2,5,2020,-5.656944,36.081111,54.58055098,22.41468644
TarifaY2,5,2021,-5.656944,36.081111,27.86227864,24.70034081
TarifaY2,5,2022,-5.656944,36.081111,62.13990253,20.68107733
TarifaY2,5,2023,-5.656944,36.081111,26.88615254,21.82459264
TarifaY2,5,2024,-5.656944,36.081111,2.369956454,25.46537712
TarifaY2,5,2025,-5.656944,36.081111,34.12198928,23.84593526
TarifaY2,5,2026,-5.656944,36.081111,19.42082085,23.38517692
TarifaY2,5,2027,-5.656944,36.081111,16.67343069,25.01183275
TarifaY2,5,2028,-5.656944,36.081111,20.0057091,23.84448912
TarifaY2,5,2029,-5.656944,36.081111,5.765145134,26.32799683
TarifaY2,5,2030,-5.656944,36.081111,40.81464735,23.13285857
TarifaY2,5,2031,-5.656944,36.081111,20.49486808,27.36313929
TarifaY2,5,2032,-5.656944,36.081111,24.30248453,23.08749272
TarifaY2,5,2033,-5.656944,36.081111,12.89635915,25.64649894
TarifaY2,5,2034,-5.656944,36.081111,12.10925597,25.6425858
TarifaY2,5,2035,-5.656944,36.081111,109.5829207,21.23448703
TarifaY2,5,2036,-5.656944,36.081111,4.399180185,29.60547348
TarifaY2,5,2037,-5.656944,36.081111,35.8063841,25.67613644
TarifaY2,5,2038,-5.656944,36.081111,83.32516964,22.01158172
TarifaY2,5,2039,-5.656944,36.081111,25.57297972,24.11029624
TarifaY2,5,2040,-5.656944,36.081111,38.04815139,23.26771476
TarifaY2,5,2041,-5.656944,36.081111,33.67692662,23.40778159
TarifaY2,5,2042,-5.656944,36.081111,7.989324152,26.22965245
TarifaY2,5,2043,-5.656944,36.081111,44.09057901,24.08665397
TarifaY2,5,2044,-5.656944,36.081111,2.650556112,24.65412145
TarifaY2,5,2045,-5.656944,36.081111,2.377850559,26.35464852
TarifaY2,5,2046,-5.656944,36.081111,14.87578503,23.37835969
TarifaY2,5,2047,-5.656944,36.081111,22.01604245,22.72511715
TarifaY2,5,2048,-5.656944,36.081111,11.02518169,23.25666937
TarifaY2,5,2049,-5.656944,36.081111,10.33900119,26.23152682
TarifaY2,5,2050,-5.656944,36.081111,8.874975864,23.42030167
TarifaY2,5,2051,-5.656944,36.081111,2.037817864,26.11187626
TarifaY2,5,2052,-5.656944,36.081111,8.957750541,23.94659404
TarifaY2,5,2053,-5.656944,36.081111,28.83591564,23.90516594
TarifaY2,5,2054,-5.656944,36.081111,0.3731371,27.58833933
TarifaY2,5,2055,-5.656944,36.081111,16.75410804,25.91262502
TarifaY2,5,2056,-5.656944,36.081111,20.2816005,26.003846
TarifaY2,5,2057,-5.656944,36.081111,29.13701513,23.45933267
TarifaY2,5,2058,-5.656944,36.081111,8.608688406,25.26887739
TarifaY2,5,2059,-5.656944,36.081111,80.66377704,22.75882529
TarifaY2,5,2060,-5.656944,36.081111,8.481035627,29.2059334
TarifaY2,5,2061,-5.656944,36.081111,19.0680734,28.03199994
TarifaY2,5,2062,-5.656944,36.081111,55.40855788,22.74530797
TarifaY2,5,2063,-5.656944,36.081111,111.4727683,20.99189296
TarifaY2,5,2064,-5.656944,36.081111,7.300432736,26.81644248
TarifaY2,5,2065,-5.656944,36.081111,7.247081221,26.9122657
TarifaY2,5,2066,-5.656944,36.081111,2.984258415,25.19902167
TarifaY2,5,2067,-5.656944,36.081111,4.825048621,26.41834855
TarifaY2,5,2068,-5.656944,36.081111,22.37825378,24.79623984
TarifaY2,5,2069,-5.656944,36.081111,0.662233415,28.70919977
TarifaY2,5,2070,-5.656944,36.081111,31.86085273,26.01972794
TarifaY2,5,2071,-5.656944,36.081111,16.38780819,24.94542551
TarifaY2,5,2072,-5.656944,36.081111,4.250646118,27.77663673
TarifaY2,5,2073,-5.656944,36.081111,22.66377376,27.45206063
TarifaY2,5,2074,-5.656944,36.081111,19.29220268,24.61699928
TarifaY2,5,2075,-5.656944,36.081111,80.50677201,21.75266369
TarifaY2,5,2076,-5.656944,36.081111,0.151011823,26.64391775
TarifaY2,5,2077,-5.656944,36.081111,86.87131131,25.57284625
TarifaY2,5,2078,-5.656944,36.081111,79.31028081,20.00524489
TarifaY2,5,2079,-5.656944,36.081111,1.711971766,29.28732772
TarifaY2,5,2080,-5.656944,36.081111,14.89385303,27.68423639
TarifaY2,5,2081,-5.656944,36.081111,29.89577408,26.07747606
TarifaY2,5,2082,-5.656944,36.081111,30.44994209,27.49537688
TarifaY2,5,2083,-5.656944,36.081111,22.25689927,27.83772406
TarifaY2,5,2084,-5.656944,36.081111,2.271701907,26.82408762
TarifaY2,5,2085,-5.656944,36.081111,4.670534858,26.77786432
TarifaY2,5,2086,-5.656944,36.081111,12.78525258,28.5664218
TarifaY2,5,2087,-5.656944,36.081111,31.72441508,25.45163043
TarifaY2,5,2088,-5.656944,36.081111,17.76405291,24.31252638
TarifaY2,5,2089,-5.656944,36.081111,1.872311651,29.23057783
TarifaY2,5,2090,-5.656944,36.081111,2.277914309,26.70277434
TarifaY2,5,2091,-5.656944,36.081111,0.411349852,32.13380757
TarifaY2,5,2092,-5.656944,36.081111,21.92962724,26.79192899
TarifaY2,5,2093,-5.656944,36.081111,2.774048664,28.71233127
TarifaY2,5,2094,-5.656944,36.081111,10.39104529,27.04830224
TarifaY2,5,2095,-5.656944,36.081111,10.00027642,34.11435114
TarifaY2,5,2096,-5.656944,36.081111,0.492501364,27.60194131
TarifaY2,5,2097,-5.656944,36.081111,50.61176686,25.67628902
TarifaY2,5,2098,-5.656944,36.081111,3.323127741,26.76284672
TarifaY2,5,2099,-5.656944,36.081111,4.862430735,27.66451022
TarifaY2,5,2100,-5.656944,36.081111,23.84080347,28.8303388
TarifaY2,6,2015,-5.656944,36.081111,4.179266097,24.22317912
TarifaY2,6,2016,-5.656944,36.081111,3.875077983,30.26438599
TarifaY2,6,2017,-5.656944,36.081111,9.204705881,24.44998779
TarifaY2,6,2018,-5.656944,36.081111,37.02064186,26.31885173
TarifaY2,6,2019,-5.656944,36.081111,45.37803578,24.90482992
TarifaY2,6,2020,-5.656944,36.081111,10.76698647,27.86036072
TarifaY2,6,2021,-5.656944,36.081111,25.67924159,28.75349426
TarifaY2,6,2022,-5.656944,36.081111,14.6035622,27.56268412
TarifaY2,6,2023,-5.656944,36.081111,38.75998566,24.38630575
TarifaY2,6,2024,-5.656944,36.081111,8.085883232,27.28536784
TarifaY2,6,2025,-5.656944,36.081111,24.89301033,26.55592143
TarifaY2,6,2026,-5.656944,36.081111,17.03883053,28.4945516
TarifaY2,6,2027,-5.656944,36.081111,14.90286178,29.58894755
TarifaY2,6,2028,-5.656944,36.081111,49.73671253,25.9792572
TarifaY2,6,2029,-5.656944,36.081111,22.11312284,32.01370646
TarifaY2,6,2030,-5.656944,36.081111,6.061930122,30.53384196
TarifaY2,6,2031,-5.656944,36.081111,3.440114508,28.50644938
TarifaY2,6,2032,-5.656944,36.081111,7.47319731,26.60558472
TarifaY2,6,2033,-5.656944,36.081111,15.67352916,27.11918132
TarifaY2,6,2034,-5.656944,36.081111,13.50103264,29.48628947
TarifaY2,6,2035,-5.656944,36.081111,3.684059464,29.25950012
TarifaY2,6,2036,-5.656944,36.081111,16.51678389,32.18182373
TarifaY2,6,2037,-5.656944,36.081111,16.77444086,28.46223246
TarifaY2,6,2038,-5.656944,36.081111,3.482655993,27.89947713
TarifaY2,6,2039,-5.656944,36.081111,0.61855203,30.91917725
TarifaY2,6,2040,-5.656944,36.081111,7.00961674,29.53592733
TarifaY2,6,2041,-5.656944,36.081111,7.864874756,31.34263509
TarifaY2,6,2042,-5.656944,36.081111,22.45648817,31.52772827
TarifaY2,6,2043,-5.656944,36.081111,2.861916394,31.11070557
TarifaY2,6,2044,-5.656944,36.081111,33.27680756,27.12365112
TarifaY2,6,2045,-5.656944,36.081111,1.94380266,31.70869649
TarifaY2,6,2046,-5.656944,36.081111,24.55381319,30.28508708
TarifaY2,6,2047,-5.656944,36.081111,23.95610931,29.64769389
TarifaY2,6,2048,-5.656944,36.081111,1.970198009,29.05288798
TarifaY2,6,2049,-5.656944,36.081111,0.993699212,29.52504578
TarifaY2,6,2050,-5.656944,36.081111,1.833798384,29.79972738
TarifaY2,6,2051,-5.656944,36.081111,2.943631702,31.03122355
TarifaY2,6,2052,-5.656944,36.081111,4.251373112,26.76231384
TarifaY2,6,2053,-5.656944,36.081111,1.719061862,30.15794983
TarifaY2,6,2054,-5.656944,36.081111,8.95506026,30.31961568
TarifaY2,6,2055,-5.656944,36.081111,6.86238134,27.00394999
TarifaY2,6,2056,-5.656944,36.081111,23.48936692,31.08192037
TarifaY2,6,2057,-5.656944,36.081111,4.359116234,28.80618998
TarifaY2,6,2058,-5.656944,36.081111,6.43886557,33.68961995
TarifaY2,6,2059,-5.656944,36.081111,25.38927611,26.74302979
TarifaY2,6,2060,-5.656944,36.081111,3.656187239,32.35302531
TarifaY2,6,2061,-5.656944,36.081111,4.525456467,29.7113444
TarifaY2,6,2062,-5.656944,36.081111,10.07820036,32.44019267
TarifaY2,6,2063,-5.656944,36.081111,1.411355008,29.08011678
TarifaY2,6,2064,-5.656944,36.081111,9.22929482,29.7434316
TarifaY2,6,2065,-5.656944,36.081111,9.971115258,29.83448588
TarifaY2,6,2066,-5.656944,36.081111,5.077866736,30.26327209
TarifaY2,6,2067,-5.656944,36.081111,7.562930627,33.71459249
TarifaY2,6,2068,-5.656944,36.081111,2.632966264,29.67860514
TarifaY2,6,2069,-5.656944,36.081111,12.02139964,31.93827413
TarifaY2,6,2070,-5.656944,36.081111,2.026379678,29.11600037
TarifaY2,6,2071,-5.656944,36.081111,1.049116402,29.15966288
TarifaY2,6,2072,-5.656944,36.081111,0.13888885,31.5096995
TarifaY2,6,2073,-5.656944,36.081111,25.06272693,28.11733398
TarifaY2,6,2074,-5.656944,36.081111,0.738042565,28.08948059
TarifaY2,6,2075,-5.656944,36.081111,1.779487306,32.06148987
TarifaY2,6,2076,-5.656944,36.081111,0.956342786,34.56259664
TarifaY2,6,2077,-5.656944,36.081111,44.76109946,30.03966878
TarifaY2,6,2078,-5.656944,36.081111,14.64570569,29.61026713
TarifaY2,6,2079,-5.656944,36.081111,1.532276241,35.04017436
TarifaY2,6,2080,-5.656944,36.081111,4.435497642,32.26651408
TarifaY2,6,2081,-5.656944,36.081111,3.112090905,33.63148905
TarifaY2,6,2082,-5.656944,36.081111,16.7764739,35.3125824
TarifaY2,6,2083,-5.656944,36.081111,2.053591341,33.89059041
TarifaY2,6,2084,-5.656944,36.081111,4.020261553,30.8069692
TarifaY2,6,2085,-5.656944,36.081111,2.987506135,31.86766866
TarifaY2,6,2086,-5.656944,36.081111,0.816531273,30.57083842
TarifaY2,6,2087,-5.656944,36.081111,0.310096052,30.759139
TarifaY2,6,2088,-5.656944,36.081111,0.676022547,30.1403656
TarifaY2,6,2089,-5.656944,36.081111,0.411142198,32.25660909
TarifaY2,6,2090,-5.656944,36.081111,7.060658783,32.91844482
TarifaY2,6,2091,-5.656944,36.081111,3.002614655,32.22676799
TarifaY2,6,2092,-5.656944,36.081111,8.377170424,31.33804728
TarifaY2,6,2093,-5.656944,36.081111,28.55966447,31.442571
TarifaY2,6,2094,-5.656944,36.081111,0.321762583,35.11186829
TarifaY2,6,2095,-5.656944,36.081111,1.897151471,34.46496582
TarifaY2,6,2096,-5.656944,36.081111,28.12709271,31.0926239
TarifaY2,6,2097,-5.656944,36.081111,1.17506507,31.05032857
TarifaY2,6,2098,-5.656944,36.081111,0.80817937,32.14435221
TarifaY2,6,2099,-5.656944,36.081111,10.58061437,33.57809143
TarifaY2,6,2100,-5.656944,36.081111,19.07839967,35.05990601
TarifaY2,7,2015,-5.656944,36.081111,6.614376294,32.58215017
TarifaY2,7,2016,-5.656944,36.081111,7.918615464,32.81746137
TarifaY2,7,2017,-5.656944,36.081111,11.14929312,31.88871302
TarifaY2,7,2018,-5.656944,36.081111,39.9903541,28.47158695
TarifaY2,7,2019,-5.656944,36.081111,5.198329116,31.05904246
TarifaY2,7,2020,-5.656944,36.081111,1.558689973,31.5941357
TarifaY2,7,2021,-5.656944,36.081111,3.752513714,33.51770098
TarifaY2,7,2022,-5.656944,36.081111,0.018460462,32.57700451
TarifaY2,7,2023,-5.656944,36.081111,0.182822401,28.21475298
TarifaY2,7,2024,-5.656944,36.081111,3.021994176,30.22302817
TarifaY2,7,2025,-5.656944,36.081111,7.070899172,32.02799624
TarifaY2,7,2026,-5.656944,36.081111,2.691632561,30.11186445
TarifaY2,7,2027,-5.656944,36.081111,0.136364113,32.96609379
TarifaY2,7,2028,-5.656944,36.081111,12.23129889,31.58398122
TarifaY2,7,2029,-5.656944,36.081111,2.904963339,34.93783156
TarifaY2,7,2030,-5.656944,36.081111,2.140051314,30.84563303
TarifaY2,7,2031,-5.656944,36.081111,4.256755,34.5782833
TarifaY2,7,2032,-5.656944,36.081111,5.919486947,32.7484946
TarifaY2,7,2033,-5.656944,36.081111,1.342476263,32.50285664
TarifaY2,7,2034,-5.656944,36.081111,0.751332261,36.65273438
TarifaY2,7,2035,-5.656944,36.081111,5.874728993,32.76221865
TarifaY2,7,2036,-5.656944,36.081111,0.023982674,35.93222322
TarifaY2,7,2037,-5.656944,36.081111,0.937402377,33.53207181
TarifaY2,7,2038,-5.656944,36.081111,0.532565176,33.96321923
TarifaY2,7,2039,-5.656944,36.081111,14.49431165,33.38451932
TarifaY2,7,2040,-5.656944,36.081111,0.015448835,34.62405277
TarifaY2,7,2041,-5.656944,36.081111,16.7735271,33.87276119
TarifaY2,7,2042,-5.656944,36.081111,4.018370159,32.11935405
TarifaY2,7,2043,-5.656944,36.081111,0.548323308,33.96219345
TarifaY2,7,2044,-5.656944,36.081111,8.69200097,32.52252178
TarifaY2,7,2045,-5.656944,36.081111,11.72908024,36.63125295
TarifaY2,7,2046,-5.656944,36.081111,5.677719827,34.66272937
TarifaY2,7,2047,-5.656944,36.081111,19.56021717,31.23765397
TarifaY2,7,2048,-5.656944,36.081111,4.413840916,30.65094959
TarifaY2,7,2049,-5.656944,36.081111,24.83414637,30.80981426
TarifaY2,7,2050,-5.656944,36.081111,8.322895885,29.87536109
TarifaY2,7,2051,-5.656944,36.081111,4.190661808,36.53641416
TarifaY2,7,2052,-5.656944,36.081111,0.140424609,32.25182101
TarifaY2,7,2053,-5.656944,36.081111,0.375819776,34.28693592
TarifaY2,7,2054,-5.656944,36.081111,3.750724479,37.68884356
TarifaY2,7,2055,-5.656944,36.081111,2.662270077,31.38992191
TarifaY2,7,2056,-5.656944,36.081111,0.010440688,34.51703157
TarifaY2,7,2057,-5.656944,36.081111,1.803107934,31.85178085
TarifaY2,7,2058,-5.656944,36.081111,14.65776195,37.09367105
TarifaY2,7,2059,-5.656944,36.081111,2.171850543,31.47696002
TarifaY2,7,2060,-5.656944,36.081111,3.489218007,36.02538058
TarifaY2,7,2061,-5.656944,36.081111,5.920144703,37.05704306
TarifaY2,7,2062,-5.656944,36.081111,0.683232376,35.86868759
TarifaY2,7,2063,-5.656944,36.081111,1.983878843,32.3591474
TarifaY2,7,2064,-5.656944,36.081111,0.075588221,33.91991282
TarifaY2,7,2065,-5.656944,36.081111,0.602908351,32.83981993
TarifaY2,7,2066,-5.656944,36.081111,0.882856371,33.81109009
TarifaY2,7,2067,-5.656944,36.081111,2.962432906,35.92523961
TarifaY2,7,2068,-5.656944,36.081111,2.349382888,35.41807881
TarifaY2,7,2069,-5.656944,36.081111,5.975731027,36.19620322
TarifaY2,7,2070,-5.656944,36.081111,2.385851386,31.07968612
TarifaY2,7,2071,-5.656944,36.081111,4.863604403,33.72343474
TarifaY2,7,2072,-5.656944,36.081111,0.411089692,37.37409806
TarifaY2,7,2073,-5.656944,36.081111,7.059901102,35.92171729
TarifaY2,7,2074,-5.656944,36.081111,0.105910736,34.39234855
TarifaY2,7,2075,-5.656944,36.081111,0.111988494,36.10210178
TarifaY2,7,2076,-5.656944,36.081111,1.128008526,38.19448045
TarifaY2,7,2077,-5.656944,36.081111,0.262781512,35.90645063
TarifaY2,7,2078,-5.656944,36.081111,0.884588108,35.56866632
TarifaY2,7,2079,-5.656944,36.081111,0.698315177,37.85181137
TarifaY2,7,2080,-5.656944,36.081111,4.763193397,36.4249049
TarifaY2,7,2081,-5.656944,36.081111,3.046737887,39.93165126
TarifaY2,7,2082,-5.656944,36.081111,2.801830998,36.28684338
TarifaY2,7,2083,-5.656944,36.081111,0.283510166,37.81145433
TarifaY2,7,2084,-5.656944,36.081111,12.3683819,37.55291531
TarifaY2,7,2085,-5.656944,36.081111,6.653833015,37.61948695
TarifaY2,7,2086,-5.656944,36.081111,1.637011998,38.02537665
TarifaY2,7,2087,-5.656944,36.081111,12.26263362,35.71668248
TarifaY2,7,2088,-5.656944,36.081111,1.871686346,35.72889739
TarifaY2,7,2089,-5.656944,36.081111,5.035443549,35.90165937
TarifaY2,7,2090,-5.656944,36.081111,2.828571385,36.32000221
TarifaY2,7,2091,-5.656944,36.081111,4.30349689,36.2103742
TarifaY2,7,2092,-5.656944,36.081111,4.322878494,37.48473511
TarifaY2,7,2093,-5.656944,36.081111,0.615391958,38.47552667
TarifaY2,7,2094,-5.656944,36.081111,0.885442085,36.30777745
TarifaY2,7,2095,-5.656944,36.081111,0.354128004,39.79071616
TarifaY2,7,2096,-5.656944,36.081111,6.368586479,36.16579688
TarifaY2,7,2097,-5.656944,36.081111,0.249272864,36.2565788
TarifaY2,7,2098,-5.656944,36.081111,0.093508269,38.28468549
TarifaY2,7,2099,-5.656944,36.081111,3.283971616,37.92681767
TarifaY2,7,2100,-5.656944,36.081111,20.97232642,34.14682873
TarifaY2,8,2015,-5.656944,36.081111,1.812579913,33.68391153
TarifaY2,8,2016,-5.656944,36.081111,3.836425513,33.01509321
TarifaY2,8,2017,-5.656944,36.081111,5.479248107,32.91282191
TarifaY2,8,2018,-5.656944,36.081111,2.341330866,28.38091431
TarifaY2,8,2019,-5.656944,36.081111,4.188169134,33.78366168
TarifaY2,8,2020,-5.656944,36.081111,0.143933367,33.29241431
TarifaY2,8,2021,-5.656944,36.081111,3.050247327,34.54430542
TarifaY2,8,2022,-5.656944,36.081111,0.065820155,33.15273339
TarifaY2,8,2023,-5.656944,36.081111,3.235040197,33.29899627
TarifaY2,8,2024,-5.656944,36.081111,1.297361922,34.22175628
TarifaY2,8,2025,-5.656944,36.081111,0.155066824,34.64162401
TarifaY2,8,2026,-5.656944,36.081111,0.29888228,33.73250142
TarifaY2,8,2027,-5.656944,36.081111,0.355396956,34.16851689
TarifaY2,8,2028,-5.656944,36.081111,0.719611516,34.04135014
TarifaY2,8,2029,-5.656944,36.081111,3.359225426,35.56483883
TarifaY2,8,2030,-5.656944,36.081111,0.786594811,33.34141964
TarifaY2,8,2031,-5.656944,36.081111,6.362042601,36.0819966
TarifaY2,8,2032,-5.656944,36.081111,4.966518812,34.69112549
TarifaY2,8,2033,-5.656944,36.081111,8.75394219521371e-05,35.15045245
TarifaY2,8,2034,-5.656944,36.081111,0.77248632,35.16923356
TarifaY2,8,2035,-5.656944,36.081111,2.656668573,33.83475302
TarifaY2,8,2036,-5.656944,36.081111,0.000200825,33.72615179
TarifaY2,8,2037,-5.656944,36.081111,2.430408255,35.36210367
TarifaY2,8,2038,-5.656944,36.081111,5.7880241191278e-07,34.63381938
TarifaY2,8,2039,-5.656944,36.081111,0.005243746,33.42732957
TarifaY2,8,2040,-5.656944,36.081111,1.616749552,34.72909625
TarifaY2,8,2041,-5.656944,36.081111,7.853370613,33.6143915
TarifaY2,8,2042,-5.656944,36.081111,0.336482505,36.49224243
TarifaY2,8,2043,-5.656944,36.081111,0.796275343,34.59725932
TarifaY2,8,2044,-5.656944,36.081111,0.735153707,34.85718541
TarifaY2,8,2045,-5.656944,36.081111,6.057568199,33.91633931
TarifaY2,8,2046,-5.656944,36.081111,3.08244,35.09443793
TarifaY2,8,2047,-5.656944,36.081111,3.661758672,34.7065979
TarifaY2,8,2048,-5.656944,36.081111,0.53336823,35.15486076
TarifaY2,8,2049,-5.656944,36.081111,11.56898796,31.41866455
TarifaY2,8,2050,-5.656944,36.081111,0.120445045,33.89918351
TarifaY2,8,2051,-5.656944,36.081111,2.085026505,32.1848054
TarifaY2,8,2052,-5.656944,36.081111,0.44400246,35.06899906
TarifaY2,8,2053,-5.656944,36.081111,0.038233,34.17724491
TarifaY2,8,2054,-5.656944,36.081111,0.107312707,34.07328924
TarifaY2,8,2055,-5.656944,36.081111,0.000224032,34.77614451
TarifaY2,8,2056,-5.656944,36.081111,0.10698781,33.0923076
TarifaY2,8,2057,-5.656944,36.081111,0.18721995,34.28188083
TarifaY2,8,2058,-5.656944,36.081111,2.800293381,35.68282274
TarifaY2,8,2059,-5.656944,36.081111,0.021406434,33.11261459
TarifaY2,8,2060,-5.656944,36.081111,0.77092631,34.57999622
TarifaY2,8,2061,-5.656944,36.081111,0.160041125,35.89577046
TarifaY2,8,2062,-5.656944,36.081111,11.51595554,34.73864628
TarifaY2,8,2063,-5.656944,36.081111,0.609522258,31.48903218
TarifaY2,8,2064,-5.656944,36.081111,3.216742613,35.87345522
TarifaY2,8,2065,-5.656944,36.081111,0.316506651,35.26040433
TarifaY2,8,2066,-5.656944,36.081111,0.91396323,37.40763786
TarifaY2,8,2067,-5.656944,36.081111,7.964400369,35.08279793
TarifaY2,8,2068,-5.656944,36.081111,8.52647962,36.91404458
TarifaY2,8,2069,-5.656944,36.081111,0.010618881,34.74232414
TarifaY2,8,2070,-5.656944,36.081111,4.759722345,34.14140349
TarifaY2,8,2071,-5.656944,36.081111,7.843124226,36.08481012
TarifaY2,8,2072,-5.656944,36.081111,1.658885954,34.23678569
TarifaY2,8,2073,-5.656944,36.081111,0.000273263,37.28966675
TarifaY2,8,2074,-5.656944,36.081111,0.378888641,38.20734017
TarifaY2,8,2075,-5.656944,36.081111,1.579699371,37.32466549
TarifaY2,8,2076,-5.656944,36.081111,0.815372792,35.88284873
TarifaY2,8,2077,-5.656944,36.081111,1.698270341,34.64200203
TarifaY2,8,2078,-5.656944,36.081111,1.224415873,35.47622759
TarifaY2,8,2079,-5.656944,36.081111,0.648364261,37.72300454
TarifaY2,8,2080,-5.656944,36.081111,0.176779968,35.68188358
TarifaY2,8,2081,-5.656944,36.081111,0.369621164,33.12177183
TarifaY2,8,2082,-5.656944,36.081111,3.371062171,37.63489833
TarifaY2,8,2083,-5.656944,36.081111,1.198548068,34.43329527
TarifaY2,8,2084,-5.656944,36.081111,0.947891277,35.1089702
TarifaY2,8,2085,-5.656944,36.081111,0.861207014,36.53933795
TarifaY2,8,2086,-5.656944,36.081111,0.040452753,35.55720057
TarifaY2,8,2087,-5.656944,36.081111,3.188592758,35.43356205
TarifaY2,8,2088,-5.656944,36.081111,0.181904456,34.54935559
TarifaY2,8,2089,-5.656944,36.081111,7.161648492,35.71623949
TarifaY2,8,2090,-5.656944,36.081111,6.54885438911182e-05,36.46599141
TarifaY2,8,2091,-5.656944,36.081111,2.041437856,38.92225677
TarifaY2,8,2092,-5.656944,36.081111,0.488792204,38.5452495
TarifaY2,8,2093,-5.656944,36.081111,0.008700224,37.31197707
TarifaY2,8,2094,-5.656944,36.081111,1.405136205,39.74673048
TarifaY2,8,2095,-5.656944,36.081111,1.479205664,37.63531967
TarifaY2,8,2096,-5.656944,36.081111,0.477066654,35.38764392
TarifaY2,8,2097,-5.656944,36.081111,0.862698086,37.66111686
TarifaY2,8,2098,-5.656944,36.081111,0.013817874,35.33694734
TarifaY2,8,2099,-5.656944,36.081111,0.397587269,39.86949876
TarifaY2,8,2100,-5.656944,36.081111,0.274781534,35.53255812
TarifaY2,9,2015,-5.656944,36.081111,10.0610345,28.55563151
TarifaY2,9,2016,-5.656944,36.081111,1.583939006,29.69663493
TarifaY2,9,2017,-5.656944,36.081111,1.12663935,30.25051982
TarifaY2,9,2018,-5.656944,36.081111,46.99559689,28.17325745
TarifaY2,9,2019,-5.656944,36.081111,15.44030709,27.7295695
TarifaY2,9,2020,-5.656944,36.081111,5.176320712,28.06356913
TarifaY2,9,2021,-5.656944,36.081111,0.028165093,31.59545186
TarifaY2,9,2022,-5.656944,36.081111,8.103545075,29.03036804
TarifaY2,9,2023,-5.656944,36.081111,3.254719785,27.63254598
TarifaY2,9,2024,-5.656944,36.081111,20.43909524,27.86826274
TarifaY2,9,2025,-5.656944,36.081111,7.904002296,30.82803955
TarifaY2,9,2026,-5.656944,36.081111,14.91149868,29.65047201
TarifaY2,9,2027,-5.656944,36.081111,3.835008886,30.30138753
TarifaY2,9,2028,-5.656944,36.081111,29.38268704,29.77480062
TarifaY2,9,2029,-5.656944,36.081111,2.584425842,29.83621826
TarifaY2,9,2030,-5.656944,36.081111,40.33529921,28.53342489
TarifaY2,9,2031,-5.656944,36.081111,45.8376753,29.82638957
TarifaY2,9,2032,-5.656944,36.081111,20.97934256,30.6774353
TarifaY2,9,2033,-5.656944,36.081111,5.054163104,29.64972432
TarifaY2,9,2034,-5.656944,36.081111,54.42464509,28.62459005
TarifaY2,9,2035,-5.656944,36.081111,9.339237791,31.25997111
TarifaY2,9,2036,-5.656944,36.081111,1.659962922,31.64155884
TarifaY2,9,2037,-5.656944,36.081111,5.312906016,31.54193726
TarifaY2,9,2038,-5.656944,36.081111,1.416570025,31.2628774
TarifaY2,9,2039,-5.656944,36.081111,1.771028164,31.66185811
TarifaY2,9,2040,-5.656944,36.081111,2.130221392,30.45791016
TarifaY2,9,2041,-5.656944,36.081111,23.51457822,28.53762614
TarifaY2,9,2042,-5.656944,36.081111,7.043902661,29.7775706
TarifaY2,9,2043,-5.656944,36.081111,8.677808271,29.48277995
TarifaY2,9,2044,-5.656944,36.081111,57.45632612,28.86291606
TarifaY2,9,2045,-5.656944,36.081111,0.899320643,31.65069275
TarifaY2,9,2046,-5.656944,36.081111,40.04431477,28.21285197
TarifaY2,9,2047,-5.656944,36.081111,1.278571734,30.91669413
TarifaY2,9,2048,-5.656944,36.081111,5.041441114,30.92924601
TarifaY2,9,2049,-5.656944,36.081111,32.74884853,28.32526347
TarifaY2,9,2050,-5.656944,36.081111,4.43189689,33.87539978
TarifaY2,9,2051,-5.656944,36.081111,3.040729938,30.2391215
TarifaY2,9,2052,-5.656944,36.081111,10.44938009,31.08060201
TarifaY2,9,2053,-5.656944,36.081111,0.91029843,32.19137065
TarifaY2,9,2054,-5.656944,36.081111,24.03279632,28.76825765
TarifaY2,9,2055,-5.656944,36.081111,4.599529882,31.9601827
TarifaY2,9,2056,-5.656944,36.081111,6.37098657,31.77308044
TarifaY2,9,2057,-5.656944,36.081111,4.709285911,30.57212016
TarifaY2,9,2058,-5.656944,36.081111,15.05280191,31.40626119
TarifaY2,9,2059,-5.656944,36.081111,2.213997984,29.19277344
TarifaY2,9,2060,-5.656944,36.081111,0.000281201,29.71391907
TarifaY2,9,2061,-5.656944,36.081111,16.71133126,32.2214386
TarifaY2,9,2062,-5.656944,36.081111,7.259377297,31.51443583
TarifaY2,9,2063,-5.656944,36.081111,2.356064337,30.97342224
TarifaY2,9,2064,-5.656944,36.081111,22.796601,31.90858053
TarifaY2,9,2065,-5.656944,36.081111,8.545749622,30.7799408
TarifaY2,9,2066,-5.656944,36.081111,6.206967273,30.45432943
TarifaY2,9,2067,-5.656944,36.081111,0.295801765,31.28473918
TarifaY2,9,2068,-5.656944,36.081111,5.862376263,32.55746663
TarifaY2,9,2069,-5.656944,36.081111,4.033959499,31.83783061
TarifaY2,9,2070,-5.656944,36.081111,2.981367424,31.65957947
TarifaY2,9,2071,-5.656944,36.081111,6.568766053,30.61669515
TarifaY2,9,2072,-5.656944,36.081111,22.29211216,29.98851217
TarifaY2,9,2073,-5.656944,36.081111,17.30209967,32.18113302
TarifaY2,9,2074,-5.656944,36.081111,29.31142183,32.10409342
TarifaY2,9,2075,-5.656944,36.081111,4.326945961,32.93305969
TarifaY2,9,2076,-5.656944,36.081111,17.43430007,29.1223114
TarifaY2,9,2077,-5.656944,36.081111,1.250018519,33.02405802
TarifaY2,9,2078,-5.656944,36.081111,2.912348486,32.94689738
TarifaY2,9,2079,-5.656944,36.081111,3.013435416,34.40709025
TarifaY2,9,2080,-5.656944,36.081111,0.349422194,32.22659505
TarifaY2,9,2081,-5.656944,36.081111,10.44266146,33.7454071
TarifaY2,9,2082,-5.656944,36.081111,2.188149752,33.23472493
TarifaY2,9,2083,-5.656944,36.081111,0.582367109,32.89139811
TarifaY2,9,2084,-5.656944,36.081111,6.198372161,34.95570984
TarifaY2,9,2085,-5.656944,36.081111,4.397201831,33.63905131
TarifaY2,9,2086,-5.656944,36.081111,9.830974482,31.44564718
TarifaY2,9,2087,-5.656944,36.081111,2.375005861,32.17148641
TarifaY2,9,2088,-5.656944,36.081111,4.216863032,31.20906576
TarifaY2,9,2089,-5.656944,36.081111,29.32064327,30.79909058
TarifaY2,9,2090,-5.656944,36.081111,16.25387439,31.35024109
TarifaY2,9,2091,-5.656944,36.081111,0.679011165,32.70965678
TarifaY2,9,2092,-5.656944,36.081111,9.373098957,34.33897909
TarifaY2,9,2093,-5.656944,36.081111,9.093137395,33.46183268
TarifaY2,9,2094,-5.656944,36.081111,0.773676636,31.99041138
TarifaY2,9,2095,-5.656944,36.081111,9.575280971,32.21494548
TarifaY2,9,2096,-5.656944,36.081111,4.996537537,32.89479268
TarifaY2,9,2097,-5.656944,36.081111,3.423957874,33.36339518
TarifaY2,9,2098,-5.656944,36.081111,5.425318349,34.85333455
TarifaY2,9,2099,-5.656944,36.081111,0.337147171,35.29749756
TarifaY2,9,2100,-5.656944,36.081111,1.588211784,35.38831482
Vertedero,1,2015,-5.49,36.121667,148.6920956,15.35110552
Vertedero,1,2016,-5.49,36.121667,46.35068784,14.30779911
Vertedero,1,2017,-5.49,36.121667,4.635573072,16.80523564
Vertedero,1,2018,-5.49,36.121667,259.3754261,15.07201833
Vertedero,1,2019,-5.49,36.121667,41.57295115,16.34288645
Vertedero,1,2020,-5.49,36.121667,0.521467545,16.33766991
Vertedero,1,2021,-5.49,36.121667,11.13536214,16.33353035
Vertedero,1,2022,-5.49,36.121667,40.63426257,18.14332216
Vertedero,1,2023,-5.49,36.121667,267.1923557,15.21472148
Vertedero,1,2024,-5.49,36.121667,94.40513422,16.07122783
Vertedero,1,2025,-5.49,36.121667,1.328113762,16.26477031
Vertedero,1,2026,-5.49,36.121667,20.72990226,17.04964796
Vertedero,1,2027,-5.49,36.121667,9.472605261,17.49324164
Vertedero,1,2028,-5.49,36.121667,122.8114425,16.70897926
Vertedero,1,2029,-5.49,36.121667,10.60890634,15.8353742
Vertedero,1,2030,-5.49,36.121667,175.2361346,16.10477354
Vertedero,1,2031,-5.49,36.121667,57.93201377,15.70587335
Vertedero,1,2032,-5.49,36.121667,329.8304274,17.13123917
Vertedero,1,2033,-5.49,36.121667,25.75290802,17.01186031
Vertedero,1,2034,-5.49,36.121667,25.66329997,15.56049549
Vertedero,1,2035,-5.49,36.121667,30.58666854,17.23324762
Vertedero,1,2036,-5.49,36.121667,57.61092261,16.50154832
Vertedero,1,2037,-5.49,36.121667,12.84915344,17.69273997
Vertedero,1,2038,-5.49,36.121667,1.410465829,16.88306629
Vertedero,1,2039,-5.49,36.121667,9.159301129,16.04130879
Vertedero,1,2040,-5.49,36.121667,27.14518124,17.22523134
Vertedero,1,2041,-5.49,36.121667,84.97548874,17.53889003
Vertedero,1,2042,-5.49,36.121667,7.291126221,16.08390739
Vertedero,1,2043,-5.49,36.121667,98.21252904,16.18837595
Vertedero,1,2044,-5.49,36.121667,1.663969992,16.09407762
Vertedero,1,2045,-5.49,36.121667,168.1033491,17.90340872
Vertedero,1,2046,-5.49,36.121667,67.6809257,14.41448856
Vertedero,1,2047,-5.49,36.121667,124.784941,17.23768744
Vertedero,1,2048,-5.49,36.121667,47.83288685,15.70486726
Vertedero,1,2049,-5.49,36.121667,40.85926167,16.66633143
Vertedero,1,2050,-5.49,36.121667,55.46922596,17.40782786
Vertedero,1,2051,-5.49,36.121667,20.9551938,14.76134742
Vertedero,1,2052,-5.49,36.121667,91.5245869,18.60529923
Vertedero,1,2053,-5.49,36.121667,27.58451333,18.34124342
Vertedero,1,2054,-5.49,36.121667,86.17398614,17.86575199
Vertedero,1,2055,-5.49,36.121667,67.22753179,18.80501807
Vertedero,1,2056,-5.49,36.121667,33.15935757,13.41811031
Vertedero,1,2057,-5.49,36.121667,121.7669887,18.10323191
Vertedero,1,2058,-5.49,36.121667,0.633242751,16.18867916
Vertedero,1,2059,-5.49,36.121667,140.9900707,18.07274682
Vertedero,1,2060,-5.49,36.121667,30.22115126,16.76927116
Vertedero,1,2061,-5.49,36.121667,104.0235026,15.35499504
Vertedero,1,2062,-5.49,36.121667,49.29441073,19.59890137
Vertedero,1,2063,-5.49,36.121667,294.5822595,16.3036881
Vertedero,1,2064,-5.49,36.121667,110.5681697,15.91744975
Vertedero,1,2065,-5.49,36.121667,13.78000619,17.87626579
Vertedero,1,2066,-5.49,36.121667,61.51332993,15.95706551
Vertedero,1,2067,-5.49,36.121667,9.190037741,17.44954736
Vertedero,1,2068,-5.49,36.121667,2.544079353,15.84811775
Vertedero,1,2069,-5.49,36.121667,10.2366364,18.41761317
Vertedero,1,2070,-5.49,36.121667,128.7548412,16.64807011
Vertedero,1,2071,-5.49,36.121667,117.3572648,16.90834862
Vertedero,1,2072,-5.49,36.121667,51.39782376,15.2355453
Vertedero,1,2073,-5.49,36.121667,16.11960355,17.90604209
Vertedero,1,2074,-5.49,36.121667,43.31103925,17.15133844
Vertedero,1,2075,-5.49,36.121667,20.89457553,17.40495034
Vertedero,1,2076,-5.49,36.121667,82.88748657,18.63627654
Vertedero,1,2077,-5.49,36.121667,15.78860779,18.82005832
Vertedero,1,2078,-5.49,36.121667,18.72869833,18.59752315
Vertedero,1,2079,-5.49,36.121667,29.08862973,17.77907813
Vertedero,1,2080,-5.49,36.121667,23.16234207,17.5028911
Vertedero,1,2081,-5.49,36.121667,27.59438024,18.50962662
Vertedero,1,2082,-5.49,36.121667,57.75700629,18.21216687
Vertedero,1,2083,-5.49,36.121667,44.78704835,16.37860383
Vertedero,1,2084,-5.49,36.121667,19.91773834,17.53877682
Vertedero,1,2085,-5.49,36.121667,0.219080698,16.71201526
Vertedero,1,2086,-5.49,36.121667,18.18877802,16.56542457
Vertedero,1,2087,-5.49,36.121667,74.76658841,19.20253808
Vertedero,1,2088,-5.49,36.121667,88.88397458,18.33718557
Vertedero,1,2089,-5.49,36.121667,19.94255471,16.77405061
Vertedero,1,2090,-5.49,36.121667,57.88246178,19.2813768
Vertedero,1,2091,-5.49,36.121667,9.78425915,18.44550919
Vertedero,1,2092,-5.49,36.121667,47.49934657,17.31897051
Vertedero,1,2093,-5.49,36.121667,20.16758183,18.04836327
Vertedero,1,2094,-5.49,36.121667,34.73327399,17.49516326
Vertedero,1,2095,-5.49,36.121667,13.40702137,17.85021264
Vertedero,1,2096,-5.49,36.121667,104.3221986,18.47592242
Vertedero,1,2097,-5.49,36.121667,30.7161459,19.97951955
Vertedero,1,2098,-5.49,36.121667,5.67696254,17.89504395
Vertedero,1,2099,-5.49,36.121667,7.309907423,17.2147205
Vertedero,1,2100,-5.49,36.121667,19.65397732,19.69895571
Vertedero,10,2015,-5.49,36.121667,62.81849917,25.13567899
Vertedero,10,2016,-5.49,36.121667,5.366727252,25.54895197
Vertedero,10,2017,-5.49,36.121667,30.0193021,22.20487513
Vertedero,10,2018,-5.49,36.121667,10.50297127,24.19340249
Vertedero,10,2019,-5.49,36.121667,20.39333489,26.64771866
Vertedero,10,2020,-5.49,36.121667,2.640969864,24.79342632
Vertedero,10,2021,-5.49,36.121667,24.32511688,25.88998295
Vertedero,10,2022,-5.49,36.121667,107.6009261,22.92516775
Vertedero,10,2023,-5.49,36.121667,15.69681664,24.96220526
Vertedero,10,2024,-5.49,36.121667,96.174942,21.43722022
Vertedero,10,2025,-5.49,36.121667,240.649036,21.91511565
Vertedero,10,2026,-5.49,36.121667,116.6449478,22.73140475
Vertedero,10,2027,-5.49,36.121667,119.9440189,25.03666323
Vertedero,10,2028,-5.49,36.121667,143.7858584,23.45891625
Vertedero,10,2029,-5.49,36.121667,49.27624093,21.384982
Vertedero,10,2030,-5.49,36.121667,20.19383882,25.39440505
Vertedero,10,2031,-5.49,36.121667,32.04201373,21.74435996
Vertedero,10,2032,-5.49,36.121667,123.5700059,22.79759049
Vertedero,10,2033,-5.49,36.121667,141.0641702,21.80786212
Vertedero,10,2034,-5.49,36.121667,35.3516865,22.14236332
Vertedero,10,2035,-5.49,36.121667,13.8129661,24.94069529
Vertedero,10,2036,-5.49,36.121667,49.62257901,22.51346002
Vertedero,10,2037,-5.49,36.121667,44.45884031,25.07400198
Vertedero,10,2038,-5.49,36.121667,21.02281066,24.4148469
Vertedero,10,2039,-5.49,36.121667,27.63951837,24.64516011
Vertedero,10,2040,-5.49,36.121667,12.09404588,28.05222916
Vertedero,10,2041,-5.49,36.121667,88.52643639,22.75475169
Vertedero,10,2042,-5.49,36.121667,29.1832512,27.1873669
Vertedero,10,2043,-5.49,36.121667,27.30518301,22.67753827
Vertedero,10,2044,-5.49,36.121667,20.68516603,22.237146
Vertedero,10,2045,-5.49,36.121667,6.01563327,26.25663492
Vertedero,10,2046,-5.49,36.121667,8.892084864,27.21018027
Vertedero,10,2047,-5.49,36.121667,57.17205518,26.06877855
Vertedero,10,2048,-5.49,36.121667,24.94196827,23.8489624
Vertedero,10,2049,-5.49,36.121667,55.15596448,24.38970534
Vertedero,10,2050,-5.49,36.121667,7.379242215,26.90039929
Vertedero,10,2051,-5.49,36.121667,98.57328189,21.78054002
Vertedero,10,2052,-5.49,36.121667,49.56177017,24.32772414
Vertedero,10,2053,-5.49,36.121667,68.66420039,24.33937398
Vertedero,10,2054,-5.49,36.121667,18.9775096,24.79487836
Vertedero,10,2055,-5.49,36.121667,4.386610668,26.29111584
Vertedero,10,2056,-5.49,36.121667,12.83510605,27.86428616
Vertedero,10,2057,-5.49,36.121667,27.48427667,24.28940784
Vertedero,10,2058,-5.49,36.121667,9.466243396,24.67183247
Vertedero,10,2059,-5.49,36.121667,63.44961495,22.22946836
Vertedero,10,2060,-5.49,36.121667,85.66599258,24.37036802
Vertedero,10,2061,-5.49,36.121667,5.819963112,27.91426313
Vertedero,10,2062,-5.49,36.121667,47.20287559,24.21081622
Vertedero,10,2063,-5.49,36.121667,8.659707146,28.91320486
Vertedero,10,2064,-5.49,36.121667,10.4551753,25.19872437
Vertedero,10,2065,-5.49,36.121667,58.20561478,22.70924407
Vertedero,10,2066,-5.49,36.121667,94.77734998,26.11436098
Vertedero,10,2067,-5.49,36.121667,34.0211491,23.35587611
Vertedero,10,2068,-5.49,36.121667,27.42240381,24.90970124
Vertedero,10,2069,-5.49,36.121667,37.69709114,25.77344813
Vertedero,10,2070,-5.49,36.121667,16.26693024,25.99570765
Vertedero,10,2071,-5.49,36.121667,14.95568918,26.19263857
Vertedero,10,2072,-5.49,36.121667,52.00021265,23.60688122
Vertedero,10,2073,-5.49,36.121667,161.7425263,23.19736781
Vertedero,10,2074,-5.49,36.121667,12.45655666,27.07888479
Vertedero,10,2075,-5.49,36.121667,0.079060049,29.65765066
Vertedero,10,2076,-5.49,36.121667,61.81619911,22.95262077
Vertedero,10,2077,-5.49,36.121667,43.18641731,26.40574971
Vertedero,10,2078,-5.49,36.121667,49.33416872,27.63124114
Vertedero,10,2079,-5.49,36.121667,85.4903764,23.69878343
Vertedero,10,2080,-5.49,36.121667,4.359302146,28.73612513
Vertedero,10,2081,-5.49,36.121667,23.17477209,26.56140412
Vertedero,10,2082,-5.49,36.121667,30.33417116,24.5693003
Vertedero,10,2083,-5.49,36.121667,47.12023763,25.7938132
Vertedero,10,2084,-5.49,36.121667,45.5978301,24.88079125
Vertedero,10,2085,-5.49,36.121667,13.96928196,29.10660066
Vertedero,10,2086,-5.49,36.121667,56.38595953,27.8345522
Vertedero,10,2087,-5.49,36.121667,1.217656393,26.20896843
Vertedero,10,2088,-5.49,36.121667,69.27627162,26.05982804
Vertedero,10,2089,-5.49,36.121667,3.288446601,25.29016192
Vertedero,10,2090,-5.49,36.121667,43.99632869,25.55700172
Vertedero,10,2091,-5.49,36.121667,13.00786926,27.259223
Vertedero,10,2092,-5.49,36.121667,31.246613,26.30750083
Vertedero,10,2093,-5.49,36.121667,58.5306466,23.80185015
Vertedero,10,2094,-5.49,36.121667,83.81432322,24.86973503
Vertedero,10,2095,-5.49,36.121667,12.86651906,27.59455803
Vertedero,10,2096,-5.49,36.121667,45.09770136,26.28295977
Vertedero,10,2097,-5.49,36.121667,16.5091543,27.87313331
Vertedero,10,2098,-5.49,36.121667,75.07332367,27.52017586
Vertedero,10,2099,-5.49,36.121667,19.29713395,26.36535231
Vertedero,10,2100,-5.49,36.121667,4.337991358,29.63563173
Vertedero,11,2015,-5.49,36.121667,121.8649943,18.04260661
Vertedero,11,2016,-5.49,36.121667,48.64235381,18.21017558
Vertedero,11,2017,-5.49,36.121667,159.1092634,18.3072408
Vertedero,11,2018,-5.49,36.121667,45.72648051,19.90654704
Vertedero,11,2019,-5.49,36.121667,75.38644193,20.12059631
Vertedero,11,2020,-5.49,36.121667,10.19599529,20.35411072
Vertedero,11,2021,-5.49,36.121667,28.08911467,21.673703
Vertedero,11,2022,-5.49,36.121667,88.28161511,19.84893087
Vertedero,11,2023,-5.49,36.121667,22.37130222,19.38220723
Vertedero,11,2024,-5.49,36.121667,22.16436651,18.30198873
Vertedero,11,2025,-5.49,36.121667,116.4788581,19.93458659
Vertedero,11,2026,-5.49,36.121667,9.756435494,20.20195516
Vertedero,11,2027,-5.49,36.121667,53.04760592,19.83458761
Vertedero,11,2028,-5.49,36.121667,25.2128433,19.46764119
Vertedero,11,2029,-5.49,36.121667,28.43673751,18.68726603
Vertedero,11,2030,-5.49,36.121667,88.58320916,21.05282288
Vertedero,11,2031,-5.49,36.121667,154.1752749,17.23536377
Vertedero,11,2032,-5.49,36.121667,154.0193634,19.87963765
Vertedero,11,2033,-5.49,36.121667,19.60797088,17.41513774
Vertedero,11,2034,-5.49,36.121667,125.5778049,19.31026306
Vertedero,11,2035,-5.49,36.121667,54.61446073,19.34193319
Vertedero,11,2036,-5.49,36.121667,10.34260287,19.5673818
Vertedero,11,2037,-5.49,36.121667,65.06525634,17.88632406
Vertedero,11,2038,-5.49,36.121667,45.38912106,19.86231791
Vertedero,11,2039,-5.49,36.121667,25.34326297,20.86078695
Vertedero,11,2040,-5.49,36.121667,86.57729233,21.67728984
Vertedero,11,2041,-5.49,36.121667,90.9402597,19.5747345
Vertedero,11,2042,-5.49,36.121667,7.369158702,22.94265849
Vertedero,11,2043,-5.49,36.121667,173.778217,19.024705
Vertedero,11,2044,-5.49,36.121667,79.63074058,19.42953593
Vertedero,11,2045,-5.49,36.121667,110.6585184,19.56772868
Vertedero,11,2046,-5.49,36.121667,97.17288243,20.1602946
Vertedero,11,2047,-5.49,36.121667,45.36349105,19.22687581
Vertedero,11,2048,-5.49,36.121667,17.59171627,18.87392273
Vertedero,11,2049,-5.49,36.121667,83.77016623,19.82230123
Vertedero,11,2050,-5.49,36.121667,47.72211554,17.84975281
Vertedero,11,2051,-5.49,36.121667,25.5615151,18.56404114
Vertedero,11,2052,-5.49,36.121667,166.392045,18.46702779
Vertedero,11,2053,-5.49,36.121667,4.420351525,19.19952291
Vertedero,11,2054,-5.49,36.121667,161.3545131,20.18162435
Vertedero,11,2055,-5.49,36.121667,65.53007496,20.08328247
Vertedero,11,2056,-5.49,36.121667,106.2116127,18.85659485
Vertedero,11,2057,-5.49,36.121667,20.49636533,21.41650696
Vertedero,11,2058,-5.49,36.121667,36.30863987,20.71772766
Vertedero,11,2059,-5.49,36.121667,4.709481757,19.89588521
Vertedero,11,2060,-5.49,36.121667,271.1246445,18.8015391
Vertedero,11,2061,-5.49,36.121667,29.16412374,22.32477214
Vertedero,11,2062,-5.49,36.121667,5.587167051,20.57368368
Vertedero,11,2063,-5.49,36.121667,99.15006518,22.43358053
Vertedero,11,2064,-5.49,36.121667,51.61281946,20.72673543
Vertedero,11,2065,-5.49,36.121667,61.03914726,20.86621602
Vertedero,11,2066,-5.49,36.121667,68.86484452,20.56021423
Vertedero,11,2067,-5.49,36.121667,30.64212548,18.22213847
Vertedero,11,2068,-5.49,36.121667,111.5322308,19.35250549
Vertedero,11,2069,-5.49,36.121667,4.549043583,21.59069316
Vertedero,11,2070,-5.49,36.121667,31.27107211,20.03009949
Vertedero,11,2071,-5.49,36.121667,16.22813694,20.44301249
Vertedero,11,2072,-5.49,36.121667,34.07973302,20.44797262
Vertedero,11,2073,-5.49,36.121667,55.67687935,20.93077799
Vertedero,11,2074,-5.49,36.121667,121.706946,19.1827474
Vertedero,11,2075,-5.49,36.121667,73.01094642,22.99829305
Vertedero,11,2076,-5.49,36.121667,61.86704567,19.27763875
Vertedero,11,2077,-5.49,36.121667,19.70827064,23.44462789
Vertedero,11,2078,-5.49,36.121667,27.24963575,21.3751709
Vertedero,11,2079,-5.49,36.121667,19.7449981,20.43811849
Vertedero,11,2080,-5.49,36.121667,13.12755143,22.08919373
Vertedero,11,2081,-5.49,36.121667,43.94333635,21.72874756
Vertedero,11,2082,-5.49,36.121667,45.02306268,20.48600362
Vertedero,11,2083,-5.49,36.121667,23.60075289,19.95732829
Vertedero,11,2084,-5.49,36.121667,41.93826396,22.77033488
Vertedero,11,2085,-5.49,36.121667,31.2856306,22.48225708
Vertedero,11,2086,-5.49,36.121667,22.96096992,21.90051371
Vertedero,11,2087,-5.49,36.121667,22.25604729,23.097229
Vertedero,11,2088,-5.49,36.121667,158.5522866,20.49922485
Vertedero,11,2089,-5.49,36.121667,5.421882684,20.32904765
Vertedero,11,2090,-5.49,36.121667,33.02588174,21.33061625
Vertedero,11,2091,-5.49,36.121667,55.54532793,20.5428833
Vertedero,11,2092,-5.49,36.121667,0.069473189,25.22731832
Vertedero,11,2093,-5.49,36.121667,5.729153971,23.76018473
Vertedero,11,2094,-5.49,36.121667,55.61863045,19.73223572
Vertedero,11,2095,-5.49,36.121667,18.79731306,23.24938456
Vertedero,11,2096,-5.49,36.121667,55.3729471,21.79796651
Vertedero,11,2097,-5.49,36.121667,180.3133484,20.70837097
Vertedero,11,2098,-5.49,36.121667,18.81977333,21.36025899
Vertedero,11,2099,-5.49,36.121667,15.45501495,23.4899058
Vertedero,11,2100,-5.49,36.121667,86.4473821,23.43894958
Vertedero,12,2015,-5.49,36.121667,87.79503748,14.8463182
Vertedero,12,2016,-5.49,36.121667,53.31561477,14.7371834
Vertedero,12,2017,-5.49,36.121667,213.4336357,14.78866557
Vertedero,12,2018,-5.49,36.121667,1.674760231,18.00818344
Vertedero,12,2019,-5.49,36.121667,1.485700107,17.76118105
Vertedero,12,2020,-5.49,36.121667,69.51870682,18.09052577
Vertedero,12,2021,-5.49,36.121667,23.34802387,18.09259604
Vertedero,12,2022,-5.49,36.121667,97.47625641,17.3836225
Vertedero,12,2023,-5.49,36.121667,196.6582814,17.48813831
Vertedero,12,2024,-5.49,36.121667,50.8189566,15.8422131
Vertedero,12,2025,-5.49,36.121667,116.2520458,16.99412566
Vertedero,12,2026,-5.49,36.121667,2.145576424,18.33824187
Vertedero,12,2027,-5.49,36.121667,3.784235437,19.36106705
Vertedero,12,2028,-5.49,36.121667,121.3889961,17.54382009
Vertedero,12,2029,-5.49,36.121667,300.79932,16.6101151
Vertedero,12,2030,-5.49,36.121667,13.88452945,18.31122397
Vertedero,12,2031,-5.49,36.121667,45.37688654,15.85544394
Vertedero,12,2032,-5.49,36.121667,106.0952482,15.87384407
Vertedero,12,2033,-5.49,36.121667,118.4017106,16.22631619
Vertedero,12,2034,-5.49,36.121667,13.37294382,19.5767525
Vertedero,12,2035,-5.49,36.121667,18.45920063,14.88677073
Vertedero,12,2036,-5.49,36.121667,0.626621712,18.963044
Vertedero,12,2037,-5.49,36.121667,15.32494614,18.82535656
Vertedero,12,2038,-5.49,36.121667,46.09870098,17.24638692
Vertedero,12,2039,-5.49,36.121667,0.978855207,18.33240022
Vertedero,12,2040,-5.49,36.121667,45.71536941,17.94653694
Vertedero,12,2041,-5.49,36.121667,92.24081063,17.3425547
Vertedero,12,2042,-5.49,36.121667,71.66379545,16.02464226
Vertedero,12,2043,-5.49,36.121667,89.0049992,18.70435634
Vertedero,12,2044,-5.49,36.121667,16.92019723,19.00543587
Vertedero,12,2045,-5.49,36.121667,108.2021511,16.73363057
Vertedero,12,2046,-5.49,36.121667,62.74812323,18.62602854
Vertedero,12,2047,-5.49,36.121667,295.8874484,17.81688055
Vertedero,12,2048,-5.49,36.121667,276.6859576,16.73200231
Vertedero,12,2049,-5.49,36.121667,212.3530661,17.37461784
Vertedero,12,2050,-5.49,36.121667,104.1819411,15.40267432
Vertedero,12,2051,-5.49,36.121667,174.2076106,16.58398319
Vertedero,12,2052,-5.49,36.121667,94.39160378,17.5280996
Vertedero,12,2053,-5.49,36.121667,201.0329954,17.32123374
Vertedero,12,2054,-5.49,36.121667,65.63030881,19.54682558
Vertedero,12,2055,-5.49,36.121667,21.60271629,17.13462859
Vertedero,12,2056,-5.49,36.121667,16.59600031,16.71289535
Vertedero,12,2057,-5.49,36.121667,138.2618547,18.76368841
Vertedero,12,2058,-5.49,36.121667,47.96716672,18.03197632
Vertedero,12,2059,-5.49,36.121667,34.1459277,17.35900859
Vertedero,12,2060,-5.49,36.121667,174.9894663,16.9885882
Vertedero,12,2061,-5.49,36.121667,0.431821507,17.92227153
Vertedero,12,2062,-5.49,36.121667,281.3739969,19.00377119
Vertedero,12,2063,-5.49,36.121667,8.443142089,17.176354
Vertedero,12,2064,-5.49,36.121667,83.22434628,18.33859151
Vertedero,12,2065,-5.49,36.121667,131.1958432,17.74337552
Vertedero,12,2066,-5.49,36.121667,8.665701928,17.51703058
Vertedero,12,2067,-5.49,36.121667,18.19412498,17.2735259
Vertedero,12,2068,-5.49,36.121667,34.5705639,16.80059401
Vertedero,12,2069,-5.49,36.121667,66.47515836,17.41721644
Vertedero,12,2070,-5.49,36.121667,65.86712862,17.26201585
Vertedero,12,2071,-5.49,36.121667,36.07114822,16.266814
Vertedero,12,2072,-5.49,36.121667,10.97055233,18.66382505
Vertedero,12,2073,-5.49,36.121667,41.36743843,19.66622511
Vertedero,12,2074,-5.49,36.121667,40.26160672,17.37448396
Vertedero,12,2075,-5.49,36.121667,25.77371562,19.01866967
Vertedero,12,2076,-5.49,36.121667,26.44754438,18.41556456
Vertedero,12,2077,-5.49,36.121667,70.32362895,18.23418481
Vertedero,12,2078,-5.49,36.121667,21.2199103,17.34876059
Vertedero,12,2079,-5.49,36.121667,65.43492415,20.69765527
Vertedero,12,2080,-5.49,36.121667,23.71560946,18.43281585
Vertedero,12,2081,-5.49,36.121667,45.68881097,17.81208929
Vertedero,12,2082,-5.49,36.121667,25.47362919,19.68504855
Vertedero,12,2083,-5.49,36.121667,28.34214539,18.08569808
Vertedero,12,2084,-5.49,36.121667,102.6295698,18.08976086
Vertedero,12,2085,-5.49,36.121667,53.83057722,17.68639723
Vertedero,12,2086,-5.49,36.121667,189.6363664,19.3106973
Vertedero,12,2087,-5.49,36.121667,8.75618553,21.0262459
Vertedero,12,2088,-5.49,36.121667,37.96795729,17.24076184
Vertedero,12,2089,-5.49,36.121667,61.66451974,20.09216387
Vertedero,12,2090,-5.49,36.121667,2.115739483,19.50362844
Vertedero,12,2091,-5.49,36.121667,155.7207107,20.3458752
Vertedero,12,2092,-5.49,36.121667,7.1726501,21.03832004
Vertedero,12,2093,-5.49,36.121667,96.50461035,18.18267507
Vertedero,12,2094,-5.49,36.121667,14.08137956,19.72058381
Vertedero,12,2095,-5.49,36.121667,48.38216859,19.07060173
Vertedero,12,2096,-5.49,36.121667,39.50686959,20.09999902
Vertedero,12,2097,-5.49,36.121667,101.1556446,17.65616317
Vertedero,12,2098,-5.49,36.121667,12.42078532,19.52741837
Vertedero,12,2099,-5.49,36.121667,22.10178469,19.76347085
Vertedero,12,2100,-5.49,36.121667,0.318390627,17.7026062
Vertedero,2,2015,-5.49,36.121667,42.87027098,16.32749329
Vertedero,2,2016,-5.49,36.121667,4.725808252,17.98604105
Vertedero,2,2017,-5.49,36.121667,24.94353225,17.19982191
Vertedero,2,2018,-5.49,36.121667,40.95482529,18.4074537
Vertedero,2,2019,-5.49,36.121667,0.073163958,18.18176858
Vertedero,2,2020,-5.49,36.121667,60.97491768,17.15796656
Vertedero,2,2021,-5.49,36.121667,37.06655459,13.98706752
Vertedero,2,2022,-5.49,36.121667,24.93701326,18.34817113
Vertedero,2,2023,-5.49,36.121667,40.96312964,16.57061702
Vertedero,2,2024,-5.49,36.121667,88.27439907,17.1465793
Vertedero,2,2025,-5.49,36.121667,27.61902859,15.88736223
Vertedero,2,2026,-5.49,36.121667,52.50833024,15.36147352
Vertedero,2,2027,-5.49,36.121667,27.28164158,17.04681876
Vertedero,2,2028,-5.49,36.121667,264.0193175,16.52886142
Vertedero,2,2029,-5.49,36.121667,90.48287882,16.23114057
Vertedero,2,2030,-5.49,36.121667,24.86790942,16.91787763
Vertedero,2,2031,-5.49,36.121667,46.81999313,15.94248788
Vertedero,2,2032,-5.49,36.121667,156.4663762,19.71821773
Vertedero,2,2033,-5.49,36.121667,83.27419839,16.25510559
Vertedero,2,2034,-5.49,36.121667,2.515205261,18.04709124
Vertedero,2,2035,-5.49,36.121667,37.87921673,15.79722421
Vertedero,2,2036,-5.49,36.121667,15.67397332,17.66837832
Vertedero,2,2037,-5.49,36.121667,179.084035,16.68140019
Vertedero,2,2038,-5.49,36.121667,0.59316319,20.19216527
Vertedero,2,2039,-5.49,36.121667,13.52434984,19.27609297
Vertedero,2,2040,-5.49,36.121667,56.22668645,18.48591056
Vertedero,2,2041,-5.49,36.121667,49.04596884,16.9575385
Vertedero,2,2042,-5.49,36.121667,10.57861413,17.3046923
Vertedero,2,2043,-5.49,36.121667,7.272709435,16.96467743
Vertedero,2,2044,-5.49,36.121667,56.12857133,16.0719554
Vertedero,2,2045,-5.49,36.121667,0.199379454,17.52630114
Vertedero,2,2046,-5.49,36.121667,39.41483167,18.93705902
Vertedero,2,2047,-5.49,36.121667,98.36188134,18.71438424
Vertedero,2,2048,-5.49,36.121667,34.79930873,16.16847618
Vertedero,2,2049,-5.49,36.121667,6.654261276,18.6117678
Vertedero,2,2050,-5.49,36.121667,52.9768733,19.80603289
Vertedero,2,2051,-5.49,36.121667,37.06225271,15.94048135
Vertedero,2,2052,-5.49,36.121667,50.62299081,19.51571992
Vertedero,2,2053,-5.49,36.121667,33.33280958,18.97352644
Vertedero,2,2054,-5.49,36.121667,22.41842351,18.00753937
Vertedero,2,2055,-5.49,36.121667,173.6229102,16.02065212
Vertedero,2,2056,-5.49,36.121667,41.84685954,18.13659899
Vertedero,2,2057,-5.49,36.121667,258.8497147,17.62719879
Vertedero,2,2058,-5.49,36.121667,7.024919633,19.4596889
Vertedero,2,2059,-5.49,36.121667,41.06380115,19.58617009
Vertedero,2,2060,-5.49,36.121667,29.15400096,19.49183202
Vertedero,2,2061,-5.49,36.121667,28.55458893,18.86664734
Vertedero,2,2062,-5.49,36.121667,8.180491743,20.85216348
Vertedero,2,2063,-5.49,36.121667,34.41153823,17.83122406
Vertedero,2,2064,-5.49,36.121667,78.83844689,18.76286811
Vertedero,2,2065,-5.49,36.121667,0.44062052,20.76121129
Vertedero,2,2066,-5.49,36.121667,43.20273663,16.59253191
Vertedero,2,2067,-5.49,36.121667,1.076668563,18.76984558
Vertedero,2,2068,-5.49,36.121667,60.0480689,21.45482893
Vertedero,2,2069,-5.49,36.121667,27.44775059,17.11824733
Vertedero,2,2070,-5.49,36.121667,1.743949405,17.27575836
Vertedero,2,2071,-5.49,36.121667,37.90593117,17.98743373
Vertedero,2,2072,-5.49,36.121667,19.07279179,15.17323903
Vertedero,2,2073,-5.49,36.121667,24.59636525,17.89089464
Vertedero,2,2074,-5.49,36.121667,98.07290292,17.16537628
Vertedero,2,2075,-5.49,36.121667,79.98366411,17.45073308
Vertedero,2,2076,-5.49,36.121667,69.91104786,19.06215715
Vertedero,2,2077,-5.49,36.121667,1.606999697,20.26520255
Vertedero,2,2078,-5.49,36.121667,1.226761825,21.06067483
Vertedero,2,2079,-5.49,36.121667,29.57545529,16.79200788
Vertedero,2,2080,-5.49,36.121667,56.10985248,19.03727901
Vertedero,2,2081,-5.49,36.121667,8.254038043,24.49400591
Vertedero,2,2082,-5.49,36.121667,66.13259432,18.51585323
Vertedero,2,2083,-5.49,36.121667,26.70068719,18.52299543
Vertedero,2,2084,-5.49,36.121667,229.2113601,16.92083235
Vertedero,2,2085,-5.49,36.121667,21.65452842,19.24328112
Vertedero,2,2086,-5.49,36.121667,10.41850988,20.51861071
Vertedero,2,2087,-5.49,36.121667,14.37429016,21.18221327
Vertedero,2,2088,-5.49,36.121667,105.1481024,18.27816267
Vertedero,2,2089,-5.49,36.121667,4.82569113,20.17535117
Vertedero,2,2090,-5.49,36.121667,117.3776798,19.24999717
Vertedero,2,2091,-5.49,36.121667,0.379549717,22.39638672
Vertedero,2,2092,-5.49,36.121667,13.11827882,20.01249663
Vertedero,2,2093,-5.49,36.121667,1.893103939,21.19300123
Vertedero,2,2094,-5.49,36.121667,38.98222,20.85603921
Vertedero,2,2095,-5.49,36.121667,1.019486352,17.5369921
Vertedero,2,2096,-5.49,36.121667,44.05153086,18.97006036
Vertedero,2,2097,-5.49,36.121667,48.37487391,20.27936489
Vertedero,2,2098,-5.49,36.121667,2.100761146,20.43027104
Vertedero,2,2099,-5.49,36.121667,1.169972139,20.16540244
Vertedero,2,2100,-5.49,36.121667,3.391859402,21.54888851
Vertedero,3,2015,-5.49,36.121667,21.14156406,18.4695915
Vertedero,3,2016,-5.49,36.121667,6.316447055,19.1108426
Vertedero,3,2017,-5.49,36.121667,38.22051648,20.66394417
Vertedero,3,2018,-5.49,36.121667,79.88747305,17.04410361
Vertedero,3,2019,-5.49,36.121667,27.49455574,21.51274237
Vertedero,3,2020,-5.49,36.121667,31.91408679,21.2202432
Vertedero,3,2021,-5.49,36.121667,47.61683611,17.77329358
Vertedero,3,2022,-5.49,36.121667,39.4521669,17.32090789
Vertedero,3,2023,-5.49,36.121667,6.938832623,19.29431133
Vertedero,3,2024,-5.49,36.121667,397.2399699,16.73676797
Vertedero,3,2025,-5.49,36.121667,21.33214378,19.75884006
Vertedero,3,2026,-5.49,36.121667,38.9123286,17.01446514
Vertedero,3,2027,-5.49,36.121667,41.31858824,19.63180621
Vertedero,3,2028,-5.49,36.121667,79.81858299,19.15317245
Vertedero,3,2029,-5.49,36.121667,32.69355654,19.93169457
Vertedero,3,2030,-5.49,36.121667,83.47139983,19.5840206
Vertedero,3,2031,-5.49,36.121667,37.03045956,19.32376473
Vertedero,3,2032,-5.49,36.121667,111.0054285,19.30745456
Vertedero,3,2033,-5.49,36.121667,61.69752233,16.45231166
Vertedero,3,2034,-5.49,36.121667,25.01066731,17.70738151
Vertedero,3,2035,-5.49,36.121667,37.84430874,19.51874842
Vertedero,3,2036,-5.49,36.121667,7.81198495,19.32394389
Vertedero,3,2037,-5.49,36.121667,41.77816939,22.22809704
Vertedero,3,2038,-5.49,36.121667,22.74640047,23.72601889
Vertedero,3,2039,-5.49,36.121667,0.634028501,19.52586493
Vertedero,3,2040,-5.49,36.121667,1.226568429,20.0534095
Vertedero,3,2041,-5.49,36.121667,31.69275376,21.1024611
Vertedero,3,2042,-5.49,36.121667,5.597428596,22.62928605
Vertedero,3,2043,-5.49,36.121667,34.58681125,21.02264385
Vertedero,3,2044,-5.49,36.121667,32.23056259,18.61612116
Vertedero,3,2045,-5.49,36.121667,6.044606217,22.08765023
Vertedero,3,2046,-5.49,36.121667,11.78413434,20.1935098
Vertedero,3,2047,-5.49,36.121667,121.659166,17.49314615
Vertedero,3,2048,-5.49,36.121667,16.46908392,19.92403761
Vertedero,3,2049,-5.49,36.121667,1.888850561,20.31097392
Vertedero,3,2050,-5.49,36.121667,59.0913131,20.59436311
Vertedero,3,2051,-5.49,36.121667,45.87254381,16.81954838
Vertedero,3,2052,-5.49,36.121667,118.8354185,18.38307023
Vertedero,3,2053,-5.49,36.121667,64.03316487,19.53878075
Vertedero,3,2054,-5.49,36.121667,1.771527964,20.46428735
Vertedero,3,2055,-5.49,36.121667,14.2507456,20.20053278
Vertedero,3,2056,-5.49,36.121667,84.83072457,17.72991136
Vertedero,3,2057,-5.49,36.121667,105.9971419,16.84741388
Vertedero,3,2058,-5.49,36.121667,0.012416425,22.65127642
Vertedero,3,2059,-5.49,36.121667,0.102285863,23.1678514
Vertedero,3,2060,-5.49,36.121667,30.67990964,19.93002004
Vertedero,3,2061,-5.49,36.121667,2.060031623,20.05822636
Vertedero,3,2062,-5.49,36.121667,29.98257437,20.69498252
Vertedero,3,2063,-5.49,36.121667,124.1590848,19.12562197
Vertedero,3,2064,-5.49,36.121667,55.44269643,19.18131359
Vertedero,3,2065,-5.49,36.121667,24.35506056,22.07108016
Vertedero,3,2066,-5.49,36.121667,77.05354458,18.22588895
Vertedero,3,2067,-5.49,36.121667,5.57418784,22.84744046
Vertedero,3,2068,-5.49,36.121667,228.1488131,19.51824931
Vertedero,3,2069,-5.49,36.121667,1.452203,21.55070328
Vertedero,3,2070,-5.49,36.121667,45.95419023,17.48702688
Vertedero,3,2071,-5.49,36.121667,59.32417659,16.85957661
Vertedero,3,2072,-5.49,36.121667,19.2333948,18.53300112
Vertedero,3,2073,-5.49,36.121667,11.6624118,19.95585957
Vertedero,3,2074,-5.49,36.121667,61.89894344,19.8588629
Vertedero,3,2075,-5.49,36.121667,39.40622692,20.18953464
Vertedero,3,2076,-5.49,36.121667,38.29311874,20.75233784
Vertedero,3,2077,-5.49,36.121667,0.316146409,23.41035491
Vertedero,3,2078,-5.49,36.121667,6.072953016,25.52236131
Vertedero,3,2079,-5.49,36.121667,37.93163005,19.88126772
Vertedero,3,2080,-5.49,36.121667,13.89520033,20.52267338
Vertedero,3,2081,-5.49,36.121667,16.50306793,26.08544804
Vertedero,3,2082,-5.49,36.121667,68.3956121,19.59766098
Vertedero,3,2083,-5.49,36.121667,13.51850047,22.30000138
Vertedero,3,2084,-5.49,36.121667,11.71799461,20.54134521
Vertedero,3,2085,-5.49,36.121667,32.29064703,22.28022697
Vertedero,3,2086,-5.49,36.121667,4.171841098,20.73580618
Vertedero,3,2087,-5.49,36.121667,0.03354871,21.97339143
Vertedero,3,2088,-5.49,36.121667,125.5074471,20.35104449
Vertedero,3,2089,-5.49,36.121667,5.042494271,23.24948986
Vertedero,3,2090,-5.49,36.121667,191.5631373,19.33476681
Vertedero,3,2091,-5.49,36.121667,14.51396789,24.50019768
Vertedero,3,2092,-5.49,36.121667,82.78782396,19.99953909
Vertedero,3,2093,-5.49,36.121667,2.025055079,22.31628792
Vertedero,3,2094,-5.49,36.121667,0.87313252,23.83445671
Vertedero,3,2095,-5.49,36.121667,17.67996637,24.05859651
Vertedero,3,2096,-5.49,36.121667,27.95828157,19.94254505
Vertedero,3,2097,-5.49,36.121667,14.788643,22.5125632
Vertedero,3,2098,-5.49,36.121667,18.45211684,21.6356337
Vertedero,3,2099,-5.49,36.121667,123.8643014,19.65403876
Vertedero,3,2100,-5.49,36.121667,50.69616213,23.12559342
Vertedero,4,2015,-5.49,36.121667,3.980655713,23.404953
Vertedero,4,2016,-5.49,36.121667,13.36775209,23.06498006
Vertedero,4,2017,-5.49,36.121667,14.83714044,22.49856466
Vertedero,4,2018,-5.49,36.121667,82.24227537,19.44521077
Vertedero,4,2019,-5.49,36.121667,77.12049397,20.91682332
Vertedero,4,2020,-5.49,36.121667,23.25563309,22.2982961
Vertedero,4,2021,-5.49,36.121667,66.78630692,19.39346619
Vertedero,4,2022,-5.49,36.121667,92.72191801,20.04153951
Vertedero,4,2023,-5.49,36.121667,100.6587187,19.53804728
Vertedero,4,2024,-5.49,36.121667,20.51298608,19.64022725
Vertedero,4,2025,-5.49,36.121667,87.58683771,20.17597656
Vertedero,4,2026,-5.49,36.121667,39.27687432,18.0254069
Vertedero,4,2027,-5.49,36.121667,15.02544833,22.85118815
Vertedero,4,2028,-5.49,36.121667,12.00675958,21.20065715
Vertedero,4,2029,-5.49,36.121667,12.79855053,20.68458964
Vertedero,4,2030,-5.49,36.121667,33.86599872,20.23392131
Vertedero,4,2031,-5.49,36.121667,17.75187851,23.77697957
Vertedero,4,2032,-5.49,36.121667,18.37237365,20.92613424
Vertedero,4,2033,-5.49,36.121667,64.2680714,20.15046488
Vertedero,4,2034,-5.49,36.121667,4.464093093,22.24663391
Vertedero,4,2035,-5.49,36.121667,23.32128395,21.59934489
Vertedero,4,2036,-5.49,36.121667,49.66983046,22.09711202
Vertedero,4,2037,-5.49,36.121667,45.38788717,23.07462769
Vertedero,4,2038,-5.49,36.121667,72.63027271,22.16807556
Vertedero,4,2039,-5.49,36.121667,103.3021782,19.18808594
Vertedero,4,2040,-5.49,36.121667,22.37906813,20.19878235
Vertedero,4,2041,-5.49,36.121667,12.21303292,20.71324361
Vertedero,4,2042,-5.49,36.121667,35.28012273,23.31028748
Vertedero,4,2043,-5.49,36.121667,12.53522901,20.83139954
Vertedero,4,2044,-5.49,36.121667,2.021543698,21.99908854
Vertedero,4,2045,-5.49,36.121667,16.73784722,23.57995199
Vertedero,4,2046,-5.49,36.121667,50.69292167,19.93380432
Vertedero,4,2047,-5.49,36.121667,3.608340742,20.82638143
Vertedero,4,2048,-5.49,36.121667,57.81667499,18.93541667
Vertedero,4,2049,-5.49,36.121667,25.76143888,20.27698059
Vertedero,4,2050,-5.49,36.121667,76.95763541,21.30731099
Vertedero,4,2051,-5.49,36.121667,32.42907054,21.86648763
Vertedero,4,2052,-5.49,36.121667,72.65502151,20.00681966
Vertedero,4,2053,-5.49,36.121667,49.26148424,20.45228882
Vertedero,4,2054,-5.49,36.121667,30.33899419,21.94662476
Vertedero,4,2055,-5.49,36.121667,7.552555449,19.98684591
Vertedero,4,2056,-5.49,36.121667,34.54237188,22.29776611
Vertedero,4,2057,-5.49,36.121667,74.27741782,20.1756307
Vertedero,4,2058,-5.49,36.121667,25.41697845,22.89624532
Vertedero,4,2059,-5.49,36.121667,31.94116185,23.0083374
Vertedero,4,2060,-5.49,36.121667,45.87011599,21.47875264
Vertedero,4,2061,-5.49,36.121667,18.81859447,23.35246684
Vertedero,4,2062,-5.49,36.121667,3.334546768,25.05774231
Vertedero,4,2063,-5.49,36.121667,46.70489289,20.7737915
Vertedero,4,2064,-5.49,36.121667,4.585088305,20.51081136
Vertedero,4,2065,-5.49,36.121667,31.10435223,21.13448792
Vertedero,4,2066,-5.49,36.121667,6.874346084,22.32328186
Vertedero,4,2067,-5.49,36.121667,74.01342813,24.19507853
Vertedero,4,2068,-5.49,36.121667,10.04373296,24.34998779
Vertedero,4,2069,-5.49,36.121667,28.83692506,23.90877889
Vertedero,4,2070,-5.49,36.121667,0.893463544,24.11826579
Vertedero,4,2071,-5.49,36.121667,53.77110456,19.28363342
Vertedero,4,2072,-5.49,36.121667,19.83168068,23.1609141
Vertedero,4,2073,-5.49,36.121667,6.920531781,22.99986471
Vertedero,4,2074,-5.49,36.121667,12.99181036,22.93513184
Vertedero,4,2075,-5.49,36.121667,12.08374131,22.46289063
Vertedero,4,2076,-5.49,36.121667,4.423289101,25.71515605
Vertedero,4,2077,-5.49,36.121667,26.71296102,25.89384359
Vertedero,4,2078,-5.49,36.121667,33.59086833,24.28667603
Vertedero,4,2079,-5.49,36.121667,7.36912555,25.57664897
Vertedero,4,2080,-5.49,36.121667,35.75298705,22.68789063
Vertedero,4,2081,-5.49,36.121667,10.30941715,25.17541199
Vertedero,4,2082,-5.49,36.121667,10.68838762,23.73879191
Vertedero,4,2083,-5.49,36.121667,15.32856128,24.39773763
Vertedero,4,2084,-5.49,36.121667,34.2307468,21.93379313
Vertedero,4,2085,-5.49,36.121667,63.0308737,20.44694214
Vertedero,4,2086,-5.49,36.121667,18.73536459,25.42998962
Vertedero,4,2087,-5.49,36.121667,80.01965957,20.13539124
Vertedero,4,2088,-5.49,36.121667,93.29528756,20.1483256
Vertedero,4,2089,-5.49,36.121667,3.711285996,24.07202047
Vertedero,4,2090,-5.49,36.121667,32.37368729,22.75519409
Vertedero,4,2091,-5.49,36.121667,4.476351293,27.49152934
Vertedero,4,2092,-5.49,36.121667,10.31374918,23.00045878
Vertedero,4,2093,-5.49,36.121667,20.90195642,23.60532532
Vertedero,4,2094,-5.49,36.121667,36.99996236,22.19503479
Vertedero,4,2095,-5.49,36.121667,9.912651933,24.93919271
Vertedero,4,2096,-5.49,36.121667,44.46250334,20.49072876
Vertedero,4,2097,-5.49,36.121667,26.34021237,23.67076721
Vertedero,4,2098,-5.49,36.121667,58.61984239,21.93360189
Vertedero,4,2099,-5.49,36.121667,114.8409556,23.47563477
Vertedero,4,2100,-5.49,36.121667,3.791755309,25.93705953
Vertedero,5,2015,-5.49,36.121667,58.16540941,22.86013774
Vertedero,5,2016,-5.49,36.121667,1.834066998,25.74349464
Vertedero,5,2017,-5.49,36.121667,93.42162333,20.36495854
Vertedero,5,2018,-5.49,36.121667,78.28705487,20.21862281
Vertedero,5,2019,-5.49,36.121667,25.31276115,24.87792851
Vertedero,5,2020,-5.49,36.121667,54.58055098,22.41468644
Vertedero,5,2021,-5.49,36.121667,27.86227864,24.70034081
Vertedero,5,2022,-5.49,36.121667,62.13990253,20.68107733
Vertedero,5,2023,-5.49,36.121667,26.88615254,21.82459264
Vertedero,5,2024,-5.49,36.121667,2.369956454,25.46537712
Vertedero,5,2025,-5.49,36.121667,34.12198928,23.84593526
Vertedero,5,2026,-5.49,36.121667,19.42082085,23.38517692
Vertedero,5,2027,-5.49,36.121667,16.67343069,25.01183275
Vertedero,5,2028,-5.49,36.121667,20.0057091,23.84448912
Vertedero,5,2029,-5.49,36.121667,5.765145134,26.32799683
Vertedero,5,2030,-5.49,36.121667,40.81464735,23.13285857
Vertedero,5,2031,-5.49,36.121667,20.49486808,27.36313929
Vertedero,5,2032,-5.49,36.121667,24.30248453,23.08749272
Vertedero,5,2033,-5.49,36.121667,12.89635915,25.64649894
Vertedero,5,2034,-5.49,36.121667,12.10925597,25.6425858
Vertedero,5,2035,-5.49,36.121667,109.5829207,21.23448703
Vertedero,5,2036,-5.49,36.121667,4.399180185,29.60547348
Vertedero,5,2037,-5.49,36.121667,35.8063841,25.67613644
Vertedero,5,2038,-5.49,36.121667,83.32516964,22.01158172
Vertedero,5,2039,-5.49,36.121667,25.57297972,24.11029624
Vertedero,5,2040,-5.49,36.121667,38.04815139,23.26771476
Vertedero,5,2041,-5.49,36.121667,33.67692662,23.40778159
Vertedero,5,2042,-5.49,36.121667,7.989324152,26.22965245
Vertedero,5,2043,-5.49,36.121667,44.09057901,24.08665397
Vertedero,5,2044,-5.49,36.121667,2.650556112,24.65412145
Vertedero,5,2045,-5.49,36.121667,2.377850559,26.35464852
Vertedero,5,2046,-5.49,36.121667,14.87578503,23.37835969
Vertedero,5,2047,-5.49,36.121667,22.01604245,22.72511715
Vertedero,5,2048,-5.49,36.121667,11.02518169,23.25666937
Vertedero,5,2049,-5.49,36.121667,10.33900119,26.23152682
Vertedero,5,2050,-5.49,36.121667,8.874975864,23.42030167
Vertedero,5,2051,-5.49,36.121667,2.037817864,26.11187626
Vertedero,5,2052,-5.49,36.121667,8.957750541,23.94659404
Vertedero,5,2053,-5.49,36.121667,28.83591564,23.90516594
Vertedero,5,2054,-5.49,36.121667,0.3731371,27.58833933
Vertedero,5,2055,-5.49,36.121667,16.75410804,25.91262502
Vertedero,5,2056,-5.49,36.121667,20.2816005,26.003846
Vertedero,5,2057,-5.49,36.121667,29.13701513,23.45933267
Vertedero,5,2058,-5.49,36.121667,8.608688406,25.26887739
Vertedero,5,2059,-5.49,36.121667,80.66377704,22.75882529
Vertedero,5,2060,-5.49,36.121667,8.481035627,29.2059334
Vertedero,5,2061,-5.49,36.121667,19.0680734,28.03199994
Vertedero,5,2062,-5.49,36.121667,55.40855788,22.74530797
Vertedero,5,2063,-5.49,36.121667,111.4727683,20.99189296
Vertedero,5,2064,-5.49,36.121667,7.300432736,26.81644248
Vertedero,5,2065,-5.49,36.121667,7.247081221,26.9122657
Vertedero,5,2066,-5.49,36.121667,2.984258415,25.19902167
Vertedero,5,2067,-5.49,36.121667,4.825048621,26.41834855
Vertedero,5,2068,-5.49,36.121667,22.37825378,24.79623984
Vertedero,5,2069,-5.49,36.121667,0.662233415,28.70919977
Vertedero,5,2070,-5.49,36.121667,31.86085273,26.01972794
Vertedero,5,2071,-5.49,36.121667,16.38780819,24.94542551
Vertedero,5,2072,-5.49,36.121667,4.250646118,27.77663673
Vertedero,5,2073,-5.49,36.121667,22.66377376,27.45206063
Vertedero,5,2074,-5.49,36.121667,19.29220268,24.61699928
Vertedero,5,2075,-5.49,36.121667,80.50677201,21.75266369
Vertedero,5,2076,-5.49,36.121667,0.151011823,26.64391775
Vertedero,5,2077,-5.49,36.121667,86.87131131,25.57284625
Vertedero,5,2078,-5.49,36.121667,79.31028081,20.00524489
Vertedero,5,2079,-5.49,36.121667,1.711971766,29.28732772
Vertedero,5,2080,-5.49,36.121667,14.89385303,27.68423639
Vertedero,5,2081,-5.49,36.121667,29.89577408,26.07747606
Vertedero,5,2082,-5.49,36.121667,30.44994209,27.49537688
Vertedero,5,2083,-5.49,36.121667,22.25689927,27.83772406
Vertedero,5,2084,-5.49,36.121667,2.271701907,26.82408762
Vertedero,5,2085,-5.49,36.121667,4.670534858,26.77786432
Vertedero,5,2086,-5.49,36.121667,12.78525258,28.5664218
Vertedero,5,2087,-5.49,36.121667,31.72441508,25.45163043
Vertedero,5,2088,-5.49,36.121667,17.76405291,24.31252638
Vertedero,5,2089,-5.49,36.121667,1.872311651,29.23057783
Vertedero,5,2090,-5.49,36.121667,2.277914309,26.70277434
Vertedero,5,2091,-5.49,36.121667,0.411349852,32.13380757
Vertedero,5,2092,-5.49,36.121667,21.92962724,26.79192899
Vertedero,5,2093,-5.49,36.121667,2.774048664,28.71233127
Vertedero,5,2094,-5.49,36.121667,10.39104529,27.04830224
Vertedero,5,2095,-5.49,36.121667,10.00027642,34.11435114
Vertedero,5,2096,-5.49,36.121667,0.492501364,27.60194131
Vertedero,5,2097,-5.49,36.121667,50.61176686,25.67628902
Vertedero,5,2098,-5.49,36.121667,3.323127741,26.76284672
Vertedero,5,2099,-5.49,36.121667,4.862430735,27.66451022
Vertedero,5,2100,-5.49,36.121667,23.84080347,28.8303388
Vertedero,6,2015,-5.49,36.121667,4.179266097,24.22317912
Vertedero,6,2016,-5.49,36.121667,3.875077983,30.26438599
Vertedero,6,2017,-5.49,36.121667,9.204705881,24.44998779
Vertedero,6,2018,-5.49,36.121667,37.02064186,26.31885173
Vertedero,6,2019,-5.49,36.121667,45.37803578,24.90482992
Vertedero,6,2020,-5.49,36.121667,10.76698647,27.86036072
Vertedero,6,2021,-5.49,36.121667,25.67924159,28.75349426
Vertedero,6,2022,-5.49,36.121667,14.6035622,27.56268412
Vertedero,6,2023,-5.49,36.121667,38.75998566,24.38630575
Vertedero,6,2024,-5.49,36.121667,8.085883232,27.28536784
Vertedero,6,2025,-5.49,36.121667,24.89301033,26.55592143
Vertedero,6,2026,-5.49,36.121667,17.03883053,28.4945516
Vertedero,6,2027,-5.49,36.121667,14.90286178,29.58894755
Vertedero,6,2028,-5.49,36.121667,49.73671253,25.9792572
Vertedero,6,2029,-5.49,36.121667,22.11312284,32.01370646
Vertedero,6,2030,-5.49,36.121667,6.061930122,30.53384196
Vertedero,6,2031,-5.49,36.121667,3.440114508,28.50644938
Vertedero,6,2032,-5.49,36.121667,7.47319731,26.60558472
Vertedero,6,2033,-5.49,36.121667,15.67352916,27.11918132
Vertedero,6,2034,-5.49,36.121667,13.50103264,29.48628947
Vertedero,6,2035,-5.49,36.121667,3.684059464,29.25950012
Vertedero,6,2036,-5.49,36.121667,16.51678389,32.18182373
Vertedero,6,2037,-5.49,36.121667,16.77444086,28.46223246
Vertedero,6,2038,-5.49,36.121667,3.482655993,27.89947713
Vertedero,6,2039,-5.49,36.121667,0.61855203,30.91917725
Vertedero,6,2040,-5.49,36.121667,7.00961674,29.53592733
Vertedero,6,2041,-5.49,36.121667,7.864874756,31.34263509
Vertedero,6,2042,-5.49,36.121667,22.45648817,31.52772827
Vertedero,6,2043,-5.49,36.121667,2.861916394,31.11070557
Vertedero,6,2044,-5.49,36.121667,33.27680756,27.12365112
Vertedero,6,2045,-5.49,36.121667,1.94380266,31.70869649
Vertedero,6,2046,-5.49,36.121667,24.55381319,30.28508708
Vertedero,6,2047,-5.49,36.121667,23.95610931,29.64769389
Vertedero,6,2048,-5.49,36.121667,1.970198009,29.05288798
Vertedero,6,2049,-5.49,36.121667,0.993699212,29.52504578
Vertedero,6,2050,-5.49,36.121667,1.833798384,29.79972738
Vertedero,6,2051,-5.49,36.121667,2.943631702,31.03122355
Vertedero,6,2052,-5.49,36.121667,4.251373112,26.76231384
Vertedero,6,2053,-5.49,36.121667,1.719061862,30.15794983
Vertedero,6,2054,-5.49,36.121667,8.95506026,30.31961568
Vertedero,6,2055,-5.49,36.121667,6.86238134,27.00394999
Vertedero,6,2056,-5.49,36.121667,23.48936692,31.08192037
Vertedero,6,2057,-5.49,36.121667,4.359116234,28.80618998
Vertedero,6,2058,-5.49,36.121667,6.43886557,33.68961995
Vertedero,6,2059,-5.49,36.121667,25.38927611,26.74302979
Vertedero,6,2060,-5.49,36.121667,3.656187239,32.35302531
Vertedero,6,2061,-5.49,36.121667,4.525456467,29.7113444
Vertedero,6,2062,-5.49,36.121667,10.07820036,32.44019267
Vertedero,6,2063,-5.49,36.121667,1.411355008,29.08011678
Vertedero,6,2064,-5.49,36.121667,9.22929482,29.7434316
Vertedero,6,2065,-5.49,36.121667,9.971115258,29.83448588
Vertedero,6,2066,-5.49,36.121667,5.077866736,30.26327209
Vertedero,6,2067,-5.49,36.121667,7.562930627,33.71459249
Vertedero,6,2068,-5.49,36.121667,2.632966264,29.67860514
Vertedero,6,2069,-5.49,36.121667,12.02139964,31.93827413
Vertedero,6,2070,-5.49,36.121667,2.026379678,29.11600037
Vertedero,6,2071,-5.49,36.121667,1.049116402,29.15966288
Vertedero,6,2072,-5.49,36.121667,0.13888885,31.5096995
Vertedero,6,2073,-5.49,36.121667,25.06272693,28.11733398
Vertedero,6,2074,-5.49,36.121667,0.738042565,28.08948059
Vertedero,6,2075,-5.49,36.121667,1.779487306,32.06148987
Vertedero,6,2076,-5.49,36.121667,0.956342786,34.56259664
Vertedero,6,2077,-5.49,36.121667,44.76109946,30.03966878
Vertedero,6,2078,-5.49,36.121667,14.64570569,29.61026713
Vertedero,6,2079,-5.49,36.121667,1.532276241,35.04017436
Vertedero,6,2080,-5.49,36.121667,4.435497642,32.26651408
Vertedero,6,2081,-5.49,36.121667,3.112090905,33.63148905
Vertedero,6,2082,-5.49,36.121667,16.7764739,35.3125824
Vertedero,6,2083,-5.49,36.121667,2.053591341,33.89059041
Vertedero,6,2084,-5.49,36.121667,4.020261553,30.8069692
Vertedero,6,2085,-5.49,36.121667,2.987506135,31.86766866
Vertedero,6,2086,-5.49,36.121667,0.816531273,30.57083842
Vertedero,6,2087,-5.49,36.121667,0.310096052,30.759139
Vertedero,6,2088,-5.49,36.121667,0.676022547,30.1403656
Vertedero,6,2089,-5.49,36.121667,0.411142198,32.25660909
Vertedero,6,2090,-5.49,36.121667,7.060658783,32.91844482
Vertedero,6,2091,-5.49,36.121667,3.002614655,32.22676799
Vertedero,6,2092,-5.49,36.121667,8.377170424,31.33804728
Vertedero,6,2093,-5.49,36.121667,28.55966447,31.442571
Vertedero,6,2094,-5.49,36.121667,0.321762583,35.11186829
Vertedero,6,2095,-5.49,36.121667,1.897151471,34.46496582
Vertedero,6,2096,-5.49,36.121667,28.12709271,31.0926239
Vertedero,6,2097,-5.49,36.121667,1.17506507,31.05032857
Vertedero,6,2098,-5.49,36.121667,0.80817937,32.14435221
Vertedero,6,2099,-5.49,36.121667,10.58061437,33.57809143
Vertedero,6,2100,-5.49,36.121667,19.07839967,35.05990601
Vertedero,7,2015,-5.49,36.121667,6.614376294,32.58215017
Vertedero,7,2016,-5.49,36.121667,7.918615464,32.81746137
Vertedero,7,2017,-5.49,36.121667,11.14929312,31.88871302
Vertedero,7,2018,-5.49,36.121667,39.9903541,28.47158695
Vertedero,7,2019,-5.49,36.121667,5.198329116,31.05904246
Vertedero,7,2020,-5.49,36.121667,1.558689973,31.5941357
Vertedero,7,2021,-5.49,36.121667,3.752513714,33.51770098
Vertedero,7,2022,-5.49,36.121667,0.018460462,32.57700451
Vertedero,7,2023,-5.49,36.121667,0.182822401,28.21475298
Vertedero,7,2024,-5.49,36.121667,3.021994176,30.22302817
Vertedero,7,2025,-5.49,36.121667,7.070899172,32.02799624
Vertedero,7,2026,-5.49,36.121667,2.691632561,30.11186445
Vertedero,7,2027,-5.49,36.121667,0.136364113,32.96609379
Vertedero,7,2028,-5.49,36.121667,12.23129889,31.58398122
Vertedero,7,2029,-5.49,36.121667,2.904963339,34.93783156
Vertedero,7,2030,-5.49,36.121667,2.140051314,30.84563303
Vertedero,7,2031,-5.49,36.121667,4.256755,34.5782833
Vertedero,7,2032,-5.49,36.121667,5.919486947,32.7484946
Vertedero,7,2033,-5.49,36.121667,1.342476263,32.50285664
Vertedero,7,2034,-5.49,36.121667,0.751332261,36.65273438
Vertedero,7,2035,-5.49,36.121667,5.874728993,32.76221865
Vertedero,7,2036,-5.49,36.121667,0.023982674,35.93222322
Vertedero,7,2037,-5.49,36.121667,0.937402377,33.53207181
Vertedero,7,2038,-5.49,36.121667,0.532565176,33.96321923
Vertedero,7,2039,-5.49,36.121667,14.49431165,33.38451932
Vertedero,7,2040,-5.49,36.121667,0.015448835,34.62405277
Vertedero,7,2041,-5.49,36.121667,16.7735271,33.87276119
Vertedero,7,2042,-5.49,36.121667,4.018370159,32.11935405
Vertedero,7,2043,-5.49,36.121667,0.548323308,33.96219345
Vertedero,7,2044,-5.49,36.121667,8.69200097,32.52252178
Vertedero,7,2045,-5.49,36.121667,11.72908024,36.63125295
Vertedero,7,2046,-5.49,36.121667,5.677719827,34.66272937
Vertedero,7,2047,-5.49,36.121667,19.56021717,31.23765397
Vertedero,7,2048,-5.49,36.121667,4.413840916,30.65094959
Vertedero,7,2049,-5.49,36.121667,24.83414637,30.80981426
Vertedero,7,2050,-5.49,36.121667,8.322895885,29.87536109
Vertedero,7,2051,-5.49,36.121667,4.190661808,36.53641416
Vertedero,7,2052,-5.49,36.121667,0.140424609,32.25182101
Vertedero,7,2053,-5.49,36.121667,0.375819776,34.28693592
Vertedero,7,2054,-5.49,36.121667,3.750724479,37.68884356
Vertedero,7,2055,-5.49,36.121667,2.662270077,31.38992191
Vertedero,7,2056,-5.49,36.121667,0.010440688,34.51703157
Vertedero,7,2057,-5.49,36.121667,1.803107934,31.85178085
Vertedero,7,2058,-5.49,36.121667,14.65776195,37.09367105
Vertedero,7,2059,-5.49,36.121667,2.171850543,31.47696002
Vertedero,7,2060,-5.49,36.121667,3.489218007,36.02538058
Vertedero,7,2061,-5.49,36.121667,5.920144703,37.05704306
Vertedero,7,2062,-5.49,36.121667,0.683232376,35.86868759
Vertedero,7,2063,-5.49,36.121667,1.983878843,32.3591474
Vertedero,7,2064,-5.49,36.121667,0.075588221,33.91991282
Vertedero,7,2065,-5.49,36.121667,0.602908351,32.83981993
Vertedero,7,2066,-5.49,36.121667,0.882856371,33.81109009
Vertedero,7,2067,-5.49,36.121667,2.962432906,35.92523961
Vertedero,7,2068,-5.49,36.121667,2.349382888,35.41807881
Vertedero,7,2069,-5.49,36.121667,5.975731027,36.19620322
Vertedero,7,2070,-5.49,36.121667,2.385851386,31.07968612
Vertedero,7,2071,-5.49,36.121667,4.863604403,33.72343474
Vertedero,7,2072,-5.49,36.121667,0.411089692,37.37409806
Vertedero,7,2073,-5.49,36.121667,7.059901102,35.92171729
Vertedero,7,2074,-5.49,36.121667,0.105910736,34.39234855
Vertedero,7,2075,-5.49,36.121667,0.111988494,36.10210178
Vertedero,7,2076,-5.49,36.121667,1.128008526,38.19448045
Vertedero,7,2077,-5.49,36.121667,0.262781512,35.90645063
Vertedero,7,2078,-5.49,36.121667,0.884588108,35.56866632
Vertedero,7,2079,-5.49,36.121667,0.698315177,37.85181137
Vertedero,7,2080,-5.49,36.121667,4.763193397,36.4249049
Vertedero,7,2081,-5.49,36.121667,3.046737887,39.93165126
Vertedero,7,2082,-5.49,36.121667,2.801830998,36.28684338
Vertedero,7,2083,-5.49,36.121667,0.283510166,37.81145433
Vertedero,7,2084,-5.49,36.121667,12.3683819,37.55291531
Vertedero,7,2085,-5.49,36.121667,6.653833015,37.61948695
Vertedero,7,2086,-5.49,36.121667,1.637011998,38.02537665
Vertedero,7,2087,-5.49,36.121667,12.26263362,35.71668248
Vertedero,7,2088,-5.49,36.121667,1.871686346,35.72889739
Vertedero,7,2089,-5.49,36.121667,5.035443549,35.90165937
Vertedero,7,2090,-5.49,36.121667,2.828571385,36.32000221
Vertedero,7,2091,-5.49,36.121667,4.30349689,36.2103742
Vertedero,7,2092,-5.49,36.121667,4.322878494,37.48473511
Vertedero,7,2093,-5.49,36.121667,0.615391958,38.47552667
Vertedero,7,2094,-5.49,36.121667,0.885442085,36.30777745
Vertedero,7,2095,-5.49,36.121667,0.354128004,39.79071616
Vertedero,7,2096,-5.49,36.121667,6.368586479,36.16579688
Vertedero,7,2097,-5.49,36.121667,0.249272864,36.2565788
Vertedero,7,2098,-5.49,36.121667,0.093508269,38.28468549
Vertedero,7,2099,-5.49,36.121667,3.283971616,37.92681767
Vertedero,7,2100,-5.49,36.121667,20.97232642,34.14682873
Vertedero,8,2015,-5.49,36.121667,1.812579913,33.68391153
Vertedero,8,2016,-5.49,36.121667,3.836425513,33.01509321
Vertedero,8,2017,-5.49,36.121667,5.479248107,32.91282191
Vertedero,8,2018,-5.49,36.121667,2.341330866,28.38091431
Vertedero,8,2019,-5.49,36.121667,4.188169134,33.78366168
Vertedero,8,2020,-5.49,36.121667,0.143933367,33.29241431
Vertedero,8,2021,-5.49,36.121667,3.050247327,34.54430542
Vertedero,8,2022,-5.49,36.121667,0.065820155,33.15273339
Vertedero,8,2023,-5.49,36.121667,3.235040197,33.29899627
Vertedero,8,2024,-5.49,36.121667,1.297361922,34.22175628
Vertedero,8,2025,-5.49,36.121667,0.155066824,34.64162401
Vertedero,8,2026,-5.49,36.121667,0.29888228,33.73250142
Vertedero,8,2027,-5.49,36.121667,0.355396956,34.16851689
Vertedero,8,2028,-5.49,36.121667,0.719611516,34.04135014
Vertedero,8,2029,-5.49,36.121667,3.359225426,35.56483883
Vertedero,8,2030,-5.49,36.121667,0.786594811,33.34141964
Vertedero,8,2031,-5.49,36.121667,6.362042601,36.0819966
Vertedero,8,2032,-5.49,36.121667,4.966518812,34.69112549
Vertedero,8,2033,-5.49,36.121667,8.75394219521371e-05,35.15045245
Vertedero,8,2034,-5.49,36.121667,0.77248632,35.16923356
Vertedero,8,2035,-5.49,36.121667,2.656668573,33.83475302
Vertedero,8,2036,-5.49,36.121667,0.000200825,33.72615179
Vertedero,8,2037,-5.49,36.121667,2.430408255,35.36210367
Vertedero,8,2038,-5.49,36.121667,5.7880241191278e-07,34.63381938
Vertedero,8,2039,-5.49,36.121667,0.005243746,33.42732957
Vertedero,8,2040,-5.49,36.121667,1.616749552,34.72909625
Vertedero,8,2041,-5.49,36.121667,7.853370613,33.6143915
Vertedero,8,2042,-5.49,36.121667,0.336482505,36.49224243
Vertedero,8,2043,-5.49,36.121667,0.796275343,34.59725932
Vertedero,8,2044,-5.49,36.121667,0.735153707,34.85718541
Vertedero,8,2045,-5.49,36.121667,6.057568199,33.91633931
Vertedero,8,2046,-5.49,36.121667,3.08244,35.09443793
Vertedero,8,2047,-5.49,36.121667,3.661758672,34.7065979
Vertedero,8,2048,-5.49,36.121667,0.53336823,35.15486076
Vertedero,8,2049,-5.49,36.121667,11.56898796,31.41866455
Vertedero,8,2050,-5.49,36.121667,0.120445045,33.89918351
Vertedero,8,2051,-5.49,36.121667,2.085026505,32.1848054
Vertedero,8,2052,-5.49,36.121667,0.44400246,35.06899906
Vertedero,8,2053,-5.49,36.121667,0.038233,34.17724491
Vertedero,8,2054,-5.49,36.121667,0.107312707,34.07328924
Vertedero,8,2055,-5.49,36.121667,0.000224032,34.77614451
Vertedero,8,2056,-5.49,36.121667,0.10698781,33.0923076
Vertedero,8,2057,-5.49,36.121667,0.18721995,34.28188083
Vertedero,8,2058,-5.49,36.121667,2.800293381,35.68282274
Vertedero,8,2059,-5.49,36.121667,0.021406434,33.11261459
Vertedero,8,2060,-5.49,36.121667,0.77092631,34.57999622
Vertedero,8,2061,-5.49,36.121667,0.160041125,35.89577046
Vertedero,8,2062,-5.49,36.121667,11.51595554,34.73864628
Vertedero,8,2063,-5.49,36.121667,0.609522258,31.48903218
Vertedero,8,2064,-5.49,36.121667,3.216742613,35.87345522
Vertedero,8,2065,-5.49,36.121667,0.316506651,35.26040433
Vertedero,8,2066,-5.49,36.121667,0.91396323,37.40763786
Vertedero,8,2067,-5.49,36.121667,7.964400369,35.08279793
Vertedero,8,2068,-5.49,36.121667,8.52647962,36.91404458
Vertedero,8,2069,-5.49,36.121667,0.010618881,34.74232414
Vertedero,8,2070,-5.49,36.121667,4.759722345,34.14140349
Vertedero,8,2071,-5.49,36.121667,7.843124226,36.08481012
Vertedero,8,2072,-5.49,36.121667,1.658885954,34.23678569
Vertedero,8,2073,-5.49,36.121667,0.000273263,37.28966675
Vertedero,8,2074,-5.49,36.121667,0.378888641,38.20734017
Vertedero,8,2075,-5.49,36.121667,1.579699371,37.32466549
Vertedero,8,2076,-5.49,36.121667,0.815372792,35.88284873
Vertedero,8,2077,-5.49,36.121667,1.698270341,34.64200203
Vertedero,8,2078,-5.49,36.121667,1.224415873,35.47622759
Vertedero,8,2079,-5.49,36.121667,0.648364261,37.72300454
Vertedero,8,2080,-5.49,36.121667,0.176779968,35.68188358
Vertedero,8,2081,-5.49,36.121667,0.369621164,33.12177183
Vertedero,8,2082,-5.49,36.121667,3.371062171,37.63489833
Vertedero,8,2083,-5.49,36.121667,1.198548068,34.43329527
Vertedero,8,2084,-5.49,36.121667,0.947891277,35.1089702
Vertedero,8,2085,-5.49,36.121667,0.861207014,36.53933795
Vertedero,8,2086,-5.49,36.121667,0.040452753,35.55720057
Vertedero,8,2087,-5.49,36.121667,3.188592758,35.43356205
Vertedero,8,2088,-5.49,36.121667,0.181904456,34.54935559
Vertedero,8,2089,-5.49,36.121667,7.161648492,35.71623949
Vertedero,8,2090,-5.49,36.121667,6.54885438911182e-05,36.46599141
Vertedero,8,2091,-5.49,36.121667,2.041437856,38.92225677
Vertedero,8,2092,-5.49,36.121667,0.488792204,38.5452495
Vertedero,8,2093,-5.49,36.121667,0.008700224,37.31197707
Vertedero,8,2094,-5.49,36.121667,1.405136205,39.74673048
Vertedero,8,2095,-5.49,36.121667,1.479205664,37.63531967
Vertedero,8,2096,-5.49,36.121667,0.477066654,35.38764392
Vertedero,8,2097,-5.49,36.121667,0.862698086,37.66111686
Vertedero,8,2098,-5.49,36.121667,0.013817874,35.33694734
Vertedero,8,2099,-5.49,36.121667,0.397587269,39.86949876
Vertedero,8,2100,-5.49,36.121667,0.274781534,35.53255812
Vertedero,9,2015,-5.49,36.121667,10.0610345,28.55563151
Vertedero,9,2016,-5.49,36.121667,1.583939006,29.69663493
Vertedero,9,2017,-5.49,36.121667,1.12663935,30.25051982
Vertedero,9,2018,-5.49,36.121667,46.99559689,28.17325745
Vertedero,9,2019,-5.49,36.121667,15.44030709,27.7295695
Vertedero,9,2020,-5.49,36.121667,5.176320712,28.06356913
Vertedero,9,2021,-5.49,36.121667,0.028165093,31.59545186
Vertedero,9,2022,-5.49,36.121667,8.103545075,29.03036804
Vertedero,9,2023,-5.49,36.121667,3.254719785,27.63254598
Vertedero,9,2024,-5.49,36.121667,20.43909524,27.86826274
Vertedero,9,2025,-5.49,36.121667,7.904002296,30.82803955
Vertedero,9,2026,-5.49,36.121667,14.91149868,29.65047201
Vertedero,9,2027,-5.49,36.121667,3.835008886,30.30138753
Vertedero,9,2028,-5.49,36.121667,29.38268704,29.77480062
Vertedero,9,2029,-5.49,36.121667,2.584425842,29.83621826
Vertedero,9,2030,-5.49,36.121667,40.33529921,28.53342489
Vertedero,9,2031,-5.49,36.121667,45.8376753,29.82638957
Vertedero,9,2032,-5.49,36.121667,20.97934256,30.6774353
Vertedero,9,2033,-5.49,36.121667,5.054163104,29.64972432
Vertedero,9,2034,-5.49,36.121667,54.42464509,28.62459005
Vertedero,9,2035,-5.49,36.121667,9.339237791,31.25997111
Vertedero,9,2036,-5.49,36.121667,1.659962922,31.64155884
Vertedero,9,2037,-5.49,36.121667,5.312906016,31.54193726
Vertedero,9,2038,-5.49,36.121667,1.416570025,31.2628774
Vertedero,9,2039,-5.49,36.121667,1.771028164,31.66185811
Vertedero,9,2040,-5.49,36.121667,2.130221392,30.45791016
Vertedero,9,2041,-5.49,36.121667,23.51457822,28.53762614
Vertedero,9,2042,-5.49,36.121667,7.043902661,29.7775706
Vertedero,9,2043,-5.49,36.121667,8.677808271,29.48277995
Vertedero,9,2044,-5.49,36.121667,57.45632612,28.86291606
Vertedero,9,2045,-5.49,36.121667,0.899320643,31.65069275
Vertedero,9,2046,-5.49,36.121667,40.04431477,28.21285197
Vertedero,9,2047,-5.49,36.121667,1.278571734,30.91669413
Vertedero,9,2048,-5.49,36.121667,5.041441114,30.92924601
Vertedero,9,2049,-5.49,36.121667,32.74884853,28.32526347
Vertedero,9,2050,-5.49,36.121667,4.43189689,33.87539978
Vertedero,9,2051,-5.49,36.121667,3.040729938,30.2391215
Vertedero,9,2052,-5.49,36.121667,10.44938009,31.08060201
Vertedero,9,2053,-5.49,36.121667,0.91029843,32.19137065
Vertedero,9,2054,-5.49,36.121667,24.03279632,28.76825765
Vertedero,9,2055,-5.49,36.121667,4.599529882,31.9601827
Vertedero,9,2056,-5.49,36.121667,6.37098657,31.77308044
Vertedero,9,2057,-5.49,36.121667,4.709285911,30.57212016
Vertedero,9,2058,-5.49,36.121667,15.05280191,31.40626119
Vertedero,9,2059,-5.49,36.121667,2.213997984,29.19277344
Vertedero,9,2060,-5.49,36.121667,0.000281201,29.71391907
Vertedero,9,2061,-5.49,36.121667,16.71133126,32.2214386
Vertedero,9,2062,-5.49,36.121667,7.259377297,31.51443583
Vertedero,9,2063,-5.49,36.121667,2.356064337,30.97342224
Vertedero,9,2064,-5.49,36.121667,22.796601,31.90858053
Vertedero,9,2065,-5.49,36.121667,8.545749622,30.7799408
Vertedero,9,2066,-5.49,36.121667,6.206967273,30.45432943
Vertedero,9,2067,-5.49,36.121667,0.295801765,31.28473918
Vertedero,9,2068,-5.49,36.121667,5.862376263,32.55746663
Vertedero,9,2069,-5.49,36.121667,4.033959499,31.83783061
Vertedero,9,2070,-5.49,36.121667,2.981367424,31.65957947
Vertedero,9,2071,-5.49,36.121667,6.568766053,30.61669515
Vertedero,9,2072,-5.49,36.121667,22.29211216,29.98851217
Vertedero,9,2073,-5.49,36.121667,17.30209967,32.18113302
Vertedero,9,2074,-5.49,36.121667,29.31142183,32.10409342
Vertedero,9,2075,-5.49,36.121667,4.326945961,32.93305969
Vertedero,9,2076,-5.49,36.121667,17.43430007,29.1223114
Vertedero,9,2077,-5.49,36.121667,1.250018519,33.02405802
Vertedero,9,2078,-5.49,36.121667,2.912348486,32.94689738
Vertedero,9,2079,-5.49,36.121667,3.013435416,34.40709025
Vertedero,9,2080,-5.49,36.121667,0.349422194,32.22659505
Vertedero,9,2081,-5.49,36.121667,10.44266146,33.7454071
Vertedero,9,2082,-5.49,36.121667,2.188149752,33.23472493
Vertedero,9,2083,-5.49,36.121667,0.582367109,32.89139811
Vertedero,9,2084,-5.49,36.121667,6.198372161,34.95570984
Vertedero,9,2085,-5.49,36.121667,4.397201831,33.63905131
Vertedero,9,2086,-5.49,36.121667,9.830974482,31.44564718
Vertedero,9,2087,-5.49,36.121667,2.375005861,32.17148641
Vertedero,9,2088,-5.49,36.121667,4.216863032,31.20906576
Vertedero,9,2089,-5.49,36.121667,29.32064327,30.79909058
Vertedero,9,2090,-5.49,36.121667,16.25387439,31.35024109
Vertedero,9,2091,-5.49,36.121667,0.679011165,32.70965678
Vertedero,9,2092,-5.49,36.121667,9.373098957,34.33897909
Vertedero,9,2093,-5.49,36.121667,9.093137395,33.46183268
Vertedero,9,2094,-5.49,36.121667,0.773676636,31.99041138
Vertedero,9,2095,-5.49,36.121667,9.575280971,32.21494548
Vertedero,9,2096,-5.49,36.121667,4.996537537,32.89479268
Vertedero,9,2097,-5.49,36.121667,3.423957874,33.36339518
Vertedero,9,2098,-5.49,36.121667,5.425318349,34.85333455
Vertedero,9,2099,-5.49,36.121667,0.337147171,35.29749756
Vertedero,9,2100,-5.49,36.121667,1.588211784,35.38831482