pop,month,year,lon,lat,cum_rain,mean_max_temp
Bujeo,1,2015,-5.52654,36.072461,66.1193295,17.34300163
Bujeo,1,2016,-5.52654,36.072461,57.21158411,15.77746956
Bujeo,1,2017,-5.52654,36.072461,178.4207132,17.9363549
Bujeo,1,2018,-5.52654,36.072461,129.98147,13.96371637
Bujeo,1,2019,-5.52654,36.072461,28.69495129,15.87247964
Bujeo,1,2020,-5.52654,36.072461,233.8872752,16.14091915
Bujeo,1,2021,-5.52654,36.072461,54.42933431,15.55517362
Bujeo,1,2022,-5.52654,36.072461,206.6460612,16.05362313
Bujeo,1,2023,-5.52654,36.072461,69.26431408,15.90547997
Bujeo,1,2024,-5.52654,36.072461,214.7685841,16.01212316
Bujeo,1,2025,-5.52654,36.072461,213.9815871,16.45522855
Bujeo,1,2026,-5.52654,36.072461,152.9181215,16.49133675
Bujeo,1,2027,-5.52654,36.072461,69.40976034,14.86653659
Bujeo,1,2028,-5.52654,36.072461,68.24602503,15.18717691
Bujeo,1,2029,-5.52654,36.072461,24.75171433,15.83766007
Bujeo,1,2030,-5.52654,36.072461,238.99491,16.38363037
Bujeo,1,2031,-5.52654,36.072461,401.1973712,18.28967462
Bujeo,1,2032,-5.52654,36.072461,125.9314813,15.41761219
Bujeo,1,2033,-5.52654,36.072461,31.69033527,15.52134045
Bujeo,1,2034,-5.52654,36.072461,58.68201467,17.01493865
Bujeo,1,2035,-5.52654,36.072461,29.47420123,14.0230071
Bujeo,1,2036,-5.52654,36.072461,85.20247708,17.70997748
Bujeo,1,2037,-5.52654,36.072461,2.102828739,16.47532782
Bujeo,1,2038,-5.52654,36.072461,142.6900271,15.94569525
Bujeo,1,2039,-5.52654,36.072461,8.269460832,17.22153872
Bujeo,1,2040,-5.52654,36.072461,62.4857074,19.35255855
Bujeo,1,2041,-5.52654,36.072461,43.61644376,16.45868885
Bujeo,1,2042,-5.52654,36.072461,15.74993186,15.86842179
Bujeo,1,2043,-5.52654,36.072461,43.31716405,17.80753331
Bujeo,1,2044,-5.52654,36.072461,9.99645777,16.28249512
Bujeo,1,2045,-5.52654,36.072461,14.9145059,18.16295776
Bujeo,1,2046,-5.52654,36.072461,40.95983238,18.21079653
Bujeo,1,2047,-5.52654,36.072461,48.54243572,17.38553723
Bujeo,1,2048,-5.52654,36.072461,65.17252702,18.211589
Bujeo,1,2049,-5.52654,36.072461,34.42659183,17.33464474
Bujeo,1,2050,-5.52654,36.072461,115.3530669,17.6824585
Bujeo,1,2051,-5.52654,36.072461,68.40024589,15.84715793
Bujeo,1,2052,-5.52654,36.072461,76.37381549,16.81024347
Bujeo,1,2053,-5.52654,36.072461,102.9845394,17.13182885
Bujeo,1,2054,-5.52654,36.072461,31.19042488,16.35715686
Bujeo,1,2055,-5.52654,36.072461,96.12233519,16.24356749
Bujeo,1,2056,-5.52654,36.072461,69.11144828,15.03660711
Bujeo,1,2057,-5.52654,36.072461,55.9913868,17.73322301
Bujeo,1,2058,-5.52654,36.072461,40.65313925,18.30957405
Bujeo,1,2059,-5.52654,36.072461,9.329049264,18.32330007
Bujeo,1,2060,-5.52654,36.072461,21.39327293,18.89573994
Bujeo,1,2061,-5.52654,36.072461,52.91883018,19.13594183
Bujeo,1,2062,-5.52654,36.072461,55.30131277,17.52674698
Bujeo,1,2063,-5.52654,36.072461,96.98163578,16.77537074
Bujeo,1,2064,-5.52654,36.072461,174.6845719,17.95499031
Bujeo,1,2065,-5.52654,36.072461,69.28127162,18.06575534
Bujeo,1,2066,-5.52654,36.072461,74.48690589,18.77716242
Bujeo,1,2067,-5.52654,36.072461,78.07267171,16.58883352
Bujeo,1,2068,-5.52654,36.072461,23.27532333,16.83009368
Bujeo,1,2069,-5.52654,36.072461,97.54866447,16.9859942
Bujeo,1,2070,-5.52654,36.072461,94.63976817,18.66681085
Bujeo,1,2071,-5.52654,36.072461,47.00980268,17.13422792
Bujeo,1,2072,-5.52654,36.072461,6.41804877,19.27200002
Bujeo,1,2073,-5.52654,36.072461,120.4733055,17.27377004
Bujeo,1,2074,-5.52654,36.072461,7.350325528,19.01687898
Bujeo,1,2075,-5.52654,36.072461,25.31881096,16.80016676
Bujeo,1,2076,-5.52654,36.072461,166.6000212,19.87186141
Bujeo,1,2077,-5.52654,36.072461,70.30262577,18.18748602
Bujeo,1,2078,-5.52654,36.072461,43.58355421,16.67800096
Bujeo,1,2079,-5.52654,36.072461,25.76971955,18.40030675
Bujeo,1,2080,-5.52654,36.072461,26.07396156,16.34296619
Bujeo,1,2081,-5.52654,36.072461,7.204639962,18.14530974
Bujeo,1,2082,-5.52654,36.072461,131.2066879,19.74732312
Bujeo,1,2083,-5.52654,36.072461,39.20975823,18.77698128
Bujeo,1,2084,-5.52654,36.072461,148.512443,19.03130592
Bujeo,1,2085,-5.52654,36.072461,101.2722626,20.22890133
Bujeo,1,2086,-5.52654,36.072461,53.94588452,17.12484623
Bujeo,1,2087,-5.52654,36.072461,207.2944868,19.11107788
Bujeo,1,2088,-5.52654,36.072461,72.07851554,16.06226354
Bujeo,1,2089,-5.52654,36.072461,36.1307427,17.58256363
Bujeo,1,2090,-5.52654,36.072461,28.04934924,19.8979569
Bujeo,1,2091,-5.52654,36.072461,60.75611901,19.47211067
Bujeo,1,2092,-5.52654,36.072461,86.28511146,19.61148445
Bujeo,1,2093,-5.52654,36.072461,96.90557016,18.14048206
Bujeo,1,2094,-5.52654,36.072461,28.82275438,20.05463907
Bujeo,1,2095,-5.52654,36.072461,35.05991963,19.3890812
Bujeo,1,2096,-5.52654,36.072461,26.24699866,19.91243995
Bujeo,1,2097,-5.52654,36.072461,148.4314452,18.84979524
Bujeo,1,2098,-5.52654,36.072461,24.01823113,19.62335579
Bujeo,1,2099,-5.52654,36.072461,22.8506311,19.75897591
Bujeo,1,2100,-5.52654,36.072461,20.98834983,19.64658361
Bujeo,10,2015,-5.52654,36.072461,15.44017083,24.73675714
Bujeo,10,2016,-5.52654,36.072461,39.60625182,23.28149887
Bujeo,10,2017,-5.52654,36.072461,24.19350816,22.29800691
Bujeo,10,2018,-5.52654,36.072461,1.283838535,23.03131674
Bujeo,10,2019,-5.52654,36.072461,47.76849896,22.63915799
Bujeo,10,2020,-5.52654,36.072461,3.262712547,22.62743727
Bujeo,10,2021,-5.52654,36.072461,3.855712965,23.13370519
Bujeo,10,2022,-5.52654,36.072461,1.654371845,24.45865833
Bujeo,10,2023,-5.52654,36.072461,8.689945505,23.34764424
Bujeo,10,2024,-5.52654,36.072461,12.78237832,22.73589478
Bujeo,10,2025,-5.52654,36.072461,60.91162959,23.69065493
Bujeo,10,2026,-5.52654,36.072461,47.55424277,22.43755099
Bujeo,10,2027,-5.52654,36.072461,10.0861359,22.81773012
Bujeo,10,2028,-5.52654,36.072461,2.346219187,23.52618389
Bujeo,10,2029,-5.52654,36.072461,0.400275648,22.99883226
Bujeo,10,2030,-5.52654,36.072461,26.81341938,23.68567564
Bujeo,10,2031,-5.52654,36.072461,36.98210951,23.65132564
Bujeo,10,2032,-5.52654,36.072461,52.16735795,21.68052604
Bujeo,10,2033,-5.52654,36.072461,66.66760794,24.15465895
Bujeo,10,2034,-5.52654,36.072461,34.19528525,23.52340679
Bujeo,10,2035,-5.52654,36.072461,1.551109506,24.20463592
Bujeo,10,2036,-5.52654,36.072461,6.180247801,23.98032483
Bujeo,10,2037,-5.52654,36.072461,42.14328421,22.95244653
Bujeo,10,2038,-5.52654,36.072461,12.05590923,22.68854134
Bujeo,10,2039,-5.52654,36.072461,3.721463061,23.59591261
Bujeo,10,2040,-5.52654,36.072461,46.62949089,23.82654576
Bujeo,10,2041,-5.52654,36.072461,24.15664466,24.44236588
Bujeo,10,2042,-5.52654,36.072461,11.54953194,23.37972215
Bujeo,10,2043,-5.52654,36.072461,5.445372929,23.93096806
Bujeo,10,2044,-5.52654,36.072461,13.00074935,23.21158605
Bujeo,10,2045,-5.52654,36.072461,0.354032738,23.80134415
Bujeo,10,2046,-5.52654,36.072461,0.865952222,24.17721735
Bujeo,10,2047,-5.52654,36.072461,63.46297205,23.83977267
Bujeo,10,2048,-5.52654,36.072461,2.417645891,24.397634
Bujeo,10,2049,-5.52654,36.072461,13.00550857,23.40262412
Bujeo,10,2050,-5.52654,36.072461,11.7215933,23.24053246
Bujeo,10,2051,-5.52654,36.072461,0.159819858,23.11693726
Bujeo,10,2052,-5.52654,36.072461,0.623514735,24.2684275
Bujeo,10,2053,-5.52654,36.072461,30.9139603,23.72995861
Bujeo,10,2054,-5.52654,36.072461,2.846640259,24.23165874
Bujeo,10,2055,-5.52654,36.072461,14.44799446,23.71048249
Bujeo,10,2056,-5.52654,36.072461,14.06279283,24.3149668
Bujeo,10,2057,-5.52654,36.072461,24.67495501,22.53393929
Bujeo,10,2058,-5.52654,36.072461,132.1601318,24.29683346
Bujeo,10,2059,-5.52654,36.072461,20.41504583,23.98485915
Bujeo,10,2060,-5.52654,36.072461,32.99140022,24.41711209
Bujeo,10,2061,-5.52654,36.072461,50.84356633,25.07287381
Bujeo,10,2062,-5.52654,36.072461,36.26898022,23.00886861
Bujeo,10,2063,-5.52654,36.072461,9.606213023,24.76989628
Bujeo,10,2064,-5.52654,36.072461,7.568121463,23.08296528
Bujeo,10,2065,-5.52654,36.072461,2.469943932,24.95663531
Bujeo,10,2066,-5.52654,36.072461,1.362234777,24.79218789
Bujeo,10,2067,-5.52654,36.072461,31.98499039,24.44127414
Bujeo,10,2068,-5.52654,36.072461,7.253758586,23.91873838
Bujeo,10,2069,-5.52654,36.072461,6.485241163,24.53386939
Bujeo,10,2070,-5.52654,36.072461,2.03855846,23.63633167
Bujeo,10,2071,-5.52654,36.072461,44.7411473,25.07937012
Bujeo,10,2072,-5.52654,36.072461,4.781855898,25.33459158
Bujeo,10,2073,-5.52654,36.072461,21.23640281,25.33815032
Bujeo,10,2074,-5.52654,36.072461,4.149763638,25.86099617
Bujeo,10,2075,-5.52654,36.072461,4.728241716,26.3238169
Bujeo,10,2076,-5.52654,36.072461,12.94459038,25.09338556
Bujeo,10,2077,-5.52654,36.072461,20.41190594,25.65807692
Bujeo,10,2078,-5.52654,36.072461,9.465465951,23.69526997
Bujeo,10,2079,-5.52654,36.072461,3.0151654,25.24161731
Bujeo,10,2080,-5.52654,36.072461,31.95461827,25.2937689
Bujeo,10,2081,-5.52654,36.072461,17.82105506,24.71261675
Bujeo,10,2082,-5.52654,36.072461,1.564521947,25.26969152
Bujeo,10,2083,-5.52654,36.072461,4.547198044,26.17793205
Bujeo,10,2084,-5.52654,36.072461,61.80934023,25.72850755
Bujeo,10,2085,-5.52654,36.072461,30.84294524,26.48804774
Bujeo,10,2086,-5.52654,36.072461,34.53930424,24.74512388
Bujeo,10,2087,-5.52654,36.072461,22.21255831,25.68517358
Bujeo,10,2088,-5.52654,36.072461,0.225245914,26.29870487
Bujeo,10,2089,-5.52654,36.072461,52.94904682,25.23329291
Bujeo,10,2090,-5.52654,36.072461,11.92756585,26.36545272
Bujeo,10,2091,-5.52654,36.072461,43.59516211,24.51658365
Bujeo,10,2092,-5.52654,36.072461,3.438575351,26.76110328
Bujeo,10,2093,-5.52654,36.072461,37.55323403,25.77708071
Bujeo,10,2094,-5.52654,36.072461,1.060055764,25.94539598
Bujeo,10,2095,-5.52654,36.072461,0.219057862,26.20524233
Bujeo,10,2096,-5.52654,36.072461,58.24650714,23.32815138
Bujeo,10,2097,-5.52654,36.072461,25.52768397,26.97244538
Bujeo,10,2098,-5.52654,36.072461,6.659079808,27.29386045
Bujeo,10,2099,-5.52654,36.072461,0.264410344,26.73434429
Bujeo,10,2100,-5.52654,36.072461,15.73520608,27.47098251
Bujeo,11,2015,-5.52654,36.072461,158.3537176,18.5456248
Bujeo,11,2016,-5.52654,36.072461,12.37754696,18.90393778
Bujeo,11,2017,-5.52654,36.072461,85.09187484,17.9969696
Bujeo,11,2018,-5.52654,36.072461,18.85328121,18.90381063
Bujeo,11,2019,-5.52654,36.072461,37.33298467,18.96019694
Bujeo,11,2020,-5.52654,36.072461,28.1040676,20.29174398
Bujeo,11,2021,-5.52654,36.072461,48.21627779,19.56145732
Bujeo,11,2022,-5.52654,36.072461,16.50105938,19.69517314
Bujeo,11,2023,-5.52654,36.072461,10.23776189,20.45146281
Bujeo,11,2024,-5.52654,36.072461,199.1460553,18.26135763
Bujeo,11,2025,-5.52654,36.072461,46.90996785,16.74965108
Bujeo,11,2026,-5.52654,36.072461,20.20383457,17.5785085
Bujeo,11,2027,-5.52654,36.072461,104.2597178,18.67705892
Bujeo,11,2028,-5.52654,36.072461,12.60997055,19.72351278
Bujeo,11,2029,-5.52654,36.072461,83.05937518,17.21014303
Bujeo,11,2030,-5.52654,36.072461,3.752773166,21.81031189
Bujeo,11,2031,-5.52654,36.072461,14.80967565,20.14857686
Bujeo,11,2032,-5.52654,36.072461,26.88211488,18.52187297
Bujeo,11,2033,-5.52654,36.072461,38.23547752,18.21203613
Bujeo,11,2034,-5.52654,36.072461,72.44908664,18.38846537
Bujeo,11,2035,-5.52654,36.072461,29.32980695,20.32336222
Bujeo,11,2036,-5.52654,36.072461,27.82576472,18.72164612
Bujeo,11,2037,-5.52654,36.072461,26.70297413,18.52592977
Bujeo,11,2038,-5.52654,36.072461,137.7455976,19.66268412
Bujeo,11,2039,-5.52654,36.072461,24.71485357,19.9322286
Bujeo,11,2040,-5.52654,36.072461,22.17032241,18.91590068
Bujeo,11,2041,-5.52654,36.072461,42.89670585,18.40956523
Bujeo,11,2042,-5.52654,36.072461,122.8113034,20.09057109
Bujeo,11,2043,-5.52654,36.072461,105.4925793,20.4293986
Bujeo,11,2044,-5.52654,36.072461,2.325869569,19.36462301
Bujeo,11,2045,-5.52654,36.072461,12.96240664,21.13926799
Bujeo,11,2046,-5.52654,36.072461,129.7686045,20.03913167
Bujeo,11,2047,-5.52654,36.072461,69.75704362,19.55420024
Bujeo,11,2048,-5.52654,36.072461,51.43901946,19.05449524
Bujeo,11,2049,-5.52654,36.072461,11.34226776,19.00945333
Bujeo,11,2050,-5.52654,36.072461,10.53712206,21.33468933
Bujeo,11,2051,-5.52654,36.072461,58.34208986,20.4585083
Bujeo,11,2052,-5.52654,36.072461,94.48673264,19.13187764
Bujeo,11,2053,-5.52654,36.072461,41.73792589,19.88599548
Bujeo,11,2054,-5.52654,36.072461,4.253331973,19.7759196
Bujeo,11,2055,-5.52654,36.072461,31.27762225,19.0817159
Bujeo,11,2056,-5.52654,36.072461,94.84800255,20.71854146
Bujeo,11,2057,-5.52654,36.072461,21.58457477,19.77994181
Bujeo,11,2058,-5.52654,36.072461,45.00403668,19.79146118
Bujeo,11,2059,-5.52654,36.072461,1.989103142,21.31943563
Bujeo,11,2060,-5.52654,36.072461,40.31831592,20.2830658
Bujeo,11,2061,-5.52654,36.072461,2.522902342,20.42716777
Bujeo,11,2062,-5.52654,36.072461,20.41403758,20.74321086
Bujeo,11,2063,-5.52654,36.072461,62.12344261,20.00691732
Bujeo,11,2064,-5.52654,36.072461,8.172869551,19.27209269
Bujeo,11,2065,-5.52654,36.072461,40.74547008,20.10933329
Bujeo,11,2066,-5.52654,36.072461,43.44669783,20.48884888
Bujeo,11,2067,-5.52654,36.072461,50.69752162,20.54871114
Bujeo,11,2068,-5.52654,36.072461,74.75415622,18.31413371
Bujeo,11,2069,-5.52654,36.072461,23.98015708,21.25159607
Bujeo,11,2070,-5.52654,36.072461,19.21406186,19.63034261
Bujeo,11,2071,-5.52654,36.072461,8.787354154,19.78879598
Bujeo,11,2072,-5.52654,36.072461,4.597824656,22.05874939
Bujeo,11,2073,-5.52654,36.072461,38.21999625,19.86962179
Bujeo,11,2074,-5.52654,36.072461,0.932073556,20.86051331
Bujeo,11,2075,-5.52654,36.072461,43.29305018,22.36276957
Bujeo,11,2076,-5.52654,36.072461,5.444799695,23.05293172
Bujeo,11,2077,-5.52654,36.072461,32.57100081,21.26559855
Bujeo,11,2078,-5.52654,36.072461,1.280215938,20.29216207
Bujeo,11,2079,-5.52654,36.072461,4.449051697,22.54946696
Bujeo,11,2080,-5.52654,36.072461,10.53884549,22.90463765
Bujeo,11,2081,-5.52654,36.072461,10.34117451,21.89438375
Bujeo,11,2082,-5.52654,36.072461,36.00781218,21.75509644
Bujeo,11,2083,-5.52654,36.072461,32.32803563,20.67359823
Bujeo,11,2084,-5.52654,36.072461,34.15926598,21.1958547
Bujeo,11,2085,-5.52654,36.072461,29.81328469,21.59155884
Bujeo,11,2086,-5.52654,36.072461,36.19785612,22.25036011
Bujeo,11,2087,-5.52654,36.072461,4.53118114,21.62540283
Bujeo,11,2088,-5.52654,36.072461,29.95682357,20.75360921
Bujeo,11,2089,-5.52654,36.072461,47.3845258,20.49185689
Bujeo,11,2090,-5.52654,36.072461,2.569159652,22.29539897
Bujeo,11,2091,-5.52654,36.072461,1.106452241,21.07278951
Bujeo,11,2092,-5.52654,36.072461,22.28852086,22.01242574
Bujeo,11,2093,-5.52654,36.072461,6.86834029,22.63039958
Bujeo,11,2094,-5.52654,36.072461,3.655000312,23.24848429
Bujeo,11,2095,-5.52654,36.072461,0.894522757,22.51877441
Bujeo,11,2096,-5.52654,36.072461,52.52827045,21.98928731
Bujeo,11,2097,-5.52654,36.072461,8.507751063,23.47358195
Bujeo,11,2098,-5.52654,36.072461,39.2114115,22.08353475
Bujeo,11,2099,-5.52654,36.072461,4.696499301,22.462087
Bujeo,11,2100,-5.52654,36.072461,17.13491278,22.4661204
Bujeo,12,2015,-5.52654,36.072461,95.84952936,16.42761211
Bujeo,12,2016,-5.52654,36.072461,60.22675595,16.58194478
Bujeo,12,2017,-5.52654,36.072461,74.07859199,17.01546532
Bujeo,12,2018,-5.52654,36.072461,64.59155555,15.93820269
Bujeo,12,2019,-5.52654,36.072461,16.40315982,15.22247295
Bujeo,12,2020,-5.52654,36.072461,73.81833773,17.06790287
Bujeo,12,2021,-5.52654,36.072461,78.25046174,16.20009864
Bujeo,12,2022,-5.52654,36.072461,19.57557212,17.37659065
Bujeo,12,2023,-5.52654,36.072461,220.2703104,16.42047789
Bujeo,12,2024,-5.52654,36.072461,225.6845375,17.54208069
Bujeo,12,2025,-5.52654,36.072461,53.88734339,15.70003071
Bujeo,12,2026,-5.52654,36.072461,95.83356394,16.5244877
Bujeo,12,2027,-5.52654,36.072461,179.1066743,16.11288137
Bujeo,12,2028,-5.52654,36.072461,21.25291569,17.8063385
Bujeo,12,2029,-5.52654,36.072461,130.266975,16.69280297
Bujeo,12,2030,-5.52654,36.072461,10.76127064,18.26662191
Bujeo,12,2031,-5.52654,36.072461,53.64579273,16.76043288
Bujeo,12,2032,-5.52654,36.072461,34.62500224,16.06509603
Bujeo,12,2033,-5.52654,36.072461,25.74862278,17.98288732
Bujeo,12,2034,-5.52654,36.072461,264.3344392,16.37739986
Bujeo,12,2035,-5.52654,36.072461,50.41900057,17.43662562
Bujeo,12,2036,-5.52654,36.072461,43.45226396,16.86477966
Bujeo,12,2037,-5.52654,36.072461,2.731655244,16.98266385
Bujeo,12,2038,-5.52654,36.072461,35.62225183,17.95411121
Bujeo,12,2039,-5.52654,36.072461,95.10013084,19.53414504
Bujeo,12,2040,-5.52654,36.072461,24.23554022,17.77208862
Bujeo,12,2041,-5.52654,36.072461,29.88574548,16.93306294
Bujeo,12,2042,-5.52654,36.072461,79.86634483,18.82302738
Bujeo,12,2043,-5.52654,36.072461,158.1885501,18.05872547
Bujeo,12,2044,-5.52654,36.072461,42.54439261,18.69968465
Bujeo,12,2045,-5.52654,36.072461,41.84049637,17.52773438
Bujeo,12,2046,-5.52654,36.072461,61.51811416,17.15353275
Bujeo,12,2047,-5.52654,36.072461,55.69699566,19.98124035
Bujeo,12,2048,-5.52654,36.072461,107.6138702,18.78388672
Bujeo,12,2049,-5.52654,36.072461,43.17347541,17.71544209
Bujeo,12,2050,-5.52654,36.072461,65.74846199,17.59974976
Bujeo,12,2051,-5.52654,36.072461,72.68877028,17.38865691
Bujeo,12,2052,-5.52654,36.072461,68.75250986,15.23215535
Bujeo,12,2053,-5.52654,36.072461,125.8236099,17.38928301
Bujeo,12,2054,-5.52654,36.072461,15.38641144,17.52092403
Bujeo,12,2055,-5.52654,36.072461,112.6868305,15.74718825
Bujeo,12,2056,-5.52654,36.072461,4.938726593,17.11012777
Bujeo,12,2057,-5.52654,36.072461,274.8599881,17.98993097
Bujeo,12,2058,-5.52654,36.072461,6.545461839,18.5165236
Bujeo,12,2059,-5.52654,36.072461,185.9493095,17.13017696
Bujeo,12,2060,-5.52654,36.072461,7.207431695,17.87895908
Bujeo,12,2061,-5.52654,36.072461,3.746891486,18.18228819
Bujeo,12,2062,-5.52654,36.072461,19.78543525,17.61289909
Bujeo,12,2063,-5.52654,36.072461,17.48105462,18.1254241
Bujeo,12,2064,-5.52654,36.072461,37.97137633,18.13805339
Bujeo,12,2065,-5.52654,36.072461,11.18422795,18.76885278
Bujeo,12,2066,-5.52654,36.072461,145.4055341,17.94351078
Bujeo,12,2067,-5.52654,36.072461,70.06515107,18.74447612
Bujeo,12,2068,-5.52654,36.072461,38.50067804,18.37334798
Bujeo,12,2069,-5.52654,36.072461,71.54921366,18.71142362
Bujeo,12,2070,-5.52654,36.072461,40.12132756,17.96351624
Bujeo,12,2071,-5.52654,36.072461,82.87583488,17.13550376
Bujeo,12,2072,-5.52654,36.072461,81.41066108,16.81687317
Bujeo,12,2073,-5.52654,36.072461,19.85052607,17.77664952
Bujeo,12,2074,-5.52654,36.072461,69.18338486,17.9635185
Bujeo,12,2075,-5.52654,36.072461,42.41708874,17.44905415
Bujeo,12,2076,-5.52654,36.072461,15.88093771,19.21391296
Bujeo,12,2077,-5.52654,36.072461,123.8745181,19.95691194
Bujeo,12,2078,-5.52654,36.072461,27.97958706,19.66691225
Bujeo,12,2079,-5.52654,36.072461,53.94873665,20.76598019
Bujeo,12,2080,-5.52654,36.072461,15.68768603,18.12633141
Bujeo,12,2081,-5.52654,36.072461,81.21910377,21.080959
Bujeo,12,2082,-5.52654,36.072461,18.51544395,19.62594191
Bujeo,12,2083,-5.52654,36.072461,18.86968352,20.07063717
Bujeo,12,2084,-5.52654,36.072461,92.75533963,20.46248067
Bujeo,12,2085,-5.52654,36.072461,19.89737412,20.06431412
Bujeo,12,2086,-5.52654,36.072461,139.1566522,18.50326223
Bujeo,12,2087,-5.52654,36.072461,86.20728455,18.69331488
Bujeo,12,2088,-5.52654,36.072461,77.52564548,19.52450358
Bujeo,12,2089,-5.52654,36.072461,21.83974574,19.73219034
Bujeo,12,2090,-5.52654,36.072461,9.243940148,21.10591431
Bujeo,12,2091,-5.52654,36.072461,21.03497825,17.23090663
Bujeo,12,2092,-5.52654,36.072461,128.7082065,19.80504557
Bujeo,12,2093,-5.52654,36.072461,96.10037017,19.78619562
Bujeo,12,2094,-5.52654,36.072461,28.08338559,19.97979224
Bujeo,12,2095,-5.52654,36.072461,33.04868248,20.4342482
Bujeo,12,2096,-5.52654,36.072461,72.83384204,20.43526103
Bujeo,12,2097,-5.52654,36.072461,24.87392049,20.77764085
Bujeo,12,2098,-5.52654,36.072461,2.374488469,20.40965694
Bujeo,12,2099,-5.52654,36.072461,156.3346937,19.96675435
Bujeo,12,2100,-5.52654,36.072461,11.53746834,19.43691203
Bujeo,2,2015,-5.52654,36.072461,63.52952165,17.71156682
Bujeo,2,2016,-5.52654,36.072461,8.770264028,16.67614557
Bujeo,2,2017,-5.52654,36.072461,9.906995906,17.11281302
Bujeo,2,2018,-5.52654,36.072461,4.601353831,16.36275635
Bujeo,2,2019,-5.52654,36.072461,102.1852246,17.78094635
Bujeo,2,2020,-5.52654,36.072461,110.1114468,18.74446601
Bujeo,2,2021,-5.52654,36.072461,19.16019315,16.01241019
Bujeo,2,2022,-5.52654,36.072461,17.29570766,16.05948465
Bujeo,2,2023,-5.52654,36.072461,16.12397491,17.94716579
Bujeo,2,2024,-5.52654,36.072461,25.26339114,16.89137763
Bujeo,2,2025,-5.52654,36.072461,159.934054,16.70812814
Bujeo,2,2026,-5.52654,36.072461,11.23149329,16.57631727
Bujeo,2,2027,-5.52654,36.072461,15.25601011,16.76289193
Bujeo,2,2028,-5.52654,36.072461,50.98503125,16.61374449
Bujeo,2,2029,-5.52654,36.072461,49.30178237,17.02803955
Bujeo,2,2030,-5.52654,36.072461,55.18079199,16.07852107
Bujeo,2,2031,-5.52654,36.072461,39.35937184,18.25633283
Bujeo,2,2032,-5.52654,36.072461,17.20843415,18.77562235
Bujeo,2,2033,-5.52654,36.072461,2.949966497,19.4430797
Bujeo,2,2034,-5.52654,36.072461,6.518328869,19.07519684
Bujeo,2,2035,-5.52654,36.072461,192.4375327,17.45913304
Bujeo,2,2036,-5.52654,36.072461,76.82317808,18.43792325
Bujeo,2,2037,-5.52654,36.072461,3.954713466,17.38316171
Bujeo,2,2038,-5.52654,36.072461,139.1856777,14.19375654
Bujeo,2,2039,-5.52654,36.072461,85.59846956,16.53040139
Bujeo,2,2040,-5.52654,36.072461,22.74741584,16.59951382
Bujeo,2,2041,-5.52654,36.072461,78.8584598,16.4836877
Bujeo,2,2042,-5.52654,36.072461,31.51616951,18.60442505
Bujeo,2,2043,-5.52654,36.072461,135.2918281,16.75369197
Bujeo,2,2044,-5.52654,36.072461,11.23114242,17.02840366
Bujeo,2,2045,-5.52654,36.072461,40.0269974,15.2336441
Bujeo,2,2046,-5.52654,36.072461,25.34924249,18.89820905
Bujeo,2,2047,-5.52654,36.072461,24.91817631,16.7164529
Bujeo,2,2048,-5.52654,36.072461,75.42047068,16.36353086
Bujeo,2,2049,-5.52654,36.072461,121.9728631,15.66353433
Bujeo,2,2050,-5.52654,36.072461,4.307467867,17.26118404
Bujeo,2,2051,-5.52654,36.072461,4.582855025,18.529342
Bujeo,2,2052,-5.52654,36.072461,20.94215593,18.15095488
Bujeo,2,2053,-5.52654,36.072461,4.085546612,17.05096588
Bujeo,2,2054,-5.52654,36.072461,5.421081688,17.31779742
Bujeo,2,2055,-5.52654,36.072461,27.74543845,17.12939497
Bujeo,2,2056,-5.52654,36.072461,1.234611707,17.10669808
Bujeo,2,2057,-5.52654,36.072461,33.91091411,17.33514666
Bujeo,2,2058,-5.52654,36.072461,30.75595053,16.37104841
Bujeo,2,2059,-5.52654,36.072461,20.97553504,19.17762146
Bujeo,2,2060,-5.52654,36.072461,51.00472443,17.20630956
Bujeo,2,2061,-5.52654,36.072461,20.62523094,19.04899968
Bujeo,2,2062,-5.52654,36.072461,3.160898805,17.04032615
Bujeo,2,2063,-5.52654,36.072461,14.63204233,18.26242763
Bujeo,2,2064,-5.52654,36.072461,60.19812423,18.40012565
Bujeo,2,2065,-5.52654,36.072461,4.362964254,18.13184182
Bujeo,2,2066,-5.52654,36.072461,40.62130494,19.11300049
Bujeo,2,2067,-5.52654,36.072461,0.897553442,18.19641266
Bujeo,2,2068,-5.52654,36.072461,1.140532536,19.39933956
Bujeo,2,2069,-5.52654,36.072461,48.70198808,16.89492514
Bujeo,2,2070,-5.52654,36.072461,348.5830769,18.13296552
Bujeo,2,2071,-5.52654,36.072461,7.254273752,17.65318015
Bujeo,2,2072,-5.52654,36.072461,7.397802867,20.03806826
Bujeo,2,2073,-5.52654,36.072461,95.45942441,18.83802948
Bujeo,2,2074,-5.52654,36.072461,93.74844594,16.90957467
Bujeo,2,2075,-5.52654,36.072461,4.467998422,17.53445042
Bujeo,2,2076,-5.52654,36.072461,19.93019795,18.44994612
Bujeo,2,2077,-5.52654,36.072461,3.917368963,19.92679531
Bujeo,2,2078,-5.52654,36.072461,64.06597665,18.3518801
Bujeo,2,2079,-5.52654,36.072461,5.331472391,19.40429513
Bujeo,2,2080,-5.52654,36.072461,160.4752698,19.89014535
Bujeo,2,2081,-5.52654,36.072461,27.33690582,19.37609035
Bujeo,2,2082,-5.52654,36.072461,14.69496246,20.2896722
Bujeo,2,2083,-5.52654,36.072461,127.6186744,18.98400269
Bujeo,2,2084,-5.52654,36.072461,15.76542942,18.55579581
Bujeo,2,2085,-5.52654,36.072461,10.69503704,17.58584856
Bujeo,2,2086,-5.52654,36.072461,81.25000269,17.92890211
Bujeo,2,2087,-5.52654,36.072461,200.5284278,18.03568529
Bujeo,2,2088,-5.52654,36.072461,46.35567242,20.44682807
Bujeo,2,2089,-5.52654,36.072461,6.314797075,19.77801666
Bujeo,2,2090,-5.52654,36.072461,452.8039452,18.94558541
Bujeo,2,2091,-5.52654,36.072461,2.262317816,19.3094247
Bujeo,2,2092,-5.52654,36.072461,29.08962806,18.21078302
Bujeo,2,2093,-5.52654,36.072461,9.35689699,19.35261797
Bujeo,2,2094,-5.52654,36.072461,48.12986672,21.61082829
Bujeo,2,2095,-5.52654,36.072461,48.72202204,17.25948486
Bujeo,2,2096,-5.52654,36.072461,69.11693216,19.33313956
Bujeo,2,2097,-5.52654,36.072461,87.90147126,20.73708932
Bujeo,2,2098,-5.52654,36.072461,20.898212,18.87474867
Bujeo,2,2099,-5.52654,36.072461,37.09090311,19.23767351
Bujeo,2,2100,-5.52654,36.072461,54.11412118,20.76709137
Bujeo,3,2015,-5.52654,36.072461,62.55906124,18.06195049
Bujeo,3,2016,-5.52654,36.072461,17.3589881,19.58886798
Bujeo,3,2017,-5.52654,36.072461,40.68994623,17.92695253
Bujeo,3,2018,-5.52654,36.072461,6.842129152,18.61981871
Bujeo,3,2019,-5.52654,36.072461,27.4633525,18.23858328
Bujeo,3,2020,-5.52654,36.072461,54.1048419,17.76059334
Bujeo,3,2021,-5.52654,36.072461,29.38993909,18.58860907
Bujeo,3,2022,-5.52654,36.072461,0.565580365,19.50533349
Bujeo,3,2023,-5.52654,36.072461,29.80654672,19.09259604
Bujeo,3,2024,-5.52654,36.072461,12.72274266,17.06789945
Bujeo,3,2025,-5.52654,36.072461,121.3745872,17.84254091
Bujeo,3,2026,-5.52654,36.072461,11.48111448,17.76541906
Bujeo,3,2027,-5.52654,36.072461,42.80552957,16.87541524
Bujeo,3,2028,-5.52654,36.072461,17.02169953,19.17907892
Bujeo,3,2029,-5.52654,36.072461,11.84022254,17.56855508
Bujeo,3,2030,-5.52654,36.072461,62.10159195,16.97680841
Bujeo,3,2031,-5.52654,36.072461,16.60851066,18.13212123
Bujeo,3,2032,-5.52654,36.072461,15.28354995,18.55716612
Bujeo,3,2033,-5.52654,36.072461,6.73215735,19.10750536
Bujeo,3,2034,-5.52654,36.072461,0.106361664,20.99688012
Bujeo,3,2035,-5.52654,36.072461,116.7358329,18.4456539
Bujeo,3,2036,-5.52654,36.072461,11.45653166,19.58046678
Bujeo,3,2037,-5.52654,36.072461,20.89272724,18.85129847
Bujeo,3,2038,-5.52654,36.072461,47.44232073,18.63150497
Bujeo,3,2039,-5.52654,36.072461,3.067135264,20.5932123
Bujeo,3,2040,-5.52654,36.072461,135.0961805,17.74135841
Bujeo,3,2041,-5.52654,36.072461,76.69365701,16.04119361
Bujeo,3,2042,-5.52654,36.072461,1.470778273,17.93915661
Bujeo,3,2043,-5.52654,36.072461,14.31579316,20.32226247
Bujeo,3,2044,-5.52654,36.072461,36.6220272,18.97033376
Bujeo,3,2045,-5.52654,36.072461,4.420551883,19.33240908
Bujeo,3,2046,-5.52654,36.072461,44.63569714,19.60733997
Bujeo,3,2047,-5.52654,36.072461,24.82429994,18.86905478
Bujeo,3,2048,-5.52654,36.072461,1.264593223,19.09909038
Bujeo,3,2049,-5.52654,36.072461,55.88138003,19.1585081
Bujeo,3,2050,-5.52654,36.072461,9.362609782,19.08564296
Bujeo,3,2051,-5.52654,36.072461,14.82211683,19.57908266
Bujeo,3,2052,-5.52654,36.072461,26.84992308,18.70418307
Bujeo,3,2053,-5.52654,36.072461,31.02429837,17.62664874
Bujeo,3,2054,-5.52654,36.072461,4.319968496,18.91960272
Bujeo,3,2055,-5.52654,36.072461,40.4061292,17.87013668
Bujeo,3,2056,-5.52654,36.072461,9.356926945,18.27796572
Bujeo,3,2057,-5.52654,36.072461,36.61384057,17.81075439
Bujeo,3,2058,-5.52654,36.072461,45.79024546,20.61736056
Bujeo,3,2059,-5.52654,36.072461,7.984629389,19.99129639
Bujeo,3,2060,-5.52654,36.072461,31.21832898,18.19624457
Bujeo,3,2061,-5.52654,36.072461,9.715819749,19.28103421
Bujeo,3,2062,-5.52654,36.072461,73.7203914,17.89624988
Bujeo,3,2063,-5.52654,36.072461,31.536227,17.55720845
Bujeo,3,2064,-5.52654,36.072461,72.37834433,19.08711961
Bujeo,3,2065,-5.52654,36.072461,7.432193751,21.01465218
Bujeo,3,2066,-5.52654,36.072461,13.62434744,20.00686823
Bujeo,3,2067,-5.52654,36.072461,57.32946055,17.62534042
Bujeo,3,2068,-5.52654,36.072461,34.37081101,19.34905199
Bujeo,3,2069,-5.52654,36.072461,3.674875347,20.05368515
Bujeo,3,2070,-5.52654,36.072461,21.01401028,19.8815601
Bujeo,3,2071,-5.52654,36.072461,9.725640417,20.23069497
Bujeo,3,2072,-5.52654,36.072461,48.96383384,19.51004698
Bujeo,3,2073,-5.52654,36.072461,78.92367458,18.49962769
Bujeo,3,2074,-5.52654,36.072461,44.52291089,19.49922505
Bujeo,3,2075,-5.52654,36.072461,20.17536577,19.86970648
Bujeo,3,2076,-5.52654,36.072461,5.341650278,19.95452271
Bujeo,3,2077,-5.52654,36.072461,13.35178622,20.79397957
Bujeo,3,2078,-5.52654,36.072461,37.66544962,18.64774623
Bujeo,3,2079,-5.52654,36.072461,17.25287738,20.03804833
Bujeo,3,2080,-5.52654,36.072461,120.1631774,18.62273658
Bujeo,3,2081,-5.52654,36.072461,3.305055651,20.3579769
Bujeo,3,2082,-5.52654,36.072461,14.02696201,19.65885463
Bujeo,3,2083,-5.52654,36.072461,8.889544878,19.89779348
Bujeo,3,2084,-5.52654,36.072461,29.4043057,20.46288649
Bujeo,3,2085,-5.52654,36.072461,19.01304906,20.42425124
Bujeo,3,2086,-5.52654,36.072461,0.155422724,20.23009053
Bujeo,3,2087,-5.52654,36.072461,61.29813728,20.4131832
Bujeo,3,2088,-5.52654,36.072461,30.80273414,19.64307507
Bujeo,3,2089,-5.52654,36.072461,2.419793492,22.36641157
Bujeo,3,2090,-5.52654,36.072461,210.681203,19.48000981
Bujeo,3,2091,-5.52654,36.072461,25.84565362,19.73611135
Bujeo,3,2092,-5.52654,36.072461,1.794747682,20.68583709
Bujeo,3,2093,-5.52654,36.072461,55.04690352,19.7374433
Bujeo,3,2094,-5.52654,36.072461,54.40053202,20.37062988
Bujeo,3,2095,-5.52654,36.072461,4.129455998,21.60662231
Bujeo,3,2096,-5.52654,36.072461,28.41506904,21.44955818
Bujeo,3,2097,-5.52654,36.072461,84.598162,19.58568726
Bujeo,3,2098,-5.52654,36.072461,22.88915164,20.71508671
Bujeo,3,2099,-5.52654,36.072461,5.704978852,21.5345014
Bujeo,3,2100,-5.52654,36.072461,67.15632233,20.63284085
Bujeo,4,2015,-5.52654,36.072461,0.997038308,21.19927368
Bujeo,4,2016,-5.52654,36.072461,4.592365165,21.50236715
Bujeo,4,2017,-5.52654,36.072461,14.42340417,20.85470785
Bujeo,4,2018,-5.52654,36.072461,76.72006134,18.47510885
Bujeo,4,2019,-5.52654,36.072461,78.2422982,18.63050435
Bujeo,4,2020,-5.52654,36.072461,15.8084454,20.98630778
Bujeo,4,2021,-5.52654,36.072461,2.50299998,20.63097127
Bujeo,4,2022,-5.52654,36.072461,11.8539232,21.30489807
Bujeo,4,2023,-5.52654,36.072461,18.65401309,20.31505025
Bujeo,4,2024,-5.52654,36.072461,28.71488675,18.8462026
Bujeo,4,2025,-5.52654,36.072461,26.89367719,19.85318502
Bujeo,4,2026,-5.52654,36.072461,19.50209712,18.68402608
Bujeo,4,2027,-5.52654,36.072461,80.77827479,18.80517782
Bujeo,4,2028,-5.52654,36.072461,50.34241849,18.73544108
Bujeo,4,2029,-5.52654,36.072461,24.68067339,18.38355204
Bujeo,4,2030,-5.52654,36.072461,28.16847346,18.68781942
Bujeo,4,2031,-5.52654,36.072461,4.285913804,20.19021505
Bujeo,4,2032,-5.52654,36.072461,4.270520893,22.40272319
Bujeo,4,2033,-5.52654,36.072461,35.34304594,19.67840678
Bujeo,4,2034,-5.52654,36.072461,1.563868199,21.87475484
Bujeo,4,2035,-5.52654,36.072461,6.888591211,19.85087382
Bujeo,4,2036,-5.52654,36.072461,32.5651894,20.75412699
Bujeo,4,2037,-5.52654,36.072461,13.03375037,21.11741333
Bujeo,4,2038,-5.52654,36.072461,30.36374783,19.24254354
Bujeo,4,2039,-5.52654,36.072461,119.3179357,19.4769989
Bujeo,4,2040,-5.52654,36.072461,64.04376325,19.55901286
Bujeo,4,2041,-5.52654,36.072461,12.50825958,20.01427816
Bujeo,4,2042,-5.52654,36.072461,22.96039502,20.33559774
Bujeo,4,2043,-5.52654,36.072461,14.20379645,20.17093709
Bujeo,4,2044,-5.52654,36.072461,43.33515629,19.50230713
Bujeo,4,2045,-5.52654,36.072461,71.08928181,20.81444906
Bujeo,4,2046,-5.52654,36.072461,2.679115455,21.68072103
Bujeo,4,2047,-5.52654,36.072461,58.73267629,20.81400859
Bujeo,4,2048,-5.52654,36.072461,10.89985783,21.7132487
Bujeo,4,2049,-5.52654,36.072461,14.12283755,19.3112325
Bujeo,4,2050,-5.52654,36.072461,27.58999062,19.07072449
Bujeo,4,2051,-5.52654,36.072461,0.614525646,21.77561849
Bujeo,4,2052,-5.52654,36.072461,25.95047711,20.97858582
Bujeo,4,2053,-5.52654,36.072461,27.44520144,21.45169678
Bujeo,4,2054,-5.52654,36.072461,69.91889746,20.37625732
Bujeo,4,2055,-5.52654,36.072461,60.90023316,19.86444499
Bujeo,4,2056,-5.52654,36.072461,14.3851001,20.74487
Bujeo,4,2057,-5.52654,36.072461,44.6964654,19.85389709
Bujeo,4,2058,-5.52654,36.072461,12.58563013,20.58935649
Bujeo,4,2059,-5.52654,36.072461,12.64808018,22.09418437
Bujeo,4,2060,-5.52654,36.072461,16.38880635,20.73282878
Bujeo,4,2061,-5.52654,36.072461,10.8447243,21.60102641
Bujeo,4,2062,-5.52654,36.072461,23.04893039,22.17536926
Bujeo,4,2063,-5.52654,36.072461,3.722450756,21.59517619
Bujeo,4,2064,-5.52654,36.072461,24.78803942,22.38102722
Bujeo,4,2065,-5.52654,36.072461,77.79760329,20.45720113
Bujeo,4,2066,-5.52654,36.072461,13.20826901,19.94982605
Bujeo,4,2067,-5.52654,36.072461,52.59727462,20.85931295
Bujeo,4,2068,-5.52654,36.072461,4.746713554,21.52257385
Bujeo,4,2069,-5.52654,36.072461,12.54622851,20.56937968
Bujeo,4,2070,-5.52654,36.072461,20.02208523,21.73228658
Bujeo,4,2071,-5.52654,36.072461,24.36757554,22.49993388
Bujeo,4,2072,-5.52654,36.072461,29.48405887,22.87867025
Bujeo,4,2073,-5.52654,36.072461,26.61282233,21.11741842
Bujeo,4,2074,-5.52654,36.072461,17.43415928,21.80118306
Bujeo,4,2075,-5.52654,36.072461,8.568072119,23.42304688
Bujeo,4,2076,-5.52654,36.072461,6.430383639,21.01566569
Bujeo,4,2077,-5.52654,36.072461,6.140798482,22.79282227
Bujeo,4,2078,-5.52654,36.072461,79.45921198,21.44376628
Bujeo,4,2079,-5.52654,36.072461,12.15784731,22.95261536
Bujeo,4,2080,-5.52654,36.072461,22.84302137,21.01720886
Bujeo,4,2081,-5.52654,36.072461,4.23595431,23.29123637
Bujeo,4,2082,-5.52654,36.072461,6.737805281,22.49538879
Bujeo,4,2083,-5.52654,36.072461,0.507813529,22.80450236
Bujeo,4,2084,-5.52654,36.072461,5.307546348,21.63680115
Bujeo,4,2085,-5.52654,36.072461,7.757179576,24.19002991
Bujeo,4,2086,-5.52654,36.072461,4.87832179,21.76708883
Bujeo,4,2087,-5.52654,36.072461,3.876864952,23.66367188
Bujeo,4,2088,-5.52654,36.072461,28.28408037,21.9433075
Bujeo,4,2089,-5.52654,36.072461,10.98533573,23.93778788
Bujeo,4,2090,-5.52654,36.072461,33.49129108,22.22095947
Bujeo,4,2091,-5.52654,36.072461,3.974597928,20.6413147
Bujeo,4,2092,-5.52654,36.072461,6.605699057,23.69542033
Bujeo,4,2093,-5.52654,36.072461,37.43614697,21.05088501
Bujeo,4,2094,-5.52654,36.072461,11.28495427,23.65165507
Bujeo,4,2095,-5.52654,36.072461,23.98445973,21.09836019
Bujeo,4,2096,-5.52654,36.072461,6.396596706,24.74557495
Bujeo,4,2097,-5.52654,36.072461,13.21835477,23.23469747
Bujeo,4,2098,-5.52654,36.072461,0.677833277,22.94727376
Bujeo,4,2099,-5.52654,36.072461,12.59762597,22.88814087
Bujeo,4,2100,-5.52654,36.072461,3.905480198,24.34881287
Bujeo,5,2015,-5.52654,36.072461,11.88068263,21.98199837
Bujeo,5,2016,-5.52654,36.072461,18.22649213,23.00279659
Bujeo,5,2017,-5.52654,36.072461,4.837284042,22.75991998
Bujeo,5,2018,-5.52654,36.072461,69.86922772,20.82360131
Bujeo,5,2019,-5.52654,36.072461,28.03567568,20.4067243
Bujeo,5,2020,-5.52654,36.072461,2.393937607,23.11930286
Bujeo,5,2021,-5.52654,36.072461,60.71061723,21.05888692
Bujeo,5,2022,-5.52654,36.072461,66.41323947,22.18955039
Bujeo,5,2023,-5.52654,36.072461,1.586223267,23.25590348
Bujeo,5,2024,-5.52654,36.072461,1.245581826,23.23558074
Bujeo,5,2025,-5.52654,36.072461,45.08733244,22.79249405
Bujeo,5,2026,-5.52654,36.072461,39.80014288,20.70562035
Bujeo,5,2027,-5.52654,36.072461,11.47602689,21.7066993
Bujeo,5,2028,-5.52654,36.072461,6.872671747,20.99666453
Bujeo,5,2029,-5.52654,36.072461,11.85715397,21.9647392
Bujeo,5,2030,-5.52654,36.072461,14.86062762,20.7373291
Bujeo,5,2031,-5.52654,36.072461,12.23809821,22.31708138
Bujeo,5,2032,-5.52654,36.072461,17.90888729,23.64027631
Bujeo,5,2033,-5.52654,36.072461,15.21729782,21.82395472
Bujeo,5,2034,-5.52654,36.072461,2.889129501,22.95356189
Bujeo,5,2035,-5.52654,36.072461,21.10339841,21.97126898
Bujeo,5,2036,-5.52654,36.072461,86.4208204,22.28368333
Bujeo,5,2037,-5.52654,36.072461,27.25861605,20.97233808
Bujeo,5,2038,-5.52654,36.072461,4.026077102,22.63434114
Bujeo,5,2039,-5.52654,36.072461,38.73566644,21.6712743
Bujeo,5,2040,-5.52654,36.072461,45.97248444,21.91120743
Bujeo,5,2041,-5.52654,36.072461,10.28464217,22.01794119
Bujeo,5,2042,-5.52654,36.072461,3.736915247,24.41715639
Bujeo,5,2043,-5.52654,36.072461,23.5436641,22.36689197
Bujeo,5,2044,-5.52654,36.072461,20.12160147,22.15314292
Bujeo,5,2045,-5.52654,36.072461,4.613011962,22.25072632
Bujeo,5,2046,-5.52654,36.072461,25.03153367,22.71474905
Bujeo,5,2047,-5.52654,36.072461,49.6420367,23.78232875
Bujeo,5,2048,-5.52654,36.072461,2.22120421,23.70842994
Bujeo,5,2049,-5.52654,36.072461,83.1348408,22.31045119
Bujeo,5,2050,-5.52654,36.072461,9.91155538,22.8031378
Bujeo,5,2051,-5.52654,36.072461,33.74720625,22.57618743
Bujeo,5,2052,-5.52654,36.072461,1.553162716,24.86277407
Bujeo,5,2053,-5.52654,36.072461,16.10983951,22.72945754
Bujeo,5,2054,-5.52654,36.072461,35.56730238,21.7915421
Bujeo,5,2055,-5.52654,36.072461,1.955888853,22.82359442
Bujeo,5,2056,-5.52654,36.072461,13.21243285,23.11156518
Bujeo,5,2057,-5.52654,36.072461,8.473368187,22.75339907
Bujeo,5,2058,-5.52654,36.072461,25.6560383,21.77323549
Bujeo,5,2059,-5.52654,36.072461,39.99608578,24.5379617
Bujeo,5,2060,-5.52654,36.072461,2.442706154,24.49130623
Bujeo,5,2061,-5.52654,36.072461,4.669643627,22.67891452
Bujeo,5,2062,-5.52654,36.072461,29.34554724,23.05847345
Bujeo,5,2063,-5.52654,36.072461,25.64741619,21.5364496
Bujeo,5,2064,-5.52654,36.072461,1.578046396,24.66865077
Bujeo,5,2065,-5.52654,36.072461,1.24098866,25.46899493
Bujeo,5,2066,-5.52654,36.072461,4.210464034,24.15412145
Bujeo,5,2067,-5.52654,36.072461,24.31397861,23.12220301
Bujeo,5,2068,-5.52654,36.072461,7.9530373,23.04682755
Bujeo,5,2069,-5.52654,36.072461,23.35381383,23.96253505
Bujeo,5,2070,-5.52654,36.072461,59.41598335,24.12269523
Bujeo,5,2071,-5.52654,36.072461,19.33753235,24.27510789
Bujeo,5,2072,-5.52654,36.072461,1.630272048,25.57698286
Bujeo,5,2073,-5.52654,36.072461,4.93618673,23.00786546
Bujeo,5,2074,-5.52654,36.072461,3.927578224,24.46143444
Bujeo,5,2075,-5.52654,36.072461,5.499548903,25.19330503
Bujeo,5,2076,-5.52654,36.072461,18.14746413,24.40987352
Bujeo,5,2077,-5.52654,36.072461,8.491153436,26.02428687
Bujeo,5,2078,-5.52654,36.072461,22.41403882,22.87139085
Bujeo,5,2079,-5.52654,36.072461,0.605536308,24.52269602
Bujeo,5,2080,-5.52654,36.072461,7.481823965,23.75190961
Bujeo,5,2081,-5.52654,36.072461,20.69787176,24.85599326
Bujeo,5,2082,-5.52654,36.072461,14.75705622,25.13079617
Bujeo,5,2083,-5.52654,36.072461,20.73937432,21.78108343
Bujeo,5,2084,-5.52654,36.072461,20.21109608,25.39334185
Bujeo,5,2085,-5.52654,36.072461,11.61566839,26.60534058
Bujeo,5,2086,-5.52654,36.072461,1.314646508,25.19490278
Bujeo,5,2087,-5.52654,36.072461,1.988766129,25.42262101
Bujeo,5,2088,-5.52654,36.072461,18.53790561,26.73530017
Bujeo,5,2089,-5.52654,36.072461,11.95104807,25.79011073
Bujeo,5,2090,-5.52654,36.072461,56.11865331,23.22044402
Bujeo,5,2091,-5.52654,36.072461,17.86050537,22.42658435
Bujeo,5,2092,-5.52654,36.072461,1.235938238,27.58111848
Bujeo,5,2093,-5.52654,36.072461,5.768555628,25.76832709
Bujeo,5,2094,-5.52654,36.072461,4.162233124,24.57984166
Bujeo,5,2095,-5.52654,36.072461,11.3196495,25.49376536
Bujeo,5,2096,-5.52654,36.072461,0.000373148,25.51531766
Bujeo,5,2097,-5.52654,36.072461,21.53480959,25.17085788
Bujeo,5,2098,-5.52654,36.072461,9.197093063,24.0943257
Bujeo,5,2099,-5.52654,36.072461,34.94636978,24.95521673
Bujeo,5,2100,-5.52654,36.072461,10.37429377,26.50386668
Bujeo,6,2015,-5.52654,36.072461,21.08220366,24.28972982
Bujeo,6,2016,-5.52654,36.072461,0.022820771,26.41442159
Bujeo,6,2017,-5.52654,36.072461,11.10587636,26.39422811
Bujeo,6,2018,-5.52654,36.072461,5.416535766,25.12298279
Bujeo,6,2019,-5.52654,36.072461,2.270510315,25.89395243
Bujeo,6,2020,-5.52654,36.072461,7.126627446,26.29024963
Bujeo,6,2021,-5.52654,36.072461,7.748040814,25.57351278
Bujeo,6,2022,-5.52654,36.072461,14.42474994,24.86877441
Bujeo,6,2023,-5.52654,36.072461,0.016070673,26.28279724
Bujeo,6,2024,-5.52654,36.072461,39.98845773,25.76555074
Bujeo,6,2025,-5.52654,36.072461,15.55546236,23.96246338
Bujeo,6,2026,-5.52654,36.072461,7.093417372,23.00584106
Bujeo,6,2027,-5.52654,36.072461,4.210477907,26.18497416
Bujeo,6,2028,-5.52654,36.072461,0.626040546,26.22219543
Bujeo,6,2029,-5.52654,36.072461,0.037724458,25.39346415
Bujeo,6,2030,-5.52654,36.072461,5.642744808,25.59600627
Bujeo,6,2031,-5.52654,36.072461,37.32982561,25.32162272
Bujeo,6,2032,-5.52654,36.072461,0.263484103,27.01080424
Bujeo,6,2033,-5.52654,36.072461,3.431292614,25.32677307
Bujeo,6,2034,-5.52654,36.072461,0.110391297,26.17027283
Bujeo,6,2035,-5.52654,36.072461,38.78110719,23.9302714
Bujeo,6,2036,-5.52654,36.072461,4.355834013,26.76652425
Bujeo,6,2037,-5.52654,36.072461,2.876805098,24.98404643
Bujeo,6,2038,-5.52654,36.072461,0.502415697,27.26080017
Bujeo,6,2039,-5.52654,36.072461,2.823297614,25.79406128
Bujeo,6,2040,-5.52654,36.072461,11.78563034,25.19061483
Bujeo,6,2041,-5.52654,36.072461,8.241640717,26.58808289
Bujeo,6,2042,-5.52654,36.072461,0.292030518,28.37888997
Bujeo,6,2043,-5.52654,36.072461,38.9083505,24.99426371
Bujeo,6,2044,-5.52654,36.072461,0.308795287,28.44122314
Bujeo,6,2045,-5.52654,36.072461,22.45278584,27.45620219
Bujeo,6,2046,-5.52654,36.072461,0.761313974,24.85248515
Bujeo,6,2047,-5.52654,36.072461,8.885934919,26.13469442
Bujeo,6,2048,-5.52654,36.072461,1.122178583,26.49880981
Bujeo,6,2049,-5.52654,36.072461,0.571757414,28.69426168
Bujeo,6,2050,-5.52654,36.072461,0.043373154,27.08619486
Bujeo,6,2051,-5.52654,36.072461,0.631282104,25.2382487
Bujeo,6,2052,-5.52654,36.072461,0.003504511,27.68349609
Bujeo,6,2053,-5.52654,36.072461,10.27300282,25.44772135
Bujeo,6,2054,-5.52654,36.072461,3.836502435,25.45348511
Bujeo,6,2055,-5.52654,36.072461,0.239242427,27.32704163
Bujeo,6,2056,-5.52654,36.072461,0.338161868,27.78692322
Bujeo,6,2057,-5.52654,36.072461,2.468636105,26.08778992
Bujeo,6,2058,-5.52654,36.072461,18.56924702,27.15012105
Bujeo,6,2059,-5.52654,36.072461,0.391462939,28.55395813
Bujeo,6,2060,-5.52654,36.072461,0.245718406,28.64595133
Bujeo,6,2061,-5.52654,36.072461,0.25890448,24.82262472
Bujeo,6,2062,-5.52654,36.072461,0.137968385,28.20379232
Bujeo,6,2063,-5.52654,36.072461,0.001161158,27.58115946
Bujeo,6,2064,-5.52654,36.072461,1.211420709,25.26529643
Bujeo,6,2065,-5.52654,36.072461,12.3981303,27.6530955
Bujeo,6,2066,-5.52654,36.072461,0.936628226,27.89834391
Bujeo,6,2067,-5.52654,36.072461,4.874605648,26.10007833
Bujeo,6,2068,-5.52654,36.072461,0.907365325,29.02380676
Bujeo,6,2069,-5.52654,36.072461,0.385602269,27.4850942
Bujeo,6,2070,-5.52654,36.072461,24.1389959,26.49941305
Bujeo,6,2071,-5.52654,36.072461,1.057384725,28.17461344
Bujeo,6,2072,-5.52654,36.072461,19.90513297,27.92979838
Bujeo,6,2073,-5.52654,36.072461,7.361954569,26.96198324
Bujeo,6,2074,-5.52654,36.072461,0.205560955,29.23354899
Bujeo,6,2075,-5.52654,36.072461,0.246453487,28.7344401
Bujeo,6,2076,-5.52654,36.072461,1.400672169,28.20884603
Bujeo,6,2077,-5.52654,36.072461,0.510965506,28.09331258
Bujeo,6,2078,-5.52654,36.072461,1.653815217,28.29619242
Bujeo,6,2079,-5.52654,36.072461,28.11815817,28.43735758
Bujeo,6,2080,-5.52654,36.072461,3.540224173,25.21096395
Bujeo,6,2081,-5.52654,36.072461,18.53599536,29.09919739
Bujeo,6,2082,-5.52654,36.072461,9.681193917,29.49425761
Bujeo,6,2083,-5.52654,36.072461,1.003589224,29.74810588
Bujeo,6,2084,-5.52654,36.072461,41.16774923,29.33853455
Bujeo,6,2085,-5.52654,36.072461,0.515940841,28.71917725
Bujeo,6,2086,-5.52654,36.072461,0.168413818,28.28641968
Bujeo,6,2087,-5.52654,36.072461,15.79445506,27.66224162
Bujeo,6,2088,-5.52654,36.072461,2.183124045,31.44813538
Bujeo,6,2089,-5.52654,36.072461,3.399676305,29.52637126
Bujeo,6,2090,-5.52654,36.072461,2.60921573,27.05529277
Bujeo,6,2091,-5.52654,36.072461,0.189729669,27.69887085
Bujeo,6,2092,-5.52654,36.072461,0.013331077,29.42327271
Bujeo,6,2093,-5.52654,36.072461,1.263619354,29.42476095
Bujeo,6,2094,-5.52654,36.072461,4.858296364,27.66596375
Bujeo,6,2095,-5.52654,36.072461,0.213523026,30.63386027
Bujeo,6,2096,-5.52654,36.072461,20.24869061,28.81171977
Bujeo,6,2097,-5.52654,36.072461,1.74407825,29.16331278
Bujeo,6,2098,-5.52654,36.072461,0.504583256,29.40651449
Bujeo,6,2099,-5.52654,36.072461,0.490318114,28.98297831
Bujeo,6,2100,-5.52654,36.072461,0.217305427,27.58370463
Bujeo,7,2015,-5.52654,36.072461,2.58323441034937e-05,28.76046536
Bujeo,7,2016,-5.52654,36.072461,8.908325346,29.23536416
Bujeo,7,2017,-5.52654,36.072461,0.017598832,30.04603705
Bujeo,7,2018,-5.52654,36.072461,0.07650039,28.77544654
Bujeo,7,2019,-5.52654,36.072461,0.538977602,29.44798801
Bujeo,7,2020,-5.52654,36.072461,0.46334666,30.11969664
Bujeo,7,2021,-5.52654,36.072461,6.92488714952824e-07,29.82106835
Bujeo,7,2022,-5.52654,36.072461,1.340734636,28.72626599
Bujeo,7,2023,-5.52654,36.072461,0.322553404,29.22523331
Bujeo,7,2024,-5.52654,36.072461,0.203860273,29.0654039
Bujeo,7,2025,-5.52654,36.072461,9.78678038,29.71809909
Bujeo,7,2026,-5.52654,36.072461,0.249298938,28.78039433
Bujeo,7,2027,-5.52654,36.072461,0.019758294,29.75233587
Bujeo,7,2028,-5.52654,36.072461,0.099234095,30.05992451
Bujeo,7,2029,-5.52654,36.072461,0.830440562,28.72312268
Bujeo,7,2030,-5.52654,36.072461,0.46712605,28.81430822
Bujeo,7,2031,-5.52654,36.072461,3.820692533,29.40341954
Bujeo,7,2032,-5.52654,36.072461,0.645969486,30.66045926
Bujeo,7,2033,-5.52654,36.072461,3.282253309,30.96832059
Bujeo,7,2034,-5.52654,36.072461,0.337806434,30.31676242
Bujeo,7,2035,-5.52654,36.072461,5.78312397779096e-05,28.75422993
Bujeo,7,2036,-5.52654,36.072461,0.537999826,30.80514999
Bujeo,7,2037,-5.52654,36.072461,1.429993245,30.52296084
Bujeo,7,2038,-5.52654,36.072461,3.298335064,30.96121295
Bujeo,7,2039,-5.52654,36.072461,0.001032682,30.38628442
Bujeo,7,2040,-5.52654,36.072461,2.819485385,26.82464875
Bujeo,7,2041,-5.52654,36.072461,7.677893676,30.4606784
Bujeo,7,2042,-5.52654,36.072461,0.027530336,30.85424588
Bujeo,7,2043,-5.52654,36.072461,0.192516075,29.82142275
Bujeo,7,2044,-5.52654,36.072461,1.95895385190532e-05,29.79162086
Bujeo,7,2045,-5.52654,36.072461,0.111371413,30.13322577
Bujeo,7,2046,-5.52654,36.072461,0.027084016,30.61339919
Bujeo,7,2047,-5.52654,36.072461,6.251244481,30.10617341
Bujeo,7,2048,-5.52654,36.072461,0.325808828,31.03200191
Bujeo,7,2049,-5.52654,36.072461,0.023303472,30.46861297
Bujeo,7,2050,-5.52654,36.072461,0.830482775,30.39562772
Bujeo,7,2051,-5.52654,36.072461,8.799156004,28.45388873
Bujeo,7,2052,-5.52654,36.072461,0.455792872,29.13463253
Bujeo,7,2053,-5.52654,36.072461,1.206465994,30.68056641
Bujeo,7,2054,-5.52654,36.072461,0.467584916,29.65700782
Bujeo,7,2055,-5.52654,36.072461,4.170868774,30.91835642
Bujeo,7,2056,-5.52654,36.072461,0.141141859,29.56378942
Bujeo,7,2057,-5.52654,36.072461,0.344027296,31.01622039
Bujeo,7,2058,-5.52654,36.072461,0.126450212,29.76803569
Bujeo,7,2059,-5.52654,36.072461,0.501313653,31.2966159
Bujeo,7,2060,-5.52654,36.072461,0.038313358,31.51707488
Bujeo,7,2061,-5.52654,36.072461,5.973297156,30.15341659
Bujeo,7,2062,-5.52654,36.072461,0.006978757,30.32245247
Bujeo,7,2063,-5.52654,36.072461,7.77576430034975e-06,31.07147591
Bujeo,7,2064,-5.52654,36.072461,0.000700966,31.40626752
Bujeo,7,2065,-5.52654,36.072461,0.100516738,30.20330692
Bujeo,7,2066,-5.52654,36.072461,0.020233636,31.00418366
Bujeo,7,2067,-5.52654,36.072461,0.026073142,30.9783402
Bujeo,7,2068,-5.52654,36.072461,0.005593952,31.76539149
Bujeo,7,2069,-5.52654,36.072461,0.218548668,32.62062496
Bujeo,7,2070,-5.52654,36.072461,0.023248624,32.20158022
Bujeo,7,2071,-5.52654,36.072461,1.091311699,32.60352232
Bujeo,7,2072,-5.52654,36.072461,8.78207612377986e-05,31.91002709
Bujeo,7,2073,-5.52654,36.072461,0.143510985,29.78842833
Bujeo,7,2074,-5.52654,36.072461,0.00017269,32.8652076
Bujeo,7,2075,-5.52654,36.072461,0.000696256,33.8966535
Bujeo,7,2076,-5.52654,36.072461,3.56187704718e-05,32.44919099
Bujeo,7,2077,-5.52654,36.072461,0.016898904,32.5465775
Bujeo,7,2078,-5.52654,36.072461,0.636712997,32.22205751
Bujeo,7,2079,-5.52654,36.072461,3.262677692,33.03535885
Bujeo,7,2080,-5.52654,36.072461,0.185634516,31.33537322
Bujeo,7,2081,-5.52654,36.072461,0.018900493,31.49995157
Bujeo,7,2082,-5.52654,36.072461,0.149627857,31.42615612
Bujeo,7,2083,-5.52654,36.072461,0.533076773,32.22623941
Bujeo,7,2084,-5.52654,36.072461,0.258576333,29.95717183
Bujeo,7,2085,-5.52654,36.072461,23.85084871,32.98605622
Bujeo,7,2086,-5.52654,36.072461,2.040897693,32.64567005
Bujeo,7,2087,-5.52654,36.072461,1.50879964147763e-05,34.67346369
Bujeo,7,2088,-5.52654,36.072461,0.035068522,31.08720427
Bujeo,7,2089,-5.52654,36.072461,15.017976,33.27886549
Bujeo,7,2090,-5.52654,36.072461,5.798178142,32.44047182
Bujeo,7,2091,-5.52654,36.072461,3.939033689,31.87420733
Bujeo,7,2092,-5.52654,36.072461,0.381683834,33.59209496
Bujeo,7,2093,-5.52654,36.072461,0.294795132,32.92470703
Bujeo,7,2094,-5.52654,36.072461,0.437716046,32.40349731
Bujeo,7,2095,-5.52654,36.072461,0.112805163,33.17487537
Bujeo,7,2096,-5.52654,36.072461,0.288982679,33.80503579
Bujeo,7,2097,-5.52654,36.072461,0.004408856,33.95381194
Bujeo,7,2098,-5.52654,36.072461,6.14017776708736e-07,32.88774926
Bujeo,7,2099,-5.52654,36.072461,0.786665191,33.30416949
Bujeo,7,2100,-5.52654,36.072461,0.399897737,33.44043441
Bujeo,8,2015,-5.52654,36.072461,0.218532875,30.84826345
Bujeo,8,2016,-5.52654,36.072461,0.575358965,29.60198561
Bujeo,8,2017,-5.52654,36.072461,2.957949514,28.97812953
Bujeo,8,2018,-5.52654,36.072461,0.967353978,28.90754139
Bujeo,8,2019,-5.52654,36.072461,0.756851718,29.29129304
Bujeo,8,2020,-5.52654,36.072461,2.452209422,28.71494692
Bujeo,8,2021,-5.52654,36.072461,2.386001535,30.04282975
Bujeo,8,2022,-5.52654,36.072461,5.150952905,29.83317792
Bujeo,8,2023,-5.52654,36.072461,0.000191064,29.65183952
Bujeo,8,2024,-5.52654,36.072461,0.204323426,28.44489096
Bujeo,8,2025,-5.52654,36.072461,9.576883894,29.95424312
Bujeo,8,2026,-5.52654,36.072461,0.013407792,29.52289685
Bujeo,8,2027,-5.52654,36.072461,5.337815224,29.9946927
Bujeo,8,2028,-5.52654,36.072461,2.162102907,29.60557783
Bujeo,8,2029,-5.52654,36.072461,0.131940619,29.21723574
Bujeo,8,2030,-5.52654,36.072461,8.872667479,29.80799895
Bujeo,8,2031,-5.52654,36.072461,0.01296743,29.53563351
Bujeo,8,2032,-5.52654,36.072461,5.181942645,30.88969648
Bujeo,8,2033,-5.52654,36.072461,2.581725235,29.94613136
Bujeo,8,2034,-5.52654,36.072461,9.566857826,29.46126807
Bujeo,8,2035,-5.52654,36.072461,36.84947143,31.29684429
Bujeo,8,2036,-5.52654,36.072461,2.578896285,30.53837812
Bujeo,8,2037,-5.52654,36.072461,0.021310936,29.65494345
Bujeo,8,2038,-5.52654,36.072461,0.935572002,29.33933066
Bujeo,8,2039,-5.52654,36.072461,0.039672572,30.70926081
Bujeo,8,2040,-5.52654,36.072461,0.241266602,29.32343199
Bujeo,8,2041,-5.52654,36.072461,0.683179846,31.41260927
Bujeo,8,2042,-5.52654,36.072461,0.265177421,30.6030872
Bujeo,8,2043,-5.52654,36.072461,4.11951379,32.05810724
Bujeo,8,2044,-5.52654,36.072461,0.003536916,30.60861974
Bujeo,8,2045,-5.52654,36.072461,0.000425266,29.93442442
Bujeo,8,2046,-5.52654,36.072461,0.070672021,30.34302427
Bujeo,8,2047,-5.52654,36.072461,0.000159463,30.06197313
Bujeo,8,2048,-5.52654,36.072461,0.10255373,31.49030014
Bujeo,8,2049,-5.52654,36.072461,9.208470594,30.16520917
Bujeo,8,2050,-5.52654,36.072461,0.023468105,30.63025276
Bujeo,8,2051,-5.52654,36.072461,14.16527332,28.70634785
Bujeo,8,2052,-5.52654,36.072461,0.170269644,29.44299494
Bujeo,8,2053,-5.52654,36.072461,0.00082694,31.14036097
Bujeo,8,2054,-5.52654,36.072461,1.31145053,30.65571033
Bujeo,8,2055,-5.52654,36.072461,11.87716284,29.4008285
Bujeo,8,2056,-5.52654,36.072461,0.664530912,30.7497281
Bujeo,8,2057,-5.52654,36.072461,4.825204296,31.09556018
Bujeo,8,2058,-5.52654,36.072461,4.247232917,29.34504237
Bujeo,8,2059,-5.52654,36.072461,1.668945711,33.12711044
Bujeo,8,2060,-5.52654,36.072461,0.134225554,32.28309562
Bujeo,8,2061,-5.52654,36.072461,9.3637545187533e-05,32.339056
Bujeo,8,2062,-5.52654,36.072461,7.267576936,31.31500224
Bujeo,8,2063,-5.52654,36.072461,0.428200307,29.510868
Bujeo,8,2064,-5.52654,36.072461,0.481328415,32.23105626
Bujeo,8,2065,-5.52654,36.072461,0.61900409,31.64090931
Bujeo,8,2066,-5.52654,36.072461,16.55735462,32.11999394
Bujeo,8,2067,-5.52654,36.072461,0.000275019,31.00298954
Bujeo,8,2068,-5.52654,36.072461,1.810649662,30.80500528
Bujeo,8,2069,-5.52654,36.072461,0.00490988,31.82514097
Bujeo,8,2070,-5.52654,36.072461,0.583742823,31.89163385
Bujeo,8,2071,-5.52654,36.072461,1.673870177,31.33665397
Bujeo,8,2072,-5.52654,36.072461,0.280016199,33.32315339
Bujeo,8,2073,-5.52654,36.072461,0.097600015,32.6024798
Bujeo,8,2074,-5.52654,36.072461,9.68042688604848e-07,32.30241916
Bujeo,8,2075,-5.52654,36.072461,3.749149344,32.81020902
Bujeo,8,2076,-5.52654,36.072461,38.51590457,33.18107339
Bujeo,8,2077,-5.52654,36.072461,0.1118123,32.38718124
Bujeo,8,2078,-5.52654,36.072461,0.409242121,33.90477413
Bujeo,8,2079,-5.52654,36.072461,2.189873696,32.4632655
Bujeo,8,2080,-5.52654,36.072461,0.515244153,30.52613959
Bujeo,8,2081,-5.52654,36.072461,0.28220519,32.46861592
Bujeo,8,2082,-5.52654,36.072461,1.229532521,32.439638
Bujeo,8,2083,-5.52654,36.072461,0.261361597,32.97609371
Bujeo,8,2084,-5.52654,36.072461,2.312698588,31.70297911
Bujeo,8,2085,-5.52654,36.072461,2.739295793,33.50633565
Bujeo,8,2086,-5.52654,36.072461,0.000350078,32.96041654
Bujeo,8,2087,-5.52654,36.072461,0.032501885,34.0373356
Bujeo,8,2088,-5.52654,36.072461,4.991059156,31.6698508
Bujeo,8,2089,-5.52654,36.072461,0.789945425,34.18651832
Bujeo,8,2090,-5.52654,36.072461,1.633095692,32.36823967
Bujeo,8,2091,-5.52654,36.072461,0.418263595,32.61206626
Bujeo,8,2092,-5.52654,36.072461,18.13354041,32.38759766
Bujeo,8,2093,-5.52654,36.072461,3.209553067,34.36798076
Bujeo,8,2094,-5.52654,36.072461,0.138517499,33.15049183
Bujeo,8,2095,-5.52654,36.072461,3.729535412,34.45239238
Bujeo,8,2096,-5.52654,36.072461,6.182537798,34.08743562
Bujeo,8,2097,-5.52654,36.072461,0.67982272,34.36771201
Bujeo,8,2098,-5.52654,36.072461,0.027649721,33.78652442
Bujeo,8,2099,-5.52654,36.072461,0.066407726,34.20546678
Bujeo,8,2100,-5.52654,36.072461,0.282833944,33.97812264
Bujeo,9,2015,-5.52654,36.072461,24.58202753,28.17008057
Bujeo,9,2016,-5.52654,36.072461,37.54605546,26.03577881
Bujeo,9,2017,-5.52654,36.072461,25.50284451,26.13609009
Bujeo,9,2018,-5.52654,36.072461,0.501572489,26.3631897
Bujeo,9,2019,-5.52654,36.072461,12.12151259,25.67644958
Bujeo,9,2020,-5.52654,36.072461,8.109955577,26.38968913
Bujeo,9,2021,-5.52654,36.072461,1.081440851,26.7199941
Bujeo,9,2022,-5.52654,36.072461,25.66669773,26.26680298
Bujeo,9,2023,-5.52654,36.072461,3.976654995,28.0550883
Bujeo,9,2024,-5.52654,36.072461,10.29698015,27.0456899
Bujeo,9,2025,-5.52654,36.072461,12.19918257,26.61172078
Bujeo,9,2026,-5.52654,36.072461,3.607453282,26.42953186
Bujeo,9,2027,-5.52654,36.072461,12.21387083,28.24796448
Bujeo,9,2028,-5.52654,36.072461,1.182487269,25.70454407
Bujeo,9,2029,-5.52654,36.072461,2.792029206,28.43589579
Bujeo,9,2030,-5.52654,36.072461,29.35485501,26.81946818
Bujeo,9,2031,-5.52654,36.072461,1.694156308,25.61610819
Bujeo,9,2032,-5.52654,36.072461,20.72056832,27.1351888
Bujeo,9,2033,-5.52654,36.072461,0.441626199,27.81324768
Bujeo,9,2034,-5.52654,36.072461,14.65847128,27.11161296
Bujeo,9,2035,-5.52654,36.072461,0.490643103,27.1522817
Bujeo,9,2036,-5.52654,36.072461,9.737091179,27.79745382
Bujeo,9,2037,-5.52654,36.072461,12.11040903,26.94946696
Bujeo,9,2038,-5.52654,36.072461,4.265735066,26.71245931
Bujeo,9,2039,-5.52654,36.072461,0.063484944,27.87415873
Bujeo,9,2040,-5.52654,36.072461,0.997675836,27.49384359
Bujeo,9,2041,-5.52654,36.072461,6.243610563,28.12102153
Bujeo,9,2042,-5.52654,36.072461,0.393604048,27.88944397
Bujeo,9,2043,-5.52654,36.072461,0.134751443,27.32833761
Bujeo,9,2044,-5.52654,36.072461,0.428131968,26.97845866
Bujeo,9,2045,-5.52654,36.072461,0.452685447,28.55626526
Bujeo,9,2046,-5.52654,36.072461,0.933641432,28.80216675
Bujeo,9,2047,-5.52654,36.072461,4.279997467,28.20157878
Bujeo,9,2048,-5.52654,36.072461,39.37872278,27.26494853
Bujeo,9,2049,-5.52654,36.072461,7.213631263,28.57384338
Bujeo,9,2050,-5.52654,36.072461,2.847770313,27.72592977
Bujeo,9,2051,-5.52654,36.072461,1.567310446,27.16494039
Bujeo,9,2052,-5.52654,36.072461,29.04136529,26.19874471
Bujeo,9,2053,-5.52654,36.072461,7.712829493,28.45442098
Bujeo,9,2054,-5.52654,36.072461,0.263257031,28.06150818
Bujeo,9,2055,-5.52654,36.072461,11.05784635,27.32621562
Bujeo,9,2056,-5.52654,36.072461,0.469658521,28.92412821
Bujeo,9,2057,-5.52654,36.072461,1.316594579,27.96404419
Bujeo,9,2058,-5.52654,36.072461,0.468809955,28.21788839
Bujeo,9,2059,-5.52654,36.072461,0.323239163,28.8844106
Bujeo,9,2060,-5.52654,36.072461,5.917888111,28.89810791
Bujeo,9,2061,-5.52654,36.072461,0.188906414,29.26435649
Bujeo,9,2062,-5.52654,36.072461,2.699568223,28.2254008
Bujeo,9,2063,-5.52654,36.072461,24.37114203,28.86281535
Bujeo,9,2064,-5.52654,36.072461,39.4063265,28.49304708
Bujeo,9,2065,-5.52654,36.072461,20.13108734,28.29749552
Bujeo,9,2066,-5.52654,36.072461,10.70872998,27.86603394
Bujeo,9,2067,-5.52654,36.072461,0.15199471,29.16178589
Bujeo,9,2068,-5.52654,36.072461,7.89527079,29.05811056
Bujeo,9,2069,-5.52654,36.072461,0.289202034,29.60142415
Bujeo,9,2070,-5.52654,36.072461,27.41402058,28.40534058
Bujeo,9,2071,-5.52654,36.072461,7.007074428,30.59929606
Bujeo,9,2072,-5.52654,36.072461,21.08070692,29.85851644
Bujeo,9,2073,-5.52654,36.072461,2.668480198,30.20354818
Bujeo,9,2074,-5.52654,36.072461,0.526170779,28.98249715
Bujeo,9,2075,-5.52654,36.072461,0.402351021,30.06758423
Bujeo,9,2076,-5.52654,36.072461,2.185485595,28.98104757
Bujeo,9,2077,-5.52654,36.072461,4.912110256,29.67669983
Bujeo,9,2078,-5.52654,36.072461,0.462984497,29.80364787
Bujeo,9,2079,-5.52654,36.072461,1.268584059,30.93521525
Bujeo,9,2080,-5.52654,36.072461,0.610174426,30.96680603
Bujeo,9,2081,-5.52654,36.072461,2.118527629,29.23026225
Bujeo,9,2082,-5.52654,36.072461,0.20645201,29.20042521
Bujeo,9,2083,-5.52654,36.072461,0.510018919,28.66883138
Bujeo,9,2084,-5.52654,36.072461,0.644752463,30.47372843
Bujeo,9,2085,-5.52654,36.072461,13.883686,30.92859192
Bujeo,9,2086,-5.52654,36.072461,19.08855294,30.58023682
Bujeo,9,2087,-5.52654,36.072461,37.14148656,30.32559102
Bujeo,9,2088,-5.52654,36.072461,30.53807447,27.91426697
Bujeo,9,2089,-5.52654,36.072461,11.0216371,31.09054464
Bujeo,9,2090,-5.52654,36.072461,0.151866505,31.16981506
Bujeo,9,2091,-5.52654,36.072461,0.581469763,30.23451945
Bujeo,9,2092,-5.52654,36.072461,2.211460355,29.29584045
Bujeo,9,2093,-5.52654,36.072461,2.358863796,28.94935506
Bujeo,9,2094,-5.52654,36.072461,105.4654239,29.73106181
Bujeo,9,2095,-5.52654,36.072461,0.576478096,30.090743
Bujeo,9,2096,-5.52654,36.072461,5.130735151,30.03265483
Bujeo,9,2097,-5.52654,36.072461,12.03046667,32.39900004
Bujeo,9,2098,-5.52654,36.072461,0.191025332,31.92960307
Bujeo,9,2099,-5.52654,36.072461,8.306170804,31.99019877
Bujeo,9,2100,-5.52654,36.072461,6.930656071,32.93994548
MonteraTorero,1,2015,-5.585278,36.226389,66.1193295,17.34300163
MonteraTorero,1,2016,-5.585278,36.226389,57.21158411,15.77746956
MonteraTorero,1,2017,-5.585278,36.226389,178.4207132,17.9363549
MonteraTorero,1,2018,-5.585278,36.226389,129.98147,13.96371637
MonteraTorero,1,2019,-5.585278,36.226389,28.69495129,15.87247964
MonteraTorero,1,2020,-5.585278,36.226389,233.8872752,16.14091915
MonteraTorero,1,2021,-5.585278,36.226389,54.42933431,15.55517362
MonteraTorero,1,2022,-5.585278,36.226389,206.6460612,16.05362313
MonteraTorero,1,2023,-5.585278,36.226389,69.26431408,15.90547997
MonteraTorero,1,2024,-5.585278,36.226389,214.7685841,16.01212316
MonteraTorero,1,2025,-5.585278,36.226389,213.9815871,16.45522855
MonteraTorero,1,2026,-5.585278,36.226389,152.9181215,16.49133675
MonteraTorero,1,2027,-5.585278,36.226389,69.40976034,14.86653659
MonteraTorero,1,2028,-5.585278,36.226389,68.24602503,15.18717691
MonteraTorero,1,2029,-5.585278,36.226389,24.75171433,15.83766007
MonteraTorero,1,2030,-5.585278,36.226389,238.99491,16.38363037
MonteraTorero,1,2031,-5.585278,36.226389,401.1973712,18.28967462
MonteraTorero,1,2032,-5.585278,36.226389,125.9314813,15.41761219
MonteraTorero,1,2033,-5.585278,36.226389,31.69033527,15.52134045
MonteraTorero,1,2034,-5.585278,36.226389,58.68201467,17.01493865
MonteraTorero,1,2035,-5.585278,36.226389,29.47420123,14.0230071
MonteraTorero,1,2036,-5.585278,36.226389,85.20247708,17.70997748
MonteraTorero,1,2037,-5.585278,36.226389,2.102828739,16.47532782
MonteraTorero,1,2038,-5.585278,36.226389,142.6900271,15.94569525
MonteraTorero,1,2039,-5.585278,36.226389,8.269460832,17.22153872
MonteraTorero,1,2040,-5.585278,36.226389,62.4857074,19.35255855
MonteraTorero,1,2041,-5.585278,36.226389,43.61644376,16.45868885
MonteraTorero,1,2042,-5.585278,36.226389,15.74993186,15.86842179
MonteraTorero,1,2043,-5.585278,36.226389,43.31716405,17.80753331
MonteraTorero,1,2044,-5.585278,36.226389,9.99645777,16.28249512
MonteraTorero,1,2045,-5.585278,36.226389,14.9145059,18.16295776
MonteraTorero,1,2046,-5.585278,36.226389,40.95983238,18.21079653
MonteraTorero,1,2047,-5.585278,36.226389,48.54243572,17.38553723
MonteraTorero,1,2048,-5.585278,36.226389,65.17252702,18.211589
MonteraTorero,1,2049,-5.585278,36.226389,34.42659183,17.33464474
MonteraTorero,1,2050,-5.585278,36.226389,115.3530669,17.6824585
MonteraTorero,1,2051,-5.585278,36.226389,68.40024589,15.84715793
MonteraTorero,1,2052,-5.585278,36.226389,76.37381549,16.81024347
MonteraTorero,1,2053,-5.585278,36.226389,102.9845394,17.13182885
MonteraTorero,1,2054,-5.585278,36.226389,31.19042488,16.35715686
MonteraTorero,1,2055,-5.585278,36.226389,96.12233519,16.24356749
MonteraTorero,1,2056,-5.585278,36.226389,69.11144828,15.03660711
MonteraTorero,1,2057,-5.585278,36.226389,55.9913868,17.73322301
MonteraTorero,1,2058,-5.585278,36.226389,40.65313925,18.30957405
MonteraTorero,1,2059,-5.585278,36.226389,9.329049264,18.32330007
MonteraTorero,1,2060,-5.585278,36.226389,21.39327293,18.89573994
MonteraTorero,1,2061,-5.585278,36.226389,52.91883018,19.13594183
MonteraTorero,1,2062,-5.585278,36.226389,55.30131277,17.52674698
MonteraTorero,1,2063,-5.585278,36.226389,96.98163578,16.77537074
MonteraTorero,1,2064,-5.585278,36.226389,174.6845719,17.95499031
MonteraTorero,1,2065,-5.585278,36.226389,69.28127162,18.06575534
MonteraTorero,1,2066,-5.585278,36.226389,74.48690589,18.77716242
MonteraTorero,1,2067,-5.585278,36.226389,78.07267171,16.58883352
MonteraTorero,1,2068,-5.585278,36.226389,23.27532333,16.83009368
MonteraTorero,1,2069,-5.585278,36.226389,97.54866447,16.9859942
MonteraTorero,1,2070,-5.585278,36.226389,94.63976817,18.66681085
MonteraTorero,1,2071,-5.585278,36.226389,47.00980268,17.13422792
MonteraTorero,1,2072,-5.585278,36.226389,6.41804877,19.27200002
MonteraTorero,1,2073,-5.585278,36.226389,120.4733055,17.27377004
MonteraTorero,1,2074,-5.585278,36.226389,7.350325528,19.01687898
MonteraTorero,1,2075,-5.585278,36.226389,25.31881096,16.80016676
MonteraTorero,1,2076,-5.585278,36.226389,166.6000212,19.87186141
MonteraTorero,1,2077,-5.585278,36.226389,70.30262577,18.18748602
MonteraTorero,1,2078,-5.585278,36.226389,43.58355421,16.67800096
MonteraTorero,1,2079,-5.585278,36.226389,25.76971955,18.40030675
MonteraTorero,1,2080,-5.585278,36.226389,26.07396156,16.34296619
MonteraTorero,1,2081,-5.585278,36.226389,7.204639962,18.14530974
MonteraTorero,1,2082,-5.585278,36.226389,131.2066879,19.74732312
MonteraTorero,1,2083,-5.585278,36.226389,39.20975823,18.77698128
MonteraTorero,1,2084,-5.585278,36.226389,148.512443,19.03130592
MonteraTorero,1,2085,-5.585278,36.226389,101.2722626,20.22890133
MonteraTorero,1,2086,-5.585278,36.226389,53.94588452,17.12484623
MonteraTorero,1,2087,-5.585278,36.226389,207.2944868,19.11107788
MonteraTorero,1,2088,-5.585278,36.226389,72.07851554,16.06226354
MonteraTorero,1,2089,-5.585278,36.226389,36.1307427,17.58256363
MonteraTorero,1,2090,-5.585278,36.226389,28.04934924,19.8979569
MonteraTorero,1,2091,-5.585278,36.226389,60.75611901,19.47211067
MonteraTorero,1,2092,-5.585278,36.226389,86.28511146,19.61148445
MonteraTorero,1,2093,-5.585278,36.226389,96.90557016,18.14048206
MonteraTorero,1,2094,-5.585278,36.226389,28.82275438,20.05463907
MonteraTorero,1,2095,-5.585278,36.226389,35.05991963,19.3890812
MonteraTorero,1,2096,-5.585278,36.226389,26.24699866,19.91243995
MonteraTorero,1,2097,-5.585278,36.226389,148.4314452,18.84979524
MonteraTorero,1,2098,-5.585278,36.226389,24.01823113,19.62335579
MonteraTorero,1,2099,-5.585278,36.226389,22.8506311,19.75897591
MonteraTorero,1,2100,-5.585278,36.226389,20.98834983,19.64658361
MonteraTorero,10,2015,-5.585278,36.226389,15.44017083,24.73675714
MonteraTorero,10,2016,-5.585278,36.226389,39.60625182,23.28149887
MonteraTorero,10,2017,-5.585278,36.226389,24.19350816,22.29800691
MonteraTorero,10,2018,-5.585278,36.226389,1.283838535,23.03131674
MonteraTorero,10,2019,-5.585278,36.226389,47.76849896,22.63915799
MonteraTorero,10,2020,-5.585278,36.226389,3.262712547,22.62743727
MonteraTorero,10,2021,-5.585278,36.226389,3.855712965,23.13370519
MonteraTorero,10,2022,-5.585278,36.226389,1.654371845,24.45865833
MonteraTorero,10,2023,-5.585278,36.226389,8.689945505,23.34764424
MonteraTorero,10,2024,-5.585278,36.226389,12.78237832,22.73589478
MonteraTorero,10,2025,-5.585278,36.226389,60.91162959,23.69065493
MonteraTorero,10,2026,-5.585278,36.226389,47.55424277,22.43755099
MonteraTorero,10,2027,-5.585278,36.226389,10.0861359,22.81773012
MonteraTorero,10,2028,-5.585278,36.226389,2.346219187,23.52618389
MonteraTorero,10,2029,-5.585278,36.226389,0.400275648,22.99883226
MonteraTorero,10,2030,-5.585278,36.226389,26.81341938,23.68567564
MonteraTorero,10,2031,-5.585278,36.226389,36.98210951,23.65132564
MonteraTorero,10,2032,-5.585278,36.226389,52.16735795,21.68052604
MonteraTorero,10,2033,-5.585278,36.226389,66.66760794,24.15465895
MonteraTorero,10,2034,-5.585278,36.226389,34.19528525,23.52340679
MonteraTorero,10,2035,-5.585278,36.226389,1.551109506,24.20463592
MonteraTorero,10,2036,-5.585278,36.226389,6.180247801,23.98032483
MonteraTorero,10,2037,-5.585278,36.226389,42.14328421,22.95244653
MonteraTorero,10,2038,-5.585278,36.226389,12.05590923,22.68854134
MonteraTorero,10,2039,-5.585278,36.226389,3.721463061,23.59591261
MonteraTorero,10,2040,-5.585278,36.226389,46.62949089,23.82654576
MonteraTorero,10,2041,-5.585278,36.226389,24.15664466,24.44236588
MonteraTorero,10,2042,-5.585278,36.226389,11.54953194,23.37972215
MonteraTorero,10,2043,-5.585278,36.226389,5.445372929,23.93096806
MonteraTorero,10,2044,-5.585278,36.226389,13.00074935,23.21158605
MonteraTorero,10,2045,-5.585278,36.226389,0.354032738,23.80134415
MonteraTorero,10,2046,-5.585278,36.226389,0.865952222,24.17721735
MonteraTorero,10,2047,-5.585278,36.226389,63.46297205,23.83977267
MonteraTorero,10,2048,-5.585278,36.226389,2.417645891,24.397634
MonteraTorero,10,2049,-5.585278,36.226389,13.00550857,23.40262412
MonteraTorero,10,2050,-5.585278,36.226389,11.7215933,23.24053246
MonteraTorero,10,2051,-5.585278,36.226389,0.159819858,23.11693726
MonteraTorero,10,2052,-5.585278,36.226389,0.623514735,24.2684275
MonteraTorero,10,2053,-5.585278,36.226389,30.9139603,23.72995861
MonteraTorero,10,2054,-5.585278,36.226389,2.846640259,24.23165874
MonteraTorero,10,2055,-5.585278,36.226389,14.44799446,23.71048249
MonteraTorero,10,2056,-5.585278,36.226389,14.06279283,24.3149668
MonteraTorero,10,2057,-5.585278,36.226389,24.67495501,22.53393929
MonteraTorero,10,2058,-5.585278,36.226389,132.1601318,24.29683346
MonteraTorero,10,2059,-5.585278,36.226389,20.41504583,23.98485915
MonteraTorero,10,2060,-5.585278,36.226389,32.99140022,24.41711209
MonteraTorero,10,2061,-5.585278,36.226389,50.84356633,25.07287381
MonteraTorero,10,2062,-5.585278,36.226389,36.26898022,23.00886861
MonteraTorero,10,2063,-5.585278,36.226389,9.606213023,24.76989628
MonteraTorero,10,2064,-5.585278,36.226389,7.568121463,23.08296528
MonteraTorero,10,2065,-5.585278,36.226389,2.469943932,24.95663531
MonteraTorero,10,2066,-5.585278,36.226389,1.362234777,24.79218789
MonteraTorero,10,2067,-5.585278,36.226389,31.98499039,24.44127414
MonteraTorero,10,2068,-5.585278,36.226389,7.253758586,23.91873838
MonteraTorero,10,2069,-5.585278,36.226389,6.485241163,24.53386939
MonteraTorero,10,2070,-5.585278,36.226389,2.03855846,23.63633167
MonteraTorero,10,2071,-5.585278,36.226389,44.7411473,25.07937012
MonteraTorero,10,2072,-5.585278,36.226389,4.781855898,25.33459158
MonteraTorero,10,2073,-5.585278,36.226389,21.23640281,25.33815032
MonteraTorero,10,2074,-5.585278,36.226389,4.149763638,25.86099617
MonteraTorero,10,2075,-5.585278,36.226389,4.728241716,26.3238169
MonteraTorero,10,2076,-5.585278,36.226389,12.94459038,25.09338556
MonteraTorero,10,2077,-5.585278,36.226389,20.41190594,25.65807692
MonteraTorero,10,2078,-5.585278,36.226389,9.465465951,23.69526997
MonteraTorero,10,2079,-5.585278,36.226389,3.0151654,25.24161731
MonteraTorero,10,2080,-5.585278,36.226389,31.95461827,25.2937689
MonteraTorero,10,2081,-5.585278,36.226389,17.82105506,24.71261675
MonteraTorero,10,2082,-5.585278,36.226389,1.564521947,25.26969152
MonteraTorero,10,2083,-5.585278,36.226389,4.547198044,26.17793205
MonteraTorero,10,2084,-5.585278,36.226389,61.80934023,25.72850755
MonteraTorero,10,2085,-5.585278,36.226389,30.84294524,26.48804774
MonteraTorero,10,2086,-5.585278,36.226389,34.53930424,24.74512388
MonteraTorero,10,2087,-5.585278,36.226389,22.21255831,25.68517358
MonteraTorero,10,2088,-5.585278,36.226389,0.225245914,26.29870487
MonteraTorero,10,2089,-5.585278,36.226389,52.94904682,25.23329291
MonteraTorero,10,2090,-5.585278,36.226389,11.92756585,26.36545272
MonteraTorero,10,2091,-5.585278,36.226389,43.59516211,24.51658365
MonteraTorero,10,2092,-5.585278,36.226389,3.438575351,26.76110328
MonteraTorero,10,2093,-5.585278,36.226389,37.55323403,25.77708071
MonteraTorero,10,2094,-5.585278,36.226389,1.060055764,25.94539598
MonteraTorero,10,2095,-5.585278,36.226389,0.219057862,26.20524233
MonteraTorero,10,2096,-5.585278,36.226389,58.24650714,23.32815138
MonteraTorero,10,2097,-5.585278,36.226389,25.52768397,26.97244538
MonteraTorero,10,2098,-5.585278,36.226389,6.659079808,27.29386045
MonteraTorero,10,2099,-5.585278,36.226389,0.264410344,26.73434429
MonteraTorero,10,2100,-5.585278,36.226389,15.73520608,27.47098251
MonteraTorero,11,2015,-5.585278,36.226389,158.3537176,18.5456248
MonteraTorero,11,2016,-5.585278,36.226389,12.37754696,18.90393778
MonteraTorero,11,2017,-5.585278,36.226389,85.09187484,17.9969696
MonteraTorero,11,2018,-5.585278,36.226389,18.85328121,18.90381063
MonteraTorero,11,2019,-5.585278,36.226389,37.33298467,18.96019694
MonteraTorero,11,2020,-5.585278,36.226389,28.1040676,20.29174398
MonteraTorero,11,2021,-5.585278,36.226389,48.21627779,19.56145732
MonteraTorero,11,2022,-5.585278,36.226389,16.50105938,19.69517314
MonteraTorero,11,2023,-5.585278,36.226389,10.23776189,20.45146281
MonteraTorero,11,2024,-5.585278,36.226389,199.1460553,18.26135763
MonteraTorero,11,2025,-5.585278,36.226389,46.90996785,16.74965108
MonteraTorero,11,2026,-5.585278,36.226389,20.20383457,17.5785085
MonteraTorero,11,2027,-5.585278,36.226389,104.2597178,18.67705892
MonteraTorero,11,2028,-5.585278,36.226389,12.60997055,19.72351278
MonteraTorero,11,2029,-5.585278,36.226389,83.05937518,17.21014303
MonteraTorero,11,2030,-5.585278,36.226389,3.752773166,21.81031189
MonteraTorero,11,2031,-5.585278,36.226389,14.80967565,20.14857686
MonteraTorero,11,2032,-5.585278,36.226389,26.88211488,18.52187297
MonteraTorero,11,2033,-5.585278,36.226389,38.23547752,18.21203613
MonteraTorero,11,2034,-5.585278,36.226389,72.44908664,18.38846537
MonteraTorero,11,2035,-5.585278,36.226389,29.32980695,20.32336222
MonteraTorero,11,2036,-5.585278,36.226389,27.82576472,18.72164612
MonteraTorero,11,2037,-5.585278,36.226389,26.70297413,18.52592977
MonteraTorero,11,2038,-5.585278,36.226389,137.7455976,19.66268412
MonteraTorero,11,2039,-5.585278,36.226389,24.71485357,19.9322286
MonteraTorero,11,2040,-5.585278,36.226389,22.17032241,18.91590068
MonteraTorero,11,2041,-5.585278,36.226389,42.89670585,18.40956523
MonteraTorero,11,2042,-5.585278,36.226389,122.8113034,20.09057109
MonteraTorero,11,2043,-5.585278,36.226389,105.4925793,20.4293986
MonteraTorero,11,2044,-5.585278,36.226389,2.325869569,19.36462301
MonteraTorero,11,2045,-5.585278,36.226389,12.96240664,21.13926799
MonteraTorero,11,2046,-5.585278,36.226389,129.7686045,20.03913167
MonteraTorero,11,2047,-5.585278,36.226389,69.75704362,19.55420024
MonteraTorero,11,2048,-5.585278,36.226389,51.43901946,19.05449524
MonteraTorero,11,2049,-5.585278,36.226389,11.34226776,19.00945333
MonteraTorero,11,2050,-5.585278,36.226389,10.53712206,21.33468933
MonteraTorero,11,2051,-5.585278,36.226389,58.34208986,20.4585083
MonteraTorero,11,2052,-5.585278,36.226389,94.48673264,19.13187764
MonteraTorero,11,2053,-5.585278,36.226389,41.73792589,19.88599548
MonteraTorero,11,2054,-5.585278,36.226389,4.253331973,19.7759196
MonteraTorero,11,2055,-5.585278,36.226389,31.27762225,19.0817159
MonteraTorero,11,2056,-5.585278,36.226389,94.84800255,20.71854146
MonteraTorero,11,2057,-5.585278,36.226389,21.58457477,19.77994181
MonteraTorero,11,2058,-5.585278,36.226389,45.00403668,19.79146118
MonteraTorero,11,2059,-5.585278,36.226389,1.989103142,21.31943563
MonteraTorero,11,2060,-5.585278,36.226389,40.31831592,20.2830658
MonteraTorero,11,2061,-5.585278,36.226389,2.522902342,20.42716777
MonteraTorero,11,2062,-5.585278,36.226389,20.41403758,20.74321086
MonteraTorero,11,2063,-5.585278,36.226389,62.12344261,20.00691732
MonteraTorero,11,2064,-5.585278,36.226389,8.172869551,19.27209269
MonteraTorero,11,2065,-5.585278,36.226389,40.74547008,20.10933329
MonteraTorero,11,2066,-5.585278,36.226389,43.44669783,20.48884888
MonteraTorero,11,2067,-5.585278,36.226389,50.69752162,20.54871114
MonteraTorero,11,2068,-5.585278,36.226389,74.75415622,18.31413371
MonteraTorero,11,2069,-5.585278,36.226389,23.98015708,21.25159607
MonteraTorero,11,2070,-5.585278,36.226389,19.21406186,19.63034261
MonteraTorero,11,2071,-5.585278,36.226389,8.787354154,19.78879598
MonteraTorero,11,2072,-5.585278,36.226389,4.597824656,22.05874939
MonteraTorero,11,2073,-5.585278,36.226389,38.21999625,19.86962179
MonteraTorero,11,2074,-5.585278,36.226389,0.932073556,20.86051331
MonteraTorero,11,2075,-5.585278,36.226389,43.29305018,22.36276957
MonteraTorero,11,2076,-5.585278,36.226389,5.444799695,23.05293172
MonteraTorero,11,2077,-5.585278,36.226389,32.57100081,21.26559855
MonteraTorero,11,2078,-5.585278,36.226389,1.280215938,20.29216207
MonteraTorero,11,2079,-5.585278,36.226389,4.449051697,22.54946696
MonteraTorero,11,2080,-5.585278,36.226389,10.53884549,22.90463765
MonteraTorero,11,2081,-5.585278,36.226389,10.34117451,21.89438375
MonteraTorero,11,2082,-5.585278,36.226389,36.00781218,21.75509644
MonteraTorero,11,2083,-5.585278,36.226389,32.32803563,20.67359823
MonteraTorero,11,2084,-5.585278,36.226389,34.15926598,21.1958547
MonteraTorero,11,2085,-5.585278,36.226389,29.81328469,21.59155884
MonteraTorero,11,2086,-5.585278,36.226389,36.19785612,22.25036011
MonteraTorero,11,2087,-5.585278,36.226389,4.53118114,21.62540283
MonteraTorero,11,2088,-5.585278,36.226389,29.95682357,20.75360921
MonteraTorero,11,2089,-5.585278,36.226389,47.3845258,20.49185689
MonteraTorero,11,2090,-5.585278,36.226389,2.569159652,22.29539897
MonteraTorero,11,2091,-5.585278,36.226389,1.106452241,21.07278951
MonteraTorero,11,2092,-5.585278,36.226389,22.28852086,22.01242574
MonteraTorero,11,2093,-5.585278,36.226389,6.86834029,22.63039958
MonteraTorero,11,2094,-5.585278,36.226389,3.655000312,23.24848429
MonteraTorero,11,2095,-5.585278,36.226389,0.894522757,22.51877441
MonteraTorero,11,2096,-5.585278,36.226389,52.52827045,21.98928731
MonteraTorero,11,2097,-5.585278,36.226389,8.507751063,23.47358195
MonteraTorero,11,2098,-5.585278,36.226389,39.2114115,22.08353475
MonteraTorero,11,2099,-5.585278,36.226389,4.696499301,22.462087
MonteraTorero,11,2100,-5.585278,36.226389,17.13491278,22.4661204
MonteraTorero,12,2015,-5.585278,36.226389,95.84952936,16.42761211
MonteraTorero,12,2016,-5.585278,36.226389,60.22675595,16.58194478
MonteraTorero,12,2017,-5.585278,36.226389,74.07859199,17.01546532
MonteraTorero,12,2018,-5.585278,36.226389,64.59155555,15.93820269
MonteraTorero,12,2019,-5.585278,36.226389,16.40315982,15.22247295
MonteraTorero,12,2020,-5.585278,36.226389,73.81833773,17.06790287
MonteraTorero,12,2021,-5.585278,36.226389,78.25046174,16.20009864
MonteraTorero,12,2022,-5.585278,36.226389,19.57557212,17.37659065
MonteraTorero,12,2023,-5.585278,36.226389,220.2703104,16.42047789
MonteraTorero,12,2024,-5.585278,36.226389,225.6845375,17.54208069
MonteraTorero,12,2025,-5.585278,36.226389,53.88734339,15.70003071
MonteraTorero,12,2026,-5.585278,36.226389,95.83356394,16.5244877
MonteraTorero,12,2027,-5.585278,36.226389,179.1066743,16.11288137
MonteraTorero,12,2028,-5.585278,36.226389,21.25291569,17.8063385
MonteraTorero,12,2029,-5.585278,36.226389,130.266975,16.69280297
MonteraTorero,12,2030,-5.585278,36.226389,10.76127064,18.26662191
MonteraTorero,12,2031,-5.585278,36.226389,53.64579273,16.76043288
MonteraTorero,12,2032,-5.585278,36.226389,34.62500224,16.06509603
MonteraTorero,12,2033,-5.585278,36.226389,25.74862278,17.98288732
MonteraTorero,12,2034,-5.585278,36.226389,264.3344392,16.37739986
MonteraTorero,12,2035,-5.585278,36.226389,50.41900057,17.43662562
MonteraTorero,12,2036,-5.585278,36.226389,43.45226396,16.86477966
MonteraTorero,12,2037,-5.585278,36.226389,2.731655244,16.98266385
MonteraTorero,12,2038,-5.585278,36.226389,35.62225183,17.95411121
MonteraTorero,12,2039,-5.585278,36.226389,95.10013084,19.53414504
MonteraTorero,12,2040,-5.585278,36.226389,24.23554022,17.77208862
MonteraTorero,12,2041,-5.585278,36.226389,29.88574548,16.93306294
MonteraTorero,12,2042,-5.585278,36.226389,79.86634483,18.82302738
MonteraTorero,12,2043,-5.585278,36.226389,158.1885501,18.05872547
MonteraTorero,12,2044,-5.585278,36.226389,42.54439261,18.69968465
MonteraTorero,12,2045,-5.585278,36.226389,41.84049637,17.52773438
MonteraTorero,12,2046,-5.585278,36.226389,61.51811416,17.15353275
MonteraTorero,12,2047,-5.585278,36.226389,55.69699566,19.98124035
MonteraTorero,12,2048,-5.585278,36.226389,107.6138702,18.78388672
MonteraTorero,12,2049,-5.585278,36.226389,43.17347541,17.71544209
MonteraTorero,12,2050,-5.585278,36.226389,65.74846199,17.59974976
MonteraTorero,12,2051,-5.585278,36.226389,72.68877028,17.38865691
MonteraTorero,12,2052,-5.585278,36.226389,68.75250986,15.23215535
MonteraTorero,12,2053,-5.585278,36.226389,125.8236099,17.38928301
MonteraTorero,12,2054,-5.585278,36.226389,15.38641144,17.52092403
MonteraTorero,12,2055,-5.585278,36.226389,112.6868305,15.74718825
MonteraTorero,12,2056,-5.585278,36.226389,4.938726593,17.11012777
MonteraTorero,12,2057,-5.585278,36.226389,274.8599881,17.98993097
MonteraTorero,12,2058,-5.585278,36.226389,6.545461839,18.5165236
MonteraTorero,12,2059,-5.585278,36.226389,185.9493095,17.13017696
MonteraTorero,12,2060,-5.585278,36.226389,7.207431695,17.87895908
MonteraTorero,12,2061,-5.585278,36.226389,3.746891486,18.18228819
MonteraTorero,12,2062,-5.585278,36.226389,19.78543525,17.61289909
MonteraTorero,12,2063,-5.585278,36.226389,17.48105462,18.1254241
MonteraTorero,12,2064,-5.585278,36.226389,37.97137633,18.13805339
MonteraTorero,12,2065,-5.585278,36.226389,11.18422795,18.76885278
MonteraTorero,12,2066,-5.585278,36.226389,145.4055341,17.94351078
MonteraTorero,12,2067,-5.585278,36.226389,70.06515107,18.74447612
MonteraTorero,12,2068,-5.585278,36.226389,38.50067804,18.37334798
MonteraTorero,12,2069,-5.585278,36.226389,71.54921366,18.71142362
MonteraTorero,12,2070,-5.585278,36.226389,40.12132756,17.96351624
MonteraTorero,12,2071,-5.585278,36.226389,82.87583488,17.13550376
MonteraTorero,12,2072,-5.585278,36.226389,81.41066108,16.81687317
MonteraTorero,12,2073,-5.585278,36.226389,19.85052607,17.77664952
MonteraTorero,12,2074,-5.585278,36.226389,69.18338486,17.9635185
MonteraTorero,12,2075,-5.585278,36.226389,42.41708874,17.44905415
MonteraTorero,12,2076,-5.585278,36.226389,15.88093771,19.21391296
MonteraTorero,12,2077,-5.585278,36.226389,123.8745181,19.95691194
MonteraTorero,12,2078,-5.585278,36.226389,27.97958706,19.66691225
MonteraTorero,12,2079,-5.585278,36.226389,53.94873665,20.76598019
MonteraTorero,12,2080,-5.585278,36.226389,15.68768603,18.12633141
MonteraTorero,12,2081,-5.585278,36.226389,81.21910377,21.080959
MonteraTorero,12,2082,-5.585278,36.226389,18.51544395,19.62594191
MonteraTorero,12,2083,-5.585278,36.226389,18.86968352,20.07063717
MonteraTorero,12,2084,-5.585278,36.226389,92.75533963,20.46248067
MonteraTorero,12,2085,-5.585278,36.226389,19.89737412,20.06431412
MonteraTorero,12,2086,-5.585278,36.226389,139.1566522,18.50326223
MonteraTorero,12,2087,-5.585278,36.226389,86.20728455,18.69331488
MonteraTorero,12,2088,-5.585278,36.226389,77.52564548,19.52450358
MonteraTorero,12,2089,-5.585278,36.226389,21.83974574,19.73219034
MonteraTorero,12,2090,-5.585278,36.226389,9.243940148,21.10591431
MonteraTorero,12,2091,-5.585278,36.226389,21.03497825,17.23090663
MonteraTorero,12,2092,-5.585278,36.226389,128.7082065,19.80504557
MonteraTorero,12,2093,-5.585278,36.226389,96.10037017,19.78619562
MonteraTorero,12,2094,-5.585278,36.226389,28.08338559,19.97979224
MonteraTorero,12,2095,-5.585278,36.226389,33.04868248,20.4342482
MonteraTorero,12,2096,-5.585278,36.226389,72.83384204,20.43526103
MonteraTorero,12,2097,-5.585278,36.226389,24.87392049,20.77764085
MonteraTorero,12,2098,-5.585278,36.226389,2.374488469,20.40965694
MonteraTorero,12,2099,-5.585278,36.226389,156.3346937,19.96675435
MonteraTorero,12,2100,-5.585278,36.226389,11.53746834,19.43691203
MonteraTorero,2,2015,-5.585278,36.226389,63.52952165,17.71156682
MonteraTorero,2,2016,-5.585278,36.226389,8.770264028,16.67614557
MonteraTorero,2,2017,-5.585278,36.226389,9.906995906,17.11281302
MonteraTorero,2,2018,-5.585278,36.226389,4.601353831,16.36275635
MonteraTorero,2,2019,-5.585278,36.226389,102.1852246,17.78094635
MonteraTorero,2,2020,-5.585278,36.226389,110.1114468,18.74446601
MonteraTorero,2,2021,-5.585278,36.226389,19.16019315,16.01241019
MonteraTorero,2,2022,-5.585278,36.226389,17.29570766,16.05948465
MonteraTorero,2,2023,-5.585278,36.226389,16.12397491,17.94716579
MonteraTorero,2,2024,-5.585278,36.226389,25.26339114,16.89137763
MonteraTorero,2,2025,-5.585278,36.226389,159.934054,16.70812814
MonteraTorero,2,2026,-5.585278,36.226389,11.23149329,16.57631727
MonteraTorero,2,2027,-5.585278,36.226389,15.25601011,16.76289193
MonteraTorero,2,2028,-5.585278,36.226389,50.98503125,16.61374449
MonteraTorero,2,2029,-5.585278,36.226389,49.30178237,17.02803955
MonteraTorero,2,2030,-5.585278,36.226389,55.18079199,16.07852107
MonteraTorero,2,2031,-5.585278,36.226389,39.35937184,18.25633283
MonteraTorero,2,2032,-5.585278,36.226389,17.20843415,18.77562235
MonteraTorero,2,2033,-5.585278,36.226389,2.949966497,19.4430797
MonteraTorero,2,2034,-5.585278,36.226389,6.518328869,19.07519684
MonteraTorero,2,2035,-5.585278,36.226389,192.4375327,17.45913304
MonteraTorero,2,2036,-5.585278,36.226389,76.82317808,18.43792325
MonteraTorero,2,2037,-5.585278,36.226389,3.954713466,17.38316171
MonteraTorero,2,2038,-5.585278,36.226389,139.1856777,14.19375654
MonteraTorero,2,2039,-5.585278,36.226389,85.59846956,16.53040139
MonteraTorero,2,2040,-5.585278,36.226389,22.74741584,16.59951382
MonteraTorero,2,2041,-5.585278,36.226389,78.8584598,16.4836877
MonteraTorero,2,2042,-5.585278,36.226389,31.51616951,18.60442505
MonteraTorero,2,2043,-5.585278,36.226389,135.2918281,16.75369197
MonteraTorero,2,2044,-5.585278,36.226389,11.23114242,17.02840366
MonteraTorero,2,2045,-5.585278,36.226389,40.0269974,15.2336441
MonteraTorero,2,2046,-5.585278,36.226389,25.34924249,18.89820905
MonteraTorero,2,2047,-5.585278,36.226389,24.91817631,16.7164529
MonteraTorero,2,2048,-5.585278,36.226389,75.42047068,16.36353086
MonteraTorero,2,2049,-5.585278,36.226389,121.9728631,15.66353433
MonteraTorero,2,2050,-5.585278,36.226389,4.307467867,17.26118404
MonteraTorero,2,2051,-5.585278,36.226389,4.582855025,18.529342
MonteraTorero,2,2052,-5.585278,36.226389,20.94215593,18.15095488
MonteraTorero,2,2053,-5.585278,36.226389,4.085546612,17.05096588
MonteraTorero,2,2054,-5.585278,36.226389,5.421081688,17.31779742
MonteraTorero,2,2055,-5.585278,36.226389,27.74543845,17.12939497
MonteraTorero,2,2056,-5.585278,36.226389,1.234611707,17.10669808
MonteraTorero,2,2057,-5.585278,36.226389,33.91091411,17.33514666
MonteraTorero,2,2058,-5.585278,36.226389,30.75595053,16.37104841
MonteraTorero,2,2059,-5.585278,36.226389,20.97553504,19.17762146
MonteraTorero,2,2060,-5.585278,36.226389,51.00472443,17.20630956
MonteraTorero,2,2061,-5.585278,36.226389,20.62523094,19.04899968
MonteraTorero,2,2062,-5.585278,36.226389,3.160898805,17.04032615
MonteraTorero,2,2063,-5.585278,36.226389,14.63204233,18.26242763
MonteraTorero,2,2064,-5.585278,36.226389,60.19812423,18.40012565
MonteraTorero,2,2065,-5.585278,36.226389,4.362964254,18.13184182
MonteraTorero,2,2066,-5.585278,36.226389,40.62130494,19.11300049
MonteraTorero,2,2067,-5.585278,36.226389,0.897553442,18.19641266
MonteraTorero,2,2068,-5.585278,36.226389,1.140532536,19.39933956
MonteraTorero,2,2069,-5.585278,36.226389,48.70198808,16.89492514
MonteraTorero,2,2070,-5.585278,36.226389,348.5830769,18.13296552
MonteraTorero,2,2071,-5.585278,36.226389,7.254273752,17.65318015
MonteraTorero,2,2072,-5.585278,36.226389,7.397802867,20.03806826
MonteraTorero,2,2073,-5.585278,36.226389,95.45942441,18.83802948
MonteraTorero,2,2074,-5.585278,36.226389,93.74844594,16.90957467
MonteraTorero,2,2075,-5.585278,36.226389,4.467998422,17.53445042
MonteraTorero,2,2076,-5.585278,36.226389,19.93019795,18.44994612
MonteraTorero,2,2077,-5.585278,36.226389,3.917368963,19.92679531
MonteraTorero,2,2078,-5.585278,36.226389,64.06597665,18.3518801
MonteraTorero,2,2079,-5.585278,36.226389,5.331472391,19.40429513
MonteraTorero,2,2080,-5.585278,36.226389,160.4752698,19.89014535
MonteraTorero,2,2081,-5.585278,36.226389,27.33690582,19.37609035
MonteraTorero,2,2082,-5.585278,36.226389,14.69496246,20.2896722
MonteraTorero,2,2083,-5.585278,36.226389,127.6186744,18.98400269
MonteraTorero,2,2084,-5.585278,36.226389,15.76542942,18.55579581
MonteraTorero,2,2085,-5.585278,36.226389,10.69503704,17.58584856
MonteraTorero,2,2086,-5.585278,36.226389,81.25000269,17.92890211
MonteraTorero,2,2087,-5.585278,36.226389,200.5284278,18.03568529
MonteraTorero,2,2088,-5.585278,36.226389,46.35567242,20.44682807
MonteraTorero,2,2089,-5.585278,36.226389,6.314797075,19.77801666
MonteraTorero,2,2090,-5.585278,36.226389,452.8039452,18.94558541
MonteraTorero,2,2091,-5.585278,36.226389,2.262317816,19.3094247
MonteraTorero,2,2092,-5.585278,36.226389,29.08962806,18.21078302
MonteraTorero,2,2093,-5.585278,36.226389,9.35689699,19.35261797
MonteraTorero,2,2094,-5.585278,36.226389,48.12986672,21.61082829
MonteraTorero,2,2095,-5.585278,36.226389,48.72202204,17.25948486
MonteraTorero,2,2096,-5.585278,36.226389,69.11693216,19.33313956
MonteraTorero,2,2097,-5.585278,36.226389,87.90147126,20.73708932
MonteraTorero,2,2098,-5.585278,36.226389,20.898212,18.87474867
MonteraTorero,2,2099,-5.585278,36.226389,37.09090311,19.23767351
MonteraTorero,2,2100,-5.585278,36.226389,54.11412118,20.76709137
MonteraTorero,3,2015,-5.585278,36.226389,62.55906124,18.06195049
MonteraTorero,3,2016,-5.585278,36.226389,17.3589881,19.58886798
MonteraTorero,3,2017,-5.585278,36.226389,40.68994623,17.92695253
MonteraTorero,3,2018,-5.585278,36.226389,6.842129152,18.61981871
MonteraTorero,3,2019,-5.585278,36.226389,27.4633525,18.23858328
MonteraTorero,3,2020,-5.585278,36.226389,54.1048419,17.76059334
MonteraTorero,3,2021,-5.585278,36.226389,29.38993909,18.58860907
MonteraTorero,3,2022,-5.585278,36.226389,0.565580365,19.50533349
MonteraTorero,3,2023,-5.585278,36.226389,29.80654672,19.09259604
MonteraTorero,3,2024,-5.585278,36.226389,12.72274266,17.06789945
MonteraTorero,3,2025,-5.585278,36.226389,121.3745872,17.84254091
MonteraTorero,3,2026,-5.585278,36.226389,11.48111448,17.76541906
MonteraTorero,3,2027,-5.585278,36.226389,42.80552957,16.87541524
MonteraTorero,3,2028,-5.585278,36.226389,17.02169953,19.17907892
MonteraTorero,3,2029,-5.585278,36.226389,11.84022254,17.56855508
MonteraTorero,3,2030,-5.585278,36.226389,62.10159195,16.97680841
MonteraTorero,3,2031,-5.585278,36.226389,16.60851066,18.13212123
MonteraTorero,3,2032,-5.585278,36.226389,15.28354995,18.55716612
MonteraTorero,3,2033,-5.585278,36.226389,6.73215735,19.10750536
MonteraTorero,3,2034,-5.585278,36.226389,0.106361664,20.99688012
MonteraTorero,3,2035,-5.585278,36.226389,116.7358329,18.4456539
MonteraTorero,3,2036,-5.585278,36.226389,11.45653166,19.58046678
MonteraTorero,3,2037,-5.585278,36.226389,20.89272724,18.85129847
MonteraTorero,3,2038,-5.585278,36.226389,47.44232073,18.63150497
MonteraTorero,3,2039,-5.585278,36.226389,3.067135264,20.5932123
MonteraTorero,3,2040,-5.585278,36.226389,135.0961805,17.74135841
MonteraTorero,3,2041,-5.585278,36.226389,76.69365701,16.04119361
MonteraTorero,3,2042,-5.585278,36.226389,1.470778273,17.93915661
MonteraTorero,3,2043,-5.585278,36.226389,14.31579316,20.32226247
MonteraTorero,3,2044,-5.585278,36.226389,36.6220272,18.97033376
MonteraTorero,3,2045,-5.585278,36.226389,4.420551883,19.33240908
MonteraTorero,3,2046,-5.585278,36.226389,44.63569714,19.60733997
MonteraTorero,3,2047,-5.585278,36.226389,24.82429994,18.86905478
MonteraTorero,3,2048,-5.585278,36.226389,1.264593223,19.09909038
MonteraTorero,3,2049,-5.585278,36.226389,55.88138003,19.1585081
MonteraTorero,3,2050,-5.585278,36.226389,9.362609782,19.08564296
MonteraTorero,3,2051,-5.585278,36.226389,14.82211683,19.57908266
MonteraTorero,3,2052,-5.585278,36.226389,26.84992308,18.70418307
MonteraTorero,3,2053,-5.585278,36.226389,31.02429837,17.62664874
MonteraTorero,3,2054,-5.585278,36.226389,4.319968496,18.91960272
MonteraTorero,3,2055,-5.585278,36.226389,40.4061292,17.87013668
MonteraTorero,3,2056,-5.585278,36.226389,9.356926945,18.27796572
MonteraTorero,3,2057,-5.585278,36.226389,36.61384057,17.81075439
MonteraTorero,3,2058,-5.585278,36.226389,45.79024546,20.61736056
MonteraTorero,3,2059,-5.585278,36.226389,7.984629389,19.99129639
MonteraTorero,3,2060,-5.585278,36.226389,31.21832898,18.19624457
MonteraTorero,3,2061,-5.585278,36.226389,9.715819749,19.28103421
MonteraTorero,3,2062,-5.585278,36.226389,73.7203914,17.89624988
MonteraTorero,3,2063,-5.585278,36.226389,31.536227,17.55720845
MonteraTorero,3,2064,-5.585278,36.226389,72.37834433,19.08711961
MonteraTorero,3,2065,-5.585278,36.226389,7.432193751,21.01465218
MonteraTorero,3,2066,-5.585278,36.226389,13.62434744,20.00686823
MonteraTorero,3,2067,-5.585278,36.226389,57.32946055,17.62534042
MonteraTorero,3,2068,-5.585278,36.226389,34.37081101,19.34905199
MonteraTorero,3,2069,-5.585278,36.226389,3.674875347,20.05368515
MonteraTorero,3,2070,-5.585278,36.226389,21.01401028,19.8815601
MonteraTorero,3,2071,-5.585278,36.226389,9.725640417,20.23069497
MonteraTorero,3,2072,-5.585278,36.226389,48.96383384,19.51004698
MonteraTorero,3,2073,-5.585278,36.226389,78.92367458,18.49962769
MonteraTorero,3,2074,-5.585278,36.226389,44.52291089,19.49922505
MonteraTorero,3,2075,-5.585278,36.226389,20.17536577,19.86970648
MonteraTorero,3,2076,-5.585278,36.226389,5.341650278,19.95452271
MonteraTorero,3,2077,-5.585278,36.226389,13.35178622,20.79397957
MonteraTorero,3,2078,-5.585278,36.226389,37.66544962,18.64774623
MonteraTorero,3,2079,-5.585278,36.226389,17.25287738,20.03804833
MonteraTorero,3,2080,-5.585278,36.226389,120.1631774,18.62273658
MonteraTorero,3,2081,-5.585278,36.226389,3.305055651,20.3579769
MonteraTorero,3,2082,-5.585278,36.226389,14.02696201,19.65885463
MonteraTorero,3,2083,-5.585278,36.226389,8.889544878,19.89779348
MonteraTorero,3,2084,-5.585278,36.226389,29.4043057,20.46288649
MonteraTorero,3,2085,-5.585278,36.226389,19.01304906,20.42425124
MonteraTorero,3,2086,-5.585278,36.226389,0.155422724,20.23009053
MonteraTorero,3,2087,-5.585278,36.226389,61.29813728,20.4131832
MonteraTorero,3,2088,-5.585278,36.226389,30.80273414,19.64307507
MonteraTorero,3,2089,-5.585278,36.226389,2.419793492,22.36641157
MonteraTorero,3,2090,-5.585278,36.226389,210.681203,19.48000981
MonteraTorero,3,2091,-5.585278,36.226389,25.84565362,19.73611135
MonteraTorero,3,2092,-5.585278,36.226389,1.794747682,20.68583709
MonteraTorero,3,2093,-5.585278,36.226389,55.04690352,19.7374433
MonteraTorero,3,2094,-5.585278,36.226389,54.40053202,20.37062988
MonteraTorero,3,2095,-5.585278,36.226389,4.129455998,21.60662231
MonteraTorero,3,2096,-5.585278,36.226389,28.41506904,21.44955818
MonteraTorero,3,2097,-5.585278,36.226389,84.598162,19.58568726
MonteraTorero,3,2098,-5.585278,36.226389,22.88915164,20.71508671
MonteraTorero,3,2099,-5.585278,36.226389,5.704978852,21.5345014
MonteraTorero,3,2100,-5.585278,36.226389,67.15632233,20.63284085
MonteraTorero,4,2015,-5.585278,36.226389,0.997038308,21.19927368
MonteraTorero,4,2016,-5.585278,36.226389,4.592365165,21.50236715
MonteraTorero,4,2017,-5.585278,36.226389,14.42340417,20.85470785
MonteraTorero,4,2018,-5.585278,36.226389,76.72006134,18.47510885
MonteraTorero,4,2019,-5.585278,36.226389,78.2422982,18.63050435
MonteraTorero,4,2020,-5.585278,36.226389,15.8084454,20.98630778
MonteraTorero,4,2021,-5.585278,36.226389,2.50299998,20.63097127
MonteraTorero,4,2022,-5.585278,36.226389,11.8539232,21.30489807
MonteraTorero,4,2023,-5.585278,36.226389,18.65401309,20.31505025
MonteraTorero,4,2024,-5.585278,36.226389,28.71488675,18.8462026
MonteraTorero,4,2025,-5.585278,36.226389,26.89367719,19.85318502
MonteraTorero,4,2026,-5.585278,36.226389,19.50209712,18.68402608
MonteraTorero,4,2027,-5.585278,36.226389,80.77827479,18.80517782
MonteraTorero,4,2028,-5.585278,36.226389,50.34241849,18.73544108
MonteraTorero,4,2029,-5.585278,36.226389,24.68067339,18.38355204
MonteraTorero,4,2030,-5.585278,36.226389,28.16847346,18.68781942
MonteraTorero,4,2031,-5.585278,36.226389,4.285913804,20.19021505
MonteraTorero,4,2032,-5.585278,36.226389,4.270520893,22.40272319
MonteraTorero,4,2033,-5.585278,36.226389,35.34304594,19.67840678
MonteraTorero,4,2034,-5.585278,36.226389,1.563868199,21.87475484
MonteraTorero,4,2035,-5.585278,36.226389,6.888591211,19.85087382
MonteraTorero,4,2036,-5.585278,36.226389,32.5651894,20.75412699
MonteraTorero,4,2037,-5.585278,36.226389,13.03375037,21.11741333
MonteraTorero,4,2038,-5.585278,36.226389,30.36374783,19.24254354
MonteraTorero,4,2039,-5.585278,36.226389,119.3179357,19.4769989
MonteraTorero,4,2040,-5.585278,36.226389,64.04376325,19.55901286
MonteraTorero,4,2041,-5.585278,36.226389,12.50825958,20.01427816
MonteraTorero,4,2042,-5.585278,36.226389,22.96039502,20.33559774
MonteraTorero,4,2043,-5.585278,36.226389,14.20379645,20.17093709
MonteraTorero,4,2044,-5.585278,36.226389,43.33515629,19.50230713
MonteraTorero,4,2045,-5.585278,36.226389,71.08928181,20.81444906
MonteraTorero,4,2046,-5.585278,36.226389,2.679115455,21.68072103
MonteraTorero,4,2047,-5.585278,36.226389,58.73267629,20.81400859
MonteraTorero,4,2048,-5.585278,36.226389,10.89985783,21.7132487
MonteraTorero,4,2049,-5.585278,36.226389,14.12283755,19.3112325
MonteraTorero,4,2050,-5.585278,36.226389,27.58999062,19.07072449
MonteraTorero,4,2051,-5.585278,36.226389,0.614525646,21.77561849
MonteraTorero,4,2052,-5.585278,36.226389,25.95047711,20.97858582
MonteraTorero,4,2053,-5.585278,36.226389,27.44520144,21.45169678
MonteraTorero,4,2054,-5.585278,36.226389,69.91889746,20.37625732
MonteraTorero,4,2055,-5.585278,36.226389,60.90023316,19.86444499
MonteraTorero,4,2056,-5.585278,36.226389,14.3851001,20.74487
MonteraTorero,4,2057,-5.585278,36.226389,44.6964654,19.85389709
MonteraTorero,4,2058,-5.585278,36.226389,12.58563013,20.58935649
MonteraTorero,4,2059,-5.585278,36.226389,12.64808018,22.09418437
MonteraTorero,4,2060,-5.585278,36.226389,16.38880635,20.73282878
MonteraTorero,4,2061,-5.585278,36.226389,10.8447243,21.60102641
MonteraTorero,4,2062,-5.585278,36.226389,23.04893039,22.17536926
MonteraTorero,4,2063,-5.585278,36.226389,3.722450756,21.59517619
MonteraTorero,4,2064,-5.585278,36.226389,24.78803942,22.38102722
MonteraTorero,4,2065,-5.585278,36.226389,77.79760329,20.45720113
MonteraTorero,4,2066,-5.585278,36.226389,13.20826901,19.94982605
MonteraTorero,4,2067,-5.585278,36.226389,52.59727462,20.85931295
MonteraTorero,4,2068,-5.585278,36.226389,4.746713554,21.52257385
MonteraTorero,4,2069,-5.585278,36.226389,12.54622851,20.56937968
MonteraTorero,4,2070,-5.585278,36.226389,20.02208523,21.73228658
MonteraTorero,4,2071,-5.585278,36.226389,24.36757554,22.49993388
MonteraTorero,4,2072,-5.585278,36.226389,29.48405887,22.87867025
MonteraTorero,4,2073,-5.585278,36.226389,26.61282233,21.11741842
MonteraTorero,4,2074,-5.585278,36.226389,17.43415928,21.80118306
MonteraTorero,4,2075,-5.585278,36.226389,8.568072119,23.42304688
MonteraTorero,4,2076,-5.585278,36.226389,6.430383639,21.01566569
MonteraTorero,4,2077,-5.585278,36.226389,6.140798482,22.79282227
MonteraTorero,4,2078,-5.585278,36.226389,79.45921198,21.44376628
MonteraTorero,4,2079,-5.585278,36.226389,12.15784731,22.95261536
MonteraTorero,4,2080,-5.585278,36.226389,22.84302137,21.01720886
MonteraTorero,4,2081,-5.585278,36.226389,4.23595431,23.29123637
MonteraTorero,4,2082,-5.585278,36.226389,6.737805281,22.49538879
MonteraTorero,4,2083,-5.585278,36.226389,0.507813529,22.80450236
MonteraTorero,4,2084,-5.585278,36.226389,5.307546348,21.63680115
MonteraTorero,4,2085,-5.585278,36.226389,7.757179576,24.19002991
MonteraTorero,4,2086,-5.585278,36.226389,4.87832179,21.76708883
MonteraTorero,4,2087,-5.585278,36.226389,3.876864952,23.66367188
MonteraTorero,4,2088,-5.585278,36.226389,28.28408037,21.9433075
MonteraTorero,4,2089,-5.585278,36.226389,10.98533573,23.93778788
MonteraTorero,4,2090,-5.585278,36.226389,33.49129108,22.22095947
MonteraTorero,4,2091,-5.585278,36.226389,3.974597928,20.6413147
MonteraTorero,4,2092,-5.585278,36.226389,6.605699057,23.69542033
MonteraTorero,4,2093,-5.585278,36.226389,37.43614697,21.05088501
MonteraTorero,4,2094,-5.585278,36.226389,11.28495427,23.65165507
MonteraTorero,4,2095,-5.585278,36.226389,23.98445973,21.09836019
MonteraTorero,4,2096,-5.585278,36.226389,6.396596706,24.74557495
MonteraTorero,4,2097,-5.585278,36.226389,13.21835477,23.23469747
MonteraTorero,4,2098,-5.585278,36.226389,0.677833277,22.94727376
MonteraTorero,4,2099,-5.585278,36.226389,12.59762597,22.88814087
MonteraTorero,4,2100,-5.585278,36.226389,3.905480198,24.34881287
MonteraTorero,5,2015,-5.585278,36.226389,11.88068263,21.98199837
MonteraTorero,5,2016,-5.585278,36.226389,18.22649213,23.00279659
MonteraTorero,5,2017,-5.585278,36.226389,4.837284042,22.75991998
MonteraTorero,5,2018,-5.585278,36.226389,69.86922772,20.82360131
MonteraTorero,5,2019,-5.585278,36.226389,28.03567568,20.4067243
MonteraTorero,5,2020,-5.585278,36.226389,2.393937607,23.11930286
MonteraTorero,5,2021,-5.585278,36.226389,60.71061723,21.05888692
MonteraTorero,5,2022,-5.585278,36.226389,66.41323947,22.18955039
MonteraTorero,5,2023,-5.585278,36.226389,1.586223267,23.25590348
MonteraTorero,5,2024,-5.585278,36.226389,1.245581826,23.23558074
MonteraTorero,5,2025,-5.585278,36.226389,45.08733244,22.79249405
MonteraTorero,5,2026,-5.585278,36.226389,39.80014288,20.70562035
MonteraTorero,5,2027,-5.585278,36.226389,11.47602689,21.7066993
MonteraTorero,5,2028,-5.585278,36.226389,6.872671747,20.99666453
MonteraTorero,5,2029,-5.585278,36.226389,11.85715397,21.9647392
MonteraTorero,5,2030,-5.585278,36.226389,14.86062762,20.7373291
MonteraTorero,5,2031,-5.585278,36.226389,12.23809821,22.31708138
MonteraTorero,5,2032,-5.585278,36.226389,17.90888729,23.64027631
MonteraTorero,5,2033,-5.585278,36.226389,15.21729782,21.82395472
MonteraTorero,5,2034,-5.585278,36.226389,2.889129501,22.95356189
MonteraTorero,5,2035,-5.585278,36.226389,21.10339841,21.97126898
MonteraTorero,5,2036,-5.585278,36.226389,86.4208204,22.28368333
MonteraTorero,5,2037,-5.585278,36.226389,27.25861605,20.97233808
MonteraTorero,5,2038,-5.585278,36.226389,4.026077102,22.63434114
MonteraTorero,5,2039,-5.585278,36.226389,38.73566644,21.6712743
MonteraTorero,5,2040,-5.585278,36.226389,45.97248444,21.91120743
MonteraTorero,5,2041,-5.585278,36.226389,10.28464217,22.01794119
MonteraTorero,5,2042,-5.585278,36.226389,3.736915247,24.41715639
MonteraTorero,5,2043,-5.585278,36.226389,23.5436641,22.36689197
MonteraTorero,5,2044,-5.585278,36.226389,20.12160147,22.15314292
MonteraTorero,5,2045,-5.585278,36.226389,4.613011962,22.25072632
MonteraTorero,5,2046,-5.585278,36.226389,25.03153367,22.71474905
MonteraTorero,5,2047,-5.585278,36.226389,49.6420367,23.78232875
MonteraTorero,5,2048,-5.585278,36.226389,2.22120421,23.70842994
MonteraTorero,5,2049,-5.585278,36.226389,83.1348408,22.31045119
MonteraTorero,5,2050,-5.585278,36.226389,9.91155538,22.8031378
MonteraTorero,5,2051,-5.585278,36.226389,33.74720625,22.57618743
MonteraTorero,5,2052,-5.585278,36.226389,1.553162716,24.86277407
MonteraTorero,5,2053,-5.585278,36.226389,16.10983951,22.72945754
MonteraTorero,5,2054,-5.585278,36.226389,35.56730238,21.7915421
MonteraTorero,5,2055,-5.585278,36.226389,1.955888853,22.82359442
MonteraTorero,5,2056,-5.585278,36.226389,13.21243285,23.11156518
MonteraTorero,5,2057,-5.585278,36.226389,8.473368187,22.75339907
MonteraTorero,5,2058,-5.585278,36.226389,25.6560383,21.77323549
MonteraTorero,5,2059,-5.585278,36.226389,39.99608578,24.5379617
MonteraTorero,5,2060,-5.585278,36.226389,2.442706154,24.49130623
MonteraTorero,5,2061,-5.585278,36.226389,4.669643627,22.67891452
MonteraTorero,5,2062,-5.585278,36.226389,29.34554724,23.05847345
MonteraTorero,5,2063,-5.585278,36.226389,25.64741619,21.5364496
MonteraTorero,5,2064,-5.585278,36.226389,1.578046396,24.66865077
MonteraTorero,5,2065,-5.585278,36.226389,1.24098866,25.46899493
MonteraTorero,5,2066,-5.585278,36.226389,4.210464034,24.15412145
MonteraTorero,5,2067,-5.585278,36.226389,24.31397861,23.12220301
MonteraTorero,5,2068,-5.585278,36.226389,7.9530373,23.04682755
MonteraTorero,5,2069,-5.585278,36.226389,23.35381383,23.96253505
MonteraTorero,5,2070,-5.585278,36.226389,59.41598335,24.12269523
MonteraTorero,5,2071,-5.585278,36.226389,19.33753235,24.27510789
MonteraTorero,5,2072,-5.585278,36.226389,1.630272048,25.57698286
MonteraTorero,5,2073,-5.585278,36.226389,4.93618673,23.00786546
MonteraTorero,5,2074,-5.585278,36.226389,3.927578224,24.46143444
MonteraTorero,5,2075,-5.585278,36.226389,5.499548903,25.19330503
MonteraTorero,5,2076,-5.585278,36.226389,18.14746413,24.40987352
MonteraTorero,5,2077,-5.585278,36.226389,8.491153436,26.02428687
MonteraTorero,5,2078,-5.585278,36.226389,22.41403882,22.87139085
MonteraTorero,5,2079,-5.585278,36.226389,0.605536308,24.52269602
MonteraTorero,5,2080,-5.585278,36.226389,7.481823965,23.75190961
MonteraTorero,5,2081,-5.585278,36.226389,20.69787176,24.85599326
MonteraTorero,5,2082,-5.585278,36.226389,14.75705622,25.13079617
MonteraTorero,5,2083,-5.585278,36.226389,20.73937432,21.78108343
MonteraTorero,5,2084,-5.585278,36.226389,20.21109608,25.39334185
MonteraTorero,5,2085,-5.585278,36.226389,11.61566839,26.60534058
MonteraTorero,5,2086,-5.585278,36.226389,1.314646508,25.19490278
MonteraTorero,5,2087,-5.585278,36.226389,1.988766129,25.42262101
MonteraTorero,5,2088,-5.585278,36.226389,18.53790561,26.73530017
MonteraTorero,5,2089,-5.585278,36.226389,11.95104807,25.79011073
MonteraTorero,5,2090,-5.585278,36.226389,56.11865331,23.22044402
MonteraTorero,5,2091,-5.585278,36.226389,17.86050537,22.42658435
MonteraTorero,5,2092,-5.585278,36.226389,1.235938238,27.58111848
MonteraTorero,5,2093,-5.585278,36.226389,5.768555628,25.76832709
MonteraTorero,5,2094,-5.585278,36.226389,4.162233124,24.57984166
MonteraTorero,5,2095,-5.585278,36.226389,11.3196495,25.49376536
MonteraTorero,5,2096,-5.585278,36.226389,0.000373148,25.51531766
MonteraTorero,5,2097,-5.585278,36.226389,21.53480959,25.17085788
MonteraTorero,5,2098,-5.585278,36.226389,9.197093063,24.0943257
MonteraTorero,5,2099,-5.585278,36.226389,34.94636978,24.95521673
MonteraTorero,5,2100,-5.585278,36.226389,10.37429377,26.50386668
MonteraTorero,6,2015,-5.585278,36.226389,21.08220366,24.28972982
MonteraTorero,6,2016,-5.585278,36.226389,0.022820771,26.41442159
MonteraTorero,6,2017,-5.585278,36.226389,11.10587636,26.39422811
MonteraTorero,6,2018,-5.585278,36.226389,5.416535766,25.12298279
MonteraTorero,6,2019,-5.585278,36.226389,2.270510315,25.89395243
MonteraTorero,6,2020,-5.585278,36.226389,7.126627446,26.29024963
MonteraTorero,6,2021,-5.585278,36.226389,7.748040814,25.57351278
MonteraTorero,6,2022,-5.585278,36.226389,14.42474994,24.86877441
MonteraTorero,6,2023,-5.585278,36.226389,0.016070673,26.28279724
MonteraTorero,6,2024,-5.585278,36.226389,39.98845773,25.76555074
MonteraTorero,6,2025,-5.585278,36.226389,15.55546236,23.96246338
MonteraTorero,6,2026,-5.585278,36.226389,7.093417372,23.00584106
MonteraTorero,6,2027,-5.585278,36.226389,4.210477907,26.18497416
MonteraTorero,6,2028,-5.585278,36.226389,0.626040546,26.22219543
MonteraTorero,6,2029,-5.585278,36.226389,0.037724458,25.39346415
MonteraTorero,6,2030,-5.585278,36.226389,5.642744808,25.59600627
MonteraTorero,6,2031,-5.585278,36.226389,37.32982561,25.32162272
MonteraTorero,6,2032,-5.585278,36.226389,0.263484103,27.01080424
MonteraTorero,6,2033,-5.585278,36.226389,3.431292614,25.32677307
MonteraTorero,6,2034,-5.585278,36.226389,0.110391297,26.17027283
MonteraTorero,6,2035,-5.585278,36.226389,38.78110719,23.9302714
MonteraTorero,6,2036,-5.585278,36.226389,4.355834013,26.76652425
MonteraTorero,6,2037,-5.585278,36.226389,2.876805098,24.98404643
MonteraTorero,6,2038,-5.585278,36.226389,0.502415697,27.26080017
MonteraTorero,6,2039,-5.585278,36.226389,2.823297614,25.79406128
MonteraTorero,6,2040,-5.585278,36.226389,11.78563034,25.19061483
MonteraTorero,6,2041,-5.585278,36.226389,8.241640717,26.58808289
MonteraTorero,6,2042,-5.585278,36.226389,0.292030518,28.37888997
MonteraTorero,6,2043,-5.585278,36.226389,38.9083505,24.99426371
MonteraTorero,6,2044,-5.585278,36.226389,0.308795287,28.44122314
MonteraTorero,6,2045,-5.585278,36.226389,22.45278584,27.45620219
MonteraTorero,6,2046,-5.585278,36.226389,0.761313974,24.85248515
MonteraTorero,6,2047,-5.585278,36.226389,8.885934919,26.13469442
MonteraTorero,6,2048,-5.585278,36.226389,1.122178583,26.49880981
MonteraTorero,6,2049,-5.585278,36.226389,0.571757414,28.69426168
MonteraTorero,6,2050,-5.585278,36.226389,0.043373154,27.08619486
MonteraTorero,6,2051,-5.585278,36.226389,0.631282104,25.2382487
MonteraTorero,6,2052,-5.585278,36.226389,0.003504511,27.68349609
MonteraTorero,6,2053,-5.585278,36.226389,10.27300282,25.44772135
MonteraTorero,6,2054,-5.585278,36.226389,3.836502435,25.45348511
MonteraTorero,6,2055,-5.585278,36.226389,0.239242427,27.32704163
MonteraTorero,6,2056,-5.585278,36.226389,0.338161868,27.78692322
MonteraTorero,6,2057,-5.585278,36.226389,2.468636105,26.08778992
MonteraTorero,6,2058,-5.585278,36.226389,18.56924702,27.15012105
MonteraTorero,6,2059,-5.585278,36.226389,0.391462939,28.55395813
MonteraTorero,6,2060,-5.585278,36.226389,0.245718406,28.64595133
MonteraTorero,6,2061,-5.585278,36.226389,0.25890448,24.82262472
MonteraTorero,6,2062,-5.585278,36.226389,0.137968385,28.20379232
MonteraTorero,6,2063,-5.585278,36.226389,0.001161158,27.58115946
MonteraTorero,6,2064,-5.585278,36.226389,1.211420709,25.26529643
MonteraTorero,6,2065,-5.585278,36.226389,12.3981303,27.6530955
MonteraTorero,6,2066,-5.585278,36.226389,0.936628226,27.89834391
MonteraTorero,6,2067,-5.585278,36.226389,4.874605648,26.10007833
MonteraTorero,6,2068,-5.585278,36.226389,0.907365325,29.02380676
MonteraTorero,6,2069,-5.585278,36.226389,0.385602269,27.4850942
MonteraTorero,6,2070,-5.585278,36.226389,24.1389959,26.49941305
MonteraTorero,6,2071,-5.585278,36.226389,1.057384725,28.17461344
MonteraTorero,6,2072,-5.585278,36.226389,19.90513297,27.92979838
MonteraTorero,6,2073,-5.585278,36.226389,7.361954569,26.96198324
MonteraTorero,6,2074,-5.585278,36.226389,0.205560955,29.23354899
MonteraTorero,6,2075,-5.585278,36.226389,0.246453487,28.7344401
MonteraTorero,6,2076,-5.585278,36.226389,1.400672169,28.20884603
MonteraTorero,6,2077,-5.585278,36.226389,0.510965506,28.09331258
MonteraTorero,6,2078,-5.585278,36.226389,1.653815217,28.29619242
MonteraTorero,6,2079,-5.585278,36.226389,28.11815817,28.43735758
MonteraTorero,6,2080,-5.585278,36.226389,3.540224173,25.21096395
MonteraTorero,6,2081,-5.585278,36.226389,18.53599536,29.09919739
MonteraTorero,6,2082,-5.585278,36.226389,9.681193917,29.49425761
MonteraTorero,6,2083,-5.585278,36.226389,1.003589224,29.74810588
MonteraTorero,6,2084,-5.585278,36.226389,41.16774923,29.33853455
MonteraTorero,6,2085,-5.585278,36.226389,0.515940841,28.71917725
MonteraTorero,6,2086,-5.585278,36.226389,0.168413818,28.28641968
MonteraTorero,6,2087,-5.585278,36.226389,15.79445506,27.66224162
MonteraTorero,6,2088,-5.585278,36.226389,2.183124045,31.44813538
MonteraTorero,6,2089,-5.585278,36.226389,3.399676305,29.52637126
MonteraTorero,6,2090,-5.585278,36.226389,2.60921573,27.05529277
MonteraTorero,6,2091,-5.585278,36.226389,0.189729669,27.69887085
MonteraTorero,6,2092,-5.585278,36.226389,0.013331077,29.42327271
MonteraTorero,6,2093,-5.585278,36.226389,1.263619354,29.42476095
MonteraTorero,6,2094,-5.585278,36.226389,4.858296364,27.66596375
MonteraTorero,6,2095,-5.585278,36.226389,0.213523026,30.63386027
MonteraTorero,6,2096,-5.585278,36.226389,20.24869061,28.81171977
MonteraTorero,6,2097,-5.585278,36.226389,1.74407825,29.16331278
MonteraTorero,6,2098,-5.585278,36.226389,0.504583256,29.40651449
MonteraTorero,6,2099,-5.585278,36.226389,0.490318114,28.98297831
MonteraTorero,6,2100,-5.585278,36.226389,0.217305427,27.58370463
MonteraTorero,7,2015,-5.585278,36.226389,2.58323441034937e-05,28.76046536
MonteraTorero,7,2016,-5.585278,36.226389,8.908325346,29.23536416
MonteraTorero,7,2017,-5.585278,36.226389,0.017598832,30.04603705
MonteraTorero,7,2018,-5.585278,36.226389,0.07650039,28.77544654
MonteraTorero,7,2019,-5.585278,36.226389,0.538977602,29.44798801
MonteraTorero,7,2020,-5.585278,36.226389,0.46334666,30.11969664
MonteraTorero,7,2021,-5.585278,36.226389,6.92488714952824e-07,29.82106835
MonteraTorero,7,2022,-5.585278,36.226389,1.340734636,28.72626599
MonteraTorero,7,2023,-5.585278,36.226389,0.322553404,29.22523331
MonteraTorero,7,2024,-5.585278,36.226389,0.203860273,29.0654039
MonteraTorero,7,2025,-5.585278,36.226389,9.78678038,29.71809909
MonteraTorero,7,2026,-5.585278,36.226389,0.249298938,28.78039433
MonteraTorero,7,2027,-5.585278,36.226389,0.019758294,29.75233587
MonteraTorero,7,2028,-5.585278,36.226389,0.099234095,30.05992451
MonteraTorero,7,2029,-5.585278,36.226389,0.830440562,28.72312268
MonteraTorero,7,2030,-5.585278,36.226389,0.46712605,28.81430822
MonteraTorero,7,2031,-5.585278,36.226389,3.820692533,29.40341954
MonteraTorero,7,2032,-5.585278,36.226389,0.645969486,30.66045926
MonteraTorero,7,2033,-5.585278,36.226389,3.282253309,30.96832059
MonteraTorero,7,2034,-5.585278,36.226389,0.337806434,30.31676242
MonteraTorero,7,2035,-5.585278,36.226389,5.78312397779096e-05,28.75422993
MonteraTorero,7,2036,-5.585278,36.226389,0.537999826,30.80514999
MonteraTorero,7,2037,-5.585278,36.226389,1.429993245,30.52296084
MonteraTorero,7,2038,-5.585278,36.226389,3.298335064,30.96121295
MonteraTorero,7,2039,-5.585278,36.226389,0.001032682,30.38628442
MonteraTorero,7,2040,-5.585278,36.226389,2.819485385,26.82464875
MonteraTorero,7,2041,-5.585278,36.226389,7.677893676,30.4606784
MonteraTorero,7,2042,-5.585278,36.226389,0.027530336,30.85424588
MonteraTorero,7,2043,-5.585278,36.226389,0.192516075,29.82142275
MonteraTorero,7,2044,-5.585278,36.226389,1.95895385190532e-05,29.79162086
MonteraTorero,7,2045,-5.585278,36.226389,0.111371413,30.13322577
MonteraTorero,7,2046,-5.585278,36.226389,0.027084016,30.61339919
MonteraTorero,7,2047,-5.585278,36.226389,6.251244481,30.10617341
MonteraTorero,7,2048,-5.585278,36.226389,0.325808828,31.03200191
MonteraTorero,7,2049,-5.585278,36.226389,0.023303472,30.46861297
MonteraTorero,7,2050,-5.585278,36.226389,0.830482775,30.39562772
MonteraTorero,7,2051,-5.585278,36.226389,8.799156004,28.45388873
MonteraTorero,7,2052,-5.585278,36.226389,0.455792872,29.13463253
MonteraTorero,7,2053,-5.585278,36.226389,1.206465994,30.68056641
MonteraTorero,7,2054,-5.585278,36.226389,0.467584916,29.65700782
MonteraTorero,7,2055,-5.585278,36.226389,4.170868774,30.91835642
MonteraTorero,7,2056,-5.585278,36.226389,0.141141859,29.56378942
MonteraTorero,7,2057,-5.585278,36.226389,0.344027296,31.01622039
MonteraTorero,7,2058,-5.585278,36.226389,0.126450212,29.76803569
MonteraTorero,7,2059,-5.585278,36.226389,0.501313653,31.2966159
MonteraTorero,7,2060,-5.585278,36.226389,0.038313358,31.51707488
MonteraTorero,7,2061,-5.585278,36.226389,5.973297156,30.15341659
MonteraTorero,7,2062,-5.585278,36.226389,0.006978757,30.32245247
MonteraTorero,7,2063,-5.585278,36.226389,7.77576430034975e-06,31.07147591
MonteraTorero,7,2064,-5.585278,36.226389,0.000700966,31.40626752
MonteraTorero,7,2065,-5.585278,36.226389,0.100516738,30.20330692
MonteraTorero,7,2066,-5.585278,36.226389,0.020233636,31.00418366
MonteraTorero,7,2067,-5.585278,36.226389,0.026073142,30.9783402
MonteraTorero,7,2068,-5.585278,36.226389,0.005593952,31.76539149
MonteraTorero,7,2069,-5.585278,36.226389,0.218548668,32.62062496
MonteraTorero,7,2070,-5.585278,36.226389,0.023248624,32.20158022
MonteraTorero,7,2071,-5.585278,36.226389,1.091311699,32.60352232
MonteraTorero,7,2072,-5.585278,36.226389,8.78207612377986e-05,31.91002709
MonteraTorero,7,2073,-5.585278,36.226389,0.143510985,29.78842833
MonteraTorero,7,2074,-5.585278,36.226389,0.00017269,32.8652076
MonteraTorero,7,2075,-5.585278,36.226389,0.000696256,33.8966535
MonteraTorero,7,2076,-5.585278,36.226389,3.56187704718e-05,32.44919099
MonteraTorero,7,2077,-5.585278,36.226389,0.016898904,32.5465775
MonteraTorero,7,2078,-5.585278,36.226389,0.636712997,32.22205751
MonteraTorero,7,2079,-5.585278,36.226389,3.262677692,33.03535885
MonteraTorero,7,2080,-5.585278,36.226389,0.185634516,31.33537322
MonteraTorero,7,2081,-5.585278,36.226389,0.018900493,31.49995157
MonteraTorero,7,2082,-5.585278,36.226389,0.149627857,31.42615612
MonteraTorero,7,2083,-5.585278,36.226389,0.533076773,32.22623941
MonteraTorero,7,2084,-5.585278,36.226389,0.258576333,29.95717183
MonteraTorero,7,2085,-5.585278,36.226389,23.85084871,32.98605622
MonteraTorero,7,2086,-5.585278,36.226389,2.040897693,32.64567005
MonteraTorero,7,2087,-5.585278,36.226389,1.50879964147763e-05,34.67346369
MonteraTorero,7,2088,-5.585278,36.226389,0.035068522,31.08720427
MonteraTorero,7,2089,-5.585278,36.226389,15.017976,33.27886549
MonteraTorero,7,2090,-5.585278,36.226389,5.798178142,32.44047182
MonteraTorero,7,2091,-5.585278,36.226389,3.939033689,31.87420733
MonteraTorero,7,2092,-5.585278,36.226389,0.381683834,33.59209496
MonteraTorero,7,2093,-5.585278,36.226389,0.294795132,32.92470703
MonteraTorero,7,2094,-5.585278,36.226389,0.437716046,32.40349731
MonteraTorero,7,2095,-5.585278,36.226389,0.112805163,33.17487537
MonteraTorero,7,2096,-5.585278,36.226389,0.288982679,33.80503579
MonteraTorero,7,2097,-5.585278,36.226389,0.004408856,33.95381194
MonteraTorero,7,2098,-5.585278,36.226389,6.14017776708736e-07,32.88774926
MonteraTorero,7,2099,-5.585278,36.226389,0.786665191,33.30416949
MonteraTorero,7,2100,-5.585278,36.226389,0.399897737,33.44043441
MonteraTorero,8,2015,-5.585278,36.226389,0.218532875,30.84826345
MonteraTorero,8,2016,-5.585278,36.226389,0.575358965,29.60198561
MonteraTorero,8,2017,-5.585278,36.226389,2.957949514,28.97812953
MonteraTorero,8,2018,-5.585278,36.226389,0.967353978,28.90754139
MonteraTorero,8,2019,-5.585278,36.226389,0.756851718,29.29129304
MonteraTorero,8,2020,-5.585278,36.226389,2.452209422,28.71494692
MonteraTorero,8,2021,-5.585278,36.226389,2.386001535,30.04282975
MonteraTorero,8,2022,-5.585278,36.226389,5.150952905,29.83317792
MonteraTorero,8,2023,-5.585278,36.226389,0.000191064,29.65183952
MonteraTorero,8,2024,-5.585278,36.226389,0.204323426,28.44489096
MonteraTorero,8,2025,-5.585278,36.226389,9.576883894,29.95424312
MonteraTorero,8,2026,-5.585278,36.226389,0.013407792,29.52289685
MonteraTorero,8,2027,-5.585278,36.226389,5.337815224,29.9946927
MonteraTorero,8,2028,-5.585278,36.226389,2.162102907,29.60557783
MonteraTorero,8,2029,-5.585278,36.226389,0.131940619,29.21723574
MonteraTorero,8,2030,-5.585278,36.226389,8.872667479,29.80799895
MonteraTorero,8,2031,-5.585278,36.226389,0.01296743,29.53563351
MonteraTorero,8,2032,-5.585278,36.226389,5.181942645,30.88969648
MonteraTorero,8,2033,-5.585278,36.226389,2.581725235,29.94613136
MonteraTorero,8,2034,-5.585278,36.226389,9.566857826,29.46126807
MonteraTorero,8,2035,-5.585278,36.226389,36.84947143,31.29684429
MonteraTorero,8,2036,-5.585278,36.226389,2.578896285,30.53837812
MonteraTorero,8,2037,-5.585278,36.226389,0.021310936,29.65494345
MonteraTorero,8,2038,-5.585278,36.226389,0.935572002,29.33933066
MonteraTorero,8,2039,-5.585278,36.226389,0.039672572,30.70926081
MonteraTorero,8,2040,-5.585278,36.226389,0.241266602,29.32343199
MonteraTorero,8,2041,-5.585278,36.226389,0.683179846,31.41260927
MonteraTorero,8,2042,-5.585278,36.226389,0.265177421,30.6030872
MonteraTorero,8,2043,-5.585278,36.226389,4.11951379,32.05810724
MonteraTorero,8,2044,-5.585278,36.226389,0.003536916,30.60861974
MonteraTorero,8,2045,-5.585278,36.226389,0.000425266,29.93442442
MonteraTorero,8,2046,-5.585278,36.226389,0.070672021,30.34302427
MonteraTorero,8,2047,-5.585278,36.226389,0.000159463,30.06197313
MonteraTorero,8,2048,-5.585278,36.226389,0.10255373,31.49030014
MonteraTorero,8,2049,-5.585278,36.226389,9.208470594,30.16520917
MonteraTorero,8,2050,-5.585278,36.226389,0.023468105,30.63025276
MonteraTorero,8,2051,-5.585278,36.226389,14.16527332,28.70634785
MonteraTorero,8,2052,-5.585278,36.226389,0.170269644,29.44299494
MonteraTorero,8,2053,-5.585278,36.226389,0.00082694,31.14036097
MonteraTorero,8,2054,-5.585278,36.226389,1.31145053,30.65571033
MonteraTorero,8,2055,-5.585278,36.226389,11.87716284,29.4008285
MonteraTorero,8,2056,-5.585278,36.226389,0.664530912,30.7497281
MonteraTorero,8,2057,-5.585278,36.226389,4.825204296,31.09556018
MonteraTorero,8,2058,-5.585278,36.226389,4.247232917,29.34504237
MonteraTorero,8,2059,-5.585278,36.226389,1.668945711,33.12711044
MonteraTorero,8,2060,-5.585278,36.226389,0.134225554,32.28309562
MonteraTorero,8,2061,-5.585278,36.226389,9.3637545187533e-05,32.339056
MonteraTorero,8,2062,-5.585278,36.226389,7.267576936,31.31500224
MonteraTorero,8,2063,-5.585278,36.226389,0.428200307,29.510868
MonteraTorero,8,2064,-5.585278,36.226389,0.481328415,32.23105626
MonteraTorero,8,2065,-5.585278,36.226389,0.61900409,31.64090931
MonteraTorero,8,2066,-5.585278,36.226389,16.55735462,32.11999394
MonteraTorero,8,2067,-5.585278,36.226389,0.000275019,31.00298954
MonteraTorero,8,2068,-5.585278,36.226389,1.810649662,30.80500528
MonteraTorero,8,2069,-5.585278,36.226389,0.00490988,31.82514097
MonteraTorero,8,2070,-5.585278,36.226389,0.583742823,31.89163385
MonteraTorero,8,2071,-5.585278,36.226389,1.673870177,31.33665397
MonteraTorero,8,2072,-5.585278,36.226389,0.280016199,33.32315339
MonteraTorero,8,2073,-5.585278,36.226389,0.097600015,32.6024798
MonteraTorero,8,2074,-5.585278,36.226389,9.68042688604848e-07,32.30241916
MonteraTorero,8,2075,-5.585278,36.226389,3.749149344,32.81020902
MonteraTorero,8,2076,-5.585278,36.226389,38.51590457,33.18107339
MonteraTorero,8,2077,-5.585278,36.226389,0.1118123,32.38718124
MonteraTorero,8,2078,-5.585278,36.226389,0.409242121,33.90477413
MonteraTorero,8,2079,-5.585278,36.226389,2.189873696,32.4632655
MonteraTorero,8,2080,-5.585278,36.226389,0.515244153,30.52613959
MonteraTorero,8,2081,-5.585278,36.226389,0.28220519,32.46861592
MonteraTorero,8,2082,-5.585278,36.226389,1.229532521,32.439638
MonteraTorero,8,2083,-5.585278,36.226389,0.261361597,32.97609371
MonteraTorero,8,2084,-5.585278,36.226389,2.312698588,31.70297911
MonteraTorero,8,2085,-5.585278,36.226389,2.739295793,33.50633565
MonteraTorero,8,2086,-5.585278,36.226389,0.000350078,32.96041654
MonteraTorero,8,2087,-5.585278,36.226389,0.032501885,34.0373356
MonteraTorero,8,2088,-5.585278,36.226389,4.991059156,31.6698508
MonteraTorero,8,2089,-5.585278,36.226389,0.789945425,34.18651832
MonteraTorero,8,2090,-5.585278,36.226389,1.633095692,32.36823967
MonteraTorero,8,2091,-5.585278,36.226389,0.418263595,32.61206626
MonteraTorero,8,2092,-5.585278,36.226389,18.13354041,32.38759766
MonteraTorero,8,2093,-5.585278,36.226389,3.209553067,34.36798076
MonteraTorero,8,2094,-5.585278,36.226389,0.138517499,33.15049183
MonteraTorero,8,2095,-5.585278,36.226389,3.729535412,34.45239238
MonteraTorero,8,2096,-5.585278,36.226389,6.182537798,34.08743562
MonteraTorero,8,2097,-5.585278,36.226389,0.67982272,34.36771201
MonteraTorero,8,2098,-5.585278,36.226389,0.027649721,33.78652442
MonteraTorero,8,2099,-5.585278,36.226389,0.066407726,34.20546678
MonteraTorero,8,2100,-5.585278,36.226389,0.282833944,33.97812264
MonteraTorero,9,2015,-5.585278,36.226389,24.58202753,28.17008057
MonteraTorero,9,2016,-5.585278,36.226389,37.54605546,26.03577881
MonteraTorero,9,2017,-5.585278,36.226389,25.50284451,26.13609009
MonteraTorero,9,2018,-5.585278,36.226389,0.501572489,26.3631897
MonteraTorero,9,2019,-5.585278,36.226389,12.12151259,25.67644958
MonteraTorero,9,2020,-5.585278,36.226389,8.109955577,26.38968913
MonteraTorero,9,2021,-5.585278,36.226389,1.081440851,26.7199941
MonteraTorero,9,2022,-5.585278,36.226389,25.66669773,26.26680298
MonteraTorero,9,2023,-5.585278,36.226389,3.976654995,28.0550883
MonteraTorero,9,2024,-5.585278,36.226389,10.29698015,27.0456899
MonteraTorero,9,2025,-5.585278,36.226389,12.19918257,26.61172078
MonteraTorero,9,2026,-5.585278,36.226389,3.607453282,26.42953186
MonteraTorero,9,2027,-5.585278,36.226389,12.21387083,28.24796448
MonteraTorero,9,2028,-5.585278,36.226389,1.182487269,25.70454407
MonteraTorero,9,2029,-5.585278,36.226389,2.792029206,28.43589579
MonteraTorero,9,2030,-5.585278,36.226389,29.35485501,26.81946818
MonteraTorero,9,2031,-5.585278,36.226389,1.694156308,25.61610819
MonteraTorero,9,2032,-5.585278,36.226389,20.72056832,27.1351888
MonteraTorero,9,2033,-5.585278,36.226389,0.441626199,27.81324768
MonteraTorero,9,2034,-5.585278,36.226389,14.65847128,27.11161296
MonteraTorero,9,2035,-5.585278,36.226389,0.490643103,27.1522817
MonteraTorero,9,2036,-5.585278,36.226389,9.737091179,27.79745382
MonteraTorero,9,2037,-5.585278,36.226389,12.11040903,26.94946696
MonteraTorero,9,2038,-5.585278,36.226389,4.265735066,26.71245931
MonteraTorero,9,2039,-5.585278,36.226389,0.063484944,27.87415873
MonteraTorero,9,2040,-5.585278,36.226389,0.997675836,27.49384359
MonteraTorero,9,2041,-5.585278,36.226389,6.243610563,28.12102153
MonteraTorero,9,2042,-5.585278,36.226389,0.393604048,27.88944397
MonteraTorero,9,2043,-5.585278,36.226389,0.134751443,27.32833761
MonteraTorero,9,2044,-5.585278,36.226389,0.428131968,26.97845866
MonteraTorero,9,2045,-5.585278,36.226389,0.452685447,28.55626526
MonteraTorero,9,2046,-5.585278,36.226389,0.933641432,28.80216675
MonteraTorero,9,2047,-5.585278,36.226389,4.279997467,28.20157878
MonteraTorero,9,2048,-5.585278,36.226389,39.37872278,27.26494853
MonteraTorero,9,2049,-5.585278,36.226389,7.213631263,28.57384338
MonteraTorero,9,2050,-5.585278,36.226389,2.847770313,27.72592977
MonteraTorero,9,2051,-5.585278,36.226389,1.567310446,27.16494039
MonteraTorero,9,2052,-5.585278,36.226389,29.04136529,26.19874471
MonteraTorero,9,2053,-5.585278,36.226389,7.712829493,28.45442098
MonteraTorero,9,2054,-5.585278,36.226389,0.263257031,28.06150818
MonteraTorero,9,2055,-5.585278,36.226389,11.05784635,27.32621562
MonteraTorero,9,2056,-5.585278,36.226389,0.469658521,28.92412821
MonteraTorero,9,2057,-5.585278,36.226389,1.316594579,27.96404419
MonteraTorero,9,2058,-5.585278,36.226389,0.468809955,28.21788839
MonteraTorero,9,2059,-5.585278,36.226389,0.323239163,28.8844106
MonteraTorero,9,2060,-5.585278,36.226389,5.917888111,28.89810791
MonteraTorero,9,2061,-5.585278,36.226389,0.188906414,29.26435649
MonteraTorero,9,2062,-5.585278,36.226389,2.699568223,28.2254008
MonteraTorero,9,2063,-5.585278,36.226389,24.37114203,28.86281535
MonteraTorero,9,2064,-5.585278,36.226389,39.4063265,28.49304708
MonteraTorero,9,2065,-5.585278,36.226389,20.13108734,28.29749552
MonteraTorero,9,2066,-5.585278,36.226389,10.70872998,27.86603394
MonteraTorero,9,2067,-5.585278,36.226389,0.15199471,29.16178589
MonteraTorero,9,2068,-5.585278,36.226389,7.89527079,29.05811056
MonteraTorero,9,2069,-5.585278,36.226389,0.289202034,29.60142415
MonteraTorero,9,2070,-5.585278,36.226389,27.41402058,28.40534058
MonteraTorero,9,2071,-5.585278,36.226389,7.007074428,30.59929606
MonteraTorero,9,2072,-5.585278,36.226389,21.08070692,29.85851644
MonteraTorero,9,2073,-5.585278,36.226389,2.668480198,30.20354818
MonteraTorero,9,2074,-5.585278,36.226389,0.526170779,28.98249715
MonteraTorero,9,2075,-5.585278,36.226389,0.402351021,30.06758423
MonteraTorero,9,2076,-5.585278,36.226389,2.185485595,28.98104757
MonteraTorero,9,2077,-5.585278,36.226389,4.912110256,29.67669983
MonteraTorero,9,2078,-5.585278,36.226389,0.462984497,29.80364787
MonteraTorero,9,2079,-5.585278,36.226389,1.268584059,30.93521525
MonteraTorero,9,2080,-5.585278,36.226389,0.610174426,30.96680603
MonteraTorero,9,2081,-5.585278,36.226389,2.118527629,29.23026225
MonteraTorero,9,2082,-5.585278,36.226389,0.20645201,29.20042521
MonteraTorero,9,2083,-5.585278,36.226389,0.510018919,28.66883138
MonteraTorero,9,2084,-5.585278,36.226389,0.644752463,30.47372843
MonteraTorero,9,2085,-5.585278,36.226389,13.883686,30.92859192
MonteraTorero,9,2086,-5.585278,36.226389,19.08855294,30.58023682
MonteraTorero,9,2087,-5.585278,36.226389,37.14148656,30.32559102
MonteraTorero,9,2088,-5.585278,36.226389,30.53807447,27.91426697
MonteraTorero,9,2089,-5.585278,36.226389,11.0216371,31.09054464
MonteraTorero,9,2090,-5.585278,36.226389,0.151866505,31.16981506
MonteraTorero,9,2091,-5.585278,36.226389,0.581469763,30.23451945
MonteraTorero,9,2092,-5.585278,36.226389,2.211460355,29.29584045
MonteraTorero,9,2093,-5.585278,36.226389,2.358863796,28.94935506
MonteraTorero,9,2094,-5.585278,36.226389,105.4654239,29.73106181
MonteraTorero,9,2095,-5.585278,36.226389,0.576478096,30.090743
MonteraTorero,9,2096,-5.585278,36.226389,5.130735151,30.03265483
MonteraTorero,9,2097,-5.585278,36.226389,12.03046667,32.39900004
MonteraTorero,9,2098,-5.585278,36.226389,0.191025332,31.92960307
MonteraTorero,9,2099,-5.585278,36.226389,8.306170804,31.99019877
MonteraTorero,9,2100,-5.585278,36.226389,6.930656071,32.93994548
Prisioneros,1,2015,-5.486388889,36.105,66.1193295,17.34300163
Prisioneros,1,2016,-5.486388889,36.105,57.21158411,15.77746956
Prisioneros,1,2017,-5.486388889,36.105,178.4207132,17.9363549
Prisioneros,1,2018,-5.486388889,36.105,129.98147,13.96371637
Prisioneros,1,2019,-5.486388889,36.105,28.69495129,15.87247964
Prisioneros,1,2020,-5.486388889,36.105,233.8872752,16.14091915
Prisioneros,1,2021,-5.486388889,36.105,54.42933431,15.55517362
Prisioneros,1,2022,-5.486388889,36.105,206.6460612,16.05362313
Prisioneros,1,2023,-5.486388889,36.105,69.26431408,15.90547997
Prisioneros,1,2024,-5.486388889,36.105,214.7685841,16.01212316
Prisioneros,1,2025,-5.486388889,36.105,213.9815871,16.45522855
Prisioneros,1,2026,-5.486388889,36.105,152.9181215,16.49133675
Prisioneros,1,2027,-5.486388889,36.105,69.40976034,14.86653659
Prisioneros,1,2028,-5.486388889,36.105,68.24602503,15.18717691
Prisioneros,1,2029,-5.486388889,36.105,24.75171433,15.83766007
Prisioneros,1,2030,-5.486388889,36.105,238.99491,16.38363037
Prisioneros,1,2031,-5.486388889,36.105,401.1973712,18.28967462
Prisioneros,1,2032,-5.486388889,36.105,125.9314813,15.41761219
Prisioneros,1,2033,-5.486388889,36.105,31.69033527,15.52134045
Prisioneros,1,2034,-5.486388889,36.105,58.68201467,17.01493865
Prisioneros,1,2035,-5.486388889,36.105,29.47420123,14.0230071
Prisioneros,1,2036,-5.486388889,36.105,85.20247708,17.70997748
Prisioneros,1,2037,-5.486388889,36.105,2.102828739,16.47532782
Prisioneros,1,2038,-5.486388889,36.105,142.6900271,15.94569525
Prisioneros,1,2039,-5.486388889,36.105,8.269460832,17.22153872
Prisioneros,1,2040,-5.486388889,36.105,62.4857074,19.35255855
Prisioneros,1,2041,-5.486388889,36.105,43.61644376,16.45868885
Prisioneros,1,2042,-5.486388889,36.105,15.74993186,15.86842179
Prisioneros,1,2043,-5.486388889,36.105,43.31716405,17.80753331
Prisioneros,1,2044,-5.486388889,36.105,9.99645777,16.28249512
Prisioneros,1,2045,-5.486388889,36.105,14.9145059,18.16295776
Prisioneros,1,2046,-5.486388889,36.105,40.95983238,18.21079653
Prisioneros,1,2047,-5.486388889,36.105,48.54243572,17.38553723
Prisioneros,1,2048,-5.486388889,36.105,65.17252702,18.211589
Prisioneros,1,2049,-5.486388889,36.105,34.42659183,17.33464474
Prisioneros,1,2050,-5.486388889,36.105,115.3530669,17.6824585
Prisioneros,1,2051,-5.486388889,36.105,68.40024589,15.84715793
Prisioneros,1,2052,-5.486388889,36.105,76.37381549,16.81024347
Prisioneros,1,2053,-5.486388889,36.105,102.9845394,17.13182885
Prisioneros,1,2054,-5.486388889,36.105,31.19042488,16.35715686
Prisioneros,1,2055,-5.486388889,36.105,96.12233519,16.24356749
Prisioneros,1,2056,-5.486388889,36.105,69.11144828,15.03660711
Prisioneros,1,2057,-5.486388889,36.105,55.9913868,17.73322301
Prisioneros,1,2058,-5.486388889,36.105,40.65313925,18.30957405
Prisioneros,1,2059,-5.486388889,36.105,9.329049264,18.32330007
Prisioneros,1,2060,-5.486388889,36.105,21.39327293,18.89573994
Prisioneros,1,2061,-5.486388889,36.105,52.91883018,19.13594183
Prisioneros,1,2062,-5.486388889,36.105,55.30131277,17.52674698
Prisioneros,1,2063,-5.486388889,36.105,96.98163578,16.77537074
Prisioneros,1,2064,-5.486388889,36.105,174.6845719,17.95499031
Prisioneros,1,2065,-5.486388889,36.105,69.28127162,18.06575534
Prisioneros,1,2066,-5.486388889,36.105,74.48690589,18.77716242
Prisioneros,1,2067,-5.486388889,36.105,78.07267171,16.58883352
Prisioneros,1,2068,-5.486388889,36.105,23.27532333,16.83009368
Prisioneros,1,2069,-5.486388889,36.105,97.54866447,16.9859942
Prisioneros,1,2070,-5.486388889,36.105,94.63976817,18.66681085
Prisioneros,1,2071,-5.486388889,36.105,47.00980268,17.13422792
Prisioneros,1,2072,-5.486388889,36.105,6.41804877,19.27200002
Prisioneros,1,2073,-5.486388889,36.105,120.4733055,17.27377004
Prisioneros,1,2074,-5.486388889,36.105,7.350325528,19.01687898
Prisioneros,1,2075,-5.486388889,36.105,25.31881096,16.80016676
Prisioneros,1,2076,-5.486388889,36.105,166.6000212,19.87186141
Prisioneros,1,2077,-5.486388889,36.105,70.30262577,18.18748602
Prisioneros,1,2078,-5.486388889,36.105,43.58355421,16.67800096
Prisioneros,1,2079,-5.486388889,36.105,25.76971955,18.40030675
Prisioneros,1,2080,-5.486388889,36.105,26.07396156,16.34296619
Prisioneros,1,2081,-5.486388889,36.105,7.204639962,18.14530974
Prisioneros,1,2082,-5.486388889,36.105,131.2066879,19.74732312
Prisioneros,1,2083,-5.486388889,36.105,39.20975823,18.77698128
Prisioneros,1,2084,-5.486388889,36.105,148.512443,19.03130592
Prisioneros,1,2085,-5.486388889,36.105,101.2722626,20.22890133
Prisioneros,1,2086,-5.486388889,36.105,53.94588452,17.12484623
Prisioneros,1,2087,-5.486388889,36.105,207.2944868,19.11107788
Prisioneros,1,2088,-5.486388889,36.105,72.07851554,16.06226354
Prisioneros,1,2089,-5.486388889,36.105,36.1307427,17.58256363
Prisioneros,1,2090,-5.486388889,36.105,28.04934924,19.8979569
Prisioneros,1,2091,-5.486388889,36.105,60.75611901,19.47211067
Prisioneros,1,2092,-5.486388889,36.105,86.28511146,19.61148445
Prisioneros,1,2093,-5.486388889,36.105,96.90557016,18.14048206
Prisioneros,1,2094,-5.486388889,36.105,28.82275438,20.05463907
Prisioneros,1,2095,-5.486388889,36.105,35.05991963,19.3890812
Prisioneros,1,2096,-5.486388889,36.105,26.24699866,19.91243995
Prisioneros,1,2097,-5.486388889,36.105,148.4314452,18.84979524
Prisioneros,1,2098,-5.486388889,36.105,24.01823113,19.62335579
Prisioneros,1,2099,-5.486388889,36.105,22.8506311,19.75897591
Prisioneros,1,2100,-5.486388889,36.105,20.98834983,19.64658361
Prisioneros,10,2015,-5.486388889,36.105,15.44017083,24.73675714
Prisioneros,10,2016,-5.486388889,36.105,39.60625182,23.28149887
Prisioneros,10,2017,-5.486388889,36.105,24.19350816,22.29800691
Prisioneros,10,2018,-5.486388889,36.105,1.283838535,23.03131674
Prisioneros,10,2019,-5.486388889,36.105,47.76849896,22.63915799
Prisioneros,10,2020,-5.486388889,36.105,3.262712547,22.62743727
Prisioneros,10,2021,-5.486388889,36.105,3.855712965,23.13370519
Prisioneros,10,2022,-5.486388889,36.105,1.654371845,24.45865833
Prisioneros,10,2023,-5.486388889,36.105,8.689945505,23.34764424
Prisioneros,10,2024,-5.486388889,36.105,12.78237832,22.73589478
Prisioneros,10,2025,-5.486388889,36.105,60.91162959,23.69065493
Prisioneros,10,2026,-5.486388889,36.105,47.55424277,22.43755099
Prisioneros,10,2027,-5.486388889,36.105,10.0861359,22.81773012
Prisioneros,10,2028,-5.486388889,36.105,2.346219187,23.52618389
Prisioneros,10,2029,-5.486388889,36.105,0.400275648,22.99883226
Prisioneros,10,2030,-5.486388889,36.105,26.81341938,23.68567564
Prisioneros,10,2031,-5.486388889,36.105,36.98210951,23.65132564
Prisioneros,10,2032,-5.486388889,36.105,52.16735795,21.68052604
Prisioneros,10,2033,-5.486388889,36.105,66.66760794,24.15465895
Prisioneros,10,2034,-5.486388889,36.105,34.19528525,23.52340679
Prisioneros,10,2035,-5.486388889,36.105,1.551109506,24.20463592
Prisioneros,10,2036,-5.486388889,36.105,6.180247801,23.98032483
Prisioneros,10,2037,-5.486388889,36.105,42.14328421,22.95244653
Prisioneros,10,2038,-5.486388889,36.105,12.05590923,22.68854134
Prisioneros,10,2039,-5.486388889,36.105,3.721463061,23.59591261
Prisioneros,10,2040,-5.486388889,36.105,46.62949089,23.82654576
Prisioneros,10,2041,-5.486388889,36.105,24.15664466,24.44236588
Prisioneros,10,2042,-5.486388889,36.105,11.54953194,23.37972215
Prisioneros,10,2043,-5.486388889,36.105,5.445372929,23.93096806
Prisioneros,10,2044,-5.486388889,36.105,13.00074935,23.21158605
Prisioneros,10,2045,-5.486388889,36.105,0.354032738,23.80134415
Prisioneros,10,2046,-5.486388889,36.105,0.865952222,24.17721735
Prisioneros,10,2047,-5.486388889,36.105,63.46297205,23.83977267
Prisioneros,10,2048,-5.486388889,36.105,2.417645891,24.397634
Prisioneros,10,2049,-5.486388889,36.105,13.00550857,23.40262412
Prisioneros,10,2050,-5.486388889,36.105,11.7215933,23.24053246
Prisioneros,10,2051,-5.486388889,36.105,0.159819858,23.11693726
Prisioneros,10,2052,-5.486388889,36.105,0.623514735,24.2684275
Prisioneros,10,2053,-5.486388889,36.105,30.9139603,23.72995861
Prisioneros,10,2054,-5.486388889,36.105,2.846640259,24.23165874
Prisioneros,10,2055,-5.486388889,36.105,14.44799446,23.71048249
Prisioneros,10,2056,-5.486388889,36.105,14.06279283,24.3149668
Prisioneros,10,2057,-5.486388889,36.105,24.67495501,22.53393929
Prisioneros,10,2058,-5.486388889,36.105,132.1601318,24.29683346
Prisioneros,10,2059,-5.486388889,36.105,20.41504583,23.98485915
Prisioneros,10,2060,-5.486388889,36.105,32.99140022,24.41711209
Prisioneros,10,2061,-5.486388889,36.105,50.84356633,25.07287381
Prisioneros,10,2062,-5.486388889,36.105,36.26898022,23.00886861
Prisioneros,10,2063,-5.486388889,36.105,9.606213023,24.76989628
Prisioneros,10,2064,-5.486388889,36.105,7.568121463,23.08296528
Prisioneros,10,2065,-5.486388889,36.105,2.469943932,24.95663531
Prisioneros,10,2066,-5.486388889,36.105,1.362234777,24.79218789
Prisioneros,10,2067,-5.486388889,36.105,31.98499039,24.44127414
Prisioneros,10,2068,-5.486388889,36.105,7.253758586,23.91873838
Prisioneros,10,2069,-5.486388889,36.105,6.485241163,24.53386939
Prisioneros,10,2070,-5.486388889,36.105,2.03855846,23.63633167
Prisioneros,10,2071,-5.486388889,36.105,44.7411473,25.07937012
Prisioneros,10,2072,-5.486388889,36.105,4.781855898,25.33459158
Prisioneros,10,2073,-5.486388889,36.105,21.23640281,25.33815032
Prisioneros,10,2074,-5.486388889,36.105,4.149763638,25.86099617
Prisioneros,10,2075,-5.486388889,36.105,4.728241716,26.3238169
Prisioneros,10,2076,-5.486388889,36.105,12.94459038,25.09338556
Prisioneros,10,2077,-5.486388889,36.105,20.41190594,25.65807692
Prisioneros,10,2078,-5.486388889,36.105,9.465465951,23.69526997
Prisioneros,10,2079,-5.486388889,36.105,3.0151654,25.24161731
Prisioneros,10,2080,-5.486388889,36.105,31.95461827,25.2937689
Prisioneros,10,2081,-5.486388889,36.105,17.82105506,24.71261675
Prisioneros,10,2082,-5.486388889,36.105,1.564521947,25.26969152
Prisioneros,10,2083,-5.486388889,36.105,4.547198044,26.17793205
Prisioneros,10,2084,-5.486388889,36.105,61.80934023,25.72850755
Prisioneros,10,2085,-5.486388889,36.105,30.84294524,26.48804774
Prisioneros,10,2086,-5.486388889,36.105,34.53930424,24.74512388
Prisioneros,10,2087,-5.486388889,36.105,22.21255831,25.68517358
Prisioneros,10,2088,-5.486388889,36.105,0.225245914,26.29870487
Prisioneros,10,2089,-5.486388889,36.105,52.94904682,25.23329291
Prisioneros,10,2090,-5.486388889,36.105,11.92756585,26.36545272
Prisioneros,10,2091,-5.486388889,36.105,43.59516211,24.51658365
Prisioneros,10,2092,-5.486388889,36.105,3.438575351,26.76110328
Prisioneros,10,2093,-5.486388889,36.105,37.55323403,25.77708071
Prisioneros,10,2094,-5.486388889,36.105,1.060055764,25.94539598
Prisioneros,10,2095,-5.486388889,36.105,0.219057862,26.20524233
Prisioneros,10,2096,-5.486388889,36.105,58.24650714,23.32815138
Prisioneros,10,2097,-5.486388889,36.105,25.52768397,26.97244538
Prisioneros,10,2098,-5.486388889,36.105,6.659079808,27.29386045
Prisioneros,10,2099,-5.486388889,36.105,0.264410344,26.73434429
Prisioneros,10,2100,-5.486388889,36.105,15.73520608,27.47098251
Prisioneros,11,2015,-5.486388889,36.105,158.3537176,18.5456248
Prisioneros,11,2016,-5.486388889,36.105,12.37754696,18.90393778
Prisioneros,11,2017,-5.486388889,36.105,85.09187484,17.9969696
Prisioneros,11,2018,-5.486388889,36.105,18.85328121,18.90381063
Prisioneros,11,2019,-5.486388889,36.105,37.33298467,18.96019694
Prisioneros,11,2020,-5.486388889,36.105,28.1040676,20.29174398
Prisioneros,11,2021,-5.486388889,36.105,48.21627779,19.56145732
Prisioneros,11,2022,-5.486388889,36.105,16.50105938,19.69517314
Prisioneros,11,2023,-5.486388889,36.105,10.23776189,20.45146281
Prisioneros,11,2024,-5.486388889,36.105,199.1460553,18.26135763
Prisioneros,11,2025,-5.486388889,36.105,46.90996785,16.74965108
Prisioneros,11,2026,-5.486388889,36.105,20.20383457,17.5785085
Prisioneros,11,2027,-5.486388889,36.105,104.2597178,18.67705892
Prisioneros,11,2028,-5.486388889,36.105,12.60997055,19.72351278
Prisioneros,11,2029,-5.486388889,36.105,83.05937518,17.21014303
Prisioneros,11,2030,-5.486388889,36.105,3.752773166,21.81031189
Prisioneros,11,2031,-5.486388889,36.105,14.80967565,20.14857686
Prisioneros,11,2032,-5.486388889,36.105,26.88211488,18.52187297
Prisioneros,11,2033,-5.486388889,36.105,38.23547752,18.21203613
Prisioneros,11,2034,-5.486388889,36.105,72.44908664,18.38846537
Prisioneros,11,2035,-5.486388889,36.105,29.32980695,20.32336222
Prisioneros,11,2036,-5.486388889,36.105,27.82576472,18.72164612
Prisioneros,11,2037,-5.486388889,36.105,26.70297413,18.52592977
Prisioneros,11,2038,-5.486388889,36.105,137.7455976,19.66268412
Prisioneros,11,2039,-5.486388889,36.105,24.71485357,19.9322286
Prisioneros,11,2040,-5.486388889,36.105,22.17032241,18.91590068
Prisioneros,11,2041,-5.486388889,36.105,42.89670585,18.40956523
Prisioneros,11,2042,-5.486388889,36.105,122.8113034,20.09057109
Prisioneros,11,2043,-5.486388889,36.105,105.4925793,20.4293986
Prisioneros,11,2044,-5.486388889,36.105,2.325869569,19.36462301
Prisioneros,11,2045,-5.486388889,36.105,12.96240664,21.13926799
Prisioneros,11,2046,-5.486388889,36.105,129.7686045,20.03913167
Prisioneros,11,2047,-5.486388889,36.105,69.75704362,19.55420024
Prisioneros,11,2048,-5.486388889,36.105,51.43901946,19.05449524
Prisioneros,11,2049,-5.486388889,36.105,11.34226776,19.00945333
Prisioneros,11,2050,-5.486388889,36.105,10.53712206,21.33468933
Prisioneros,11,2051,-5.486388889,36.105,58.34208986,20.4585083
Prisioneros,11,2052,-5.486388889,36.105,94.48673264,19.13187764
Prisioneros,11,2053,-5.486388889,36.105,41.73792589,19.88599548
Prisioneros,11,2054,-5.486388889,36.105,4.253331973,19.7759196
Prisioneros,11,2055,-5.486388889,36.105,31.27762225,19.0817159
Prisioneros,11,2056,-5.486388889,36.105,94.84800255,20.71854146
Prisioneros,11,2057,-5.486388889,36.105,21.58457477,19.77994181
Prisioneros,11,2058,-5.486388889,36.105,45.00403668,19.79146118
Prisioneros,11,2059,-5.486388889,36.105,1.989103142,21.31943563
Prisioneros,11,2060,-5.486388889,36.105,40.31831592,20.2830658
Prisioneros,11,2061,-5.486388889,36.105,2.522902342,20.42716777
Prisioneros,11,2062,-5.486388889,36.105,20.41403758,20.74321086
Prisioneros,11,2063,-5.486388889,36.105,62.12344261,20.00691732
Prisioneros,11,2064,-5.486388889,36.105,8.172869551,19.27209269
Prisioneros,11,2065,-5.486388889,36.105,40.74547008,20.10933329
Prisioneros,11,2066,-5.486388889,36.105,43.44669783,20.48884888
Prisioneros,11,2067,-5.486388889,36.105,50.69752162,20.54871114
Prisioneros,11,2068,-5.486388889,36.105,74.75415622,18.31413371
Prisioneros,11,2069,-5.486388889,36.105,23.98015708,21.25159607
Prisioneros,11,2070,-5.486388889,36.105,19.21406186,19.63034261
Prisioneros,11,2071,-5.486388889,36.105,8.787354154,19.78879598
Prisioneros,11,2072,-5.486388889,36.105,4.597824656,22.05874939
Prisioneros,11,2073,-5.486388889,36.105,38.21999625,19.86962179
Prisioneros,11,2074,-5.486388889,36.105,0.932073556,20.86051331
Prisioneros,11,2075,-5.486388889,36.105,43.29305018,22.36276957
Prisioneros,11,2076,-5.486388889,36.105,5.444799695,23.05293172
Prisioneros,11,2077,-5.486388889,36.105,32.57100081,21.26559855
Prisioneros,11,2078,-5.486388889,36.105,1.280215938,20.29216207
Prisioneros,11,2079,-5.486388889,36.105,4.449051697,22.54946696
Prisioneros,11,2080,-5.486388889,36.105,10.53884549,22.90463765
Prisioneros,11,2081,-5.486388889,36.105,10.34117451,21.89438375
Prisioneros,11,2082,-5.486388889,36.105,36.00781218,21.75509644
Prisioneros,11,2083,-5.486388889,36.105,32.32803563,20.67359823
Prisioneros,11,2084,-5.486388889,36.105,34.15926598,21.1958547
Prisioneros,11,2085,-5.486388889,36.105,29.81328469,21.59155884
Prisioneros,11,2086,-5.486388889,36.105,36.19785612,22.25036011
Prisioneros,11,2087,-5.486388889,36.105,4.53118114,21.62540283
Prisioneros,11,2088,-5.486388889,36.105,29.95682357,20.75360921
Prisioneros,11,2089,-5.486388889,36.105,47.3845258,20.49185689
Prisioneros,11,2090,-5.486388889,36.105,2.569159652,22.29539897
Prisioneros,11,2091,-5.486388889,36.105,1.106452241,21.07278951
Prisioneros,11,2092,-5.486388889,36.105,22.28852086,22.01242574
Prisioneros,11,2093,-5.486388889,36.105,6.86834029,22.63039958
Prisioneros,11,2094,-5.486388889,36.105,3.655000312,23.24848429
Prisioneros,11,2095,-5.486388889,36.105,0.894522757,22.51877441
Prisioneros,11,2096,-5.486388889,36.105,52.52827045,21.98928731
Prisioneros,11,2097,-5.486388889,36.105,8.507751063,23.47358195
Prisioneros,11,2098,-5.486388889,36.105,39.2114115,22.08353475
Prisioneros,11,2099,-5.486388889,36.105,4.696499301,22.462087
Prisioneros,11,2100,-5.486388889,36.105,17.13491278,22.4661204
Prisioneros,12,2015,-5.486388889,36.105,95.84952936,16.42761211
Prisioneros,12,2016,-5.486388889,36.105,60.22675595,16.58194478
Prisioneros,12,2017,-5.486388889,36.105,74.07859199,17.01546532
Prisioneros,12,2018,-5.486388889,36.105,64.59155555,15.93820269
Prisioneros,12,2019,-5.486388889,36.105,16.40315982,15.22247295
Prisioneros,12,2020,-5.486388889,36.105,73.81833773,17.06790287
Prisioneros,12,2021,-5.486388889,36.105,78.25046174,16.20009864
Prisioneros,12,2022,-5.486388889,36.105,19.57557212,17.37659065
Prisioneros,12,2023,-5.486388889,36.105,220.2703104,16.42047789
Prisioneros,12,2024,-5.486388889,36.105,225.6845375,17.54208069
Prisioneros,12,2025,-5.486388889,36.105,53.88734339,15.70003071
Prisioneros,12,2026,-5.486388889,36.105,95.83356394,16.5244877
Prisioneros,12,2027,-5.486388889,36.105,179.1066743,16.11288137
Prisioneros,12,2028,-5.486388889,36.105,21.25291569,17.8063385
Prisioneros,12,2029,-5.486388889,36.105,130.266975,16.69280297
Prisioneros,12,2030,-5.486388889,36.105,10.76127064,18.26662191
Prisioneros,12,2031,-5.486388889,36.105,53.64579273,16.76043288
Prisioneros,12,2032,-5.486388889,36.105,34.62500224,16.06509603
Prisioneros,12,2033,-5.486388889,36.105,25.74862278,17.98288732
Prisioneros,12,2034,-5.486388889,36.105,264.3344392,16.37739986
Prisioneros,12,2035,-5.486388889,36.105,50.41900057,17.43662562
Prisioneros,12,2036,-5.486388889,36.105,43.45226396,16.86477966
Prisioneros,12,2037,-5.486388889,36.105,2.731655244,16.98266385
Prisioneros,12,2038,-5.486388889,36.105,35.62225183,17.95411121
Prisioneros,12,2039,-5.486388889,36.105,95.10013084,19.53414504
Prisioneros,12,2040,-5.486388889,36.105,24.23554022,17.77208862
Prisioneros,12,2041,-5.486388889,36.105,29.88574548,16.93306294
Prisioneros,12,2042,-5.486388889,36.105,79.86634483,18.82302738
Prisioneros,12,2043,-5.486388889,36.105,158.1885501,18.05872547
Prisioneros,12,2044,-5.486388889,36.105,42.54439261,18.69968465
Prisioneros,12,2045,-5.486388889,36.105,41.84049637,17.52773438
Prisioneros,12,2046,-5.486388889,36.105,61.51811416,17.15353275
Prisioneros,12,2047,-5.486388889,36.105,55.69699566,19.98124035
Prisioneros,12,2048,-5.486388889,36.105,107.6138702,18.78388672
Prisioneros,12,2049,-5.486388889,36.105,43.17347541,17.71544209
Prisioneros,12,2050,-5.486388889,36.105,65.74846199,17.59974976
Prisioneros,12,2051,-5.486388889,36.105,72.68877028,17.38865691
Prisioneros,12,2052,-5.486388889,36.105,68.75250986,15.23215535
Prisioneros,12,2053,-5.486388889,36.105,125.8236099,17.38928301
Prisioneros,12,2054,-5.486388889,36.105,15.38641144,17.52092403
Prisioneros,12,2055,-5.486388889,36.105,112.6868305,15.74718825
Prisioneros,12,2056,-5.486388889,36.105,4.938726593,17.11012777
Prisioneros,12,2057,-5.486388889,36.105,274.8599881,17.98993097
Prisioneros,12,2058,-5.486388889,36.105,6.545461839,18.5165236
Prisioneros,12,2059,-5.486388889,36.105,185.9493095,17.13017696
Prisioneros,12,2060,-5.486388889,36.105,7.207431695,17.87895908
Prisioneros,12,2061,-5.486388889,36.105,3.746891486,18.18228819
Prisioneros,12,2062,-5.486388889,36.105,19.78543525,17.61289909
Prisioneros,12,2063,-5.486388889,36.105,17.48105462,18.1254241
Prisioneros,12,2064,-5.486388889,36.105,37.97137633,18.13805339
Prisioneros,12,2065,-5.486388889,36.105,11.18422795,18.76885278
Prisioneros,12,2066,-5.486388889,36.105,145.4055341,17.94351078
Prisioneros,12,2067,-5.486388889,36.105,70.06515107,18.74447612
Prisioneros,12,2068,-5.486388889,36.105,38.50067804,18.37334798
Prisioneros,12,2069,-5.486388889,36.105,71.54921366,18.71142362
Prisioneros,12,2070,-5.486388889,36.105,40.12132756,17.96351624
Prisioneros,12,2071,-5.486388889,36.105,82.87583488,17.13550376
Prisioneros,12,2072,-5.486388889,36.105,81.41066108,16.81687317
Prisioneros,12,2073,-5.486388889,36.105,19.85052607,17.77664952
Prisioneros,12,2074,-5.486388889,36.105,69.18338486,17.9635185
Prisioneros,12,2075,-5.486388889,36.105,42.41708874,17.44905415
Prisioneros,12,2076,-5.486388889,36.105,15.88093771,19.21391296
Prisioneros,12,2077,-5.486388889,36.105,123.8745181,19.95691194
Prisioneros,12,2078,-5.486388889,36.105,27.97958706,19.66691225
Prisioneros,12,2079,-5.486388889,36.105,53.94873665,20.76598019
Prisioneros,12,2080,-5.486388889,36.105,15.68768603,18.12633141
Prisioneros,12,2081,-5.486388889,36.105,81.21910377,21.080959
Prisioneros,12,2082,-5.486388889,36.105,18.51544395,19.62594191
Prisioneros,12,2083,-5.486388889,36.105,18.86968352,20.07063717
Prisioneros,12,2084,-5.486388889,36.105,92.75533963,20.46248067
Prisioneros,12,2085,-5.486388889,36.105,19.89737412,20.06431412
Prisioneros,12,2086,-5.486388889,36.105,139.1566522,18.50326223
Prisioneros,12,2087,-5.486388889,36.105,86.20728455,18.69331488
Prisioneros,12,2088,-5.486388889,36.105,77.52564548,19.52450358
Prisioneros,12,2089,-5.486388889,36.105,21.83974574,19.73219034
Prisioneros,12,2090,-5.486388889,36.105,9.243940148,21.10591431
Prisioneros,12,2091,-5.486388889,36.105,21.03497825,17.23090663
Prisioneros,12,2092,-5.486388889,36.105,128.7082065,19.80504557
Prisioneros,12,2093,-5.486388889,36.105,96.10037017,19.78619562
Prisioneros,12,2094,-5.486388889,36.105,28.08338559,19.97979224
Prisioneros,12,2095,-5.486388889,36.105,33.04868248,20.4342482
Prisioneros,12,2096,-5.486388889,36.105,72.83384204,20.43526103
Prisioneros,12,2097,-5.486388889,36.105,24.87392049,20.77764085
Prisioneros,12,2098,-5.486388889,36.105,2.374488469,20.40965694
Prisioneros,12,2099,-5.486388889,36.105,156.3346937,19.96675435
Prisioneros,12,2100,-5.486388889,36.105,11.53746834,19.43691203
Prisioneros,2,2015,-5.486388889,36.105,63.52952165,17.71156682
Prisioneros,2,2016,-5.486388889,36.105,8.770264028,16.67614557
Prisioneros,2,2017,-5.486388889,36.105,9.906995906,17.11281302
Prisioneros,2,2018,-5.486388889,36.105,4.601353831,16.36275635
Prisioneros,2,2019,-5.486388889,36.105,102.1852246,17.78094635
Prisioneros,2,2020,-5.486388889,36.105,110.1114468,18.74446601
Prisioneros,2,2021,-5.486388889,36.105,19.16019315,16.01241019
Prisioneros,2,2022,-5.486388889,36.105,17.29570766,16.05948465
Prisioneros,2,2023,-5.486388889,36.105,16.12397491,17.94716579
Prisioneros,2,2024,-5.486388889,36.105,25.26339114,16.89137763
Prisioneros,2,2025,-5.486388889,36.105,159.934054,16.70812814
Prisioneros,2,2026,-5.486388889,36.105,11.23149329,16.57631727
Prisioneros,2,2027,-5.486388889,36.105,15.25601011,16.76289193
Prisioneros,2,2028,-5.486388889,36.105,50.98503125,16.61374449
Prisioneros,2,2029,-5.486388889,36.105,49.30178237,17.02803955
Prisioneros,2,2030,-5.486388889,36.105,55.18079199,16.07852107
Prisioneros,2,2031,-5.486388889,36.105,39.35937184,18.25633283
Prisioneros,2,2032,-5.486388889,36.105,17.20843415,18.77562235
Prisioneros,2,2033,-5.486388889,36.105,2.949966497,19.4430797
Prisioneros,2,2034,-5.486388889,36.105,6.518328869,19.07519684
Prisioneros,2,2035,-5.486388889,36.105,192.4375327,17.45913304
Prisioneros,2,2036,-5.486388889,36.105,76.82317808,18.43792325
Prisioneros,2,2037,-5.486388889,36.105,3.954713466,17.38316171
Prisioneros,2,2038,-5.486388889,36.105,139.1856777,14.19375654
Prisioneros,2,2039,-5.486388889,36.105,85.59846956,16.53040139
Prisioneros,2,2040,-5.486388889,36.105,22.74741584,16.59951382
Prisioneros,2,2041,-5.486388889,36.105,78.8584598,16.4836877
Prisioneros,2,2042,-5.486388889,36.105,31.51616951,18.60442505
Prisioneros,2,2043,-5.486388889,36.105,135.2918281,16.75369197
Prisioneros,2,2044,-5.486388889,36.105,11.23114242,17.02840366
Prisioneros,2,2045,-5.486388889,36.105,40.0269974,15.2336441
Prisioneros,2,2046,-5.486388889,36.105,25.34924249,18.89820905
Prisioneros,2,2047,-5.486388889,36.105,24.91817631,16.7164529
Prisioneros,2,2048,-5.486388889,36.105,75.42047068,16.36353086
Prisioneros,2,2049,-5.486388889,36.105,121.9728631,15.66353433
Prisioneros,2,2050,-5.486388889,36.105,4.307467867,17.26118404
Prisioneros,2,2051,-5.486388889,36.105,4.582855025,18.529342
Prisioneros,2,2052,-5.486388889,36.105,20.94215593,18.15095488
Prisioneros,2,2053,-5.486388889,36.105,4.085546612,17.05096588
Prisioneros,2,2054,-5.486388889,36.105,5.421081688,17.31779742
Prisioneros,2,2055,-5.486388889,36.105,27.74543845,17.12939497
Prisioneros,2,2056,-5.486388889,36.105,1.234611707,17.10669808
Prisioneros,2,2057,-5.486388889,36.105,33.91091411,17.33514666
Prisioneros,2,2058,-5.486388889,36.105,30.75595053,16.37104841
Prisioneros,2,2059,-5.486388889,36.105,20.97553504,19.17762146
Prisioneros,2,2060,-5.486388889,36.105,51.00472443,17.20630956
Prisioneros,2,2061,-5.486388889,36.105,20.62523094,19.04899968
Prisioneros,2,2062,-5.486388889,36.105,3.160898805,17.04032615
Prisioneros,2,2063,-5.486388889,36.105,14.63204233,18.26242763
Prisioneros,2,2064,-5.486388889,36.105,60.19812423,18.40012565
Prisioneros,2,2065,-5.486388889,36.105,4.362964254,18.13184182
Prisioneros,2,2066,-5.486388889,36.105,40.62130494,19.11300049
Prisioneros,2,2067,-5.486388889,36.105,0.897553442,18.19641266
Prisioneros,2,2068,-5.486388889,36.105,1.140532536,19.39933956
Prisioneros,2,2069,-5.486388889,36.105,48.70198808,16.89492514
Prisioneros,2,2070,-5.486388889,36.105,348.5830769,18.13296552
Prisioneros,2,2071,-5.486388889,36.105,7.254273752,17.65318015
Prisioneros,2,2072,-5.486388889,36.105,7.397802867,20.03806826
Prisioneros,2,2073,-5.486388889,36.105,95.45942441,18.83802948
Prisioneros,2,2074,-5.486388889,36.105,93.74844594,16.90957467
Prisioneros,2,2075,-5.486388889,36.105,4.467998422,17.53445042
Prisioneros,2,2076,-5.486388889,36.105,19.93019795,18.44994612
Prisioneros,2,2077,-5.486388889,36.105,3.917368963,19.92679531
Prisioneros,2,2078,-5.486388889,36.105,64.06597665,18.3518801
Prisioneros,2,2079,-5.486388889,36.105,5.331472391,19.40429513
Prisioneros,2,2080,-5.486388889,36.105,160.4752698,19.89014535
Prisioneros,2,2081,-5.486388889,36.105,27.33690582,19.37609035
Prisioneros,2,2082,-5.486388889,36.105,14.69496246,20.2896722
Prisioneros,2,2083,-5.486388889,36.105,127.6186744,18.98400269
Prisioneros,2,2084,-5.486388889,36.105,15.76542942,18.55579581
Prisioneros,2,2085,-5.486388889,36.105,10.69503704,17.58584856
Prisioneros,2,2086,-5.486388889,36.105,81.25000269,17.92890211
Prisioneros,2,2087,-5.486388889,36.105,200.5284278,18.03568529
Prisioneros,2,2088,-5.486388889,36.105,46.35567242,20.44682807
Prisioneros,2,2089,-5.486388889,36.105,6.314797075,19.77801666
Prisioneros,2,2090,-5.486388889,36.105,452.8039452,18.94558541
Prisioneros,2,2091,-5.486388889,36.105,2.262317816,19.3094247
Prisioneros,2,2092,-5.486388889,36.105,29.08962806,18.21078302
Prisioneros,2,2093,-5.486388889,36.105,9.35689699,19.35261797
Prisioneros,2,2094,-5.486388889,36.105,48.12986672,21.61082829
Prisioneros,2,2095,-5.486388889,36.105,48.72202204,17.25948486
Prisioneros,2,2096,-5.486388889,36.105,69.11693216,19.33313956
Prisioneros,2,2097,-5.486388889,36.105,87.90147126,20.73708932
Prisioneros,2,2098,-5.486388889,36.105,20.898212,18.87474867
Prisioneros,2,2099,-5.486388889,36.105,37.09090311,19.23767351
Prisioneros,2,2100,-5.486388889,36.105,54.11412118,20.76709137
Prisioneros,3,2015,-5.486388889,36.105,62.55906124,18.06195049
Prisioneros,3,2016,-5.486388889,36.105,17.3589881,19.58886798
Prisioneros,3,2017,-5.486388889,36.105,40.68994623,17.92695253
Prisioneros,3,2018,-5.486388889,36.105,6.842129152,18.61981871
Prisioneros,3,2019,-5.486388889,36.105,27.4633525,18.23858328
Prisioneros,3,2020,-5.486388889,36.105,54.1048419,17.76059334
Prisioneros,3,2021,-5.486388889,36.105,29.38993909,18.58860907
Prisioneros,3,2022,-5.486388889,36.105,0.565580365,19.50533349
Prisioneros,3,2023,-5.486388889,36.105,29.80654672,19.09259604
Prisioneros,3,2024,-5.486388889,36.105,12.72274266,17.06789945
Prisioneros,3,2025,-5.486388889,36.105,121.3745872,17.84254091
Prisioneros,3,2026,-5.486388889,36.105,11.48111448,17.76541906
Prisioneros,3,2027,-5.486388889,36.105,42.80552957,16.87541524
Prisioneros,3,2028,-5.486388889,36.105,17.02169953,19.17907892
Prisioneros,3,2029,-5.486388889,36.105,11.84022254,17.56855508
Prisioneros,3,2030,-5.486388889,36.105,62.10159195,16.97680841
Prisioneros,3,2031,-5.486388889,36.105,16.60851066,18.13212123
Prisioneros,3,2032,-5.486388889,36.105,15.28354995,18.55716612
Prisioneros,3,2033,-5.486388889,36.105,6.73215735,19.10750536
Prisioneros,3,2034,-5.486388889,36.105,0.106361664,20.99688012
Prisioneros,3,2035,-5.486388889,36.105,116.7358329,18.4456539
Prisioneros,3,2036,-5.486388889,36.105,11.45653166,19.58046678
Prisioneros,3,2037,-5.486388889,36.105,20.89272724,18.85129847
Prisioneros,3,2038,-5.486388889,36.105,47.44232073,18.63150497
Prisioneros,3,2039,-5.486388889,36.105,3.067135264,20.5932123
Prisioneros,3,2040,-5.486388889,36.105,135.0961805,17.74135841
Prisioneros,3,2041,-5.486388889,36.105,76.69365701,16.04119361
Prisioneros,3,2042,-5.486388889,36.105,1.470778273,17.93915661
Prisioneros,3,2043,-5.486388889,36.105,14.31579316,20.32226247
Prisioneros,3,2044,-5.486388889,36.105,36.6220272,18.97033376
Prisioneros,3,2045,-5.486388889,36.105,4.420551883,19.33240908
Prisioneros,3,2046,-5.486388889,36.105,44.63569714,19.60733997
Prisioneros,3,2047,-5.486388889,36.105,24.82429994,18.86905478
Prisioneros,3,2048,-5.486388889,36.105,1.264593223,19.09909038
Prisioneros,3,2049,-5.486388889,36.105,55.88138003,19.1585081
Prisioneros,3,2050,-5.486388889,36.105,9.362609782,19.08564296
Prisioneros,3,2051,-5.486388889,36.105,14.82211683,19.57908266
Prisioneros,3,2052,-5.486388889,36.105,26.84992308,18.70418307
Prisioneros,3,2053,-5.486388889,36.105,31.02429837,17.62664874
Prisioneros,3,2054,-5.486388889,36.105,4.319968496,18.91960272
Prisioneros,3,2055,-5.486388889,36.105,40.4061292,17.87013668
Prisioneros,3,2056,-5.486388889,36.105,9.356926945,18.27796572
Prisioneros,3,2057,-5.486388889,36.105,36.61384057,17.81075439
Prisioneros,3,2058,-5.486388889,36.105,45.79024546,20.61736056
Prisioneros,3,2059,-5.486388889,36.105,7.984629389,19.99129639
Prisioneros,3,2060,-5.486388889,36.105,31.21832898,18.19624457
Prisioneros,3,2061,-5.486388889,36.105,9.715819749,19.28103421
Prisioneros,3,2062,-5.486388889,36.105,73.7203914,17.89624988
Prisioneros,3,2063,-5.486388889,36.105,31.536227,17.55720845
Prisioneros,3,2064,-5.486388889,36.105,72.37834433,19.08711961
Prisioneros,3,2065,-5.486388889,36.105,7.432193751,21.01465218
Prisioneros,3,2066,-5.486388889,36.105,13.62434744,20.00686823
Prisioneros,3,2067,-5.486388889,36.105,57.32946055,17.62534042
Prisioneros,3,2068,-5.486388889,36.105,34.37081101,19.34905199
Prisioneros,3,2069,-5.486388889,36.105,3.674875347,20.05368515
Prisioneros,3,2070,-5.486388889,36.105,21.01401028,19.8815601
Prisioneros,3,2071,-5.486388889,36.105,9.725640417,20.23069497
Prisioneros,3,2072,-5.486388889,36.105,48.96383384,19.51004698
Prisioneros,3,2073,-5.486388889,36.105,78.92367458,18.49962769
Prisioneros,3,2074,-5.486388889,36.105,44.52291089,19.49922505
Prisioneros,3,2075,-5.486388889,36.105,20.17536577,19.86970648
Prisioneros,3,2076,-5.486388889,36.105,5.341650278,19.95452271
Prisioneros,3,2077,-5.486388889,36.105,13.35178622,20.79397957
Prisioneros,3,2078,-5.486388889,36.105,37.66544962,18.64774623
Prisioneros,3,2079,-5.486388889,36.105,17.25287738,20.03804833
Prisioneros,3,2080,-5.486388889,36.105,120.1631774,18.62273658
Prisioneros,3,2081,-5.486388889,36.105,3.305055651,20.3579769
Prisioneros,3,2082,-5.486388889,36.105,14.02696201,19.65885463
Prisioneros,3,2083,-5.486388889,36.105,8.889544878,19.89779348
Prisioneros,3,2084,-5.486388889,36.105,29.4043057,20.46288649
Prisioneros,3,2085,-5.486388889,36.105,19.01304906,20.42425124
Prisioneros,3,2086,-5.486388889,36.105,0.155422724,20.23009053
Prisioneros,3,2087,-5.486388889,36.105,61.29813728,20.4131832
Prisioneros,3,2088,-5.486388889,36.105,30.80273414,19.64307507
Prisioneros,3,2089,-5.486388889,36.105,2.419793492,22.36641157
Prisioneros,3,2090,-5.486388889,36.105,210.681203,19.48000981
Prisioneros,3,2091,-5.486388889,36.105,25.84565362,19.73611135
Prisioneros,3,2092,-5.486388889,36.105,1.794747682,20.68583709
Prisioneros,3,2093,-5.486388889,36.105,55.04690352,19.7374433
Prisioneros,3,2094,-5.486388889,36.105,54.40053202,20.37062988
Prisioneros,3,2095,-5.486388889,36.105,4.129455998,21.60662231
Prisioneros,3,2096,-5.486388889,36.105,28.41506904,21.44955818
Prisioneros,3,2097,-5.486388889,36.105,84.598162,19.58568726
Prisioneros,3,2098,-5.486388889,36.105,22.88915164,20.71508671
Prisioneros,3,2099,-5.486388889,36.105,5.704978852,21.5345014
Prisioneros,3,2100,-5.486388889,36.105,67.15632233,20.63284085
Prisioneros,4,2015,-5.486388889,36.105,0.997038308,21.19927368
Prisioneros,4,2016,-5.486388889,36.105,4.592365165,21.50236715
Prisioneros,4,2017,-5.486388889,36.105,14.42340417,20.85470785
Prisioneros,4,2018,-5.486388889,36.105,76.72006134,18.47510885
Prisioneros,4,2019,-5.486388889,36.105,78.2422982,18.63050435
Prisioneros,4,2020,-5.486388889,36.105,15.8084454,20.98630778
Prisioneros,4,2021,-5.486388889,36.105,2.50299998,20.63097127
Prisioneros,4,2022,-5.486388889,36.105,11.8539232,21.30489807
Prisioneros,4,2023,-5.486388889,36.105,18.65401309,20.31505025
Prisioneros,4,2024,-5.486388889,36.105,28.71488675,18.8462026
Prisioneros,4,2025,-5.486388889,36.105,26.89367719,19.85318502
Prisioneros,4,2026,-5.486388889,36.105,19.50209712,18.68402608
Prisioneros,4,2027,-5.486388889,36.105,80.77827479,18.80517782
Prisioneros,4,2028,-5.486388889,36.105,50.34241849,18.73544108
Prisioneros,4,2029,-5.486388889,36.105,24.68067339,18.38355204
Prisioneros,4,2030,-5.486388889,36.105,28.16847346,18.68781942
Prisioneros,4,2031,-5.486388889,36.105,4.285913804,20.19021505
Prisioneros,4,2032,-5.486388889,36.105,4.270520893,22.40272319
Prisioneros,4,2033,-5.486388889,36.105,35.34304594,19.67840678
Prisioneros,4,2034,-5.486388889,36.105,1.563868199,21.87475484
Prisioneros,4,2035,-5.486388889,36.105,6.888591211,19.85087382
Prisioneros,4,2036,-5.486388889,36.105,32.5651894,20.75412699
Prisioneros,4,2037,-5.486388889,36.105,13.03375037,21.11741333
Prisioneros,4,2038,-5.486388889,36.105,30.36374783,19.24254354
Prisioneros,4,2039,-5.486388889,36.105,119.3179357,19.4769989
Prisioneros,4,2040,-5.486388889,36.105,64.04376325,19.55901286
Prisioneros,4,2041,-5.486388889,36.105,12.50825958,20.01427816
Prisioneros,4,2042,-5.486388889,36.105,22.96039502,20.33559774
Prisioneros,4,2043,-5.486388889,36.105,14.20379645,20.17093709
Prisioneros,4,2044,-5.486388889,36.105,43.33515629,19.50230713
Prisioneros,4,2045,-5.486388889,36.105,71.08928181,20.81444906
Prisioneros,4,2046,-5.486388889,36.105,2.679115455,21.68072103
Prisioneros,4,2047,-5.486388889,36.105,58.73267629,20.81400859
Prisioneros,4,2048,-5.486388889,36.105,10.89985783,21.7132487
Prisioneros,4,2049,-5.486388889,36.105,14.12283755,19.3112325
Prisioneros,4,2050,-5.486388889,36.105,27.58999062,19.07072449
Prisioneros,4,2051,-5.486388889,36.105,0.614525646,21.77561849
Prisioneros,4,2052,-5.486388889,36.105,25.95047711,20.97858582
Prisioneros,4,2053,-5.486388889,36.105,27.44520144,21.45169678
Prisioneros,4,2054,-5.486388889,36.105,69.91889746,20.37625732
Prisioneros,4,2055,-5.486388889,36.105,60.90023316,19.86444499
Prisioneros,4,2056,-5.486388889,36.105,14.3851001,20.74487
Prisioneros,4,2057,-5.486388889,36.105,44.6964654,19.85389709
Prisioneros,4,2058,-5.486388889,36.105,12.58563013,20.58935649
Prisioneros,4,2059,-5.486388889,36.105,12.64808018,22.09418437
Prisioneros,4,2060,-5.486388889,36.105,16.38880635,20.73282878
Prisioneros,4,2061,-5.486388889,36.105,10.8447243,21.60102641
Prisioneros,4,2062,-5.486388889,36.105,23.04893039,22.17536926
Prisioneros,4,2063,-5.486388889,36.105,3.722450756,21.59517619
Prisioneros,4,2064,-5.486388889,36.105,24.78803942,22.38102722
Prisioneros,4,2065,-5.486388889,36.105,77.79760329,20.45720113
Prisioneros,4,2066,-5.486388889,36.105,13.20826901,19.94982605
Prisioneros,4,2067,-5.486388889,36.105,52.59727462,20.85931295
Prisioneros,4,2068,-5.486388889,36.105,4.746713554,21.52257385
Prisioneros,4,2069,-5.486388889,36.105,12.54622851,20.56937968
Prisioneros,4,2070,-5.486388889,36.105,20.02208523,21.73228658
Prisioneros,4,2071,-5.486388889,36.105,24.36757554,22.49993388
Prisioneros,4,2072,-5.486388889,36.105,29.48405887,22.87867025
Prisioneros,4,2073,-5.486388889,36.105,26.61282233,21.11741842
Prisioneros,4,2074,-5.486388889,36.105,17.43415928,21.80118306
Prisioneros,4,2075,-5.486388889,36.105,8.568072119,23.42304688
Prisioneros,4,2076,-5.486388889,36.105,6.430383639,21.01566569
Prisioneros,4,2077,-5.486388889,36.105,6.140798482,22.79282227
Prisioneros,4,2078,-5.486388889,36.105,79.45921198,21.44376628
Prisioneros,4,2079,-5.486388889,36.105,12.15784731,22.95261536
Prisioneros,4,2080,-5.486388889,36.105,22.84302137,21.01720886
Prisioneros,4,2081,-5.486388889,36.105,4.23595431,23.29123637
Prisioneros,4,2082,-5.486388889,36.105,6.737805281,22.49538879
Prisioneros,4,2083,-5.486388889,36.105,0.507813529,22.80450236
Prisioneros,4,2084,-5.486388889,36.105,5.307546348,21.63680115
Prisioneros,4,2085,-5.486388889,36.105,7.757179576,24.19002991
Prisioneros,4,2086,-5.486388889,36.105,4.87832179,21.76708883
Prisioneros,4,2087,-5.486388889,36.105,3.876864952,23.66367188
Prisioneros,4,2088,-5.486388889,36.105,28.28408037,21.9433075
Prisioneros,4,2089,-5.486388889,36.105,10.98533573,23.93778788
Prisioneros,4,2090,-5.486388889,36.105,33.49129108,22.22095947
Prisioneros,4,2091,-5.486388889,36.105,3.974597928,20.6413147
Prisioneros,4,2092,-5.486388889,36.105,6.605699057,23.69542033
Prisioneros,4,2093,-5.486388889,36.105,37.43614697,21.05088501
Prisioneros,4,2094,-5.486388889,36.105,11.28495427,23.65165507
Prisioneros,4,2095,-5.486388889,36.105,23.98445973,21.09836019
Prisioneros,4,2096,-5.486388889,36.105,6.396596706,24.74557495
Prisioneros,4,2097,-5.486388889,36.105,13.21835477,23.23469747
Prisioneros,4,2098,-5.486388889,36.105,0.677833277,22.94727376
Prisioneros,4,2099,-5.486388889,36.105,12.59762597,22.88814087
Prisioneros,4,2100,-5.486388889,36.105,3.905480198,24.34881287
Prisioneros,5,2015,-5.486388889,36.105,11.88068263,21.98199837
Prisioneros,5,2016,-5.486388889,36.105,18.22649213,23.00279659
Prisioneros,5,2017,-5.486388889,36.105,4.837284042,22.75991998
Prisioneros,5,2018,-5.486388889,36.105,69.86922772,20.82360131
Prisioneros,5,2019,-5.486388889,36.105,28.03567568,20.4067243
Prisioneros,5,2020,-5.486388889,36.105,2.393937607,23.11930286
Prisioneros,5,2021,-5.486388889,36.105,60.71061723,21.05888692
Prisioneros,5,2022,-5.486388889,36.105,66.41323947,22.18955039
Prisioneros,5,2023,-5.486388889,36.105,1.586223267,23.25590348
Prisioneros,5,2024,-5.486388889,36.105,1.245581826,23.23558074
Prisioneros,5,2025,-5.486388889,36.105,45.08733244,22.79249405
Prisioneros,5,2026,-5.486388889,36.105,39.80014288,20.70562035
Prisioneros,5,2027,-5.486388889,36.105,11.47602689,21.7066993
Prisioneros,5,2028,-5.486388889,36.105,6.872671747,20.99666453
Prisioneros,5,2029,-5.486388889,36.105,11.85715397,21.9647392
Prisioneros,5,2030,-5.486388889,36.105,14.86062762,20.7373291
Prisioneros,5,2031,-5.486388889,36.105,12.23809821,22.31708138
Prisioneros,5,2032,-5.486388889,36.105,17.90888729,23.64027631
Prisioneros,5,2033,-5.486388889,36.105,15.21729782,21.82395472
Prisioneros,5,2034,-5.486388889,36.105,2.889129501,22.95356189
Prisioneros,5,2035,-5.486388889,36.105,21.10339841,21.97126898
Prisioneros,5,2036,-5.486388889,36.105,86.4208204,22.28368333
Prisioneros,5,2037,-5.486388889,36.105,27.25861605,20.97233808
Prisioneros,5,2038,-5.486388889,36.105,4.026077102,22.63434114
Prisioneros,5,2039,-5.486388889,36.105,38.73566644,21.6712743
Prisioneros,5,2040,-5.486388889,36.105,45.97248444,21.91120743
Prisioneros,5,2041,-5.486388889,36.105,10.28464217,22.01794119
Prisioneros,5,2042,-5.486388889,36.105,3.736915247,24.41715639
Prisioneros,5,2043,-5.486388889,36.105,23.5436641,22.36689197
Prisioneros,5,2044,-5.486388889,36.105,20.12160147,22.15314292
Prisioneros,5,2045,-5.486388889,36.105,4.613011962,22.25072632
Prisioneros,5,2046,-5.486388889,36.105,25.03153367,22.71474905
Prisioneros,5,2047,-5.486388889,36.105,49.6420367,23.78232875
Prisioneros,5,2048,-5.486388889,36.105,2.22120421,23.70842994
Prisioneros,5,2049,-5.486388889,36.105,83.1348408,22.31045119
Prisioneros,5,2050,-5.486388889,36.105,9.91155538,22.8031378
Prisioneros,5,2051,-5.486388889,36.105,33.74720625,22.57618743
Prisioneros,5,2052,-5.486388889,36.105,1.553162716,24.86277407
Prisioneros,5,2053,-5.486388889,36.105,16.10983951,22.72945754
Prisioneros,5,2054,-5.486388889,36.105,35.56730238,21.7915421
Prisioneros,5,2055,-5.486388889,36.105,1.955888853,22.82359442
Prisioneros,5,2056,-5.486388889,36.105,13.21243285,23.11156518
Prisioneros,5,2057,-5.486388889,36.105,8.473368187,22.75339907
Prisioneros,5,2058,-5.486388889,36.105,25.6560383,21.77323549
Prisioneros,5,2059,-5.486388889,36.105,39.99608578,24.5379617
Prisioneros,5,2060,-5.486388889,36.105,2.442706154,24.49130623
Prisioneros,5,2061,-5.486388889,36.105,4.669643627,22.67891452
Prisioneros,5,2062,-5.486388889,36.105,29.34554724,23.05847345
Prisioneros,5,2063,-5.486388889,36.105,25.64741619,21.5364496
Prisioneros,5,2064,-5.486388889,36.105,1.578046396,24.66865077
Prisioneros,5,2065,-5.486388889,36.105,1.24098866,25.46899493
Prisioneros,5,2066,-5.486388889,36.105,4.210464034,24.15412145
Prisioneros,5,2067,-5.486388889,36.105,24.31397861,23.12220301
Prisioneros,5,2068,-5.486388889,36.105,7.9530373,23.04682755
Prisioneros,5,2069,-5.486388889,36.105,23.35381383,23.96253505
Prisioneros,5,2070,-5.486388889,36.105,59.41598335,24.12269523
Prisioneros,5,2071,-5.486388889,36.105,19.33753235,24.27510789
Prisioneros,5,2072,-5.486388889,36.105,1.630272048,25.57698286
Prisioneros,5,2073,-5.486388889,36.105,4.93618673,23.00786546
Prisioneros,5,2074,-5.486388889,36.105,3.927578224,24.46143444
Prisioneros,5,2075,-5.486388889,36.105,5.499548903,25.19330503
Prisioneros,5,2076,-5.486388889,36.105,18.14746413,24.40987352
Prisioneros,5,2077,-5.486388889,36.105,8.491153436,26.02428687
Prisioneros,5,2078,-5.486388889,36.105,22.41403882,22.87139085
Prisioneros,5,2079,-5.486388889,36.105,0.605536308,24.52269602
Prisioneros,5,2080,-5.486388889,36.105,7.481823965,23.75190961
Prisioneros,5,2081,-5.486388889,36.105,20.69787176,24.85599326
Prisioneros,5,2082,-5.486388889,36.105,14.75705622,25.13079617
Prisioneros,5,2083,-5.486388889,36.105,20.73937432,21.78108343
Prisioneros,5,2084,-5.486388889,36.105,20.21109608,25.39334185
Prisioneros,5,2085,-5.486388889,36.105,11.61566839,26.60534058
Prisioneros,5,2086,-5.486388889,36.105,1.314646508,25.19490278
Prisioneros,5,2087,-5.486388889,36.105,1.988766129,25.42262101
Prisioneros,5,2088,-5.486388889,36.105,18.53790561,26.73530017
Prisioneros,5,2089,-5.486388889,36.105,11.95104807,25.79011073
Prisioneros,5,2090,-5.486388889,36.105,56.11865331,23.22044402
Prisioneros,5,2091,-5.486388889,36.105,17.86050537,22.42658435
Prisioneros,5,2092,-5.486388889,36.105,1.235938238,27.58111848
Prisioneros,5,2093,-5.486388889,36.105,5.768555628,25.76832709
Prisioneros,5,2094,-5.486388889,36.105,4.162233124,24.57984166
Prisioneros,5,2095,-5.486388889,36.105,11.3196495,25.49376536
Prisioneros,5,2096,-5.486388889,36.105,0.000373148,25.51531766
Prisioneros,5,2097,-5.486388889,36.105,21.53480959,25.17085788
Prisioneros,5,2098,-5.486388889,36.105,9.197093063,24.0943257
Prisioneros,5,2099,-5.486388889,36.105,34.94636978,24.95521673
Prisioneros,5,2100,-5.486388889,36.105,10.37429377,26.50386668
Prisioneros,6,2015,-5.486388889,36.105,21.08220366,24.28972982
Prisioneros,6,2016,-5.486388889,36.105,0.022820771,26.41442159
Prisioneros,6,2017,-5.486388889,36.105,11.10587636,26.39422811
Prisioneros,6,2018,-5.486388889,36.105,5.416535766,25.12298279
Prisioneros,6,2019,-5.486388889,36.105,2.270510315,25.89395243
Prisioneros,6,2020,-5.486388889,36.105,7.126627446,26.29024963
Prisioneros,6,2021,-5.486388889,36.105,7.748040814,25.57351278
Prisioneros,6,2022,-5.486388889,36.105,14.42474994,24.86877441
Prisioneros,6,2023,-5.486388889,36.105,0.016070673,26.28279724
Prisioneros,6,2024,-5.486388889,36.105,39.98845773,25.76555074
Prisioneros,6,2025,-5.486388889,36.105,15.55546236,23.96246338
Prisioneros,6,2026,-5.486388889,36.105,7.093417372,23.00584106
Prisioneros,6,2027,-5.486388889,36.105,4.210477907,26.18497416
Prisioneros,6,2028,-5.486388889,36.105,0.626040546,26.22219543
Prisioneros,6,2029,-5.486388889,36.105,0.037724458,25.39346415
Prisioneros,6,2030,-5.486388889,36.105,5.642744808,25.59600627
Prisioneros,6,2031,-5.486388889,36.105,37.32982561,25.32162272
Prisioneros,6,2032,-5.486388889,36.105,0.263484103,27.01080424
Prisioneros,6,2033,-5.486388889,36.105,3.431292614,25.32677307
Prisioneros,6,2034,-5.486388889,36.105,0.110391297,26.17027283
Prisioneros,6,2035,-5.486388889,36.105,38.78110719,23.9302714
Prisioneros,6,2036,-5.486388889,36.105,4.355834013,26.76652425
Prisioneros,6,2037,-5.486388889,36.105,2.876805098,24.98404643
Prisioneros,6,2038,-5.486388889,36.105,0.502415697,27.26080017
Prisioneros,6,2039,-5.486388889,36.105,2.823297614,25.79406128
Prisioneros,6,2040,-5.486388889,36.105,11.78563034,25.19061483
Prisioneros,6,2041,-5.486388889,36.105,8.241640717,26.58808289
Prisioneros,6,2042,-5.486388889,36.105,0.292030518,28.37888997
Prisioneros,6,2043,-5.486388889,36.105,38.9083505,24.99426371
Prisioneros,6,2044,-5.486388889,36.105,0.308795287,28.44122314
Prisioneros,6,2045,-5.486388889,36.105,22.45278584,27.45620219
Prisioneros,6,2046,-5.486388889,36.105,0.761313974,24.85248515
Prisioneros,6,2047,-5.486388889,36.105,8.885934919,26.13469442
Prisioneros,6,2048,-5.486388889,36.105,1.122178583,26.49880981
Prisioneros,6,2049,-5.486388889,36.105,0.571757414,28.69426168
Prisioneros,6,2050,-5.486388889,36.105,0.043373154,27.08619486
Prisioneros,6,2051,-5.486388889,36.105,0.631282104,25.2382487
Prisioneros,6,2052,-5.486388889,36.105,0.003504511,27.68349609
Prisioneros,6,2053,-5.486388889,36.105,10.27300282,25.44772135
Prisioneros,6,2054,-5.486388889,36.105,3.836502435,25.45348511
Prisioneros,6,2055,-5.486388889,36.105,0.239242427,27.32704163
Prisioneros,6,2056,-5.486388889,36.105,0.338161868,27.78692322
Prisioneros,6,2057,-5.486388889,36.105,2.468636105,26.08778992
Prisioneros,6,2058,-5.486388889,36.105,18.56924702,27.15012105
Prisioneros,6,2059,-5.486388889,36.105,0.391462939,28.55395813
Prisioneros,6,2060,-5.486388889,36.105,0.245718406,28.64595133
Prisioneros,6,2061,-5.486388889,36.105,0.25890448,24.82262472
Prisioneros,6,2062,-5.486388889,36.105,0.137968385,28.20379232
Prisioneros,6,2063,-5.486388889,36.105,0.001161158,27.58115946
Prisioneros,6,2064,-5.486388889,36.105,1.211420709,25.26529643
Prisioneros,6,2065,-5.486388889,36.105,12.3981303,27.6530955
Prisioneros,6,2066,-5.486388889,36.105,0.936628226,27.89834391
Prisioneros,6,2067,-5.486388889,36.105,4.874605648,26.10007833
Prisioneros,6,2068,-5.486388889,36.105,0.907365325,29.02380676
Prisioneros,6,2069,-5.486388889,36.105,0.385602269,27.4850942
Prisioneros,6,2070,-5.486388889,36.105,24.1389959,26.49941305
Prisioneros,6,2071,-5.486388889,36.105,1.057384725,28.17461344
Prisioneros,6,2072,-5.486388889,36.105,19.90513297,27.92979838
Prisioneros,6,2073,-5.486388889,36.105,7.361954569,26.96198324
Prisioneros,6,2074,-5.486388889,36.105,0.205560955,29.23354899
Prisioneros,6,2075,-5.486388889,36.105,0.246453487,28.7344401
Prisioneros,6,2076,-5.486388889,36.105,1.400672169,28.20884603
Prisioneros,6,2077,-5.486388889,36.105,0.510965506,28.09331258
Prisioneros,6,2078,-5.486388889,36.105,1.653815217,28.29619242
Prisioneros,6,2079,-5.486388889,36.105,28.11815817,28.43735758
Prisioneros,6,2080,-5.486388889,36.105,3.540224173,25.21096395
Prisioneros,6,2081,-5.486388889,36.105,18.53599536,29.09919739
Prisioneros,6,2082,-5.486388889,36.105,9.681193917,29.49425761
Prisioneros,6,2083,-5.486388889,36.105,1.003589224,29.74810588
Prisioneros,6,2084,-5.486388889,36.105,41.16774923,29.33853455
Prisioneros,6,2085,-5.486388889,36.105,0.515940841,28.71917725
Prisioneros,6,2086,-5.486388889,36.105,0.168413818,28.28641968
Prisioneros,6,2087,-5.486388889,36.105,15.79445506,27.66224162
Prisioneros,6,2088,-5.486388889,36.105,2.183124045,31.44813538
Prisioneros,6,2089,-5.486388889,36.105,3.399676305,29.52637126
Prisioneros,6,2090,-5.486388889,36.105,2.60921573,27.05529277
Prisioneros,6,2091,-5.486388889,36.105,0.189729669,27.69887085
Prisioneros,6,2092,-5.486388889,36.105,0.013331077,29.42327271
Prisioneros,6,2093,-5.486388889,36.105,1.263619354,29.42476095
Prisioneros,6,2094,-5.486388889,36.105,4.858296364,27.66596375
Prisioneros,6,2095,-5.486388889,36.105,0.213523026,30.63386027
Prisioneros,6,2096,-5.486388889,36.105,20.24869061,28.81171977
Prisioneros,6,2097,-5.486388889,36.105,1.74407825,29.16331278
Prisioneros,6,2098,-5.486388889,36.105,0.504583256,29.40651449
Prisioneros,6,2099,-5.486388889,36.105,0.490318114,28.98297831
Prisioneros,6,2100,-5.486388889,36.105,0.217305427,27.58370463
Prisioneros,7,2015,-5.486388889,36.105,2.58323441034937e-05,28.76046536
Prisioneros,7,2016,-5.486388889,36.105,8.908325346,29.23536416
Prisioneros,7,2017,-5.486388889,36.105,0.017598832,30.04603705
Prisioneros,7,2018,-5.486388889,36.105,0.07650039,28.77544654
Prisioneros,7,2019,-5.486388889,36.105,0.538977602,29.44798801
Prisioneros,7,2020,-5.486388889,36.105,0.46334666,30.11969664
Prisioneros,7,2021,-5.486388889,36.105,6.92488714952824e-07,29.82106835
Prisioneros,7,2022,-5.486388889,36.105,1.340734636,28.72626599
Prisioneros,7,2023,-5.486388889,36.105,0.322553404,29.22523331
Prisioneros,7,2024,-5.486388889,36.105,0.203860273,29.0654039
Prisioneros,7,2025,-5.486388889,36.105,9.78678038,29.71809909
Prisioneros,7,2026,-5.486388889,36.105,0.249298938,28.78039433
Prisioneros,7,2027,-5.486388889,36.105,0.019758294,29.75233587
Prisioneros,7,2028,-5.486388889,36.105,0.099234095,30.05992451
Prisioneros,7,2029,-5.486388889,36.105,0.830440562,28.72312268
Prisioneros,7,2030,-5.486388889,36.105,0.46712605,28.81430822
Prisioneros,7,2031,-5.486388889,36.105,3.820692533,29.40341954
Prisioneros,7,2032,-5.486388889,36.105,0.645969486,30.66045926
Prisioneros,7,2033,-5.486388889,36.105,3.282253309,30.96832059
Prisioneros,7,2034,-5.486388889,36.105,0.337806434,30.31676242
Prisioneros,7,2035,-5.486388889,36.105,5.78312397779096e-05,28.75422993
Prisioneros,7,2036,-5.486388889,36.105,0.537999826,30.80514999
Prisioneros,7,2037,-5.486388889,36.105,1.429993245,30.52296084
Prisioneros,7,2038,-5.486388889,36.105,3.298335064,30.96121295
Prisioneros,7,2039,-5.486388889,36.105,0.001032682,30.38628442
Prisioneros,7,2040,-5.486388889,36.105,2.819485385,26.82464875
Prisioneros,7,2041,-5.486388889,36.105,7.677893676,30.4606784
Prisioneros,7,2042,-5.486388889,36.105,0.027530336,30.85424588
Prisioneros,7,2043,-5.486388889,36.105,0.192516075,29.82142275
Prisioneros,7,2044,-5.486388889,36.105,1.95895385190532e-05,29.79162086
Prisioneros,7,2045,-5.486388889,36.105,0.111371413,30.13322577
Prisioneros,7,2046,-5.486388889,36.105,0.027084016,30.61339919
Prisioneros,7,2047,-5.486388889,36.105,6.251244481,30.10617341
Prisioneros,7,2048,-5.486388889,36.105,0.325808828,31.03200191
Prisioneros,7,2049,-5.486388889,36.105,0.023303472,30.46861297
Prisioneros,7,2050,-5.486388889,36.105,0.830482775,30.39562772
Prisioneros,7,2051,-5.486388889,36.105,8.799156004,28.45388873
Prisioneros,7,2052,-5.486388889,36.105,0.455792872,29.13463253
Prisioneros,7,2053,-5.486388889,36.105,1.206465994,30.68056641
Prisioneros,7,2054,-5.486388889,36.105,0.467584916,29.65700782
Prisioneros,7,2055,-5.486388889,36.105,4.170868774,30.91835642
Prisioneros,7,2056,-5.486388889,36.105,0.141141859,29.56378942
Prisioneros,7,2057,-5.486388889,36.105,0.344027296,31.01622039
Prisioneros,7,2058,-5.486388889,36.105,0.126450212,29.76803569
Prisioneros,7,2059,-5.486388889,36.105,0.501313653,31.2966159
Prisioneros,7,2060,-5.486388889,36.105,0.038313358,31.51707488
Prisioneros,7,2061,-5.486388889,36.105,5.973297156,30.15341659
Prisioneros,7,2062,-5.486388889,36.105,0.006978757,30.32245247
Prisioneros,7,2063,-5.486388889,36.105,7.77576430034975e-06,31.07147591
Prisioneros,7,2064,-5.486388889,36.105,0.000700966,31.40626752
Prisioneros,7,2065,-5.486388889,36.105,0.100516738,30.20330692
Prisioneros,7,2066,-5.486388889,36.105,0.020233636,31.00418366
Prisioneros,7,2067,-5.486388889,36.105,0.026073142,30.9783402
Prisioneros,7,2068,-5.486388889,36.105,0.005593952,31.76539149
Prisioneros,7,2069,-5.486388889,36.105,0.218548668,32.62062496
Prisioneros,7,2070,-5.486388889,36.105,0.023248624,32.20158022
Prisioneros,7,2071,-5.486388889,36.105,1.091311699,32.60352232
Prisioneros,7,2072,-5.486388889,36.105,8.78207612377986e-05,31.91002709
Prisioneros,7,2073,-5.486388889,36.105,0.143510985,29.78842833
Prisioneros,7,2074,-5.486388889,36.105,0.00017269,32.8652076
Prisioneros,7,2075,-5.486388889,36.105,0.000696256,33.8966535
Prisioneros,7,2076,-5.486388889,36.105,3.56187704718e-05,32.44919099
Prisioneros,7,2077,-5.486388889,36.105,0.016898904,32.5465775
Prisioneros,7,2078,-5.486388889,36.105,0.636712997,32.22205751
Prisioneros,7,2079,-5.486388889,36.105,3.262677692,33.03535885
Prisioneros,7,2080,-5.486388889,36.105,0.185634516,31.33537322
Prisioneros,7,2081,-5.486388889,36.105,0.018900493,31.49995157
Prisioneros,7,2082,-5.486388889,36.105,0.149627857,31.42615612
Prisioneros,7,2083,-5.486388889,36.105,0.533076773,32.22623941
Prisioneros,7,2084,-5.486388889,36.105,0.258576333,29.95717183
Prisioneros,7,2085,-5.486388889,36.105,23.85084871,32.98605622
Prisioneros,7,2086,-5.486388889,36.105,2.040897693,32.64567005
Prisioneros,7,2087,-5.486388889,36.105,1.50879964147763e-05,34.67346369
Prisioneros,7,2088,-5.486388889,36.105,0.035068522,31.08720427
Prisioneros,7,2089,-5.486388889,36.105,15.017976,33.27886549
Prisioneros,7,2090,-5.486388889,36.105,5.798178142,32.44047182
Prisioneros,7,2091,-5.486388889,36.105,3.939033689,31.87420733
Prisioneros,7,2092,-5.486388889,36.105,0.381683834,33.59209496
Prisioneros,7,2093,-5.486388889,36.105,0.294795132,32.92470703
Prisioneros,7,2094,-5.486388889,36.105,0.437716046,32.40349731
Prisioneros,7,2095,-5.486388889,36.105,0.112805163,33.17487537
Prisioneros,7,2096,-5.486388889,36.105,0.288982679,33.80503579
Prisioneros,7,2097,-5.486388889,36.105,0.004408856,33.95381194
Prisioneros,7,2098,-5.486388889,36.105,6.14017776708736e-07,32.88774926
Prisioneros,7,2099,-5.486388889,36.105,0.786665191,33.30416949
Prisioneros,7,2100,-5.486388889,36.105,0.399897737,33.44043441
Prisioneros,8,2015,-5.486388889,36.105,0.218532875,30.84826345
Prisioneros,8,2016,-5.486388889,36.105,0.575358965,29.60198561
Prisioneros,8,2017,-5.486388889,36.105,2.957949514,28.97812953
Prisioneros,8,2018,-5.486388889,36.105,0.967353978,28.90754139
Prisioneros,8,2019,-5.486388889,36.105,0.756851718,29.29129304
Prisioneros,8,2020,-5.486388889,36.105,2.452209422,28.71494692
Prisioneros,8,2021,-5.486388889,36.105,2.386001535,30.04282975
Prisioneros,8,2022,-5.486388889,36.105,5.150952905,29.83317792
Prisioneros,8,2023,-5.486388889,36.105,0.000191064,29.65183952
Prisioneros,8,2024,-5.486388889,36.105,0.204323426,28.44489096
Prisioneros,8,2025,-5.486388889,36.105,9.576883894,29.95424312
Prisioneros,8,2026,-5.486388889,36.105,0.013407792,29.52289685
Prisioneros,8,2027,-5.486388889,36.105,5.337815224,29.9946927
Prisioneros,8,2028,-5.486388889,36.105,2.162102907,29.60557783
Prisioneros,8,2029,-5.486388889,36.105,0.131940619,29.21723574
Prisioneros,8,2030,-5.486388889,36.105,8.872667479,29.80799895
Prisioneros,8,2031,-5.486388889,36.105,0.01296743,29.53563351
Prisioneros,8,2032,-5.486388889,36.105,5.181942645,30.88969648
Prisioneros,8,2033,-5.486388889,36.105,2.581725235,29.94613136
Prisioneros,8,2034,-5.486388889,36.105,9.566857826,29.46126807
Prisioneros,8,2035,-5.486388889,36.105,36.84947143,31.29684429
Prisioneros,8,2036,-5.486388889,36.105,2.578896285,30.53837812
Prisioneros,8,2037,-5.486388889,36.105,0.021310936,29.65494345
Prisioneros,8,2038,-5.486388889,36.105,0.935572002,29.33933066
Prisioneros,8,2039,-5.486388889,36.105,0.039672572,30.70926081
Prisioneros,8,2040,-5.486388889,36.105,0.241266602,29.32343199
Prisioneros,8,2041,-5.486388889,36.105,0.683179846,31.41260927
Prisioneros,8,2042,-5.486388889,36.105,0.265177421,30.6030872
Prisioneros,8,2043,-5.486388889,36.105,4.11951379,32.05810724
Prisioneros,8,2044,-5.486388889,36.105,0.003536916,30.60861974
Prisioneros,8,2045,-5.486388889,36.105,0.000425266,29.93442442
Prisioneros,8,2046,-5.486388889,36.105,0.070672021,30.34302427
Prisioneros,8,2047,-5.486388889,36.105,0.000159463,30.06197313
Prisioneros,8,2048,-5.486388889,36.105,0.10255373,31.49030014
Prisioneros,8,2049,-5.486388889,36.105,9.208470594,30.16520917
Prisioneros,8,2050,-5.486388889,36.105,0.023468105,30.63025276
Prisioneros,8,2051,-5.486388889,36.105,14.16527332,28.70634785
Prisioneros,8,2052,-5.486388889,36.105,0.170269644,29.44299494
Prisioneros,8,2053,-5.486388889,36.105,0.00082694,31.14036097
Prisioneros,8,2054,-5.486388889,36.105,1.31145053,30.65571033
Prisioneros,8,2055,-5.486388889,36.105,11.87716284,29.4008285
Prisioneros,8,2056,-5.486388889,36.105,0.664530912,30.7497281
Prisioneros,8,2057,-5.486388889,36.105,4.825204296,31.09556018
Prisioneros,8,2058,-5.486388889,36.105,4.247232917,29.34504237
Prisioneros,8,2059,-5.486388889,36.105,1.668945711,33.12711044
Prisioneros,8,2060,-5.486388889,36.105,0.134225554,32.28309562
Prisioneros,8,2061,-5.486388889,36.105,9.3637545187533e-05,32.339056
Prisioneros,8,2062,-5.486388889,36.105,7.267576936,31.31500224
Prisioneros,8,2063,-5.486388889,36.105,0.428200307,29.510868
Prisioneros,8,2064,-5.486388889,36.105,0.481328415,32.23105626
Prisioneros,8,2065,-5.486388889,36.105,0.61900409,31.64090931
Prisioneros,8,2066,-5.486388889,36.105,16.55735462,32.11999394
Prisioneros,8,2067,-5.486388889,36.105,0.000275019,31.00298954
Prisioneros,8,2068,-5.486388889,36.105,1.810649662,30.80500528
Prisioneros,8,2069,-5.486388889,36.105,0.00490988,31.82514097
Prisioneros,8,2070,-5.486388889,36.105,0.583742823,31.89163385
Prisioneros,8,2071,-5.486388889,36.105,1.673870177,31.33665397
Prisioneros,8,2072,-5.486388889,36.105,0.280016199,33.32315339
Prisioneros,8,2073,-5.486388889,36.105,0.097600015,32.6024798
Prisioneros,8,2074,-5.486388889,36.105,9.68042688604848e-07,32.30241916
Prisioneros,8,2075,-5.486388889,36.105,3.749149344,32.81020902
Prisioneros,8,2076,-5.486388889,36.105,38.51590457,33.18107339
Prisioneros,8,2077,-5.486388889,36.105,0.1118123,32.38718124
Prisioneros,8,2078,-5.486388889,36.105,0.409242121,33.90477413
Prisioneros,8,2079,-5.486388889,36.105,2.189873696,32.4632655
Prisioneros,8,2080,-5.486388889,36.105,0.515244153,30.52613959
Prisioneros,8,2081,-5.486388889,36.105,0.28220519,32.46861592
Prisioneros,8,2082,-5.486388889,36.105,1.229532521,32.439638
Prisioneros,8,2083,-5.486388889,36.105,0.261361597,32.97609371
Prisioneros,8,2084,-5.486388889,36.105,2.312698588,31.70297911
Prisioneros,8,2085,-5.486388889,36.105,2.739295793,33.50633565
Prisioneros,8,2086,-5.486388889,36.105,0.000350078,32.96041654
Prisioneros,8,2087,-5.486388889,36.105,0.032501885,34.0373356
Prisioneros,8,2088,-5.486388889,36.105,4.991059156,31.6698508
Prisioneros,8,2089,-5.486388889,36.105,0.789945425,34.18651832
Prisioneros,8,2090,-5.486388889,36.105,1.633095692,32.36823967
Prisioneros,8,2091,-5.486388889,36.105,0.418263595,32.61206626
Prisioneros,8,2092,-5.486388889,36.105,18.13354041,32.38759766
Prisioneros,8,2093,-5.486388889,36.105,3.209553067,34.36798076
Prisioneros,8,2094,-5.486388889,36.105,0.138517499,33.15049183
Prisioneros,8,2095,-5.486388889,36.105,3.729535412,34.45239238
Prisioneros,8,2096,-5.486388889,36.105,6.182537798,34.08743562
Prisioneros,8,2097,-5.486388889,36.105,0.67982272,34.36771201
Prisioneros,8,2098,-5.486388889,36.105,0.027649721,33.78652442
Prisioneros,8,2099,-5.486388889,36.105,0.066407726,34.20546678
Prisioneros,8,2100,-5.486388889,36.105,0.282833944,33.97812264
Prisioneros,9,2015,-5.486388889,36.105,24.58202753,28.17008057
Prisioneros,9,2016,-5.486388889,36.105,37.54605546,26.03577881
Prisioneros,9,2017,-5.486388889,36.105,25.50284451,26.13609009
Prisioneros,9,2018,-5.486388889,36.105,0.501572489,26.3631897
Prisioneros,9,2019,-5.486388889,36.105,12.12151259,25.67644958
Prisioneros,9,2020,-5.486388889,36.105,8.109955577,26.38968913
Prisioneros,9,2021,-5.486388889,36.105,1.081440851,26.7199941
Prisioneros,9,2022,-5.486388889,36.105,25.66669773,26.26680298
Prisioneros,9,2023,-5.486388889,36.105,3.976654995,28.0550883
Prisioneros,9,2024,-5.486388889,36.105,10.29698015,27.0456899
Prisioneros,9,2025,-5.486388889,36.105,12.19918257,26.61172078
Prisioneros,9,2026,-5.486388889,36.105,3.607453282,26.42953186
Prisioneros,9,2027,-5.486388889,36.105,12.21387083,28.24796448
Prisioneros,9,2028,-5.486388889,36.105,1.182487269,25.70454407
Prisioneros,9,2029,-5.486388889,36.105,2.792029206,28.43589579
Prisioneros,9,2030,-5.486388889,36.105,29.35485501,26.81946818
Prisioneros,9,2031,-5.486388889,36.105,1.694156308,25.61610819
Prisioneros,9,2032,-5.486388889,36.105,20.72056832,27.1351888
Prisioneros,9,2033,-5.486388889,36.105,0.441626199,27.81324768
Prisioneros,9,2034,-5.486388889,36.105,14.65847128,27.11161296
Prisioneros,9,2035,-5.486388889,36.105,0.490643103,27.1522817
Prisioneros,9,2036,-5.486388889,36.105,9.737091179,27.79745382
Prisioneros,9,2037,-5.486388889,36.105,12.11040903,26.94946696
Prisioneros,9,2038,-5.486388889,36.105,4.265735066,26.71245931
Prisioneros,9,2039,-5.486388889,36.105,0.063484944,27.87415873
Prisioneros,9,2040,-5.486388889,36.105,0.997675836,27.49384359
Prisioneros,9,2041,-5.486388889,36.105,6.243610563,28.12102153
Prisioneros,9,2042,-5.486388889,36.105,0.393604048,27.88944397
Prisioneros,9,2043,-5.486388889,36.105,0.134751443,27.32833761
Prisioneros,9,2044,-5.486388889,36.105,0.428131968,26.97845866
Prisioneros,9,2045,-5.486388889,36.105,0.452685447,28.55626526
Prisioneros,9,2046,-5.486388889,36.105,0.933641432,28.80216675
Prisioneros,9,2047,-5.486388889,36.105,4.279997467,28.20157878
Prisioneros,9,2048,-5.486388889,36.105,39.37872278,27.26494853
Prisioneros,9,2049,-5.486388889,36.105,7.213631263,28.57384338
Prisioneros,9,2050,-5.486388889,36.105,2.847770313,27.72592977
Prisioneros,9,2051,-5.486388889,36.105,1.567310446,27.16494039
Prisioneros,9,2052,-5.486388889,36.105,29.04136529,26.19874471
Prisioneros,9,2053,-5.486388889,36.105,7.712829493,28.45442098
Prisioneros,9,2054,-5.486388889,36.105,0.263257031,28.06150818
Prisioneros,9,2055,-5.486388889,36.105,11.05784635,27.32621562
Prisioneros,9,2056,-5.486388889,36.105,0.469658521,28.92412821
Prisioneros,9,2057,-5.486388889,36.105,1.316594579,27.96404419
Prisioneros,9,2058,-5.486388889,36.105,0.468809955,28.21788839
Prisioneros,9,2059,-5.486388889,36.105,0.323239163,28.8844106
Prisioneros,9,2060,-5.486388889,36.105,5.917888111,28.89810791
Prisioneros,9,2061,-5.486388889,36.105,0.188906414,29.26435649
Prisioneros,9,2062,-5.486388889,36.105,2.699568223,28.2254008
Prisioneros,9,2063,-5.486388889,36.105,24.37114203,28.86281535
Prisioneros,9,2064,-5.486388889,36.105,39.4063265,28.49304708
Prisioneros,9,2065,-5.486388889,36.105,20.13108734,28.29749552
Prisioneros,9,2066,-5.486388889,36.105,10.70872998,27.86603394
Prisioneros,9,2067,-5.486388889,36.105,0.15199471,29.16178589
Prisioneros,9,2068,-5.486388889,36.105,7.89527079,29.05811056
Prisioneros,9,2069,-5.486388889,36.105,0.289202034,29.60142415
Prisioneros,9,2070,-5.486388889,36.105,27.41402058,28.40534058
Prisioneros,9,2071,-5.486388889,36.105,7.007074428,30.59929606
Prisioneros,9,2072,-5.486388889,36.105,21.08070692,29.85851644
Prisioneros,9,2073,-5.486388889,36.105,2.668480198,30.20354818
Prisioneros,9,2074,-5.486388889,36.105,0.526170779,28.98249715
Prisioneros,9,2075,-5.486388889,36.105,0.402351021,30.06758423
Prisioneros,9,2076,-5.486388889,36.105,2.185485595,28.98104757
Prisioneros,9,2077,-5.486388889,36.105,4.912110256,29.67669983
Prisioneros,9,2078,-5.486388889,36.105,0.462984497,29.80364787
Prisioneros,9,2079,-5.486388889,36.105,1.268584059,30.93521525
Prisioneros,9,2080,-5.486388889,36.105,0.610174426,30.96680603
Prisioneros,9,2081,-5.486388889,36.105,2.118527629,29.23026225
Prisioneros,9,2082,-5.486388889,36.105,0.20645201,29.20042521
Prisioneros,9,2083,-5.486388889,36.105,0.510018919,28.66883138
Prisioneros,9,2084,-5.486388889,36.105,0.644752463,30.47372843
Prisioneros,9,2085,-5.486388889,36.105,13.883686,30.92859192
Prisioneros,9,2086,-5.486388889,36.105,19.08855294,30.58023682
Prisioneros,9,2087,-5.486388889,36.105,37.14148656,30.32559102
Prisioneros,9,2088,-5.486388889,36.105,30.53807447,27.91426697
Prisioneros,9,2089,-5.486388889,36.105,11.0216371,31.09054464
Prisioneros,9,2090,-5.486388889,36.105,0.151866505,31.16981506
Prisioneros,9,2091,-5.486388889,36.105,0.581469763,30.23451945
Prisioneros,9,2092,-5.486388889,36.105,2.211460355,29.29584045
Prisioneros,9,2093,-5.486388889,36.105,2.358863796,28.94935506
Prisioneros,9,2094,-5.486388889,36.105,105.4654239,29.73106181
Prisioneros,9,2095,-5.486388889,36.105,0.576478096,30.090743
Prisioneros,9,2096,-5.486388889,36.105,5.130735151,30.03265483
Prisioneros,9,2097,-5.486388889,36.105,12.03046667,32.39900004
Prisioneros,9,2098,-5.486388889,36.105,0.191025332,31.92960307
Prisioneros,9,2099,-5.486388889,36.105,8.306170804,31.99019877
Prisioneros,9,2100,-5.486388889,36.105,6.930656071,32.93994548
Retin,1,2015,-5.823611,36.198056,49.72905653,17.94166791
Retin,1,2016,-5.823611,36.198056,38.74718134,16.70481902
Retin,1,2017,-5.823611,36.198056,200.1230891,18.78475145
Retin,1,2018,-5.823611,36.198056,123.1025422,15.2102098
Retin,1,2019,-5.823611,36.198056,24.81484505,16.73945844
Retin,1,2020,-5.823611,36.198056,240.3910603,17.13590147
Retin,1,2021,-5.823611,36.198056,53.06857622,16.67655581
Retin,1,2022,-5.823611,36.198056,228.8520963,17.07765424
Retin,1,2023,-5.823611,36.198056,100.2021665,17.02001343
Retin,1,2024,-5.823611,36.198056,243.1637298,16.91102236
Retin,1,2025,-5.823611,36.198056,205.8457633,17.31040689
Retin,1,2026,-5.823611,36.198056,153.0187309,17.68368904
Retin,1,2027,-5.823611,36.198056,78.68985511,16.04736013
Retin,1,2028,-5.823611,36.198056,56.97746027,16.28520331
Retin,1,2029,-5.823611,36.198056,23.4505916,16.98295721
Retin,1,2030,-5.823611,36.198056,229.1626478,17.3540805
Retin,1,2031,-5.823611,36.198056,489.8903648,19.1625
Retin,1,2032,-5.823611,36.198056,129.0241607,16.71409735
Retin,1,2033,-5.823611,36.198056,25.04430707,16.62272083
Retin,1,2034,-5.823611,36.198056,57.1360638,17.96391031
Retin,1,2035,-5.823611,36.198056,31.04984059,15.33105055
Retin,1,2036,-5.823611,36.198056,116.0493314,18.57261983
Retin,1,2037,-5.823611,36.198056,3.071600274,17.44380513
Retin,1,2038,-5.823611,36.198056,146.8452231,17.44995983
Retin,1,2039,-5.823611,36.198056,6.111233108,18.34179766
Retin,1,2040,-5.823611,36.198056,89.01611071,19.67674186
Retin,1,2041,-5.823611,36.198056,40.01769455,17.68848621
Retin,1,2042,-5.823611,36.198056,24.22610293,17.12428609
Retin,1,2043,-5.823611,36.198056,50.7544826,18.77081378
Retin,1,2044,-5.823611,36.198056,12.23279219,17.39221369
Retin,1,2045,-5.823611,36.198056,21.19698057,18.85575699
Retin,1,2046,-5.823611,36.198056,35.25764349,19.08629662
Retin,1,2047,-5.823611,36.198056,44.74779479,18.41500146
Retin,1,2048,-5.823611,36.198056,68.56554858,19.28371188
Retin,1,2049,-5.823611,36.198056,35.89458113,18.52754536
Retin,1,2050,-5.823611,36.198056,137.2569515,18.49339226
Retin,1,2051,-5.823611,36.198056,61.94504599,16.74338832
Retin,1,2052,-5.823611,36.198056,76.91554705,17.8161629
Retin,1,2053,-5.823611,36.198056,110.669672,18.01417276
Retin,1,2054,-5.823611,36.198056,21.05875049,17.45774083
Retin,1,2055,-5.823611,36.198056,93.73419799,17.21474117
Retin,1,2056,-5.823611,36.198056,73.4615249,16.2383982
Retin,1,2057,-5.823611,36.198056,61.60433351,18.69526111
Retin,1,2058,-5.823611,36.198056,43.16726067,19.15984103
Retin,1,2059,-5.823611,36.198056,10.85982009,18.98871322
Retin,1,2060,-5.823611,36.198056,22.57803506,19.66672915
Retin,1,2061,-5.823611,36.198056,73.26687041,19.81468427
Retin,1,2062,-5.823611,36.198056,55.08007596,18.49307231
Retin,1,2063,-5.823611,36.198056,127.4021938,17.60399386
Retin,1,2064,-5.823611,36.198056,182.4792974,18.75531675
Retin,1,2065,-5.823611,36.198056,77.40068947,18.9641574
Retin,1,2066,-5.823611,36.198056,87.94481044,19.44514889
Retin,1,2067,-5.823611,36.198056,87.95485745,17.71004836
Retin,1,2068,-5.823611,36.198056,27.48930456,18.06784333
Retin,1,2069,-5.823611,36.198056,110.7206458,17.91216726
Retin,1,2070,-5.823611,36.198056,111.7230649,19.42586079
Retin,1,2071,-5.823611,36.198056,64.04783599,18.17641897
Retin,1,2072,-5.823611,36.198056,12.75331727,20.00599405
Retin,1,2073,-5.823611,36.198056,136.8615983,18.38759273
Retin,1,2074,-5.823611,36.198056,29.10096956,19.84630344
Retin,1,2075,-5.823611,36.198056,19.29918961,17.9559334
Retin,1,2076,-5.823611,36.198056,192.7657381,20.49910003
Retin,1,2077,-5.823611,36.198056,76.29181524,18.9031882
Retin,1,2078,-5.823611,36.198056,22.70129148,17.92842821
Retin,1,2079,-5.823611,36.198056,26.5925465,19.18734623
Retin,1,2080,-5.823611,36.198056,39.23773484,17.34175435
Retin,1,2081,-5.823611,36.198056,10.41773445,19.09349483
Retin,1,2082,-5.823611,36.198056,144.4762518,20.36451554
Retin,1,2083,-5.823611,36.198056,35.28512583,19.74857926
Retin,1,2084,-5.823611,36.198056,187.3800266,19.73338249
Retin,1,2085,-5.823611,36.198056,101.3971728,20.84184098
Retin,1,2086,-5.823611,36.198056,51.03694329,18.21304794
Retin,1,2087,-5.823611,36.198056,242.9984627,19.80655281
Retin,1,2088,-5.823611,36.198056,74.71194701,16.99713804
Retin,1,2089,-5.823611,36.198056,35.33380064,18.68706468
Retin,1,2090,-5.823611,36.198056,41.72543792,20.56653206
Retin,1,2091,-5.823611,36.198056,72.94084339,20.30023764
Retin,1,2092,-5.823611,36.198056,98.77719865,20.15428191
Retin,1,2093,-5.823611,36.198056,107.4260909,19.01276796
Retin,1,2094,-5.823611,36.198056,35.1500512,20.66896973
Retin,1,2095,-5.823611,36.198056,43.45917027,20.55323329
Retin,1,2096,-5.823611,36.198056,27.21566292,20.7980768
Retin,1,2097,-5.823611,36.198056,177.1061379,19.52828172
Retin,1,2098,-5.823611,36.198056,33.36441191,20.53920111
Retin,1,2099,-5.823611,36.198056,27.3734636,20.59645602
Retin,1,2100,-5.823611,36.198056,7.507399759,20.72880288
Retin,10,2015,-5.823611,36.198056,12.37612002,25.1928896
Retin,10,2016,-5.823611,36.198056,44.18550649,24.0000382
Retin,10,2017,-5.823611,36.198056,20.29658792,22.65851106
Retin,10,2018,-5.823611,36.198056,2.52326461,23.90514034
Retin,10,2019,-5.823611,36.198056,55.2358949,23.43195742
Retin,10,2020,-5.823611,36.198056,7.814255928,23.07541071
Retin,10,2021,-5.823611,36.198056,4.499712779,23.6679213
Retin,10,2022,-5.823611,36.198056,7.951066088,25.34114203
Retin,10,2023,-5.823611,36.198056,10.2431229,24.24216565
Retin,10,2024,-5.823611,36.198056,13.82115624,23.62249835
Retin,10,2025,-5.823611,36.198056,47.46089536,23.8080718
Retin,10,2026,-5.823611,36.198056,42.20781446,23.32754202
Retin,10,2027,-5.823611,36.198056,12.85358273,23.3981656
Retin,10,2028,-5.823611,36.198056,1.974694176,24.55411928
Retin,10,2029,-5.823611,36.198056,0.336841513,24.17013825
Retin,10,2030,-5.823611,36.198056,39.17878879,24.62599605
Retin,10,2031,-5.823611,36.198056,35.83542756,24.46546572
Retin,10,2032,-5.823611,36.198056,70.60247728,22.48073534
Retin,10,2033,-5.823611,36.198056,62.99923921,24.91834855
Retin,10,2034,-5.823611,36.198056,11.86679885,24.04030663
Retin,10,2035,-5.823611,36.198056,1.083217492,24.70913972
Retin,10,2036,-5.823611,36.198056,11.37343897,24.86344939
Retin,10,2037,-5.823611,36.198056,57.25294303,23.48787743
Retin,10,2038,-5.823611,36.198056,14.93259738,22.73719522
Retin,10,2039,-5.823611,36.198056,3.421313691,24.55812398
Retin,10,2040,-5.823611,36.198056,40.60714725,24.25764692
Retin,10,2041,-5.823611,36.198056,27.40345816,25.06004855
Retin,10,2042,-5.823611,36.198056,10.34153787,24.36681125
Retin,10,2043,-5.823611,36.198056,8.11206702,24.55763176
Retin,10,2044,-5.823611,36.198056,12.10651808,23.57119141
Retin,10,2045,-5.823611,36.198056,0.058167514,24.72931676
Retin,10,2046,-5.823611,36.198056,1.25459274,24.28340966
Retin,10,2047,-5.823611,36.198056,72.09281269,24.14774131
Retin,10,2048,-5.823611,36.198056,2.016748451,25.32585174
Retin,10,2049,-5.823611,36.198056,14.44872082,24.28545434
Retin,10,2050,-5.823611,36.198056,16.11313572,23.53092199
Retin,10,2051,-5.823611,36.198056,0.16364453,24.27827877
Retin,10,2052,-5.823611,36.198056,0.395685886,24.42219081
Retin,10,2053,-5.823611,36.198056,23.56609607,24.17645146
Retin,10,2054,-5.823611,36.198056,4.55003555,24.57831972
Retin,10,2055,-5.823611,36.198056,10.36791995,24.25239789
Retin,10,2056,-5.823611,36.198056,11.93002333,24.84773284
Retin,10,2057,-5.823611,36.198056,22.64660349,23.45423328
Retin,10,2058,-5.823611,36.198056,109.3157935,24.82251548
Retin,10,2059,-5.823611,36.198056,11.80605877,24.70088521
Retin,10,2060,-5.823611,36.198056,16.73986383,25.6426557
Retin,10,2061,-5.823611,36.198056,20.7500956,25.8094953
Retin,10,2062,-5.823611,36.198056,28.28843095,23.43993333
Retin,10,2063,-5.823611,36.198056,7.092656565,25.49303195
Retin,10,2064,-5.823611,36.198056,16.83264739,23.75932243
Retin,10,2065,-5.823611,36.198056,1.15512658,25.59409731
Retin,10,2066,-5.823611,36.198056,2.75230292,24.6659731
Retin,10,2067,-5.823611,36.198056,27.58762705,25.39232394
Retin,10,2068,-5.823611,36.198056,7.172744911,24.89378091
Retin,10,2069,-5.823611,36.198056,8.799946119,25.31501209
Retin,10,2070,-5.823611,36.198056,3.850338857,23.94147989
Retin,10,2071,-5.823611,36.198056,57.66236283,25.38073415
Retin,10,2072,-5.823611,36.198056,5.801145099,26.02508821
Retin,10,2073,-5.823611,36.198056,23.10348175,25.90302282
Retin,10,2074,-5.823611,36.198056,3.897902674,26.64370511
Retin,10,2075,-5.823611,36.198056,19.808965,27.18658428
Retin,10,2076,-5.823611,36.198056,17.98021164,25.60825254
Retin,10,2077,-5.823611,36.198056,14.18726561,26.1944903
Retin,10,2078,-5.823611,36.198056,10.83816006,24.45440457
Retin,10,2079,-5.823611,36.198056,0.458800902,26.27252178
Retin,10,2080,-5.823611,36.198056,26.91380297,25.92195356
Retin,10,2081,-5.823611,36.198056,16.07937167,25.56822923
Retin,10,2082,-5.823611,36.198056,1.987487788,25.66063351
Retin,10,2083,-5.823611,36.198056,0.607860799,26.93284636
Retin,10,2084,-5.823611,36.198056,26.5002021,26.22663318
Retin,10,2085,-5.823611,36.198056,36.2241157,27.27136506
Retin,10,2086,-5.823611,36.198056,31.41913297,25.0542069
Retin,10,2087,-5.823611,36.198056,16.4208227,26.78917551
Retin,10,2088,-5.823611,36.198056,0.292950778,27.36145197
Retin,10,2089,-5.823611,36.198056,66.93298606,25.40902001
Retin,10,2090,-5.823611,36.198056,6.665967441,27.00878001
Retin,10,2091,-5.823611,36.198056,38.94751268,25.05509388
Retin,10,2092,-5.823611,36.198056,0.738709299,27.19584784
Retin,10,2093,-5.823611,36.198056,24.16457137,26.51681007
Retin,10,2094,-5.823611,36.198056,1.630588089,26.72842191
Retin,10,2095,-5.823611,36.198056,0.220842174,26.93195545
Retin,10,2096,-5.823611,36.198056,54.12420823,23.45871346
Retin,10,2097,-5.823611,36.198056,16.99968212,27.53624189
Retin,10,2098,-5.823611,36.198056,1.463791494,27.91275989
Retin,10,2099,-5.823611,36.198056,0.316171897,26.74982457
Retin,10,2100,-5.823611,36.198056,11.66136409,28.62821892
Retin,11,2015,-5.823611,36.198056,182.4267585,19.24752096
Retin,11,2016,-5.823611,36.198056,9.371200779,19.82614644
Retin,11,2017,-5.823611,36.198056,89.33413917,19.15717367
Retin,11,2018,-5.823611,36.198056,22.30921981,19.86667786
Retin,11,2019,-5.823611,36.198056,40.9057158,19.81118266
Retin,11,2020,-5.823611,36.198056,19.08607848,20.86202393
Retin,11,2021,-5.823611,36.198056,32.67604575,20.22105713
Retin,11,2022,-5.823611,36.198056,20.83425483,20.91120911
Retin,11,2023,-5.823611,36.198056,14.80499818,21.16497294
Retin,11,2024,-5.823611,36.198056,220.0242247,19.26984049
Retin,11,2025,-5.823611,36.198056,46.31567076,17.54557292
Retin,11,2026,-5.823611,36.198056,13.69275162,18.72352397
Retin,11,2027,-5.823611,36.198056,132.1962225,19.58795166
Retin,11,2028,-5.823611,36.198056,6.692370409,20.79804586
Retin,11,2029,-5.823611,36.198056,91.06831086,17.83311157
Retin,11,2030,-5.823611,36.198056,3.572666614,22.71667786
Retin,11,2031,-5.823611,36.198056,16.63311207,21.23199361
Retin,11,2032,-5.823611,36.198056,26.39827936,19.65681864
Retin,11,2033,-5.823611,36.198056,29.78371099,19.23155111
Retin,11,2034,-5.823611,36.198056,80.19300693,19.13440348
Retin,11,2035,-5.823611,36.198056,34.10288377,21.2728658
Retin,11,2036,-5.823611,36.198056,24.56398111,19.75728455
Retin,11,2037,-5.823611,36.198056,29.6071171,19.4903422
Retin,11,2038,-5.823611,36.198056,148.1884403,20.24668783
Retin,11,2039,-5.823611,36.198056,21.65395576,20.74826762
Retin,11,2040,-5.823611,36.198056,31.06868872,19.89126485
Retin,11,2041,-5.823611,36.198056,37.34703539,19.17488607
Retin,11,2042,-5.823611,36.198056,157.4309236,20.58994853
Retin,11,2043,-5.823611,36.198056,130.9171432,21.02472839
Retin,11,2044,-5.823611,36.198056,1.650858184,20.23444316
Retin,11,2045,-5.823611,36.198056,13.38517691,21.96685994
Retin,11,2046,-5.823611,36.198056,159.2809236,20.43553874
Retin,11,2047,-5.823611,36.198056,45.8157826,19.95514323
Retin,11,2048,-5.823611,36.198056,51.9603584,19.81430461
Retin,11,2049,-5.823611,36.198056,6.780534604,20.00665588
Retin,11,2050,-5.823611,36.198056,17.43454485,21.8307017
Retin,11,2051,-5.823611,36.198056,67.4020418,21.51361491
Retin,11,2052,-5.823611,36.198056,87.79191852,19.79025574
Retin,11,2053,-5.823611,36.198056,43.0143962,20.48165588
Retin,11,2054,-5.823611,36.198056,0.667327721,21.21924438
Retin,11,2055,-5.823611,36.198056,36.01822344,20.05091858
Retin,11,2056,-5.823611,36.198056,110.9831911,21.49181112
Retin,11,2057,-5.823611,36.198056,27.90290481,20.86201274
Retin,11,2058,-5.823611,36.198056,43.1288041,20.51632996
Retin,11,2059,-5.823611,36.198056,1.671880602,22.48670858
Retin,11,2060,-5.823611,36.198056,33.17874486,21.68725281
Retin,11,2061,-5.823611,36.198056,2.913059162,21.50735067
Retin,11,2062,-5.823611,36.198056,19.64062014,21.63124186
Retin,11,2063,-5.823611,36.198056,52.99912353,20.91130676
Retin,11,2064,-5.823611,36.198056,9.573291419,19.98453979
Retin,11,2065,-5.823611,36.198056,39.53943526,20.78220317
Retin,11,2066,-5.823611,36.198056,34.70776958,21.27582601
Retin,11,2067,-5.823611,36.198056,45.32905431,21.40060832
Retin,11,2068,-5.823611,36.198056,85.08118523,19.07708944
Retin,11,2069,-5.823611,36.198056,24.86164657,22.07705078
Retin,11,2070,-5.823611,36.198056,17.19775212,20.36112569
Retin,11,2071,-5.823611,36.198056,7.149445096,20.86259664
Retin,11,2072,-5.823611,36.198056,2.190445919,23.08274434
Retin,11,2073,-5.823611,36.198056,35.6163643,21.00340169
Retin,11,2074,-5.823611,36.198056,2.313077287,21.95812988
Retin,11,2075,-5.823611,36.198056,50.87675487,23.26003418
Retin,11,2076,-5.823611,36.198056,8.293493542,23.14577637
Retin,11,2077,-5.823611,36.198056,32.77377316,22.0608429
Retin,11,2078,-5.823611,36.198056,0.334884277,21.36850179
Retin,11,2079,-5.823611,36.198056,4.82946637,23.31637472
Retin,11,2080,-5.823611,36.198056,10.52002988,23.79721985
Retin,11,2081,-5.823611,36.198056,5.816855273,23.00645549
Retin,11,2082,-5.823611,36.198056,39.03505728,22.61429342
Retin,11,2083,-5.823611,36.198056,41.86010611,21.51568909
Retin,11,2084,-5.823611,36.198056,36.11933991,21.83999227
Retin,11,2085,-5.823611,36.198056,25.39405044,22.40009257
Retin,11,2086,-5.823611,36.198056,45.28861063,22.89809367
Retin,11,2087,-5.823611,36.198056,5.852710678,22.43766073
Retin,11,2088,-5.823611,36.198056,30.34574377,21.70735881
Retin,11,2089,-5.823611,36.198056,36.14414359,21.14086812
Retin,11,2090,-5.823611,36.198056,2.965639627,22.99570719
Retin,11,2091,-5.823611,36.198056,1.530143422,22.03983561
Retin,11,2092,-5.823611,36.198056,24.06705728,23.07287598
Retin,11,2093,-5.823611,36.198056,8.27791349,23.47692057
Retin,11,2094,-5.823611,36.198056,3.906200698,24.44195557
Retin,11,2095,-5.823611,36.198056,0.886546031,23.48081868
Retin,11,2096,-5.823611,36.198056,39.80478752,23.01995239
Retin,11,2097,-5.823611,36.198056,7.531495869,24.38914286
Retin,11,2098,-5.823611,36.198056,42.07209086,23.08532613
Retin,11,2099,-5.823611,36.198056,4.631652742,23.15675456
Retin,11,2100,-5.823611,36.198056,22.17224963,23.22208659
Retin,12,2015,-5.823611,36.198056,99.31543004,17.61786755
Retin,12,2016,-5.823611,36.198056,57.74650673,17.82651978
Retin,12,2017,-5.823611,36.198056,97.35866821,18.12538866
Retin,12,2018,-5.823611,36.198056,68.50222824,16.8918396
Retin,12,2019,-5.823611,36.198056,14.66540693,16.34363561
Retin,12,2020,-5.823611,36.198056,78.26989612,17.93115571
Retin,12,2021,-5.823611,36.198056,82.86942202,17.50657979
Retin,12,2022,-5.823611,36.198056,18.44426059,18.4545798
Retin,12,2023,-5.823611,36.198056,238.5585497,17.47300848
Retin,12,2024,-5.823611,36.198056,259.5075614,18.46495768
Retin,12,2025,-5.823611,36.198056,50.05623588,16.86059846
Retin,12,2026,-5.823611,36.198056,130.0152303,17.52622622
Retin,12,2027,-5.823611,36.198056,238.0137492,17.11126591
Retin,12,2028,-5.823611,36.198056,31.88209177,18.95953573
Retin,12,2029,-5.823611,36.198056,146.6386158,17.88751989
Retin,12,2030,-5.823611,36.198056,24.54513541,19.15727132
Retin,12,2031,-5.823611,36.198056,51.86860245,17.94919886
Retin,12,2032,-5.823611,36.198056,31.54739637,17.40864766
Retin,12,2033,-5.823611,36.198056,29.96533126,18.91998862
Retin,12,2034,-5.823611,36.198056,256.1917358,17.40300706
Retin,12,2035,-5.823611,36.198056,59.83210935,18.54268405
Retin,12,2036,-5.823611,36.198056,50.47364393,17.8517863
Retin,12,2037,-5.823611,36.198056,1.870687623,17.90901706
Retin,12,2038,-5.823611,36.198056,30.70371765,18.99552455
Retin,12,2039,-5.823611,36.198056,138.0433807,20.15733268
Retin,12,2040,-5.823611,36.198056,31.16902867,18.68703824
Retin,12,2041,-5.823611,36.198056,35.93514071,17.94570805
Retin,12,2042,-5.823611,36.198056,81.90089016,19.85806353
Retin,12,2043,-5.823611,36.198056,205.1180326,18.98364337
Retin,12,2044,-5.823611,36.198056,50.41115969,19.49297791
Retin,12,2045,-5.823611,36.198056,50.04408006,18.47322407
Retin,12,2046,-5.823611,36.198056,71.6894042,17.90215651
Retin,12,2047,-5.823611,36.198056,82.67083017,20.68596999
Retin,12,2048,-5.823611,36.198056,107.7964631,19.75441284
Retin,12,2049,-5.823611,36.198056,38.81163333,18.63877111
Retin,12,2050,-5.823611,36.198056,74.10175788,18.52730509
Retin,12,2051,-5.823611,36.198056,75.35518179,18.40514133
Retin,12,2052,-5.823611,36.198056,67.09565409,16.11522725
Retin,12,2053,-5.823611,36.198056,137.9827752,18.4496645
Retin,12,2054,-5.823611,36.198056,12.37967585,18.68437815
Retin,12,2055,-5.823611,36.198056,118.1436646,16.92167693
Retin,12,2056,-5.823611,36.198056,3.893583182,18.43902893
Retin,12,2057,-5.823611,36.198056,319.6256451,18.87815394
Retin,12,2058,-5.823611,36.198056,9.249486388,19.57988596
Retin,12,2059,-5.823611,36.198056,186.1506713,18.29855327
Retin,12,2060,-5.823611,36.198056,19.53865951,19.32960584
Retin,12,2061,-5.823611,36.198056,4.967839026,18.99288921
Retin,12,2062,-5.823611,36.198056,22.14817659,18.63716647
Retin,12,2063,-5.823611,36.198056,18.77763902,19.19976196
Retin,12,2064,-5.823611,36.198056,53.97049897,19.0659668
Retin,12,2065,-5.823611,36.198056,21.92443859,20.09447927
Retin,12,2066,-5.823611,36.198056,140.4134827,18.76784077
Retin,12,2067,-5.823611,36.198056,75.0866945,19.25009234
Retin,12,2068,-5.823611,36.198056,40.12730217,19.23935954
Retin,12,2069,-5.823611,36.198056,74.16807258,19.42709429
Retin,12,2070,-5.823611,36.198056,46.85769512,19.02002055
Retin,12,2071,-5.823611,36.198056,95.23164472,18.0479823
Retin,12,2072,-5.823611,36.198056,100.2049486,17.8001943
Retin,12,2073,-5.823611,36.198056,20.24167046,18.80575148
Retin,12,2074,-5.823611,36.198056,79.36807138,19.20689914
Retin,12,2075,-5.823611,36.198056,47.0629694,18.68283849
Retin,12,2076,-5.823611,36.198056,27.08837145,20.19711202
Retin,12,2077,-5.823611,36.198056,167.5536036,20.69102212
Retin,12,2078,-5.823611,36.198056,44.76938828,20.64342651
Retin,12,2079,-5.823611,36.198056,71.73295939,21.39024186
Retin,12,2080,-5.823611,36.198056,21.59766894,19.06188249
Retin,12,2081,-5.823611,36.198056,84.37114214,22.14545446
Retin,12,2082,-5.823611,36.198056,20.62966111,20.63068198
Retin,12,2083,-5.823611,36.198056,30.52986511,20.84588111
Retin,12,2084,-5.823611,36.198056,125.228623,20.85760193
Retin,12,2085,-5.823611,36.198056,28.75638928,20.83147681
Retin,12,2086,-5.823611,36.198056,161.8570363,19.25362943
Retin,12,2087,-5.823611,36.198056,88.32117845,19.61002945
Retin,12,2088,-5.823611,36.198056,76.30657124,20.47789103
Retin,12,2089,-5.823611,36.198056,29.03051947,20.48896721
Retin,12,2090,-5.823611,36.198056,11.38898314,21.95431112
Retin,12,2091,-5.823611,36.198056,21.44762663,18.11217061
Retin,12,2092,-5.823611,36.198056,142.4533013,21.03610433
Retin,12,2093,-5.823611,36.198056,103.8107704,20.69987813
Retin,12,2094,-5.823611,36.198056,38.1335423,20.7941991
Retin,12,2095,-5.823611,36.198056,33.20415548,21.38904872
Retin,12,2096,-5.823611,36.198056,72.77084543,21.40380046
Retin,12,2097,-5.823611,36.198056,29.28923892,21.56037046
Retin,12,2098,-5.823611,36.198056,3.471413989,21.31357186
Retin,12,2099,-5.823611,36.198056,144.1190037,20.7165358
Retin,12,2100,-5.823611,36.198056,9.582186988,20.46112976
Retin,2,2015,-5.823611,36.198056,63.84424322,18.37862658
Retin,2,2016,-5.823611,36.198056,10.46413852,17.39239207
Retin,2,2017,-5.823611,36.198056,7.399380699,18.32642081
Retin,2,2018,-5.823611,36.198056,3.229036964,17.3473635
Retin,2,2019,-5.823611,36.198056,102.5907294,18.47630027
Retin,2,2020,-5.823611,36.198056,129.6566728,19.02775963
Retin,2,2021,-5.823611,36.198056,12.22188986,17.07035435
Retin,2,2022,-5.823611,36.198056,16.68487175,16.7901038
Retin,2,2023,-5.823611,36.198056,16.60168536,18.63750174
Retin,2,2024,-5.823611,36.198056,25.26074205,17.60133646
Retin,2,2025,-5.823611,36.198056,152.9556081,17.98776616
Retin,2,2026,-5.823611,36.198056,10.90174959,17.82072056
Retin,2,2027,-5.823611,36.198056,21.64862622,17.89978943
Retin,2,2028,-5.823611,36.198056,40.48539133,17.29362561
Retin,2,2029,-5.823611,36.198056,48.72548152,17.76304779
Retin,2,2030,-5.823611,36.198056,63.7457378,16.76564178
Retin,2,2031,-5.823611,36.198056,46.05016362,18.97739454
Retin,2,2032,-5.823611,36.198056,19.94340294,19.55560219
Retin,2,2033,-5.823611,36.198056,2.231866842,19.95511126
Retin,2,2034,-5.823611,36.198056,8.55211508,19.95592433
Retin,2,2035,-5.823611,36.198056,209.1915479,18.06773529
Retin,2,2036,-5.823611,36.198056,95.96020834,19.12814457
Retin,2,2037,-5.823611,36.198056,5.483608201,18.47547193
Retin,2,2038,-5.823611,36.198056,122.7995586,15.58963274
Retin,2,2039,-5.823611,36.198056,91.67113698,17.53382263
Retin,2,2040,-5.823611,36.198056,14.75331078,18.01038566
Retin,2,2041,-5.823611,36.198056,88.86683386,17.15075945
Retin,2,2042,-5.823611,36.198056,43.562953,19.66448582
Retin,2,2043,-5.823611,36.198056,118.2502336,17.6373873
Retin,2,2044,-5.823611,36.198056,7.430568378,18.30984834
Retin,2,2045,-5.823611,36.198056,36.70812048,16.24863913
Retin,2,2046,-5.823611,36.198056,22.49935339,19.66775883
Retin,2,2047,-5.823611,36.198056,26.42368788,18.00972355
Retin,2,2048,-5.823611,36.198056,48.28184564,17.24038086
Retin,2,2049,-5.823611,36.198056,128.0472203,16.73270024
Retin,2,2050,-5.823611,36.198056,5.168183041,18.0029214
Retin,2,2051,-5.823611,36.198056,6.111762216,19.01293008
Retin,2,2052,-5.823611,36.198056,23.70077895,18.75190914
Retin,2,2053,-5.823611,36.198056,1.280420798,18.31902357
Retin,2,2054,-5.823611,36.198056,5.467968884,17.95039302
Retin,2,2055,-5.823611,36.198056,32.40146558,18.17749612
Retin,2,2056,-5.823611,36.198056,0.975037259,17.9308137
Retin,2,2057,-5.823611,36.198056,36.40302221,18.13017317
Retin,2,2058,-5.823611,36.198056,41.29590132,17.34875968
Retin,2,2059,-5.823611,36.198056,23.50421699,19.90556815
Retin,2,2060,-5.823611,36.198056,54.62046737,17.83995972
Retin,2,2061,-5.823611,36.198056,24.3080138,19.49833396
Retin,2,2062,-5.823611,36.198056,5.449706232,17.87075849
Retin,2,2063,-5.823611,36.198056,17.37075728,18.69330314
Retin,2,2064,-5.823611,36.198056,74.96599772,18.77699459
Retin,2,2065,-5.823611,36.198056,3.000299901,18.71734772
Retin,2,2066,-5.823611,36.198056,30.38708616,19.33625837
Retin,2,2067,-5.823611,36.198056,1.442317387,19.33624529
Retin,2,2068,-5.823611,36.198056,0.812167861,20.39811149
Retin,2,2069,-5.823611,36.198056,51.80851816,17.5951379
Retin,2,2070,-5.823611,36.198056,362.106525,18.86268332
Retin,2,2071,-5.823611,36.198056,10.22657363,18.33682295
Retin,2,2072,-5.823611,36.198056,9.420084327,20.58119591
Retin,2,2073,-5.823611,36.198056,102.0538918,19.86106589
Retin,2,2074,-5.823611,36.198056,91.26781006,18.21816079
Retin,2,2075,-5.823611,36.198056,5.941491045,18.28983132
Retin,2,2076,-5.823611,36.198056,20.44906923,18.98912332
Retin,2,2077,-5.823611,36.198056,3.055023841,20.67952554
Retin,2,2078,-5.823611,36.198056,70.67244974,18.66338283
Retin,2,2079,-5.823611,36.198056,3.667198947,20.19682356
Retin,2,2080,-5.823611,36.198056,172.2014147,20.44130438
Retin,2,2081,-5.823611,36.198056,28.48177388,19.68199746
Retin,2,2082,-5.823611,36.198056,16.74508914,20.85312042
Retin,2,2083,-5.823611,36.198056,149.7711502,19.4527189
Retin,2,2084,-5.823611,36.198056,16.26723457,19.71650559
Retin,2,2085,-5.823611,36.198056,10.96460572,18.29768088
Retin,2,2086,-5.823611,36.198056,82.03924436,18.63764452
Retin,2,2087,-5.823611,36.198056,217.2631732,18.59025508
Retin,2,2088,-5.823611,36.198056,51.53810554,20.89819041
Retin,2,2089,-5.823611,36.198056,9.840562775,20.92608577
Retin,2,2090,-5.823611,36.198056,478.9314787,19.6377012
Retin,2,2091,-5.823611,36.198056,2.810381968,19.76884504
Retin,2,2092,-5.823611,36.198056,29.96429761,18.91759644
Retin,2,2093,-5.823611,36.198056,9.714728257,20.14156494
Retin,2,2094,-5.823611,36.198056,63.91886804,21.93419473
Retin,2,2095,-5.823611,36.198056,45.95298105,18.35296456
Retin,2,2096,-5.823611,36.198056,80.0746709,19.91884345
Retin,2,2097,-5.823611,36.198056,105.4746254,20.95683223
Retin,2,2098,-5.823611,36.198056,24.67465398,19.39481942
Retin,2,2099,-5.823611,36.198056,38.09362359,19.9825967
Retin,2,2100,-5.823611,36.198056,52.17524093,21.32203282
Retin,3,2015,-5.823611,36.198056,58.27834321,18.23577172
Retin,3,2016,-5.823611,36.198056,25.55470856,20.06851669
Retin,3,2017,-5.823611,36.198056,40.23141098,18.55196829
Retin,3,2018,-5.823611,36.198056,7.929612883,19.28521906
Retin,3,2019,-5.823611,36.198056,28.59202199,19.28935665
Retin,3,2020,-5.823611,36.198056,35.91192121,18.20180172
Retin,3,2021,-5.823611,36.198056,27.03039757,18.96175439
Retin,3,2022,-5.823611,36.198056,1.402204435,20.11697466
Retin,3,2023,-5.823611,36.198056,38.37078784,20.18033703
Retin,3,2024,-5.823611,36.198056,16.45163134,17.76375142
Retin,3,2025,-5.823611,36.198056,125.7179099,18.19104181
Retin,3,2026,-5.823611,36.198056,10.95777051,18.12756328
Retin,3,2027,-5.823611,36.198056,34.84077533,17.87222467
Retin,3,2028,-5.823611,36.198056,17.12960836,19.73730843
Retin,3,2029,-5.823611,36.198056,10.42480498,18.37048123
Retin,3,2030,-5.823611,36.198056,51.06843764,17.69688642
Retin,3,2031,-5.823611,36.198056,15.7725844,18.73363844
Retin,3,2032,-5.823611,36.198056,12.0754002,19.08881285
Retin,3,2033,-5.823611,36.198056,4.919686403,20.0696232
Retin,3,2034,-5.823611,36.198056,0.258090077,21.49275631
Retin,3,2035,-5.823611,36.198056,126.9287414,18.87181121
Retin,3,2036,-5.823611,36.198056,16.131556,20.07861604
Retin,3,2037,-5.823611,36.198056,18.18556211,19.61844345
Retin,3,2038,-5.823611,36.198056,44.37956694,19.66996007
Retin,3,2039,-5.823611,36.198056,2.492405906,21.44221231
Retin,3,2040,-5.823611,36.198056,144.2922416,18.30449337
Retin,3,2041,-5.823611,36.198056,74.76096718,16.92059996
Retin,3,2042,-5.823611,36.198056,1.524780764,19.21958461
Retin,3,2043,-5.823611,36.198056,22.25740531,20.71981792
Retin,3,2044,-5.823611,36.198056,33.89925885,19.84240309
Retin,3,2045,-5.823611,36.198056,2.525248024,20.64173623
Retin,3,2046,-5.823611,36.198056,62.77471841,19.84318867
Retin,3,2047,-5.823611,36.198056,22.85650907,19.04227846
Retin,3,2048,-5.823611,36.198056,0.684394002,19.90857505
Retin,3,2049,-5.823611,36.198056,49.95628754,19.59556215
Retin,3,2050,-5.823611,36.198056,11.15712971,19.59145409
Retin,3,2051,-5.823611,36.198056,16.69969148,19.56152521
Retin,3,2052,-5.823611,36.198056,25.34830085,19.50403403
Retin,3,2053,-5.823611,36.198056,33.48872471,18.30816138
Retin,3,2054,-5.823611,36.198056,1.463713071,19.66233265
Retin,3,2055,-5.823611,36.198056,46.29264454,18.5014105
Retin,3,2056,-5.823611,36.198056,8.997301201,19.1173202
Retin,3,2057,-5.823611,36.198056,31.68552095,18.45659101
Retin,3,2058,-5.823611,36.198056,36.541532,21.24163306
Retin,3,2059,-5.823611,36.198056,9.42360495,20.36655726
Retin,3,2060,-5.823611,36.198056,29.27775478,19.13213501
Retin,3,2061,-5.823611,36.198056,9.802029877,19.99370826
Retin,3,2062,-5.823611,36.198056,76.69649523,18.94582027
Retin,3,2063,-5.823611,36.198056,30.31256169,18.25094093
Retin,3,2064,-5.823611,36.198056,53.26086476,19.73996247
Retin,3,2065,-5.823611,36.198056,5.991407001,21.82815237
Retin,3,2066,-5.823611,36.198056,12.48758782,20.48474495
Retin,3,2067,-5.823611,36.198056,64.61484846,18.38317162
Retin,3,2068,-5.823611,36.198056,27.72817189,19.86937866
Retin,3,2069,-5.823611,36.198056,4.25852739,20.17139243
Retin,3,2070,-5.823611,36.198056,18.14781176,19.86045572
Retin,3,2071,-5.823611,36.198056,7.782336916,20.81401584
Retin,3,2072,-5.823611,36.198056,44.96991382,20.11681026
Retin,3,2073,-5.823611,36.198056,76.06195914,19.1102165
Retin,3,2074,-5.823611,36.198056,39.24212524,19.98323482
Retin,3,2075,-5.823611,36.198056,9.088173265,20.19081145
Retin,3,2076,-5.823611,36.198056,5.636288953,20.66523378
Retin,3,2077,-5.823611,36.198056,14.86452726,21.79000047
Retin,3,2078,-5.823611,36.198056,47.11298969,19.3629178
Retin,3,2079,-5.823611,36.198056,16.50816535,20.14130899
Retin,3,2080,-5.823611,36.198056,109.266538,19.1002786
Retin,3,2081,-5.823611,36.198056,5.832540114,20.78731591
Retin,3,2082,-5.823611,36.198056,16.79290429,20.76076562
Retin,3,2083,-5.823611,36.198056,8.795655507,20.2631834
Retin,3,2084,-5.823611,36.198056,24.35257647,21.18726354
Retin,3,2085,-5.823611,36.198056,22.0028086,20.55517854
Retin,3,2086,-5.823611,36.198056,0.061704877,21.01911168
Retin,3,2087,-5.823611,36.198056,70.64522086,20.78453586
Retin,3,2088,-5.823611,36.198056,22.87912223,20.49452731
Retin,3,2089,-5.823611,36.198056,3.74816037,22.4715397
Retin,3,2090,-5.823611,36.198056,247.3192324,19.71932275
Retin,3,2091,-5.823611,36.198056,24.8182433,20.37675604
Retin,3,2092,-5.823611,36.198056,2.338442192,21.41066993
Retin,3,2093,-5.823611,36.198056,68.35547465,19.76950743
Retin,3,2094,-5.823611,36.198056,63.39617716,20.47060547
Retin,3,2095,-5.823611,36.198056,4.512231736,21.88280443
Retin,3,2096,-5.823611,36.198056,24.67257353,21.90571525
Retin,3,2097,-5.823611,36.198056,82.25664968,20.64939713
Retin,3,2098,-5.823611,36.198056,23.88138812,20.78463529
Retin,3,2099,-5.823611,36.198056,6.369632734,22.27997692
Retin,3,2100,-5.823611,36.198056,56.18919599,21.12749338
Retin,4,2015,-5.823611,36.198056,2.063891386,21.52612406
Retin,4,2016,-5.823611,36.198056,5.381173159,21.84739278
Retin,4,2017,-5.823611,36.198056,17.05209798,20.50614929
Retin,4,2018,-5.823611,36.198056,58.47525993,19.19857483
Retin,4,2019,-5.823611,36.198056,73.97560526,18.90313822
Retin,4,2020,-5.823611,36.198056,17.02119082,21.37716675
Retin,4,2021,-5.823611,36.198056,3.216148992,21.1473409
Retin,4,2022,-5.823611,36.198056,9.460738819,21.79453735
Retin,4,2023,-5.823611,36.198056,15.38434551,20.61637675
Retin,4,2024,-5.823611,36.198056,30.94386117,19.42938843
Retin,4,2025,-5.823611,36.198056,36.22122124,20.19723511
Retin,4,2026,-5.823611,36.198056,13.75250856,19.16082967
Retin,4,2027,-5.823611,36.198056,91.15741339,19.45635681
Retin,4,2028,-5.823611,36.198056,31.34644844,19.20159302
Retin,4,2029,-5.823611,36.198056,13.17937803,19.2050293
Retin,4,2030,-5.823611,36.198056,26.86163147,18.76974589
Retin,4,2031,-5.823611,36.198056,4.373316219,20.38841146
Retin,4,2032,-5.823611,36.198056,1.024430664,22.44227193
Retin,4,2033,-5.823611,36.198056,19.16925308,20.51295471
Retin,4,2034,-5.823611,36.198056,1.494771374,21.94090576
Retin,4,2035,-5.823611,36.198056,5.838673824,19.75534465
Retin,4,2036,-5.823611,36.198056,32.47078187,20.9474762
Retin,4,2037,-5.823611,36.198056,12.14846348,21.44143372
Retin,4,2038,-5.823611,36.198056,28.33516175,19.26404012
Retin,4,2039,-5.823611,36.198056,117.282562,19.99549459
Retin,4,2040,-5.823611,36.198056,64.39729406,19.48872681
Retin,4,2041,-5.823611,36.198056,12.63522072,19.99855754
Retin,4,2042,-5.823611,36.198056,31.89970842,20.61420695
Retin,4,2043,-5.823611,36.198056,13.28408486,20.6173645
Retin,4,2044,-5.823611,36.198056,40.14329962,19.96579183
Retin,4,2045,-5.823611,36.198056,76.4492374,21.15296122
Retin,4,2046,-5.823611,36.198056,2.945458367,21.86996257
Retin,4,2047,-5.823611,36.198056,50.59471853,20.83570251
Retin,4,2048,-5.823611,36.198056,7.987293119,22.1192688
Retin,4,2049,-5.823611,36.198056,20.0130828,19.61318766
Retin,4,2050,-5.823611,36.198056,33.08975402,19.06823425
Retin,4,2051,-5.823611,36.198056,0.46396376,21.64955343
Retin,4,2052,-5.823611,36.198056,24.06826363,20.72365621
Retin,4,2053,-5.823611,36.198056,29.2351007,21.16175232
Retin,4,2054,-5.823611,36.198056,53.99335702,20.84045512
Retin,4,2055,-5.823611,36.198056,26.99791603,20.50307922
Retin,4,2056,-5.823611,36.198056,15.7082651,21.07069499
Retin,4,2057,-5.823611,36.198056,48.33077517,19.8611735
Retin,4,2058,-5.823611,36.198056,10.25781881,20.64600321
Retin,4,2059,-5.823611,36.198056,8.549959806,22.60840658
Retin,4,2060,-5.823611,36.198056,15.4338362,21.24879659
Retin,4,2061,-5.823611,36.198056,9.153620267,21.31215719
Retin,4,2062,-5.823611,36.198056,24.95910708,22.03458761
Retin,4,2063,-5.823611,36.198056,4.087350128,21.60796305
Retin,4,2064,-5.823611,36.198056,18.8201146,21.8455363
Retin,4,2065,-5.823611,36.198056,87.36670757,20.43166097
Retin,4,2066,-5.823611,36.198056,14.70220322,20.77325948
Retin,4,2067,-5.823611,36.198056,61.72179456,20.70668335
Retin,4,2068,-5.823611,36.198056,4.76303902,21.76094564
Retin,4,2069,-5.823611,36.198056,18.58850503,20.78597616
Retin,4,2070,-5.823611,36.198056,21.25622058,21.50587769
Retin,4,2071,-5.823611,36.198056,27.27136447,22.93599752
Retin,4,2072,-5.823611,36.198056,26.6221179,23.16045125
Retin,4,2073,-5.823611,36.198056,20.80029739,21.74215495
Retin,4,2074,-5.823611,36.198056,19.97099084,22.3681783
Retin,4,2075,-5.823611,36.198056,5.316537075,23.1083018
Retin,4,2076,-5.823611,36.198056,8.555672976,21.27585653
Retin,4,2077,-5.823611,36.198056,7.232837131,22.64652507
Retin,4,2078,-5.823611,36.198056,86.14291759,22.14820658
Retin,4,2079,-5.823611,36.198056,11.69536527,22.80415649
Retin,4,2080,-5.823611,36.198056,30.27648128,21.34779867
Retin,4,2081,-5.823611,36.198056,5.538476279,23.76657104
Retin,4,2082,-5.823611,36.198056,4.817902326,22.77761332
Retin,4,2083,-5.823611,36.198056,0.352711783,23.3364919
Retin,4,2084,-5.823611,36.198056,3.712340419,22.009021
Retin,4,2085,-5.823611,36.198056,6.378373062,23.66044108
Retin,4,2086,-5.823611,36.198056,2.387653762,21.90799154
Retin,4,2087,-5.823611,36.198056,4.85039286,23.28794352
Retin,4,2088,-5.823611,36.198056,35.11480742,22.53774211
Retin,4,2089,-5.823611,36.198056,14.43454338,23.96877848
Retin,4,2090,-5.823611,36.198056,30.30846585,22.15389608
Retin,4,2091,-5.823611,36.198056,3.101096775,20.62283427
Retin,4,2092,-5.823611,36.198056,3.298386037,23.74327901
Retin,4,2093,-5.823611,36.198056,36.62719896,20.72652791
Retin,4,2094,-5.823611,36.198056,14.2677665,23.35695089
Retin,4,2095,-5.823611,36.198056,21.85789416,20.82110291
Retin,4,2096,-5.823611,36.198056,3.61498242,24.71195272
Retin,4,2097,-5.823611,36.198056,17.50377105,23.38000895
Retin,4,2098,-5.823611,36.198056,0.529362969,23.2559021
Retin,4,2099,-5.823611,36.198056,12.59202457,23.35852763
Retin,4,2100,-5.823611,36.198056,4.918049497,24.60730082
Retin,5,2015,-5.823611,36.198056,12.43049226,22.07564402
Retin,5,2016,-5.823611,36.198056,9.035403144,23.35180644
Retin,5,2017,-5.823611,36.198056,2.55819272,22.50987175
Retin,5,2018,-5.823611,36.198056,35.04389019,21.40649197
Retin,5,2019,-5.823611,36.198056,36.32176126,20.06768484
Retin,5,2020,-5.823611,36.198056,1.838805425,23.7066865
Retin,5,2021,-5.823611,36.198056,38.2054064,21.42429061
Retin,5,2022,-5.823611,36.198056,67.23153359,22.21006411
Retin,5,2023,-5.823611,36.198056,0.900476318,22.99002548
Retin,5,2024,-5.823611,36.198056,2.443617989,23.03904557
Retin,5,2025,-5.823611,36.198056,41.63832271,23.04689252
Retin,5,2026,-5.823611,36.198056,21.67542119,20.38159948
Retin,5,2027,-5.823611,36.198056,18.40817179,21.26883309
Retin,5,2028,-5.823611,36.198056,12.32518494,21.01442871
Retin,5,2029,-5.823611,36.198056,3.882197966,21.7376579
Retin,5,2030,-5.823611,36.198056,18.76061369,20.51242243
Retin,5,2031,-5.823611,36.198056,13.09599029,22.38941887
Retin,5,2032,-5.823611,36.198056,20.04398826,22.91811917
Retin,5,2033,-5.823611,36.198056,10.53876291,21.36863541
Retin,5,2034,-5.823611,36.198056,2.807995388,22.84965545
Retin,5,2035,-5.823611,36.198056,18.19691967,21.95824093
Retin,5,2036,-5.823611,36.198056,58.02920606,22.66673407
Retin,5,2037,-5.823611,36.198056,28.5554898,20.83995775
Retin,5,2038,-5.823611,36.198056,1.078878928,22.69354721
Retin,5,2039,-5.823611,36.198056,29.45958312,21.57029261
Retin,5,2040,-5.823611,36.198056,52.49707058,21.5878097
Retin,5,2041,-5.823611,36.198056,11.49610074,22.16904454
Retin,5,2042,-5.823611,36.198056,3.608827803,24.48550002
Retin,5,2043,-5.823611,36.198056,15.73246022,21.8095583
Retin,5,2044,-5.823611,36.198056,19.15422359,21.9793965
Retin,5,2045,-5.823611,36.198056,6.022364325,22.17797438
Retin,5,2046,-5.823611,36.198056,39.85608948,21.89596636
Retin,5,2047,-5.823611,36.198056,51.5442496,23.63368845
Retin,5,2048,-5.823611,36.198056,2.576071599,22.68082433
Retin,5,2049,-5.823611,36.198056,67.39168996,22.1835207
Retin,5,2050,-5.823611,36.198056,5.409732508,22.10728583
Retin,5,2051,-5.823611,36.198056,39.3294098,22.19393114
Retin,5,2052,-5.823611,36.198056,1.898208552,24.26730918
Retin,5,2053,-5.823611,36.198056,12.24411172,22.36216076
Retin,5,2054,-5.823611,36.198056,31.96803087,21.17584701
Retin,5,2055,-5.823611,36.198056,4.251042696,21.9791878
Retin,5,2056,-5.823611,36.198056,5.721563159,22.47577377
Retin,5,2057,-5.823611,36.198056,9.675585428,22.5305223
Retin,5,2058,-5.823611,36.198056,33.18409084,21.53559314
Retin,5,2059,-5.823611,36.198056,23.88559813,23.51355847
Retin,5,2060,-5.823611,36.198056,2.330868846,24.39907916
Retin,5,2061,-5.823611,36.198056,2.902234133,22.22136644
Retin,5,2062,-5.823611,36.198056,9.279097128,22.78161995
Retin,5,2063,-5.823611,36.198056,34.78481673,20.80941851
Retin,5,2064,-5.823611,36.198056,1.27290544,24.28396882
Retin,5,2065,-5.823611,36.198056,1.589706651,25.36607489
Retin,5,2066,-5.823611,36.198056,6.73334249,23.55709327
Retin,5,2067,-5.823611,36.198056,18.26908445,23.06100936
Retin,5,2068,-5.823611,36.198056,9.333690725,23.32971664
Retin,5,2069,-5.823611,36.198056,22.60285531,23.65163968
Retin,5,2070,-5.823611,36.198056,55.83671914,24.16961946
Retin,5,2071,-5.823611,36.198056,8.712012238,24.1927439
Retin,5,2072,-5.823611,36.198056,2.40277654,25.42226464
Retin,5,2073,-5.823611,36.198056,4.606996831,22.66526726
Retin,5,2074,-5.823611,36.198056,6.316441966,23.62440619
Retin,5,2075,-5.823611,36.198056,9.450040896,24.47388168
Retin,5,2076,-5.823611,36.198056,24.60351388,23.99765093
Retin,5,2077,-5.823611,36.198056,9.630365183,25.04828452
Retin,5,2078,-5.823611,36.198056,17.19277332,22.44534381
Retin,5,2079,-5.823611,36.198056,0.332077402,24.3827178
Retin,5,2080,-5.823611,36.198056,5.570136534,23.34749854
Retin,5,2081,-5.823611,36.198056,14.79159969,24.36407549
Retin,5,2082,-5.823611,36.198056,19.95708432,23.90486175
Retin,5,2083,-5.823611,36.198056,23.61783909,21.31593549
Retin,5,2084,-5.823611,36.198056,16.33081595,25.00880068
Retin,5,2085,-5.823611,36.198056,7.195522994,25.61157305
Retin,5,2086,-5.823611,36.198056,0.644087853,25.47006895
Retin,5,2087,-5.823611,36.198056,1.460505553,25.4074459
Retin,5,2088,-5.823611,36.198056,38.07114049,26.63442875
Retin,5,2089,-5.823611,36.198056,8.348697372,25.14094671
Retin,5,2090,-5.823611,36.198056,51.05417594,22.45653391
Retin,5,2091,-5.823611,36.198056,21.00280763,21.80565107
Retin,5,2092,-5.823611,36.198056,10.28874444,27.38820604
Retin,5,2093,-5.823611,36.198056,6.522554288,25.08996562
Retin,5,2094,-5.823611,36.198056,3.646315634,24.57565091
Retin,5,2095,-5.823611,36.198056,13.44872036,24.59612033
Retin,5,2096,-5.823611,36.198056,0.000875907,26.01535014
Retin,5,2097,-5.823611,36.198056,19.25688164,25.37140562
Retin,5,2098,-5.823611,36.198056,13.37036567,23.36684964
Retin,5,2099,-5.823611,36.198056,19.44438589,24.11412373
Retin,5,2100,-5.823611,36.198056,8.763103651,26.35957366
Retin,6,2015,-5.823611,36.198056,18.99113009,23.55023702
Retin,6,2016,-5.823611,36.198056,0.599169043,25.7741862
Retin,6,2017,-5.823611,36.198056,11.27190299,25.87058919
Retin,6,2018,-5.823611,36.198056,0.14729571,24.9455485
Retin,6,2019,-5.823611,36.198056,3.182466916,25.22499898
Retin,6,2020,-5.823611,36.198056,6.657459055,26.31199443
Retin,6,2021,-5.823611,36.198056,5.003585603,24.75618286
Retin,6,2022,-5.823611,36.198056,18.9198939,24.5236318
Retin,6,2023,-5.823611,36.198056,7.91517550849578e-08,25.75038147
Retin,6,2024,-5.823611,36.198056,24.15176437,24.93854268
Retin,6,2025,-5.823611,36.198056,5.992315624,24.36237488
Retin,6,2026,-5.823611,36.198056,10.93913361,21.84538574
Retin,6,2027,-5.823611,36.198056,9.424771257,25.023644
Retin,6,2028,-5.823611,36.198056,0.382576154,25.74589844
Retin,6,2029,-5.823611,36.198056,0.134743805,25.20576681
Retin,6,2030,-5.823611,36.198056,4.889845535,25.45631409
Retin,6,2031,-5.823611,36.198056,27.27514511,24.55951945
Retin,6,2032,-5.823611,36.198056,0.333723304,25.76456502
Retin,6,2033,-5.823611,36.198056,0.731472483,25.18232931
Retin,6,2034,-5.823611,36.198056,0.019785929,25.39123535
Retin,6,2035,-5.823611,36.198056,45.87018423,23.435554
Retin,6,2036,-5.823611,36.198056,0.742171531,26.03307495
Retin,6,2037,-5.823611,36.198056,7.992561959,23.89029338
Retin,6,2038,-5.823611,36.198056,0.803243262,26.64913534
Retin,6,2039,-5.823611,36.198056,4.561313293,24.00778503
Retin,6,2040,-5.823611,36.198056,5.572236446,24.03648783
Retin,6,2041,-5.823611,36.198056,8.728382989,26.52752482
Retin,6,2042,-5.823611,36.198056,0.677514845,28.48480225
Retin,6,2043,-5.823611,36.198056,36.0488908,24.78121338
Retin,6,2044,-5.823611,36.198056,0.190834769,26.84096171
Retin,6,2045,-5.823611,36.198056,26.61993706,26.59720052
Retin,6,2046,-5.823611,36.198056,1.619039855,24.17323201
Retin,6,2047,-5.823611,36.198056,10.28824658,25.43584493
Retin,6,2048,-5.823611,36.198056,1.901146838,25.47526143
Retin,6,2049,-5.823611,36.198056,0.710295472,28.77330221
Retin,6,2050,-5.823611,36.198056,0.042278388,26.94127401
Retin,6,2051,-5.823611,36.198056,0.969411424,23.72730408
Retin,6,2052,-5.823611,36.198056,0.306442899,27.63270874
Retin,6,2053,-5.823611,36.198056,2.76777904,24.13700765
Retin,6,2054,-5.823611,36.198056,3.88771857,25.25368551
Retin,6,2055,-5.823611,36.198056,0.423473892,26.60661621
Retin,6,2056,-5.823611,36.198056,0.445561767,27.00162455
Retin,6,2057,-5.823611,36.198056,2.69770758,25.75844218
Retin,6,2058,-5.823611,36.198056,20.36817049,25.43350118
Retin,6,2059,-5.823611,36.198056,0.239132348,28.21681925
Retin,6,2060,-5.823611,36.198056,0.223942755,28.05934143
Retin,6,2061,-5.823611,36.198056,0.394166571,23.50621745
Retin,6,2062,-5.823611,36.198056,1.160964918,28.06649679
Retin,6,2063,-5.823611,36.198056,0.005732964,27.35583801
Retin,6,2064,-5.823611,36.198056,3.33816171,24.00118205
Retin,6,2065,-5.823611,36.198056,7.396313064,26.72464498
Retin,6,2066,-5.823611,36.198056,0.193812972,28.03324382
Retin,6,2067,-5.823611,36.198056,5.842242135,25.69350281
Retin,6,2068,-5.823611,36.198056,0.479842484,28.35577698
Retin,6,2069,-5.823611,36.198056,1.488001896,26.36589559
Retin,6,2070,-5.823611,36.198056,22.61245432,25.33925374
Retin,6,2071,-5.823611,36.198056,0.284255942,27.2978536
Retin,6,2072,-5.823611,36.198056,11.19806138,26.86077677
Retin,6,2073,-5.823611,36.198056,3.817119601,26.75053609
Retin,6,2074,-5.823611,36.198056,0.845301777,28.22586365
Retin,6,2075,-5.823611,36.198056,1.647551279,27.6122406
Retin,6,2076,-5.823611,36.198056,3.478019554,27.48888957
Retin,6,2077,-5.823611,36.198056,3.181905286,26.18877055
Retin,6,2078,-5.823611,36.198056,2.13428662,27.06980387
Retin,6,2079,-5.823611,36.198056,42.90095053,27.34775187
Retin,6,2080,-5.823611,36.198056,4.763727408,24.28642069
Retin,6,2081,-5.823611,36.198056,21.84615681,28.60118408
Retin,6,2082,-5.823611,36.198056,3.34613801,28.81008403
Retin,6,2083,-5.823611,36.198056,0.523415589,28.5852651
Retin,6,2084,-5.823611,36.198056,26.77668661,29.48278605
Retin,6,2085,-5.823611,36.198056,2.197099166,27.42320251
Retin,6,2086,-5.823611,36.198056,0.54413918,27.95897624
Retin,6,2087,-5.823611,36.198056,18.09005902,26.24816081
Retin,6,2088,-5.823611,36.198056,4.762793171,30.59145304
Retin,6,2089,-5.823611,36.198056,1.824907176,28.11120402
Retin,6,2090,-5.823611,36.198056,3.437001878,26.19003398
Retin,6,2091,-5.823611,36.198056,0.119285338,27.11529744
Retin,6,2092,-5.823611,36.198056,1.347042728,28.245165
Retin,6,2093,-5.823611,36.198056,0.951730543,27.42531331
Retin,6,2094,-5.823611,36.198056,3.777931033,27.51546631
Retin,6,2095,-5.823611,36.198056,1.823956424,29.29344686
Retin,6,2096,-5.823611,36.198056,23.98010724,27.92767843
Retin,6,2097,-5.823611,36.198056,2.189757679,29.59017436
Retin,6,2098,-5.823611,36.198056,2.64387719,27.48193156
Retin,6,2099,-5.823611,36.198056,3.399618633,26.9915802
Retin,6,2100,-5.823611,36.198056,0.915423669,26.17417908
Retin,7,2015,-5.823611,36.198056,1.50377766452989e-06,28.96837867
Retin,7,2016,-5.823611,36.198056,2.044675725,29.17422466
Retin,7,2017,-5.823611,36.198056,0.177844276,29.43978075
Retin,7,2018,-5.823611,36.198056,0.548973364,28.38661617
Retin,7,2019,-5.823611,36.198056,0.119959435,29.14026647
Retin,7,2020,-5.823611,36.198056,0.934840962,29.06211095
Retin,7,2021,-5.823611,36.198056,2.00130404999461e-08,30.43272134
Retin,7,2022,-5.823611,36.198056,1.518574025,28.54286125
Retin,7,2023,-5.823611,36.198056,3.983911804,28.45606335
Retin,7,2024,-5.823611,36.198056,1.558121431,28.18407002
Retin,7,2025,-5.823611,36.198056,9.391009969,29.65452015
Retin,7,2026,-5.823611,36.198056,1.365055211,27.92002603
Retin,7,2027,-5.823611,36.198056,1.588406629,28.49708882
Retin,7,2028,-5.823611,36.198056,0.004521671,29.88755434
Retin,7,2029,-5.823611,36.198056,1.242893491,26.65092892
Retin,7,2030,-5.823611,36.198056,3.493915822,28.23037109
Retin,7,2031,-5.823611,36.198056,3.561011953,28.58409345
Retin,7,2032,-5.823611,36.198056,0.385532718,30.34602582
Retin,7,2033,-5.823611,36.198056,4.004512055,29.82932877
Retin,7,2034,-5.823611,36.198056,1.976495495,29.4574711
Retin,7,2035,-5.823611,36.198056,0.541968144,28.55487336
Retin,7,2036,-5.823611,36.198056,0.878526815,30.61542417
Retin,7,2037,-5.823611,36.198056,0.277243961,30.80385742
Retin,7,2038,-5.823611,36.198056,2.855115074,29.84154072
Retin,7,2039,-5.823611,36.198056,0.000782208,29.48401647
Retin,7,2040,-5.823611,36.198056,4.67929004,25.78677545
Retin,7,2041,-5.823611,36.198056,7.046805745,30.9090525
Retin,7,2042,-5.823611,36.198056,3.882228138,29.24572931
Retin,7,2043,-5.823611,36.198056,4.458987523,28.49223653
Retin,7,2044,-5.823611,36.198056,1.44449431315506e-05,29.3670987
Retin,7,2045,-5.823611,36.198056,0.979255116,28.16647024
Retin,7,2046,-5.823611,36.198056,1.238273071,28.97281553
Retin,7,2047,-5.823611,36.198056,4.850020852,28.54451707
Retin,7,2048,-5.823611,36.198056,0.084842209,30.99219223
Retin,7,2049,-5.823611,36.198056,0.801767131,30.02314985
Retin,7,2050,-5.823611,36.198056,0.159227898,30.03752363
Retin,7,2051,-5.823611,36.198056,12.23461649,26.5929465
Retin,7,2052,-5.823611,36.198056,4.345394045,28.02866172
Retin,7,2053,-5.823611,36.198056,0.152841846,29.24147162
Retin,7,2054,-5.823611,36.198056,5.289757566,28.47438965
Retin,7,2055,-5.823611,36.198056,5.524087411,30.82221325
Retin,7,2056,-5.823611,36.198056,0.616745687,28.50788712
Retin,7,2057,-5.823611,36.198056,5.359066484,30.0963753
Retin,7,2058,-5.823611,36.198056,2.2848254,27.86363644
Retin,7,2059,-5.823611,36.198056,5.777942957,29.4217488
Retin,7,2060,-5.823611,36.198056,0.328722625,31.23183988
Retin,7,2061,-5.823611,36.198056,2.271673572,29.7048456
Retin,7,2062,-5.823611,36.198056,0.51092705,30.3198506
Retin,7,2063,-5.823611,36.198056,0.441257527,30.21395165
Retin,7,2064,-5.823611,36.198056,0.145290024,31.44588525
Retin,7,2065,-5.823611,36.198056,1.437529366,28.53058137
Retin,7,2066,-5.823611,36.198056,2.414849641,30.00059539
Retin,7,2067,-5.823611,36.198056,0.003654385,30.22735478
Retin,7,2068,-5.823611,36.198056,2.174301085,30.53432223
Retin,7,2069,-5.823611,36.198056,5.824790342,30.0278722
Retin,7,2070,-5.823611,36.198056,0.673654871,31.40928384
Retin,7,2071,-5.823611,36.198056,2.267278409,31.43262388
Retin,7,2072,-5.823611,36.198056,0.885496967,30.88126181
Retin,7,2073,-5.823611,36.198056,0.352342733,28.99281537
Retin,7,2074,-5.823611,36.198056,0.087037702,32.12856938
Retin,7,2075,-5.823611,36.198056,1.505782067,32.82451487
Retin,7,2076,-5.823611,36.198056,0.707116972,31.13170875
Retin,7,2077,-5.823611,36.198056,0.09512904,30.82571982
Retin,7,2078,-5.823611,36.198056,6.64669994,29.07699664
Retin,7,2079,-5.823611,36.198056,5.965526408,31.15902789
Retin,7,2080,-5.823611,36.198056,0.539911322,31.23878804
Retin,7,2081,-5.823611,36.198056,2.774209448,28.9767523
Retin,7,2082,-5.823611,36.198056,5.003615386,29.12217643
Retin,7,2083,-5.823611,36.198056,9.043613335,29.6483487
Retin,7,2084,-5.823611,36.198056,3.395555199,27.55892826
Retin,7,2085,-5.823611,36.198056,2.291879859,31.6638536
Retin,7,2086,-5.823611,36.198056,3.605298093,31.06945978
Retin,7,2087,-5.823611,36.198056,0.278596881,33.67961347
Retin,7,2088,-5.823611,36.198056,1.219429711,30.29281597
Retin,7,2089,-5.823611,36.198056,2.26827118,32.35042036
Retin,7,2090,-5.823611,36.198056,6.036541593,32.79195261
Retin,7,2091,-5.823611,36.198056,10.04953868,28.91214954
Retin,7,2092,-5.823611,36.198056,0.684637688,32.19317607
Retin,7,2093,-5.823611,36.198056,0.86933424,31.76620759
Retin,7,2094,-5.823611,36.198056,0.428830955,31.55415374
Retin,7,2095,-5.823611,36.198056,0.000811271,32.62496535
Retin,7,2096,-5.823611,36.198056,3.026338972,30.6147774
Retin,7,2097,-5.823611,36.198056,0.165213904,33.62415417
Retin,7,2098,-5.823611,36.198056,0.743954931,32.59369172
Retin,7,2099,-5.823611,36.198056,7.580040771,30.87722168
Retin,7,2100,-5.823611,36.198056,2.156365101,32.59007883
Retin,8,2015,-5.823611,36.198056,0.849143359,30.22361194
Retin,8,2016,-5.823611,36.198056,0.642580192,29.78553506
Retin,8,2017,-5.823611,36.198056,2.711136647,29.27169386
Retin,8,2018,-5.823611,36.198056,1.200227225,29.61860194
Retin,8,2019,-5.823611,36.198056,0.905089543,28.95346148
Retin,8,2020,-5.823611,36.198056,1.915356068,28.2645498
Retin,8,2021,-5.823611,36.198056,1.742725404,29.77286731
Retin,8,2022,-5.823611,36.198056,5.669790815,28.93768783
Retin,8,2023,-5.823611,36.198056,0.00394682,29.06620031
Retin,8,2024,-5.823611,36.198056,0.001057335,28.72994877
Retin,8,2025,-5.823611,36.198056,7.943171567,29.21864644
Retin,8,2026,-5.823611,36.198056,0.263051847,28.17122704
Retin,8,2027,-5.823611,36.198056,3.709113411,28.25462765
Retin,8,2028,-5.823611,36.198056,0.212071656,29.14637786
Retin,8,2029,-5.823611,36.198056,0.04643081,29.06538421
Retin,8,2030,-5.823611,36.198056,9.579233012,29.05763963
Retin,8,2031,-5.823611,36.198056,8.42021998374139e-05,29.21037125
Retin,8,2032,-5.823611,36.198056,1.994824176,31.01105307
Retin,8,2033,-5.823611,36.198056,3.422269023,28.94107036
Retin,8,2034,-5.823611,36.198056,11.75748789,29.03733363
Retin,8,2035,-5.823611,36.198056,21.3961054,31.03439114
Retin,8,2036,-5.823611,36.198056,3.33413869,30.65094171
Retin,8,2037,-5.823611,36.198056,0.000159404,28.73656222
Retin,8,2038,-5.823611,36.198056,0.828246091,29.61083374
Retin,8,2039,-5.823611,36.198056,1.918775953,29.10891606
Retin,8,2040,-5.823611,36.198056,1.337125271,29.10071569
Retin,8,2041,-5.823611,36.198056,0.968687195,31.77259069
Retin,8,2042,-5.823611,36.198056,2.264894879,29.8144293
Retin,8,2043,-5.823611,36.198056,9.956147428,31.28412732
Retin,8,2044,-5.823611,36.198056,0.00130192,29.93231772
Retin,8,2045,-5.823611,36.198056,0.756047499,28.92905333
Retin,8,2046,-5.823611,36.198056,1.813750515,29.05289267
Retin,8,2047,-5.823611,36.198056,0.027514465,28.39015523
Retin,8,2048,-5.823611,36.198056,0.198126952,30.87176199
Retin,8,2049,-5.823611,36.198056,1.494831396,29.24369349
Retin,8,2050,-5.823611,36.198056,2.09803904,29.59549226
Retin,8,2051,-5.823611,36.198056,13.10647048,27.03245082
Retin,8,2052,-5.823611,36.198056,0.014455887,29.58049041
Retin,8,2053,-5.823611,36.198056,0.641590338,29.77581669
Retin,8,2054,-5.823611,36.198056,3.139526162,29.97214119
Retin,8,2055,-5.823611,36.198056,9.827922328,28.56889767
Retin,8,2056,-5.823611,36.198056,1.822877263,30.61737435
Retin,8,2057,-5.823611,36.198056,7.911342084,28.83415449
Retin,8,2058,-5.823611,36.198056,10.86427207,28.27708465
Retin,8,2059,-5.823611,36.198056,0.694298668,31.71034073
Retin,8,2060,-5.823611,36.198056,0.091557126,31.80628603
Retin,8,2061,-5.823611,36.198056,4.46235786003045e-06,31.61790496
Retin,8,2062,-5.823611,36.198056,11.05857755,29.82543237
Retin,8,2063,-5.823611,36.198056,2.509827336,28.35393972
Retin,8,2064,-5.823611,36.198056,1.161843145,31.17499646
Retin,8,2065,-5.823611,36.198056,1.105282651,30.66136593
Retin,8,2066,-5.823611,36.198056,12.8623459,30.31664921
Retin,8,2067,-5.823611,36.198056,0.078508998,30.83428345
Retin,8,2068,-5.823611,36.198056,5.280938566,28.62525379
Retin,8,2069,-5.823611,36.198056,0.003478368,30.91525446
Retin,8,2070,-5.823611,36.198056,0.934173887,30.60727598
Retin,8,2071,-5.823611,36.198056,1.969936582,30.47832248
Retin,8,2072,-5.823611,36.198056,2.22884697,32.46905399
Retin,8,2073,-5.823611,36.198056,6.4989477963491e-05,32.60546265
Retin,8,2074,-5.823611,36.198056,4.28571376912572e-06,32.28246952
Retin,8,2075,-5.823611,36.198056,7.046040007,32.05739254
Retin,8,2076,-5.823611,36.198056,7.864154966,33.01522906
Retin,8,2077,-5.823611,36.198056,1.543313085,30.77136112
Retin,8,2078,-5.823611,36.198056,0.783833635,33.57239931
Retin,8,2079,-5.823611,36.198056,2.219669758,31.30385447
Retin,8,2080,-5.823611,36.198056,1.801878834,30.26375536
Retin,8,2081,-5.823611,36.198056,6.646963817,30.44879918
Retin,8,2082,-5.823611,36.198056,2.385647605,31.43377961
Retin,8,2083,-5.823611,36.198056,4.542563799,30.43386723
Retin,8,2084,-5.823611,36.198056,0.331727048,29.4531504
Retin,8,2085,-5.823611,36.198056,2.737494747,32.37352708
Retin,8,2086,-5.823611,36.198056,0.92799813,32.6662448
Retin,8,2087,-5.823611,36.198056,0.232677084,32.52495038
Retin,8,2088,-5.823611,36.198056,0.770219725,30.28732871
Retin,8,2089,-5.823611,36.198056,0.101982214,33.80169166
Retin,8,2090,-5.823611,36.198056,1.7128064,31.48794438
Retin,8,2091,-5.823611,36.198056,1.906555939,31.64397977
Retin,8,2092,-5.823611,36.198056,21.49132232,31.97278797
Retin,8,2093,-5.823611,36.198056,4.604095018,32.65164165
Retin,8,2094,-5.823611,36.198056,1.254010834,31.52585311
Retin,8,2095,-5.823611,36.198056,4.099572953,33.39315481
Retin,8,2096,-5.823611,36.198056,2.732075737,32.0266574
Retin,8,2097,-5.823611,36.198056,2.353071647,33.18513715
Retin,8,2098,-5.823611,36.198056,1.453655135,31.60993593
Retin,8,2099,-5.823611,36.198056,0.191476595,32.51863817
Retin,8,2100,-5.823611,36.198056,2.630866625,31.72393287
Retin,9,2015,-5.823611,36.198056,24.50915859,28.57156982
Retin,9,2016,-5.823611,36.198056,29.22111749,26.59377747
Retin,9,2017,-5.823611,36.198056,24.77724472,26.30657857
Retin,9,2018,-5.823611,36.198056,0.026589366,26.94984538
Retin,9,2019,-5.823611,36.198056,17.82801805,25.26397909
Retin,9,2020,-5.823611,36.198056,7.013818028,26.72547709
Retin,9,2021,-5.823611,36.198056,1.306674307,26.44688517
Retin,9,2022,-5.823611,36.198056,21.88091083,26.9959727
Retin,9,2023,-5.823611,36.198056,8.537536497,27.55709839
Retin,9,2024,-5.823611,36.198056,9.399256637,27.42982279
Retin,9,2025,-5.823611,36.198056,7.566241388,26.55586243
Retin,9,2026,-5.823611,36.198056,4.92064549,27.2962148
Retin,9,2027,-5.823611,36.198056,8.920559945,29.1184021
Retin,9,2028,-5.823611,36.198056,2.488058706,26.45292155
Retin,9,2029,-5.823611,36.198056,6.973197814,28.32643738
Retin,9,2030,-5.823611,36.198056,26.50341795,27.62182617
Retin,9,2031,-5.823611,36.198056,7.320081904,26.49912618
Retin,9,2032,-5.823611,36.198056,7.861562662,27.35492249
Retin,9,2033,-5.823611,36.198056,1.553063025,27.63021545
Retin,9,2034,-5.823611,36.198056,12.08666705,27.02035726
Retin,9,2035,-5.823611,36.198056,0.632140169,26.82594401
Retin,9,2036,-5.823611,36.198056,11.49107883,28.45326233
Retin,9,2037,-5.823611,36.198056,10.82292632,27.57608948
Retin,9,2038,-5.823611,36.198056,3.554472563,27.15273438
Retin,9,2039,-5.823611,36.198056,0.04588755,28.44449259
Retin,9,2040,-5.823611,36.198056,0.121457037,27.34805298
Retin,9,2041,-5.823611,36.198056,4.114460114,28.67449137
Retin,9,2042,-5.823611,36.198056,0.658846257,28.95988363
Retin,9,2043,-5.823611,36.198056,0.327794133,27.35135091
Retin,9,2044,-5.823611,36.198056,0.464483472,27.66448669
Retin,9,2045,-5.823611,36.198056,0.020803925,28.62621663
Retin,9,2046,-5.823611,36.198056,1.261283008,28.98129374
Retin,9,2047,-5.823611,36.198056,1.224706432,27.55779317
Retin,9,2048,-5.823611,36.198056,30.22957046,27.56044006
Retin,9,2049,-5.823611,36.198056,6.641539418,29.00004883
Retin,9,2050,-5.823611,36.198056,1.263765997,28.08132019
Retin,9,2051,-5.823611,36.198056,1.473976535,26.95030416
Retin,9,2052,-5.823611,36.198056,22.53924592,26.2769399
Retin,9,2053,-5.823611,36.198056,6.0153397,28.54000651
Retin,9,2054,-5.823611,36.198056,0.789818818,28.36925456
Retin,9,2055,-5.823611,36.198056,3.366205055,28.02923482
Retin,9,2056,-5.823611,36.198056,0.060061081,29.40348918
Retin,9,2057,-5.823611,36.198056,3.803074834,28.66814982
Retin,9,2058,-5.823611,36.198056,1.514322726,28.65764364
Retin,9,2059,-5.823611,36.198056,0.468177887,29.25479126
Retin,9,2060,-5.823611,36.198056,3.921313379,28.50254822
Retin,9,2061,-5.823611,36.198056,0.903341764,28.7136851
Retin,9,2062,-5.823611,36.198056,1.50054899,28.34292297
Retin,9,2063,-5.823611,36.198056,18.26500175,28.56814473
Retin,9,2064,-5.823611,36.198056,22.77314293,28.5242981
Retin,9,2065,-5.823611,36.198056,16.27495057,28.32391357
Retin,9,2066,-5.823611,36.198056,0.963469199,27.90540975
Retin,9,2067,-5.823611,36.198056,0.284146237,29.09283142
Retin,9,2068,-5.823611,36.198056,6.468264813,29.07060649
Retin,9,2069,-5.823611,36.198056,0.258833358,29.58896179
Retin,9,2070,-5.823611,36.198056,14.2510512,28.63681742
Retin,9,2071,-5.823611,36.198056,7.622365556,31.17619019
Retin,9,2072,-5.823611,36.198056,12.36848181,29.9059255
Retin,9,2073,-5.823611,36.198056,2.51648897,30.20960083
Retin,9,2074,-5.823611,36.198056,0.108202152,29.27158712
Retin,9,2075,-5.823611,36.198056,0.519169293,30.62102865
Retin,9,2076,-5.823611,36.198056,10.26566111,28.71099345
Retin,9,2077,-5.823611,36.198056,4.755691113,29.78325297
Retin,9,2078,-5.823611,36.198056,0.082604201,30.26497904
Retin,9,2079,-5.823611,36.198056,1.94573279,30.96542765
Retin,9,2080,-5.823611,36.198056,0.630769392,31.25986532
Retin,9,2081,-5.823611,36.198056,1.876749921,29.46453857
Retin,9,2082,-5.823611,36.198056,0.013662509,29.57674052
Retin,9,2083,-5.823611,36.198056,1.095602322,28.29357605
Retin,9,2084,-5.823611,36.198056,1.985829899,30.55337626
Retin,9,2085,-5.823611,36.198056,10.53026425,31.09463094
Retin,9,2086,-5.823611,36.198056,9.690228521,30.15946655
Retin,9,2087,-5.823611,36.198056,29.21692035,30.36206156
Retin,9,2088,-5.823611,36.198056,34.07904681,27.57948507
Retin,9,2089,-5.823611,36.198056,11.78313792,31.52589315
Retin,9,2090,-5.823611,36.198056,0.195149626,30.29550273
Retin,9,2091,-5.823611,36.198056,1.844610936,29.10214335
Retin,9,2092,-5.823611,36.198056,6.593448655,29.3230011
Retin,9,2093,-5.823611,36.198056,3.909538306,28.78351542
Retin,9,2094,-5.823611,36.198056,109.4597031,30.70560913
Retin,9,2095,-5.823611,36.198056,0.374773387,29.95059001
Retin,9,2096,-5.823611,36.198056,5.819319121,29.45409139
Retin,9,2097,-5.823611,36.198056,16.27963167,32.22047119
Retin,9,2098,-5.823611,36.198056,0.291393995,31.45845235
Retin,9,2099,-5.823611,36.198056,6.752708534,31.98074137
Retin,9,2100,-5.823611,36.198056,5.438497925,33.03823242
SCarbDist,1,2015,-5.360555556,36.20638889,66.1193295,17.34300163
SCarbDist,1,2016,-5.360555556,36.20638889,57.21158411,15.77746956
SCarbDist,1,2017,-5.360555556,36.20638889,178.4207132,17.9363549
SCarbDist,1,2018,-5.360555556,36.20638889,129.98147,13.96371637
SCarbDist,1,2019,-5.360555556,36.20638889,28.69495129,15.87247964
SCarbDist,1,2020,-5.360555556,36.20638889,233.8872752,16.14091915
SCarbDist,1,2021,-5.360555556,36.20638889,54.42933431,15.55517362
SCarbDist,1,2022,-5.360555556,36.20638889,206.6460612,16.05362313
SCarbDist,1,2023,-5.360555556,36.20638889,69.26431408,15.90547997
SCarbDist,1,2024,-5.360555556,36.20638889,214.7685841,16.01212316
SCarbDist,1,2025,-5.360555556,36.20638889,213.9815871,16.45522855
SCarbDist,1,2026,-5.360555556,36.20638889,152.9181215,16.49133675
SCarbDist,1,2027,-5.360555556,36.20638889,69.40976034,14.86653659
SCarbDist,1,2028,-5.360555556,36.20638889,68.24602503,15.18717691
SCarbDist,1,2029,-5.360555556,36.20638889,24.75171433,15.83766007
SCarbDist,1,2030,-5.360555556,36.20638889,238.99491,16.38363037
SCarbDist,1,2031,-5.360555556,36.20638889,401.1973712,18.28967462
SCarbDist,1,2032,-5.360555556,36.20638889,125.9314813,15.41761219
SCarbDist,1,2033,-5.360555556,36.20638889,31.69033527,15.52134045
SCarbDist,1,2034,-5.360555556,36.20638889,58.68201467,17.01493865
SCarbDist,1,2035,-5.360555556,36.20638889,29.47420123,14.0230071
SCarbDist,1,2036,-5.360555556,36.20638889,85.20247708,17.70997748
SCarbDist,1,2037,-5.360555556,36.20638889,2.102828739,16.47532782
SCarbDist,1,2038,-5.360555556,36.20638889,142.6900271,15.94569525
SCarbDist,1,2039,-5.360555556,36.20638889,8.269460832,17.22153872
SCarbDist,1,2040,-5.360555556,36.20638889,62.4857074,19.35255855
SCarbDist,1,2041,-5.360555556,36.20638889,43.61644376,16.45868885
SCarbDist,1,2042,-5.360555556,36.20638889,15.74993186,15.86842179
SCarbDist,1,2043,-5.360555556,36.20638889,43.31716405,17.80753331
SCarbDist,1,2044,-5.360555556,36.20638889,9.99645777,16.28249512
SCarbDist,1,2045,-5.360555556,36.20638889,14.9145059,18.16295776
SCarbDist,1,2046,-5.360555556,36.20638889,40.95983238,18.21079653
SCarbDist,1,2047,-5.360555556,36.20638889,48.54243572,17.38553723
SCarbDist,1,2048,-5.360555556,36.20638889,65.17252702,18.211589
SCarbDist,1,2049,-5.360555556,36.20638889,34.42659183,17.33464474
SCarbDist,1,2050,-5.360555556,36.20638889,115.3530669,17.6824585
SCarbDist,1,2051,-5.360555556,36.20638889,68.40024589,15.84715793
SCarbDist,1,2052,-5.360555556,36.20638889,76.37381549,16.81024347
SCarbDist,1,2053,-5.360555556,36.20638889,102.9845394,17.13182885
SCarbDist,1,2054,-5.360555556,36.20638889,31.19042488,16.35715686
SCarbDist,1,2055,-5.360555556,36.20638889,96.12233519,16.24356749
SCarbDist,1,2056,-5.360555556,36.20638889,69.11144828,15.03660711
SCarbDist,1,2057,-5.360555556,36.20638889,55.9913868,17.73322301
SCarbDist,1,2058,-5.360555556,36.20638889,40.65313925,18.30957405
SCarbDist,1,2059,-5.360555556,36.20638889,9.329049264,18.32330007
SCarbDist,1,2060,-5.360555556,36.20638889,21.39327293,18.89573994
SCarbDist,1,2061,-5.360555556,36.20638889,52.91883018,19.13594183
SCarbDist,1,2062,-5.360555556,36.20638889,55.30131277,17.52674698
SCarbDist,1,2063,-5.360555556,36.20638889,96.98163578,16.77537074
SCarbDist,1,2064,-5.360555556,36.20638889,174.6845719,17.95499031
SCarbDist,1,2065,-5.360555556,36.20638889,69.28127162,18.06575534
SCarbDist,1,2066,-5.360555556,36.20638889,74.48690589,18.77716242
SCarbDist,1,2067,-5.360555556,36.20638889,78.07267171,16.58883352
SCarbDist,1,2068,-5.360555556,36.20638889,23.27532333,16.83009368
SCarbDist,1,2069,-5.360555556,36.20638889,97.54866447,16.9859942
SCarbDist,1,2070,-5.360555556,36.20638889,94.63976817,18.66681085
SCarbDist,1,2071,-5.360555556,36.20638889,47.00980268,17.13422792
SCarbDist,1,2072,-5.360555556,36.20638889,6.41804877,19.27200002
SCarbDist,1,2073,-5.360555556,36.20638889,120.4733055,17.27377004
SCarbDist,1,2074,-5.360555556,36.20638889,7.350325528,19.01687898
SCarbDist,1,2075,-5.360555556,36.20638889,25.31881096,16.80016676
SCarbDist,1,2076,-5.360555556,36.20638889,166.6000212,19.87186141
SCarbDist,1,2077,-5.360555556,36.20638889,70.30262577,18.18748602
SCarbDist,1,2078,-5.360555556,36.20638889,43.58355421,16.67800096
SCarbDist,1,2079,-5.360555556,36.20638889,25.76971955,18.40030675
SCarbDist,1,2080,-5.360555556,36.20638889,26.07396156,16.34296619
SCarbDist,1,2081,-5.360555556,36.20638889,7.204639962,18.14530974
SCarbDist,1,2082,-5.360555556,36.20638889,131.2066879,19.74732312
SCarbDist,1,2083,-5.360555556,36.20638889,39.20975823,18.77698128
SCarbDist,1,2084,-5.360555556,36.20638889,148.512443,19.03130592
SCarbDist,1,2085,-5.360555556,36.20638889,101.2722626,20.22890133
SCarbDist,1,2086,-5.360555556,36.20638889,53.94588452,17.12484623
SCarbDist,1,2087,-5.360555556,36.20638889,207.2944868,19.11107788
SCarbDist,1,2088,-5.360555556,36.20638889,72.07851554,16.06226354
SCarbDist,1,2089,-5.360555556,36.20638889,36.1307427,17.58256363
SCarbDist,1,2090,-5.360555556,36.20638889,28.04934924,19.8979569
SCarbDist,1,2091,-5.360555556,36.20638889,60.75611901,19.47211067
SCarbDist,1,2092,-5.360555556,36.20638889,86.28511146,19.61148445
SCarbDist,1,2093,-5.360555556,36.20638889,96.90557016,18.14048206
SCarbDist,1,2094,-5.360555556,36.20638889,28.82275438,20.05463907
SCarbDist,1,2095,-5.360555556,36.20638889,35.05991963,19.3890812
SCarbDist,1,2096,-5.360555556,36.20638889,26.24699866,19.91243995
SCarbDist,1,2097,-5.360555556,36.20638889,148.4314452,18.84979524
SCarbDist,1,2098,-5.360555556,36.20638889,24.01823113,19.62335579
SCarbDist,1,2099,-5.360555556,36.20638889,22.8506311,19.75897591
SCarbDist,1,2100,-5.360555556,36.20638889,20.98834983,19.64658361
SCarbDist,10,2015,-5.360555556,36.20638889,15.44017083,24.73675714
SCarbDist,10,2016,-5.360555556,36.20638889,39.60625182,23.28149887
SCarbDist,10,2017,-5.360555556,36.20638889,24.19350816,22.29800691
SCarbDist,10,2018,-5.360555556,36.20638889,1.283838535,23.03131674
SCarbDist,10,2019,-5.360555556,36.20638889,47.76849896,22.63915799
SCarbDist,10,2020,-5.360555556,36.20638889,3.262712547,22.62743727
SCarbDist,10,2021,-5.360555556,36.20638889,3.855712965,23.13370519
SCarbDist,10,2022,-5.360555556,36.20638889,1.654371845,24.45865833
SCarbDist,10,2023,-5.360555556,36.20638889,8.689945505,23.34764424
SCarbDist,10,2024,-5.360555556,36.20638889,12.78237832,22.73589478
SCarbDist,10,2025,-5.360555556,36.20638889,60.91162959,23.69065493
SCarbDist,10,2026,-5.360555556,36.20638889,47.55424277,22.43755099
SCarbDist,10,2027,-5.360555556,36.20638889,10.0861359,22.81773012
SCarbDist,10,2028,-5.360555556,36.20638889,2.346219187,23.52618389
SCarbDist,10,2029,-5.360555556,36.20638889,0.400275648,22.99883226
SCarbDist,10,2030,-5.360555556,36.20638889,26.81341938,23.68567564
SCarbDist,10,2031,-5.360555556,36.20638889,36.98210951,23.65132564
SCarbDist,10,2032,-5.360555556,36.20638889,52.16735795,21.68052604
SCarbDist,10,2033,-5.360555556,36.20638889,66.66760794,24.15465895
SCarbDist,10,2034,-5.360555556,36.20638889,34.19528525,23.52340679
SCarbDist,10,2035,-5.360555556,36.20638889,1.551109506,24.20463592
SCarbDist,10,2036,-5.360555556,36.20638889,6.180247801,23.98032483
SCarbDist,10,2037,-5.360555556,36.20638889,42.14328421,22.95244653
SCarbDist,10,2038,-5.360555556,36.20638889,12.05590923,22.68854134
SCarbDist,10,2039,-5.360555556,36.20638889,3.721463061,23.59591261
SCarbDist,10,2040,-5.360555556,36.20638889,46.62949089,23.82654576
SCarbDist,10,2041,-5.360555556,36.20638889,24.15664466,24.44236588
SCarbDist,10,2042,-5.360555556,36.20638889,11.54953194,23.37972215
SCarbDist,10,2043,-5.360555556,36.20638889,5.445372929,23.93096806
SCarbDist,10,2044,-5.360555556,36.20638889,13.00074935,23.21158605
SCarbDist,10,2045,-5.360555556,36.20638889,0.354032738,23.80134415
SCarbDist,10,2046,-5.360555556,36.20638889,0.865952222,24.17721735
SCarbDist,10,2047,-5.360555556,36.20638889,63.46297205,23.83977267
SCarbDist,10,2048,-5.360555556,36.20638889,2.417645891,24.397634
SCarbDist,10,2049,-5.360555556,36.20638889,13.00550857,23.40262412
SCarbDist,10,2050,-5.360555556,36.20638889,11.7215933,23.24053246
SCarbDist,10,2051,-5.360555556,36.20638889,0.159819858,23.11693726
SCarbDist,10,2052,-5.360555556,36.20638889,0.623514735,24.2684275
SCarbDist,10,2053,-5.360555556,36.20638889,30.9139603,23.72995861
SCarbDist,10,2054,-5.360555556,36.20638889,2.846640259,24.23165874
SCarbDist,10,2055,-5.360555556,36.20638889,14.44799446,23.71048249
SCarbDist,10,2056,-5.360555556,36.20638889,14.06279283,24.3149668
SCarbDist,10,2057,-5.360555556,36.20638889,24.67495501,22.53393929
SCarbDist,10,2058,-5.360555556,36.20638889,132.1601318,24.29683346
SCarbDist,10,2059,-5.360555556,36.20638889,20.41504583,23.98485915
SCarbDist,10,2060,-5.360555556,36.20638889,32.99140022,24.41711209
SCarbDist,10,2061,-5.360555556,36.20638889,50.84356633,25.07287381
SCarbDist,10,2062,-5.360555556,36.20638889,36.26898022,23.00886861
SCarbDist,10,2063,-5.360555556,36.20638889,9.606213023,24.76989628
SCarbDist,10,2064,-5.360555556,36.20638889,7.568121463,23.08296528
SCarbDist,10,2065,-5.360555556,36.20638889,2.469943932,24.95663531
SCarbDist,10,2066,-5.360555556,36.20638889,1.362234777,24.79218789
SCarbDist,10,2067,-5.360555556,36.20638889,31.98499039,24.44127414
SCarbDist,10,2068,-5.360555556,36.20638889,7.253758586,23.91873838
SCarbDist,10,2069,-5.360555556,36.20638889,6.485241163,24.53386939
SCarbDist,10,2070,-5.360555556,36.20638889,2.03855846,23.63633167
SCarbDist,10,2071,-5.360555556,36.20638889,44.7411473,25.07937012
SCarbDist,10,2072,-5.360555556,36.20638889,4.781855898,25.33459158
SCarbDist,10,2073,-5.360555556,36.20638889,21.23640281,25.33815032
SCarbDist,10,2074,-5.360555556,36.20638889,4.149763638,25.86099617
SCarbDist,10,2075,-5.360555556,36.20638889,4.728241716,26.3238169
SCarbDist,10,2076,-5.360555556,36.20638889,12.94459038,25.09338556
SCarbDist,10,2077,-5.360555556,36.20638889,20.41190594,25.65807692
SCarbDist,10,2078,-5.360555556,36.20638889,9.465465951,23.69526997
SCarbDist,10,2079,-5.360555556,36.20638889,3.0151654,25.24161731
SCarbDist,10,2080,-5.360555556,36.20638889,31.95461827,25.2937689
SCarbDist,10,2081,-5.360555556,36.20638889,17.82105506,24.71261675
SCarbDist,10,2082,-5.360555556,36.20638889,1.564521947,25.26969152
SCarbDist,10,2083,-5.360555556,36.20638889,4.547198044,26.17793205
SCarbDist,10,2084,-5.360555556,36.20638889,61.80934023,25.72850755
SCarbDist,10,2085,-5.360555556,36.20638889,30.84294524,26.48804774
SCarbDist,10,2086,-5.360555556,36.20638889,34.53930424,24.74512388
SCarbDist,10,2087,-5.360555556,36.20638889,22.21255831,25.68517358
SCarbDist,10,2088,-5.360555556,36.20638889,0.225245914,26.29870487
SCarbDist,10,2089,-5.360555556,36.20638889,52.94904682,25.23329291
SCarbDist,10,2090,-5.360555556,36.20638889,11.92756585,26.36545272
SCarbDist,10,2091,-5.360555556,36.20638889,43.59516211,24.51658365
SCarbDist,10,2092,-5.360555556,36.20638889,3.438575351,26.76110328
SCarbDist,10,2093,-5.360555556,36.20638889,37.55323403,25.77708071
SCarbDist,10,2094,-5.360555556,36.20638889,1.060055764,25.94539598
SCarbDist,10,2095,-5.360555556,36.20638889,0.219057862,26.20524233
SCarbDist,10,2096,-5.360555556,36.20638889,58.24650714,23.32815138
SCarbDist,10,2097,-5.360555556,36.20638889,25.52768397,26.97244538
SCarbDist,10,2098,-5.360555556,36.20638889,6.659079808,27.29386045
SCarbDist,10,2099,-5.360555556,36.20638889,0.264410344,26.73434429
SCarbDist,10,2100,-5.360555556,36.20638889,15.73520608,27.47098251
SCarbDist,11,2015,-5.360555556,36.20638889,158.3537176,18.5456248
SCarbDist,11,2016,-5.360555556,36.20638889,12.37754696,18.90393778
SCarbDist,11,2017,-5.360555556,36.20638889,85.09187484,17.9969696
SCarbDist,11,2018,-5.360555556,36.20638889,18.85328121,18.90381063
SCarbDist,11,2019,-5.360555556,36.20638889,37.33298467,18.96019694
SCarbDist,11,2020,-5.360555556,36.20638889,28.1040676,20.29174398
SCarbDist,11,2021,-5.360555556,36.20638889,48.21627779,19.56145732
SCarbDist,11,2022,-5.360555556,36.20638889,16.50105938,19.69517314
SCarbDist,11,2023,-5.360555556,36.20638889,10.23776189,20.45146281
SCarbDist,11,2024,-5.360555556,36.20638889,199.1460553,18.26135763
SCarbDist,11,2025,-5.360555556,36.20638889,46.90996785,16.74965108
SCarbDist,11,2026,-5.360555556,36.20638889,20.20383457,17.5785085
SCarbDist,11,2027,-5.360555556,36.20638889,104.2597178,18.67705892
SCarbDist,11,2028,-5.360555556,36.20638889,12.60997055,19.72351278
SCarbDist,11,2029,-5.360555556,36.20638889,83.05937518,17.21014303
SCarbDist,11,2030,-5.360555556,36.20638889,3.752773166,21.81031189
SCarbDist,11,2031,-5.360555556,36.20638889,14.80967565,20.14857686
SCarbDist,11,2032,-5.360555556,36.20638889,26.88211488,18.52187297
SCarbDist,11,2033,-5.360555556,36.20638889,38.23547752,18.21203613
SCarbDist,11,2034,-5.360555556,36.20638889,72.44908664,18.38846537
SCarbDist,11,2035,-5.360555556,36.20638889,29.32980695,20.32336222
SCarbDist,11,2036,-5.360555556,36.20638889,27.82576472,18.72164612
SCarbDist,11,2037,-5.360555556,36.20638889,26.70297413,18.52592977
SCarbDist,11,2038,-5.360555556,36.20638889,137.7455976,19.66268412
SCarbDist,11,2039,-5.360555556,36.20638889,24.71485357,19.9322286
SCarbDist,11,2040,-5.360555556,36.20638889,22.17032241,18.91590068
SCarbDist,11,2041,-5.360555556,36.20638889,42.89670585,18.40956523
SCarbDist,11,2042,-5.360555556,36.20638889,122.8113034,20.09057109
SCarbDist,11,2043,-5.360555556,36.20638889,105.4925793,20.4293986
SCarbDist,11,2044,-5.360555556,36.20638889,2.325869569,19.36462301
SCarbDist,11,2045,-5.360555556,36.20638889,12.96240664,21.13926799
SCarbDist,11,2046,-5.360555556,36.20638889,129.7686045,20.03913167
SCarbDist,11,2047,-5.360555556,36.20638889,69.75704362,19.55420024
SCarbDist,11,2048,-5.360555556,36.20638889,51.43901946,19.05449524
SCarbDist,11,2049,-5.360555556,36.20638889,11.34226776,19.00945333
SCarbDist,11,2050,-5.360555556,36.20638889,10.53712206,21.33468933
SCarbDist,11,2051,-5.360555556,36.20638889,58.34208986,20.4585083
SCarbDist,11,2052,-5.360555556,36.20638889,94.48673264,19.13187764
SCarbDist,11,2053,-5.360555556,36.20638889,41.73792589,19.88599548
SCarbDist,11,2054,-5.360555556,36.20638889,4.253331973,19.7759196
SCarbDist,11,2055,-5.360555556,36.20638889,31.27762225,19.0817159
SCarbDist,11,2056,-5.360555556,36.20638889,94.84800255,20.71854146
SCarbDist,11,2057,-5.360555556,36.20638889,21.58457477,19.77994181
SCarbDist,11,2058,-5.360555556,36.20638889,45.00403668,19.79146118
SCarbDist,11,2059,-5.360555556,36.20638889,1.989103142,21.31943563
SCarbDist,11,2060,-5.360555556,36.20638889,40.31831592,20.2830658
SCarbDist,11,2061,-5.360555556,36.20638889,2.522902342,20.42716777
SCarbDist,11,2062,-5.360555556,36.20638889,20.41403758,20.74321086
SCarbDist,11,2063,-5.360555556,36.20638889,62.12344261,20.00691732
SCarbDist,11,2064,-5.360555556,36.20638889,8.172869551,19.27209269
SCarbDist,11,2065,-5.360555556,36.20638889,40.74547008,20.10933329
SCarbDist,11,2066,-5.360555556,36.20638889,43.44669783,20.48884888
SCarbDist,11,2067,-5.360555556,36.20638889,50.69752162,20.54871114
SCarbDist,11,2068,-5.360555556,36.20638889,74.75415622,18.31413371
SCarbDist,11,2069,-5.360555556,36.20638889,23.98015708,21.25159607
SCarbDist,11,2070,-5.360555556,36.20638889,19.21406186,19.63034261
SCarbDist,11,2071,-5.360555556,36.20638889,8.787354154,19.78879598
SCarbDist,11,2072,-5.360555556,36.20638889,4.597824656,22.05874939
SCarbDist,11,2073,-5.360555556,36.20638889,38.21999625,19.86962179
SCarbDist,11,2074,-5.360555556,36.20638889,0.932073556,20.86051331
SCarbDist,11,2075,-5.360555556,36.20638889,43.29305018,22.36276957
SCarbDist,11,2076,-5.360555556,36.20638889,5.444799695,23.05293172
SCarbDist,11,2077,-5.360555556,36.20638889,32.57100081,21.26559855
SCarbDist,11,2078,-5.360555556,36.20638889,1.280215938,20.29216207
SCarbDist,11,2079,-5.360555556,36.20638889,4.449051697,22.54946696
SCarbDist,11,2080,-5.360555556,36.20638889,10.53884549,22.90463765
SCarbDist,11,2081,-5.360555556,36.20638889,10.34117451,21.89438375
SCarbDist,11,2082,-5.360555556,36.20638889,36.00781218,21.75509644
SCarbDist,11,2083,-5.360555556,36.20638889,32.32803563,20.67359823
SCarbDist,11,2084,-5.360555556,36.20638889,34.15926598,21.1958547
SCarbDist,11,2085,-5.360555556,36.20638889,29.81328469,21.59155884
SCarbDist,11,2086,-5.360555556,36.20638889,36.19785612,22.25036011
SCarbDist,11,2087,-5.360555556,36.20638889,4.53118114,21.62540283
SCarbDist,11,2088,-5.360555556,36.20638889,29.95682357,20.75360921
SCarbDist,11,2089,-5.360555556,36.20638889,47.3845258,20.49185689
SCarbDist,11,2090,-5.360555556,36.20638889,2.569159652,22.29539897
SCarbDist,11,2091,-5.360555556,36.20638889,1.106452241,21.07278951
SCarbDist,11,2092,-5.360555556,36.20638889,22.28852086,22.01242574
SCarbDist,11,2093,-5.360555556,36.20638889,6.86834029,22.63039958
SCarbDist,11,2094,-5.360555556,36.20638889,3.655000312,23.24848429
SCarbDist,11,2095,-5.360555556,36.20638889,0.894522757,22.51877441
SCarbDist,11,2096,-5.360555556,36.20638889,52.52827045,21.98928731
SCarbDist,11,2097,-5.360555556,36.20638889,8.507751063,23.47358195
SCarbDist,11,2098,-5.360555556,36.20638889,39.2114115,22.08353475
SCarbDist,11,2099,-5.360555556,36.20638889,4.696499301,22.462087
SCarbDist,11,2100,-5.360555556,36.20638889,17.13491278,22.4661204
SCarbDist,12,2015,-5.360555556,36.20638889,95.84952936,16.42761211
SCarbDist,12,2016,-5.360555556,36.20638889,60.22675595,16.58194478
SCarbDist,12,2017,-5.360555556,36.20638889,74.07859199,17.01546532
SCarbDist,12,2018,-5.360555556,36.20638889,64.59155555,15.93820269
SCarbDist,12,2019,-5.360555556,36.20638889,16.40315982,15.22247295
SCarbDist,12,2020,-5.360555556,36.20638889,73.81833773,17.06790287
SCarbDist,12,2021,-5.360555556,36.20638889,78.25046174,16.20009864
SCarbDist,12,2022,-5.360555556,36.20638889,19.57557212,17.37659065
SCarbDist,12,2023,-5.360555556,36.20638889,220.2703104,16.42047789
SCarbDist,12,2024,-5.360555556,36.20638889,225.6845375,17.54208069
SCarbDist,12,2025,-5.360555556,36.20638889,53.88734339,15.70003071
SCarbDist,12,2026,-5.360555556,36.20638889,95.83356394,16.5244877
SCarbDist,12,2027,-5.360555556,36.20638889,179.1066743,16.11288137
SCarbDist,12,2028,-5.360555556,36.20638889,21.25291569,17.8063385
SCarbDist,12,2029,-5.360555556,36.20638889,130.266975,16.69280297
SCarbDist,12,2030,-5.360555556,36.20638889,10.76127064,18.26662191
SCarbDist,12,2031,-5.360555556,36.20638889,53.64579273,16.76043288
SCarbDist,12,2032,-5.360555556,36.20638889,34.62500224,16.06509603
SCarbDist,12,2033,-5.360555556,36.20638889,25.74862278,17.98288732
SCarbDist,12,2034,-5.360555556,36.20638889,264.3344392,16.37739986
SCarbDist,12,2035,-5.360555556,36.20638889,50.41900057,17.43662562
SCarbDist,12,2036,-5.360555556,36.20638889,43.45226396,16.86477966
SCarbDist,12,2037,-5.360555556,36.20638889,2.731655244,16.98266385
SCarbDist,12,2038,-5.360555556,36.20638889,35.62225183,17.95411121
SCarbDist,12,2039,-5.360555556,36.20638889,95.10013084,19.53414504
SCarbDist,12,2040,-5.360555556,36.20638889,24.23554022,17.77208862
SCarbDist,12,2041,-5.360555556,36.20638889,29.88574548,16.93306294
SCarbDist,12,2042,-5.360555556,36.20638889,79.86634483,18.82302738
SCarbDist,12,2043,-5.360555556,36.20638889,158.1885501,18.05872547
SCarbDist,12,2044,-5.360555556,36.20638889,42.54439261,18.69968465
SCarbDist,12,2045,-5.360555556,36.20638889,41.84049637,17.52773438
SCarbDist,12,2046,-5.360555556,36.20638889,61.51811416,17.15353275
SCarbDist,12,2047,-5.360555556,36.20638889,55.69699566,19.98124035
SCarbDist,12,2048,-5.360555556,36.20638889,107.6138702,18.78388672
SCarbDist,12,2049,-5.360555556,36.20638889,43.17347541,17.71544209
SCarbDist,12,2050,-5.360555556,36.20638889,65.74846199,17.59974976
SCarbDist,12,2051,-5.360555556,36.20638889,72.68877028,17.38865691
SCarbDist,12,2052,-5.360555556,36.20638889,68.75250986,15.23215535
SCarbDist,12,2053,-5.360555556,36.20638889,125.8236099,17.38928301
SCarbDist,12,2054,-5.360555556,36.20638889,15.38641144,17.52092403
SCarbDist,12,2055,-5.360555556,36.20638889,112.6868305,15.74718825
SCarbDist,12,2056,-5.360555556,36.20638889,4.938726593,17.11012777
SCarbDist,12,2057,-5.360555556,36.20638889,274.8599881,17.98993097
SCarbDist,12,2058,-5.360555556,36.20638889,6.545461839,18.5165236
SCarbDist,12,2059,-5.360555556,36.20638889,185.9493095,17.13017696
SCarbDist,12,2060,-5.360555556,36.20638889,7.207431695,17.87895908
SCarbDist,12,2061,-5.360555556,36.20638889,3.746891486,18.18228819
SCarbDist,12,2062,-5.360555556,36.20638889,19.78543525,17.61289909
SCarbDist,12,2063,-5.360555556,36.20638889,17.48105462,18.1254241
SCarbDist,12,2064,-5.360555556,36.20638889,37.97137633,18.13805339
SCarbDist,12,2065,-5.360555556,36.20638889,11.18422795,18.76885278
SCarbDist,12,2066,-5.360555556,36.20638889,145.4055341,17.94351078
SCarbDist,12,2067,-5.360555556,36.20638889,70.06515107,18.74447612
SCarbDist,12,2068,-5.360555556,36.20638889,38.50067804,18.37334798
SCarbDist,12,2069,-5.360555556,36.20638889,71.54921366,18.71142362
SCarbDist,12,2070,-5.360555556,36.20638889,40.12132756,17.96351624
SCarbDist,12,2071,-5.360555556,36.20638889,82.87583488,17.13550376
SCarbDist,12,2072,-5.360555556,36.20638889,81.41066108,16.81687317
SCarbDist,12,2073,-5.360555556,36.20638889,19.85052607,17.77664952
SCarbDist,12,2074,-5.360555556,36.20638889,69.18338486,17.9635185
SCarbDist,12,2075,-5.360555556,36.20638889,42.41708874,17.44905415
SCarbDist,12,2076,-5.360555556,36.20638889,15.88093771,19.21391296
SCarbDist,12,2077,-5.360555556,36.20638889,123.8745181,19.95691194
SCarbDist,12,2078,-5.360555556,36.20638889,27.97958706,19.66691225
SCarbDist,12,2079,-5.360555556,36.20638889,53.94873665,20.76598019
SCarbDist,12,2080,-5.360555556,36.20638889,15.68768603,18.12633141
SCarbDist,12,2081,-5.360555556,36.20638889,81.21910377,21.080959
SCarbDist,12,2082,-5.360555556,36.20638889,18.51544395,19.62594191
SCarbDist,12,2083,-5.360555556,36.20638889,18.86968352,20.07063717
SCarbDist,12,2084,-5.360555556,36.20638889,92.75533963,20.46248067
SCarbDist,12,2085,-5.360555556,36.20638889,19.89737412,20.06431412
SCarbDist,12,2086,-5.360555556,36.20638889,139.1566522,18.50326223
SCarbDist,12,2087,-5.360555556,36.20638889,86.20728455,18.69331488
SCarbDist,12,2088,-5.360555556,36.20638889,77.52564548,19.52450358
SCarbDist,12,2089,-5.360555556,36.20638889,21.83974574,19.73219034
SCarbDist,12,2090,-5.360555556,36.20638889,9.243940148,21.10591431
SCarbDist,12,2091,-5.360555556,36.20638889,21.03497825,17.23090663
SCarbDist,12,2092,-5.360555556,36.20638889,128.7082065,19.80504557
SCarbDist,12,2093,-5.360555556,36.20638889,96.10037017,19.78619562
SCarbDist,12,2094,-5.360555556,36.20638889,28.08338559,19.97979224
SCarbDist,12,2095,-5.360555556,36.20638889,33.04868248,20.4342482
SCarbDist,12,2096,-5.360555556,36.20638889,72.83384204,20.43526103
SCarbDist,12,2097,-5.360555556,36.20638889,24.87392049,20.77764085
SCarbDist,12,2098,-5.360555556,36.20638889,2.374488469,20.40965694
SCarbDist,12,2099,-5.360555556,36.20638889,156.3346937,19.96675435
SCarbDist,12,2100,-5.360555556,36.20638889,11.53746834,19.43691203
SCarbDist,2,2015,-5.360555556,36.20638889,63.52952165,17.71156682
SCarbDist,2,2016,-5.360555556,36.20638889,8.770264028,16.67614557
SCarbDist,2,2017,-5.360555556,36.20638889,9.906995906,17.11281302
SCarbDist,2,2018,-5.360555556,36.20638889,4.601353831,16.36275635
SCarbDist,2,2019,-5.360555556,36.20638889,102.1852246,17.78094635
SCarbDist,2,2020,-5.360555556,36.20638889,110.1114468,18.74446601
SCarbDist,2,2021,-5.360555556,36.20638889,19.16019315,16.01241019
SCarbDist,2,2022,-5.360555556,36.20638889,17.29570766,16.05948465
SCarbDist,2,2023,-5.360555556,36.20638889,16.12397491,17.94716579
SCarbDist,2,2024,-5.360555556,36.20638889,25.26339114,16.89137763
SCarbDist,2,2025,-5.360555556,36.20638889,159.934054,16.70812814
SCarbDist,2,2026,-5.360555556,36.20638889,11.23149329,16.57631727
SCarbDist,2,2027,-5.360555556,36.20638889,15.25601011,16.76289193
SCarbDist,2,2028,-5.360555556,36.20638889,50.98503125,16.61374449
SCarbDist,2,2029,-5.360555556,36.20638889,49.30178237,17.02803955
SCarbDist,2,2030,-5.360555556,36.20638889,55.18079199,16.07852107
SCarbDist,2,2031,-5.360555556,36.20638889,39.35937184,18.25633283
SCarbDist,2,2032,-5.360555556,36.20638889,17.20843415,18.77562235
SCarbDist,2,2033,-5.360555556,36.20638889,2.949966497,19.4430797
SCarbDist,2,2034,-5.360555556,36.20638889,6.518328869,19.07519684
SCarbDist,2,2035,-5.360555556,36.20638889,192.4375327,17.45913304
SCarbDist,2,2036,-5.360555556,36.20638889,76.82317808,18.43792325
SCarbDist,2,2037,-5.360555556,36.20638889,3.954713466,17.38316171
SCarbDist,2,2038,-5.360555556,36.20638889,139.1856777,14.19375654
SCarbDist,2,2039,-5.360555556,36.20638889,85.59846956,16.53040139
SCarbDist,2,2040,-5.360555556,36.20638889,22.74741584,16.59951382
SCarbDist,2,2041,-5.360555556,36.20638889,78.8584598,16.4836877
SCarbDist,2,2042,-5.360555556,36.20638889,31.51616951,18.60442505
SCarbDist,2,2043,-5.360555556,36.20638889,135.2918281,16.75369197
SCarbDist,2,2044,-5.360555556,36.20638889,11.23114242,17.02840366
SCarbDist,2,2045,-5.360555556,36.20638889,40.0269974,15.2336441
SCarbDist,2,2046,-5.360555556,36.20638889,25.34924249,18.89820905
SCarbDist,2,2047,-5.360555556,36.20638889,24.91817631,16.7164529
SCarbDist,2,2048,-5.360555556,36.20638889,75.42047068,16.36353086
SCarbDist,2,2049,-5.360555556,36.20638889,121.9728631,15.66353433
SCarbDist,2,2050,-5.360555556,36.20638889,4.307467867,17.26118404
SCarbDist,2,2051,-5.360555556,36.20638889,4.582855025,18.529342
SCarbDist,2,2052,-5.360555556,36.20638889,20.94215593,18.15095488
SCarbDist,2,2053,-5.360555556,36.20638889,4.085546612,17.05096588
SCarbDist,2,2054,-5.360555556,36.20638889,5.421081688,17.31779742
SCarbDist,2,2055,-5.360555556,36.20638889,27.74543845,17.12939497
SCarbDist,2,2056,-5.360555556,36.20638889,1.234611707,17.10669808
SCarbDist,2,2057,-5.360555556,36.20638889,33.91091411,17.33514666
SCarbDist,2,2058,-5.360555556,36.20638889,30.75595053,16.37104841
SCarbDist,2,2059,-5.360555556,36.20638889,20.97553504,19.17762146
SCarbDist,2,2060,-5.360555556,36.20638889,51.00472443,17.20630956
SCarbDist,2,2061,-5.360555556,36.20638889,20.62523094,19.04899968
SCarbDist,2,2062,-5.360555556,36.20638889,3.160898805,17.04032615
SCarbDist,2,2063,-5.360555556,36.20638889,14.63204233,18.26242763
SCarbDist,2,2064,-5.360555556,36.20638889,60.19812423,18.40012565
SCarbDist,2,2065,-5.360555556,36.20638889,4.362964254,18.13184182
SCarbDist,2,2066,-5.360555556,36.20638889,40.62130494,19.11300049
SCarbDist,2,2067,-5.360555556,36.20638889,0.897553442,18.19641266
SCarbDist,2,2068,-5.360555556,36.20638889,1.140532536,19.39933956
SCarbDist,2,2069,-5.360555556,36.20638889,48.70198808,16.89492514
SCarbDist,2,2070,-5.360555556,36.20638889,348.5830769,18.13296552
SCarbDist,2,2071,-5.360555556,36.20638889,7.254273752,17.65318015
SCarbDist,2,2072,-5.360555556,36.20638889,7.397802867,20.03806826
SCarbDist,2,2073,-5.360555556,36.20638889,95.45942441,18.83802948
SCarbDist,2,2074,-5.360555556,36.20638889,93.74844594,16.90957467
SCarbDist,2,2075,-5.360555556,36.20638889,4.467998422,17.53445042
SCarbDist,2,2076,-5.360555556,36.20638889,19.93019795,18.44994612
SCarbDist,2,2077,-5.360555556,36.20638889,3.917368963,19.92679531
SCarbDist,2,2078,-5.360555556,36.20638889,64.06597665,18.3518801
SCarbDist,2,2079,-5.360555556,36.20638889,5.331472391,19.40429513
SCarbDist,2,2080,-5.360555556,36.20638889,160.4752698,19.89014535
SCarbDist,2,2081,-5.360555556,36.20638889,27.33690582,19.37609035
SCarbDist,2,2082,-5.360555556,36.20638889,14.69496246,20.2896722
SCarbDist,2,2083,-5.360555556,36.20638889,127.6186744,18.98400269
SCarbDist,2,2084,-5.360555556,36.20638889,15.76542942,18.55579581
SCarbDist,2,2085,-5.360555556,36.20638889,10.69503704,17.58584856
SCarbDist,2,2086,-5.360555556,36.20638889,81.25000269,17.92890211
SCarbDist,2,2087,-5.360555556,36.20638889,200.5284278,18.03568529
SCarbDist,2,2088,-5.360555556,36.20638889,46.35567242,20.44682807
SCarbDist,2,2089,-5.360555556,36.20638889,6.314797075,19.77801666
SCarbDist,2,2090,-5.360555556,36.20638889,452.8039452,18.94558541
SCarbDist,2,2091,-5.360555556,36.20638889,2.262317816,19.3094247
SCarbDist,2,2092,-5.360555556,36.20638889,29.08962806,18.21078302
SCarbDist,2,2093,-5.360555556,36.20638889,9.35689699,19.35261797
SCarbDist,2,2094,-5.360555556,36.20638889,48.12986672,21.61082829
SCarbDist,2,2095,-5.360555556,36.20638889,48.72202204,17.25948486
SCarbDist,2,2096,-5.360555556,36.20638889,69.11693216,19.33313956
SCarbDist,2,2097,-5.360555556,36.20638889,87.90147126,20.73708932
SCarbDist,2,2098,-5.360555556,36.20638889,20.898212,18.87474867
SCarbDist,2,2099,-5.360555556,36.20638889,37.09090311,19.23767351
SCarbDist,2,2100,-5.360555556,36.20638889,54.11412118,20.76709137
SCarbDist,3,2015,-5.360555556,36.20638889,62.55906124,18.06195049
SCarbDist,3,2016,-5.360555556,36.20638889,17.3589881,19.58886798
SCarbDist,3,2017,-5.360555556,36.20638889,40.68994623,17.92695253
SCarbDist,3,2018,-5.360555556,36.20638889,6.842129152,18.61981871
SCarbDist,3,2019,-5.360555556,36.20638889,27.4633525,18.23858328
SCarbDist,3,2020,-5.360555556,36.20638889,54.1048419,17.76059334
SCarbDist,3,2021,-5.360555556,36.20638889,29.38993909,18.58860907
SCarbDist,3,2022,-5.360555556,36.20638889,0.565580365,19.50533349
SCarbDist,3,2023,-5.360555556,36.20638889,29.80654672,19.09259604
SCarbDist,3,2024,-5.360555556,36.20638889,12.72274266,17.06789945
SCarbDist,3,2025,-5.360555556,36.20638889,121.3745872,17.84254091
SCarbDist,3,2026,-5.360555556,36.20638889,11.48111448,17.76541906
SCarbDist,3,2027,-5.360555556,36.20638889,42.80552957,16.87541524
SCarbDist,3,2028,-5.360555556,36.20638889,17.02169953,19.17907892
SCarbDist,3,2029,-5.360555556,36.20638889,11.84022254,17.56855508
SCarbDist,3,2030,-5.360555556,36.20638889,62.10159195,16.97680841
SCarbDist,3,2031,-5.360555556,36.20638889,16.60851066,18.13212123
SCarbDist,3,2032,-5.360555556,36.20638889,15.28354995,18.55716612
SCarbDist,3,2033,-5.360555556,36.20638889,6.73215735,19.10750536
SCarbDist,3,2034,-5.360555556,36.20638889,0.106361664,20.99688012
SCarbDist,3,2035,-5.360555556,36.20638889,116.7358329,18.4456539
SCarbDist,3,2036,-5.360555556,36.20638889,11.45653166,19.58046678
SCarbDist,3,2037,-5.360555556,36.20638889,20.89272724,18.85129847
SCarbDist,3,2038,-5.360555556,36.20638889,47.44232073,18.63150497
SCarbDist,3,2039,-5.360555556,36.20638889,3.067135264,20.5932123
SCarbDist,3,2040,-5.360555556,36.20638889,135.0961805,17.74135841
SCarbDist,3,2041,-5.360555556,36.20638889,76.69365701,16.04119361
SCarbDist,3,2042,-5.360555556,36.20638889,1.470778273,17.93915661
SCarbDist,3,2043,-5.360555556,36.20638889,14.31579316,20.32226247
SCarbDist,3,2044,-5.360555556,36.20638889,36.6220272,18.97033376
SCarbDist,3,2045,-5.360555556,36.20638889,4.420551883,19.33240908
SCarbDist,3,2046,-5.360555556,36.20638889,44.63569714,19.60733997
SCarbDist,3,2047,-5.360555556,36.20638889,24.82429994,18.86905478
SCarbDist,3,2048,-5.360555556,36.20638889,1.264593223,19.09909038
SCarbDist,3,2049,-5.360555556,36.20638889,55.88138003,19.1585081
SCarbDist,3,2050,-5.360555556,36.20638889,9.362609782,19.08564296
SCarbDist,3,2051,-5.360555556,36.20638889,14.82211683,19.57908266
SCarbDist,3,2052,-5.360555556,36.20638889,26.84992308,18.70418307
SCarbDist,3,2053,-5.360555556,36.20638889,31.02429837,17.62664874
SCarbDist,3,2054,-5.360555556,36.20638889,4.319968496,18.91960272
SCarbDist,3,2055,-5.360555556,36.20638889,40.4061292,17.87013668
SCarbDist,3,2056,-5.360555556,36.20638889,9.356926945,18.27796572
SCarbDist,3,2057,-5.360555556,36.20638889,36.61384057,17.81075439
SCarbDist,3,2058,-5.360555556,36.20638889,45.79024546,20.61736056
SCarbDist,3,2059,-5.360555556,36.20638889,7.984629389,19.99129639
SCarbDist,3,2060,-5.360555556,36.20638889,31.21832898,18.19624457
SCarbDist,3,2061,-5.360555556,36.20638889,9.715819749,19.28103421
SCarbDist,3,2062,-5.360555556,36.20638889,73.7203914,17.89624988
SCarbDist,3,2063,-5.360555556,36.20638889,31.536227,17.55720845
SCarbDist,3,2064,-5.360555556,36.20638889,72.37834433,19.08711961
SCarbDist,3,2065,-5.360555556,36.20638889,7.432193751,21.01465218
SCarbDist,3,2066,-5.360555556,36.20638889,13.62434744,20.00686823
SCarbDist,3,2067,-5.360555556,36.20638889,57.32946055,17.62534042
SCarbDist,3,2068,-5.360555556,36.20638889,34.37081101,19.34905199
SCarbDist,3,2069,-5.360555556,36.20638889,3.674875347,20.05368515
SCarbDist,3,2070,-5.360555556,36.20638889,21.01401028,19.8815601
SCarbDist,3,2071,-5.360555556,36.20638889,9.725640417,20.23069497
SCarbDist,3,2072,-5.360555556,36.20638889,48.96383384,19.51004698
SCarbDist,3,2073,-5.360555556,36.20638889,78.92367458,18.49962769
SCarbDist,3,2074,-5.360555556,36.20638889,44.52291089,19.49922505
SCarbDist,3,2075,-5.360555556,36.20638889,20.17536577,19.86970648
SCarbDist,3,2076,-5.360555556,36.20638889,5.341650278,19.95452271
SCarbDist,3,2077,-5.360555556,36.20638889,13.35178622,20.79397957
SCarbDist,3,2078,-5.360555556,36.20638889,37.66544962,18.64774623
SCarbDist,3,2079,-5.360555556,36.20638889,17.25287738,20.03804833
SCarbDist,3,2080,-5.360555556,36.20638889,120.1631774,18.62273658
SCarbDist,3,2081,-5.360555556,36.20638889,3.305055651,20.3579769
SCarbDist,3,2082,-5.360555556,36.20638889,14.02696201,19.65885463
SCarbDist,3,2083,-5.360555556,36.20638889,8.889544878,19.89779348
SCarbDist,3,2084,-5.360555556,36.20638889,29.4043057,20.46288649
SCarbDist,3,2085,-5.360555556,36.20638889,19.01304906,20.42425124
SCarbDist,3,2086,-5.360555556,36.20638889,0.155422724,20.23009053
SCarbDist,3,2087,-5.360555556,36.20638889,61.29813728,20.4131832
SCarbDist,3,2088,-5.360555556,36.20638889,30.80273414,19.64307507
SCarbDist,3,2089,-5.360555556,36.20638889,2.419793492,22.36641157
SCarbDist,3,2090,-5.360555556,36.20638889,210.681203,19.48000981
SCarbDist,3,2091,-5.360555556,36.20638889,25.84565362,19.73611135
SCarbDist,3,2092,-5.360555556,36.20638889,1.794747682,20.68583709
SCarbDist,3,2093,-5.360555556,36.20638889,55.04690352,19.7374433
SCarbDist,3,2094,-5.360555556,36.20638889,54.40053202,20.37062988
SCarbDist,3,2095,-5.360555556,36.20638889,4.129455998,21.60662231
SCarbDist,3,2096,-5.360555556,36.20638889,28.41506904,21.44955818
SCarbDist,3,2097,-5.360555556,36.20638889,84.598162,19.58568726
SCarbDist,3,2098,-5.360555556,36.20638889,22.88915164,20.71508671
SCarbDist,3,2099,-5.360555556,36.20638889,5.704978852,21.5345014
SCarbDist,3,2100,-5.360555556,36.20638889,67.15632233,20.63284085
SCarbDist,4,2015,-5.360555556,36.20638889,0.997038308,21.19927368
SCarbDist,4,2016,-5.360555556,36.20638889,4.592365165,21.50236715
SCarbDist,4,2017,-5.360555556,36.20638889,14.42340417,20.85470785
SCarbDist,4,2018,-5.360555556,36.20638889,76.72006134,18.47510885
SCarbDist,4,2019,-5.360555556,36.20638889,78.2422982,18.63050435
SCarbDist,4,2020,-5.360555556,36.20638889,15.8084454,20.98630778
SCarbDist,4,2021,-5.360555556,36.20638889,2.50299998,20.63097127
SCarbDist,4,2022,-5.360555556,36.20638889,11.8539232,21.30489807
SCarbDist,4,2023,-5.360555556,36.20638889,18.65401309,20.31505025
SCarbDist,4,2024,-5.360555556,36.20638889,28.71488675,18.8462026
SCarbDist,4,2025,-5.360555556,36.20638889,26.89367719,19.85318502
SCarbDist,4,2026,-5.360555556,36.20638889,19.50209712,18.68402608
SCarbDist,4,2027,-5.360555556,36.20638889,80.77827479,18.80517782
SCarbDist,4,2028,-5.360555556,36.20638889,50.34241849,18.73544108
SCarbDist,4,2029,-5.360555556,36.20638889,24.68067339,18.38355204
SCarbDist,4,2030,-5.360555556,36.20638889,28.16847346,18.68781942
SCarbDist,4,2031,-5.360555556,36.20638889,4.285913804,20.19021505
SCarbDist,4,2032,-5.360555556,36.20638889,4.270520893,22.40272319
SCarbDist,4,2033,-5.360555556,36.20638889,35.34304594,19.67840678
SCarbDist,4,2034,-5.360555556,36.20638889,1.563868199,21.87475484
SCarbDist,4,2035,-5.360555556,36.20638889,6.888591211,19.85087382
SCarbDist,4,2036,-5.360555556,36.20638889,32.5651894,20.75412699
SCarbDist,4,2037,-5.360555556,36.20638889,13.03375037,21.11741333
SCarbDist,4,2038,-5.360555556,36.20638889,30.36374783,19.24254354
SCarbDist,4,2039,-5.360555556,36.20638889,119.3179357,19.4769989
SCarbDist,4,2040,-5.360555556,36.20638889,64.04376325,19.55901286
SCarbDist,4,2041,-5.360555556,36.20638889,12.50825958,20.01427816
SCarbDist,4,2042,-5.360555556,36.20638889,22.96039502,20.33559774
SCarbDist,4,2043,-5.360555556,36.20638889,14.20379645,20.17093709
SCarbDist,4,2044,-5.360555556,36.20638889,43.33515629,19.50230713
SCarbDist,4,2045,-5.360555556,36.20638889,71.08928181,20.81444906
SCarbDist,4,2046,-5.360555556,36.20638889,2.679115455,21.68072103
SCarbDist,4,2047,-5.360555556,36.20638889,58.73267629,20.81400859
SCarbDist,4,2048,-5.360555556,36.20638889,10.89985783,21.7132487
SCarbDist,4,2049,-5.360555556,36.20638889,14.12283755,19.3112325
SCarbDist,4,2050,-5.360555556,36.20638889,27.58999062,19.07072449
SCarbDist,4,2051,-5.360555556,36.20638889,0.614525646,21.77561849
SCarbDist,4,2052,-5.360555556,36.20638889,25.95047711,20.97858582
SCarbDist,4,2053,-5.360555556,36.20638889,27.44520144,21.45169678
SCarbDist,4,2054,-5.360555556,36.20638889,69.91889746,20.37625732
SCarbDist,4,2055,-5.360555556,36.20638889,60.90023316,19.86444499
SCarbDist,4,2056,-5.360555556,36.20638889,14.3851001,20.74487
SCarbDist,4,2057,-5.360555556,36.20638889,44.6964654,19.85389709
SCarbDist,4,2058,-5.360555556,36.20638889,12.58563013,20.58935649
SCarbDist,4,2059,-5.360555556,36.20638889,12.64808018,22.09418437
SCarbDist,4,2060,-5.360555556,36.20638889,16.38880635,20.73282878
SCarbDist,4,2061,-5.360555556,36.20638889,10.8447243,21.60102641
SCarbDist,4,2062,-5.360555556,36.20638889,23.04893039,22.17536926
SCarbDist,4,2063,-5.360555556,36.20638889,3.722450756,21.59517619
SCarbDist,4,2064,-5.360555556,36.20638889,24.78803942,22.38102722
SCarbDist,4,2065,-5.360555556,36.20638889,77.79760329,20.45720113
SCarbDist,4,2066,-5.360555556,36.20638889,13.20826901,19.94982605
SCarbDist,4,2067,-5.360555556,36.20638889,52.59727462,20.85931295
SCarbDist,4,2068,-5.360555556,36.20638889,4.746713554,21.52257385
SCarbDist,4,2069,-5.360555556,36.20638889,12.54622851,20.56937968
SCarbDist,4,2070,-5.360555556,36.20638889,20.02208523,21.73228658
SCarbDist,4,2071,-5.360555556,36.20638889,24.36757554,22.49993388
SCarbDist,4,2072,-5.360555556,36.20638889,29.48405887,22.87867025
SCarbDist,4,2073,-5.360555556,36.20638889,26.61282233,21.11741842
SCarbDist,4,2074,-5.360555556,36.20638889,17.43415928,21.80118306
SCarbDist,4,2075,-5.360555556,36.20638889,8.568072119,23.42304688
SCarbDist,4,2076,-5.360555556,36.20638889,6.430383639,21.01566569
SCarbDist,4,2077,-5.360555556,36.20638889,6.140798482,22.79282227
SCarbDist,4,2078,-5.360555556,36.20638889,79.45921198,21.44376628
SCarbDist,4,2079,-5.360555556,36.20638889,12.15784731,22.95261536
SCarbDist,4,2080,-5.360555556,36.20638889,22.84302137,21.01720886
SCarbDist,4,2081,-5.360555556,36.20638889,4.23595431,23.29123637
SCarbDist,4,2082,-5.360555556,36.20638889,6.737805281,22.49538879
SCarbDist,4,2083,-5.360555556,36.20638889,0.507813529,22.80450236
SCarbDist,4,2084,-5.360555556,36.20638889,5.307546348,21.63680115
SCarbDist,4,2085,-5.360555556,36.20638889,7.757179576,24.19002991
SCarbDist,4,2086,-5.360555556,36.20638889,4.87832179,21.76708883
SCarbDist,4,2087,-5.360555556,36.20638889,3.876864952,23.66367188
SCarbDist,4,2088,-5.360555556,36.20638889,28.28408037,21.9433075
SCarbDist,4,2089,-5.360555556,36.20638889,10.98533573,23.93778788
SCarbDist,4,2090,-5.360555556,36.20638889,33.49129108,22.22095947
SCarbDist,4,2091,-5.360555556,36.20638889,3.974597928,20.6413147
SCarbDist,4,2092,-5.360555556,36.20638889,6.605699057,23.69542033
SCarbDist,4,2093,-5.360555556,36.20638889,37.43614697,21.05088501
SCarbDist,4,2094,-5.360555556,36.20638889,11.28495427,23.65165507
SCarbDist,4,2095,-5.360555556,36.20638889,23.98445973,21.09836019
SCarbDist,4,2096,-5.360555556,36.20638889,6.396596706,24.74557495
SCarbDist,4,2097,-5.360555556,36.20638889,13.21835477,23.23469747
SCarbDist,4,2098,-5.360555556,36.20638889,0.677833277,22.94727376
SCarbDist,4,2099,-5.360555556,36.20638889,12.59762597,22.88814087
SCarbDist,4,2100,-5.360555556,36.20638889,3.905480198,24.34881287
SCarbDist,5,2015,-5.360555556,36.20638889,11.88068263,21.98199837
SCarbDist,5,2016,-5.360555556,36.20638889,18.22649213,23.00279659
SCarbDist,5,2017,-5.360555556,36.20638889,4.837284042,22.75991998
SCarbDist,5,2018,-5.360555556,36.20638889,69.86922772,20.82360131
SCarbDist,5,2019,-5.360555556,36.20638889,28.03567568,20.4067243
SCarbDist,5,2020,-5.360555556,36.20638889,2.393937607,23.11930286
SCarbDist,5,2021,-5.360555556,36.20638889,60.71061723,21.05888692
SCarbDist,5,2022,-5.360555556,36.20638889,66.41323947,22.18955039
SCarbDist,5,2023,-5.360555556,36.20638889,1.586223267,23.25590348
SCarbDist,5,2024,-5.360555556,36.20638889,1.245581826,23.23558074
SCarbDist,5,2025,-5.360555556,36.20638889,45.08733244,22.79249405
SCarbDist,5,2026,-5.360555556,36.20638889,39.80014288,20.70562035
SCarbDist,5,2027,-5.360555556,36.20638889,11.47602689,21.7066993
SCarbDist,5,2028,-5.360555556,36.20638889,6.872671747,20.99666453
SCarbDist,5,2029,-5.360555556,36.20638889,11.85715397,21.9647392
SCarbDist,5,2030,-5.360555556,36.20638889,14.86062762,20.7373291
SCarbDist,5,2031,-5.360555556,36.20638889,12.23809821,22.31708138
SCarbDist,5,2032,-5.360555556,36.20638889,17.90888729,23.64027631
SCarbDist,5,2033,-5.360555556,36.20638889,15.21729782,21.82395472
SCarbDist,5,2034,-5.360555556,36.20638889,2.889129501,22.95356189
SCarbDist,5,2035,-5.360555556,36.20638889,21.10339841,21.97126898
SCarbDist,5,2036,-5.360555556,36.20638889,86.4208204,22.28368333
SCarbDist,5,2037,-5.360555556,36.20638889,27.25861605,20.97233808
SCarbDist,5,2038,-5.360555556,36.20638889,4.026077102,22.63434114
SCarbDist,5,2039,-5.360555556,36.20638889,38.73566644,21.6712743
SCarbDist,5,2040,-5.360555556,36.20638889,45.97248444,21.91120743
SCarbDist,5,2041,-5.360555556,36.20638889,10.28464217,22.01794119
SCarbDist,5,2042,-5.360555556,36.20638889,3.736915247,24.41715639
SCarbDist,5,2043,-5.360555556,36.20638889,23.5436641,22.36689197
SCarbDist,5,2044,-5.360555556,36.20638889,20.12160147,22.15314292
SCarbDist,5,2045,-5.360555556,36.20638889,4.613011962,22.25072632
SCarbDist,5,2046,-5.360555556,36.20638889,25.03153367,22.71474905
SCarbDist,5,2047,-5.360555556,36.20638889,49.6420367,23.78232875
SCarbDist,5,2048,-5.360555556,36.20638889,2.22120421,23.70842994
SCarbDist,5,2049,-5.360555556,36.20638889,83.1348408,22.31045119
SCarbDist,5,2050,-5.360555556,36.20638889,9.91155538,22.8031378
SCarbDist,5,2051,-5.360555556,36.20638889,33.74720625,22.57618743
SCarbDist,5,2052,-5.360555556,36.20638889,1.553162716,24.86277407
SCarbDist,5,2053,-5.360555556,36.20638889,16.10983951,22.72945754
SCarbDist,5,2054,-5.360555556,36.20638889,35.56730238,21.7915421
SCarbDist,5,2055,-5.360555556,36.20638889,1.955888853,22.82359442
SCarbDist,5,2056,-5.360555556,36.20638889,13.21243285,23.11156518
SCarbDist,5,2057,-5.360555556,36.20638889,8.473368187,22.75339907
SCarbDist,5,2058,-5.360555556,36.20638889,25.6560383,21.77323549
SCarbDist,5,2059,-5.360555556,36.20638889,39.99608578,24.5379617
SCarbDist,5,2060,-5.360555556,36.20638889,2.442706154,24.49130623
SCarbDist,5,2061,-5.360555556,36.20638889,4.669643627,22.67891452
SCarbDist,5,2062,-5.360555556,36.20638889,29.34554724,23.05847345
SCarbDist,5,2063,-5.360555556,36.20638889,25.64741619,21.5364496
SCarbDist,5,2064,-5.360555556,36.20638889,1.578046396,24.66865077
SCarbDist,5,2065,-5.360555556,36.20638889,1.24098866,25.46899493
SCarbDist,5,2066,-5.360555556,36.20638889,4.210464034,24.15412145
SCarbDist,5,2067,-5.360555556,36.20638889,24.31397861,23.12220301
SCarbDist,5,2068,-5.360555556,36.20638889,7.9530373,23.04682755
SCarbDist,5,2069,-5.360555556,36.20638889,23.35381383,23.96253505
SCarbDist,5,2070,-5.360555556,36.20638889,59.41598335,24.12269523
SCarbDist,5,2071,-5.360555556,36.20638889,19.33753235,24.27510789
SCarbDist,5,2072,-5.360555556,36.20638889,1.630272048,25.57698286
SCarbDist,5,2073,-5.360555556,36.20638889,4.93618673,23.00786546
SCarbDist,5,2074,-5.360555556,36.20638889,3.927578224,24.46143444
SCarbDist,5,2075,-5.360555556,36.20638889,5.499548903,25.19330503
SCarbDist,5,2076,-5.360555556,36.20638889,18.14746413,24.40987352
SCarbDist,5,2077,-5.360555556,36.20638889,8.491153436,26.02428687
SCarbDist,5,2078,-5.360555556,36.20638889,22.41403882,22.87139085
SCarbDist,5,2079,-5.360555556,36.20638889,0.605536308,24.52269602
SCarbDist,5,2080,-5.360555556,36.20638889,7.481823965,23.75190961
SCarbDist,5,2081,-5.360555556,36.20638889,20.69787176,24.85599326
SCarbDist,5,2082,-5.360555556,36.20638889,14.75705622,25.13079617
SCarbDist,5,2083,-5.360555556,36.20638889,20.73937432,21.78108343
SCarbDist,5,2084,-5.360555556,36.20638889,20.21109608,25.39334185
SCarbDist,5,2085,-5.360555556,36.20638889,11.61566839,26.60534058
SCarbDist,5,2086,-5.360555556,36.20638889,1.314646508,25.19490278
SCarbDist,5,2087,-5.360555556,36.20638889,1.988766129,25.42262101
SCarbDist,5,2088,-5.360555556,36.20638889,18.53790561,26.73530017
SCarbDist,5,2089,-5.360555556,36.20638889,11.95104807,25.79011073
SCarbDist,5,2090,-5.360555556,36.20638889,56.11865331,23.22044402
SCarbDist,5,2091,-5.360555556,36.20638889,17.86050537,22.42658435
SCarbDist,5,2092,-5.360555556,36.20638889,1.235938238,27.58111848
SCarbDist,5,2093,-5.360555556,36.20638889,5.768555628,25.76832709
SCarbDist,5,2094,-5.360555556,36.20638889,4.162233124,24.57984166
SCarbDist,5,2095,-5.360555556,36.20638889,11.3196495,25.49376536
SCarbDist,5,2096,-5.360555556,36.20638889,0.000373148,25.51531766
SCarbDist,5,2097,-5.360555556,36.20638889,21.53480959,25.17085788
SCarbDist,5,2098,-5.360555556,36.20638889,9.197093063,24.0943257
SCarbDist,5,2099,-5.360555556,36.20638889,34.94636978,24.95521673
SCarbDist,5,2100,-5.360555556,36.20638889,10.37429377,26.50386668
SCarbDist,6,2015,-5.360555556,36.20638889,21.08220366,24.28972982
SCarbDist,6,2016,-5.360555556,36.20638889,0.022820771,26.41442159
SCarbDist,6,2017,-5.360555556,36.20638889,11.10587636,26.39422811
SCarbDist,6,2018,-5.360555556,36.20638889,5.416535766,25.12298279
SCarbDist,6,2019,-5.360555556,36.20638889,2.270510315,25.89395243
SCarbDist,6,2020,-5.360555556,36.20638889,7.126627446,26.29024963
SCarbDist,6,2021,-5.360555556,36.20638889,7.748040814,25.57351278
SCarbDist,6,2022,-5.360555556,36.20638889,14.42474994,24.86877441
SCarbDist,6,2023,-5.360555556,36.20638889,0.016070673,26.28279724
SCarbDist,6,2024,-5.360555556,36.20638889,39.98845773,25.76555074
SCarbDist,6,2025,-5.360555556,36.20638889,15.55546236,23.96246338
SCarbDist,6,2026,-5.360555556,36.20638889,7.093417372,23.00584106
SCarbDist,6,2027,-5.360555556,36.20638889,4.210477907,26.18497416
SCarbDist,6,2028,-5.360555556,36.20638889,0.626040546,26.22219543
SCarbDist,6,2029,-5.360555556,36.20638889,0.037724458,25.39346415
SCarbDist,6,2030,-5.360555556,36.20638889,5.642744808,25.59600627
SCarbDist,6,2031,-5.360555556,36.20638889,37.32982561,25.32162272
SCarbDist,6,2032,-5.360555556,36.20638889,0.263484103,27.01080424
SCarbDist,6,2033,-5.360555556,36.20638889,3.431292614,25.32677307
SCarbDist,6,2034,-5.360555556,36.20638889,0.110391297,26.17027283
SCarbDist,6,2035,-5.360555556,36.20638889,38.78110719,23.9302714
SCarbDist,6,2036,-5.360555556,36.20638889,4.355834013,26.76652425
SCarbDist,6,2037,-5.360555556,36.20638889,2.876805098,24.98404643
SCarbDist,6,2038,-5.360555556,36.20638889,0.502415697,27.26080017
SCarbDist,6,2039,-5.360555556,36.20638889,2.823297614,25.79406128
SCarbDist,6,2040,-5.360555556,36.20638889,11.78563034,25.19061483
SCarbDist,6,2041,-5.360555556,36.20638889,8.241640717,26.58808289
SCarbDist,6,2042,-5.360555556,36.20638889,0.292030518,28.37888997
SCarbDist,6,2043,-5.360555556,36.20638889,38.9083505,24.99426371
SCarbDist,6,2044,-5.360555556,36.20638889,0.308795287,28.44122314
SCarbDist,6,2045,-5.360555556,36.20638889,22.45278584,27.45620219
SCarbDist,6,2046,-5.360555556,36.20638889,0.761313974,24.85248515
SCarbDist,6,2047,-5.360555556,36.20638889,8.885934919,26.13469442
SCarbDist,6,2048,-5.360555556,36.20638889,1.122178583,26.49880981
SCarbDist,6,2049,-5.360555556,36.20638889,0.571757414,28.69426168
SCarbDist,6,2050,-5.360555556,36.20638889,0.043373154,27.08619486
SCarbDist,6,2051,-5.360555556,36.20638889,0.631282104,25.2382487
SCarbDist,6,2052,-5.360555556,36.20638889,0.003504511,27.68349609
SCarbDist,6,2053,-5.360555556,36.20638889,10.27300282,25.44772135
SCarbDist,6,2054,-5.360555556,36.20638889,3.836502435,25.45348511
SCarbDist,6,2055,-5.360555556,36.20638889,0.239242427,27.32704163
SCarbDist,6,2056,-5.360555556,36.20638889,0.338161868,27.78692322
SCarbDist,6,2057,-5.360555556,36.20638889,2.468636105,26.08778992
SCarbDist,6,2058,-5.360555556,36.20638889,18.56924702,27.15012105
SCarbDist,6,2059,-5.360555556,36.20638889,0.391462939,28.55395813
SCarbDist,6,2060,-5.360555556,36.20638889,0.245718406,28.64595133
SCarbDist,6,2061,-5.360555556,36.20638889,0.25890448,24.82262472
SCarbDist,6,2062,-5.360555556,36.20638889,0.137968385,28.20379232
SCarbDist,6,2063,-5.360555556,36.20638889,0.001161158,27.58115946
SCarbDist,6,2064,-5.360555556,36.20638889,1.211420709,25.26529643
SCarbDist,6,2065,-5.360555556,36.20638889,12.3981303,27.6530955
SCarbDist,6,2066,-5.360555556,36.20638889,0.936628226,27.89834391
SCarbDist,6,2067,-5.360555556,36.20638889,4.874605648,26.10007833
SCarbDist,6,2068,-5.360555556,36.20638889,0.907365325,29.02380676
SCarbDist,6,2069,-5.360555556,36.20638889,0.385602269,27.4850942
SCarbDist,6,2070,-5.360555556,36.20638889,24.1389959,26.49941305
SCarbDist,6,2071,-5.360555556,36.20638889,1.057384725,28.17461344
SCarbDist,6,2072,-5.360555556,36.20638889,19.90513297,27.92979838
SCarbDist,6,2073,-5.360555556,36.20638889,7.361954569,26.96198324
SCarbDist,6,2074,-5.360555556,36.20638889,0.205560955,29.23354899
SCarbDist,6,2075,-5.360555556,36.20638889,0.246453487,28.7344401
SCarbDist,6,2076,-5.360555556,36.20638889,1.400672169,28.20884603
SCarbDist,6,2077,-5.360555556,36.20638889,0.510965506,28.09331258
SCarbDist,6,2078,-5.360555556,36.20638889,1.653815217,28.29619242
SCarbDist,6,2079,-5.360555556,36.20638889,28.11815817,28.43735758
SCarbDist,6,2080,-5.360555556,36.20638889,3.540224173,25.21096395
SCarbDist,6,2081,-5.360555556,36.20638889,18.53599536,29.09919739
SCarbDist,6,2082,-5.360555556,36.20638889,9.681193917,29.49425761
SCarbDist,6,2083,-5.360555556,36.20638889,1.003589224,29.74810588
SCarbDist,6,2084,-5.360555556,36.20638889,41.16774923,29.33853455
SCarbDist,6,2085,-5.360555556,36.20638889,0.515940841,28.71917725
SCarbDist,6,2086,-5.360555556,36.20638889,0.168413818,28.28641968
SCarbDist,6,2087,-5.360555556,36.20638889,15.79445506,27.66224162
SCarbDist,6,2088,-5.360555556,36.20638889,2.183124045,31.44813538
SCarbDist,6,2089,-5.360555556,36.20638889,3.399676305,29.52637126
SCarbDist,6,2090,-5.360555556,36.20638889,2.60921573,27.05529277
SCarbDist,6,2091,-5.360555556,36.20638889,0.189729669,27.69887085
SCarbDist,6,2092,-5.360555556,36.20638889,0.013331077,29.42327271
SCarbDist,6,2093,-5.360555556,36.20638889,1.263619354,29.42476095
SCarbDist,6,2094,-5.360555556,36.20638889,4.858296364,27.66596375
SCarbDist,6,2095,-5.360555556,36.20638889,0.213523026,30.63386027
SCarbDist,6,2096,-5.360555556,36.20638889,20.24869061,28.81171977
SCarbDist,6,2097,-5.360555556,36.20638889,1.74407825,29.16331278
SCarbDist,6,2098,-5.360555556,36.20638889,0.504583256,29.40651449
SCarbDist,6,2099,-5.360555556,36.20638889,0.490318114,28.98297831
SCarbDist,6,2100,-5.360555556,36.20638889,0.217305427,27.58370463
SCarbDist,7,2015,-5.360555556,36.20638889,2.58323441034937e-05,28.76046536
SCarbDist,7,2016,-5.360555556,36.20638889,8.908325346,29.23536416
SCarbDist,7,2017,-5.360555556,36.20638889,0.017598832,30.04603705
SCarbDist,7,2018,-5.360555556,36.20638889,0.07650039,28.77544654
SCarbDist,7,2019,-5.360555556,36.20638889,0.538977602,29.44798801
SCarbDist,7,2020,-5.360555556,36.20638889,0.46334666,30.11969664
SCarbDist,7,2021,-5.360555556,36.20638889,6.92488714952824e-07,29.82106835
SCarbDist,7,2022,-5.360555556,36.20638889,1.340734636,28.72626599
SCarbDist,7,2023,-5.360555556,36.20638889,0.322553404,29.22523331
SCarbDist,7,2024,-5.360555556,36.20638889,0.203860273,29.0654039
SCarbDist,7,2025,-5.360555556,36.20638889,9.78678038,29.71809909
SCarbDist,7,2026,-5.360555556,36.20638889,0.249298938,28.78039433
SCarbDist,7,2027,-5.360555556,36.20638889,0.019758294,29.75233587
SCarbDist,7,2028,-5.360555556,36.20638889,0.099234095,30.05992451
SCarbDist,7,2029,-5.360555556,36.20638889,0.830440562,28.72312268
SCarbDist,7,2030,-5.360555556,36.20638889,0.46712605,28.81430822
SCarbDist,7,2031,-5.360555556,36.20638889,3.820692533,29.40341954
SCarbDist,7,2032,-5.360555556,36.20638889,0.645969486,30.66045926
SCarbDist,7,2033,-5.360555556,36.20638889,3.282253309,30.96832059
SCarbDist,7,2034,-5.360555556,36.20638889,0.337806434,30.31676242
SCarbDist,7,2035,-5.360555556,36.20638889,5.78312397779096e-05,28.75422993
SCarbDist,7,2036,-5.360555556,36.20638889,0.537999826,30.80514999
SCarbDist,7,2037,-5.360555556,36.20638889,1.429993245,30.52296084
SCarbDist,7,2038,-5.360555556,36.20638889,3.298335064,30.96121295
SCarbDist,7,2039,-5.360555556,36.20638889,0.001032682,30.38628442
SCarbDist,7,2040,-5.360555556,36.20638889,2.819485385,26.82464875
SCarbDist,7,2041,-5.360555556,36.20638889,7.677893676,30.4606784
SCarbDist,7,2042,-5.360555556,36.20638889,0.027530336,30.85424588
SCarbDist,7,2043,-5.360555556,36.20638889,0.192516075,29.82142275
SCarbDist,7,2044,-5.360555556,36.20638889,1.95895385190532e-05,29.79162086
SCarbDist,7,2045,-5.360555556,36.20638889,0.111371413,30.13322577
SCarbDist,7,2046,-5.360555556,36.20638889,0.027084016,30.61339919
SCarbDist,7,2047,-5.360555556,36.20638889,6.251244481,30.10617341
SCarbDist,7,2048,-5.360555556,36.20638889,0.325808828,31.03200191
SCarbDist,7,2049,-5.360555556,36.20638889,0.023303472,30.46861297
SCarbDist,7,2050,-5.360555556,36.20638889,0.830482775,30.39562772
SCarbDist,7,2051,-5.360555556,36.20638889,8.799156004,28.45388873
SCarbDist,7,2052,-5.360555556,36.20638889,0.455792872,29.13463253
SCarbDist,7,2053,-5.360555556,36.20638889,1.206465994,30.68056641
SCarbDist,7,2054,-5.360555556,36.20638889,0.467584916,29.65700782
SCarbDist,7,2055,-5.360555556,36.20638889,4.170868774,30.91835642
SCarbDist,7,2056,-5.360555556,36.20638889,0.141141859,29.56378942
SCarbDist,7,2057,-5.360555556,36.20638889,0.344027296,31.01622039
SCarbDist,7,2058,-5.360555556,36.20638889,0.126450212,29.76803569
SCarbDist,7,2059,-5.360555556,36.20638889,0.501313653,31.2966159
SCarbDist,7,2060,-5.360555556,36.20638889,0.038313358,31.51707488
SCarbDist,7,2061,-5.360555556,36.20638889,5.973297156,30.15341659
SCarbDist,7,2062,-5.360555556,36.20638889,0.006978757,30.32245247
SCarbDist,7,2063,-5.360555556,36.20638889,7.77576430034975e-06,31.07147591
SCarbDist,7,2064,-5.360555556,36.20638889,0.000700966,31.40626752
SCarbDist,7,2065,-5.360555556,36.20638889,0.100516738,30.20330692
SCarbDist,7,2066,-5.360555556,36.20638889,0.020233636,31.00418366
SCarbDist,7,2067,-5.360555556,36.20638889,0.026073142,30.9783402
SCarbDist,7,2068,-5.360555556,36.20638889,0.005593952,31.76539149
SCarbDist,7,2069,-5.360555556,36.20638889,0.218548668,32.62062496
SCarbDist,7,2070,-5.360555556,36.20638889,0.023248624,32.20158022
SCarbDist,7,2071,-5.360555556,36.20638889,1.091311699,32.60352232
SCarbDist,7,2072,-5.360555556,36.20638889,8.78207612377986e-05,31.91002709
SCarbDist,7,2073,-5.360555556,36.20638889,0.143510985,29.78842833
SCarbDist,7,2074,-5.360555556,36.20638889,0.00017269,32.8652076
SCarbDist,7,2075,-5.360555556,36.20638889,0.000696256,33.8966535
SCarbDist,7,2076,-5.360555556,36.20638889,3.56187704718e-05,32.44919099
SCarbDist,7,2077,-5.360555556,36.20638889,0.016898904,32.5465775
SCarbDist,7,2078,-5.360555556,36.20638889,0.636712997,32.22205751
SCarbDist,7,2079,-5.360555556,36.20638889,3.262677692,33.03535885
SCarbDist,7,2080,-5.360555556,36.20638889,0.185634516,31.33537322
SCarbDist,7,2081,-5.360555556,36.20638889,0.018900493,31.49995157
SCarbDist,7,2082,-5.360555556,36.20638889,0.149627857,31.42615612
SCarbDist,7,2083,-5.360555556,36.20638889,0.533076773,32.22623941
SCarbDist,7,2084,-5.360555556,36.20638889,0.258576333,29.95717183
SCarbDist,7,2085,-5.360555556,36.20638889,23.85084871,32.98605622
SCarbDist,7,2086,-5.360555556,36.20638889,2.040897693,32.64567005
SCarbDist,7,2087,-5.360555556,36.20638889,1.50879964147763e-05,34.67346369
SCarbDist,7,2088,-5.360555556,36.20638889,0.035068522,31.08720427
SCarbDist,7,2089,-5.360555556,36.20638889,15.017976,33.27886549
SCarbDist,7,2090,-5.360555556,36.20638889,5.798178142,32.44047182
SCarbDist,7,2091,-5.360555556,36.20638889,3.939033689,31.87420733
SCarbDist,7,2092,-5.360555556,36.20638889,0.381683834,33.59209496
SCarbDist,7,2093,-5.360555556,36.20638889,0.294795132,32.92470703
SCarbDist,7,2094,-5.360555556,36.20638889,0.437716046,32.40349731
SCarbDist,7,2095,-5.360555556,36.20638889,0.112805163,33.17487537
SCarbDist,7,2096,-5.360555556,36.20638889,0.288982679,33.80503579
SCarbDist,7,2097,-5.360555556,36.20638889,0.004408856,33.95381194
SCarbDist,7,2098,-5.360555556,36.20638889,6.14017776708736e-07,32.88774926
SCarbDist,7,2099,-5.360555556,36.20638889,0.786665191,33.30416949
SCarbDist,7,2100,-5.360555556,36.20638889,0.399897737,33.44043441
SCarbDist,8,2015,-5.360555556,36.20638889,0.218532875,30.84826345
SCarbDist,8,2016,-5.360555556,36.20638889,0.575358965,29.60198561
SCarbDist,8,2017,-5.360555556,36.20638889,2.957949514,28.97812953
SCarbDist,8,2018,-5.360555556,36.20638889,0.967353978,28.90754139
SCarbDist,8,2019,-5.360555556,36.20638889,0.756851718,29.29129304
SCarbDist,8,2020,-5.360555556,36.20638889,2.452209422,28.71494692
SCarbDist,8,2021,-5.360555556,36.20638889,2.386001535,30.04282975
SCarbDist,8,2022,-5.360555556,36.20638889,5.150952905,29.83317792
SCarbDist,8,2023,-5.360555556,36.20638889,0.000191064,29.65183952
SCarbDist,8,2024,-5.360555556,36.20638889,0.204323426,28.44489096
SCarbDist,8,2025,-5.360555556,36.20638889,9.576883894,29.95424312
SCarbDist,8,2026,-5.360555556,36.20638889,0.013407792,29.52289685
SCarbDist,8,2027,-5.360555556,36.20638889,5.337815224,29.9946927
SCarbDist,8,2028,-5.360555556,36.20638889,2.162102907,29.60557783
SCarbDist,8,2029,-5.360555556,36.20638889,0.131940619,29.21723574
SCarbDist,8,2030,-5.360555556,36.20638889,8.872667479,29.80799895
SCarbDist,8,2031,-5.360555556,36.20638889,0.01296743,29.53563351
SCarbDist,8,2032,-5.360555556,36.20638889,5.181942645,30.88969648
SCarbDist,8,2033,-5.360555556,36.20638889,2.581725235,29.94613136
SCarbDist,8,2034,-5.360555556,36.20638889,9.566857826,29.46126807
SCarbDist,8,2035,-5.360555556,36.20638889,36.84947143,31.29684429
SCarbDist,8,2036,-5.360555556,36.20638889,2.578896285,30.53837812
SCarbDist,8,2037,-5.360555556,36.20638889,0.021310936,29.65494345
SCarbDist,8,2038,-5.360555556,36.20638889,0.935572002,29.33933066
SCarbDist,8,2039,-5.360555556,36.20638889,0.039672572,30.70926081
SCarbDist,8,2040,-5.360555556,36.20638889,0.241266602,29.32343199
SCarbDist,8,2041,-5.360555556,36.20638889,0.683179846,31.41260927
SCarbDist,8,2042,-5.360555556,36.20638889,0.265177421,30.6030872
SCarbDist,8,2043,-5.360555556,36.20638889,4.11951379,32.05810724
SCarbDist,8,2044,-5.360555556,36.20638889,0.003536916,30.60861974
SCarbDist,8,2045,-5.360555556,36.20638889,0.000425266,29.93442442
SCarbDist,8,2046,-5.360555556,36.20638889,0.070672021,30.34302427
SCarbDist,8,2047,-5.360555556,36.20638889,0.000159463,30.06197313
SCarbDist,8,2048,-5.360555556,36.20638889,0.10255373,31.49030014
SCarbDist,8,2049,-5.360555556,36.20638889,9.208470594,30.16520917
SCarbDist,8,2050,-5.360555556,36.20638889,0.023468105,30.63025276
SCarbDist,8,2051,-5.360555556,36.20638889,14.16527332,28.70634785
SCarbDist,8,2052,-5.360555556,36.20638889,0.170269644,29.44299494
SCarbDist,8,2053,-5.360555556,36.20638889,0.00082694,31.14036097
SCarbDist,8,2054,-5.360555556,36.20638889,1.31145053,30.65571033
SCarbDist,8,2055,-5.360555556,36.20638889,11.87716284,29.4008285
SCarbDist,8,2056,-5.360555556,36.20638889,0.664530912,30.7497281
SCarbDist,8,2057,-5.360555556,36.20638889,4.825204296,31.09556018
SCarbDist,8,2058,-5.360555556,36.20638889,4.247232917,29.34504237
SCarbDist,8,2059,-5.360555556,36.20638889,1.668945711,33.12711044
SCarbDist,8,2060,-5.360555556,36.20638889,0.134225554,32.28309562
SCarbDist,8,2061,-5.360555556,36.20638889,9.3637545187533e-05,32.339056
SCarbDist,8,2062,-5.360555556,36.20638889,7.267576936,31.31500224
SCarbDist,8,2063,-5.360555556,36.20638889,0.428200307,29.510868
SCarbDist,8,2064,-5.360555556,36.20638889,0.481328415,32.23105626
SCarbDist,8,2065,-5.360555556,36.20638889,0.61900409,31.64090931
SCarbDist,8,2066,-5.360555556,36.20638889,16.55735462,32.11999394
SCarbDist,8,2067,-5.360555556,36.20638889,0.000275019,31.00298954
SCarbDist,8,2068,-5.360555556,36.20638889,1.810649662,30.80500528
SCarbDist,8,2069,-5.360555556,36.20638889,0.00490988,31.82514097
SCarbDist,8,2070,-5.360555556,36.20638889,0.583742823,31.89163385
SCarbDist,8,2071,-5.360555556,36.20638889,1.673870177,31.33665397
SCarbDist,8,2072,-5.360555556,36.20638889,0.280016199,33.32315339
SCarbDist,8,2073,-5.360555556,36.20638889,0.097600015,32.6024798
SCarbDist,8,2074,-5.360555556,36.20638889,9.68042688604848e-07,32.30241916
SCarbDist,8,2075,-5.360555556,36.20638889,3.749149344,32.81020902
SCarbDist,8,2076,-5.360555556,36.20638889,38.51590457,33.18107339
SCarbDist,8,2077,-5.360555556,36.20638889,0.1118123,32.38718124
SCarbDist,8,2078,-5.360555556,36.20638889,0.409242121,33.90477413
SCarbDist,8,2079,-5.360555556,36.20638889,2.189873696,32.4632655
SCarbDist,8,2080,-5.360555556,36.20638889,0.515244153,30.52613959
SCarbDist,8,2081,-5.360555556,36.20638889,0.28220519,32.46861592
SCarbDist,8,2082,-5.360555556,36.20638889,1.229532521,32.439638
SCarbDist,8,2083,-5.360555556,36.20638889,0.261361597,32.97609371
SCarbDist,8,2084,-5.360555556,36.20638889,2.312698588,31.70297911
SCarbDist,8,2085,-5.360555556,36.20638889,2.739295793,33.50633565
SCarbDist,8,2086,-5.360555556,36.20638889,0.000350078,32.96041654
SCarbDist,8,2087,-5.360555556,36.20638889,0.032501885,34.0373356
SCarbDist,8,2088,-5.360555556,36.20638889,4.991059156,31.6698508
SCarbDist,8,2089,-5.360555556,36.20638889,0.789945425,34.18651832
SCarbDist,8,2090,-5.360555556,36.20638889,1.633095692,32.36823967
SCarbDist,8,2091,-5.360555556,36.20638889,0.418263595,32.61206626
SCarbDist,8,2092,-5.360555556,36.20638889,18.13354041,32.38759766
SCarbDist,8,2093,-5.360555556,36.20638889,3.209553067,34.36798076
SCarbDist,8,2094,-5.360555556,36.20638889,0.138517499,33.15049183
SCarbDist,8,2095,-5.360555556,36.20638889,3.729535412,34.45239238
SCarbDist,8,2096,-5.360555556,36.20638889,6.182537798,34.08743562
SCarbDist,8,2097,-5.360555556,36.20638889,0.67982272,34.36771201
SCarbDist,8,2098,-5.360555556,36.20638889,0.027649721,33.78652442
SCarbDist,8,2099,-5.360555556,36.20638889,0.066407726,34.20546678
SCarbDist,8,2100,-5.360555556,36.20638889,0.282833944,33.97812264
SCarbDist,9,2015,-5.360555556,36.20638889,24.58202753,28.17008057
SCarbDist,9,2016,-5.360555556,36.20638889,37.54605546,26.03577881
SCarbDist,9,2017,-5.360555556,36.20638889,25.50284451,26.13609009
SCarbDist,9,2018,-5.360555556,36.20638889,0.501572489,26.3631897
SCarbDist,9,2019,-5.360555556,36.20638889,12.12151259,25.67644958
SCarbDist,9,2020,-5.360555556,36.20638889,8.109955577,26.38968913
SCarbDist,9,2021,-5.360555556,36.20638889,1.081440851,26.7199941
SCarbDist,9,2022,-5.360555556,36.20638889,25.66669773,26.26680298
SCarbDist,9,2023,-5.360555556,36.20638889,3.976654995,28.0550883
SCarbDist,9,2024,-5.360555556,36.20638889,10.29698015,27.0456899
SCarbDist,9,2025,-5.360555556,36.20638889,12.19918257,26.61172078
SCarbDist,9,2026,-5.360555556,36.20638889,3.607453282,26.42953186
SCarbDist,9,2027,-5.360555556,36.20638889,12.21387083,28.24796448
SCarbDist,9,2028,-5.360555556,36.20638889,1.182487269,25.70454407
SCarbDist,9,2029,-5.360555556,36.20638889,2.792029206,28.43589579
SCarbDist,9,2030,-5.360555556,36.20638889,29.35485501,26.81946818
SCarbDist,9,2031,-5.360555556,36.20638889,1.694156308,25.61610819
SCarbDist,9,2032,-5.360555556,36.20638889,20.72056832,27.1351888
SCarbDist,9,2033,-5.360555556,36.20638889,0.441626199,27.81324768
SCarbDist,9,2034,-5.360555556,36.20638889,14.65847128,27.11161296
SCarbDist,9,2035,-5.360555556,36.20638889,0.490643103,27.1522817
SCarbDist,9,2036,-5.360555556,36.20638889,9.737091179,27.79745382
SCarbDist,9,2037,-5.360555556,36.20638889,12.11040903,26.94946696
SCarbDist,9,2038,-5.360555556,36.20638889,4.265735066,26.71245931
SCarbDist,9,2039,-5.360555556,36.20638889,0.063484944,27.87415873
SCarbDist,9,2040,-5.360555556,36.20638889,0.997675836,27.49384359
SCarbDist,9,2041,-5.360555556,36.20638889,6.243610563,28.12102153
SCarbDist,9,2042,-5.360555556,36.20638889,0.393604048,27.88944397
SCarbDist,9,2043,-5.360555556,36.20638889,0.134751443,27.32833761
SCarbDist,9,2044,-5.360555556,36.20638889,0.428131968,26.97845866
SCarbDist,9,2045,-5.360555556,36.20638889,0.452685447,28.55626526
SCarbDist,9,2046,-5.360555556,36.20638889,0.933641432,28.80216675
SCarbDist,9,2047,-5.360555556,36.20638889,4.279997467,28.20157878
SCarbDist,9,2048,-5.360555556,36.20638889,39.37872278,27.26494853
SCarbDist,9,2049,-5.360555556,36.20638889,7.213631263,28.57384338
SCarbDist,9,2050,-5.360555556,36.20638889,2.847770313,27.72592977
SCarbDist,9,2051,-5.360555556,36.20638889,1.567310446,27.16494039
SCarbDist,9,2052,-5.360555556,36.20638889,29.04136529,26.19874471
SCarbDist,9,2053,-5.360555556,36.20638889,7.712829493,28.45442098
SCarbDist,9,2054,-5.360555556,36.20638889,0.263257031,28.06150818
SCarbDist,9,2055,-5.360555556,36.20638889,11.05784635,27.32621562
SCarbDist,9,2056,-5.360555556,36.20638889,0.469658521,28.92412821
SCarbDist,9,2057,-5.360555556,36.20638889,1.316594579,27.96404419
SCarbDist,9,2058,-5.360555556,36.20638889,0.468809955,28.21788839
SCarbDist,9,2059,-5.360555556,36.20638889,0.323239163,28.8844106
SCarbDist,9,2060,-5.360555556,36.20638889,5.917888111,28.89810791
SCarbDist,9,2061,-5.360555556,36.20638889,0.188906414,29.26435649
SCarbDist,9,2062,-5.360555556,36.20638889,2.699568223,28.2254008
SCarbDist,9,2063,-5.360555556,36.20638889,24.37114203,28.86281535
SCarbDist,9,2064,-5.360555556,36.20638889,39.4063265,28.49304708
SCarbDist,9,2065,-5.360555556,36.20638889,20.13108734,28.29749552
SCarbDist,9,2066,-5.360555556,36.20638889,10.70872998,27.86603394
SCarbDist,9,2067,-5.360555556,36.20638889,0.15199471,29.16178589
SCarbDist,9,2068,-5.360555556,36.20638889,7.89527079,29.05811056
SCarbDist,9,2069,-5.360555556,36.20638889,0.289202034,29.60142415
SCarbDist,9,2070,-5.360555556,36.20638889,27.41402058,28.40534058
SCarbDist,9,2071,-5.360555556,36.20638889,7.007074428,30.59929606
SCarbDist,9,2072,-5.360555556,36.20638889,21.08070692,29.85851644
SCarbDist,9,2073,-5.360555556,36.20638889,2.668480198,30.20354818
SCarbDist,9,2074,-5.360555556,36.20638889,0.526170779,28.98249715
SCarbDist,9,2075,-5.360555556,36.20638889,0.402351021,30.06758423
SCarbDist,9,2076,-5.360555556,36.20638889,2.185485595,28.98104757
SCarbDist,9,2077,-5.360555556,36.20638889,4.912110256,29.67669983
SCarbDist,9,2078,-5.360555556,36.20638889,0.462984497,29.80364787
SCarbDist,9,2079,-5.360555556,36.20638889,1.268584059,30.93521525
SCarbDist,9,2080,-5.360555556,36.20638889,0.610174426,30.96680603
SCarbDist,9,2081,-5.360555556,36.20638889,2.118527629,29.23026225
SCarbDist,9,2082,-5.360555556,36.20638889,0.20645201,29.20042521
SCarbDist,9,2083,-5.360555556,36.20638889,0.510018919,28.66883138
SCarbDist,9,2084,-5.360555556,36.20638889,0.644752463,30.47372843
SCarbDist,9,2085,-5.360555556,36.20638889,13.883686,30.92859192
SCarbDist,9,2086,-5.360555556,36.20638889,19.08855294,30.58023682
SCarbDist,9,2087,-5.360555556,36.20638889,37.14148656,30.32559102
SCarbDist,9,2088,-5.360555556,36.20638889,30.53807447,27.91426697
SCarbDist,9,2089,-5.360555556,36.20638889,11.0216371,31.09054464
SCarbDist,9,2090,-5.360555556,36.20638889,0.151866505,31.16981506
SCarbDist,9,2091,-5.360555556,36.20638889,0.581469763,30.23451945
SCarbDist,9,2092,-5.360555556,36.20638889,2.211460355,29.29584045
SCarbDist,9,2093,-5.360555556,36.20638889,2.358863796,28.94935506
SCarbDist,9,2094,-5.360555556,36.20638889,105.4654239,29.73106181
SCarbDist,9,2095,-5.360555556,36.20638889,0.576478096,30.090743
SCarbDist,9,2096,-5.360555556,36.20638889,5.130735151,30.03265483
SCarbDist,9,2097,-5.360555556,36.20638889,12.03046667,32.39900004
SCarbDist,9,2098,-5.360555556,36.20638889,0.191025332,31.92960307
SCarbDist,9,2099,-5.360555556,36.20638889,8.306170804,31.99019877
SCarbDist,9,2100,-5.360555556,36.20638889,6.930656071,32.93994548
SierraCarbonera,1,2015,-5.360833,36.204444,66.1193295,17.34300163
SierraCarbonera,1,2016,-5.360833,36.204444,57.21158411,15.77746956
SierraCarbonera,1,2017,-5.360833,36.204444,178.4207132,17.9363549
SierraCarbonera,1,2018,-5.360833,36.204444,129.98147,13.96371637
SierraCarbonera,1,2019,-5.360833,36.204444,28.69495129,15.87247964
SierraCarbonera,1,2020,-5.360833,36.204444,233.8872752,16.14091915
SierraCarbonera,1,2021,-5.360833,36.204444,54.42933431,15.55517362
SierraCarbonera,1,2022,-5.360833,36.204444,206.6460612,16.05362313
SierraCarbonera,1,2023,-5.360833,36.204444,69.26431408,15.90547997
SierraCarbonera,1,2024,-5.360833,36.204444,214.7685841,16.01212316
SierraCarbonera,1,2025,-5.360833,36.204444,213.9815871,16.45522855
SierraCarbonera,1,2026,-5.360833,36.204444,152.9181215,16.49133675
SierraCarbonera,1,2027,-5.360833,36.204444,69.40976034,14.86653659
SierraCarbonera,1,2028,-5.360833,36.204444,68.24602503,15.18717691
SierraCarbonera,1,2029,-5.360833,36.204444,24.75171433,15.83766007
SierraCarbonera,1,2030,-5.360833,36.204444,238.99491,16.38363037
SierraCarbonera,1,2031,-5.360833,36.204444,401.1973712,18.28967462
SierraCarbonera,1,2032,-5.360833,36.204444,125.9314813,15.41761219
SierraCarbonera,1,2033,-5.360833,36.204444,31.69033527,15.52134045
SierraCarbonera,1,2034,-5.360833,36.204444,58.68201467,17.01493865
SierraCarbonera,1,2035,-5.360833,36.204444,29.47420123,14.0230071
SierraCarbonera,1,2036,-5.360833,36.204444,85.20247708,17.70997748
SierraCarbonera,1,2037,-5.360833,36.204444,2.102828739,16.47532782
SierraCarbonera,1,2038,-5.360833,36.204444,142.6900271,15.94569525
SierraCarbonera,1,2039,-5.360833,36.204444,8.269460832,17.22153872
SierraCarbonera,1,2040,-5.360833,36.204444,62.4857074,19.35255855
SierraCarbonera,1,2041,-5.360833,36.204444,43.61644376,16.45868885
SierraCarbonera,1,2042,-5.360833,36.204444,15.74993186,15.86842179
SierraCarbonera,1,2043,-5.360833,36.204444,43.31716405,17.80753331
SierraCarbonera,1,2044,-5.360833,36.204444,9.99645777,16.28249512
SierraCarbonera,1,2045,-5.360833,36.204444,14.9145059,18.16295776
SierraCarbonera,1,2046,-5.360833,36.204444,40.95983238,18.21079653
SierraCarbonera,1,2047,-5.360833,36.204444,48.54243572,17.38553723
SierraCarbonera,1,2048,-5.360833,36.204444,65.17252702,18.211589
SierraCarbonera,1,2049,-5.360833,36.204444,34.42659183,17.33464474
SierraCarbonera,1,2050,-5.360833,36.204444,115.3530669,17.6824585
SierraCarbonera,1,2051,-5.360833,36.204444,68.40024589,15.84715793
SierraCarbonera,1,2052,-5.360833,36.204444,76.37381549,16.81024347
SierraCarbonera,1,2053,-5.360833,36.204444,102.9845394,17.13182885
SierraCarbonera,1,2054,-5.360833,36.204444,31.19042488,16.35715686
SierraCarbonera,1,2055,-5.360833,36.204444,96.12233519,16.24356749
SierraCarbonera,1,2056,-5.360833,36.204444,69.11144828,15.03660711
SierraCarbonera,1,2057,-5.360833,36.204444,55.9913868,17.73322301
SierraCarbonera,1,2058,-5.360833,36.204444,40.65313925,18.30957405
SierraCarbonera,1,2059,-5.360833,36.204444,9.329049264,18.32330007
SierraCarbonera,1,2060,-5.360833,36.204444,21.39327293,18.89573994
SierraCarbonera,1,2061,-5.360833,36.204444,52.91883018,19.13594183
SierraCarbonera,1,2062,-5.360833,36.204444,55.30131277,17.52674698
SierraCarbonera,1,2063,-5.360833,36.204444,96.98163578,16.77537074
SierraCarbonera,1,2064,-5.360833,36.204444,174.6845719,17.95499031
SierraCarbonera,1,2065,-5.360833,36.204444,69.28127162,18.06575534
SierraCarbonera,1,2066,-5.360833,36.204444,74.48690589,18.77716242
SierraCarbonera,1,2067,-5.360833,36.204444,78.07267171,16.58883352
SierraCarbonera,1,2068,-5.360833,36.204444,23.27532333,16.83009368
SierraCarbonera,1,2069,-5.360833,36.204444,97.54866447,16.9859942
SierraCarbonera,1,2070,-5.360833,36.204444,94.63976817,18.66681085
SierraCarbonera,1,2071,-5.360833,36.204444,47.00980268,17.13422792
SierraCarbonera,1,2072,-5.360833,36.204444,6.41804877,19.27200002
SierraCarbonera,1,2073,-5.360833,36.204444,120.4733055,17.27377004
SierraCarbonera,1,2074,-5.360833,36.204444,7.350325528,19.01687898
SierraCarbonera,1,2075,-5.360833,36.204444,25.31881096,16.80016676
SierraCarbonera,1,2076,-5.360833,36.204444,166.6000212,19.87186141
SierraCarbonera,1,2077,-5.360833,36.204444,70.30262577,18.18748602
SierraCarbonera,1,2078,-5.360833,36.204444,43.58355421,16.67800096
SierraCarbonera,1,2079,-5.360833,36.204444,25.76971955,18.40030675
SierraCarbonera,1,2080,-5.360833,36.204444,26.07396156,16.34296619
SierraCarbonera,1,2081,-5.360833,36.204444,7.204639962,18.14530974
SierraCarbonera,1,2082,-5.360833,36.204444,131.2066879,19.74732312
SierraCarbonera,1,2083,-5.360833,36.204444,39.20975823,18.77698128
SierraCarbonera,1,2084,-5.360833,36.204444,148.512443,19.03130592
SierraCarbonera,1,2085,-5.360833,36.204444,101.2722626,20.22890133
SierraCarbonera,1,2086,-5.360833,36.204444,53.94588452,17.12484623
SierraCarbonera,1,2087,-5.360833,36.204444,207.2944868,19.11107788
SierraCarbonera,1,2088,-5.360833,36.204444,72.07851554,16.06226354
SierraCarbonera,1,2089,-5.360833,36.204444,36.1307427,17.58256363
SierraCarbonera,1,2090,-5.360833,36.204444,28.04934924,19.8979569
SierraCarbonera,1,2091,-5.360833,36.204444,60.75611901,19.47211067
SierraCarbonera,1,2092,-5.360833,36.204444,86.28511146,19.61148445
SierraCarbonera,1,2093,-5.360833,36.204444,96.90557016,18.14048206
SierraCarbonera,1,2094,-5.360833,36.204444,28.82275438,20.05463907
SierraCarbonera,1,2095,-5.360833,36.204444,35.05991963,19.3890812
SierraCarbonera,1,2096,-5.360833,36.204444,26.24699866,19.91243995
SierraCarbonera,1,2097,-5.360833,36.204444,148.4314452,18.84979524
SierraCarbonera,1,2098,-5.360833,36.204444,24.01823113,19.62335579
SierraCarbonera,1,2099,-5.360833,36.204444,22.8506311,19.75897591
SierraCarbonera,1,2100,-5.360833,36.204444,20.98834983,19.64658361
SierraCarbonera,10,2015,-5.360833,36.204444,15.44017083,24.73675714
SierraCarbonera,10,2016,-5.360833,36.204444,39.60625182,23.28149887
SierraCarbonera,10,2017,-5.360833,36.204444,24.19350816,22.29800691
SierraCarbonera,10,2018,-5.360833,36.204444,1.283838535,23.03131674
SierraCarbonera,10,2019,-5.360833,36.204444,47.76849896,22.63915799
SierraCarbonera,10,2020,-5.360833,36.204444,3.262712547,22.62743727
SierraCarbonera,10,2021,-5.360833,36.204444,3.855712965,23.13370519
SierraCarbonera,10,2022,-5.360833,36.204444,1.654371845,24.45865833
SierraCarbonera,10,2023,-5.360833,36.204444,8.689945505,23.34764424
SierraCarbonera,10,2024,-5.360833,36.204444,12.78237832,22.73589478
SierraCarbonera,10,2025,-5.360833,36.204444,60.91162959,23.69065493
SierraCarbonera,10,2026,-5.360833,36.204444,47.55424277,22.43755099
SierraCarbonera,10,2027,-5.360833,36.204444,10.0861359,22.81773012
SierraCarbonera,10,2028,-5.360833,36.204444,2.346219187,23.52618389
SierraCarbonera,10,2029,-5.360833,36.204444,0.400275648,22.99883226
SierraCarbonera,10,2030,-5.360833,36.204444,26.81341938,23.68567564
SierraCarbonera,10,2031,-5.360833,36.204444,36.98210951,23.65132564
SierraCarbonera,10,2032,-5.360833,36.204444,52.16735795,21.68052604
SierraCarbonera,10,2033,-5.360833,36.204444,66.66760794,24.15465895
SierraCarbonera,10,2034,-5.360833,36.204444,34.19528525,23.52340679
SierraCarbonera,10,2035,-5.360833,36.204444,1.551109506,24.20463592
SierraCarbonera,10,2036,-5.360833,36.204444,6.180247801,23.98032483
SierraCarbonera,10,2037,-5.360833,36.204444,42.14328421,22.95244653
SierraCarbonera,10,2038,-5.360833,36.204444,12.05590923,22.68854134
SierraCarbonera,10,2039,-5.360833,36.204444,3.721463061,23.59591261
SierraCarbonera,10,2040,-5.360833,36.204444,46.62949089,23.82654576
SierraCarbonera,10,2041,-5.360833,36.204444,24.15664466,24.44236588
SierraCarbonera,10,2042,-5.360833,36.204444,11.54953194,23.37972215
SierraCarbonera,10,2043,-5.360833,36.204444,5.445372929,23.93096806
SierraCarbonera,10,2044,-5.360833,36.204444,13.00074935,23.21158605
SierraCarbonera,10,2045,-5.360833,36.204444,0.354032738,23.80134415
SierraCarbonera,10,2046,-5.360833,36.204444,0.865952222,24.17721735
SierraCarbonera,10,2047,-5.360833,36.204444,63.46297205,23.83977267
SierraCarbonera,10,2048,-5.360833,36.204444,2.417645891,24.397634
SierraCarbonera,10,2049,-5.360833,36.204444,13.00550857,23.40262412
SierraCarbonera,10,2050,-5.360833,36.204444,11.7215933,23.24053246
SierraCarbonera,10,2051,-5.360833,36.204444,0.159819858,23.11693726
SierraCarbonera,10,2052,-5.360833,36.204444,0.623514735,24.2684275
SierraCarbonera,10,2053,-5.360833,36.204444,30.9139603,23.72995861
SierraCarbonera,10,2054,-5.360833,36.204444,2.846640259,24.23165874
SierraCarbonera,10,2055,-5.360833,36.204444,14.44799446,23.71048249
SierraCarbonera,10,2056,-5.360833,36.204444,14.06279283,24.3149668
SierraCarbonera,10,2057,-5.360833,36.204444,24.67495501,22.53393929
SierraCarbonera,10,2058,-5.360833,36.204444,132.1601318,24.29683346
SierraCarbonera,10,2059,-5.360833,36.204444,20.41504583,23.98485915
SierraCarbonera,10,2060,-5.360833,36.204444,32.99140022,24.41711209
SierraCarbonera,10,2061,-5.360833,36.204444,50.84356633,25.07287381
SierraCarbonera,10,2062,-5.360833,36.204444,36.26898022,23.00886861
SierraCarbonera,10,2063,-5.360833,36.204444,9.606213023,24.76989628
SierraCarbonera,10,2064,-5.360833,36.204444,7.568121463,23.08296528
SierraCarbonera,10,2065,-5.360833,36.204444,2.469943932,24.95663531
SierraCarbonera,10,2066,-5.360833,36.204444,1.362234777,24.79218789
SierraCarbonera,10,2067,-5.360833,36.204444,31.98499039,24.44127414
SierraCarbonera,10,2068,-5.360833,36.204444,7.253758586,23.91873838
SierraCarbonera,10,2069,-5.360833,36.204444,6.485241163,24.53386939
SierraCarbonera,10,2070,-5.360833,36.204444,2.03855846,23.63633167
SierraCarbonera,10,2071,-5.360833,36.204444,44.7411473,25.07937012
SierraCarbonera,10,2072,-5.360833,36.204444,4.781855898,25.33459158
SierraCarbonera,10,2073,-5.360833,36.204444,21.23640281,25.33815032
SierraCarbonera,10,2074,-5.360833,36.204444,4.149763638,25.86099617
SierraCarbonera,10,2075,-5.360833,36.204444,4.728241716,26.3238169
SierraCarbonera,10,2076,-5.360833,36.204444,12.94459038,25.09338556
SierraCarbonera,10,2077,-5.360833,36.204444,20.41190594,25.65807692
SierraCarbonera,10,2078,-5.360833,36.204444,9.465465951,23.69526997
SierraCarbonera,10,2079,-5.360833,36.204444,3.0151654,25.24161731
SierraCarbonera,10,2080,-5.360833,36.204444,31.95461827,25.2937689
SierraCarbonera,10,2081,-5.360833,36.204444,17.82105506,24.71261675
SierraCarbonera,10,2082,-5.360833,36.204444,1.564521947,25.26969152
SierraCarbonera,10,2083,-5.360833,36.204444,4.547198044,26.17793205
SierraCarbonera,10,2084,-5.360833,36.204444,61.80934023,25.72850755
SierraCarbonera,10,2085,-5.360833,36.204444,30.84294524,26.48804774
SierraCarbonera,10,2086,-5.360833,36.204444,34.53930424,24.74512388
SierraCarbonera,10,2087,-5.360833,36.204444,22.21255831,25.68517358
SierraCarbonera,10,2088,-5.360833,36.204444,0.225245914,26.29870487
SierraCarbonera,10,2089,-5.360833,36.204444,52.94904682,25.23329291
SierraCarbonera,10,2090,-5.360833,36.204444,11.92756585,26.36545272
SierraCarbonera,10,2091,-5.360833,36.204444,43.59516211,24.51658365
SierraCarbonera,10,2092,-5.360833,36.204444,3.438575351,26.76110328
SierraCarbonera,10,2093,-5.360833,36.204444,37.55323403,25.77708071
SierraCarbonera,10,2094,-5.360833,36.204444,1.060055764,25.94539598
SierraCarbonera,10,2095,-5.360833,36.204444,0.219057862,26.20524233
SierraCarbonera,10,2096,-5.360833,36.204444,58.24650714,23.32815138
SierraCarbonera,10,2097,-5.360833,36.204444,25.52768397,26.97244538
SierraCarbonera,10,2098,-5.360833,36.204444,6.659079808,27.29386045
SierraCarbonera,10,2099,-5.360833,36.204444,0.264410344,26.73434429
SierraCarbonera,10,2100,-5.360833,36.204444,15.73520608,27.47098251
SierraCarbonera,11,2015,-5.360833,36.204444,158.3537176,18.5456248
SierraCarbonera,11,2016,-5.360833,36.204444,12.37754696,18.90393778
SierraCarbonera,11,2017,-5.360833,36.204444,85.09187484,17.9969696
SierraCarbonera,11,2018,-5.360833,36.204444,18.85328121,18.90381063
SierraCarbonera,11,2019,-5.360833,36.204444,37.33298467,18.96019694
SierraCarbonera,11,2020,-5.360833,36.204444,28.1040676,20.29174398
SierraCarbonera,11,2021,-5.360833,36.204444,48.21627779,19.56145732
SierraCarbonera,11,2022,-5.360833,36.204444,16.50105938,19.69517314
SierraCarbonera,11,2023,-5.360833,36.204444,10.23776189,20.45146281
SierraCarbonera,11,2024,-5.360833,36.204444,199.1460553,18.26135763
SierraCarbonera,11,2025,-5.360833,36.204444,46.90996785,16.74965108
SierraCarbonera,11,2026,-5.360833,36.204444,20.20383457,17.5785085
SierraCarbonera,11,2027,-5.360833,36.204444,104.2597178,18.67705892
SierraCarbonera,11,2028,-5.360833,36.204444,12.60997055,19.72351278
SierraCarbonera,11,2029,-5.360833,36.204444,83.05937518,17.21014303
SierraCarbonera,11,2030,-5.360833,36.204444,3.752773166,21.81031189
SierraCarbonera,11,2031,-5.360833,36.204444,14.80967565,20.14857686
SierraCarbonera,11,2032,-5.360833,36.204444,26.88211488,18.52187297
SierraCarbonera,11,2033,-5.360833,36.204444,38.23547752,18.21203613
SierraCarbonera,11,2034,-5.360833,36.204444,72.44908664,18.38846537
SierraCarbonera,11,2035,-5.360833,36.204444,29.32980695,20.32336222
SierraCarbonera,11,2036,-5.360833,36.204444,27.82576472,18.72164612
SierraCarbonera,11,2037,-5.360833,36.204444,26.70297413,18.52592977
SierraCarbonera,11,2038,-5.360833,36.204444,137.7455976,19.66268412
SierraCarbonera,11,2039,-5.360833,36.204444,24.71485357,19.9322286
SierraCarbonera,11,2040,-5.360833,36.204444,22.17032241,18.91590068
SierraCarbonera,11,2041,-5.360833,36.204444,42.89670585,18.40956523
SierraCarbonera,11,2042,-5.360833,36.204444,122.8113034,20.09057109
SierraCarbonera,11,2043,-5.360833,36.204444,105.4925793,20.4293986
SierraCarbonera,11,2044,-5.360833,36.204444,2.325869569,19.36462301
SierraCarbonera,11,2045,-5.360833,36.204444,12.96240664,21.13926799
SierraCarbonera,11,2046,-5.360833,36.204444,129.7686045,20.03913167
SierraCarbonera,11,2047,-5.360833,36.204444,69.75704362,19.55420024
SierraCarbonera,11,2048,-5.360833,36.204444,51.43901946,19.05449524
SierraCarbonera,11,2049,-5.360833,36.204444,11.34226776,19.00945333
SierraCarbonera,11,2050,-5.360833,36.204444,10.53712206,21.33468933
SierraCarbonera,11,2051,-5.360833,36.204444,58.34208986,20.4585083
SierraCarbonera,11,2052,-5.360833,36.204444,94.48673264,19.13187764
SierraCarbonera,11,2053,-5.360833,36.204444,41.73792589,19.88599548
SierraCarbonera,11,2054,-5.360833,36.204444,4.253331973,19.7759196
SierraCarbonera,11,2055,-5.360833,36.204444,31.27762225,19.0817159
SierraCarbonera,11,2056,-5.360833,36.204444,94.84800255,20.71854146
SierraCarbonera,11,2057,-5.360833,36.204444,21.58457477,19.77994181
SierraCarbonera,11,2058,-5.360833,36.204444,45.00403668,19.79146118
SierraCarbonera,11,2059,-5.360833,36.204444,1.989103142,21.31943563
SierraCarbonera,11,2060,-5.360833,36.204444,40.31831592,20.2830658
SierraCarbonera,11,2061,-5.360833,36.204444,2.522902342,20.42716777
SierraCarbonera,11,2062,-5.360833,36.204444,20.41403758,20.74321086
SierraCarbonera,11,2063,-5.360833,36.204444,62.12344261,20.00691732
SierraCarbonera,11,2064,-5.360833,36.204444,8.172869551,19.27209269
SierraCarbonera,11,2065,-5.360833,36.204444,40.74547008,20.10933329
SierraCarbonera,11,2066,-5.360833,36.204444,43.44669783,20.48884888
SierraCarbonera,11,2067,-5.360833,36.204444,50.69752162,20.54871114
SierraCarbonera,11,2068,-5.360833,36.204444,74.75415622,18.31413371
SierraCarbonera,11,2069,-5.360833,36.204444,23.98015708,21.25159607
SierraCarbonera,11,2070,-5.360833,36.204444,19.21406186,19.63034261
SierraCarbonera,11,2071,-5.360833,36.204444,8.787354154,19.78879598
SierraCarbonera,11,2072,-5.360833,36.204444,4.597824656,22.05874939
SierraCarbonera,11,2073,-5.360833,36.204444,38.21999625,19.86962179
SierraCarbonera,11,2074,-5.360833,36.204444,0.932073556,20.86051331
SierraCarbonera,11,2075,-5.360833,36.204444,43.29305018,22.36276957
SierraCarbonera,11,2076,-5.360833,36.204444,5.444799695,23.05293172
SierraCarbonera,11,2077,-5.360833,36.204444,32.57100081,21.26559855
SierraCarbonera,11,2078,-5.360833,36.204444,1.280215938,20.29216207
SierraCarbonera,11,2079,-5.360833,36.204444,4.449051697,22.54946696
SierraCarbonera,11,2080,-5.360833,36.204444,10.53884549,22.90463765
SierraCarbonera,11,2081,-5.360833,36.204444,10.34117451,21.89438375
SierraCarbonera,11,2082,-5.360833,36.204444,36.00781218,21.75509644
SierraCarbonera,11,2083,-5.360833,36.204444,32.32803563,20.67359823
SierraCarbonera,11,2084,-5.360833,36.204444,34.15926598,21.1958547
SierraCarbonera,11,2085,-5.360833,36.204444,29.81328469,21.59155884
SierraCarbonera,11,2086,-5.360833,36.204444,36.19785612,22.25036011
SierraCarbonera,11,2087,-5.360833,36.204444,4.53118114,21.62540283
SierraCarbonera,11,2088,-5.360833,36.204444,29.95682357,20.75360921
SierraCarbonera,11,2089,-5.360833,36.204444,47.3845258,20.49185689
SierraCarbonera,11,2090,-5.360833,36.204444,2.569159652,22.29539897
SierraCarbonera,11,2091,-5.360833,36.204444,1.106452241,21.07278951
SierraCarbonera,11,2092,-5.360833,36.204444,22.28852086,22.01242574
SierraCarbonera,11,2093,-5.360833,36.204444,6.86834029,22.63039958
SierraCarbonera,11,2094,-5.360833,36.204444,3.655000312,23.24848429
SierraCarbonera,11,2095,-5.360833,36.204444,0.894522757,22.51877441
SierraCarbonera,11,2096,-5.360833,36.204444,52.52827045,21.98928731
SierraCarbonera,11,2097,-5.360833,36.204444,8.507751063,23.47358195
SierraCarbonera,11,2098,-5.360833,36.204444,39.2114115,22.08353475
SierraCarbonera,11,2099,-5.360833,36.204444,4.696499301,22.462087
SierraCarbonera,11,2100,-5.360833,36.204444,17.13491278,22.4661204
SierraCarbonera,12,2015,-5.360833,36.204444,95.84952936,16.42761211
SierraCarbonera,12,2016,-5.360833,36.204444,60.22675595,16.58194478
SierraCarbonera,12,2017,-5.360833,36.204444,74.07859199,17.01546532
SierraCarbonera,12,2018,-5.360833,36.204444,64.59155555,15.93820269
SierraCarbonera,12,2019,-5.360833,36.204444,16.40315982,15.22247295
SierraCarbonera,12,2020,-5.360833,36.204444,73.81833773,17.06790287
SierraCarbonera,12,2021,-5.360833,36.204444,78.25046174,16.20009864
SierraCarbonera,12,2022,-5.360833,36.204444,19.57557212,17.37659065
SierraCarbonera,12,2023,-5.360833,36.204444,220.2703104,16.42047789
SierraCarbonera,12,2024,-5.360833,36.204444,225.6845375,17.54208069
SierraCarbonera,12,2025,-5.360833,36.204444,53.88734339,15.70003071
SierraCarbonera,12,2026,-5.360833,36.204444,95.83356394,16.5244877
SierraCarbonera,12,2027,-5.360833,36.204444,179.1066743,16.11288137
SierraCarbonera,12,2028,-5.360833,36.204444,21.25291569,17.8063385
SierraCarbonera,12,2029,-5.360833,36.204444,130.266975,16.69280297
SierraCarbonera,12,2030,-5.360833,36.204444,10.76127064,18.26662191
SierraCarbonera,12,2031,-5.360833,36.204444,53.64579273,16.76043288
SierraCarbonera,12,2032,-5.360833,36.204444,34.62500224,16.06509603
SierraCarbonera,12,2033,-5.360833,36.204444,25.74862278,17.98288732
SierraCarbonera,12,2034,-5.360833,36.204444,264.3344392,16.37739986
SierraCarbonera,12,2035,-5.360833,36.204444,50.41900057,17.43662562
SierraCarbonera,12,2036,-5.360833,36.204444,43.45226396,16.86477966
SierraCarbonera,12,2037,-5.360833,36.204444,2.731655244,16.98266385
SierraCarbonera,12,2038,-5.360833,36.204444,35.62225183,17.95411121
SierraCarbonera,12,2039,-5.360833,36.204444,95.10013084,19.53414504
SierraCarbonera,12,2040,-5.360833,36.204444,24.23554022,17.77208862
SierraCarbonera,12,2041,-5.360833,36.204444,29.88574548,16.93306294
SierraCarbonera,12,2042,-5.360833,36.204444,79.86634483,18.82302738
SierraCarbonera,12,2043,-5.360833,36.204444,158.1885501,18.05872547
SierraCarbonera,12,2044,-5.360833,36.204444,42.54439261,18.69968465
SierraCarbonera,12,2045,-5.360833,36.204444,41.84049637,17.52773438
SierraCarbonera,12,2046,-5.360833,36.204444,61.51811416,17.15353275
SierraCarbonera,12,2047,-5.360833,36.204444,55.69699566,19.98124035
SierraCarbonera,12,2048,-5.360833,36.204444,107.6138702,18.78388672
SierraCarbonera,12,2049,-5.360833,36.204444,43.17347541,17.71544209
SierraCarbonera,12,2050,-5.360833,36.204444,65.74846199,17.59974976
SierraCarbonera,12,2051,-5.360833,36.204444,72.68877028,17.38865691
SierraCarbonera,12,2052,-5.360833,36.204444,68.75250986,15.23215535
SierraCarbonera,12,2053,-5.360833,36.204444,125.8236099,17.38928301
SierraCarbonera,12,2054,-5.360833,36.204444,15.38641144,17.52092403
SierraCarbonera,12,2055,-5.360833,36.204444,112.6868305,15.74718825
SierraCarbonera,12,2056,-5.360833,36.204444,4.938726593,17.11012777
SierraCarbonera,12,2057,-5.360833,36.204444,274.8599881,17.98993097
SierraCarbonera,12,2058,-5.360833,36.204444,6.545461839,18.5165236
SierraCarbonera,12,2059,-5.360833,36.204444,185.9493095,17.13017696
SierraCarbonera,12,2060,-5.360833,36.204444,7.207431695,17.87895908
SierraCarbonera,12,2061,-5.360833,36.204444,3.746891486,18.18228819
SierraCarbonera,12,2062,-5.360833,36.204444,19.78543525,17.61289909
SierraCarbonera,12,2063,-5.360833,36.204444,17.48105462,18.1254241
SierraCarbonera,12,2064,-5.360833,36.204444,37.97137633,18.13805339
SierraCarbonera,12,2065,-5.360833,36.204444,11.18422795,18.76885278
SierraCarbonera,12,2066,-5.360833,36.204444,145.4055341,17.94351078
SierraCarbonera,12,2067,-5.360833,36.204444,70.06515107,18.74447612
SierraCarbonera,12,2068,-5.360833,36.204444,38.50067804,18.37334798
SierraCarbonera,12,2069,-5.360833,36.204444,71.54921366,18.71142362
SierraCarbonera,12,2070,-5.360833,36.204444,40.12132756,17.96351624
SierraCarbonera,12,2071,-5.360833,36.204444,82.87583488,17.13550376
SierraCarbonera,12,2072,-5.360833,36.204444,81.41066108,16.81687317
SierraCarbonera,12,2073,-5.360833,36.204444,19.85052607,17.77664952
SierraCarbonera,12,2074,-5.360833,36.204444,69.18338486,17.9635185
SierraCarbonera,12,2075,-5.360833,36.204444,42.41708874,17.44905415
SierraCarbonera,12,2076,-5.360833,36.204444,15.88093771,19.21391296
SierraCarbonera,12,2077,-5.360833,36.204444,123.8745181,19.95691194
SierraCarbonera,12,2078,-5.360833,36.204444,27.97958706,19.66691225
SierraCarbonera,12,2079,-5.360833,36.204444,53.94873665,20.76598019
SierraCarbonera,12,2080,-5.360833,36.204444,15.68768603,18.12633141
SierraCarbonera,12,2081,-5.360833,36.204444,81.21910377,21.080959
SierraCarbonera,12,2082,-5.360833,36.204444,18.51544395,19.62594191
SierraCarbonera,12,2083,-5.360833,36.204444,18.86968352,20.07063717
SierraCarbonera,12,2084,-5.360833,36.204444,92.75533963,20.46248067
SierraCarbonera,12,2085,-5.360833,36.204444,19.89737412,20.06431412
SierraCarbonera,12,2086,-5.360833,36.204444,139.1566522,18.50326223
SierraCarbonera,12,2087,-5.360833,36.204444,86.20728455,18.69331488
SierraCarbonera,12,2088,-5.360833,36.204444,77.52564548,19.52450358
SierraCarbonera,12,2089,-5.360833,36.204444,21.83974574,19.73219034
SierraCarbonera,12,2090,-5.360833,36.204444,9.243940148,21.10591431
SierraCarbonera,12,2091,-5.360833,36.204444,21.03497825,17.23090663
SierraCarbonera,12,2092,-5.360833,36.204444,128.7082065,19.80504557
SierraCarbonera,12,2093,-5.360833,36.204444,96.10037017,19.78619562
SierraCarbonera,12,2094,-5.360833,36.204444,28.08338559,19.97979224
SierraCarbonera,12,2095,-5.360833,36.204444,33.04868248,20.4342482
SierraCarbonera,12,2096,-5.360833,36.204444,72.83384204,20.43526103
SierraCarbonera,12,2097,-5.360833,36.204444,24.87392049,20.77764085
SierraCarbonera,12,2098,-5.360833,36.204444,2.374488469,20.40965694
SierraCarbonera,12,2099,-5.360833,36.204444,156.3346937,19.96675435
SierraCarbonera,12,2100,-5.360833,36.204444,11.53746834,19.43691203
SierraCarbonera,2,2015,-5.360833,36.204444,63.52952165,17.71156682
SierraCarbonera,2,2016,-5.360833,36.204444,8.770264028,16.67614557
SierraCarbonera,2,2017,-5.360833,36.204444,9.906995906,17.11281302
SierraCarbonera,2,2018,-5.360833,36.204444,4.601353831,16.36275635
SierraCarbonera,2,2019,-5.360833,36.204444,102.1852246,17.78094635
SierraCarbonera,2,2020,-5.360833,36.204444,110.1114468,18.74446601
SierraCarbonera,2,2021,-5.360833,36.204444,19.16019315,16.01241019
SierraCarbonera,2,2022,-5.360833,36.204444,17.29570766,16.05948465
SierraCarbonera,2,2023,-5.360833,36.204444,16.12397491,17.94716579
SierraCarbonera,2,2024,-5.360833,36.204444,25.26339114,16.89137763
SierraCarbonera,2,2025,-5.360833,36.204444,159.934054,16.70812814
SierraCarbonera,2,2026,-5.360833,36.204444,11.23149329,16.57631727
SierraCarbonera,2,2027,-5.360833,36.204444,15.25601011,16.76289193
SierraCarbonera,2,2028,-5.360833,36.204444,50.98503125,16.61374449
SierraCarbonera,2,2029,-5.360833,36.204444,49.30178237,17.02803955
SierraCarbonera,2,2030,-5.360833,36.204444,55.18079199,16.07852107
SierraCarbonera,2,2031,-5.360833,36.204444,39.35937184,18.25633283
SierraCarbonera,2,2032,-5.360833,36.204444,17.20843415,18.77562235
SierraCarbonera,2,2033,-5.360833,36.204444,2.949966497,19.4430797
SierraCarbonera,2,2034,-5.360833,36.204444,6.518328869,19.07519684
SierraCarbonera,2,2035,-5.360833,36.204444,192.4375327,17.45913304
SierraCarbonera,2,2036,-5.360833,36.204444,76.82317808,18.43792325
SierraCarbonera,2,2037,-5.360833,36.204444,3.954713466,17.38316171
SierraCarbonera,2,2038,-5.360833,36.204444,139.1856777,14.19375654
SierraCarbonera,2,2039,-5.360833,36.204444,85.59846956,16.53040139
SierraCarbonera,2,2040,-5.360833,36.204444,22.74741584,16.59951382
SierraCarbonera,2,2041,-5.360833,36.204444,78.8584598,16.4836877
SierraCarbonera,2,2042,-5.360833,36.204444,31.51616951,18.60442505
SierraCarbonera,2,2043,-5.360833,36.204444,135.2918281,16.75369197
SierraCarbonera,2,2044,-5.360833,36.204444,11.23114242,17.02840366
SierraCarbonera,2,2045,-5.360833,36.204444,40.0269974,15.2336441
SierraCarbonera,2,2046,-5.360833,36.204444,25.34924249,18.89820905
SierraCarbonera,2,2047,-5.360833,36.204444,24.91817631,16.7164529
SierraCarbonera,2,2048,-5.360833,36.204444,75.42047068,16.36353086
SierraCarbonera,2,2049,-5.360833,36.204444,121.9728631,15.66353433
SierraCarbonera,2,2050,-5.360833,36.204444,4.307467867,17.26118404
SierraCarbonera,2,2051,-5.360833,36.204444,4.582855025,18.529342
SierraCarbonera,2,2052,-5.360833,36.204444,20.94215593,18.15095488
SierraCarbonera,2,2053,-5.360833,36.204444,4.085546612,17.05096588
SierraCarbonera,2,2054,-5.360833,36.204444,5.421081688,17.31779742
SierraCarbonera,2,2055,-5.360833,36.204444,27.74543845,17.12939497
SierraCarbonera,2,2056,-5.360833,36.204444,1.234611707,17.10669808
SierraCarbonera,2,2057,-5.360833,36.204444,33.91091411,17.33514666
SierraCarbonera,2,2058,-5.360833,36.204444,30.75595053,16.37104841
SierraCarbonera,2,2059,-5.360833,36.204444,20.97553504,19.17762146
SierraCarbonera,2,2060,-5.360833,36.204444,51.00472443,17.20630956
SierraCarbonera,2,2061,-5.360833,36.204444,20.62523094,19.04899968
SierraCarbonera,2,2062,-5.360833,36.204444,3.160898805,17.04032615
SierraCarbonera,2,2063,-5.360833,36.204444,14.63204233,18.26242763
SierraCarbonera,2,2064,-5.360833,36.204444,60.19812423,18.40012565
SierraCarbonera,2,2065,-5.360833,36.204444,4.362964254,18.13184182
SierraCarbonera,2,2066,-5.360833,36.204444,40.62130494,19.11300049
SierraCarbonera,2,2067,-5.360833,36.204444,0.897553442,18.19641266
SierraCarbonera,2,2068,-5.360833,36.204444,1.140532536,19.39933956
SierraCarbonera,2,2069,-5.360833,36.204444,48.70198808,16.89492514
SierraCarbonera,2,2070,-5.360833,36.204444,348.5830769,18.13296552
SierraCarbonera,2,2071,-5.360833,36.204444,7.254273752,17.65318015
SierraCarbonera,2,2072,-5.360833,36.204444,7.397802867,20.03806826
SierraCarbonera,2,2073,-5.360833,36.204444,95.45942441,18.83802948
SierraCarbonera,2,2074,-5.360833,36.204444,93.74844594,16.90957467
SierraCarbonera,2,2075,-5.360833,36.204444,4.467998422,17.53445042
SierraCarbonera,2,2076,-5.360833,36.204444,19.93019795,18.44994612
SierraCarbonera,2,2077,-5.360833,36.204444,3.917368963,19.92679531
SierraCarbonera,2,2078,-5.360833,36.204444,64.06597665,18.3518801
SierraCarbonera,2,2079,-5.360833,36.204444,5.331472391,19.40429513
SierraCarbonera,2,2080,-5.360833,36.204444,160.4752698,19.89014535
SierraCarbonera,2,2081,-5.360833,36.204444,27.33690582,19.37609035
SierraCarbonera,2,2082,-5.360833,36.204444,14.69496246,20.2896722
SierraCarbonera,2,2083,-5.360833,36.204444,127.6186744,18.98400269
SierraCarbonera,2,2084,-5.360833,36.204444,15.76542942,18.55579581
SierraCarbonera,2,2085,-5.360833,36.204444,10.69503704,17.58584856
SierraCarbonera,2,2086,-5.360833,36.204444,81.25000269,17.92890211
SierraCarbonera,2,2087,-5.360833,36.204444,200.5284278,18.03568529
SierraCarbonera,2,2088,-5.360833,36.204444,46.35567242,20.44682807
SierraCarbonera,2,2089,-5.360833,36.204444,6.314797075,19.77801666
SierraCarbonera,2,2090,-5.360833,36.204444,452.8039452,18.94558541
SierraCarbonera,2,2091,-5.360833,36.204444,2.262317816,19.3094247
SierraCarbonera,2,2092,-5.360833,36.204444,29.08962806,18.21078302
SierraCarbonera,2,2093,-5.360833,36.204444,9.35689699,19.35261797
SierraCarbonera,2,2094,-5.360833,36.204444,48.12986672,21.61082829
SierraCarbonera,2,2095,-5.360833,36.204444,48.72202204,17.25948486
SierraCarbonera,2,2096,-5.360833,36.204444,69.11693216,19.33313956
SierraCarbonera,2,2097,-5.360833,36.204444,87.90147126,20.73708932
SierraCarbonera,2,2098,-5.360833,36.204444,20.898212,18.87474867
SierraCarbonera,2,2099,-5.360833,36.204444,37.09090311,19.23767351
SierraCarbonera,2,2100,-5.360833,36.204444,54.11412118,20.76709137
SierraCarbonera,3,2015,-5.360833,36.204444,62.55906124,18.06195049
SierraCarbonera,3,2016,-5.360833,36.204444,17.3589881,19.58886798
SierraCarbonera,3,2017,-5.360833,36.204444,40.68994623,17.92695253
SierraCarbonera,3,2018,-5.360833,36.204444,6.842129152,18.61981871
SierraCarbonera,3,2019,-5.360833,36.204444,27.4633525,18.23858328
SierraCarbonera,3,2020,-5.360833,36.204444,54.1048419,17.76059334
SierraCarbonera,3,2021,-5.360833,36.204444,29.38993909,18.58860907
SierraCarbonera,3,2022,-5.360833,36.204444,0.565580365,19.50533349
SierraCarbonera,3,2023,-5.360833,36.204444,29.80654672,19.09259604
SierraCarbonera,3,2024,-5.360833,36.204444,12.72274266,17.06789945
SierraCarbonera,3,2025,-5.360833,36.204444,121.3745872,17.84254091
SierraCarbonera,3,2026,-5.360833,36.204444,11.48111448,17.76541906
SierraCarbonera,3,2027,-5.360833,36.204444,42.80552957,16.87541524
SierraCarbonera,3,2028,-5.360833,36.204444,17.02169953,19.17907892
SierraCarbonera,3,2029,-5.360833,36.204444,11.84022254,17.56855508
SierraCarbonera,3,2030,-5.360833,36.204444,62.10159195,16.97680841
SierraCarbonera,3,2031,-5.360833,36.204444,16.60851066,18.13212123
SierraCarbonera,3,2032,-5.360833,36.204444,15.28354995,18.55716612
SierraCarbonera,3,2033,-5.360833,36.204444,6.73215735,19.10750536
SierraCarbonera,3,2034,-5.360833,36.204444,0.106361664,20.99688012
SierraCarbonera,3,2035,-5.360833,36.204444,116.7358329,18.4456539
SierraCarbonera,3,2036,-5.360833,36.204444,11.45653166,19.58046678
SierraCarbonera,3,2037,-5.360833,36.204444,20.89272724,18.85129847
SierraCarbonera,3,2038,-5.360833,36.204444,47.44232073,18.63150497
SierraCarbonera,3,2039,-5.360833,36.204444,3.067135264,20.5932123
SierraCarbonera,3,2040,-5.360833,36.204444,135.0961805,17.74135841
SierraCarbonera,3,2041,-5.360833,36.204444,76.69365701,16.04119361
SierraCarbonera,3,2042,-5.360833,36.204444,1.470778273,17.93915661
SierraCarbonera,3,2043,-5.360833,36.204444,14.31579316,20.32226247
SierraCarbonera,3,2044,-5.360833,36.204444,36.6220272,18.97033376
SierraCarbonera,3,2045,-5.360833,36.204444,4.420551883,19.33240908
SierraCarbonera,3,2046,-5.360833,36.204444,44.63569714,19.60733997
SierraCarbonera,3,2047,-5.360833,36.204444,24.82429994,18.86905478
SierraCarbonera,3,2048,-5.360833,36.204444,1.264593223,19.09909038
SierraCarbonera,3,2049,-5.360833,36.204444,55.88138003,19.1585081
SierraCarbonera,3,2050,-5.360833,36.204444,9.362609782,19.08564296
SierraCarbonera,3,2051,-5.360833,36.204444,14.82211683,19.57908266
SierraCarbonera,3,2052,-5.360833,36.204444,26.84992308,18.70418307
SierraCarbonera,3,2053,-5.360833,36.204444,31.02429837,17.62664874
SierraCarbonera,3,2054,-5.360833,36.204444,4.319968496,18.91960272
SierraCarbonera,3,2055,-5.360833,36.204444,40.4061292,17.87013668
SierraCarbonera,3,2056,-5.360833,36.204444,9.356926945,18.27796572
SierraCarbonera,3,2057,-5.360833,36.204444,36.61384057,17.81075439
SierraCarbonera,3,2058,-5.360833,36.204444,45.79024546,20.61736056
SierraCarbonera,3,2059,-5.360833,36.204444,7.984629389,19.99129639
SierraCarbonera,3,2060,-5.360833,36.204444,31.21832898,18.19624457
SierraCarbonera,3,2061,-5.360833,36.204444,9.715819749,19.28103421
SierraCarbonera,3,2062,-5.360833,36.204444,73.7203914,17.89624988
SierraCarbonera,3,2063,-5.360833,36.204444,31.536227,17.55720845
SierraCarbonera,3,2064,-5.360833,36.204444,72.37834433,19.08711961
SierraCarbonera,3,2065,-5.360833,36.204444,7.432193751,21.01465218
SierraCarbonera,3,2066,-5.360833,36.204444,13.62434744,20.00686823
SierraCarbonera,3,2067,-5.360833,36.204444,57.32946055,17.62534042
SierraCarbonera,3,2068,-5.360833,36.204444,34.37081101,19.34905199
SierraCarbonera,3,2069,-5.360833,36.204444,3.674875347,20.05368515
SierraCarbonera,3,2070,-5.360833,36.204444,21.01401028,19.8815601
SierraCarbonera,3,2071,-5.360833,36.204444,9.725640417,20.23069497
SierraCarbonera,3,2072,-5.360833,36.204444,48.96383384,19.51004698
SierraCarbonera,3,2073,-5.360833,36.204444,78.92367458,18.49962769
SierraCarbonera,3,2074,-5.360833,36.204444,44.52291089,19.49922505
SierraCarbonera,3,2075,-5.360833,36.204444,20.17536577,19.86970648
SierraCarbonera,3,2076,-5.360833,36.204444,5.341650278,19.95452271
SierraCarbonera,3,2077,-5.360833,36.204444,13.35178622,20.79397957
SierraCarbonera,3,2078,-5.360833,36.204444,37.66544962,18.64774623
SierraCarbonera,3,2079,-5.360833,36.204444,17.25287738,20.03804833
SierraCarbonera,3,2080,-5.360833,36.204444,120.1631774,18.62273658
SierraCarbonera,3,2081,-5.360833,36.204444,3.305055651,20.3579769
SierraCarbonera,3,2082,-5.360833,36.204444,14.02696201,19.65885463
SierraCarbonera,3,2083,-5.360833,36.204444,8.889544878,19.89779348
SierraCarbonera,3,2084,-5.360833,36.204444,29.4043057,20.46288649
SierraCarbonera,3,2085,-5.360833,36.204444,19.01304906,20.42425124
SierraCarbonera,3,2086,-5.360833,36.204444,0.155422724,20.23009053
SierraCarbonera,3,2087,-5.360833,36.204444,61.29813728,20.4131832
SierraCarbonera,3,2088,-5.360833,36.204444,30.80273414,19.64307507
SierraCarbonera,3,2089,-5.360833,36.204444,2.419793492,22.36641157
SierraCarbonera,3,2090,-5.360833,36.204444,210.681203,19.48000981
SierraCarbonera,3,2091,-5.360833,36.204444,25.84565362,19.73611135
SierraCarbonera,3,2092,-5.360833,36.204444,1.794747682,20.68583709
SierraCarbonera,3,2093,-5.360833,36.204444,55.04690352,19.7374433
SierraCarbonera,3,2094,-5.360833,36.204444,54.40053202,20.37062988
SierraCarbonera,3,2095,-5.360833,36.204444,4.129455998,21.60662231
SierraCarbonera,3,2096,-5.360833,36.204444,28.41506904,21.44955818
SierraCarbonera,3,2097,-5.360833,36.204444,84.598162,19.58568726
SierraCarbonera,3,2098,-5.360833,36.204444,22.88915164,20.71508671
SierraCarbonera,3,2099,-5.360833,36.204444,5.704978852,21.5345014
SierraCarbonera,3,2100,-5.360833,36.204444,67.15632233,20.63284085
SierraCarbonera,4,2015,-5.360833,36.204444,0.997038308,21.19927368
SierraCarbonera,4,2016,-5.360833,36.204444,4.592365165,21.50236715
SierraCarbonera,4,2017,-5.360833,36.204444,14.42340417,20.85470785
SierraCarbonera,4,2018,-5.360833,36.204444,76.72006134,18.47510885
SierraCarbonera,4,2019,-5.360833,36.204444,78.2422982,18.63050435
SierraCarbonera,4,2020,-5.360833,36.204444,15.8084454,20.98630778
SierraCarbonera,4,2021,-5.360833,36.204444,2.50299998,20.63097127
SierraCarbonera,4,2022,-5.360833,36.204444,11.8539232,21.30489807
SierraCarbonera,4,2023,-5.360833,36.204444,18.65401309,20.31505025
SierraCarbonera,4,2024,-5.360833,36.204444,28.71488675,18.8462026
SierraCarbonera,4,2025,-5.360833,36.204444,26.89367719,19.85318502
SierraCarbonera,4,2026,-5.360833,36.204444,19.50209712,18.68402608
SierraCarbonera,4,2027,-5.360833,36.204444,80.77827479,18.80517782
SierraCarbonera,4,2028,-5.360833,36.204444,50.34241849,18.73544108
SierraCarbonera,4,2029,-5.360833,36.204444,24.68067339,18.38355204
SierraCarbonera,4,2030,-5.360833,36.204444,28.16847346,18.68781942
SierraCarbonera,4,2031,-5.360833,36.204444,4.285913804,20.19021505
SierraCarbonera,4,2032,-5.360833,36.204444,4.270520893,22.40272319
SierraCarbonera,4,2033,-5.360833,36.204444,35.34304594,19.67840678
SierraCarbonera,4,2034,-5.360833,36.204444,1.563868199,21.87475484
SierraCarbonera,4,2035,-5.360833,36.204444,6.888591211,19.85087382
SierraCarbonera,4,2036,-5.360833,36.204444,32.5651894,20.75412699
SierraCarbonera,4,2037,-5.360833,36.204444,13.03375037,21.11741333
SierraCarbonera,4,2038,-5.360833,36.204444,30.36374783,19.24254354
SierraCarbonera,4,2039,-5.360833,36.204444,119.3179357,19.4769989
SierraCarbonera,4,2040,-5.360833,36.204444,64.04376325,19.55901286
SierraCarbonera,4,2041,-5.360833,36.204444,12.50825958,20.01427816
SierraCarbonera,4,2042,-5.360833,36.204444,22.96039502,20.33559774
SierraCarbonera,4,2043,-5.360833,36.204444,14.20379645,20.17093709
SierraCarbonera,4,2044,-5.360833,36.204444,43.33515629,19.50230713
SierraCarbonera,4,2045,-5.360833,36.204444,71.08928181,20.81444906
SierraCarbonera,4,2046,-5.360833,36.204444,2.679115455,21.68072103
SierraCarbonera,4,2047,-5.360833,36.204444,58.73267629,20.81400859
SierraCarbonera,4,2048,-5.360833,36.204444,10.89985783,21.7132487
SierraCarbonera,4,2049,-5.360833,36.204444,14.12283755,19.3112325
SierraCarbonera,4,2050,-5.360833,36.204444,27.58999062,19.07072449
SierraCarbonera,4,2051,-5.360833,36.204444,0.614525646,21.77561849
SierraCarbonera,4,2052,-5.360833,36.204444,25.95047711,20.97858582
SierraCarbonera,4,2053,-5.360833,36.204444,27.44520144,21.45169678
SierraCarbonera,4,2054,-5.360833,36.204444,69.91889746,20.37625732
SierraCarbonera,4,2055,-5.360833,36.204444,60.90023316,19.86444499
SierraCarbonera,4,2056,-5.360833,36.204444,14.3851001,20.74487
SierraCarbonera,4,2057,-5.360833,36.204444,44.6964654,19.85389709
SierraCarbonera,4,2058,-5.360833,36.204444,12.58563013,20.58935649
SierraCarbonera,4,2059,-5.360833,36.204444,12.64808018,22.09418437
SierraCarbonera,4,2060,-5.360833,36.204444,16.38880635,20.73282878
SierraCarbonera,4,2061,-5.360833,36.204444,10.8447243,21.60102641
SierraCarbonera,4,2062,-5.360833,36.204444,23.04893039,22.17536926
SierraCarbonera,4,2063,-5.360833,36.204444,3.722450756,21.59517619
SierraCarbonera,4,2064,-5.360833,36.204444,24.78803942,22.38102722
SierraCarbonera,4,2065,-5.360833,36.204444,77.79760329,20.45720113
SierraCarbonera,4,2066,-5.360833,36.204444,13.20826901,19.94982605
SierraCarbonera,4,2067,-5.360833,36.204444,52.59727462,20.85931295
SierraCarbonera,4,2068,-5.360833,36.204444,4.746713554,21.52257385
SierraCarbonera,4,2069,-5.360833,36.204444,12.54622851,20.56937968
SierraCarbonera,4,2070,-5.360833,36.204444,20.02208523,21.73228658
SierraCarbonera,4,2071,-5.360833,36.204444,24.36757554,22.49993388
SierraCarbonera,4,2072,-5.360833,36.204444,29.48405887,22.87867025
SierraCarbonera,4,2073,-5.360833,36.204444,26.61282233,21.11741842
SierraCarbonera,4,2074,-5.360833,36.204444,17.43415928,21.80118306
SierraCarbonera,4,2075,-5.360833,36.204444,8.568072119,23.42304688
SierraCarbonera,4,2076,-5.360833,36.204444,6.430383639,21.01566569
SierraCarbonera,4,2077,-5.360833,36.204444,6.140798482,22.79282227
SierraCarbonera,4,2078,-5.360833,36.204444,79.45921198,21.44376628
SierraCarbonera,4,2079,-5.360833,36.204444,12.15784731,22.95261536
SierraCarbonera,4,2080,-5.360833,36.204444,22.84302137,21.01720886
SierraCarbonera,4,2081,-5.360833,36.204444,4.23595431,23.29123637
SierraCarbonera,4,2082,-5.360833,36.204444,6.737805281,22.49538879
SierraCarbonera,4,2083,-5.360833,36.204444,0.507813529,22.80450236
SierraCarbonera,4,2084,-5.360833,36.204444,5.307546348,21.63680115
SierraCarbonera,4,2085,-5.360833,36.204444,7.757179576,24.19002991
SierraCarbonera,4,2086,-5.360833,36.204444,4.87832179,21.76708883
SierraCarbonera,4,2087,-5.360833,36.204444,3.876864952,23.66367188
SierraCarbonera,4,2088,-5.360833,36.204444,28.28408037,21.9433075
SierraCarbonera,4,2089,-5.360833,36.204444,10.98533573,23.93778788
SierraCarbonera,4,2090,-5.360833,36.204444,33.49129108,22.22095947
SierraCarbonera,4,2091,-5.360833,36.204444,3.974597928,20.6413147
SierraCarbonera,4,2092,-5.360833,36.204444,6.605699057,23.69542033
SierraCarbonera,4,2093,-5.360833,36.204444,37.43614697,21.05088501
SierraCarbonera,4,2094,-5.360833,36.204444,11.28495427,23.65165507
SierraCarbonera,4,2095,-5.360833,36.204444,23.98445973,21.09836019
SierraCarbonera,4,2096,-5.360833,36.204444,6.396596706,24.74557495
SierraCarbonera,4,2097,-5.360833,36.204444,13.21835477,23.23469747
SierraCarbonera,4,2098,-5.360833,36.204444,0.677833277,22.94727376
SierraCarbonera,4,2099,-5.360833,36.204444,12.59762597,22.88814087
SierraCarbonera,4,2100,-5.360833,36.204444,3.905480198,24.34881287
SierraCarbonera,5,2015,-5.360833,36.204444,11.88068263,21.98199837
SierraCarbonera,5,2016,-5.360833,36.204444,18.22649213,23.00279659
SierraCarbonera,5,2017,-5.360833,36.204444,4.837284042,22.75991998
SierraCarbonera,5,2018,-5.360833,36.204444,69.86922772,20.82360131
SierraCarbonera,5,2019,-5.360833,36.204444,28.03567568,20.4067243
SierraCarbonera,5,2020,-5.360833,36.204444,2.393937607,23.11930286
SierraCarbonera,5,2021,-5.360833,36.204444,60.71061723,21.05888692
SierraCarbonera,5,2022,-5.360833,36.204444,66.41323947,22.18955039
SierraCarbonera,5,2023,-5.360833,36.204444,1.586223267,23.25590348
SierraCarbonera,5,2024,-5.360833,36.204444,1.245581826,23.23558074
SierraCarbonera,5,2025,-5.360833,36.204444,45.08733244,22.79249405
SierraCarbonera,5,2026,-5.360833,36.204444,39.80014288,20.70562035
SierraCarbonera,5,2027,-5.360833,36.204444,11.47602689,21.7066993
SierraCarbonera,5,2028,-5.360833,36.204444,6.872671747,20.99666453
SierraCarbonera,5,2029,-5.360833,36.204444,11.85715397,21.9647392
SierraCarbonera,5,2030,-5.360833,36.204444,14.86062762,20.7373291
SierraCarbonera,5,2031,-5.360833,36.204444,12.23809821,22.31708138
SierraCarbonera,5,2032,-5.360833,36.204444,17.90888729,23.64027631
SierraCarbonera,5,2033,-5.360833,36.204444,15.21729782,21.82395472
SierraCarbonera,5,2034,-5.360833,36.204444,2.889129501,22.95356189
SierraCarbonera,5,2035,-5.360833,36.204444,21.10339841,21.97126898
SierraCarbonera,5,2036,-5.360833,36.204444,86.4208204,22.28368333
SierraCarbonera,5,2037,-5.360833,36.204444,27.25861605,20.97233808
SierraCarbonera,5,2038,-5.360833,36.204444,4.026077102,22.63434114
SierraCarbonera,5,2039,-5.360833,36.204444,38.73566644,21.6712743
SierraCarbonera,5,2040,-5.360833,36.204444,45.97248444,21.91120743
SierraCarbonera,5,2041,-5.360833,36.204444,10.28464217,22.01794119
SierraCarbonera,5,2042,-5.360833,36.204444,3.736915247,24.41715639
SierraCarbonera,5,2043,-5.360833,36.204444,23.5436641,22.36689197
SierraCarbonera,5,2044,-5.360833,36.204444,20.12160147,22.15314292
SierraCarbonera,5,2045,-5.360833,36.204444,4.613011962,22.25072632
SierraCarbonera,5,2046,-5.360833,36.204444,25.03153367,22.71474905
SierraCarbonera,5,2047,-5.360833,36.204444,49.6420367,23.78232875
SierraCarbonera,5,2048,-5.360833,36.204444,2.22120421,23.70842994
SierraCarbonera,5,2049,-5.360833,36.204444,83.1348408,22.31045119
SierraCarbonera,5,2050,-5.360833,36.204444,9.91155538,22.8031378
SierraCarbonera,5,2051,-5.360833,36.204444,33.74720625,22.57618743
SierraCarbonera,5,2052,-5.360833,36.204444,1.553162716,24.86277407
SierraCarbonera,5,2053,-5.360833,36.204444,16.10983951,22.72945754
SierraCarbonera,5,2054,-5.360833,36.204444,35.56730238,21.7915421
SierraCarbonera,5,2055,-5.360833,36.204444,1.955888853,22.82359442
SierraCarbonera,5,2056,-5.360833,36.204444,13.21243285,23.11156518
SierraCarbonera,5,2057,-5.360833,36.204444,8.473368187,22.75339907
SierraCarbonera,5,2058,-5.360833,36.204444,25.6560383,21.77323549
SierraCarbonera,5,2059,-5.360833,36.204444,39.99608578,24.5379617
SierraCarbonera,5,2060,-5.360833,36.204444,2.442706154,24.49130623
SierraCarbonera,5,2061,-5.360833,36.204444,4.669643627,22.67891452
SierraCarbonera,5,2062,-5.360833,36.204444,29.34554724,23.05847345
SierraCarbonera,5,2063,-5.360833,36.204444,25.64741619,21.5364496
SierraCarbonera,5,2064,-5.360833,36.204444,1.578046396,24.66865077
SierraCarbonera,5,2065,-5.360833,36.204444,1.24098866,25.46899493
SierraCarbonera,5,2066,-5.360833,36.204444,4.210464034,24.15412145
SierraCarbonera,5,2067,-5.360833,36.204444,24.31397861,23.12220301
SierraCarbonera,5,2068,-5.360833,36.204444,7.9530373,23.04682755
SierraCarbonera,5,2069,-5.360833,36.204444,23.35381383,23.96253505
SierraCarbonera,5,2070,-5.360833,36.204444,59.41598335,24.12269523
SierraCarbonera,5,2071,-5.360833,36.204444,19.33753235,24.27510789
SierraCarbonera,5,2072,-5.360833,36.204444,1.630272048,25.57698286
SierraCarbonera,5,2073,-5.360833,36.204444,4.93618673,23.00786546
SierraCarbonera,5,2074,-5.360833,36.204444,3.927578224,24.46143444
SierraCarbonera,5,2075,-5.360833,36.204444,5.499548903,25.19330503
SierraCarbonera,5,2076,-5.360833,36.204444,18.14746413,24.40987352
SierraCarbonera,5,2077,-5.360833,36.204444,8.491153436,26.02428687
SierraCarbonera,5,2078,-5.360833,36.204444,22.41403882,22.87139085
SierraCarbonera,5,2079,-5.360833,36.204444,0.605536308,24.52269602
SierraCarbonera,5,2080,-5.360833,36.204444,7.481823965,23.75190961
SierraCarbonera,5,2081,-5.360833,36.204444,20.69787176,24.85599326
SierraCarbonera,5,2082,-5.360833,36.204444,14.75705622,25.13079617
SierraCarbonera,5,2083,-5.360833,36.204444,20.73937432,21.78108343
SierraCarbonera,5,2084,-5.360833,36.204444,20.21109608,25.39334185
SierraCarbonera,5,2085,-5.360833,36.204444,11.61566839,26.60534058
SierraCarbonera,5,2086,-5.360833,36.204444,1.314646508,25.19490278
SierraCarbonera,5,2087,-5.360833,36.204444,1.988766129,25.42262101
SierraCarbonera,5,2088,-5.360833,36.204444,18.53790561,26.73530017
SierraCarbonera,5,2089,-5.360833,36.204444,11.95104807,25.79011073
SierraCarbonera,5,2090,-5.360833,36.204444,56.11865331,23.22044402
SierraCarbonera,5,2091,-5.360833,36.204444,17.86050537,22.42658435
SierraCarbonera,5,2092,-5.360833,36.204444,1.235938238,27.58111848
SierraCarbonera,5,2093,-5.360833,36.204444,5.768555628,25.76832709
SierraCarbonera,5,2094,-5.360833,36.204444,4.162233124,24.57984166
SierraCarbonera,5,2095,-5.360833,36.204444,11.3196495,25.49376536
SierraCarbonera,5,2096,-5.360833,36.204444,0.000373148,25.51531766
SierraCarbonera,5,2097,-5.360833,36.204444,21.53480959,25.17085788
SierraCarbonera,5,2098,-5.360833,36.204444,9.197093063,24.0943257
SierraCarbonera,5,2099,-5.360833,36.204444,34.94636978,24.95521673
SierraCarbonera,5,2100,-5.360833,36.204444,10.37429377,26.50386668
SierraCarbonera,6,2015,-5.360833,36.204444,21.08220366,24.28972982
SierraCarbonera,6,2016,-5.360833,36.204444,0.022820771,26.41442159
SierraCarbonera,6,2017,-5.360833,36.204444,11.10587636,26.39422811
SierraCarbonera,6,2018,-5.360833,36.204444,5.416535766,25.12298279
SierraCarbonera,6,2019,-5.360833,36.204444,2.270510315,25.89395243
SierraCarbonera,6,2020,-5.360833,36.204444,7.126627446,26.29024963
SierraCarbonera,6,2021,-5.360833,36.204444,7.748040814,25.57351278
SierraCarbonera,6,2022,-5.360833,36.204444,14.42474994,24.86877441
SierraCarbonera,6,2023,-5.360833,36.204444,0.016070673,26.28279724
SierraCarbonera,6,2024,-5.360833,36.204444,39.98845773,25.76555074
SierraCarbonera,6,2025,-5.360833,36.204444,15.55546236,23.96246338
SierraCarbonera,6,2026,-5.360833,36.204444,7.093417372,23.00584106
SierraCarbonera,6,2027,-5.360833,36.204444,4.210477907,26.18497416
SierraCarbonera,6,2028,-5.360833,36.204444,0.626040546,26.22219543
SierraCarbonera,6,2029,-5.360833,36.204444,0.037724458,25.39346415
SierraCarbonera,6,2030,-5.360833,36.204444,5.642744808,25.59600627
SierraCarbonera,6,2031,-5.360833,36.204444,37.32982561,25.32162272
SierraCarbonera,6,2032,-5.360833,36.204444,0.263484103,27.01080424
SierraCarbonera,6,2033,-5.360833,36.204444,3.431292614,25.32677307
SierraCarbonera,6,2034,-5.360833,36.204444,0.110391297,26.17027283
SierraCarbonera,6,2035,-5.360833,36.204444,38.78110719,23.9302714
SierraCarbonera,6,2036,-5.360833,36.204444,4.355834013,26.76652425
SierraCarbonera,6,2037,-5.360833,36.204444,2.876805098,24.98404643
SierraCarbonera,6,2038,-5.360833,36.204444,0.502415697,27.26080017
SierraCarbonera,6,2039,-5.360833,36.204444,2.823297614,25.79406128
SierraCarbonera,6,2040,-5.360833,36.204444,11.78563034,25.19061483
SierraCarbonera,6,2041,-5.360833,36.204444,8.241640717,26.58808289
SierraCarbonera,6,2042,-5.360833,36.204444,0.292030518,28.37888997
SierraCarbonera,6,2043,-5.360833,36.204444,38.9083505,24.99426371
SierraCarbonera,6,2044,-5.360833,36.204444,0.308795287,28.44122314
SierraCarbonera,6,2045,-5.360833,36.204444,22.45278584,27.45620219
SierraCarbonera,6,2046,-5.360833,36.204444,0.761313974,24.85248515
SierraCarbonera,6,2047,-5.360833,36.204444,8.885934919,26.13469442
SierraCarbonera,6,2048,-5.360833,36.204444,1.122178583,26.49880981
SierraCarbonera,6,2049,-5.360833,36.204444,0.571757414,28.69426168
SierraCarbonera,6,2050,-5.360833,36.204444,0.043373154,27.08619486
SierraCarbonera,6,2051,-5.360833,36.204444,0.631282104,25.2382487
SierraCarbonera,6,2052,-5.360833,36.204444,0.003504511,27.68349609
SierraCarbonera,6,2053,-5.360833,36.204444,10.27300282,25.44772135
SierraCarbonera,6,2054,-5.360833,36.204444,3.836502435,25.45348511
SierraCarbonera,6,2055,-5.360833,36.204444,0.239242427,27.32704163
SierraCarbonera,6,2056,-5.360833,36.204444,0.338161868,27.78692322
SierraCarbonera,6,2057,-5.360833,36.204444,2.468636105,26.08778992
SierraCarbonera,6,2058,-5.360833,36.204444,18.56924702,27.15012105
SierraCarbonera,6,2059,-5.360833,36.204444,0.391462939,28.55395813
SierraCarbonera,6,2060,-5.360833,36.204444,0.245718406,28.64595133
SierraCarbonera,6,2061,-5.360833,36.204444,0.25890448,24.82262472
SierraCarbonera,6,2062,-5.360833,36.204444,0.137968385,28.20379232
SierraCarbonera,6,2063,-5.360833,36.204444,0.001161158,27.58115946
SierraCarbonera,6,2064,-5.360833,36.204444,1.211420709,25.26529643
SierraCarbonera,6,2065,-5.360833,36.204444,12.3981303,27.6530955
SierraCarbonera,6,2066,-5.360833,36.204444,0.936628226,27.89834391
SierraCarbonera,6,2067,-5.360833,36.204444,4.874605648,26.10007833
SierraCarbonera,6,2068,-5.360833,36.204444,0.907365325,29.02380676
SierraCarbonera,6,2069,-5.360833,36.204444,0.385602269,27.4850942
SierraCarbonera,6,2070,-5.360833,36.204444,24.1389959,26.49941305
SierraCarbonera,6,2071,-5.360833,36.204444,1.057384725,28.17461344
SierraCarbonera,6,2072,-5.360833,36.204444,19.90513297,27.92979838
SierraCarbonera,6,2073,-5.360833,36.204444,7.361954569,26.96198324
SierraCarbonera,6,2074,-5.360833,36.204444,0.205560955,29.23354899
SierraCarbonera,6,2075,-5.360833,36.204444,0.246453487,28.7344401
SierraCarbonera,6,2076,-5.360833,36.204444,1.400672169,28.20884603
SierraCarbonera,6,2077,-5.360833,36.204444,0.510965506,28.09331258
SierraCarbonera,6,2078,-5.360833,36.204444,1.653815217,28.29619242
SierraCarbonera,6,2079,-5.360833,36.204444,28.11815817,28.43735758
SierraCarbonera,6,2080,-5.360833,36.204444,3.540224173,25.21096395
SierraCarbonera,6,2081,-5.360833,36.204444,18.53599536,29.09919739
SierraCarbonera,6,2082,-5.360833,36.204444,9.681193917,29.49425761
SierraCarbonera,6,2083,-5.360833,36.204444,1.003589224,29.74810588
SierraCarbonera,6,2084,-5.360833,36.204444,41.16774923,29.33853455
SierraCarbonera,6,2085,-5.360833,36.204444,0.515940841,28.71917725
SierraCarbonera,6,2086,-5.360833,36.204444,0.168413818,28.28641968
SierraCarbonera,6,2087,-5.360833,36.204444,15.79445506,27.66224162
SierraCarbonera,6,2088,-5.360833,36.204444,2.183124045,31.44813538
SierraCarbonera,6,2089,-5.360833,36.204444,3.399676305,29.52637126
SierraCarbonera,6,2090,-5.360833,36.204444,2.60921573,27.05529277
SierraCarbonera,6,2091,-5.360833,36.204444,0.189729669,27.69887085
SierraCarbonera,6,2092,-5.360833,36.204444,0.013331077,29.42327271
SierraCarbonera,6,2093,-5.360833,36.204444,1.263619354,29.42476095
SierraCarbonera,6,2094,-5.360833,36.204444,4.858296364,27.66596375
SierraCarbonera,6,2095,-5.360833,36.204444,0.213523026,30.63386027
SierraCarbonera,6,2096,-5.360833,36.204444,20.24869061,28.81171977
SierraCarbonera,6,2097,-5.360833,36.204444,1.74407825,29.16331278
SierraCarbonera,6,2098,-5.360833,36.204444,0.504583256,29.40651449
SierraCarbonera,6,2099,-5.360833,36.204444,0.490318114,28.98297831
SierraCarbonera,6,2100,-5.360833,36.204444,0.217305427,27.58370463
SierraCarbonera,7,2015,-5.360833,36.204444,2.58323441034937e-05,28.76046536
SierraCarbonera,7,2016,-5.360833,36.204444,8.908325346,29.23536416
SierraCarbonera,7,2017,-5.360833,36.204444,0.017598832,30.04603705
SierraCarbonera,7,2018,-5.360833,36.204444,0.07650039,28.77544654
SierraCarbonera,7,2019,-5.360833,36.204444,0.538977602,29.44798801
SierraCarbonera,7,2020,-5.360833,36.204444,0.46334666,30.11969664
SierraCarbonera,7,2021,-5.360833,36.204444,6.92488714952824e-07,29.82106835
SierraCarbonera,7,2022,-5.360833,36.204444,1.340734636,28.72626599
SierraCarbonera,7,2023,-5.360833,36.204444,0.322553404,29.22523331
SierraCarbonera,7,2024,-5.360833,36.204444,0.203860273,29.0654039
SierraCarbonera,7,2025,-5.360833,36.204444,9.78678038,29.71809909
SierraCarbonera,7,2026,-5.360833,36.204444,0.249298938,28.78039433
SierraCarbonera,7,2027,-5.360833,36.204444,0.019758294,29.75233587
SierraCarbonera,7,2028,-5.360833,36.204444,0.099234095,30.05992451
SierraCarbonera,7,2029,-5.360833,36.204444,0.830440562,28.72312268
SierraCarbonera,7,2030,-5.360833,36.204444,0.46712605,28.81430822
SierraCarbonera,7,2031,-5.360833,36.204444,3.820692533,29.40341954
SierraCarbonera,7,2032,-5.360833,36.204444,0.645969486,30.66045926
SierraCarbonera,7,2033,-5.360833,36.204444,3.282253309,30.96832059
SierraCarbonera,7,2034,-5.360833,36.204444,0.337806434,30.31676242
SierraCarbonera,7,2035,-5.360833,36.204444,5.78312397779096e-05,28.75422993
SierraCarbonera,7,2036,-5.360833,36.204444,0.537999826,30.80514999
SierraCarbonera,7,2037,-5.360833,36.204444,1.429993245,30.52296084
SierraCarbonera,7,2038,-5.360833,36.204444,3.298335064,30.96121295
SierraCarbonera,7,2039,-5.360833,36.204444,0.001032682,30.38628442
SierraCarbonera,7,2040,-5.360833,36.204444,2.819485385,26.82464875
SierraCarbonera,7,2041,-5.360833,36.204444,7.677893676,30.4606784
SierraCarbonera,7,2042,-5.360833,36.204444,0.027530336,30.85424588
SierraCarbonera,7,2043,-5.360833,36.204444,0.192516075,29.82142275
SierraCarbonera,7,2044,-5.360833,36.204444,1.95895385190532e-05,29.79162086
SierraCarbonera,7,2045,-5.360833,36.204444,0.111371413,30.13322577
SierraCarbonera,7,2046,-5.360833,36.204444,0.027084016,30.61339919
SierraCarbonera,7,2047,-5.360833,36.204444,6.251244481,30.10617341
SierraCarbonera,7,2048,-5.360833,36.204444,0.325808828,31.03200191
SierraCarbonera,7,2049,-5.360833,36.204444,0.023303472,30.46861297
SierraCarbonera,7,2050,-5.360833,36.204444,0.830482775,30.39562772
SierraCarbonera,7,2051,-5.360833,36.204444,8.799156004,28.45388873
SierraCarbonera,7,2052,-5.360833,36.204444,0.455792872,29.13463253
SierraCarbonera,7,2053,-5.360833,36.204444,1.206465994,30.68056641
SierraCarbonera,7,2054,-5.360833,36.204444,0.467584916,29.65700782
SierraCarbonera,7,2055,-5.360833,36.204444,4.170868774,30.91835642
SierraCarbonera,7,2056,-5.360833,36.204444,0.141141859,29.56378942
SierraCarbonera,7,2057,-5.360833,36.204444,0.344027296,31.01622039
SierraCarbonera,7,2058,-5.360833,36.204444,0.126450212,29.76803569
SierraCarbonera,7,2059,-5.360833,36.204444,0.501313653,31.2966159
SierraCarbonera,7,2060,-5.360833,36.204444,0.038313358,31.51707488
SierraCarbonera,7,2061,-5.360833,36.204444,5.973297156,30.15341659
SierraCarbonera,7,2062,-5.360833,36.204444,0.006978757,30.32245247
SierraCarbonera,7,2063,-5.360833,36.204444,7.77576430034975e-06,31.07147591
SierraCarbonera,7,2064,-5.360833,36.204444,0.000700966,31.40626752
SierraCarbonera,7,2065,-5.360833,36.204444,0.100516738,30.20330692
SierraCarbonera,7,2066,-5.360833,36.204444,0.020233636,31.00418366
SierraCarbonera,7,2067,-5.360833,36.204444,0.026073142,30.9783402
SierraCarbonera,7,2068,-5.360833,36.204444,0.005593952,31.76539149
SierraCarbonera,7,2069,-5.360833,36.204444,0.218548668,32.62062496
SierraCarbonera,7,2070,-5.360833,36.204444,0.023248624,32.20158022
SierraCarbonera,7,2071,-5.360833,36.204444,1.091311699,32.60352232
SierraCarbonera,7,2072,-5.360833,36.204444,8.78207612377986e-05,31.91002709
SierraCarbonera,7,2073,-5.360833,36.204444,0.143510985,29.78842833
SierraCarbonera,7,2074,-5.360833,36.204444,0.00017269,32.8652076
SierraCarbonera,7,2075,-5.360833,36.204444,0.000696256,33.8966535
SierraCarbonera,7,2076,-5.360833,36.204444,3.56187704718e-05,32.44919099
SierraCarbonera,7,2077,-5.360833,36.204444,0.016898904,32.5465775
SierraCarbonera,7,2078,-5.360833,36.204444,0.636712997,32.22205751
SierraCarbonera,7,2079,-5.360833,36.204444,3.262677692,33.03535885
SierraCarbonera,7,2080,-5.360833,36.204444,0.185634516,31.33537322
SierraCarbonera,7,2081,-5.360833,36.204444,0.018900493,31.49995157
SierraCarbonera,7,2082,-5.360833,36.204444,0.149627857,31.42615612
SierraCarbonera,7,2083,-5.360833,36.204444,0.533076773,32.22623941
SierraCarbonera,7,2084,-5.360833,36.204444,0.258576333,29.95717183
SierraCarbonera,7,2085,-5.360833,36.204444,23.85084871,32.98605622
SierraCarbonera,7,2086,-5.360833,36.204444,2.040897693,32.64567005
SierraCarbonera,7,2087,-5.360833,36.204444,1.50879964147763e-05,34.67346369
SierraCarbonera,7,2088,-5.360833,36.204444,0.035068522,31.08720427
SierraCarbonera,7,2089,-5.360833,36.204444,15.017976,33.27886549
SierraCarbonera,7,2090,-5.360833,36.204444,5.798178142,32.44047182
SierraCarbonera,7,2091,-5.360833,36.204444,3.939033689,31.87420733
SierraCarbonera,7,2092,-5.360833,36.204444,0.381683834,33.59209496
SierraCarbonera,7,2093,-5.360833,36.204444,0.294795132,32.92470703
SierraCarbonera,7,2094,-5.360833,36.204444,0.437716046,32.40349731
SierraCarbonera,7,2095,-5.360833,36.204444,0.112805163,33.17487537
SierraCarbonera,7,2096,-5.360833,36.204444,0.288982679,33.80503579
SierraCarbonera,7,2097,-5.360833,36.204444,0.004408856,33.95381194
SierraCarbonera,7,2098,-5.360833,36.204444,6.14017776708736e-07,32.88774926
SierraCarbonera,7,2099,-5.360833,36.204444,0.786665191,33.30416949
SierraCarbonera,7,2100,-5.360833,36.204444,0.399897737,33.44043441
SierraCarbonera,8,2015,-5.360833,36.204444,0.218532875,30.84826345
SierraCarbonera,8,2016,-5.360833,36.204444,0.575358965,29.60198561
SierraCarbonera,8,2017,-5.360833,36.204444,2.957949514,28.97812953
SierraCarbonera,8,2018,-5.360833,36.204444,0.967353978,28.90754139
SierraCarbonera,8,2019,-5.360833,36.204444,0.756851718,29.29129304
SierraCarbonera,8,2020,-5.360833,36.204444,2.452209422,28.71494692
SierraCarbonera,8,2021,-5.360833,36.204444,2.386001535,30.04282975
SierraCarbonera,8,2022,-5.360833,36.204444,5.150952905,29.83317792
SierraCarbonera,8,2023,-5.360833,36.204444,0.000191064,29.65183952
SierraCarbonera,8,2024,-5.360833,36.204444,0.204323426,28.44489096
SierraCarbonera,8,2025,-5.360833,36.204444,9.576883894,29.95424312
SierraCarbonera,8,2026,-5.360833,36.204444,0.013407792,29.52289685
SierraCarbonera,8,2027,-5.360833,36.204444,5.337815224,29.9946927
SierraCarbonera,8,2028,-5.360833,36.204444,2.162102907,29.60557783
SierraCarbonera,8,2029,-5.360833,36.204444,0.131940619,29.21723574
SierraCarbonera,8,2030,-5.360833,36.204444,8.872667479,29.80799895
SierraCarbonera,8,2031,-5.360833,36.204444,0.01296743,29.53563351
SierraCarbonera,8,2032,-5.360833,36.204444,5.181942645,30.88969648
SierraCarbonera,8,2033,-5.360833,36.204444,2.581725235,29.94613136
SierraCarbonera,8,2034,-5.360833,36.204444,9.566857826,29.46126807
SierraCarbonera,8,2035,-5.360833,36.204444,36.84947143,31.29684429
SierraCarbonera,8,2036,-5.360833,36.204444,2.578896285,30.53837812
SierraCarbonera,8,2037,-5.360833,36.204444,0.021310936,29.65494345
SierraCarbonera,8,2038,-5.360833,36.204444,0.935572002,29.33933066
SierraCarbonera,8,2039,-5.360833,36.204444,0.039672572,30.70926081
SierraCarbonera,8,2040,-5.360833,36.204444,0.241266602,29.32343199
SierraCarbonera,8,2041,-5.360833,36.204444,0.683179846,31.41260927
SierraCarbonera,8,2042,-5.360833,36.204444,0.265177421,30.6030872
SierraCarbonera,8,2043,-5.360833,36.204444,4.11951379,32.05810724
SierraCarbonera,8,2044,-5.360833,36.204444,0.003536916,30.60861974
SierraCarbonera,8,2045,-5.360833,36.204444,0.000425266,29.93442442
SierraCarbonera,8,2046,-5.360833,36.204444,0.070672021,30.34302427
SierraCarbonera,8,2047,-5.360833,36.204444,0.000159463,30.06197313
SierraCarbonera,8,2048,-5.360833,36.204444,0.10255373,31.49030014
SierraCarbonera,8,2049,-5.360833,36.204444,9.208470594,30.16520917
SierraCarbonera,8,2050,-5.360833,36.204444,0.023468105,30.63025276
SierraCarbonera,8,2051,-5.360833,36.204444,14.16527332,28.70634785
SierraCarbonera,8,2052,-5.360833,36.204444,0.170269644,29.44299494
SierraCarbonera,8,2053,-5.360833,36.204444,0.00082694,31.14036097
SierraCarbonera,8,2054,-5.360833,36.204444,1.31145053,30.65571033
SierraCarbonera,8,2055,-5.360833,36.204444,11.87716284,29.4008285
SierraCarbonera,8,2056,-5.360833,36.204444,0.664530912,30.7497281
SierraCarbonera,8,2057,-5.360833,36.204444,4.825204296,31.09556018
SierraCarbonera,8,2058,-5.360833,36.204444,4.247232917,29.34504237
SierraCarbonera,8,2059,-5.360833,36.204444,1.668945711,33.12711044
SierraCarbonera,8,2060,-5.360833,36.204444,0.134225554,32.28309562
SierraCarbonera,8,2061,-5.360833,36.204444,9.3637545187533e-05,32.339056
SierraCarbonera,8,2062,-5.360833,36.204444,7.267576936,31.31500224
SierraCarbonera,8,2063,-5.360833,36.204444,0.428200307,29.510868
SierraCarbonera,8,2064,-5.360833,36.204444,0.481328415,32.23105626
SierraCarbonera,8,2065,-5.360833,36.204444,0.61900409,31.64090931
SierraCarbonera,8,2066,-5.360833,36.204444,16.55735462,32.11999394
SierraCarbonera,8,2067,-5.360833,36.204444,0.000275019,31.00298954
SierraCarbonera,8,2068,-5.360833,36.204444,1.810649662,30.80500528
SierraCarbonera,8,2069,-5.360833,36.204444,0.00490988,31.82514097
SierraCarbonera,8,2070,-5.360833,36.204444,0.583742823,31.89163385
SierraCarbonera,8,2071,-5.360833,36.204444,1.673870177,31.33665397
SierraCarbonera,8,2072,-5.360833,36.204444,0.280016199,33.32315339
SierraCarbonera,8,2073,-5.360833,36.204444,0.097600015,32.6024798
SierraCarbonera,8,2074,-5.360833,36.204444,9.68042688604848e-07,32.30241916
SierraCarbonera,8,2075,-5.360833,36.204444,3.749149344,32.81020902
SierraCarbonera,8,2076,-5.360833,36.204444,38.51590457,33.18107339
SierraCarbonera,8,2077,-5.360833,36.204444,0.1118123,32.38718124
SierraCarbonera,8,2078,-5.360833,36.204444,0.409242121,33.90477413
SierraCarbonera,8,2079,-5.360833,36.204444,2.189873696,32.4632655
SierraCarbonera,8,2080,-5.360833,36.204444,0.515244153,30.52613959
SierraCarbonera,8,2081,-5.360833,36.204444,0.28220519,32.46861592
SierraCarbonera,8,2082,-5.360833,36.204444,1.229532521,32.439638
SierraCarbonera,8,2083,-5.360833,36.204444,0.261361597,32.97609371
SierraCarbonera,8,2084,-5.360833,36.204444,2.312698588,31.70297911
SierraCarbonera,8,2085,-5.360833,36.204444,2.739295793,33.50633565
SierraCarbonera,8,2086,-5.360833,36.204444,0.000350078,32.96041654
SierraCarbonera,8,2087,-5.360833,36.204444,0.032501885,34.0373356
SierraCarbonera,8,2088,-5.360833,36.204444,4.991059156,31.6698508
SierraCarbonera,8,2089,-5.360833,36.204444,0.789945425,34.18651832
SierraCarbonera,8,2090,-5.360833,36.204444,1.633095692,32.36823967
SierraCarbonera,8,2091,-5.360833,36.204444,0.418263595,32.61206626
SierraCarbonera,8,2092,-5.360833,36.204444,18.13354041,32.38759766
SierraCarbonera,8,2093,-5.360833,36.204444,3.209553067,34.36798076
SierraCarbonera,8,2094,-5.360833,36.204444,0.138517499,33.15049183
SierraCarbonera,8,2095,-5.360833,36.204444,3.729535412,34.45239238
SierraCarbonera,8,2096,-5.360833,36.204444,6.182537798,34.08743562
SierraCarbonera,8,2097,-5.360833,36.204444,0.67982272,34.36771201
SierraCarbonera,8,2098,-5.360833,36.204444,0.027649721,33.78652442
SierraCarbonera,8,2099,-5.360833,36.204444,0.066407726,34.20546678
SierraCarbonera,8,2100,-5.360833,36.204444,0.282833944,33.97812264
SierraCarbonera,9,2015,-5.360833,36.204444,24.58202753,28.17008057
SierraCarbonera,9,2016,-5.360833,36.204444,37.54605546,26.03577881
SierraCarbonera,9,2017,-5.360833,36.204444,25.50284451,26.13609009
SierraCarbonera,9,2018,-5.360833,36.204444,0.501572489,26.3631897
SierraCarbonera,9,2019,-5.360833,36.204444,12.12151259,25.67644958
SierraCarbonera,9,2020,-5.360833,36.204444,8.109955577,26.38968913
SierraCarbonera,9,2021,-5.360833,36.204444,1.081440851,26.7199941
SierraCarbonera,9,2022,-5.360833,36.204444,25.66669773,26.26680298
SierraCarbonera,9,2023,-5.360833,36.204444,3.976654995,28.0550883
SierraCarbonera,9,2024,-5.360833,36.204444,10.29698015,27.0456899
SierraCarbonera,9,2025,-5.360833,36.204444,12.19918257,26.61172078
SierraCarbonera,9,2026,-5.360833,36.204444,3.607453282,26.42953186
SierraCarbonera,9,2027,-5.360833,36.204444,12.21387083,28.24796448
SierraCarbonera,9,2028,-5.360833,36.204444,1.182487269,25.70454407
SierraCarbonera,9,2029,-5.360833,36.204444,2.792029206,28.43589579
SierraCarbonera,9,2030,-5.360833,36.204444,29.35485501,26.81946818
SierraCarbonera,9,2031,-5.360833,36.204444,1.694156308,25.61610819
SierraCarbonera,9,2032,-5.360833,36.204444,20.72056832,27.1351888
SierraCarbonera,9,2033,-5.360833,36.204444,0.441626199,27.81324768
SierraCarbonera,9,2034,-5.360833,36.204444,14.65847128,27.11161296
SierraCarbonera,9,2035,-5.360833,36.204444,0.490643103,27.1522817
SierraCarbonera,9,2036,-5.360833,36.204444,9.737091179,27.79745382
SierraCarbonera,9,2037,-5.360833,36.204444,12.11040903,26.94946696
SierraCarbonera,9,2038,-5.360833,36.204444,4.265735066,26.71245931
SierraCarbonera,9,2039,-5.360833,36.204444,0.063484944,27.87415873
SierraCarbonera,9,2040,-5.360833,36.204444,0.997675836,27.49384359
SierraCarbonera,9,2041,-5.360833,36.204444,6.243610563,28.12102153
SierraCarbonera,9,2042,-5.360833,36.204444,0.393604048,27.88944397
SierraCarbonera,9,2043,-5.360833,36.204444,0.134751443,27.32833761
SierraCarbonera,9,2044,-5.360833,36.204444,0.428131968,26.97845866
SierraCarbonera,9,2045,-5.360833,36.204444,0.452685447,28.55626526
SierraCarbonera,9,2046,-5.360833,36.204444,0.933641432,28.80216675
SierraCarbonera,9,2047,-5.360833,36.204444,4.279997467,28.20157878
SierraCarbonera,9,2048,-5.360833,36.204444,39.37872278,27.26494853
SierraCarbonera,9,2049,-5.360833,36.204444,7.213631263,28.57384338
SierraCarbonera,9,2050,-5.360833,36.204444,2.847770313,27.72592977
SierraCarbonera,9,2051,-5.360833,36.204444,1.567310446,27.16494039
SierraCarbonera,9,2052,-5.360833,36.204444,29.04136529,26.19874471
SierraCarbonera,9,2053,-5.360833,36.204444,7.712829493,28.45442098
SierraCarbonera,9,2054,-5.360833,36.204444,0.263257031,28.06150818
SierraCarbonera,9,2055,-5.360833,36.204444,11.05784635,27.32621562
SierraCarbonera,9,2056,-5.360833,36.204444,0.469658521,28.92412821
SierraCarbonera,9,2057,-5.360833,36.204444,1.316594579,27.96404419
SierraCarbonera,9,2058,-5.360833,36.204444,0.468809955,28.21788839
SierraCarbonera,9,2059,-5.360833,36.204444,0.323239163,28.8844106
SierraCarbonera,9,2060,-5.360833,36.204444,5.917888111,28.89810791
SierraCarbonera,9,2061,-5.360833,36.204444,0.188906414,29.26435649
SierraCarbonera,9,2062,-5.360833,36.204444,2.699568223,28.2254008
SierraCarbonera,9,2063,-5.360833,36.204444,24.37114203,28.86281535
SierraCarbonera,9,2064,-5.360833,36.204444,39.4063265,28.49304708
SierraCarbonera,9,2065,-5.360833,36.204444,20.13108734,28.29749552
SierraCarbonera,9,2066,-5.360833,36.204444,10.70872998,27.86603394
SierraCarbonera,9,2067,-5.360833,36.204444,0.15199471,29.16178589
SierraCarbonera,9,2068,-5.360833,36.204444,7.89527079,29.05811056
SierraCarbonera,9,2069,-5.360833,36.204444,0.289202034,29.60142415
SierraCarbonera,9,2070,-5.360833,36.204444,27.41402058,28.40534058
SierraCarbonera,9,2071,-5.360833,36.204444,7.007074428,30.59929606
SierraCarbonera,9,2072,-5.360833,36.204444,21.08070692,29.85851644
SierraCarbonera,9,2073,-5.360833,36.204444,2.668480198,30.20354818
SierraCarbonera,9,2074,-5.360833,36.204444,0.526170779,28.98249715
SierraCarbonera,9,2075,-5.360833,36.204444,0.402351021,30.06758423
SierraCarbonera,9,2076,-5.360833,36.204444,2.185485595,28.98104757
SierraCarbonera,9,2077,-5.360833,36.204444,4.912110256,29.67669983
SierraCarbonera,9,2078,-5.360833,36.204444,0.462984497,29.80364787
SierraCarbonera,9,2079,-5.360833,36.204444,1.268584059,30.93521525
SierraCarbonera,9,2080,-5.360833,36.204444,0.610174426,30.96680603
SierraCarbonera,9,2081,-5.360833,36.204444,2.118527629,29.23026225
SierraCarbonera,9,2082,-5.360833,36.204444,0.20645201,29.20042521
SierraCarbonera,9,2083,-5.360833,36.204444,0.510018919,28.66883138
SierraCarbonera,9,2084,-5.360833,36.204444,0.644752463,30.47372843
SierraCarbonera,9,2085,-5.360833,36.204444,13.883686,30.92859192
SierraCarbonera,9,2086,-5.360833,36.204444,19.08855294,30.58023682
SierraCarbonera,9,2087,-5.360833,36.204444,37.14148656,30.32559102
SierraCarbonera,9,2088,-5.360833,36.204444,30.53807447,27.91426697
SierraCarbonera,9,2089,-5.360833,36.204444,11.0216371,31.09054464
SierraCarbonera,9,2090,-5.360833,36.204444,0.151866505,31.16981506
SierraCarbonera,9,2091,-5.360833,36.204444,0.581469763,30.23451945
SierraCarbonera,9,2092,-5.360833,36.204444,2.211460355,29.29584045
SierraCarbonera,9,2093,-5.360833,36.204444,2.358863796,28.94935506
SierraCarbonera,9,2094,-5.360833,36.204444,105.4654239,29.73106181
SierraCarbonera,9,2095,-5.360833,36.204444,0.576478096,30.090743
SierraCarbonera,9,2096,-5.360833,36.204444,5.130735151,30.03265483
SierraCarbonera,9,2097,-5.360833,36.204444,12.03046667,32.39900004
SierraCarbonera,9,2098,-5.360833,36.204444,0.191025332,31.92960307
SierraCarbonera,9,2099,-5.360833,36.204444,8.306170804,31.99019877
SierraCarbonera,9,2100,-5.360833,36.204444,6.930656071,32.93994548
SierraCarboneraY5,1,2015,-5.36,36.209722,66.1193295,17.34300163
SierraCarboneraY5,1,2016,-5.36,36.209722,57.21158411,15.77746956
SierraCarboneraY5,1,2017,-5.36,36.209722,178.4207132,17.9363549
SierraCarboneraY5,1,2018,-5.36,36.209722,129.98147,13.96371637
SierraCarboneraY5,1,2019,-5.36,36.209722,28.69495129,15.87247964
SierraCarboneraY5,1,2020,-5.36,36.209722,233.8872752,16.14091915
SierraCarboneraY5,1,2021,-5.36,36.209722,54.42933431,15.55517362
SierraCarboneraY5,1,2022,-5.36,36.209722,206.6460612,16.05362313
SierraCarboneraY5,1,2023,-5.36,36.209722,69.26431408,15.90547997
SierraCarboneraY5,1,2024,-5.36,36.209722,214.7685841,16.01212316
SierraCarboneraY5,1,2025,-5.36,36.209722,213.9815871,16.45522855
SierraCarboneraY5,1,2026,-5.36,36.209722,152.9181215,16.49133675
SierraCarboneraY5,1,2027,-5.36,36.209722,69.40976034,14.86653659
SierraCarboneraY5,1,2028,-5.36,36.209722,68.24602503,15.18717691
SierraCarboneraY5,1,2029,-5.36,36.209722,24.75171433,15.83766007
SierraCarboneraY5,1,2030,-5.36,36.209722,238.99491,16.38363037
SierraCarboneraY5,1,2031,-5.36,36.209722,401.1973712,18.28967462
SierraCarboneraY5,1,2032,-5.36,36.209722,125.9314813,15.41761219
SierraCarboneraY5,1,2033,-5.36,36.209722,31.69033527,15.52134045
SierraCarboneraY5,1,2034,-5.36,36.209722,58.68201467,17.01493865
SierraCarboneraY5,1,2035,-5.36,36.209722,29.47420123,14.0230071
SierraCarboneraY5,1,2036,-5.36,36.209722,85.20247708,17.70997748
SierraCarboneraY5,1,2037,-5.36,36.209722,2.102828739,16.47532782
SierraCarboneraY5,1,2038,-5.36,36.209722,142.6900271,15.94569525
SierraCarboneraY5,1,2039,-5.36,36.209722,8.269460832,17.22153872
SierraCarboneraY5,1,2040,-5.36,36.209722,62.4857074,19.35255855
SierraCarboneraY5,1,2041,-5.36,36.209722,43.61644376,16.45868885
SierraCarboneraY5,1,2042,-5.36,36.209722,15.74993186,15.86842179
SierraCarboneraY5,1,2043,-5.36,36.209722,43.31716405,17.80753331
SierraCarboneraY5,1,2044,-5.36,36.209722,9.99645777,16.28249512
SierraCarboneraY5,1,2045,-5.36,36.209722,14.9145059,18.16295776
SierraCarboneraY5,1,2046,-5.36,36.209722,40.95983238,18.21079653
SierraCarboneraY5,1,2047,-5.36,36.209722,48.54243572,17.38553723
SierraCarboneraY5,1,2048,-5.36,36.209722,65.17252702,18.211589
SierraCarboneraY5,1,2049,-5.36,36.209722,34.42659183,17.33464474
SierraCarboneraY5,1,2050,-5.36,36.209722,115.3530669,17.6824585
SierraCarboneraY5,1,2051,-5.36,36.209722,68.40024589,15.84715793
SierraCarboneraY5,1,2052,-5.36,36.209722,76.37381549,16.81024347
SierraCarboneraY5,1,2053,-5.36,36.209722,102.9845394,17.13182885
SierraCarboneraY5,1,2054,-5.36,36.209722,31.19042488,16.35715686
SierraCarboneraY5,1,2055,-5.36,36.209722,96.12233519,16.24356749
SierraCarboneraY5,1,2056,-5.36,36.209722,69.11144828,15.03660711
SierraCarboneraY5,1,2057,-5.36,36.209722,55.9913868,17.73322301
SierraCarboneraY5,1,2058,-5.36,36.209722,40.65313925,18.30957405
SierraCarboneraY5,1,2059,-5.36,36.209722,9.329049264,18.32330007
SierraCarboneraY5,1,2060,-5.36,36.209722,21.39327293,18.89573994
SierraCarboneraY5,1,2061,-5.36,36.209722,52.91883018,19.13594183
SierraCarboneraY5,1,2062,-5.36,36.209722,55.30131277,17.52674698
SierraCarboneraY5,1,2063,-5.36,36.209722,96.98163578,16.77537074
SierraCarboneraY5,1,2064,-5.36,36.209722,174.6845719,17.95499031
SierraCarboneraY5,1,2065,-5.36,36.209722,69.28127162,18.06575534
SierraCarboneraY5,1,2066,-5.36,36.209722,74.48690589,18.77716242
SierraCarboneraY5,1,2067,-5.36,36.209722,78.07267171,16.58883352
SierraCarboneraY5,1,2068,-5.36,36.209722,23.27532333,16.83009368
SierraCarboneraY5,1,2069,-5.36,36.209722,97.54866447,16.9859942
SierraCarboneraY5,1,2070,-5.36,36.209722,94.63976817,18.66681085
SierraCarboneraY5,1,2071,-5.36,36.209722,47.00980268,17.13422792
SierraCarboneraY5,1,2072,-5.36,36.209722,6.41804877,19.27200002
SierraCarboneraY5,1,2073,-5.36,36.209722,120.4733055,17.27377004
SierraCarboneraY5,1,2074,-5.36,36.209722,7.350325528,19.01687898
SierraCarboneraY5,1,2075,-5.36,36.209722,25.31881096,16.80016676
SierraCarboneraY5,1,2076,-5.36,36.209722,166.6000212,19.87186141
SierraCarboneraY5,1,2077,-5.36,36.209722,70.30262577,18.18748602
SierraCarboneraY5,1,2078,-5.36,36.209722,43.58355421,16.67800096
SierraCarboneraY5,1,2079,-5.36,36.209722,25.76971955,18.40030675
SierraCarboneraY5,1,2080,-5.36,36.209722,26.07396156,16.34296619
SierraCarboneraY5,1,2081,-5.36,36.209722,7.204639962,18.14530974
SierraCarboneraY5,1,2082,-5.36,36.209722,131.2066879,19.74732312
SierraCarboneraY5,1,2083,-5.36,36.209722,39.20975823,18.77698128
SierraCarboneraY5,1,2084,-5.36,36.209722,148.512443,19.03130592
SierraCarboneraY5,1,2085,-5.36,36.209722,101.2722626,20.22890133
SierraCarboneraY5,1,2086,-5.36,36.209722,53.94588452,17.12484623
SierraCarboneraY5,1,2087,-5.36,36.209722,207.2944868,19.11107788
SierraCarboneraY5,1,2088,-5.36,36.209722,72.07851554,16.06226354
SierraCarboneraY5,1,2089,-5.36,36.209722,36.1307427,17.58256363
SierraCarboneraY5,1,2090,-5.36,36.209722,28.04934924,19.8979569
SierraCarboneraY5,1,2091,-5.36,36.209722,60.75611901,19.47211067
SierraCarboneraY5,1,2092,-5.36,36.209722,86.28511146,19.61148445
SierraCarboneraY5,1,2093,-5.36,36.209722,96.90557016,18.14048206
SierraCarboneraY5,1,2094,-5.36,36.209722,28.82275438,20.05463907
SierraCarboneraY5,1,2095,-5.36,36.209722,35.05991963,19.3890812
SierraCarboneraY5,1,2096,-5.36,36.209722,26.24699866,19.91243995
SierraCarboneraY5,1,2097,-5.36,36.209722,148.4314452,18.84979524
SierraCarboneraY5,1,2098,-5.36,36.209722,24.01823113,19.62335579
SierraCarboneraY5,1,2099,-5.36,36.209722,22.8506311,19.75897591
SierraCarboneraY5,1,2100,-5.36,36.209722,20.98834983,19.64658361
SierraCarboneraY5,10,2015,-5.36,36.209722,15.44017083,24.73675714
SierraCarboneraY5,10,2016,-5.36,36.209722,39.60625182,23.28149887
SierraCarboneraY5,10,2017,-5.36,36.209722,24.19350816,22.29800691
SierraCarboneraY5,10,2018,-5.36,36.209722,1.283838535,23.03131674
SierraCarboneraY5,10,2019,-5.36,36.209722,47.76849896,22.63915799
SierraCarboneraY5,10,2020,-5.36,36.209722,3.262712547,22.62743727
SierraCarboneraY5,10,2021,-5.36,36.209722,3.855712965,23.13370519
SierraCarboneraY5,10,2022,-5.36,36.209722,1.654371845,24.45865833
SierraCarboneraY5,10,2023,-5.36,36.209722,8.689945505,23.34764424
SierraCarboneraY5,10,2024,-5.36,36.209722,12.78237832,22.73589478
SierraCarboneraY5,10,2025,-5.36,36.209722,60.91162959,23.69065493
SierraCarboneraY5,10,2026,-5.36,36.209722,47.55424277,22.43755099
SierraCarboneraY5,10,2027,-5.36,36.209722,10.0861359,22.81773012
SierraCarboneraY5,10,2028,-5.36,36.209722,2.346219187,23.52618389
SierraCarboneraY5,10,2029,-5.36,36.209722,0.400275648,22.99883226
SierraCarboneraY5,10,2030,-5.36,36.209722,26.81341938,23.68567564
SierraCarboneraY5,10,2031,-5.36,36.209722,36.98210951,23.65132564
SierraCarboneraY5,10,2032,-5.36,36.209722,52.16735795,21.68052604
SierraCarboneraY5,10,2033,-5.36,36.209722,66.66760794,24.15465895
SierraCarboneraY5,10,2034,-5.36,36.209722,34.19528525,23.52340679
SierraCarboneraY5,10,2035,-5.36,36.209722,1.551109506,24.20463592
SierraCarboneraY5,10,2036,-5.36,36.209722,6.180247801,23.98032483
SierraCarboneraY5,10,2037,-5.36,36.209722,42.14328421,22.95244653
SierraCarboneraY5,10,2038,-5.36,36.209722,12.05590923,22.68854134
SierraCarboneraY5,10,2039,-5.36,36.209722,3.721463061,23.59591261
SierraCarboneraY5,10,2040,-5.36,36.209722,46.62949089,23.82654576
SierraCarboneraY5,10,2041,-5.36,36.209722,24.15664466,24.44236588
SierraCarboneraY5,10,2042,-5.36,36.209722,11.54953194,23.37972215
SierraCarboneraY5,10,2043,-5.36,36.209722,5.445372929,23.93096806
SierraCarboneraY5,10,2044,-5.36,36.209722,13.00074935,23.21158605
SierraCarboneraY5,10,2045,-5.36,36.209722,0.354032738,23.80134415
SierraCarboneraY5,10,2046,-5.36,36.209722,0.865952222,24.17721735
SierraCarboneraY5,10,2047,-5.36,36.209722,63.46297205,23.83977267
SierraCarboneraY5,10,2048,-5.36,36.209722,2.417645891,24.397634
SierraCarboneraY5,10,2049,-5.36,36.209722,13.00550857,23.40262412
SierraCarboneraY5,10,2050,-5.36,36.209722,11.7215933,23.24053246
SierraCarboneraY5,10,2051,-5.36,36.209722,0.159819858,23.11693726
SierraCarboneraY5,10,2052,-5.36,36.209722,0.623514735,24.2684275
SierraCarboneraY5,10,2053,-5.36,36.209722,30.9139603,23.72995861
SierraCarboneraY5,10,2054,-5.36,36.209722,2.846640259,24.23165874
SierraCarboneraY5,10,2055,-5.36,36.209722,14.44799446,23.71048249
SierraCarboneraY5,10,2056,-5.36,36.209722,14.06279283,24.3149668
SierraCarboneraY5,10,2057,-5.36,36.209722,24.67495501,22.53393929
SierraCarboneraY5,10,2058,-5.36,36.209722,132.1601318,24.29683346
SierraCarboneraY5,10,2059,-5.36,36.209722,20.41504583,23.98485915
SierraCarboneraY5,10,2060,-5.36,36.209722,32.99140022,24.41711209
SierraCarboneraY5,10,2061,-5.36,36.209722,50.84356633,25.07287381
SierraCarboneraY5,10,2062,-5.36,36.209722,36.26898022,23.00886861
SierraCarboneraY5,10,2063,-5.36,36.209722,9.606213023,24.76989628
SierraCarboneraY5,10,2064,-5.36,36.209722,7.568121463,23.08296528
SierraCarboneraY5,10,2065,-5.36,36.209722,2.469943932,24.95663531
SierraCarboneraY5,10,2066,-5.36,36.209722,1.362234777,24.79218789
SierraCarboneraY5,10,2067,-5.36,36.209722,31.98499039,24.44127414
SierraCarboneraY5,10,2068,-5.36,36.209722,7.253758586,23.91873838
SierraCarboneraY5,10,2069,-5.36,36.209722,6.485241163,24.53386939
SierraCarboneraY5,10,2070,-5.36,36.209722,2.03855846,23.63633167
SierraCarboneraY5,10,2071,-5.36,36.209722,44.7411473,25.07937012
SierraCarboneraY5,10,2072,-5.36,36.209722,4.781855898,25.33459158
SierraCarboneraY5,10,2073,-5.36,36.209722,21.23640281,25.33815032
SierraCarboneraY5,10,2074,-5.36,36.209722,4.149763638,25.86099617
SierraCarboneraY5,10,2075,-5.36,36.209722,4.728241716,26.3238169
SierraCarboneraY5,10,2076,-5.36,36.209722,12.94459038,25.09338556
SierraCarboneraY5,10,2077,-5.36,36.209722,20.41190594,25.65807692
SierraCarboneraY5,10,2078,-5.36,36.209722,9.465465951,23.69526997
SierraCarboneraY5,10,2079,-5.36,36.209722,3.0151654,25.24161731
SierraCarboneraY5,10,2080,-5.36,36.209722,31.95461827,25.2937689
SierraCarboneraY5,10,2081,-5.36,36.209722,17.82105506,24.71261675
SierraCarboneraY5,10,2082,-5.36,36.209722,1.564521947,25.26969152
SierraCarboneraY5,10,2083,-5.36,36.209722,4.547198044,26.17793205
SierraCarboneraY5,10,2084,-5.36,36.209722,61.80934023,25.72850755
SierraCarboneraY5,10,2085,-5.36,36.209722,30.84294524,26.48804774
SierraCarboneraY5,10,2086,-5.36,36.209722,34.53930424,24.74512388
SierraCarboneraY5,10,2087,-5.36,36.209722,22.21255831,25.68517358
SierraCarboneraY5,10,2088,-5.36,36.209722,0.225245914,26.29870487
SierraCarboneraY5,10,2089,-5.36,36.209722,52.94904682,25.23329291
SierraCarboneraY5,10,2090,-5.36,36.209722,11.92756585,26.36545272
SierraCarboneraY5,10,2091,-5.36,36.209722,43.59516211,24.51658365
SierraCarboneraY5,10,2092,-5.36,36.209722,3.438575351,26.76110328
SierraCarboneraY5,10,2093,-5.36,36.209722,37.55323403,25.77708071
SierraCarboneraY5,10,2094,-5.36,36.209722,1.060055764,25.94539598
SierraCarboneraY5,10,2095,-5.36,36.209722,0.219057862,26.20524233
SierraCarboneraY5,10,2096,-5.36,36.209722,58.24650714,23.32815138
SierraCarboneraY5,10,2097,-5.36,36.209722,25.52768397,26.97244538
SierraCarboneraY5,10,2098,-5.36,36.209722,6.659079808,27.29386045
SierraCarboneraY5,10,2099,-5.36,36.209722,0.264410344,26.73434429
SierraCarboneraY5,10,2100,-5.36,36.209722,15.73520608,27.47098251
SierraCarboneraY5,11,2015,-5.36,36.209722,158.3537176,18.5456248
SierraCarboneraY5,11,2016,-5.36,36.209722,12.37754696,18.90393778
SierraCarboneraY5,11,2017,-5.36,36.209722,85.09187484,17.9969696
SierraCarboneraY5,11,2018,-5.36,36.209722,18.85328121,18.90381063
SierraCarboneraY5,11,2019,-5.36,36.209722,37.33298467,18.96019694
SierraCarboneraY5,11,2020,-5.36,36.209722,28.1040676,20.29174398
SierraCarboneraY5,11,2021,-5.36,36.209722,48.21627779,19.56145732
SierraCarboneraY5,11,2022,-5.36,36.209722,16.50105938,19.69517314
SierraCarboneraY5,11,2023,-5.36,36.209722,10.23776189,20.45146281
SierraCarboneraY5,11,2024,-5.36,36.209722,199.1460553,18.26135763
SierraCarboneraY5,11,2025,-5.36,36.209722,46.90996785,16.74965108
SierraCarboneraY5,11,2026,-5.36,36.209722,20.20383457,17.5785085
SierraCarboneraY5,11,2027,-5.36,36.209722,104.2597178,18.67705892
SierraCarboneraY5,11,2028,-5.36,36.209722,12.60997055,19.72351278
SierraCarboneraY5,11,2029,-5.36,36.209722,83.05937518,17.21014303
SierraCarboneraY5,11,2030,-5.36,36.209722,3.752773166,21.81031189
SierraCarboneraY5,11,2031,-5.36,36.209722,14.80967565,20.14857686
SierraCarboneraY5,11,2032,-5.36,36.209722,26.88211488,18.52187297
SierraCarboneraY5,11,2033,-5.36,36.209722,38.23547752,18.21203613
SierraCarboneraY5,11,2034,-5.36,36.209722,72.44908664,18.38846537
SierraCarboneraY5,11,2035,-5.36,36.209722,29.32980695,20.32336222
SierraCarboneraY5,11,2036,-5.36,36.209722,27.82576472,18.72164612
SierraCarboneraY5,11,2037,-5.36,36.209722,26.70297413,18.52592977
SierraCarboneraY5,11,2038,-5.36,36.209722,137.7455976,19.66268412
SierraCarboneraY5,11,2039,-5.36,36.209722,24.71485357,19.9322286
SierraCarboneraY5,11,2040,-5.36,36.209722,22.17032241,18.91590068
SierraCarboneraY5,11,2041,-5.36,36.209722,42.89670585,18.40956523
SierraCarboneraY5,11,2042,-5.36,36.209722,122.8113034,20.09057109
SierraCarboneraY5,11,2043,-5.36,36.209722,105.4925793,20.4293986
SierraCarboneraY5,11,2044,-5.36,36.209722,2.325869569,19.36462301
SierraCarboneraY5,11,2045,-5.36,36.209722,12.96240664,21.13926799
SierraCarboneraY5,11,2046,-5.36,36.209722,129.7686045,20.03913167
SierraCarboneraY5,11,2047,-5.36,36.209722,69.75704362,19.55420024
SierraCarboneraY5,11,2048,-5.36,36.209722,51.43901946,19.05449524
SierraCarboneraY5,11,2049,-5.36,36.209722,11.34226776,19.00945333
SierraCarboneraY5,11,2050,-5.36,36.209722,10.53712206,21.33468933
SierraCarboneraY5,11,2051,-5.36,36.209722,58.34208986,20.4585083
SierraCarboneraY5,11,2052,-5.36,36.209722,94.48673264,19.13187764
SierraCarboneraY5,11,2053,-5.36,36.209722,41.73792589,19.88599548
SierraCarboneraY5,11,2054,-5.36,36.209722,4.253331973,19.7759196
SierraCarboneraY5,11,2055,-5.36,36.209722,31.27762225,19.0817159
SierraCarboneraY5,11,2056,-5.36,36.209722,94.84800255,20.71854146
SierraCarboneraY5,11,2057,-5.36,36.209722,21.58457477,19.77994181
SierraCarboneraY5,11,2058,-5.36,36.209722,45.00403668,19.79146118
SierraCarboneraY5,11,2059,-5.36,36.209722,1.989103142,21.31943563
SierraCarboneraY5,11,2060,-5.36,36.209722,40.31831592,20.2830658
SierraCarboneraY5,11,2061,-5.36,36.209722,2.522902342,20.42716777
SierraCarboneraY5,11,2062,-5.36,36.209722,20.41403758,20.74321086
SierraCarboneraY5,11,2063,-5.36,36.209722,62.12344261,20.00691732
SierraCarboneraY5,11,2064,-5.36,36.209722,8.172869551,19.27209269
SierraCarboneraY5,11,2065,-5.36,36.209722,40.74547008,20.10933329
SierraCarboneraY5,11,2066,-5.36,36.209722,43.44669783,20.48884888
SierraCarboneraY5,11,2067,-5.36,36.209722,50.69752162,20.54871114
SierraCarboneraY5,11,2068,-5.36,36.209722,74.75415622,18.31413371
SierraCarboneraY5,11,2069,-5.36,36.209722,23.98015708,21.25159607
SierraCarboneraY5,11,2070,-5.36,36.209722,19.21406186,19.63034261
SierraCarboneraY5,11,2071,-5.36,36.209722,8.787354154,19.78879598
SierraCarboneraY5,11,2072,-5.36,36.209722,4.597824656,22.05874939
SierraCarboneraY5,11,2073,-5.36,36.209722,38.21999625,19.86962179
SierraCarboneraY5,11,2074,-5.36,36.209722,0.932073556,20.86051331
SierraCarboneraY5,11,2075,-5.36,36.209722,43.29305018,22.36276957
SierraCarboneraY5,11,2076,-5.36,36.209722,5.444799695,23.05293172
SierraCarboneraY5,11,2077,-5.36,36.209722,32.57100081,21.26559855
SierraCarboneraY5,11,2078,-5.36,36.209722,1.280215938,20.29216207
SierraCarboneraY5,11,2079,-5.36,36.209722,4.449051697,22.54946696
SierraCarboneraY5,11,2080,-5.36,36.209722,10.53884549,22.90463765
SierraCarboneraY5,11,2081,-5.36,36.209722,10.34117451,21.89438375
SierraCarboneraY5,11,2082,-5.36,36.209722,36.00781218,21.75509644
SierraCarboneraY5,11,2083,-5.36,36.209722,32.32803563,20.67359823
SierraCarboneraY5,11,2084,-5.36,36.209722,34.15926598,21.1958547
SierraCarboneraY5,11,2085,-5.36,36.209722,29.81328469,21.59155884
SierraCarboneraY5,11,2086,-5.36,36.209722,36.19785612,22.25036011
SierraCarboneraY5,11,2087,-5.36,36.209722,4.53118114,21.62540283
SierraCarboneraY5,11,2088,-5.36,36.209722,29.95682357,20.75360921
SierraCarboneraY5,11,2089,-5.36,36.209722,47.3845258,20.49185689
SierraCarboneraY5,11,2090,-5.36,36.209722,2.569159652,22.29539897
SierraCarboneraY5,11,2091,-5.36,36.209722,1.106452241,21.07278951
SierraCarboneraY5,11,2092,-5.36,36.209722,22.28852086,22.01242574
SierraCarboneraY5,11,2093,-5.36,36.209722,6.86834029,22.63039958
SierraCarboneraY5,11,2094,-5.36,36.209722,3.655000312,23.24848429
SierraCarboneraY5,11,2095,-5.36,36.209722,0.894522757,22.51877441
SierraCarboneraY5,11,2096,-5.36,36.209722,52.52827045,21.98928731
SierraCarboneraY5,11,2097,-5.36,36.209722,8.507751063,23.47358195
SierraCarboneraY5,11,2098,-5.36,36.209722,39.2114115,22.08353475
SierraCarboneraY5,11,2099,-5.36,36.209722,4.696499301,22.462087
SierraCarboneraY5,11,2100,-5.36,36.209722,17.13491278,22.4661204
SierraCarboneraY5,12,2015,-5.36,36.209722,95.84952936,16.42761211
SierraCarboneraY5,12,2016,-5.36,36.209722,60.22675595,16.58194478
SierraCarboneraY5,12,2017,-5.36,36.209722,74.07859199,17.01546532
SierraCarboneraY5,12,2018,-5.36,36.209722,64.59155555,15.93820269
SierraCarboneraY5,12,2019,-5.36,36.209722,16.40315982,15.22247295
SierraCarboneraY5,12,2020,-5.36,36.209722,73.81833773,17.06790287
SierraCarboneraY5,12,2021,-5.36,36.209722,78.25046174,16.20009864
SierraCarboneraY5,12,2022,-5.36,36.209722,19.57557212,17.37659065
SierraCarboneraY5,12,2023,-5.36,36.209722,220.2703104,16.42047789
SierraCarboneraY5,12,2024,-5.36,36.209722,225.6845375,17.54208069
SierraCarboneraY5,12,2025,-5.36,36.209722,53.88734339,15.70003071
SierraCarboneraY5,12,2026,-5.36,36.209722,95.83356394,16.5244877
SierraCarboneraY5,12,2027,-5.36,36.209722,179.1066743,16.11288137
SierraCarboneraY5,12,2028,-5.36,36.209722,21.25291569,17.8063385
SierraCarboneraY5,12,2029,-5.36,36.209722,130.266975,16.69280297
SierraCarboneraY5,12,2030,-5.36,36.209722,10.76127064,18.26662191
SierraCarboneraY5,12,2031,-5.36,36.209722,53.64579273,16.76043288
SierraCarboneraY5,12,2032,-5.36,36.209722,34.62500224,16.06509603
SierraCarboneraY5,12,2033,-5.36,36.209722,25.74862278,17.98288732
SierraCarboneraY5,12,2034,-5.36,36.209722,264.3344392,16.37739986
SierraCarboneraY5,12,2035,-5.36,36.209722,50.41900057,17.43662562
SierraCarboneraY5,12,2036,-5.36,36.209722,43.45226396,16.86477966
SierraCarboneraY5,12,2037,-5.36,36.209722,2.731655244,16.98266385
SierraCarboneraY5,12,2038,-5.36,36.209722,35.62225183,17.95411121
SierraCarboneraY5,12,2039,-5.36,36.209722,95.10013084,19.53414504
SierraCarboneraY5,12,2040,-5.36,36.209722,24.23554022,17.77208862
SierraCarboneraY5,12,2041,-5.36,36.209722,29.88574548,16.93306294
SierraCarboneraY5,12,2042,-5.36,36.209722,79.86634483,18.82302738
SierraCarboneraY5,12,2043,-5.36,36.209722,158.1885501,18.05872547
SierraCarboneraY5,12,2044,-5.36,36.209722,42.54439261,18.69968465
SierraCarboneraY5,12,2045,-5.36,36.209722,41.84049637,17.52773438
SierraCarboneraY5,12,2046,-5.36,36.209722,61.51811416,17.15353275
SierraCarboneraY5,12,2047,-5.36,36.209722,55.69699566,19.98124035
SierraCarboneraY5,12,2048,-5.36,36.209722,107.6138702,18.78388672
SierraCarboneraY5,12,2049,-5.36,36.209722,43.17347541,17.71544209
SierraCarboneraY5,12,2050,-5.36,36.209722,65.74846199,17.59974976
SierraCarboneraY5,12,2051,-5.36,36.209722,72.68877028,17.38865691
SierraCarboneraY5,12,2052,-5.36,36.209722,68.75250986,15.23215535
SierraCarboneraY5,12,2053,-5.36,36.209722,125.8236099,17.38928301
SierraCarboneraY5,12,2054,-5.36,36.209722,15.38641144,17.52092403
SierraCarboneraY5,12,2055,-5.36,36.209722,112.6868305,15.74718825
SierraCarboneraY5,12,2056,-5.36,36.209722,4.938726593,17.11012777
SierraCarboneraY5,12,2057,-5.36,36.209722,274.8599881,17.98993097
SierraCarboneraY5,12,2058,-5.36,36.209722,6.545461839,18.5165236
SierraCarboneraY5,12,2059,-5.36,36.209722,185.9493095,17.13017696
SierraCarboneraY5,12,2060,-5.36,36.209722,7.207431695,17.87895908
SierraCarboneraY5,12,2061,-5.36,36.209722,3.746891486,18.18228819
SierraCarboneraY5,12,2062,-5.36,36.209722,19.78543525,17.61289909
SierraCarboneraY5,12,2063,-5.36,36.209722,17.48105462,18.1254241
SierraCarboneraY5,12,2064,-5.36,36.209722,37.97137633,18.13805339
SierraCarboneraY5,12,2065,-5.36,36.209722,11.18422795,18.76885278
SierraCarboneraY5,12,2066,-5.36,36.209722,145.4055341,17.94351078
SierraCarboneraY5,12,2067,-5.36,36.209722,70.06515107,18.74447612
SierraCarboneraY5,12,2068,-5.36,36.209722,38.50067804,18.37334798
SierraCarboneraY5,12,2069,-5.36,36.209722,71.54921366,18.71142362
SierraCarboneraY5,12,2070,-5.36,36.209722,40.12132756,17.96351624
SierraCarboneraY5,12,2071,-5.36,36.209722,82.87583488,17.13550376
SierraCarboneraY5,12,2072,-5.36,36.209722,81.41066108,16.81687317
SierraCarboneraY5,12,2073,-5.36,36.209722,19.85052607,17.77664952
SierraCarboneraY5,12,2074,-5.36,36.209722,69.18338486,17.9635185
SierraCarboneraY5,12,2075,-5.36,36.209722,42.41708874,17.44905415
SierraCarboneraY5,12,2076,-5.36,36.209722,15.88093771,19.21391296
SierraCarboneraY5,12,2077,-5.36,36.209722,123.8745181,19.95691194
SierraCarboneraY5,12,2078,-5.36,36.209722,27.97958706,19.66691225
SierraCarboneraY5,12,2079,-5.36,36.209722,53.94873665,20.76598019
SierraCarboneraY5,12,2080,-5.36,36.209722,15.68768603,18.12633141
SierraCarboneraY5,12,2081,-5.36,36.209722,81.21910377,21.080959
SierraCarboneraY5,12,2082,-5.36,36.209722,18.51544395,19.62594191
SierraCarboneraY5,12,2083,-5.36,36.209722,18.86968352,20.07063717
SierraCarboneraY5,12,2084,-5.36,36.209722,92.75533963,20.46248067
SierraCarboneraY5,12,2085,-5.36,36.209722,19.89737412,20.06431412
SierraCarboneraY5,12,2086,-5.36,36.209722,139.1566522,18.50326223
SierraCarboneraY5,12,2087,-5.36,36.209722,86.20728455,18.69331488
SierraCarboneraY5,12,2088,-5.36,36.209722,77.52564548,19.52450358
SierraCarboneraY5,12,2089,-5.36,36.209722,21.83974574,19.73219034
SierraCarboneraY5,12,2090,-5.36,36.209722,9.243940148,21.10591431
SierraCarboneraY5,12,2091,-5.36,36.209722,21.03497825,17.23090663
SierraCarboneraY5,12,2092,-5.36,36.209722,128.7082065,19.80504557
SierraCarboneraY5,12,2093,-5.36,36.209722,96.10037017,19.78619562
SierraCarboneraY5,12,2094,-5.36,36.209722,28.08338559,19.97979224
SierraCarboneraY5,12,2095,-5.36,36.209722,33.04868248,20.4342482
SierraCarboneraY5,12,2096,-5.36,36.209722,72.83384204,20.43526103
SierraCarboneraY5,12,2097,-5.36,36.209722,24.87392049,20.77764085
SierraCarboneraY5,12,2098,-5.36,36.209722,2.374488469,20.40965694
SierraCarboneraY5,12,2099,-5.36,36.209722,156.3346937,19.96675435
SierraCarboneraY5,12,2100,-5.36,36.209722,11.53746834,19.43691203
SierraCarboneraY5,2,2015,-5.36,36.209722,63.52952165,17.71156682
SierraCarboneraY5,2,2016,-5.36,36.209722,8.770264028,16.67614557
SierraCarboneraY5,2,2017,-5.36,36.209722,9.906995906,17.11281302
SierraCarboneraY5,2,2018,-5.36,36.209722,4.601353831,16.36275635
SierraCarboneraY5,2,2019,-5.36,36.209722,102.1852246,17.78094635
SierraCarboneraY5,2,2020,-5.36,36.209722,110.1114468,18.74446601
SierraCarboneraY5,2,2021,-5.36,36.209722,19.16019315,16.01241019
SierraCarboneraY5,2,2022,-5.36,36.209722,17.29570766,16.05948465
SierraCarboneraY5,2,2023,-5.36,36.209722,16.12397491,17.94716579
SierraCarboneraY5,2,2024,-5.36,36.209722,25.26339114,16.89137763
SierraCarboneraY5,2,2025,-5.36,36.209722,159.934054,16.70812814
SierraCarboneraY5,2,2026,-5.36,36.209722,11.23149329,16.57631727
SierraCarboneraY5,2,2027,-5.36,36.209722,15.25601011,16.76289193
SierraCarboneraY5,2,2028,-5.36,36.209722,50.98503125,16.61374449
SierraCarboneraY5,2,2029,-5.36,36.209722,49.30178237,17.02803955
SierraCarboneraY5,2,2030,-5.36,36.209722,55.18079199,16.07852107
SierraCarboneraY5,2,2031,-5.36,36.209722,39.35937184,18.25633283
SierraCarboneraY5,2,2032,-5.36,36.209722,17.20843415,18.77562235
SierraCarboneraY5,2,2033,-5.36,36.209722,2.949966497,19.4430797
SierraCarboneraY5,2,2034,-5.36,36.209722,6.518328869,19.07519684
SierraCarboneraY5,2,2035,-5.36,36.209722,192.4375327,17.45913304
SierraCarboneraY5,2,2036,-5.36,36.209722,76.82317808,18.43792325
SierraCarboneraY5,2,2037,-5.36,36.209722,3.954713466,17.38316171
SierraCarboneraY5,2,2038,-5.36,36.209722,139.1856777,14.19375654
SierraCarboneraY5,2,2039,-5.36,36.209722,85.59846956,16.53040139
SierraCarboneraY5,2,2040,-5.36,36.209722,22.74741584,16.59951382
SierraCarboneraY5,2,2041,-5.36,36.209722,78.8584598,16.4836877
SierraCarboneraY5,2,2042,-5.36,36.209722,31.51616951,18.60442505
SierraCarboneraY5,2,2043,-5.36,36.209722,135.2918281,16.75369197
SierraCarboneraY5,2,2044,-5.36,36.209722,11.23114242,17.02840366
SierraCarboneraY5,2,2045,-5.36,36.209722,40.0269974,15.2336441
SierraCarboneraY5,2,2046,-5.36,36.209722,25.34924249,18.89820905
SierraCarboneraY5,2,2047,-5.36,36.209722,24.91817631,16.7164529
SierraCarboneraY5,2,2048,-5.36,36.209722,75.42047068,16.36353086
SierraCarboneraY5,2,2049,-5.36,36.209722,121.9728631,15.66353433
SierraCarboneraY5,2,2050,-5.36,36.209722,4.307467867,17.26118404
SierraCarboneraY5,2,2051,-5.36,36.209722,4.582855025,18.529342
SierraCarboneraY5,2,2052,-5.36,36.209722,20.94215593,18.15095488
SierraCarboneraY5,2,2053,-5.36,36.209722,4.085546612,17.05096588
SierraCarboneraY5,2,2054,-5.36,36.209722,5.421081688,17.31779742
SierraCarboneraY5,2,2055,-5.36,36.209722,27.74543845,17.12939497
SierraCarboneraY5,2,2056,-5.36,36.209722,1.234611707,17.10669808
SierraCarboneraY5,2,2057,-5.36,36.209722,33.91091411,17.33514666
SierraCarboneraY5,2,2058,-5.36,36.209722,30.75595053,16.37104841
SierraCarboneraY5,2,2059,-5.36,36.209722,20.97553504,19.17762146
SierraCarboneraY5,2,2060,-5.36,36.209722,51.00472443,17.20630956
SierraCarboneraY5,2,2061,-5.36,36.209722,20.62523094,19.04899968
SierraCarboneraY5,2,2062,-5.36,36.209722,3.160898805,17.04032615
SierraCarboneraY5,2,2063,-5.36,36.209722,14.63204233,18.26242763
SierraCarboneraY5,2,2064,-5.36,36.209722,60.19812423,18.40012565
SierraCarboneraY5,2,2065,-5.36,36.209722,4.362964254,18.13184182
SierraCarboneraY5,2,2066,-5.36,36.209722,40.62130494,19.11300049
SierraCarboneraY5,2,2067,-5.36,36.209722,0.897553442,18.19641266
SierraCarboneraY5,2,2068,-5.36,36.209722,1.140532536,19.39933956
SierraCarboneraY5,2,2069,-5.36,36.209722,48.70198808,16.89492514
SierraCarboneraY5,2,2070,-5.36,36.209722,348.5830769,18.13296552
SierraCarboneraY5,2,2071,-5.36,36.209722,7.254273752,17.65318015
SierraCarboneraY5,2,2072,-5.36,36.209722,7.397802867,20.03806826
SierraCarboneraY5,2,2073,-5.36,36.209722,95.45942441,18.83802948
SierraCarboneraY5,2,2074,-5.36,36.209722,93.74844594,16.90957467
SierraCarboneraY5,2,2075,-5.36,36.209722,4.467998422,17.53445042
SierraCarboneraY5,2,2076,-5.36,36.209722,19.93019795,18.44994612
SierraCarboneraY5,2,2077,-5.36,36.209722,3.917368963,19.92679531
SierraCarboneraY5,2,2078,-5.36,36.209722,64.06597665,18.3518801
SierraCarboneraY5,2,2079,-5.36,36.209722,5.331472391,19.40429513
SierraCarboneraY5,2,2080,-5.36,36.209722,160.4752698,19.89014535
SierraCarboneraY5,2,2081,-5.36,36.209722,27.33690582,19.37609035
SierraCarboneraY5,2,2082,-5.36,36.209722,14.69496246,20.2896722
SierraCarboneraY5,2,2083,-5.36,36.209722,127.6186744,18.98400269
SierraCarboneraY5,2,2084,-5.36,36.209722,15.76542942,18.55579581
SierraCarboneraY5,2,2085,-5.36,36.209722,10.69503704,17.58584856
SierraCarboneraY5,2,2086,-5.36,36.209722,81.25000269,17.92890211
SierraCarboneraY5,2,2087,-5.36,36.209722,200.5284278,18.03568529
SierraCarboneraY5,2,2088,-5.36,36.209722,46.35567242,20.44682807
SierraCarboneraY5,2,2089,-5.36,36.209722,6.314797075,19.77801666
SierraCarboneraY5,2,2090,-5.36,36.209722,452.8039452,18.94558541
SierraCarboneraY5,2,2091,-5.36,36.209722,2.262317816,19.3094247
SierraCarboneraY5,2,2092,-5.36,36.209722,29.08962806,18.21078302
SierraCarboneraY5,2,2093,-5.36,36.209722,9.35689699,19.35261797
SierraCarboneraY5,2,2094,-5.36,36.209722,48.12986672,21.61082829
SierraCarboneraY5,2,2095,-5.36,36.209722,48.72202204,17.25948486
SierraCarboneraY5,2,2096,-5.36,36.209722,69.11693216,19.33313956
SierraCarboneraY5,2,2097,-5.36,36.209722,87.90147126,20.73708932
SierraCarboneraY5,2,2098,-5.36,36.209722,20.898212,18.87474867
SierraCarboneraY5,2,2099,-5.36,36.209722,37.09090311,19.23767351
SierraCarboneraY5,2,2100,-5.36,36.209722,54.11412118,20.76709137
SierraCarboneraY5,3,2015,-5.36,36.209722,62.55906124,18.06195049
SierraCarboneraY5,3,2016,-5.36,36.209722,17.3589881,19.58886798
SierraCarboneraY5,3,2017,-5.36,36.209722,40.68994623,17.92695253
SierraCarboneraY5,3,2018,-5.36,36.209722,6.842129152,18.61981871
SierraCarboneraY5,3,2019,-5.36,36.209722,27.4633525,18.23858328
SierraCarboneraY5,3,2020,-5.36,36.209722,54.1048419,17.76059334
SierraCarboneraY5,3,2021,-5.36,36.209722,29.38993909,18.58860907
SierraCarboneraY5,3,2022,-5.36,36.209722,0.565580365,19.50533349
SierraCarboneraY5,3,2023,-5.36,36.209722,29.80654672,19.09259604
SierraCarboneraY5,3,2024,-5.36,36.209722,12.72274266,17.06789945
SierraCarboneraY5,3,2025,-5.36,36.209722,121.3745872,17.84254091
SierraCarboneraY5,3,2026,-5.36,36.209722,11.48111448,17.76541906
SierraCarboneraY5,3,2027,-5.36,36.209722,42.80552957,16.87541524
SierraCarboneraY5,3,2028,-5.36,36.209722,17.02169953,19.17907892
SierraCarboneraY5,3,2029,-5.36,36.209722,11.84022254,17.56855508
SierraCarboneraY5,3,2030,-5.36,36.209722,62.10159195,16.97680841
SierraCarboneraY5,3,2031,-5.36,36.209722,16.60851066,18.13212123
SierraCarboneraY5,3,2032,-5.36,36.209722,15.28354995,18.55716612
SierraCarboneraY5,3,2033,-5.36,36.209722,6.73215735,19.10750536
SierraCarboneraY5,3,2034,-5.36,36.209722,0.106361664,20.99688012
SierraCarboneraY5,3,2035,-5.36,36.209722,116.7358329,18.4456539
SierraCarboneraY5,3,2036,-5.36,36.209722,11.45653166,19.58046678
SierraCarboneraY5,3,2037,-5.36,36.209722,20.89272724,18.85129847
SierraCarboneraY5,3,2038,-5.36,36.209722,47.44232073,18.63150497
SierraCarboneraY5,3,2039,-5.36,36.209722,3.067135264,20.5932123
SierraCarboneraY5,3,2040,-5.36,36.209722,135.0961805,17.74135841
SierraCarboneraY5,3,2041,-5.36,36.209722,76.69365701,16.04119361
SierraCarboneraY5,3,2042,-5.36,36.209722,1.470778273,17.93915661
SierraCarboneraY5,3,2043,-5.36,36.209722,14.31579316,20.32226247
SierraCarboneraY5,3,2044,-5.36,36.209722,36.6220272,18.97033376
SierraCarboneraY5,3,2045,-5.36,36.209722,4.420551883,19.33240908
SierraCarboneraY5,3,2046,-5.36,36.209722,44.63569714,19.60733997
SierraCarboneraY5,3,2047,-5.36,36.209722,24.82429994,18.86905478
SierraCarboneraY5,3,2048,-5.36,36.209722,1.264593223,19.09909038
SierraCarboneraY5,3,2049,-5.36,36.209722,55.88138003,19.1585081
SierraCarboneraY5,3,2050,-5.36,36.209722,9.362609782,19.08564296
SierraCarboneraY5,3,2051,-5.36,36.209722,14.82211683,19.57908266
SierraCarboneraY5,3,2052,-5.36,36.209722,26.84992308,18.70418307
SierraCarboneraY5,3,2053,-5.36,36.209722,31.02429837,17.62664874
SierraCarboneraY5,3,2054,-5.36,36.209722,4.319968496,18.91960272
SierraCarboneraY5,3,2055,-5.36,36.209722,40.4061292,17.87013668
SierraCarboneraY5,3,2056,-5.36,36.209722,9.356926945,18.27796572
SierraCarboneraY5,3,2057,-5.36,36.209722,36.61384057,17.81075439
SierraCarboneraY5,3,2058,-5.36,36.209722,45.79024546,20.61736056
SierraCarboneraY5,3,2059,-5.36,36.209722,7.984629389,19.99129639
SierraCarboneraY5,3,2060,-5.36,36.209722,31.21832898,18.19624457
SierraCarboneraY5,3,2061,-5.36,36.209722,9.715819749,19.28103421
SierraCarboneraY5,3,2062,-5.36,36.209722,73.7203914,17.89624988
SierraCarboneraY5,3,2063,-5.36,36.209722,31.536227,17.55720845
SierraCarboneraY5,3,2064,-5.36,36.209722,72.37834433,19.08711961
SierraCarboneraY5,3,2065,-5.36,36.209722,7.432193751,21.01465218
SierraCarboneraY5,3,2066,-5.36,36.209722,13.62434744,20.00686823
SierraCarboneraY5,3,2067,-5.36,36.209722,57.32946055,17.62534042
SierraCarboneraY5,3,2068,-5.36,36.209722,34.37081101,19.34905199
SierraCarboneraY5,3,2069,-5.36,36.209722,3.674875347,20.05368515
SierraCarboneraY5,3,2070,-5.36,36.209722,21.01401028,19.8815601
SierraCarboneraY5,3,2071,-5.36,36.209722,9.725640417,20.23069497
SierraCarboneraY5,3,2072,-5.36,36.209722,48.96383384,19.51004698
SierraCarboneraY5,3,2073,-5.36,36.209722,78.92367458,18.49962769
SierraCarboneraY5,3,2074,-5.36,36.209722,44.52291089,19.49922505
SierraCarboneraY5,3,2075,-5.36,36.209722,20.17536577,19.86970648
SierraCarboneraY5,3,2076,-5.36,36.209722,5.341650278,19.95452271
SierraCarboneraY5,3,2077,-5.36,36.209722,13.35178622,20.79397957
SierraCarboneraY5,3,2078,-5.36,36.209722,37.66544962,18.64774623
SierraCarboneraY5,3,2079,-5.36,36.209722,17.25287738,20.03804833
SierraCarboneraY5,3,2080,-5.36,36.209722,120.1631774,18.62273658
SierraCarboneraY5,3,2081,-5.36,36.209722,3.305055651,20.3579769
SierraCarboneraY5,3,2082,-5.36,36.209722,14.02696201,19.65885463
SierraCarboneraY5,3,2083,-5.36,36.209722,8.889544878,19.89779348
SierraCarboneraY5,3,2084,-5.36,36.209722,29.4043057,20.46288649
SierraCarboneraY5,3,2085,-5.36,36.209722,19.01304906,20.42425124
SierraCarboneraY5,3,2086,-5.36,36.209722,0.155422724,20.23009053
SierraCarboneraY5,3,2087,-5.36,36.209722,61.29813728,20.4131832
SierraCarboneraY5,3,2088,-5.36,36.209722,30.80273414,19.64307507
SierraCarboneraY5,3,2089,-5.36,36.209722,2.419793492,22.36641157
SierraCarboneraY5,3,2090,-5.36,36.209722,210.681203,19.48000981
SierraCarboneraY5,3,2091,-5.36,36.209722,25.84565362,19.73611135
SierraCarboneraY5,3,2092,-5.36,36.209722,1.794747682,20.68583709
SierraCarboneraY5,3,2093,-5.36,36.209722,55.04690352,19.7374433
SierraCarboneraY5,3,2094,-5.36,36.209722,54.40053202,20.37062988
SierraCarboneraY5,3,2095,-5.36,36.209722,4.129455998,21.60662231
SierraCarboneraY5,3,2096,-5.36,36.209722,28.41506904,21.44955818
SierraCarboneraY5,3,2097,-5.36,36.209722,84.598162,19.58568726
SierraCarboneraY5,3,2098,-5.36,36.209722,22.88915164,20.71508671
SierraCarboneraY5,3,2099,-5.36,36.209722,5.704978852,21.5345014
SierraCarboneraY5,3,2100,-5.36,36.209722,67.15632233,20.63284085
SierraCarboneraY5,4,2015,-5.36,36.209722,0.997038308,21.19927368
SierraCarboneraY5,4,2016,-5.36,36.209722,4.592365165,21.50236715
SierraCarboneraY5,4,2017,-5.36,36.209722,14.42340417,20.85470785
SierraCarboneraY5,4,2018,-5.36,36.209722,76.72006134,18.47510885
SierraCarboneraY5,4,2019,-5.36,36.209722,78.2422982,18.63050435
SierraCarboneraY5,4,2020,-5.36,36.209722,15.8084454,20.98630778
SierraCarboneraY5,4,2021,-5.36,36.209722,2.50299998,20.63097127
SierraCarboneraY5,4,2022,-5.36,36.209722,11.8539232,21.30489807
SierraCarboneraY5,4,2023,-5.36,36.209722,18.65401309,20.31505025
SierraCarboneraY5,4,2024,-5.36,36.209722,28.71488675,18.8462026
SierraCarboneraY5,4,2025,-5.36,36.209722,26.89367719,19.85318502
SierraCarboneraY5,4,2026,-5.36,36.209722,19.50209712,18.68402608
SierraCarboneraY5,4,2027,-5.36,36.209722,80.77827479,18.80517782
SierraCarboneraY5,4,2028,-5.36,36.209722,50.34241849,18.73544108
SierraCarboneraY5,4,2029,-5.36,36.209722,24.68067339,18.38355204
SierraCarboneraY5,4,2030,-5.36,36.209722,28.16847346,18.68781942
SierraCarboneraY5,4,2031,-5.36,36.209722,4.285913804,20.19021505
SierraCarboneraY5,4,2032,-5.36,36.209722,4.270520893,22.40272319
SierraCarboneraY5,4,2033,-5.36,36.209722,35.34304594,19.67840678
SierraCarboneraY5,4,2034,-5.36,36.209722,1.563868199,21.87475484
SierraCarboneraY5,4,2035,-5.36,36.209722,6.888591211,19.85087382
SierraCarboneraY5,4,2036,-5.36,36.209722,32.5651894,20.75412699
SierraCarboneraY5,4,2037,-5.36,36.209722,13.03375037,21.11741333
SierraCarboneraY5,4,2038,-5.36,36.209722,30.36374783,19.24254354
SierraCarboneraY5,4,2039,-5.36,36.209722,119.3179357,19.4769989
SierraCarboneraY5,4,2040,-5.36,36.209722,64.04376325,19.55901286
SierraCarboneraY5,4,2041,-5.36,36.209722,12.50825958,20.01427816
SierraCarboneraY5,4,2042,-5.36,36.209722,22.96039502,20.33559774
SierraCarboneraY5,4,2043,-5.36,36.209722,14.20379645,20.17093709
SierraCarboneraY5,4,2044,-5.36,36.209722,43.33515629,19.50230713
SierraCarboneraY5,4,2045,-5.36,36.209722,71.08928181,20.81444906
SierraCarboneraY5,4,2046,-5.36,36.209722,2.679115455,21.68072103
SierraCarboneraY5,4,2047,-5.36,36.209722,58.73267629,20.81400859
SierraCarboneraY5,4,2048,-5.36,36.209722,10.89985783,21.7132487
SierraCarboneraY5,4,2049,-5.36,36.209722,14.12283755,19.3112325
SierraCarboneraY5,4,2050,-5.36,36.209722,27.58999062,19.07072449
SierraCarboneraY5,4,2051,-5.36,36.209722,0.614525646,21.77561849
SierraCarboneraY5,4,2052,-5.36,36.209722,25.95047711,20.97858582
SierraCarboneraY5,4,2053,-5.36,36.209722,27.44520144,21.45169678
SierraCarboneraY5,4,2054,-5.36,36.209722,69.91889746,20.37625732
SierraCarboneraY5,4,2055,-5.36,36.209722,60.90023316,19.86444499
SierraCarboneraY5,4,2056,-5.36,36.209722,14.3851001,20.74487
SierraCarboneraY5,4,2057,-5.36,36.209722,44.6964654,19.85389709
SierraCarboneraY5,4,2058,-5.36,36.209722,12.58563013,20.58935649
SierraCarboneraY5,4,2059,-5.36,36.209722,12.64808018,22.09418437
SierraCarboneraY5,4,2060,-5.36,36.209722,16.38880635,20.73282878
SierraCarboneraY5,4,2061,-5.36,36.209722,10.8447243,21.60102641
SierraCarboneraY5,4,2062,-5.36,36.209722,23.04893039,22.17536926
SierraCarboneraY5,4,2063,-5.36,36.209722,3.722450756,21.59517619
SierraCarboneraY5,4,2064,-5.36,36.209722,24.78803942,22.38102722
SierraCarboneraY5,4,2065,-5.36,36.209722,77.79760329,20.45720113
SierraCarboneraY5,4,2066,-5.36,36.209722,13.20826901,19.94982605
SierraCarboneraY5,4,2067,-5.36,36.209722,52.59727462,20.85931295
SierraCarboneraY5,4,2068,-5.36,36.209722,4.746713554,21.52257385
SierraCarboneraY5,4,2069,-5.36,36.209722,12.54622851,20.56937968
SierraCarboneraY5,4,2070,-5.36,36.209722,20.02208523,21.73228658
SierraCarboneraY5,4,2071,-5.36,36.209722,24.36757554,22.49993388
SierraCarboneraY5,4,2072,-5.36,36.209722,29.48405887,22.87867025
SierraCarboneraY5,4,2073,-5.36,36.209722,26.61282233,21.11741842
SierraCarboneraY5,4,2074,-5.36,36.209722,17.43415928,21.80118306
SierraCarboneraY5,4,2075,-5.36,36.209722,8.568072119,23.42304688
SierraCarboneraY5,4,2076,-5.36,36.209722,6.430383639,21.01566569
SierraCarboneraY5,4,2077,-5.36,36.209722,6.140798482,22.79282227
SierraCarboneraY5,4,2078,-5.36,36.209722,79.45921198,21.44376628
SierraCarboneraY5,4,2079,-5.36,36.209722,12.15784731,22.95261536
SierraCarboneraY5,4,2080,-5.36,36.209722,22.84302137,21.01720886
SierraCarboneraY5,4,2081,-5.36,36.209722,4.23595431,23.29123637
SierraCarboneraY5,4,2082,-5.36,36.209722,6.737805281,22.49538879
SierraCarboneraY5,4,2083,-5.36,36.209722,0.507813529,22.80450236
SierraCarboneraY5,4,2084,-5.36,36.209722,5.307546348,21.63680115
SierraCarboneraY5,4,2085,-5.36,36.209722,7.757179576,24.19002991
SierraCarboneraY5,4,2086,-5.36,36.209722,4.87832179,21.76708883
SierraCarboneraY5,4,2087,-5.36,36.209722,3.876864952,23.66367188
SierraCarboneraY5,4,2088,-5.36,36.209722,28.28408037,21.9433075
SierraCarboneraY5,4,2089,-5.36,36.209722,10.98533573,23.93778788
SierraCarboneraY5,4,2090,-5.36,36.209722,33.49129108,22.22095947
SierraCarboneraY5,4,2091,-5.36,36.209722,3.974597928,20.6413147
SierraCarboneraY5,4,2092,-5.36,36.209722,6.605699057,23.69542033
SierraCarboneraY5,4,2093,-5.36,36.209722,37.43614697,21.05088501
SierraCarboneraY5,4,2094,-5.36,36.209722,11.28495427,23.65165507
SierraCarboneraY5,4,2095,-5.36,36.209722,23.98445973,21.09836019
SierraCarboneraY5,4,2096,-5.36,36.209722,6.396596706,24.74557495
SierraCarboneraY5,4,2097,-5.36,36.209722,13.21835477,23.23469747
SierraCarboneraY5,4,2098,-5.36,36.209722,0.677833277,22.94727376
SierraCarboneraY5,4,2099,-5.36,36.209722,12.59762597,22.88814087
SierraCarboneraY5,4,2100,-5.36,36.209722,3.905480198,24.34881287
SierraCarboneraY5,5,2015,-5.36,36.209722,11.88068263,21.98199837
SierraCarboneraY5,5,2016,-5.36,36.209722,18.22649213,23.00279659
SierraCarboneraY5,5,2017,-5.36,36.209722,4.837284042,22.75991998
SierraCarboneraY5,5,2018,-5.36,36.209722,69.86922772,20.82360131
SierraCarboneraY5,5,2019,-5.36,36.209722,28.03567568,20.4067243
SierraCarboneraY5,5,2020,-5.36,36.209722,2.393937607,23.11930286
SierraCarboneraY5,5,2021,-5.36,36.209722,60.71061723,21.05888692
SierraCarboneraY5,5,2022,-5.36,36.209722,66.41323947,22.18955039
SierraCarboneraY5,5,2023,-5.36,36.209722,1.586223267,23.25590348
SierraCarboneraY5,5,2024,-5.36,36.209722,1.245581826,23.23558074
SierraCarboneraY5,5,2025,-5.36,36.209722,45.08733244,22.79249405
SierraCarboneraY5,5,2026,-5.36,36.209722,39.80014288,20.70562035
SierraCarboneraY5,5,2027,-5.36,36.209722,11.47602689,21.7066993
SierraCarboneraY5,5,2028,-5.36,36.209722,6.872671747,20.99666453
SierraCarboneraY5,5,2029,-5.36,36.209722,11.85715397,21.9647392
SierraCarboneraY5,5,2030,-5.36,36.209722,14.86062762,20.7373291
SierraCarboneraY5,5,2031,-5.36,36.209722,12.23809821,22.31708138
SierraCarboneraY5,5,2032,-5.36,36.209722,17.90888729,23.64027631
SierraCarboneraY5,5,2033,-5.36,36.209722,15.21729782,21.82395472
SierraCarboneraY5,5,2034,-5.36,36.209722,2.889129501,22.95356189
SierraCarboneraY5,5,2035,-5.36,36.209722,21.10339841,21.97126898
SierraCarboneraY5,5,2036,-5.36,36.209722,86.4208204,22.28368333
SierraCarboneraY5,5,2037,-5.36,36.209722,27.25861605,20.97233808
SierraCarboneraY5,5,2038,-5.36,36.209722,4.026077102,22.63434114
SierraCarboneraY5,5,2039,-5.36,36.209722,38.73566644,21.6712743
SierraCarboneraY5,5,2040,-5.36,36.209722,45.97248444,21.91120743
SierraCarboneraY5,5,2041,-5.36,36.209722,10.28464217,22.01794119
SierraCarboneraY5,5,2042,-5.36,36.209722,3.736915247,24.41715639
SierraCarboneraY5,5,2043,-5.36,36.209722,23.5436641,22.36689197
SierraCarboneraY5,5,2044,-5.36,36.209722,20.12160147,22.15314292
SierraCarboneraY5,5,2045,-5.36,36.209722,4.613011962,22.25072632
SierraCarboneraY5,5,2046,-5.36,36.209722,25.03153367,22.71474905
SierraCarboneraY5,5,2047,-5.36,36.209722,49.6420367,23.78232875
SierraCarboneraY5,5,2048,-5.36,36.209722,2.22120421,23.70842994
SierraCarboneraY5,5,2049,-5.36,36.209722,83.1348408,22.31045119
SierraCarboneraY5,5,2050,-5.36,36.209722,9.91155538,22.8031378
SierraCarboneraY5,5,2051,-5.36,36.209722,33.74720625,22.57618743
SierraCarboneraY5,5,2052,-5.36,36.209722,1.553162716,24.86277407
SierraCarboneraY5,5,2053,-5.36,36.209722,16.10983951,22.72945754
SierraCarboneraY5,5,2054,-5.36,36.209722,35.56730238,21.7915421
SierraCarboneraY5,5,2055,-5.36,36.209722,1.955888853,22.82359442
SierraCarboneraY5,5,2056,-5.36,36.209722,13.21243285,23.11156518
SierraCarboneraY5,5,2057,-5.36,36.209722,8.473368187,22.75339907
SierraCarboneraY5,5,2058,-5.36,36.209722,25.6560383,21.77323549
SierraCarboneraY5,5,2059,-5.36,36.209722,39.99608578,24.5379617
SierraCarboneraY5,5,2060,-5.36,36.209722,2.442706154,24.49130623
SierraCarboneraY5,5,2061,-5.36,36.209722,4.669643627,22.67891452
SierraCarboneraY5,5,2062,-5.36,36.209722,29.34554724,23.05847345
SierraCarboneraY5,5,2063,-5.36,36.209722,25.64741619,21.5364496
SierraCarboneraY5,5,2064,-5.36,36.209722,1.578046396,24.66865077
SierraCarboneraY5,5,2065,-5.36,36.209722,1.24098866,25.46899493
SierraCarboneraY5,5,2066,-5.36,36.209722,4.210464034,24.15412145
SierraCarboneraY5,5,2067,-5.36,36.209722,24.31397861,23.12220301
SierraCarboneraY5,5,2068,-5.36,36.209722,7.9530373,23.04682755
SierraCarboneraY5,5,2069,-5.36,36.209722,23.35381383,23.96253505
SierraCarboneraY5,5,2070,-5.36,36.209722,59.41598335,24.12269523
SierraCarboneraY5,5,2071,-5.36,36.209722,19.33753235,24.27510789
SierraCarboneraY5,5,2072,-5.36,36.209722,1.630272048,25.57698286
SierraCarboneraY5,5,2073,-5.36,36.209722,4.93618673,23.00786546
SierraCarboneraY5,5,2074,-5.36,36.209722,3.927578224,24.46143444
SierraCarboneraY5,5,2075,-5.36,36.209722,5.499548903,25.19330503
SierraCarboneraY5,5,2076,-5.36,36.209722,18.14746413,24.40987352
SierraCarboneraY5,5,2077,-5.36,36.209722,8.491153436,26.02428687
SierraCarboneraY5,5,2078,-5.36,36.209722,22.41403882,22.87139085
SierraCarboneraY5,5,2079,-5.36,36.209722,0.605536308,24.52269602
SierraCarboneraY5,5,2080,-5.36,36.209722,7.481823965,23.75190961
SierraCarboneraY5,5,2081,-5.36,36.209722,20.69787176,24.85599326
SierraCarboneraY5,5,2082,-5.36,36.209722,14.75705622,25.13079617
SierraCarboneraY5,5,2083,-5.36,36.209722,20.73937432,21.78108343
SierraCarboneraY5,5,2084,-5.36,36.209722,20.21109608,25.39334185
SierraCarboneraY5,5,2085,-5.36,36.209722,11.61566839,26.60534058
SierraCarboneraY5,5,2086,-5.36,36.209722,1.314646508,25.19490278
SierraCarboneraY5,5,2087,-5.36,36.209722,1.988766129,25.42262101
SierraCarboneraY5,5,2088,-5.36,36.209722,18.53790561,26.73530017
SierraCarboneraY5,5,2089,-5.36,36.209722,11.95104807,25.79011073
SierraCarboneraY5,5,2090,-5.36,36.209722,56.11865331,23.22044402
SierraCarboneraY5,5,2091,-5.36,36.209722,17.86050537,22.42658435
SierraCarboneraY5,5,2092,-5.36,36.209722,1.235938238,27.58111848
SierraCarboneraY5,5,2093,-5.36,36.209722,5.768555628,25.76832709
SierraCarboneraY5,5,2094,-5.36,36.209722,4.162233124,24.57984166
SierraCarboneraY5,5,2095,-5.36,36.209722,11.3196495,25.49376536
SierraCarboneraY5,5,2096,-5.36,36.209722,0.000373148,25.51531766
SierraCarboneraY5,5,2097,-5.36,36.209722,21.53480959,25.17085788
SierraCarboneraY5,5,2098,-5.36,36.209722,9.197093063,24.0943257
SierraCarboneraY5,5,2099,-5.36,36.209722,34.94636978,24.95521673
SierraCarboneraY5,5,2100,-5.36,36.209722,10.37429377,26.50386668
SierraCarboneraY5,6,2015,-5.36,36.209722,21.08220366,24.28972982
SierraCarboneraY5,6,2016,-5.36,36.209722,0.022820771,26.41442159
SierraCarboneraY5,6,2017,-5.36,36.209722,11.10587636,26.39422811
SierraCarboneraY5,6,2018,-5.36,36.209722,5.416535766,25.12298279
SierraCarboneraY5,6,2019,-5.36,36.209722,2.270510315,25.89395243
SierraCarboneraY5,6,2020,-5.36,36.209722,7.126627446,26.29024963
SierraCarboneraY5,6,2021,-5.36,36.209722,7.748040814,25.57351278
SierraCarboneraY5,6,2022,-5.36,36.209722,14.42474994,24.86877441
SierraCarboneraY5,6,2023,-5.36,36.209722,0.016070673,26.28279724
SierraCarboneraY5,6,2024,-5.36,36.209722,39.98845773,25.76555074
SierraCarboneraY5,6,2025,-5.36,36.209722,15.55546236,23.96246338
SierraCarboneraY5,6,2026,-5.36,36.209722,7.093417372,23.00584106
SierraCarboneraY5,6,2027,-5.36,36.209722,4.210477907,26.18497416
SierraCarboneraY5,6,2028,-5.36,36.209722,0.626040546,26.22219543
SierraCarboneraY5,6,2029,-5.36,36.209722,0.037724458,25.39346415
SierraCarboneraY5,6,2030,-5.36,36.209722,5.642744808,25.59600627
SierraCarboneraY5,6,2031,-5.36,36.209722,37.32982561,25.32162272
SierraCarboneraY5,6,2032,-5.36,36.209722,0.263484103,27.01080424
SierraCarboneraY5,6,2033,-5.36,36.209722,3.431292614,25.32677307
SierraCarboneraY5,6,2034,-5.36,36.209722,0.110391297,26.17027283
SierraCarboneraY5,6,2035,-5.36,36.209722,38.78110719,23.9302714
SierraCarboneraY5,6,2036,-5.36,36.209722,4.355834013,26.76652425
SierraCarboneraY5,6,2037,-5.36,36.209722,2.876805098,24.98404643
SierraCarboneraY5,6,2038,-5.36,36.209722,0.502415697,27.26080017
SierraCarboneraY5,6,2039,-5.36,36.209722,2.823297614,25.79406128
SierraCarboneraY5,6,2040,-5.36,36.209722,11.78563034,25.19061483
SierraCarboneraY5,6,2041,-5.36,36.209722,8.241640717,26.58808289
SierraCarboneraY5,6,2042,-5.36,36.209722,0.292030518,28.37888997
SierraCarboneraY5,6,2043,-5.36,36.209722,38.9083505,24.99426371
SierraCarboneraY5,6,2044,-5.36,36.209722,0.308795287,28.44122314
SierraCarboneraY5,6,2045,-5.36,36.209722,22.45278584,27.45620219
SierraCarboneraY5,6,2046,-5.36,36.209722,0.761313974,24.85248515
SierraCarboneraY5,6,2047,-5.36,36.209722,8.885934919,26.13469442
SierraCarboneraY5,6,2048,-5.36,36.209722,1.122178583,26.49880981
SierraCarboneraY5,6,2049,-5.36,36.209722,0.571757414,28.69426168
SierraCarboneraY5,6,2050,-5.36,36.209722,0.043373154,27.08619486
SierraCarboneraY5,6,2051,-5.36,36.209722,0.631282104,25.2382487
SierraCarboneraY5,6,2052,-5.36,36.209722,0.003504511,27.68349609
SierraCarboneraY5,6,2053,-5.36,36.209722,10.27300282,25.44772135
SierraCarboneraY5,6,2054,-5.36,36.209722,3.836502435,25.45348511
SierraCarboneraY5,6,2055,-5.36,36.209722,0.239242427,27.32704163
SierraCarboneraY5,6,2056,-5.36,36.209722,0.338161868,27.78692322
SierraCarboneraY5,6,2057,-5.36,36.209722,2.468636105,26.08778992
SierraCarboneraY5,6,2058,-5.36,36.209722,18.56924702,27.15012105
SierraCarboneraY5,6,2059,-5.36,36.209722,0.391462939,28.55395813
SierraCarboneraY5,6,2060,-5.36,36.209722,0.245718406,28.64595133
SierraCarboneraY5,6,2061,-5.36,36.209722,0.25890448,24.82262472
SierraCarboneraY5,6,2062,-5.36,36.209722,0.137968385,28.20379232
SierraCarboneraY5,6,2063,-5.36,36.209722,0.001161158,27.58115946
SierraCarboneraY5,6,2064,-5.36,36.209722,1.211420709,25.26529643
SierraCarboneraY5,6,2065,-5.36,36.209722,12.3981303,27.6530955
SierraCarboneraY5,6,2066,-5.36,36.209722,0.936628226,27.89834391
SierraCarboneraY5,6,2067,-5.36,36.209722,4.874605648,26.10007833
SierraCarboneraY5,6,2068,-5.36,36.209722,0.907365325,29.02380676
SierraCarboneraY5,6,2069,-5.36,36.209722,0.385602269,27.4850942
SierraCarboneraY5,6,2070,-5.36,36.209722,24.1389959,26.49941305
SierraCarboneraY5,6,2071,-5.36,36.209722,1.057384725,28.17461344
SierraCarboneraY5,6,2072,-5.36,36.209722,19.90513297,27.92979838
SierraCarboneraY5,6,2073,-5.36,36.209722,7.361954569,26.96198324
SierraCarboneraY5,6,2074,-5.36,36.209722,0.205560955,29.23354899
SierraCarboneraY5,6,2075,-5.36,36.209722,0.246453487,28.7344401
SierraCarboneraY5,6,2076,-5.36,36.209722,1.400672169,28.20884603
SierraCarboneraY5,6,2077,-5.36,36.209722,0.510965506,28.09331258
SierraCarboneraY5,6,2078,-5.36,36.209722,1.653815217,28.29619242
SierraCarboneraY5,6,2079,-5.36,36.209722,28.11815817,28.43735758
SierraCarboneraY5,6,2080,-5.36,36.209722,3.540224173,25.21096395
SierraCarboneraY5,6,2081,-5.36,36.209722,18.53599536,29.09919739
SierraCarboneraY5,6,2082,-5.36,36.209722,9.681193917,29.49425761
SierraCarboneraY5,6,2083,-5.36,36.209722,1.003589224,29.74810588
SierraCarboneraY5,6,2084,-5.36,36.209722,41.16774923,29.33853455
SierraCarboneraY5,6,2085,-5.36,36.209722,0.515940841,28.71917725
SierraCarboneraY5,6,2086,-5.36,36.209722,0.168413818,28.28641968
SierraCarboneraY5,6,2087,-5.36,36.209722,15.79445506,27.66224162
SierraCarboneraY5,6,2088,-5.36,36.209722,2.183124045,31.44813538
SierraCarboneraY5,6,2089,-5.36,36.209722,3.399676305,29.52637126
SierraCarboneraY5,6,2090,-5.36,36.209722,2.60921573,27.05529277
SierraCarboneraY5,6,2091,-5.36,36.209722,0.189729669,27.69887085
SierraCarboneraY5,6,2092,-5.36,36.209722,0.013331077,29.42327271
SierraCarboneraY5,6,2093,-5.36,36.209722,1.263619354,29.42476095
SierraCarboneraY5,6,2094,-5.36,36.209722,4.858296364,27.66596375
SierraCarboneraY5,6,2095,-5.36,36.209722,0.213523026,30.63386027
SierraCarboneraY5,6,2096,-5.36,36.209722,20.24869061,28.81171977
SierraCarboneraY5,6,2097,-5.36,36.209722,1.74407825,29.16331278
SierraCarboneraY5,6,2098,-5.36,36.209722,0.504583256,29.40651449
SierraCarboneraY5,6,2099,-5.36,36.209722,0.490318114,28.98297831
SierraCarboneraY5,6,2100,-5.36,36.209722,0.217305427,27.58370463
SierraCarboneraY5,7,2015,-5.36,36.209722,2.58323441034937e-05,28.76046536
SierraCarboneraY5,7,2016,-5.36,36.209722,8.908325346,29.23536416
SierraCarboneraY5,7,2017,-5.36,36.209722,0.017598832,30.04603705
SierraCarboneraY5,7,2018,-5.36,36.209722,0.07650039,28.77544654
SierraCarboneraY5,7,2019,-5.36,36.209722,0.538977602,29.44798801
SierraCarboneraY5,7,2020,-5.36,36.209722,0.46334666,30.11969664
SierraCarboneraY5,7,2021,-5.36,36.209722,6.92488714952824e-07,29.82106835
SierraCarboneraY5,7,2022,-5.36,36.209722,1.340734636,28.72626599
SierraCarboneraY5,7,2023,-5.36,36.209722,0.322553404,29.22523331
SierraCarboneraY5,7,2024,-5.36,36.209722,0.203860273,29.0654039
SierraCarboneraY5,7,2025,-5.36,36.209722,9.78678038,29.71809909
SierraCarboneraY5,7,2026,-5.36,36.209722,0.249298938,28.78039433
SierraCarboneraY5,7,2027,-5.36,36.209722,0.019758294,29.75233587
SierraCarboneraY5,7,2028,-5.36,36.209722,0.099234095,30.05992451
SierraCarboneraY5,7,2029,-5.36,36.209722,0.830440562,28.72312268
SierraCarboneraY5,7,2030,-5.36,36.209722,0.46712605,28.81430822
SierraCarboneraY5,7,2031,-5.36,36.209722,3.820692533,29.40341954
SierraCarboneraY5,7,2032,-5.36,36.209722,0.645969486,30.66045926
SierraCarboneraY5,7,2033,-5.36,36.209722,3.282253309,30.96832059
SierraCarboneraY5,7,2034,-5.36,36.209722,0.337806434,30.31676242
SierraCarboneraY5,7,2035,-5.36,36.209722,5.78312397779096e-05,28.75422993
SierraCarboneraY5,7,2036,-5.36,36.209722,0.537999826,30.80514999
SierraCarboneraY5,7,2037,-5.36,36.209722,1.429993245,30.52296084
SierraCarboneraY5,7,2038,-5.36,36.209722,3.298335064,30.96121295
SierraCarboneraY5,7,2039,-5.36,36.209722,0.001032682,30.38628442
SierraCarboneraY5,7,2040,-5.36,36.209722,2.819485385,26.82464875
SierraCarboneraY5,7,2041,-5.36,36.209722,7.677893676,30.4606784
SierraCarboneraY5,7,2042,-5.36,36.209722,0.027530336,30.85424588
SierraCarboneraY5,7,2043,-5.36,36.209722,0.192516075,29.82142275
SierraCarboneraY5,7,2044,-5.36,36.209722,1.95895385190532e-05,29.79162086
SierraCarboneraY5,7,2045,-5.36,36.209722,0.111371413,30.13322577
SierraCarboneraY5,7,2046,-5.36,36.209722,0.027084016,30.61339919
SierraCarboneraY5,7,2047,-5.36,36.209722,6.251244481,30.10617341
SierraCarboneraY5,7,2048,-5.36,36.209722,0.325808828,31.03200191
SierraCarboneraY5,7,2049,-5.36,36.209722,0.023303472,30.46861297
SierraCarboneraY5,7,2050,-5.36,36.209722,0.830482775,30.39562772
SierraCarboneraY5,7,2051,-5.36,36.209722,8.799156004,28.45388873
SierraCarboneraY5,7,2052,-5.36,36.209722,0.455792872,29.13463253
SierraCarboneraY5,7,2053,-5.36,36.209722,1.206465994,30.68056641
SierraCarboneraY5,7,2054,-5.36,36.209722,0.467584916,29.65700782
SierraCarboneraY5,7,2055,-5.36,36.209722,4.170868774,30.91835642
SierraCarboneraY5,7,2056,-5.36,36.209722,0.141141859,29.56378942
SierraCarboneraY5,7,2057,-5.36,36.209722,0.344027296,31.01622039
SierraCarboneraY5,7,2058,-5.36,36.209722,0.126450212,29.76803569
SierraCarboneraY5,7,2059,-5.36,36.209722,0.501313653,31.2966159
SierraCarboneraY5,7,2060,-5.36,36.209722,0.038313358,31.51707488
SierraCarboneraY5,7,2061,-5.36,36.209722,5.973297156,30.15341659
SierraCarboneraY5,7,2062,-5.36,36.209722,0.006978757,30.32245247
SierraCarboneraY5,7,2063,-5.36,36.209722,7.77576430034975e-06,31.07147591
SierraCarboneraY5,7,2064,-5.36,36.209722,0.000700966,31.40626752
SierraCarboneraY5,7,2065,-5.36,36.209722,0.100516738,30.20330692
SierraCarboneraY5,7,2066,-5.36,36.209722,0.020233636,31.00418366
SierraCarboneraY5,7,2067,-5.36,36.209722,0.026073142,30.9783402
SierraCarboneraY5,7,2068,-5.36,36.209722,0.005593952,31.76539149
SierraCarboneraY5,7,2069,-5.36,36.209722,0.218548668,32.62062496
SierraCarboneraY5,7,2070,-5.36,36.209722,0.023248624,32.20158022
SierraCarboneraY5,7,2071,-5.36,36.209722,1.091311699,32.60352232
SierraCarboneraY5,7,2072,-5.36,36.209722,8.78207612377986e-05,31.91002709
SierraCarboneraY5,7,2073,-5.36,36.209722,0.143510985,29.78842833
SierraCarboneraY5,7,2074,-5.36,36.209722,0.00017269,32.8652076
SierraCarboneraY5,7,2075,-5.36,36.209722,0.000696256,33.8966535
SierraCarboneraY5,7,2076,-5.36,36.209722,3.56187704718e-05,32.44919099
SierraCarboneraY5,7,2077,-5.36,36.209722,0.016898904,32.5465775
SierraCarboneraY5,7,2078,-5.36,36.209722,0.636712997,32.22205751
SierraCarboneraY5,7,2079,-5.36,36.209722,3.262677692,33.03535885
SierraCarboneraY5,7,2080,-5.36,36.209722,0.185634516,31.33537322
SierraCarboneraY5,7,2081,-5.36,36.209722,0.018900493,31.49995157
SierraCarboneraY5,7,2082,-5.36,36.209722,0.149627857,31.42615612
SierraCarboneraY5,7,2083,-5.36,36.209722,0.533076773,32.22623941
SierraCarboneraY5,7,2084,-5.36,36.209722,0.258576333,29.95717183
SierraCarboneraY5,7,2085,-5.36,36.209722,23.85084871,32.98605622
SierraCarboneraY5,7,2086,-5.36,36.209722,2.040897693,32.64567005
SierraCarboneraY5,7,2087,-5.36,36.209722,1.50879964147763e-05,34.67346369
SierraCarboneraY5,7,2088,-5.36,36.209722,0.035068522,31.08720427
SierraCarboneraY5,7,2089,-5.36,36.209722,15.017976,33.27886549
SierraCarboneraY5,7,2090,-5.36,36.209722,5.798178142,32.44047182
SierraCarboneraY5,7,2091,-5.36,36.209722,3.939033689,31.87420733
SierraCarboneraY5,7,2092,-5.36,36.209722,0.381683834,33.59209496
SierraCarboneraY5,7,2093,-5.36,36.209722,0.294795132,32.92470703
SierraCarboneraY5,7,2094,-5.36,36.209722,0.437716046,32.40349731
SierraCarboneraY5,7,2095,-5.36,36.209722,0.112805163,33.17487537
SierraCarboneraY5,7,2096,-5.36,36.209722,0.288982679,33.80503579
SierraCarboneraY5,7,2097,-5.36,36.209722,0.004408856,33.95381194
SierraCarboneraY5,7,2098,-5.36,36.209722,6.14017776708736e-07,32.88774926
SierraCarboneraY5,7,2099,-5.36,36.209722,0.786665191,33.30416949
SierraCarboneraY5,7,2100,-5.36,36.209722,0.399897737,33.44043441
SierraCarboneraY5,8,2015,-5.36,36.209722,0.218532875,30.84826345
SierraCarboneraY5,8,2016,-5.36,36.209722,0.575358965,29.60198561
SierraCarboneraY5,8,2017,-5.36,36.209722,2.957949514,28.97812953
SierraCarboneraY5,8,2018,-5.36,36.209722,0.967353978,28.90754139
SierraCarboneraY5,8,2019,-5.36,36.209722,0.756851718,29.29129304
SierraCarboneraY5,8,2020,-5.36,36.209722,2.452209422,28.71494692
SierraCarboneraY5,8,2021,-5.36,36.209722,2.386001535,30.04282975
SierraCarboneraY5,8,2022,-5.36,36.209722,5.150952905,29.83317792
SierraCarboneraY5,8,2023,-5.36,36.209722,0.000191064,29.65183952
SierraCarboneraY5,8,2024,-5.36,36.209722,0.204323426,28.44489096
SierraCarboneraY5,8,2025,-5.36,36.209722,9.576883894,29.95424312
SierraCarboneraY5,8,2026,-5.36,36.209722,0.013407792,29.52289685
SierraCarboneraY5,8,2027,-5.36,36.209722,5.337815224,29.9946927
SierraCarboneraY5,8,2028,-5.36,36.209722,2.162102907,29.60557783
SierraCarboneraY5,8,2029,-5.36,36.209722,0.131940619,29.21723574
SierraCarboneraY5,8,2030,-5.36,36.209722,8.872667479,29.80799895
SierraCarboneraY5,8,2031,-5.36,36.209722,0.01296743,29.53563351
SierraCarboneraY5,8,2032,-5.36,36.209722,5.181942645,30.88969648
SierraCarboneraY5,8,2033,-5.36,36.209722,2.581725235,29.94613136
SierraCarboneraY5,8,2034,-5.36,36.209722,9.566857826,29.46126807
SierraCarboneraY5,8,2035,-5.36,36.209722,36.84947143,31.29684429
SierraCarboneraY5,8,2036,-5.36,36.209722,2.578896285,30.53837812
SierraCarboneraY5,8,2037,-5.36,36.209722,0.021310936,29.65494345
SierraCarboneraY5,8,2038,-5.36,36.209722,0.935572002,29.33933066
SierraCarboneraY5,8,2039,-5.36,36.209722,0.039672572,30.70926081
SierraCarboneraY5,8,2040,-5.36,36.209722,0.241266602,29.32343199
SierraCarboneraY5,8,2041,-5.36,36.209722,0.683179846,31.41260927
SierraCarboneraY5,8,2042,-5.36,36.209722,0.265177421,30.6030872
SierraCarboneraY5,8,2043,-5.36,36.209722,4.11951379,32.05810724
SierraCarboneraY5,8,2044,-5.36,36.209722,0.003536916,30.60861974
SierraCarboneraY5,8,2045,-5.36,36.209722,0.000425266,29.93442442
SierraCarboneraY5,8,2046,-5.36,36.209722,0.070672021,30.34302427
SierraCarboneraY5,8,2047,-5.36,36.209722,0.000159463,30.06197313
SierraCarboneraY5,8,2048,-5.36,36.209722,0.10255373,31.49030014
SierraCarboneraY5,8,2049,-5.36,36.209722,9.208470594,30.16520917
SierraCarboneraY5,8,2050,-5.36,36.209722,0.023468105,30.63025276
SierraCarboneraY5,8,2051,-5.36,36.209722,14.16527332,28.70634785
SierraCarboneraY5,8,2052,-5.36,36.209722,0.170269644,29.44299494
SierraCarboneraY5,8,2053,-5.36,36.209722,0.00082694,31.14036097
SierraCarboneraY5,8,2054,-5.36,36.209722,1.31145053,30.65571033
SierraCarboneraY5,8,2055,-5.36,36.209722,11.87716284,29.4008285
SierraCarboneraY5,8,2056,-5.36,36.209722,0.664530912,30.7497281
SierraCarboneraY5,8,2057,-5.36,36.209722,4.825204296,31.09556018
SierraCarboneraY5,8,2058,-5.36,36.209722,4.247232917,29.34504237
SierraCarboneraY5,8,2059,-5.36,36.209722,1.668945711,33.12711044
SierraCarboneraY5,8,2060,-5.36,36.209722,0.134225554,32.28309562
SierraCarboneraY5,8,2061,-5.36,36.209722,9.3637545187533e-05,32.339056
SierraCarboneraY5,8,2062,-5.36,36.209722,7.267576936,31.31500224
SierraCarboneraY5,8,2063,-5.36,36.209722,0.428200307,29.510868
SierraCarboneraY5,8,2064,-5.36,36.209722,0.481328415,32.23105626
SierraCarboneraY5,8,2065,-5.36,36.209722,0.61900409,31.64090931
SierraCarboneraY5,8,2066,-5.36,36.209722,16.55735462,32.11999394
SierraCarboneraY5,8,2067,-5.36,36.209722,0.000275019,31.00298954
SierraCarboneraY5,8,2068,-5.36,36.209722,1.810649662,30.80500528
SierraCarboneraY5,8,2069,-5.36,36.209722,0.00490988,31.82514097
SierraCarboneraY5,8,2070,-5.36,36.209722,0.583742823,31.89163385
SierraCarboneraY5,8,2071,-5.36,36.209722,1.673870177,31.33665397
SierraCarboneraY5,8,2072,-5.36,36.209722,0.280016199,33.32315339
SierraCarboneraY5,8,2073,-5.36,36.209722,0.097600015,32.6024798
SierraCarboneraY5,8,2074,-5.36,36.209722,9.68042688604848e-07,32.30241916
SierraCarboneraY5,8,2075,-5.36,36.209722,3.749149344,32.81020902
SierraCarboneraY5,8,2076,-5.36,36.209722,38.51590457,33.18107339
SierraCarboneraY5,8,2077,-5.36,36.209722,0.1118123,32.38718124
SierraCarboneraY5,8,2078,-5.36,36.209722,0.409242121,33.90477413
SierraCarboneraY5,8,2079,-5.36,36.209722,2.189873696,32.4632655
SierraCarboneraY5,8,2080,-5.36,36.209722,0.515244153,30.52613959
SierraCarboneraY5,8,2081,-5.36,36.209722,0.28220519,32.46861592
SierraCarboneraY5,8,2082,-5.36,36.209722,1.229532521,32.439638
SierraCarboneraY5,8,2083,-5.36,36.209722,0.261361597,32.97609371
SierraCarboneraY5,8,2084,-5.36,36.209722,2.312698588,31.70297911
SierraCarboneraY5,8,2085,-5.36,36.209722,2.739295793,33.50633565
SierraCarboneraY5,8,2086,-5.36,36.209722,0.000350078,32.96041654
SierraCarboneraY5,8,2087,-5.36,36.209722,0.032501885,34.0373356
SierraCarboneraY5,8,2088,-5.36,36.209722,4.991059156,31.6698508
SierraCarboneraY5,8,2089,-5.36,36.209722,0.789945425,34.18651832
SierraCarboneraY5,8,2090,-5.36,36.209722,1.633095692,32.36823967
SierraCarboneraY5,8,2091,-5.36,36.209722,0.418263595,32.61206626
SierraCarboneraY5,8,2092,-5.36,36.209722,18.13354041,32.38759766
SierraCarboneraY5,8,2093,-5.36,36.209722,3.209553067,34.36798076
SierraCarboneraY5,8,2094,-5.36,36.209722,0.138517499,33.15049183
SierraCarboneraY5,8,2095,-5.36,36.209722,3.729535412,34.45239238
SierraCarboneraY5,8,2096,-5.36,36.209722,6.182537798,34.08743562
SierraCarboneraY5,8,2097,-5.36,36.209722,0.67982272,34.36771201
SierraCarboneraY5,8,2098,-5.36,36.209722,0.027649721,33.78652442
SierraCarboneraY5,8,2099,-5.36,36.209722,0.066407726,34.20546678
SierraCarboneraY5,8,2100,-5.36,36.209722,0.282833944,33.97812264
SierraCarboneraY5,9,2015,-5.36,36.209722,24.58202753,28.17008057
SierraCarboneraY5,9,2016,-5.36,36.209722,37.54605546,26.03577881
SierraCarboneraY5,9,2017,-5.36,36.209722,25.50284451,26.13609009
SierraCarboneraY5,9,2018,-5.36,36.209722,0.501572489,26.3631897
SierraCarboneraY5,9,2019,-5.36,36.209722,12.12151259,25.67644958
SierraCarboneraY5,9,2020,-5.36,36.209722,8.109955577,26.38968913
SierraCarboneraY5,9,2021,-5.36,36.209722,1.081440851,26.7199941
SierraCarboneraY5,9,2022,-5.36,36.209722,25.66669773,26.26680298
SierraCarboneraY5,9,2023,-5.36,36.209722,3.976654995,28.0550883
SierraCarboneraY5,9,2024,-5.36,36.209722,10.29698015,27.0456899
SierraCarboneraY5,9,2025,-5.36,36.209722,12.19918257,26.61172078
SierraCarboneraY5,9,2026,-5.36,36.209722,3.607453282,26.42953186
SierraCarboneraY5,9,2027,-5.36,36.209722,12.21387083,28.24796448
SierraCarboneraY5,9,2028,-5.36,36.209722,1.182487269,25.70454407
SierraCarboneraY5,9,2029,-5.36,36.209722,2.792029206,28.43589579
SierraCarboneraY5,9,2030,-5.36,36.209722,29.35485501,26.81946818
SierraCarboneraY5,9,2031,-5.36,36.209722,1.694156308,25.61610819
SierraCarboneraY5,9,2032,-5.36,36.209722,20.72056832,27.1351888
SierraCarboneraY5,9,2033,-5.36,36.209722,0.441626199,27.81324768
SierraCarboneraY5,9,2034,-5.36,36.209722,14.65847128,27.11161296
SierraCarboneraY5,9,2035,-5.36,36.209722,0.490643103,27.1522817
SierraCarboneraY5,9,2036,-5.36,36.209722,9.737091179,27.79745382
SierraCarboneraY5,9,2037,-5.36,36.209722,12.11040903,26.94946696
SierraCarboneraY5,9,2038,-5.36,36.209722,4.265735066,26.71245931
SierraCarboneraY5,9,2039,-5.36,36.209722,0.063484944,27.87415873
SierraCarboneraY5,9,2040,-5.36,36.209722,0.997675836,27.49384359
SierraCarboneraY5,9,2041,-5.36,36.209722,6.243610563,28.12102153
SierraCarboneraY5,9,2042,-5.36,36.209722,0.393604048,27.88944397
SierraCarboneraY5,9,2043,-5.36,36.209722,0.134751443,27.32833761
SierraCarboneraY5,9,2044,-5.36,36.209722,0.428131968,26.97845866
SierraCarboneraY5,9,2045,-5.36,36.209722,0.452685447,28.55626526
SierraCarboneraY5,9,2046,-5.36,36.209722,0.933641432,28.80216675
SierraCarboneraY5,9,2047,-5.36,36.209722,4.279997467,28.20157878
SierraCarboneraY5,9,2048,-5.36,36.209722,39.37872278,27.26494853
SierraCarboneraY5,9,2049,-5.36,36.209722,7.213631263,28.57384338
SierraCarboneraY5,9,2050,-5.36,36.209722,2.847770313,27.72592977
SierraCarboneraY5,9,2051,-5.36,36.209722,1.567310446,27.16494039
SierraCarboneraY5,9,2052,-5.36,36.209722,29.04136529,26.19874471
SierraCarboneraY5,9,2053,-5.36,36.209722,7.712829493,28.45442098
SierraCarboneraY5,9,2054,-5.36,36.209722,0.263257031,28.06150818
SierraCarboneraY5,9,2055,-5.36,36.209722,11.05784635,27.32621562
SierraCarboneraY5,9,2056,-5.36,36.209722,0.469658521,28.92412821
SierraCarboneraY5,9,2057,-5.36,36.209722,1.316594579,27.96404419
SierraCarboneraY5,9,2058,-5.36,36.209722,0.468809955,28.21788839
SierraCarboneraY5,9,2059,-5.36,36.209722,0.323239163,28.8844106
SierraCarboneraY5,9,2060,-5.36,36.209722,5.917888111,28.89810791
SierraCarboneraY5,9,2061,-5.36,36.209722,0.188906414,29.26435649
SierraCarboneraY5,9,2062,-5.36,36.209722,2.699568223,28.2254008
SierraCarboneraY5,9,2063,-5.36,36.209722,24.37114203,28.86281535
SierraCarboneraY5,9,2064,-5.36,36.209722,39.4063265,28.49304708
SierraCarboneraY5,9,2065,-5.36,36.209722,20.13108734,28.29749552
SierraCarboneraY5,9,2066,-5.36,36.209722,10.70872998,27.86603394
SierraCarboneraY5,9,2067,-5.36,36.209722,0.15199471,29.16178589
SierraCarboneraY5,9,2068,-5.36,36.209722,7.89527079,29.05811056
SierraCarboneraY5,9,2069,-5.36,36.209722,0.289202034,29.60142415
SierraCarboneraY5,9,2070,-5.36,36.209722,27.41402058,28.40534058
SierraCarboneraY5,9,2071,-5.36,36.209722,7.007074428,30.59929606
SierraCarboneraY5,9,2072,-5.36,36.209722,21.08070692,29.85851644
SierraCarboneraY5,9,2073,-5.36,36.209722,2.668480198,30.20354818
SierraCarboneraY5,9,2074,-5.36,36.209722,0.526170779,28.98249715
SierraCarboneraY5,9,2075,-5.36,36.209722,0.402351021,30.06758423
SierraCarboneraY5,9,2076,-5.36,36.209722,2.185485595,28.98104757
SierraCarboneraY5,9,2077,-5.36,36.209722,4.912110256,29.67669983
SierraCarboneraY5,9,2078,-5.36,36.209722,0.462984497,29.80364787
SierraCarboneraY5,9,2079,-5.36,36.209722,1.268584059,30.93521525
SierraCarboneraY5,9,2080,-5.36,36.209722,0.610174426,30.96680603
SierraCarboneraY5,9,2081,-5.36,36.209722,2.118527629,29.23026225
SierraCarboneraY5,9,2082,-5.36,36.209722,0.20645201,29.20042521
SierraCarboneraY5,9,2083,-5.36,36.209722,0.510018919,28.66883138
SierraCarboneraY5,9,2084,-5.36,36.209722,0.644752463,30.47372843
SierraCarboneraY5,9,2085,-5.36,36.209722,13.883686,30.92859192
SierraCarboneraY5,9,2086,-5.36,36.209722,19.08855294,30.58023682
SierraCarboneraY5,9,2087,-5.36,36.209722,37.14148656,30.32559102
SierraCarboneraY5,9,2088,-5.36,36.209722,30.53807447,27.91426697
SierraCarboneraY5,9,2089,-5.36,36.209722,11.0216371,31.09054464
SierraCarboneraY5,9,2090,-5.36,36.209722,0.151866505,31.16981506
SierraCarboneraY5,9,2091,-5.36,36.209722,0.581469763,30.23451945
SierraCarboneraY5,9,2092,-5.36,36.209722,2.211460355,29.29584045
SierraCarboneraY5,9,2093,-5.36,36.209722,2.358863796,28.94935506
SierraCarboneraY5,9,2094,-5.36,36.209722,105.4654239,29.73106181
SierraCarboneraY5,9,2095,-5.36,36.209722,0.576478096,30.090743
SierraCarboneraY5,9,2096,-5.36,36.209722,5.130735151,30.03265483
SierraCarboneraY5,9,2097,-5.36,36.209722,12.03046667,32.39900004
SierraCarboneraY5,9,2098,-5.36,36.209722,0.191025332,31.92960307
SierraCarboneraY5,9,2099,-5.36,36.209722,8.306170804,31.99019877
SierraCarboneraY5,9,2100,-5.36,36.209722,6.930656071,32.93994548
SierraPlata,1,2015,-5.788333,36.107778,49.72905653,17.94166791
SierraPlata,1,2016,-5.788333,36.107778,38.74718134,16.70481902
SierraPlata,1,2017,-5.788333,36.107778,200.1230891,18.78475145
SierraPlata,1,2018,-5.788333,36.107778,123.1025422,15.2102098
SierraPlata,1,2019,-5.788333,36.107778,24.81484505,16.73945844
SierraPlata,1,2020,-5.788333,36.107778,240.3910603,17.13590147
SierraPlata,1,2021,-5.788333,36.107778,53.06857622,16.67655581
SierraPlata,1,2022,-5.788333,36.107778,228.8520963,17.07765424
SierraPlata,1,2023,-5.788333,36.107778,100.2021665,17.02001343
SierraPlata,1,2024,-5.788333,36.107778,243.1637298,16.91102236
SierraPlata,1,2025,-5.788333,36.107778,205.8457633,17.31040689
SierraPlata,1,2026,-5.788333,36.107778,153.0187309,17.68368904
SierraPlata,1,2027,-5.788333,36.107778,78.68985511,16.04736013
SierraPlata,1,2028,-5.788333,36.107778,56.97746027,16.28520331
SierraPlata,1,2029,-5.788333,36.107778,23.4505916,16.98295721
SierraPlata,1,2030,-5.788333,36.107778,229.1626478,17.3540805
SierraPlata,1,2031,-5.788333,36.107778,489.8903648,19.1625
SierraPlata,1,2032,-5.788333,36.107778,129.0241607,16.71409735
SierraPlata,1,2033,-5.788333,36.107778,25.04430707,16.62272083
SierraPlata,1,2034,-5.788333,36.107778,57.1360638,17.96391031
SierraPlata,1,2035,-5.788333,36.107778,31.04984059,15.33105055
SierraPlata,1,2036,-5.788333,36.107778,116.0493314,18.57261983
SierraPlata,1,2037,-5.788333,36.107778,3.071600274,17.44380513
SierraPlata,1,2038,-5.788333,36.107778,146.8452231,17.44995983
SierraPlata,1,2039,-5.788333,36.107778,6.111233108,18.34179766
SierraPlata,1,2040,-5.788333,36.107778,89.01611071,19.67674186
SierraPlata,1,2041,-5.788333,36.107778,40.01769455,17.68848621
SierraPlata,1,2042,-5.788333,36.107778,24.22610293,17.12428609
SierraPlata,1,2043,-5.788333,36.107778,50.7544826,18.77081378
SierraPlata,1,2044,-5.788333,36.107778,12.23279219,17.39221369
SierraPlata,1,2045,-5.788333,36.107778,21.19698057,18.85575699
SierraPlata,1,2046,-5.788333,36.107778,35.25764349,19.08629662
SierraPlata,1,2047,-5.788333,36.107778,44.74779479,18.41500146
SierraPlata,1,2048,-5.788333,36.107778,68.56554858,19.28371188
SierraPlata,1,2049,-5.788333,36.107778,35.89458113,18.52754536
SierraPlata,1,2050,-5.788333,36.107778,137.2569515,18.49339226
SierraPlata,1,2051,-5.788333,36.107778,61.94504599,16.74338832
SierraPlata,1,2052,-5.788333,36.107778,76.91554705,17.8161629
SierraPlata,1,2053,-5.788333,36.107778,110.669672,18.01417276
SierraPlata,1,2054,-5.788333,36.107778,21.05875049,17.45774083
SierraPlata,1,2055,-5.788333,36.107778,93.73419799,17.21474117
SierraPlata,1,2056,-5.788333,36.107778,73.4615249,16.2383982
SierraPlata,1,2057,-5.788333,36.107778,61.60433351,18.69526111
SierraPlata,1,2058,-5.788333,36.107778,43.16726067,19.15984103
SierraPlata,1,2059,-5.788333,36.107778,10.85982009,18.98871322
SierraPlata,1,2060,-5.788333,36.107778,22.57803506,19.66672915
SierraPlata,1,2061,-5.788333,36.107778,73.26687041,19.81468427
SierraPlata,1,2062,-5.788333,36.107778,55.08007596,18.49307231
SierraPlata,1,2063,-5.788333,36.107778,127.4021938,17.60399386
SierraPlata,1,2064,-5.788333,36.107778,182.4792974,18.75531675
SierraPlata,1,2065,-5.788333,36.107778,77.40068947,18.9641574
SierraPlata,1,2066,-5.788333,36.107778,87.94481044,19.44514889
SierraPlata,1,2067,-5.788333,36.107778,87.95485745,17.71004836
SierraPlata,1,2068,-5.788333,36.107778,27.48930456,18.06784333
SierraPlata,1,2069,-5.788333,36.107778,110.7206458,17.91216726
SierraPlata,1,2070,-5.788333,36.107778,111.7230649,19.42586079
SierraPlata,1,2071,-5.788333,36.107778,64.04783599,18.17641897
SierraPlata,1,2072,-5.788333,36.107778,12.75331727,20.00599405
SierraPlata,1,2073,-5.788333,36.107778,136.8615983,18.38759273
SierraPlata,1,2074,-5.788333,36.107778,29.10096956,19.84630344
SierraPlata,1,2075,-5.788333,36.107778,19.29918961,17.9559334
SierraPlata,1,2076,-5.788333,36.107778,192.7657381,20.49910003
SierraPlata,1,2077,-5.788333,36.107778,76.29181524,18.9031882
SierraPlata,1,2078,-5.788333,36.107778,22.70129148,17.92842821
SierraPlata,1,2079,-5.788333,36.107778,26.5925465,19.18734623
SierraPlata,1,2080,-5.788333,36.107778,39.23773484,17.34175435
SierraPlata,1,2081,-5.788333,36.107778,10.41773445,19.09349483
SierraPlata,1,2082,-5.788333,36.107778,144.4762518,20.36451554
SierraPlata,1,2083,-5.788333,36.107778,35.28512583,19.74857926
SierraPlata,1,2084,-5.788333,36.107778,187.3800266,19.73338249
SierraPlata,1,2085,-5.788333,36.107778,101.3971728,20.84184098
SierraPlata,1,2086,-5.788333,36.107778,51.03694329,18.21304794
SierraPlata,1,2087,-5.788333,36.107778,242.9984627,19.80655281
SierraPlata,1,2088,-5.788333,36.107778,74.71194701,16.99713804
SierraPlata,1,2089,-5.788333,36.107778,35.33380064,18.68706468
SierraPlata,1,2090,-5.788333,36.107778,41.72543792,20.56653206
SierraPlata,1,2091,-5.788333,36.107778,72.94084339,20.30023764
SierraPlata,1,2092,-5.788333,36.107778,98.77719865,20.15428191
SierraPlata,1,2093,-5.788333,36.107778,107.4260909,19.01276796
SierraPlata,1,2094,-5.788333,36.107778,35.1500512,20.66896973
SierraPlata,1,2095,-5.788333,36.107778,43.45917027,20.55323329
SierraPlata,1,2096,-5.788333,36.107778,27.21566292,20.7980768
SierraPlata,1,2097,-5.788333,36.107778,177.1061379,19.52828172
SierraPlata,1,2098,-5.788333,36.107778,33.36441191,20.53920111
SierraPlata,1,2099,-5.788333,36.107778,27.3734636,20.59645602
SierraPlata,1,2100,-5.788333,36.107778,7.507399759,20.72880288
SierraPlata,10,2015,-5.788333,36.107778,12.37612002,25.1928896
SierraPlata,10,2016,-5.788333,36.107778,44.18550649,24.0000382
SierraPlata,10,2017,-5.788333,36.107778,20.29658792,22.65851106
SierraPlata,10,2018,-5.788333,36.107778,2.52326461,23.90514034
SierraPlata,10,2019,-5.788333,36.107778,55.2358949,23.43195742
SierraPlata,10,2020,-5.788333,36.107778,7.814255928,23.07541071
SierraPlata,10,2021,-5.788333,36.107778,4.499712779,23.6679213
SierraPlata,10,2022,-5.788333,36.107778,7.951066088,25.34114203
SierraPlata,10,2023,-5.788333,36.107778,10.2431229,24.24216565
SierraPlata,10,2024,-5.788333,36.107778,13.82115624,23.62249835
SierraPlata,10,2025,-5.788333,36.107778,47.46089536,23.8080718
SierraPlata,10,2026,-5.788333,36.107778,42.20781446,23.32754202
SierraPlata,10,2027,-5.788333,36.107778,12.85358273,23.3981656
SierraPlata,10,2028,-5.788333,36.107778,1.974694176,24.55411928
SierraPlata,10,2029,-5.788333,36.107778,0.336841513,24.17013825
SierraPlata,10,2030,-5.788333,36.107778,39.17878879,24.62599605
SierraPlata,10,2031,-5.788333,36.107778,35.83542756,24.46546572
SierraPlata,10,2032,-5.788333,36.107778,70.60247728,22.48073534
SierraPlata,10,2033,-5.788333,36.107778,62.99923921,24.91834855
SierraPlata,10,2034,-5.788333,36.107778,11.86679885,24.04030663
SierraPlata,10,2035,-5.788333,36.107778,1.083217492,24.70913972
SierraPlata,10,2036,-5.788333,36.107778,11.37343897,24.86344939
SierraPlata,10,2037,-5.788333,36.107778,57.25294303,23.48787743
SierraPlata,10,2038,-5.788333,36.107778,14.93259738,22.73719522
SierraPlata,10,2039,-5.788333,36.107778,3.421313691,24.55812398
SierraPlata,10,2040,-5.788333,36.107778,40.60714725,24.25764692
SierraPlata,10,2041,-5.788333,36.107778,27.40345816,25.06004855
SierraPlata,10,2042,-5.788333,36.107778,10.34153787,24.36681125
SierraPlata,10,2043,-5.788333,36.107778,8.11206702,24.55763176
SierraPlata,10,2044,-5.788333,36.107778,12.10651808,23.57119141
SierraPlata,10,2045,-5.788333,36.107778,0.058167514,24.72931676
SierraPlata,10,2046,-5.788333,36.107778,1.25459274,24.28340966
SierraPlata,10,2047,-5.788333,36.107778,72.09281269,24.14774131
SierraPlata,10,2048,-5.788333,36.107778,2.016748451,25.32585174
SierraPlata,10,2049,-5.788333,36.107778,14.44872082,24.28545434
SierraPlata,10,2050,-5.788333,36.107778,16.11313572,23.53092199
SierraPlata,10,2051,-5.788333,36.107778,0.16364453,24.27827877
SierraPlata,10,2052,-5.788333,36.107778,0.395685886,24.42219081
SierraPlata,10,2053,-5.788333,36.107778,23.56609607,24.17645146
SierraPlata,10,2054,-5.788333,36.107778,4.55003555,24.57831972
SierraPlata,10,2055,-5.788333,36.107778,10.36791995,24.25239789
SierraPlata,10,2056,-5.788333,36.107778,11.93002333,24.84773284
SierraPlata,10,2057,-5.788333,36.107778,22.64660349,23.45423328
SierraPlata,10,2058,-5.788333,36.107778,109.3157935,24.82251548
SierraPlata,10,2059,-5.788333,36.107778,11.80605877,24.70088521
SierraPlata,10,2060,-5.788333,36.107778,16.73986383,25.6426557
SierraPlata,10,2061,-5.788333,36.107778,20.7500956,25.8094953
SierraPlata,10,2062,-5.788333,36.107778,28.28843095,23.43993333
SierraPlata,10,2063,-5.788333,36.107778,7.092656565,25.49303195
SierraPlata,10,2064,-5.788333,36.107778,16.83264739,23.75932243
SierraPlata,10,2065,-5.788333,36.107778,1.15512658,25.59409731
SierraPlata,10,2066,-5.788333,36.107778,2.75230292,24.6659731
SierraPlata,10,2067,-5.788333,36.107778,27.58762705,25.39232394
SierraPlata,10,2068,-5.788333,36.107778,7.172744911,24.89378091
SierraPlata,10,2069,-5.788333,36.107778,8.799946119,25.31501209
SierraPlata,10,2070,-5.788333,36.107778,3.850338857,23.94147989
SierraPlata,10,2071,-5.788333,36.107778,57.66236283,25.38073415
SierraPlata,10,2072,-5.788333,36.107778,5.801145099,26.02508821
SierraPlata,10,2073,-5.788333,36.107778,23.10348175,25.90302282
SierraPlata,10,2074,-5.788333,36.107778,3.897902674,26.64370511
SierraPlata,10,2075,-5.788333,36.107778,19.808965,27.18658428
SierraPlata,10,2076,-5.788333,36.107778,17.98021164,25.60825254
SierraPlata,10,2077,-5.788333,36.107778,14.18726561,26.1944903
SierraPlata,10,2078,-5.788333,36.107778,10.83816006,24.45440457
SierraPlata,10,2079,-5.788333,36.107778,0.458800902,26.27252178
SierraPlata,10,2080,-5.788333,36.107778,26.91380297,25.92195356
SierraPlata,10,2081,-5.788333,36.107778,16.07937167,25.56822923
SierraPlata,10,2082,-5.788333,36.107778,1.987487788,25.66063351
SierraPlata,10,2083,-5.788333,36.107778,0.607860799,26.93284636
SierraPlata,10,2084,-5.788333,36.107778,26.5002021,26.22663318
SierraPlata,10,2085,-5.788333,36.107778,36.2241157,27.27136506
SierraPlata,10,2086,-5.788333,36.107778,31.41913297,25.0542069
SierraPlata,10,2087,-5.788333,36.107778,16.4208227,26.78917551
SierraPlata,10,2088,-5.788333,36.107778,0.292950778,27.36145197
SierraPlata,10,2089,-5.788333,36.107778,66.93298606,25.40902001
SierraPlata,10,2090,-5.788333,36.107778,6.665967441,27.00878001
SierraPlata,10,2091,-5.788333,36.107778,38.94751268,25.05509388
SierraPlata,10,2092,-5.788333,36.107778,0.738709299,27.19584784
SierraPlata,10,2093,-5.788333,36.107778,24.16457137,26.51681007
SierraPlata,10,2094,-5.788333,36.107778,1.630588089,26.72842191
SierraPlata,10,2095,-5.788333,36.107778,0.220842174,26.93195545
SierraPlata,10,2096,-5.788333,36.107778,54.12420823,23.45871346
SierraPlata,10,2097,-5.788333,36.107778,16.99968212,27.53624189
SierraPlata,10,2098,-5.788333,36.107778,1.463791494,27.91275989
SierraPlata,10,2099,-5.788333,36.107778,0.316171897,26.74982457
SierraPlata,10,2100,-5.788333,36.107778,11.66136409,28.62821892
SierraPlata,11,2015,-5.788333,36.107778,182.4267585,19.24752096
SierraPlata,11,2016,-5.788333,36.107778,9.371200779,19.82614644
SierraPlata,11,2017,-5.788333,36.107778,89.33413917,19.15717367
SierraPlata,11,2018,-5.788333,36.107778,22.30921981,19.86667786
SierraPlata,11,2019,-5.788333,36.107778,40.9057158,19.81118266
SierraPlata,11,2020,-5.788333,36.107778,19.08607848,20.86202393
SierraPlata,11,2021,-5.788333,36.107778,32.67604575,20.22105713
SierraPlata,11,2022,-5.788333,36.107778,20.83425483,20.91120911
SierraPlata,11,2023,-5.788333,36.107778,14.80499818,21.16497294
SierraPlata,11,2024,-5.788333,36.107778,220.0242247,19.26984049
SierraPlata,11,2025,-5.788333,36.107778,46.31567076,17.54557292
SierraPlata,11,2026,-5.788333,36.107778,13.69275162,18.72352397
SierraPlata,11,2027,-5.788333,36.107778,132.1962225,19.58795166
SierraPlata,11,2028,-5.788333,36.107778,6.692370409,20.79804586
SierraPlata,11,2029,-5.788333,36.107778,91.06831086,17.83311157
SierraPlata,11,2030,-5.788333,36.107778,3.572666614,22.71667786
SierraPlata,11,2031,-5.788333,36.107778,16.63311207,21.23199361
SierraPlata,11,2032,-5.788333,36.107778,26.39827936,19.65681864
SierraPlata,11,2033,-5.788333,36.107778,29.78371099,19.23155111
SierraPlata,11,2034,-5.788333,36.107778,80.19300693,19.13440348
SierraPlata,11,2035,-5.788333,36.107778,34.10288377,21.2728658
SierraPlata,11,2036,-5.788333,36.107778,24.56398111,19.75728455
SierraPlata,11,2037,-5.788333,36.107778,29.6071171,19.4903422
SierraPlata,11,2038,-5.788333,36.107778,148.1884403,20.24668783
SierraPlata,11,2039,-5.788333,36.107778,21.65395576,20.74826762
SierraPlata,11,2040,-5.788333,36.107778,31.06868872,19.89126485
SierraPlata,11,2041,-5.788333,36.107778,37.34703539,19.17488607
SierraPlata,11,2042,-5.788333,36.107778,157.4309236,20.58994853
SierraPlata,11,2043,-5.788333,36.107778,130.9171432,21.02472839
SierraPlata,11,2044,-5.788333,36.107778,1.650858184,20.23444316
SierraPlata,11,2045,-5.788333,36.107778,13.38517691,21.96685994
SierraPlata,11,2046,-5.788333,36.107778,159.2809236,20.43553874
SierraPlata,11,2047,-5.788333,36.107778,45.8157826,19.95514323
SierraPlata,11,2048,-5.788333,36.107778,51.9603584,19.81430461
SierraPlata,11,2049,-5.788333,36.107778,6.780534604,20.00665588
SierraPlata,11,2050,-5.788333,36.107778,17.43454485,21.8307017
SierraPlata,11,2051,-5.788333,36.107778,67.4020418,21.51361491
SierraPlata,11,2052,-5.788333,36.107778,87.79191852,19.79025574
SierraPlata,11,2053,-5.788333,36.107778,43.0143962,20.48165588
SierraPlata,11,2054,-5.788333,36.107778,0.667327721,21.21924438
SierraPlata,11,2055,-5.788333,36.107778,36.01822344,20.05091858
SierraPlata,11,2056,-5.788333,36.107778,110.9831911,21.49181112
SierraPlata,11,2057,-5.788333,36.107778,27.90290481,20.86201274
SierraPlata,11,2058,-5.788333,36.107778,43.1288041,20.51632996
SierraPlata,11,2059,-5.788333,36.107778,1.671880602,22.48670858
SierraPlata,11,2060,-5.788333,36.107778,33.17874486,21.68725281
SierraPlata,11,2061,-5.788333,36.107778,2.913059162,21.50735067
SierraPlata,11,2062,-5.788333,36.107778,19.64062014,21.63124186
SierraPlata,11,2063,-5.788333,36.107778,52.99912353,20.91130676
SierraPlata,11,2064,-5.788333,36.107778,9.573291419,19.98453979
SierraPlata,11,2065,-5.788333,36.107778,39.53943526,20.78220317
SierraPlata,11,2066,-5.788333,36.107778,34.70776958,21.27582601
SierraPlata,11,2067,-5.788333,36.107778,45.32905431,21.40060832
SierraPlata,11,2068,-5.788333,36.107778,85.08118523,19.07708944
SierraPlata,11,2069,-5.788333,36.107778,24.86164657,22.07705078
SierraPlata,11,2070,-5.788333,36.107778,17.19775212,20.36112569
SierraPlata,11,2071,-5.788333,36.107778,7.149445096,20.86259664
SierraPlata,11,2072,-5.788333,36.107778,2.190445919,23.08274434
SierraPlata,11,2073,-5.788333,36.107778,35.6163643,21.00340169
SierraPlata,11,2074,-5.788333,36.107778,2.313077287,21.95812988
SierraPlata,11,2075,-5.788333,36.107778,50.87675487,23.26003418
SierraPlata,11,2076,-5.788333,36.107778,8.293493542,23.14577637
SierraPlata,11,2077,-5.788333,36.107778,32.77377316,22.0608429
SierraPlata,11,2078,-5.788333,36.107778,0.334884277,21.36850179
SierraPlata,11,2079,-5.788333,36.107778,4.82946637,23.31637472
SierraPlata,11,2080,-5.788333,36.107778,10.52002988,23.79721985
SierraPlata,11,2081,-5.788333,36.107778,5.816855273,23.00645549
SierraPlata,11,2082,-5.788333,36.107778,39.03505728,22.61429342
SierraPlata,11,2083,-5.788333,36.107778,41.86010611,21.51568909
SierraPlata,11,2084,-5.788333,36.107778,36.11933991,21.83999227
SierraPlata,11,2085,-5.788333,36.107778,25.39405044,22.40009257
SierraPlata,11,2086,-5.788333,36.107778,45.28861063,22.89809367
SierraPlata,11,2087,-5.788333,36.107778,5.852710678,22.43766073
SierraPlata,11,2088,-5.788333,36.107778,30.34574377,21.70735881
SierraPlata,11,2089,-5.788333,36.107778,36.14414359,21.14086812
SierraPlata,11,2090,-5.788333,36.107778,2.965639627,22.99570719
SierraPlata,11,2091,-5.788333,36.107778,1.530143422,22.03983561
SierraPlata,11,2092,-5.788333,36.107778,24.06705728,23.07287598
SierraPlata,11,2093,-5.788333,36.107778,8.27791349,23.47692057
SierraPlata,11,2094,-5.788333,36.107778,3.906200698,24.44195557
SierraPlata,11,2095,-5.788333,36.107778,0.886546031,23.48081868
SierraPlata,11,2096,-5.788333,36.107778,39.80478752,23.01995239
SierraPlata,11,2097,-5.788333,36.107778,7.531495869,24.38914286
SierraPlata,11,2098,-5.788333,36.107778,42.07209086,23.08532613
SierraPlata,11,2099,-5.788333,36.107778,4.631652742,23.15675456
SierraPlata,11,2100,-5.788333,36.107778,22.17224963,23.22208659
SierraPlata,12,2015,-5.788333,36.107778,99.31543004,17.61786755
SierraPlata,12,2016,-5.788333,36.107778,57.74650673,17.82651978
SierraPlata,12,2017,-5.788333,36.107778,97.35866821,18.12538866
SierraPlata,12,2018,-5.788333,36.107778,68.50222824,16.8918396
SierraPlata,12,2019,-5.788333,36.107778,14.66540693,16.34363561
SierraPlata,12,2020,-5.788333,36.107778,78.26989612,17.93115571
SierraPlata,12,2021,-5.788333,36.107778,82.86942202,17.50657979
SierraPlata,12,2022,-5.788333,36.107778,18.44426059,18.4545798
SierraPlata,12,2023,-5.788333,36.107778,238.5585497,17.47300848
SierraPlata,12,2024,-5.788333,36.107778,259.5075614,18.46495768
SierraPlata,12,2025,-5.788333,36.107778,50.05623588,16.86059846
SierraPlata,12,2026,-5.788333,36.107778,130.0152303,17.52622622
SierraPlata,12,2027,-5.788333,36.107778,238.0137492,17.11126591
SierraPlata,12,2028,-5.788333,36.107778,31.88209177,18.95953573
SierraPlata,12,2029,-5.788333,36.107778,146.6386158,17.88751989
SierraPlata,12,2030,-5.788333,36.107778,24.54513541,19.15727132
SierraPlata,12,2031,-5.788333,36.107778,51.86860245,17.94919886
SierraPlata,12,2032,-5.788333,36.107778,31.54739637,17.40864766
SierraPlata,12,2033,-5.788333,36.107778,29.96533126,18.91998862
SierraPlata,12,2034,-5.788333,36.107778,256.1917358,17.40300706
SierraPlata,12,2035,-5.788333,36.107778,59.83210935,18.54268405
SierraPlata,12,2036,-5.788333,36.107778,50.47364393,17.8517863
SierraPlata,12,2037,-5.788333,36.107778,1.870687623,17.90901706
SierraPlata,12,2038,-5.788333,36.107778,30.70371765,18.99552455
SierraPlata,12,2039,-5.788333,36.107778,138.0433807,20.15733268
SierraPlata,12,2040,-5.788333,36.107778,31.16902867,18.68703824
SierraPlata,12,2041,-5.788333,36.107778,35.93514071,17.94570805
SierraPlata,12,2042,-5.788333,36.107778,81.90089016,19.85806353
SierraPlata,12,2043,-5.788333,36.107778,205.1180326,18.98364337
SierraPlata,12,2044,-5.788333,36.107778,50.41115969,19.49297791
SierraPlata,12,2045,-5.788333,36.107778,50.04408006,18.47322407
SierraPlata,12,2046,-5.788333,36.107778,71.6894042,17.90215651
SierraPlata,12,2047,-5.788333,36.107778,82.67083017,20.68596999
SierraPlata,12,2048,-5.788333,36.107778,107.7964631,19.75441284
SierraPlata,12,2049,-5.788333,36.107778,38.81163333,18.63877111
SierraPlata,12,2050,-5.788333,36.107778,74.10175788,18.52730509
SierraPlata,12,2051,-5.788333,36.107778,75.35518179,18.40514133
SierraPlata,12,2052,-5.788333,36.107778,67.09565409,16.11522725
SierraPlata,12,2053,-5.788333,36.107778,137.9827752,18.4496645
SierraPlata,12,2054,-5.788333,36.107778,12.37967585,18.68437815
SierraPlata,12,2055,-5.788333,36.107778,118.1436646,16.92167693
SierraPlata,12,2056,-5.788333,36.107778,3.893583182,18.43902893
SierraPlata,12,2057,-5.788333,36.107778,319.6256451,18.87815394
SierraPlata,12,2058,-5.788333,36.107778,9.249486388,19.57988596
SierraPlata,12,2059,-5.788333,36.107778,186.1506713,18.29855327
SierraPlata,12,2060,-5.788333,36.107778,19.53865951,19.32960584
SierraPlata,12,2061,-5.788333,36.107778,4.967839026,18.99288921
SierraPlata,12,2062,-5.788333,36.107778,22.14817659,18.63716647
SierraPlata,12,2063,-5.788333,36.107778,18.77763902,19.19976196
SierraPlata,12,2064,-5.788333,36.107778,53.97049897,19.0659668
SierraPlata,12,2065,-5.788333,36.107778,21.92443859,20.09447927
SierraPlata,12,2066,-5.788333,36.107778,140.4134827,18.76784077
SierraPlata,12,2067,-5.788333,36.107778,75.0866945,19.25009234
SierraPlata,12,2068,-5.788333,36.107778,40.12730217,19.23935954
SierraPlata,12,2069,-5.788333,36.107778,74.16807258,19.42709429
SierraPlata,12,2070,-5.788333,36.107778,46.85769512,19.02002055
SierraPlata,12,2071,-5.788333,36.107778,95.23164472,18.0479823
SierraPlata,12,2072,-5.788333,36.107778,100.2049486,17.8001943
SierraPlata,12,2073,-5.788333,36.107778,20.24167046,18.80575148
SierraPlata,12,2074,-5.788333,36.107778,79.36807138,19.20689914
SierraPlata,12,2075,-5.788333,36.107778,47.0629694,18.68283849
SierraPlata,12,2076,-5.788333,36.107778,27.08837145,20.19711202
SierraPlata,12,2077,-5.788333,36.107778,167.5536036,20.69102212
SierraPlata,12,2078,-5.788333,36.107778,44.76938828,20.64342651
SierraPlata,12,2079,-5.788333,36.107778,71.73295939,21.39024186
SierraPlata,12,2080,-5.788333,36.107778,21.59766894,19.06188249
SierraPlata,12,2081,-5.788333,36.107778,84.37114214,22.14545446
SierraPlata,12,2082,-5.788333,36.107778,20.62966111,20.63068198
SierraPlata,12,2083,-5.788333,36.107778,30.52986511,20.84588111
SierraPlata,12,2084,-5.788333,36.107778,125.228623,20.85760193
SierraPlata,12,2085,-5.788333,36.107778,28.75638928,20.83147681
SierraPlata,12,2086,-5.788333,36.107778,161.8570363,19.25362943
SierraPlata,12,2087,-5.788333,36.107778,88.32117845,19.61002945
SierraPlata,12,2088,-5.788333,36.107778,76.30657124,20.47789103
SierraPlata,12,2089,-5.788333,36.107778,29.03051947,20.48896721
SierraPlata,12,2090,-5.788333,36.107778,11.38898314,21.95431112
SierraPlata,12,2091,-5.788333,36.107778,21.44762663,18.11217061
SierraPlata,12,2092,-5.788333,36.107778,142.4533013,21.03610433
SierraPlata,12,2093,-5.788333,36.107778,103.8107704,20.69987813
SierraPlata,12,2094,-5.788333,36.107778,38.1335423,20.7941991
SierraPlata,12,2095,-5.788333,36.107778,33.20415548,21.38904872
SierraPlata,12,2096,-5.788333,36.107778,72.77084543,21.40380046
SierraPlata,12,2097,-5.788333,36.107778,29.28923892,21.56037046
SierraPlata,12,2098,-5.788333,36.107778,3.471413989,21.31357186
SierraPlata,12,2099,-5.788333,36.107778,144.1190037,20.7165358
SierraPlata,12,2100,-5.788333,36.107778,9.582186988,20.46112976
SierraPlata,2,2015,-5.788333,36.107778,63.84424322,18.37862658
SierraPlata,2,2016,-5.788333,36.107778,10.46413852,17.39239207
SierraPlata,2,2017,-5.788333,36.107778,7.399380699,18.32642081
SierraPlata,2,2018,-5.788333,36.107778,3.229036964,17.3473635
SierraPlata,2,2019,-5.788333,36.107778,102.5907294,18.47630027
SierraPlata,2,2020,-5.788333,36.107778,129.6566728,19.02775963
SierraPlata,2,2021,-5.788333,36.107778,12.22188986,17.07035435
SierraPlata,2,2022,-5.788333,36.107778,16.68487175,16.7901038
SierraPlata,2,2023,-5.788333,36.107778,16.60168536,18.63750174
SierraPlata,2,2024,-5.788333,36.107778,25.26074205,17.60133646
SierraPlata,2,2025,-5.788333,36.107778,152.9556081,17.98776616
SierraPlata,2,2026,-5.788333,36.107778,10.90174959,17.82072056
SierraPlata,2,2027,-5.788333,36.107778,21.64862622,17.89978943
SierraPlata,2,2028,-5.788333,36.107778,40.48539133,17.29362561
SierraPlata,2,2029,-5.788333,36.107778,48.72548152,17.76304779
SierraPlata,2,2030,-5.788333,36.107778,63.7457378,16.76564178
SierraPlata,2,2031,-5.788333,36.107778,46.05016362,18.97739454
SierraPlata,2,2032,-5.788333,36.107778,19.94340294,19.55560219
SierraPlata,2,2033,-5.788333,36.107778,2.231866842,19.95511126
SierraPlata,2,2034,-5.788333,36.107778,8.55211508,19.95592433
SierraPlata,2,2035,-5.788333,36.107778,209.1915479,18.06773529
SierraPlata,2,2036,-5.788333,36.107778,95.96020834,19.12814457
SierraPlata,2,2037,-5.788333,36.107778,5.483608201,18.47547193
SierraPlata,2,2038,-5.788333,36.107778,122.7995586,15.58963274
SierraPlata,2,2039,-5.788333,36.107778,91.67113698,17.53382263
SierraPlata,2,2040,-5.788333,36.107778,14.75331078,18.01038566
SierraPlata,2,2041,-5.788333,36.107778,88.86683386,17.15075945
SierraPlata,2,2042,-5.788333,36.107778,43.562953,19.66448582
SierraPlata,2,2043,-5.788333,36.107778,118.2502336,17.6373873
SierraPlata,2,2044,-5.788333,36.107778,7.430568378,18.30984834
SierraPlata,2,2045,-5.788333,36.107778,36.70812048,16.24863913
SierraPlata,2,2046,-5.788333,36.107778,22.49935339,19.66775883
SierraPlata,2,2047,-5.788333,36.107778,26.42368788,18.00972355
SierraPlata,2,2048,-5.788333,36.107778,48.28184564,17.24038086
SierraPlata,2,2049,-5.788333,36.107778,128.0472203,16.73270024
SierraPlata,2,2050,-5.788333,36.107778,5.168183041,18.0029214
SierraPlata,2,2051,-5.788333,36.107778,6.111762216,19.01293008
SierraPlata,2,2052,-5.788333,36.107778,23.70077895,18.75190914
SierraPlata,2,2053,-5.788333,36.107778,1.280420798,18.31902357
SierraPlata,2,2054,-5.788333,36.107778,5.467968884,17.95039302
SierraPlata,2,2055,-5.788333,36.107778,32.40146558,18.17749612
SierraPlata,2,2056,-5.788333,36.107778,0.975037259,17.9308137
SierraPlata,2,2057,-5.788333,36.107778,36.40302221,18.13017317
SierraPlata,2,2058,-5.788333,36.107778,41.29590132,17.34875968
SierraPlata,2,2059,-5.788333,36.107778,23.50421699,19.90556815
SierraPlata,2,2060,-5.788333,36.107778,54.62046737,17.83995972
SierraPlata,2,2061,-5.788333,36.107778,24.3080138,19.49833396
SierraPlata,2,2062,-5.788333,36.107778,5.449706232,17.87075849
SierraPlata,2,2063,-5.788333,36.107778,17.37075728,18.69330314
SierraPlata,2,2064,-5.788333,36.107778,74.96599772,18.77699459
SierraPlata,2,2065,-5.788333,36.107778,3.000299901,18.71734772
SierraPlata,2,2066,-5.788333,36.107778,30.38708616,19.33625837
SierraPlata,2,2067,-5.788333,36.107778,1.442317387,19.33624529
SierraPlata,2,2068,-5.788333,36.107778,0.812167861,20.39811149
SierraPlata,2,2069,-5.788333,36.107778,51.80851816,17.5951379
SierraPlata,2,2070,-5.788333,36.107778,362.106525,18.86268332
SierraPlata,2,2071,-5.788333,36.107778,10.22657363,18.33682295
SierraPlata,2,2072,-5.788333,36.107778,9.420084327,20.58119591
SierraPlata,2,2073,-5.788333,36.107778,102.0538918,19.86106589
SierraPlata,2,2074,-5.788333,36.107778,91.26781006,18.21816079
SierraPlata,2,2075,-5.788333,36.107778,5.941491045,18.28983132
SierraPlata,2,2076,-5.788333,36.107778,20.44906923,18.98912332
SierraPlata,2,2077,-5.788333,36.107778,3.055023841,20.67952554
SierraPlata,2,2078,-5.788333,36.107778,70.67244974,18.66338283
SierraPlata,2,2079,-5.788333,36.107778,3.667198947,20.19682356
SierraPlata,2,2080,-5.788333,36.107778,172.2014147,20.44130438
SierraPlata,2,2081,-5.788333,36.107778,28.48177388,19.68199746
SierraPlata,2,2082,-5.788333,36.107778,16.74508914,20.85312042
SierraPlata,2,2083,-5.788333,36.107778,149.7711502,19.4527189
SierraPlata,2,2084,-5.788333,36.107778,16.26723457,19.71650559
SierraPlata,2,2085,-5.788333,36.107778,10.96460572,18.29768088
SierraPlata,2,2086,-5.788333,36.107778,82.03924436,18.63764452
SierraPlata,2,2087,-5.788333,36.107778,217.2631732,18.59025508
SierraPlata,2,2088,-5.788333,36.107778,51.53810554,20.89819041
SierraPlata,2,2089,-5.788333,36.107778,9.840562775,20.92608577
SierraPlata,2,2090,-5.788333,36.107778,478.9314787,19.6377012
SierraPlata,2,2091,-5.788333,36.107778,2.810381968,19.76884504
SierraPlata,2,2092,-5.788333,36.107778,29.96429761,18.91759644
SierraPlata,2,2093,-5.788333,36.107778,9.714728257,20.14156494
SierraPlata,2,2094,-5.788333,36.107778,63.91886804,21.93419473
SierraPlata,2,2095,-5.788333,36.107778,45.95298105,18.35296456
SierraPlata,2,2096,-5.788333,36.107778,80.0746709,19.91884345
SierraPlata,2,2097,-5.788333,36.107778,105.4746254,20.95683223
SierraPlata,2,2098,-5.788333,36.107778,24.67465398,19.39481942
SierraPlata,2,2099,-5.788333,36.107778,38.09362359,19.9825967
SierraPlata,2,2100,-5.788333,36.107778,52.17524093,21.32203282
SierraPlata,3,2015,-5.788333,36.107778,58.27834321,18.23577172
SierraPlata,3,2016,-5.788333,36.107778,25.55470856,20.06851669
SierraPlata,3,2017,-5.788333,36.107778,40.23141098,18.55196829
SierraPlata,3,2018,-5.788333,36.107778,7.929612883,19.28521906
SierraPlata,3,2019,-5.788333,36.107778,28.59202199,19.28935665
SierraPlata,3,2020,-5.788333,36.107778,35.91192121,18.20180172
SierraPlata,3,2021,-5.788333,36.107778,27.03039757,18.96175439
SierraPlata,3,2022,-5.788333,36.107778,1.402204435,20.11697466
SierraPlata,3,2023,-5.788333,36.107778,38.37078784,20.18033703
SierraPlata,3,2024,-5.788333,36.107778,16.45163134,17.76375142
SierraPlata,3,2025,-5.788333,36.107778,125.7179099,18.19104181
SierraPlata,3,2026,-5.788333,36.107778,10.95777051,18.12756328
SierraPlata,3,2027,-5.788333,36.107778,34.84077533,17.87222467
SierraPlata,3,2028,-5.788333,36.107778,17.12960836,19.73730843
SierraPlata,3,2029,-5.788333,36.107778,10.42480498,18.37048123
SierraPlata,3,2030,-5.788333,36.107778,51.06843764,17.69688642
SierraPlata,3,2031,-5.788333,36.107778,15.7725844,18.73363844
SierraPlata,3,2032,-5.788333,36.107778,12.0754002,19.08881285
SierraPlata,3,2033,-5.788333,36.107778,4.919686403,20.0696232
SierraPlata,3,2034,-5.788333,36.107778,0.258090077,21.49275631
SierraPlata,3,2035,-5.788333,36.107778,126.9287414,18.87181121
SierraPlata,3,2036,-5.788333,36.107778,16.131556,20.07861604
SierraPlata,3,2037,-5.788333,36.107778,18.18556211,19.61844345
SierraPlata,3,2038,-5.788333,36.107778,44.37956694,19.66996007
SierraPlata,3,2039,-5.788333,36.107778,2.492405906,21.44221231
SierraPlata,3,2040,-5.788333,36.107778,144.2922416,18.30449337
SierraPlata,3,2041,-5.788333,36.107778,74.76096718,16.92059996
SierraPlata,3,2042,-5.788333,36.107778,1.524780764,19.21958461
SierraPlata,3,2043,-5.788333,36.107778,22.25740531,20.71981792
SierraPlata,3,2044,-5.788333,36.107778,33.89925885,19.84240309
SierraPlata,3,2045,-5.788333,36.107778,2.525248024,20.64173623
SierraPlata,3,2046,-5.788333,36.107778,62.77471841,19.84318867
SierraPlata,3,2047,-5.788333,36.107778,22.85650907,19.04227846
SierraPlata,3,2048,-5.788333,36.107778,0.684394002,19.90857505
SierraPlata,3,2049,-5.788333,36.107778,49.95628754,19.59556215
SierraPlata,3,2050,-5.788333,36.107778,11.15712971,19.59145409
SierraPlata,3,2051,-5.788333,36.107778,16.69969148,19.56152521
SierraPlata,3,2052,-5.788333,36.107778,25.34830085,19.50403403
SierraPlata,3,2053,-5.788333,36.107778,33.48872471,18.30816138
SierraPlata,3,2054,-5.788333,36.107778,1.463713071,19.66233265
SierraPlata,3,2055,-5.788333,36.107778,46.29264454,18.5014105
SierraPlata,3,2056,-5.788333,36.107778,8.997301201,19.1173202
SierraPlata,3,2057,-5.788333,36.107778,31.68552095,18.45659101
SierraPlata,3,2058,-5.788333,36.107778,36.541532,21.24163306
SierraPlata,3,2059,-5.788333,36.107778,9.42360495,20.36655726
SierraPlata,3,2060,-5.788333,36.107778,29.27775478,19.13213501
SierraPlata,3,2061,-5.788333,36.107778,9.802029877,19.99370826
SierraPlata,3,2062,-5.788333,36.107778,76.69649523,18.94582027
SierraPlata,3,2063,-5.788333,36.107778,30.31256169,18.25094093
SierraPlata,3,2064,-5.788333,36.107778,53.26086476,19.73996247
SierraPlata,3,2065,-5.788333,36.107778,5.991407001,21.82815237
SierraPlata,3,2066,-5.788333,36.107778,12.48758782,20.48474495
SierraPlata,3,2067,-5.788333,36.107778,64.61484846,18.38317162
SierraPlata,3,2068,-5.788333,36.107778,27.72817189,19.86937866
SierraPlata,3,2069,-5.788333,36.107778,4.25852739,20.17139243
SierraPlata,3,2070,-5.788333,36.107778,18.14781176,19.86045572
SierraPlata,3,2071,-5.788333,36.107778,7.782336916,20.81401584
SierraPlata,3,2072,-5.788333,36.107778,44.96991382,20.11681026
SierraPlata,3,2073,-5.788333,36.107778,76.06195914,19.1102165
SierraPlata,3,2074,-5.788333,36.107778,39.24212524,19.98323482
SierraPlata,3,2075,-5.788333,36.107778,9.088173265,20.19081145
SierraPlata,3,2076,-5.788333,36.107778,5.636288953,20.66523378
SierraPlata,3,2077,-5.788333,36.107778,14.86452726,21.79000047
SierraPlata,3,2078,-5.788333,36.107778,47.11298969,19.3629178
SierraPlata,3,2079,-5.788333,36.107778,16.50816535,20.14130899
SierraPlata,3,2080,-5.788333,36.107778,109.266538,19.1002786
SierraPlata,3,2081,-5.788333,36.107778,5.832540114,20.78731591
SierraPlata,3,2082,-5.788333,36.107778,16.79290429,20.76076562
SierraPlata,3,2083,-5.788333,36.107778,8.795655507,20.2631834
SierraPlata,3,2084,-5.788333,36.107778,24.35257647,21.18726354
SierraPlata,3,2085,-5.788333,36.107778,22.0028086,20.55517854
SierraPlata,3,2086,-5.788333,36.107778,0.061704877,21.01911168
SierraPlata,3,2087,-5.788333,36.107778,70.64522086,20.78453586
SierraPlata,3,2088,-5.788333,36.107778,22.87912223,20.49452731
SierraPlata,3,2089,-5.788333,36.107778,3.74816037,22.4715397
SierraPlata,3,2090,-5.788333,36.107778,247.3192324,19.71932275
SierraPlata,3,2091,-5.788333,36.107778,24.8182433,20.37675604
SierraPlata,3,2092,-5.788333,36.107778,2.338442192,21.41066993
SierraPlata,3,2093,-5.788333,36.107778,68.35547465,19.76950743
SierraPlata,3,2094,-5.788333,36.107778,63.39617716,20.47060547
SierraPlata,3,2095,-5.788333,36.107778,4.512231736,21.88280443
SierraPlata,3,2096,-5.788333,36.107778,24.67257353,21.90571525
SierraPlata,3,2097,-5.788333,36.107778,82.25664968,20.64939713
SierraPlata,3,2098,-5.788333,36.107778,23.88138812,20.78463529
SierraPlata,3,2099,-5.788333,36.107778,6.369632734,22.27997692
SierraPlata,3,2100,-5.788333,36.107778,56.18919599,21.12749338
SierraPlata,4,2015,-5.788333,36.107778,2.063891386,21.52612406
SierraPlata,4,2016,-5.788333,36.107778,5.381173159,21.84739278
SierraPlata,4,2017,-5.788333,36.107778,17.05209798,20.50614929
SierraPlata,4,2018,-5.788333,36.107778,58.47525993,19.19857483
SierraPlata,4,2019,-5.788333,36.107778,73.97560526,18.90313822
SierraPlata,4,2020,-5.788333,36.107778,17.02119082,21.37716675
SierraPlata,4,2021,-5.788333,36.107778,3.216148992,21.1473409
SierraPlata,4,2022,-5.788333,36.107778,9.460738819,21.79453735
SierraPlata,4,2023,-5.788333,36.107778,15.38434551,20.61637675
SierraPlata,4,2024,-5.788333,36.107778,30.94386117,19.42938843
SierraPlata,4,2025,-5.788333,36.107778,36.22122124,20.19723511
SierraPlata,4,2026,-5.788333,36.107778,13.75250856,19.16082967
SierraPlata,4,2027,-5.788333,36.107778,91.15741339,19.45635681
SierraPlata,4,2028,-5.788333,36.107778,31.34644844,19.20159302
SierraPlata,4,2029,-5.788333,36.107778,13.17937803,19.2050293
SierraPlata,4,2030,-5.788333,36.107778,26.86163147,18.76974589
SierraPlata,4,2031,-5.788333,36.107778,4.373316219,20.38841146
SierraPlata,4,2032,-5.788333,36.107778,1.024430664,22.44227193
SierraPlata,4,2033,-5.788333,36.107778,19.16925308,20.51295471
SierraPlata,4,2034,-5.788333,36.107778,1.494771374,21.94090576
SierraPlata,4,2035,-5.788333,36.107778,5.838673824,19.75534465
SierraPlata,4,2036,-5.788333,36.107778,32.47078187,20.9474762
SierraPlata,4,2037,-5.788333,36.107778,12.14846348,21.44143372
SierraPlata,4,2038,-5.788333,36.107778,28.33516175,19.26404012
SierraPlata,4,2039,-5.788333,36.107778,117.282562,19.99549459
SierraPlata,4,2040,-5.788333,36.107778,64.39729406,19.48872681
SierraPlata,4,2041,-5.788333,36.107778,12.63522072,19.99855754
SierraPlata,4,2042,-5.788333,36.107778,31.89970842,20.61420695
SierraPlata,4,2043,-5.788333,36.107778,13.28408486,20.6173645
SierraPlata,4,2044,-5.788333,36.107778,40.14329962,19.96579183
SierraPlata,4,2045,-5.788333,36.107778,76.4492374,21.15296122
SierraPlata,4,2046,-5.788333,36.107778,2.945458367,21.86996257
SierraPlata,4,2047,-5.788333,36.107778,50.59471853,20.83570251
SierraPlata,4,2048,-5.788333,36.107778,7.987293119,22.1192688
SierraPlata,4,2049,-5.788333,36.107778,20.0130828,19.61318766
SierraPlata,4,2050,-5.788333,36.107778,33.08975402,19.06823425
SierraPlata,4,2051,-5.788333,36.107778,0.46396376,21.64955343
SierraPlata,4,2052,-5.788333,36.107778,24.06826363,20.72365621
SierraPlata,4,2053,-5.788333,36.107778,29.2351007,21.16175232
SierraPlata,4,2054,-5.788333,36.107778,53.99335702,20.84045512
SierraPlata,4,2055,-5.788333,36.107778,26.99791603,20.50307922
SierraPlata,4,2056,-5.788333,36.107778,15.7082651,21.07069499
SierraPlata,4,2057,-5.788333,36.107778,48.33077517,19.8611735
SierraPlata,4,2058,-5.788333,36.107778,10.25781881,20.64600321
SierraPlata,4,2059,-5.788333,36.107778,8.549959806,22.60840658
SierraPlata,4,2060,-5.788333,36.107778,15.4338362,21.24879659
SierraPlata,4,2061,-5.788333,36.107778,9.153620267,21.31215719
SierraPlata,4,2062,-5.788333,36.107778,24.95910708,22.03458761
SierraPlata,4,2063,-5.788333,36.107778,4.087350128,21.60796305
SierraPlata,4,2064,-5.788333,36.107778,18.8201146,21.8455363
SierraPlata,4,2065,-5.788333,36.107778,87.36670757,20.43166097
SierraPlata,4,2066,-5.788333,36.107778,14.70220322,20.77325948
SierraPlata,4,2067,-5.788333,36.107778,61.72179456,20.70668335
SierraPlata,4,2068,-5.788333,36.107778,4.76303902,21.76094564
SierraPlata,4,2069,-5.788333,36.107778,18.58850503,20.78597616
SierraPlata,4,2070,-5.788333,36.107778,21.25622058,21.50587769
SierraPlata,4,2071,-5.788333,36.107778,27.27136447,22.93599752
SierraPlata,4,2072,-5.788333,36.107778,26.6221179,23.16045125
SierraPlata,4,2073,-5.788333,36.107778,20.80029739,21.74215495
SierraPlata,4,2074,-5.788333,36.107778,19.97099084,22.3681783
SierraPlata,4,2075,-5.788333,36.107778,5.316537075,23.1083018
SierraPlata,4,2076,-5.788333,36.107778,8.555672976,21.27585653
SierraPlata,4,2077,-5.788333,36.107778,7.232837131,22.64652507
SierraPlata,4,2078,-5.788333,36.107778,86.14291759,22.14820658
SierraPlata,4,2079,-5.788333,36.107778,11.69536527,22.80415649
SierraPlata,4,2080,-5.788333,36.107778,30.27648128,21.34779867
SierraPlata,4,2081,-5.788333,36.107778,5.538476279,23.76657104
SierraPlata,4,2082,-5.788333,36.107778,4.817902326,22.77761332
SierraPlata,4,2083,-5.788333,36.107778,0.352711783,23.3364919
SierraPlata,4,2084,-5.788333,36.107778,3.712340419,22.009021
SierraPlata,4,2085,-5.788333,36.107778,6.378373062,23.66044108
SierraPlata,4,2086,-5.788333,36.107778,2.387653762,21.90799154
SierraPlata,4,2087,-5.788333,36.107778,4.85039286,23.28794352
SierraPlata,4,2088,-5.788333,36.107778,35.11480742,22.53774211
SierraPlata,4,2089,-5.788333,36.107778,14.43454338,23.96877848
SierraPlata,4,2090,-5.788333,36.107778,30.30846585,22.15389608
SierraPlata,4,2091,-5.788333,36.107778,3.101096775,20.62283427
SierraPlata,4,2092,-5.788333,36.107778,3.298386037,23.74327901
SierraPlata,4,2093,-5.788333,36.107778,36.62719896,20.72652791
SierraPlata,4,2094,-5.788333,36.107778,14.2677665,23.35695089
SierraPlata,4,2095,-5.788333,36.107778,21.85789416,20.82110291
SierraPlata,4,2096,-5.788333,36.107778,3.61498242,24.71195272
SierraPlata,4,2097,-5.788333,36.107778,17.50377105,23.38000895
SierraPlata,4,2098,-5.788333,36.107778,0.529362969,23.2559021
SierraPlata,4,2099,-5.788333,36.107778,12.59202457,23.35852763
SierraPlata,4,2100,-5.788333,36.107778,4.918049497,24.60730082
SierraPlata,5,2015,-5.788333,36.107778,12.43049226,22.07564402
SierraPlata,5,2016,-5.788333,36.107778,9.035403144,23.35180644
SierraPlata,5,2017,-5.788333,36.107778,2.55819272,22.50987175
SierraPlata,5,2018,-5.788333,36.107778,35.04389019,21.40649197
SierraPlata,5,2019,-5.788333,36.107778,36.32176126,20.06768484
SierraPlata,5,2020,-5.788333,36.107778,1.838805425,23.7066865
SierraPlata,5,2021,-5.788333,36.107778,38.2054064,21.42429061
SierraPlata,5,2022,-5.788333,36.107778,67.23153359,22.21006411
SierraPlata,5,2023,-5.788333,36.107778,0.900476318,22.99002548
SierraPlata,5,2024,-5.788333,36.107778,2.443617989,23.03904557
SierraPlata,5,2025,-5.788333,36.107778,41.63832271,23.04689252
SierraPlata,5,2026,-5.788333,36.107778,21.67542119,20.38159948
SierraPlata,5,2027,-5.788333,36.107778,18.40817179,21.26883309
SierraPlata,5,2028,-5.788333,36.107778,12.32518494,21.01442871
SierraPlata,5,2029,-5.788333,36.107778,3.882197966,21.7376579
SierraPlata,5,2030,-5.788333,36.107778,18.76061369,20.51242243
SierraPlata,5,2031,-5.788333,36.107778,13.09599029,22.38941887
SierraPlata,5,2032,-5.788333,36.107778,20.04398826,22.91811917
SierraPlata,5,2033,-5.788333,36.107778,10.53876291,21.36863541
SierraPlata,5,2034,-5.788333,36.107778,2.807995388,22.84965545
SierraPlata,5,2035,-5.788333,36.107778,18.19691967,21.95824093
SierraPlata,5,2036,-5.788333,36.107778,58.02920606,22.66673407
SierraPlata,5,2037,-5.788333,36.107778,28.5554898,20.83995775
SierraPlata,5,2038,-5.788333,36.107778,1.078878928,22.69354721
SierraPlata,5,2039,-5.788333,36.107778,29.45958312,21.57029261
SierraPlata,5,2040,-5.788333,36.107778,52.49707058,21.5878097
SierraPlata,5,2041,-5.788333,36.107778,11.49610074,22.16904454
SierraPlata,5,2042,-5.788333,36.107778,3.608827803,24.48550002
SierraPlata,5,2043,-5.788333,36.107778,15.73246022,21.8095583
SierraPlata,5,2044,-5.788333,36.107778,19.15422359,21.9793965
SierraPlata,5,2045,-5.788333,36.107778,6.022364325,22.17797438
SierraPlata,5,2046,-5.788333,36.107778,39.85608948,21.89596636
SierraPlata,5,2047,-5.788333,36.107778,51.5442496,23.63368845
SierraPlata,5,2048,-5.788333,36.107778,2.576071599,22.68082433
SierraPlata,5,2049,-5.788333,36.107778,67.39168996,22.1835207
SierraPlata,5,2050,-5.788333,36.107778,5.409732508,22.10728583
SierraPlata,5,2051,-5.788333,36.107778,39.3294098,22.19393114
SierraPlata,5,2052,-5.788333,36.107778,1.898208552,24.26730918
SierraPlata,5,2053,-5.788333,36.107778,12.24411172,22.36216076
SierraPlata,5,2054,-5.788333,36.107778,31.96803087,21.17584701
SierraPlata,5,2055,-5.788333,36.107778,4.251042696,21.9791878
SierraPlata,5,2056,-5.788333,36.107778,5.721563159,22.47577377
SierraPlata,5,2057,-5.788333,36.107778,9.675585428,22.5305223
SierraPlata,5,2058,-5.788333,36.107778,33.18409084,21.53559314
SierraPlata,5,2059,-5.788333,36.107778,23.88559813,23.51355847
SierraPlata,5,2060,-5.788333,36.107778,2.330868846,24.39907916
SierraPlata,5,2061,-5.788333,36.107778,2.902234133,22.22136644
SierraPlata,5,2062,-5.788333,36.107778,9.279097128,22.78161995
SierraPlata,5,2063,-5.788333,36.107778,34.78481673,20.80941851
SierraPlata,5,2064,-5.788333,36.107778,1.27290544,24.28396882
SierraPlata,5,2065,-5.788333,36.107778,1.589706651,25.36607489
SierraPlata,5,2066,-5.788333,36.107778,6.73334249,23.55709327
SierraPlata,5,2067,-5.788333,36.107778,18.26908445,23.06100936
SierraPlata,5,2068,-5.788333,36.107778,9.333690725,23.32971664
SierraPlata,5,2069,-5.788333,36.107778,22.60285531,23.65163968
SierraPlata,5,2070,-5.788333,36.107778,55.83671914,24.16961946
SierraPlata,5,2071,-5.788333,36.107778,8.712012238,24.1927439
SierraPlata,5,2072,-5.788333,36.107778,2.40277654,25.42226464
SierraPlata,5,2073,-5.788333,36.107778,4.606996831,22.66526726
SierraPlata,5,2074,-5.788333,36.107778,6.316441966,23.62440619
SierraPlata,5,2075,-5.788333,36.107778,9.450040896,24.47388168
SierraPlata,5,2076,-5.788333,36.107778,24.60351388,23.99765093
SierraPlata,5,2077,-5.788333,36.107778,9.630365183,25.04828452
SierraPlata,5,2078,-5.788333,36.107778,17.19277332,22.44534381
SierraPlata,5,2079,-5.788333,36.107778,0.332077402,24.3827178
SierraPlata,5,2080,-5.788333,36.107778,5.570136534,23.34749854
SierraPlata,5,2081,-5.788333,36.107778,14.79159969,24.36407549
SierraPlata,5,2082,-5.788333,36.107778,19.95708432,23.90486175
SierraPlata,5,2083,-5.788333,36.107778,23.61783909,21.31593549
SierraPlata,5,2084,-5.788333,36.107778,16.33081595,25.00880068
SierraPlata,5,2085,-5.788333,36.107778,7.195522994,25.61157305
SierraPlata,5,2086,-5.788333,36.107778,0.644087853,25.47006895
SierraPlata,5,2087,-5.788333,36.107778,1.460505553,25.4074459
SierraPlata,5,2088,-5.788333,36.107778,38.07114049,26.63442875
SierraPlata,5,2089,-5.788333,36.107778,8.348697372,25.14094671
SierraPlata,5,2090,-5.788333,36.107778,51.05417594,22.45653391
SierraPlata,5,2091,-5.788333,36.107778,21.00280763,21.80565107
SierraPlata,5,2092,-5.788333,36.107778,10.28874444,27.38820604
SierraPlata,5,2093,-5.788333,36.107778,6.522554288,25.08996562
SierraPlata,5,2094,-5.788333,36.107778,3.646315634,24.57565091
SierraPlata,5,2095,-5.788333,36.107778,13.44872036,24.59612033
SierraPlata,5,2096,-5.788333,36.107778,0.000875907,26.01535014
SierraPlata,5,2097,-5.788333,36.107778,19.25688164,25.37140562
SierraPlata,5,2098,-5.788333,36.107778,13.37036567,23.36684964
SierraPlata,5,2099,-5.788333,36.107778,19.44438589,24.11412373
SierraPlata,5,2100,-5.788333,36.107778,8.763103651,26.35957366
SierraPlata,6,2015,-5.788333,36.107778,18.99113009,23.55023702
SierraPlata,6,2016,-5.788333,36.107778,0.599169043,25.7741862
SierraPlata,6,2017,-5.788333,36.107778,11.27190299,25.87058919
SierraPlata,6,2018,-5.788333,36.107778,0.14729571,24.9455485
SierraPlata,6,2019,-5.788333,36.107778,3.182466916,25.22499898
SierraPlata,6,2020,-5.788333,36.107778,6.657459055,26.31199443
SierraPlata,6,2021,-5.788333,36.107778,5.003585603,24.75618286
SierraPlata,6,2022,-5.788333,36.107778,18.9198939,24.5236318
SierraPlata,6,2023,-5.788333,36.107778,7.91517550849578e-08,25.75038147
SierraPlata,6,2024,-5.788333,36.107778,24.15176437,24.93854268
SierraPlata,6,2025,-5.788333,36.107778,5.992315624,24.36237488
SierraPlata,6,2026,-5.788333,36.107778,10.93913361,21.84538574
SierraPlata,6,2027,-5.788333,36.107778,9.424771257,25.023644
SierraPlata,6,2028,-5.788333,36.107778,0.382576154,25.74589844
SierraPlata,6,2029,-5.788333,36.107778,0.134743805,25.20576681
SierraPlata,6,2030,-5.788333,36.107778,4.889845535,25.45631409
SierraPlata,6,2031,-5.788333,36.107778,27.27514511,24.55951945
SierraPlata,6,2032,-5.788333,36.107778,0.333723304,25.76456502
SierraPlata,6,2033,-5.788333,36.107778,0.731472483,25.18232931
SierraPlata,6,2034,-5.788333,36.107778,0.019785929,25.39123535
SierraPlata,6,2035,-5.788333,36.107778,45.87018423,23.435554
SierraPlata,6,2036,-5.788333,36.107778,0.742171531,26.03307495
SierraPlata,6,2037,-5.788333,36.107778,7.992561959,23.89029338
SierraPlata,6,2038,-5.788333,36.107778,0.803243262,26.64913534
SierraPlata,6,2039,-5.788333,36.107778,4.561313293,24.00778503
SierraPlata,6,2040,-5.788333,36.107778,5.572236446,24.03648783
SierraPlata,6,2041,-5.788333,36.107778,8.728382989,26.52752482
SierraPlata,6,2042,-5.788333,36.107778,0.677514845,28.48480225
SierraPlata,6,2043,-5.788333,36.107778,36.0488908,24.78121338
SierraPlata,6,2044,-5.788333,36.107778,0.190834769,26.84096171
SierraPlata,6,2045,-5.788333,36.107778,26.61993706,26.59720052
SierraPlata,6,2046,-5.788333,36.107778,1.619039855,24.17323201
SierraPlata,6,2047,-5.788333,36.107778,10.28824658,25.43584493
SierraPlata,6,2048,-5.788333,36.107778,1.901146838,25.47526143
SierraPlata,6,2049,-5.788333,36.107778,0.710295472,28.77330221
SierraPlata,6,2050,-5.788333,36.107778,0.042278388,26.94127401
SierraPlata,6,2051,-5.788333,36.107778,0.969411424,23.72730408
SierraPlata,6,2052,-5.788333,36.107778,0.306442899,27.63270874
SierraPlata,6,2053,-5.788333,36.107778,2.76777904,24.13700765
SierraPlata,6,2054,-5.788333,36.107778,3.88771857,25.25368551
SierraPlata,6,2055,-5.788333,36.107778,0.423473892,26.60661621
SierraPlata,6,2056,-5.788333,36.107778,0.445561767,27.00162455
SierraPlata,6,2057,-5.788333,36.107778,2.69770758,25.75844218
SierraPlata,6,2058,-5.788333,36.107778,20.36817049,25.43350118
SierraPlata,6,2059,-5.788333,36.107778,0.239132348,28.21681925
SierraPlata,6,2060,-5.788333,36.107778,0.223942755,28.05934143
SierraPlata,6,2061,-5.788333,36.107778,0.394166571,23.50621745
SierraPlata,6,2062,-5.788333,36.107778,1.160964918,28.06649679
SierraPlata,6,2063,-5.788333,36.107778,0.005732964,27.35583801
SierraPlata,6,2064,-5.788333,36.107778,3.33816171,24.00118205
SierraPlata,6,2065,-5.788333,36.107778,7.396313064,26.72464498
SierraPlata,6,2066,-5.788333,36.107778,0.193812972,28.03324382
SierraPlata,6,2067,-5.788333,36.107778,5.842242135,25.69350281
SierraPlata,6,2068,-5.788333,36.107778,0.479842484,28.35577698
SierraPlata,6,2069,-5.788333,36.107778,1.488001896,26.36589559
SierraPlata,6,2070,-5.788333,36.107778,22.61245432,25.33925374
SierraPlata,6,2071,-5.788333,36.107778,0.284255942,27.2978536
SierraPlata,6,2072,-5.788333,36.107778,11.19806138,26.86077677
SierraPlata,6,2073,-5.788333,36.107778,3.817119601,26.75053609
SierraPlata,6,2074,-5.788333,36.107778,0.845301777,28.22586365
SierraPlata,6,2075,-5.788333,36.107778,1.647551279,27.6122406
SierraPlata,6,2076,-5.788333,36.107778,3.478019554,27.48888957
SierraPlata,6,2077,-5.788333,36.107778,3.181905286,26.18877055
SierraPlata,6,2078,-5.788333,36.107778,2.13428662,27.06980387
SierraPlata,6,2079,-5.788333,36.107778,42.90095053,27.34775187
SierraPlata,6,2080,-5.788333,36.107778,4.763727408,24.28642069
SierraPlata,6,2081,-5.788333,36.107778,21.84615681,28.60118408
SierraPlata,6,2082,-5.788333,36.107778,3.34613801,28.81008403
SierraPlata,6,2083,-5.788333,36.107778,0.523415589,28.5852651
SierraPlata,6,2084,-5.788333,36.107778,26.77668661,29.48278605
SierraPlata,6,2085,-5.788333,36.107778,2.197099166,27.42320251
SierraPlata,6,2086,-5.788333,36.107778,0.54413918,27.95897624
SierraPlata,6,2087,-5.788333,36.107778,18.09005902,26.24816081
SierraPlata,6,2088,-5.788333,36.107778,4.762793171,30.59145304
SierraPlata,6,2089,-5.788333,36.107778,1.824907176,28.11120402
SierraPlata,6,2090,-5.788333,36.107778,3.437001878,26.19003398
SierraPlata,6,2091,-5.788333,36.107778,0.119285338,27.11529744
SierraPlata,6,2092,-5.788333,36.107778,1.347042728,28.245165
SierraPlata,6,2093,-5.788333,36.107778,0.951730543,27.42531331
SierraPlata,6,2094,-5.788333,36.107778,3.777931033,27.51546631
SierraPlata,6,2095,-5.788333,36.107778,1.823956424,29.29344686
SierraPlata,6,2096,-5.788333,36.107778,23.98010724,27.92767843
SierraPlata,6,2097,-5.788333,36.107778,2.189757679,29.59017436
SierraPlata,6,2098,-5.788333,36.107778,2.64387719,27.48193156
SierraPlata,6,2099,-5.788333,36.107778,3.399618633,26.9915802
SierraPlata,6,2100,-5.788333,36.107778,0.915423669,26.17417908
SierraPlata,7,2015,-5.788333,36.107778,1.50377766452989e-06,28.96837867
SierraPlata,7,2016,-5.788333,36.107778,2.044675725,29.17422466
SierraPlata,7,2017,-5.788333,36.107778,0.177844276,29.43978075
SierraPlata,7,2018,-5.788333,36.107778,0.548973364,28.38661617
SierraPlata,7,2019,-5.788333,36.107778,0.119959435,29.14026647
SierraPlata,7,2020,-5.788333,36.107778,0.934840962,29.06211095
SierraPlata,7,2021,-5.788333,36.107778,2.00130404999461e-08,30.43272134
SierraPlata,7,2022,-5.788333,36.107778,1.518574025,28.54286125
SierraPlata,7,2023,-5.788333,36.107778,3.983911804,28.45606335
SierraPlata,7,2024,-5.788333,36.107778,1.558121431,28.18407002
SierraPlata,7,2025,-5.788333,36.107778,9.391009969,29.65452015
SierraPlata,7,2026,-5.788333,36.107778,1.365055211,27.92002603
SierraPlata,7,2027,-5.788333,36.107778,1.588406629,28.49708882
SierraPlata,7,2028,-5.788333,36.107778,0.004521671,29.88755434
SierraPlata,7,2029,-5.788333,36.107778,1.242893491,26.65092892
SierraPlata,7,2030,-5.788333,36.107778,3.493915822,28.23037109
SierraPlata,7,2031,-5.788333,36.107778,3.561011953,28.58409345
SierraPlata,7,2032,-5.788333,36.107778,0.385532718,30.34602582
SierraPlata,7,2033,-5.788333,36.107778,4.004512055,29.82932877
SierraPlata,7,2034,-5.788333,36.107778,1.976495495,29.4574711
SierraPlata,7,2035,-5.788333,36.107778,0.541968144,28.55487336
SierraPlata,7,2036,-5.788333,36.107778,0.878526815,30.61542417
SierraPlata,7,2037,-5.788333,36.107778,0.277243961,30.80385742
SierraPlata,7,2038,-5.788333,36.107778,2.855115074,29.84154072
SierraPlata,7,2039,-5.788333,36.107778,0.000782208,29.48401647
SierraPlata,7,2040,-5.788333,36.107778,4.67929004,25.78677545
SierraPlata,7,2041,-5.788333,36.107778,7.046805745,30.9090525
SierraPlata,7,2042,-5.788333,36.107778,3.882228138,29.24572931
SierraPlata,7,2043,-5.788333,36.107778,4.458987523,28.49223653
SierraPlata,7,2044,-5.788333,36.107778,1.44449431315506e-05,29.3670987
SierraPlata,7,2045,-5.788333,36.107778,0.979255116,28.16647024
SierraPlata,7,2046,-5.788333,36.107778,1.238273071,28.97281553
SierraPlata,7,2047,-5.788333,36.107778,4.850020852,28.54451707
SierraPlata,7,2048,-5.788333,36.107778,0.084842209,30.99219223
SierraPlata,7,2049,-5.788333,36.107778,0.801767131,30.02314985
SierraPlata,7,2050,-5.788333,36.107778,0.159227898,30.03752363
SierraPlata,7,2051,-5.788333,36.107778,12.23461649,26.5929465
SierraPlata,7,2052,-5.788333,36.107778,4.345394045,28.02866172
SierraPlata,7,2053,-5.788333,36.107778,0.152841846,29.24147162
SierraPlata,7,2054,-5.788333,36.107778,5.289757566,28.47438965
SierraPlata,7,2055,-5.788333,36.107778,5.524087411,30.82221325
SierraPlata,7,2056,-5.788333,36.107778,0.616745687,28.50788712
SierraPlata,7,2057,-5.788333,36.107778,5.359066484,30.0963753
SierraPlata,7,2058,-5.788333,36.107778,2.2848254,27.86363644
SierraPlata,7,2059,-5.788333,36.107778,5.777942957,29.4217488
SierraPlata,7,2060,-5.788333,36.107778,0.328722625,31.23183988
SierraPlata,7,2061,-5.788333,36.107778,2.271673572,29.7048456
SierraPlata,7,2062,-5.788333,36.107778,0.51092705,30.3198506
SierraPlata,7,2063,-5.788333,36.107778,0.441257527,30.21395165
SierraPlata,7,2064,-5.788333,36.107778,0.145290024,31.44588525
SierraPlata,7,2065,-5.788333,36.107778,1.437529366,28.53058137
SierraPlata,7,2066,-5.788333,36.107778,2.414849641,30.00059539
SierraPlata,7,2067,-5.788333,36.107778,0.003654385,30.22735478
SierraPlata,7,2068,-5.788333,36.107778,2.174301085,30.53432223
SierraPlata,7,2069,-5.788333,36.107778,5.824790342,30.0278722
SierraPlata,7,2070,-5.788333,36.107778,0.673654871,31.40928384
SierraPlata,7,2071,-5.788333,36.107778,2.267278409,31.43262388
SierraPlata,7,2072,-5.788333,36.107778,0.885496967,30.88126181
SierraPlata,7,2073,-5.788333,36.107778,0.352342733,28.99281537
SierraPlata,7,2074,-5.788333,36.107778,0.087037702,32.12856938
SierraPlata,7,2075,-5.788333,36.107778,1.505782067,32.82451487
SierraPlata,7,2076,-5.788333,36.107778,0.707116972,31.13170875
SierraPlata,7,2077,-5.788333,36.107778,0.09512904,30.82571982
SierraPlata,7,2078,-5.788333,36.107778,6.64669994,29.07699664
SierraPlata,7,2079,-5.788333,36.107778,5.965526408,31.15902789
SierraPlata,7,2080,-5.788333,36.107778,0.539911322,31.23878804
SierraPlata,7,2081,-5.788333,36.107778,2.774209448,28.9767523
SierraPlata,7,2082,-5.788333,36.107778,5.003615386,29.12217643
SierraPlata,7,2083,-5.788333,36.107778,9.043613335,29.6483487
SierraPlata,7,2084,-5.788333,36.107778,3.395555199,27.55892826
SierraPlata,7,2085,-5.788333,36.107778,2.291879859,31.6638536
SierraPlata,7,2086,-5.788333,36.107778,3.605298093,31.06945978
SierraPlata,7,2087,-5.788333,36.107778,0.278596881,33.67961347
SierraPlata,7,2088,-5.788333,36.107778,1.219429711,30.29281597
SierraPlata,7,2089,-5.788333,36.107778,2.26827118,32.35042036
SierraPlata,7,2090,-5.788333,36.107778,6.036541593,32.79195261
SierraPlata,7,2091,-5.788333,36.107778,10.04953868,28.91214954
SierraPlata,7,2092,-5.788333,36.107778,0.684637688,32.19317607
SierraPlata,7,2093,-5.788333,36.107778,0.86933424,31.76620759
SierraPlata,7,2094,-5.788333,36.107778,0.428830955,31.55415374
SierraPlata,7,2095,-5.788333,36.107778,0.000811271,32.62496535
SierraPlata,7,2096,-5.788333,36.107778,3.026338972,30.6147774
SierraPlata,7,2097,-5.788333,36.107778,0.165213904,33.62415417
SierraPlata,7,2098,-5.788333,36.107778,0.743954931,32.59369172
SierraPlata,7,2099,-5.788333,36.107778,7.580040771,30.87722168
SierraPlata,7,2100,-5.788333,36.107778,2.156365101,32.59007883
SierraPlata,8,2015,-5.788333,36.107778,0.849143359,30.22361194
SierraPlata,8,2016,-5.788333,36.107778,0.642580192,29.78553506
SierraPlata,8,2017,-5.788333,36.107778,2.711136647,29.27169386
SierraPlata,8,2018,-5.788333,36.107778,1.200227225,29.61860194
SierraPlata,8,2019,-5.788333,36.107778,0.905089543,28.95346148
SierraPlata,8,2020,-5.788333,36.107778,1.915356068,28.2645498
SierraPlata,8,2021,-5.788333,36.107778,1.742725404,29.77286731
SierraPlata,8,2022,-5.788333,36.107778,5.669790815,28.93768783
SierraPlata,8,2023,-5.788333,36.107778,0.00394682,29.06620031
SierraPlata,8,2024,-5.788333,36.107778,0.001057335,28.72994877
SierraPlata,8,2025,-5.788333,36.107778,7.943171567,29.21864644
SierraPlata,8,2026,-5.788333,36.107778,0.263051847,28.17122704
SierraPlata,8,2027,-5.788333,36.107778,3.709113411,28.25462765
SierraPlata,8,2028,-5.788333,36.107778,0.212071656,29.14637786
SierraPlata,8,2029,-5.788333,36.107778,0.04643081,29.06538421
SierraPlata,8,2030,-5.788333,36.107778,9.579233012,29.05763963
SierraPlata,8,2031,-5.788333,36.107778,8.42021998374139e-05,29.21037125
SierraPlata,8,2032,-5.788333,36.107778,1.994824176,31.01105307
SierraPlata,8,2033,-5.788333,36.107778,3.422269023,28.94107036
SierraPlata,8,2034,-5.788333,36.107778,11.75748789,29.03733363
SierraPlata,8,2035,-5.788333,36.107778,21.3961054,31.03439114
SierraPlata,8,2036,-5.788333,36.107778,3.33413869,30.65094171
SierraPlata,8,2037,-5.788333,36.107778,0.000159404,28.73656222
SierraPlata,8,2038,-5.788333,36.107778,0.828246091,29.61083374
SierraPlata,8,2039,-5.788333,36.107778,1.918775953,29.10891606
SierraPlata,8,2040,-5.788333,36.107778,1.337125271,29.10071569
SierraPlata,8,2041,-5.788333,36.107778,0.968687195,31.77259069
SierraPlata,8,2042,-5.788333,36.107778,2.264894879,29.8144293
SierraPlata,8,2043,-5.788333,36.107778,9.956147428,31.28412732
SierraPlata,8,2044,-5.788333,36.107778,0.00130192,29.93231772
SierraPlata,8,2045,-5.788333,36.107778,0.756047499,28.92905333
SierraPlata,8,2046,-5.788333,36.107778,1.813750515,29.05289267
SierraPlata,8,2047,-5.788333,36.107778,0.027514465,28.39015523
SierraPlata,8,2048,-5.788333,36.107778,0.198126952,30.87176199
SierraPlata,8,2049,-5.788333,36.107778,1.494831396,29.24369349
SierraPlata,8,2050,-5.788333,36.107778,2.09803904,29.59549226
SierraPlata,8,2051,-5.788333,36.107778,13.10647048,27.03245082
SierraPlata,8,2052,-5.788333,36.107778,0.014455887,29.58049041
SierraPlata,8,2053,-5.788333,36.107778,0.641590338,29.77581669
SierraPlata,8,2054,-5.788333,36.107778,3.139526162,29.97214119
SierraPlata,8,2055,-5.788333,36.107778,9.827922328,28.56889767
SierraPlata,8,2056,-5.788333,36.107778,1.822877263,30.61737435
SierraPlata,8,2057,-5.788333,36.107778,7.911342084,28.83415449
SierraPlata,8,2058,-5.788333,36.107778,10.86427207,28.27708465
SierraPlata,8,2059,-5.788333,36.107778,0.694298668,31.71034073
SierraPlata,8,2060,-5.788333,36.107778,0.091557126,31.80628603
SierraPlata,8,2061,-5.788333,36.107778,4.46235786003045e-06,31.61790496
SierraPlata,8,2062,-5.788333,36.107778,11.05857755,29.82543237
SierraPlata,8,2063,-5.788333,36.107778,2.509827336,28.35393972
SierraPlata,8,2064,-5.788333,36.107778,1.161843145,31.17499646
SierraPlata,8,2065,-5.788333,36.107778,1.105282651,30.66136593
SierraPlata,8,2066,-5.788333,36.107778,12.8623459,30.31664921
SierraPlata,8,2067,-5.788333,36.107778,0.078508998,30.83428345
SierraPlata,8,2068,-5.788333,36.107778,5.280938566,28.62525379
SierraPlata,8,2069,-5.788333,36.107778,0.003478368,30.91525446
SierraPlata,8,2070,-5.788333,36.107778,0.934173887,30.60727598
SierraPlata,8,2071,-5.788333,36.107778,1.969936582,30.47832248
SierraPlata,8,2072,-5.788333,36.107778,2.22884697,32.46905399
SierraPlata,8,2073,-5.788333,36.107778,6.4989477963491e-05,32.60546265
SierraPlata,8,2074,-5.788333,36.107778,4.28571376912572e-06,32.28246952
SierraPlata,8,2075,-5.788333,36.107778,7.046040007,32.05739254
SierraPlata,8,2076,-5.788333,36.107778,7.864154966,33.01522906
SierraPlata,8,2077,-5.788333,36.107778,1.543313085,30.77136112
SierraPlata,8,2078,-5.788333,36.107778,0.783833635,33.57239931
SierraPlata,8,2079,-5.788333,36.107778,2.219669758,31.30385447
SierraPlata,8,2080,-5.788333,36.107778,1.801878834,30.26375536
SierraPlata,8,2081,-5.788333,36.107778,6.646963817,30.44879918
SierraPlata,8,2082,-5.788333,36.107778,2.385647605,31.43377961
SierraPlata,8,2083,-5.788333,36.107778,4.542563799,30.43386723
SierraPlata,8,2084,-5.788333,36.107778,0.331727048,29.4531504
SierraPlata,8,2085,-5.788333,36.107778,2.737494747,32.37352708
SierraPlata,8,2086,-5.788333,36.107778,0.92799813,32.6662448
SierraPlata,8,2087,-5.788333,36.107778,0.232677084,32.52495038
SierraPlata,8,2088,-5.788333,36.107778,0.770219725,30.28732871
SierraPlata,8,2089,-5.788333,36.107778,0.101982214,33.80169166
SierraPlata,8,2090,-5.788333,36.107778,1.7128064,31.48794438
SierraPlata,8,2091,-5.788333,36.107778,1.906555939,31.64397977
SierraPlata,8,2092,-5.788333,36.107778,21.49132232,31.97278797
SierraPlata,8,2093,-5.788333,36.107778,4.604095018,32.65164165
SierraPlata,8,2094,-5.788333,36.107778,1.254010834,31.52585311
SierraPlata,8,2095,-5.788333,36.107778,4.099572953,33.39315481
SierraPlata,8,2096,-5.788333,36.107778,2.732075737,32.0266574
SierraPlata,8,2097,-5.788333,36.107778,2.353071647,33.18513715
SierraPlata,8,2098,-5.788333,36.107778,1.453655135,31.60993593
SierraPlata,8,2099,-5.788333,36.107778,0.191476595,32.51863817
SierraPlata,8,2100,-5.788333,36.107778,2.630866625,31.72393287
SierraPlata,9,2015,-5.788333,36.107778,24.50915859,28.57156982
SierraPlata,9,2016,-5.788333,36.107778,29.22111749,26.59377747
SierraPlata,9,2017,-5.788333,36.107778,24.77724472,26.30657857
SierraPlata,9,2018,-5.788333,36.107778,0.026589366,26.94984538
SierraPlata,9,2019,-5.788333,36.107778,17.82801805,25.26397909
SierraPlata,9,2020,-5.788333,36.107778,7.013818028,26.72547709
SierraPlata,9,2021,-5.788333,36.107778,1.306674307,26.44688517
SierraPlata,9,2022,-5.788333,36.107778,21.88091083,26.9959727
SierraPlata,9,2023,-5.788333,36.107778,8.537536497,27.55709839
SierraPlata,9,2024,-5.788333,36.107778,9.399256637,27.42982279
SierraPlata,9,2025,-5.788333,36.107778,7.566241388,26.55586243
SierraPlata,9,2026,-5.788333,36.107778,4.92064549,27.2962148
SierraPlata,9,2027,-5.788333,36.107778,8.920559945,29.1184021
SierraPlata,9,2028,-5.788333,36.107778,2.488058706,26.45292155
SierraPlata,9,2029,-5.788333,36.107778,6.973197814,28.32643738
SierraPlata,9,2030,-5.788333,36.107778,26.50341795,27.62182617
SierraPlata,9,2031,-5.788333,36.107778,7.320081904,26.49912618
SierraPlata,9,2032,-5.788333,36.107778,7.861562662,27.35492249
SierraPlata,9,2033,-5.788333,36.107778,1.553063025,27.63021545
SierraPlata,9,2034,-5.788333,36.107778,12.08666705,27.02035726
SierraPlata,9,2035,-5.788333,36.107778,0.632140169,26.82594401
SierraPlata,9,2036,-5.788333,36.107778,11.49107883,28.45326233
SierraPlata,9,2037,-5.788333,36.107778,10.82292632,27.57608948
SierraPlata,9,2038,-5.788333,36.107778,3.554472563,27.15273438
SierraPlata,9,2039,-5.788333,36.107778,0.04588755,28.44449259
SierraPlata,9,2040,-5.788333,36.107778,0.121457037,27.34805298
SierraPlata,9,2041,-5.788333,36.107778,4.114460114,28.67449137
SierraPlata,9,2042,-5.788333,36.107778,0.658846257,28.95988363
SierraPlata,9,2043,-5.788333,36.107778,0.327794133,27.35135091
SierraPlata,9,2044,-5.788333,36.107778,0.464483472,27.66448669
SierraPlata,9,2045,-5.788333,36.107778,0.020803925,28.62621663
SierraPlata,9,2046,-5.788333,36.107778,1.261283008,28.98129374
SierraPlata,9,2047,-5.788333,36.107778,1.224706432,27.55779317
SierraPlata,9,2048,-5.788333,36.107778,30.22957046,27.56044006
SierraPlata,9,2049,-5.788333,36.107778,6.641539418,29.00004883
SierraPlata,9,2050,-5.788333,36.107778,1.263765997,28.08132019
SierraPlata,9,2051,-5.788333,36.107778,1.473976535,26.95030416
SierraPlata,9,2052,-5.788333,36.107778,22.53924592,26.2769399
SierraPlata,9,2053,-5.788333,36.107778,6.0153397,28.54000651
SierraPlata,9,2054,-5.788333,36.107778,0.789818818,28.36925456
SierraPlata,9,2055,-5.788333,36.107778,3.366205055,28.02923482
SierraPlata,9,2056,-5.788333,36.107778,0.060061081,29.40348918
SierraPlata,9,2057,-5.788333,36.107778,3.803074834,28.66814982
SierraPlata,9,2058,-5.788333,36.107778,1.514322726,28.65764364
SierraPlata,9,2059,-5.788333,36.107778,0.468177887,29.25479126
SierraPlata,9,2060,-5.788333,36.107778,3.921313379,28.50254822
SierraPlata,9,2061,-5.788333,36.107778,0.903341764,28.7136851
SierraPlata,9,2062,-5.788333,36.107778,1.50054899,28.34292297
SierraPlata,9,2063,-5.788333,36.107778,18.26500175,28.56814473
SierraPlata,9,2064,-5.788333,36.107778,22.77314293,28.5242981
SierraPlata,9,2065,-5.788333,36.107778,16.27495057,28.32391357
SierraPlata,9,2066,-5.788333,36.107778,0.963469199,27.90540975
SierraPlata,9,2067,-5.788333,36.107778,0.284146237,29.09283142
SierraPlata,9,2068,-5.788333,36.107778,6.468264813,29.07060649
SierraPlata,9,2069,-5.788333,36.107778,0.258833358,29.58896179
SierraPlata,9,2070,-5.788333,36.107778,14.2510512,28.63681742
SierraPlata,9,2071,-5.788333,36.107778,7.622365556,31.17619019
SierraPlata,9,2072,-5.788333,36.107778,12.36848181,29.9059255
SierraPlata,9,2073,-5.788333,36.107778,2.51648897,30.20960083
SierraPlata,9,2074,-5.788333,36.107778,0.108202152,29.27158712
SierraPlata,9,2075,-5.788333,36.107778,0.519169293,30.62102865
SierraPlata,9,2076,-5.788333,36.107778,10.26566111,28.71099345
SierraPlata,9,2077,-5.788333,36.107778,4.755691113,29.78325297
SierraPlata,9,2078,-5.788333,36.107778,0.082604201,30.26497904
SierraPlata,9,2079,-5.788333,36.107778,1.94573279,30.96542765
SierraPlata,9,2080,-5.788333,36.107778,0.630769392,31.25986532
SierraPlata,9,2081,-5.788333,36.107778,1.876749921,29.46453857
SierraPlata,9,2082,-5.788333,36.107778,0.013662509,29.57674052
SierraPlata,9,2083,-5.788333,36.107778,1.095602322,28.29357605
SierraPlata,9,2084,-5.788333,36.107778,1.985829899,30.55337626
SierraPlata,9,2085,-5.788333,36.107778,10.53026425,31.09463094
SierraPlata,9,2086,-5.788333,36.107778,9.690228521,30.15946655
SierraPlata,9,2087,-5.788333,36.107778,29.21692035,30.36206156
SierraPlata,9,2088,-5.788333,36.107778,34.07904681,27.57948507
SierraPlata,9,2089,-5.788333,36.107778,11.78313792,31.52589315
SierraPlata,9,2090,-5.788333,36.107778,0.195149626,30.29550273
SierraPlata,9,2091,-5.788333,36.107778,1.844610936,29.10214335
SierraPlata,9,2092,-5.788333,36.107778,6.593448655,29.3230011
SierraPlata,9,2093,-5.788333,36.107778,3.909538306,28.78351542
SierraPlata,9,2094,-5.788333,36.107778,109.4597031,30.70560913
SierraPlata,9,2095,-5.788333,36.107778,0.374773387,29.95059001
SierraPlata,9,2096,-5.788333,36.107778,5.819319121,29.45409139
SierraPlata,9,2097,-5.788333,36.107778,16.27963167,32.22047119
SierraPlata,9,2098,-5.788333,36.107778,0.291393995,31.45845235
SierraPlata,9,2099,-5.788333,36.107778,6.752708534,31.98074137
SierraPlata,9,2100,-5.788333,36.107778,5.438497925,33.03823242
SierraRetinY4,1,2015,-5.848056,36.173056,49.72905653,17.94166791
SierraRetinY4,1,2016,-5.848056,36.173056,38.74718134,16.70481902
SierraRetinY4,1,2017,-5.848056,36.173056,200.1230891,18.78475145
SierraRetinY4,1,2018,-5.848056,36.173056,123.1025422,15.2102098
SierraRetinY4,1,2019,-5.848056,36.173056,24.81484505,16.73945844
SierraRetinY4,1,2020,-5.848056,36.173056,240.3910603,17.13590147
SierraRetinY4,1,2021,-5.848056,36.173056,53.06857622,16.67655581
SierraRetinY4,1,2022,-5.848056,36.173056,228.8520963,17.07765424
SierraRetinY4,1,2023,-5.848056,36.173056,100.2021665,17.02001343
SierraRetinY4,1,2024,-5.848056,36.173056,243.1637298,16.91102236
SierraRetinY4,1,2025,-5.848056,36.173056,205.8457633,17.31040689
SierraRetinY4,1,2026,-5.848056,36.173056,153.0187309,17.68368904
SierraRetinY4,1,2027,-5.848056,36.173056,78.68985511,16.04736013
SierraRetinY4,1,2028,-5.848056,36.173056,56.97746027,16.28520331
SierraRetinY4,1,2029,-5.848056,36.173056,23.4505916,16.98295721
SierraRetinY4,1,2030,-5.848056,36.173056,229.1626478,17.3540805
SierraRetinY4,1,2031,-5.848056,36.173056,489.8903648,19.1625
SierraRetinY4,1,2032,-5.848056,36.173056,129.0241607,16.71409735
SierraRetinY4,1,2033,-5.848056,36.173056,25.04430707,16.62272083
SierraRetinY4,1,2034,-5.848056,36.173056,57.1360638,17.96391031
SierraRetinY4,1,2035,-5.848056,36.173056,31.04984059,15.33105055
SierraRetinY4,1,2036,-5.848056,36.173056,116.0493314,18.57261983
SierraRetinY4,1,2037,-5.848056,36.173056,3.071600274,17.44380513
SierraRetinY4,1,2038,-5.848056,36.173056,146.8452231,17.44995983
SierraRetinY4,1,2039,-5.848056,36.173056,6.111233108,18.34179766
SierraRetinY4,1,2040,-5.848056,36.173056,89.01611071,19.67674186
SierraRetinY4,1,2041,-5.848056,36.173056,40.01769455,17.68848621
SierraRetinY4,1,2042,-5.848056,36.173056,24.22610293,17.12428609
SierraRetinY4,1,2043,-5.848056,36.173056,50.7544826,18.77081378
SierraRetinY4,1,2044,-5.848056,36.173056,12.23279219,17.39221369
SierraRetinY4,1,2045,-5.848056,36.173056,21.19698057,18.85575699
SierraRetinY4,1,2046,-5.848056,36.173056,35.25764349,19.08629662
SierraRetinY4,1,2047,-5.848056,36.173056,44.74779479,18.41500146
SierraRetinY4,1,2048,-5.848056,36.173056,68.56554858,19.28371188
SierraRetinY4,1,2049,-5.848056,36.173056,35.89458113,18.52754536
SierraRetinY4,1,2050,-5.848056,36.173056,137.2569515,18.49339226
SierraRetinY4,1,2051,-5.848056,36.173056,61.94504599,16.74338832
SierraRetinY4,1,2052,-5.848056,36.173056,76.91554705,17.8161629
SierraRetinY4,1,2053,-5.848056,36.173056,110.669672,18.01417276
SierraRetinY4,1,2054,-5.848056,36.173056,21.05875049,17.45774083
SierraRetinY4,1,2055,-5.848056,36.173056,93.73419799,17.21474117
SierraRetinY4,1,2056,-5.848056,36.173056,73.4615249,16.2383982
SierraRetinY4,1,2057,-5.848056,36.173056,61.60433351,18.69526111
SierraRetinY4,1,2058,-5.848056,36.173056,43.16726067,19.15984103
SierraRetinY4,1,2059,-5.848056,36.173056,10.85982009,18.98871322
SierraRetinY4,1,2060,-5.848056,36.173056,22.57803506,19.66672915
SierraRetinY4,1,2061,-5.848056,36.173056,73.26687041,19.81468427
SierraRetinY4,1,2062,-5.848056,36.173056,55.08007596,18.49307231
SierraRetinY4,1,2063,-5.848056,36.173056,127.4021938,17.60399386
SierraRetinY4,1,2064,-5.848056,36.173056,182.4792974,18.75531675
SierraRetinY4,1,2065,-5.848056,36.173056,77.40068947,18.9641574
SierraRetinY4,1,2066,-5.848056,36.173056,87.94481044,19.44514889
SierraRetinY4,1,2067,-5.848056,36.173056,87.95485745,17.71004836
SierraRetinY4,1,2068,-5.848056,36.173056,27.48930456,18.06784333
SierraRetinY4,1,2069,-5.848056,36.173056,110.7206458,17.91216726
SierraRetinY4,1,2070,-5.848056,36.173056,111.7230649,19.42586079
SierraRetinY4,1,2071,-5.848056,36.173056,64.04783599,18.17641897
SierraRetinY4,1,2072,-5.848056,36.173056,12.75331727,20.00599405
SierraRetinY4,1,2073,-5.848056,36.173056,136.8615983,18.38759273
SierraRetinY4,1,2074,-5.848056,36.173056,29.10096956,19.84630344
SierraRetinY4,1,2075,-5.848056,36.173056,19.29918961,17.9559334
SierraRetinY4,1,2076,-5.848056,36.173056,192.7657381,20.49910003
SierraRetinY4,1,2077,-5.848056,36.173056,76.29181524,18.9031882
SierraRetinY4,1,2078,-5.848056,36.173056,22.70129148,17.92842821
SierraRetinY4,1,2079,-5.848056,36.173056,26.5925465,19.18734623
SierraRetinY4,1,2080,-5.848056,36.173056,39.23773484,17.34175435
SierraRetinY4,1,2081,-5.848056,36.173056,10.41773445,19.09349483
SierraRetinY4,1,2082,-5.848056,36.173056,144.4762518,20.36451554
SierraRetinY4,1,2083,-5.848056,36.173056,35.28512583,19.74857926
SierraRetinY4,1,2084,-5.848056,36.173056,187.3800266,19.73338249
SierraRetinY4,1,2085,-5.848056,36.173056,101.3971728,20.84184098
SierraRetinY4,1,2086,-5.848056,36.173056,51.03694329,18.21304794
SierraRetinY4,1,2087,-5.848056,36.173056,242.9984627,19.80655281
SierraRetinY4,1,2088,-5.848056,36.173056,74.71194701,16.99713804
SierraRetinY4,1,2089,-5.848056,36.173056,35.33380064,18.68706468
SierraRetinY4,1,2090,-5.848056,36.173056,41.72543792,20.56653206
SierraRetinY4,1,2091,-5.848056,36.173056,72.94084339,20.30023764
SierraRetinY4,1,2092,-5.848056,36.173056,98.77719865,20.15428191
SierraRetinY4,1,2093,-5.848056,36.173056,107.4260909,19.01276796
SierraRetinY4,1,2094,-5.848056,36.173056,35.1500512,20.66896973
SierraRetinY4,1,2095,-5.848056,36.173056,43.45917027,20.55323329
SierraRetinY4,1,2096,-5.848056,36.173056,27.21566292,20.7980768
SierraRetinY4,1,2097,-5.848056,36.173056,177.1061379,19.52828172
SierraRetinY4,1,2098,-5.848056,36.173056,33.36441191,20.53920111
SierraRetinY4,1,2099,-5.848056,36.173056,27.3734636,20.59645602
SierraRetinY4,1,2100,-5.848056,36.173056,7.507399759,20.72880288
SierraRetinY4,10,2015,-5.848056,36.173056,12.37612002,25.1928896
SierraRetinY4,10,2016,-5.848056,36.173056,44.18550649,24.0000382
SierraRetinY4,10,2017,-5.848056,36.173056,20.29658792,22.65851106
SierraRetinY4,10,2018,-5.848056,36.173056,2.52326461,23.90514034
SierraRetinY4,10,2019,-5.848056,36.173056,55.2358949,23.43195742
SierraRetinY4,10,2020,-5.848056,36.173056,7.814255928,23.07541071
SierraRetinY4,10,2021,-5.848056,36.173056,4.499712779,23.6679213
SierraRetinY4,10,2022,-5.848056,36.173056,7.951066088,25.34114203
SierraRetinY4,10,2023,-5.848056,36.173056,10.2431229,24.24216565
SierraRetinY4,10,2024,-5.848056,36.173056,13.82115624,23.62249835
SierraRetinY4,10,2025,-5.848056,36.173056,47.46089536,23.8080718
SierraRetinY4,10,2026,-5.848056,36.173056,42.20781446,23.32754202
SierraRetinY4,10,2027,-5.848056,36.173056,12.85358273,23.3981656
SierraRetinY4,10,2028,-5.848056,36.173056,1.974694176,24.55411928
SierraRetinY4,10,2029,-5.848056,36.173056,0.336841513,24.17013825
SierraRetinY4,10,2030,-5.848056,36.173056,39.17878879,24.62599605
SierraRetinY4,10,2031,-5.848056,36.173056,35.83542756,24.46546572
SierraRetinY4,10,2032,-5.848056,36.173056,70.60247728,22.48073534
SierraRetinY4,10,2033,-5.848056,36.173056,62.99923921,24.91834855
SierraRetinY4,10,2034,-5.848056,36.173056,11.86679885,24.04030663
SierraRetinY4,10,2035,-5.848056,36.173056,1.083217492,24.70913972
SierraRetinY4,10,2036,-5.848056,36.173056,11.37343897,24.86344939
SierraRetinY4,10,2037,-5.848056,36.173056,57.25294303,23.48787743
SierraRetinY4,10,2038,-5.848056,36.173056,14.93259738,22.73719522
SierraRetinY4,10,2039,-5.848056,36.173056,3.421313691,24.55812398
SierraRetinY4,10,2040,-5.848056,36.173056,40.60714725,24.25764692
SierraRetinY4,10,2041,-5.848056,36.173056,27.40345816,25.06004855
SierraRetinY4,10,2042,-5.848056,36.173056,10.34153787,24.36681125
SierraRetinY4,10,2043,-5.848056,36.173056,8.11206702,24.55763176
SierraRetinY4,10,2044,-5.848056,36.173056,12.10651808,23.57119141
SierraRetinY4,10,2045,-5.848056,36.173056,0.058167514,24.72931676
SierraRetinY4,10,2046,-5.848056,36.173056,1.25459274,24.28340966
SierraRetinY4,10,2047,-5.848056,36.173056,72.09281269,24.14774131
SierraRetinY4,10,2048,-5.848056,36.173056,2.016748451,25.32585174
SierraRetinY4,10,2049,-5.848056,36.173056,14.44872082,24.28545434
SierraRetinY4,10,2050,-5.848056,36.173056,16.11313572,23.53092199
SierraRetinY4,10,2051,-5.848056,36.173056,0.16364453,24.27827877
SierraRetinY4,10,2052,-5.848056,36.173056,0.395685886,24.42219081
SierraRetinY4,10,2053,-5.848056,36.173056,23.56609607,24.17645146
SierraRetinY4,10,2054,-5.848056,36.173056,4.55003555,24.57831972
SierraRetinY4,10,2055,-5.848056,36.173056,10.36791995,24.25239789
SierraRetinY4,10,2056,-5.848056,36.173056,11.93002333,24.84773284
SierraRetinY4,10,2057,-5.848056,36.173056,22.64660349,23.45423328
SierraRetinY4,10,2058,-5.848056,36.173056,109.3157935,24.82251548
SierraRetinY4,10,2059,-5.848056,36.173056,11.80605877,24.70088521
SierraRetinY4,10,2060,-5.848056,36.173056,16.73986383,25.6426557
SierraRetinY4,10,2061,-5.848056,36.173056,20.7500956,25.8094953
SierraRetinY4,10,2062,-5.848056,36.173056,28.28843095,23.43993333
SierraRetinY4,10,2063,-5.848056,36.173056,7.092656565,25.49303195
SierraRetinY4,10,2064,-5.848056,36.173056,16.83264739,23.75932243
SierraRetinY4,10,2065,-5.848056,36.173056,1.15512658,25.59409731
SierraRetinY4,10,2066,-5.848056,36.173056,2.75230292,24.6659731
SierraRetinY4,10,2067,-5.848056,36.173056,27.58762705,25.39232394
SierraRetinY4,10,2068,-5.848056,36.173056,7.172744911,24.89378091
SierraRetinY4,10,2069,-5.848056,36.173056,8.799946119,25.31501209
SierraRetinY4,10,2070,-5.848056,36.173056,3.850338857,23.94147989
SierraRetinY4,10,2071,-5.848056,36.173056,57.66236283,25.38073415
SierraRetinY4,10,2072,-5.848056,36.173056,5.801145099,26.02508821
SierraRetinY4,10,2073,-5.848056,36.173056,23.10348175,25.90302282
SierraRetinY4,10,2074,-5.848056,36.173056,3.897902674,26.64370511
SierraRetinY4,10,2075,-5.848056,36.173056,19.808965,27.18658428
SierraRetinY4,10,2076,-5.848056,36.173056,17.98021164,25.60825254
SierraRetinY4,10,2077,-5.848056,36.173056,14.18726561,26.1944903
SierraRetinY4,10,2078,-5.848056,36.173056,10.83816006,24.45440457
SierraRetinY4,10,2079,-5.848056,36.173056,0.458800902,26.27252178
SierraRetinY4,10,2080,-5.848056,36.173056,26.91380297,25.92195356
SierraRetinY4,10,2081,-5.848056,36.173056,16.07937167,25.56822923
SierraRetinY4,10,2082,-5.848056,36.173056,1.987487788,25.66063351
SierraRetinY4,10,2083,-5.848056,36.173056,0.607860799,26.93284636
SierraRetinY4,10,2084,-5.848056,36.173056,26.5002021,26.22663318
SierraRetinY4,10,2085,-5.848056,36.173056,36.2241157,27.27136506
SierraRetinY4,10,2086,-5.848056,36.173056,31.41913297,25.0542069
SierraRetinY4,10,2087,-5.848056,36.173056,16.4208227,26.78917551
SierraRetinY4,10,2088,-5.848056,36.173056,0.292950778,27.36145197
SierraRetinY4,10,2089,-5.848056,36.173056,66.93298606,25.40902001
SierraRetinY4,10,2090,-5.848056,36.173056,6.665967441,27.00878001
SierraRetinY4,10,2091,-5.848056,36.173056,38.94751268,25.05509388
SierraRetinY4,10,2092,-5.848056,36.173056,0.738709299,27.19584784
SierraRetinY4,10,2093,-5.848056,36.173056,24.16457137,26.51681007
SierraRetinY4,10,2094,-5.848056,36.173056,1.630588089,26.72842191
SierraRetinY4,10,2095,-5.848056,36.173056,0.220842174,26.93195545
SierraRetinY4,10,2096,-5.848056,36.173056,54.12420823,23.45871346
SierraRetinY4,10,2097,-5.848056,36.173056,16.99968212,27.53624189
SierraRetinY4,10,2098,-5.848056,36.173056,1.463791494,27.91275989
SierraRetinY4,10,2099,-5.848056,36.173056,0.316171897,26.74982457
SierraRetinY4,10,2100,-5.848056,36.173056,11.66136409,28.62821892
SierraRetinY4,11,2015,-5.848056,36.173056,182.4267585,19.24752096
SierraRetinY4,11,2016,-5.848056,36.173056,9.371200779,19.82614644
SierraRetinY4,11,2017,-5.848056,36.173056,89.33413917,19.15717367
SierraRetinY4,11,2018,-5.848056,36.173056,22.30921981,19.86667786
SierraRetinY4,11,2019,-5.848056,36.173056,40.9057158,19.81118266
SierraRetinY4,11,2020,-5.848056,36.173056,19.08607848,20.86202393
SierraRetinY4,11,2021,-5.848056,36.173056,32.67604575,20.22105713
SierraRetinY4,11,2022,-5.848056,36.173056,20.83425483,20.91120911
SierraRetinY4,11,2023,-5.848056,36.173056,14.80499818,21.16497294
SierraRetinY4,11,2024,-5.848056,36.173056,220.0242247,19.26984049
SierraRetinY4,11,2025,-5.848056,36.173056,46.31567076,17.54557292
SierraRetinY4,11,2026,-5.848056,36.173056,13.69275162,18.72352397
SierraRetinY4,11,2027,-5.848056,36.173056,132.1962225,19.58795166
SierraRetinY4,11,2028,-5.848056,36.173056,6.692370409,20.79804586
SierraRetinY4,11,2029,-5.848056,36.173056,91.06831086,17.83311157
SierraRetinY4,11,2030,-5.848056,36.173056,3.572666614,22.71667786
SierraRetinY4,11,2031,-5.848056,36.173056,16.63311207,21.23199361
SierraRetinY4,11,2032,-5.848056,36.173056,26.39827936,19.65681864
SierraRetinY4,11,2033,-5.848056,36.173056,29.78371099,19.23155111
SierraRetinY4,11,2034,-5.848056,36.173056,80.19300693,19.13440348
SierraRetinY4,11,2035,-5.848056,36.173056,34.10288377,21.2728658
SierraRetinY4,11,2036,-5.848056,36.173056,24.56398111,19.75728455
SierraRetinY4,11,2037,-5.848056,36.173056,29.6071171,19.4903422
SierraRetinY4,11,2038,-5.848056,36.173056,148.1884403,20.24668783
SierraRetinY4,11,2039,-5.848056,36.173056,21.65395576,20.74826762
SierraRetinY4,11,2040,-5.848056,36.173056,31.06868872,19.89126485
SierraRetinY4,11,2041,-5.848056,36.173056,37.34703539,19.17488607
SierraRetinY4,11,2042,-5.848056,36.173056,157.4309236,20.58994853
SierraRetinY4,11,2043,-5.848056,36.173056,130.9171432,21.02472839
SierraRetinY4,11,2044,-5.848056,36.173056,1.650858184,20.23444316
SierraRetinY4,11,2045,-5.848056,36.173056,13.38517691,21.96685994
SierraRetinY4,11,2046,-5.848056,36.173056,159.2809236,20.43553874
SierraRetinY4,11,2047,-5.848056,36.173056,45.8157826,19.95514323
SierraRetinY4,11,2048,-5.848056,36.173056,51.9603584,19.81430461
SierraRetinY4,11,2049,-5.848056,36.173056,6.780534604,20.00665588
SierraRetinY4,11,2050,-5.848056,36.173056,17.43454485,21.8307017
SierraRetinY4,11,2051,-5.848056,36.173056,67.4020418,21.51361491
SierraRetinY4,11,2052,-5.848056,36.173056,87.79191852,19.79025574
SierraRetinY4,11,2053,-5.848056,36.173056,43.0143962,20.48165588
SierraRetinY4,11,2054,-5.848056,36.173056,0.667327721,21.21924438
SierraRetinY4,11,2055,-5.848056,36.173056,36.01822344,20.05091858
SierraRetinY4,11,2056,-5.848056,36.173056,110.9831911,21.49181112
SierraRetinY4,11,2057,-5.848056,36.173056,27.90290481,20.86201274
SierraRetinY4,11,2058,-5.848056,36.173056,43.1288041,20.51632996
SierraRetinY4,11,2059,-5.848056,36.173056,1.671880602,22.48670858
SierraRetinY4,11,2060,-5.848056,36.173056,33.17874486,21.68725281
SierraRetinY4,11,2061,-5.848056,36.173056,2.913059162,21.50735067
SierraRetinY4,11,2062,-5.848056,36.173056,19.64062014,21.63124186
SierraRetinY4,11,2063,-5.848056,36.173056,52.99912353,20.91130676
SierraRetinY4,11,2064,-5.848056,36.173056,9.573291419,19.98453979
SierraRetinY4,11,2065,-5.848056,36.173056,39.53943526,20.78220317
SierraRetinY4,11,2066,-5.848056,36.173056,34.70776958,21.27582601
SierraRetinY4,11,2067,-5.848056,36.173056,45.32905431,21.40060832
SierraRetinY4,11,2068,-5.848056,36.173056,85.08118523,19.07708944
SierraRetinY4,11,2069,-5.848056,36.173056,24.86164657,22.07705078
SierraRetinY4,11,2070,-5.848056,36.173056,17.19775212,20.36112569
SierraRetinY4,11,2071,-5.848056,36.173056,7.149445096,20.86259664
SierraRetinY4,11,2072,-5.848056,36.173056,2.190445919,23.08274434
SierraRetinY4,11,2073,-5.848056,36.173056,35.6163643,21.00340169
SierraRetinY4,11,2074,-5.848056,36.173056,2.313077287,21.95812988
SierraRetinY4,11,2075,-5.848056,36.173056,50.87675487,23.26003418
SierraRetinY4,11,2076,-5.848056,36.173056,8.293493542,23.14577637
SierraRetinY4,11,2077,-5.848056,36.173056,32.77377316,22.0608429
SierraRetinY4,11,2078,-5.848056,36.173056,0.334884277,21.36850179
SierraRetinY4,11,2079,-5.848056,36.173056,4.82946637,23.31637472
SierraRetinY4,11,2080,-5.848056,36.173056,10.52002988,23.79721985
SierraRetinY4,11,2081,-5.848056,36.173056,5.816855273,23.00645549
SierraRetinY4,11,2082,-5.848056,36.173056,39.03505728,22.61429342
SierraRetinY4,11,2083,-5.848056,36.173056,41.86010611,21.51568909
SierraRetinY4,11,2084,-5.848056,36.173056,36.11933991,21.83999227
SierraRetinY4,11,2085,-5.848056,36.173056,25.39405044,22.40009257
SierraRetinY4,11,2086,-5.848056,36.173056,45.28861063,22.89809367
SierraRetinY4,11,2087,-5.848056,36.173056,5.852710678,22.43766073
SierraRetinY4,11,2088,-5.848056,36.173056,30.34574377,21.70735881
SierraRetinY4,11,2089,-5.848056,36.173056,36.14414359,21.14086812
SierraRetinY4,11,2090,-5.848056,36.173056,2.965639627,22.99570719
SierraRetinY4,11,2091,-5.848056,36.173056,1.530143422,22.03983561
SierraRetinY4,11,2092,-5.848056,36.173056,24.06705728,23.07287598
SierraRetinY4,11,2093,-5.848056,36.173056,8.27791349,23.47692057
SierraRetinY4,11,2094,-5.848056,36.173056,3.906200698,24.44195557
SierraRetinY4,11,2095,-5.848056,36.173056,0.886546031,23.48081868
SierraRetinY4,11,2096,-5.848056,36.173056,39.80478752,23.01995239
SierraRetinY4,11,2097,-5.848056,36.173056,7.531495869,24.38914286
SierraRetinY4,11,2098,-5.848056,36.173056,42.07209086,23.08532613
SierraRetinY4,11,2099,-5.848056,36.173056,4.631652742,23.15675456
SierraRetinY4,11,2100,-5.848056,36.173056,22.17224963,23.22208659
SierraRetinY4,12,2015,-5.848056,36.173056,99.31543004,17.61786755
SierraRetinY4,12,2016,-5.848056,36.173056,57.74650673,17.82651978
SierraRetinY4,12,2017,-5.848056,36.173056,97.35866821,18.12538866
SierraRetinY4,12,2018,-5.848056,36.173056,68.50222824,16.8918396
SierraRetinY4,12,2019,-5.848056,36.173056,14.66540693,16.34363561
SierraRetinY4,12,2020,-5.848056,36.173056,78.26989612,17.93115571
SierraRetinY4,12,2021,-5.848056,36.173056,82.86942202,17.50657979
SierraRetinY4,12,2022,-5.848056,36.173056,18.44426059,18.4545798
SierraRetinY4,12,2023,-5.848056,36.173056,238.5585497,17.47300848
SierraRetinY4,12,2024,-5.848056,36.173056,259.5075614,18.46495768
SierraRetinY4,12,2025,-5.848056,36.173056,50.05623588,16.86059846
SierraRetinY4,12,2026,-5.848056,36.173056,130.0152303,17.52622622
SierraRetinY4,12,2027,-5.848056,36.173056,238.0137492,17.11126591
SierraRetinY4,12,2028,-5.848056,36.173056,31.88209177,18.95953573
SierraRetinY4,12,2029,-5.848056,36.173056,146.6386158,17.88751989
SierraRetinY4,12,2030,-5.848056,36.173056,24.54513541,19.15727132
SierraRetinY4,12,2031,-5.848056,36.173056,51.86860245,17.94919886
SierraRetinY4,12,2032,-5.848056,36.173056,31.54739637,17.40864766
SierraRetinY4,12,2033,-5.848056,36.173056,29.96533126,18.91998862
SierraRetinY4,12,2034,-5.848056,36.173056,256.1917358,17.40300706
SierraRetinY4,12,2035,-5.848056,36.173056,59.83210935,18.54268405
SierraRetinY4,12,2036,-5.848056,36.173056,50.47364393,17.8517863
SierraRetinY4,12,2037,-5.848056,36.173056,1.870687623,17.90901706
SierraRetinY4,12,2038,-5.848056,36.173056,30.70371765,18.99552455
SierraRetinY4,12,2039,-5.848056,36.173056,138.0433807,20.15733268
SierraRetinY4,12,2040,-5.848056,36.173056,31.16902867,18.68703824
SierraRetinY4,12,2041,-5.848056,36.173056,35.93514071,17.94570805
SierraRetinY4,12,2042,-5.848056,36.173056,81.90089016,19.85806353
SierraRetinY4,12,2043,-5.848056,36.173056,205.1180326,18.98364337
SierraRetinY4,12,2044,-5.848056,36.173056,50.41115969,19.49297791
SierraRetinY4,12,2045,-5.848056,36.173056,50.04408006,18.47322407
SierraRetinY4,12,2046,-5.848056,36.173056,71.6894042,17.90215651
SierraRetinY4,12,2047,-5.848056,36.173056,82.67083017,20.68596999
SierraRetinY4,12,2048,-5.848056,36.173056,107.7964631,19.75441284
SierraRetinY4,12,2049,-5.848056,36.173056,38.81163333,18.63877111
SierraRetinY4,12,2050,-5.848056,36.173056,74.10175788,18.52730509
SierraRetinY4,12,2051,-5.848056,36.173056,75.35518179,18.40514133
SierraRetinY4,12,2052,-5.848056,36.173056,67.09565409,16.11522725
SierraRetinY4,12,2053,-5.848056,36.173056,137.9827752,18.4496645
SierraRetinY4,12,2054,-5.848056,36.173056,12.37967585,18.68437815
SierraRetinY4,12,2055,-5.848056,36.173056,118.1436646,16.92167693
SierraRetinY4,12,2056,-5.848056,36.173056,3.893583182,18.43902893
SierraRetinY4,12,2057,-5.848056,36.173056,319.6256451,18.87815394
SierraRetinY4,12,2058,-5.848056,36.173056,9.249486388,19.57988596
SierraRetinY4,12,2059,-5.848056,36.173056,186.1506713,18.29855327
SierraRetinY4,12,2060,-5.848056,36.173056,19.53865951,19.32960584
SierraRetinY4,12,2061,-5.848056,36.173056,4.967839026,18.99288921
SierraRetinY4,12,2062,-5.848056,36.173056,22.14817659,18.63716647
SierraRetinY4,12,2063,-5.848056,36.173056,18.77763902,19.19976196
SierraRetinY4,12,2064,-5.848056,36.173056,53.97049897,19.0659668
SierraRetinY4,12,2065,-5.848056,36.173056,21.92443859,20.09447927
SierraRetinY4,12,2066,-5.848056,36.173056,140.4134827,18.76784077
SierraRetinY4,12,2067,-5.848056,36.173056,75.0866945,19.25009234
SierraRetinY4,12,2068,-5.848056,36.173056,40.12730217,19.23935954
SierraRetinY4,12,2069,-5.848056,36.173056,74.16807258,19.42709429
SierraRetinY4,12,2070,-5.848056,36.173056,46.85769512,19.02002055
SierraRetinY4,12,2071,-5.848056,36.173056,95.23164472,18.0479823
SierraRetinY4,12,2072,-5.848056,36.173056,100.2049486,17.8001943
SierraRetinY4,12,2073,-5.848056,36.173056,20.24167046,18.80575148
SierraRetinY4,12,2074,-5.848056,36.173056,79.36807138,19.20689914
SierraRetinY4,12,2075,-5.848056,36.173056,47.0629694,18.68283849
SierraRetinY4,12,2076,-5.848056,36.173056,27.08837145,20.19711202
SierraRetinY4,12,2077,-5.848056,36.173056,167.5536036,20.69102212
SierraRetinY4,12,2078,-5.848056,36.173056,44.76938828,20.64342651
SierraRetinY4,12,2079,-5.848056,36.173056,71.73295939,21.39024186
SierraRetinY4,12,2080,-5.848056,36.173056,21.59766894,19.06188249
SierraRetinY4,12,2081,-5.848056,36.173056,84.37114214,22.14545446
SierraRetinY4,12,2082,-5.848056,36.173056,20.62966111,20.63068198
SierraRetinY4,12,2083,-5.848056,36.173056,30.52986511,20.84588111
SierraRetinY4,12,2084,-5.848056,36.173056,125.228623,20.85760193
SierraRetinY4,12,2085,-5.848056,36.173056,28.75638928,20.83147681
SierraRetinY4,12,2086,-5.848056,36.173056,161.8570363,19.25362943
SierraRetinY4,12,2087,-5.848056,36.173056,88.32117845,19.61002945
SierraRetinY4,12,2088,-5.848056,36.173056,76.30657124,20.47789103
SierraRetinY4,12,2089,-5.848056,36.173056,29.03051947,20.48896721
SierraRetinY4,12,2090,-5.848056,36.173056,11.38898314,21.95431112
SierraRetinY4,12,2091,-5.848056,36.173056,21.44762663,18.11217061
SierraRetinY4,12,2092,-5.848056,36.173056,142.4533013,21.03610433
SierraRetinY4,12,2093,-5.848056,36.173056,103.8107704,20.69987813
SierraRetinY4,12,2094,-5.848056,36.173056,38.1335423,20.7941991
SierraRetinY4,12,2095,-5.848056,36.173056,33.20415548,21.38904872
SierraRetinY4,12,2096,-5.848056,36.173056,72.77084543,21.40380046
SierraRetinY4,12,2097,-5.848056,36.173056,29.28923892,21.56037046
SierraRetinY4,12,2098,-5.848056,36.173056,3.471413989,21.31357186
SierraRetinY4,12,2099,-5.848056,36.173056,144.1190037,20.7165358
SierraRetinY4,12,2100,-5.848056,36.173056,9.582186988,20.46112976
SierraRetinY4,2,2015,-5.848056,36.173056,63.84424322,18.37862658
SierraRetinY4,2,2016,-5.848056,36.173056,10.46413852,17.39239207
SierraRetinY4,2,2017,-5.848056,36.173056,7.399380699,18.32642081
SierraRetinY4,2,2018,-5.848056,36.173056,3.229036964,17.3473635
SierraRetinY4,2,2019,-5.848056,36.173056,102.5907294,18.47630027
SierraRetinY4,2,2020,-5.848056,36.173056,129.6566728,19.02775963
SierraRetinY4,2,2021,-5.848056,36.173056,12.22188986,17.07035435
SierraRetinY4,2,2022,-5.848056,36.173056,16.68487175,16.7901038
SierraRetinY4,2,2023,-5.848056,36.173056,16.60168536,18.63750174
SierraRetinY4,2,2024,-5.848056,36.173056,25.26074205,17.60133646
SierraRetinY4,2,2025,-5.848056,36.173056,152.9556081,17.98776616
SierraRetinY4,2,2026,-5.848056,36.173056,10.90174959,17.82072056
SierraRetinY4,2,2027,-5.848056,36.173056,21.64862622,17.89978943
SierraRetinY4,2,2028,-5.848056,36.173056,40.48539133,17.29362561
SierraRetinY4,2,2029,-5.848056,36.173056,48.72548152,17.76304779
SierraRetinY4,2,2030,-5.848056,36.173056,63.7457378,16.76564178
SierraRetinY4,2,2031,-5.848056,36.173056,46.05016362,18.97739454
SierraRetinY4,2,2032,-5.848056,36.173056,19.94340294,19.55560219
SierraRetinY4,2,2033,-5.848056,36.173056,2.231866842,19.95511126
SierraRetinY4,2,2034,-5.848056,36.173056,8.55211508,19.95592433
SierraRetinY4,2,2035,-5.848056,36.173056,209.1915479,18.06773529
SierraRetinY4,2,2036,-5.848056,36.173056,95.96020834,19.12814457
SierraRetinY4,2,2037,-5.848056,36.173056,5.483608201,18.47547193
SierraRetinY4,2,2038,-5.848056,36.173056,122.7995586,15.58963274
SierraRetinY4,2,2039,-5.848056,36.173056,91.67113698,17.53382263
SierraRetinY4,2,2040,-5.848056,36.173056,14.75331078,18.01038566
SierraRetinY4,2,2041,-5.848056,36.173056,88.86683386,17.15075945
SierraRetinY4,2,2042,-5.848056,36.173056,43.562953,19.66448582
SierraRetinY4,2,2043,-5.848056,36.173056,118.2502336,17.6373873
SierraRetinY4,2,2044,-5.848056,36.173056,7.430568378,18.30984834
SierraRetinY4,2,2045,-5.848056,36.173056,36.70812048,16.24863913
SierraRetinY4,2,2046,-5.848056,36.173056,22.49935339,19.66775883
SierraRetinY4,2,2047,-5.848056,36.173056,26.42368788,18.00972355
SierraRetinY4,2,2048,-5.848056,36.173056,48.28184564,17.24038086
SierraRetinY4,2,2049,-5.848056,36.173056,128.0472203,16.73270024
SierraRetinY4,2,2050,-5.848056,36.173056,5.168183041,18.0029214
SierraRetinY4,2,2051,-5.848056,36.173056,6.111762216,19.01293008
SierraRetinY4,2,2052,-5.848056,36.173056,23.70077895,18.75190914
SierraRetinY4,2,2053,-5.848056,36.173056,1.280420798,18.31902357
SierraRetinY4,2,2054,-5.848056,36.173056,5.467968884,17.95039302
SierraRetinY4,2,2055,-5.848056,36.173056,32.40146558,18.17749612
SierraRetinY4,2,2056,-5.848056,36.173056,0.975037259,17.9308137
SierraRetinY4,2,2057,-5.848056,36.173056,36.40302221,18.13017317
SierraRetinY4,2,2058,-5.848056,36.173056,41.29590132,17.34875968
SierraRetinY4,2,2059,-5.848056,36.173056,23.50421699,19.90556815
SierraRetinY4,2,2060,-5.848056,36.173056,54.62046737,17.83995972
SierraRetinY4,2,2061,-5.848056,36.173056,24.3080138,19.49833396
SierraRetinY4,2,2062,-5.848056,36.173056,5.449706232,17.87075849
SierraRetinY4,2,2063,-5.848056,36.173056,17.37075728,18.69330314
SierraRetinY4,2,2064,-5.848056,36.173056,74.96599772,18.77699459
SierraRetinY4,2,2065,-5.848056,36.173056,3.000299901,18.71734772
SierraRetinY4,2,2066,-5.848056,36.173056,30.38708616,19.33625837
SierraRetinY4,2,2067,-5.848056,36.173056,1.442317387,19.33624529
SierraRetinY4,2,2068,-5.848056,36.173056,0.812167861,20.39811149
SierraRetinY4,2,2069,-5.848056,36.173056,51.80851816,17.5951379
SierraRetinY4,2,2070,-5.848056,36.173056,362.106525,18.86268332
SierraRetinY4,2,2071,-5.848056,36.173056,10.22657363,18.33682295
SierraRetinY4,2,2072,-5.848056,36.173056,9.420084327,20.58119591
SierraRetinY4,2,2073,-5.848056,36.173056,102.0538918,19.86106589
SierraRetinY4,2,2074,-5.848056,36.173056,91.26781006,18.21816079
SierraRetinY4,2,2075,-5.848056,36.173056,5.941491045,18.28983132
SierraRetinY4,2,2076,-5.848056,36.173056,20.44906923,18.98912332
SierraRetinY4,2,2077,-5.848056,36.173056,3.055023841,20.67952554
SierraRetinY4,2,2078,-5.848056,36.173056,70.67244974,18.66338283
SierraRetinY4,2,2079,-5.848056,36.173056,3.667198947,20.19682356
SierraRetinY4,2,2080,-5.848056,36.173056,172.2014147,20.44130438
SierraRetinY4,2,2081,-5.848056,36.173056,28.48177388,19.68199746
SierraRetinY4,2,2082,-5.848056,36.173056,16.74508914,20.85312042
SierraRetinY4,2,2083,-5.848056,36.173056,149.7711502,19.4527189
SierraRetinY4,2,2084,-5.848056,36.173056,16.26723457,19.71650559
SierraRetinY4,2,2085,-5.848056,36.173056,10.96460572,18.29768088
SierraRetinY4,2,2086,-5.848056,36.173056,82.03924436,18.63764452
SierraRetinY4,2,2087,-5.848056,36.173056,217.2631732,18.59025508
SierraRetinY4,2,2088,-5.848056,36.173056,51.53810554,20.89819041
SierraRetinY4,2,2089,-5.848056,36.173056,9.840562775,20.92608577
SierraRetinY4,2,2090,-5.848056,36.173056,478.9314787,19.6377012
SierraRetinY4,2,2091,-5.848056,36.173056,2.810381968,19.76884504
SierraRetinY4,2,2092,-5.848056,36.173056,29.96429761,18.91759644
SierraRetinY4,2,2093,-5.848056,36.173056,9.714728257,20.14156494
SierraRetinY4,2,2094,-5.848056,36.173056,63.91886804,21.93419473
SierraRetinY4,2,2095,-5.848056,36.173056,45.95298105,18.35296456
SierraRetinY4,2,2096,-5.848056,36.173056,80.0746709,19.91884345
SierraRetinY4,2,2097,-5.848056,36.173056,105.4746254,20.95683223
SierraRetinY4,2,2098,-5.848056,36.173056,24.67465398,19.39481942
SierraRetinY4,2,2099,-5.848056,36.173056,38.09362359,19.9825967
SierraRetinY4,2,2100,-5.848056,36.173056,52.17524093,21.32203282
SierraRetinY4,3,2015,-5.848056,36.173056,58.27834321,18.23577172
SierraRetinY4,3,2016,-5.848056,36.173056,25.55470856,20.06851669
SierraRetinY4,3,2017,-5.848056,36.173056,40.23141098,18.55196829
SierraRetinY4,3,2018,-5.848056,36.173056,7.929612883,19.28521906
SierraRetinY4,3,2019,-5.848056,36.173056,28.59202199,19.28935665
SierraRetinY4,3,2020,-5.848056,36.173056,35.91192121,18.20180172
SierraRetinY4,3,2021,-5.848056,36.173056,27.03039757,18.96175439
SierraRetinY4,3,2022,-5.848056,36.173056,1.402204435,20.11697466
SierraRetinY4,3,2023,-5.848056,36.173056,38.37078784,20.18033703
SierraRetinY4,3,2024,-5.848056,36.173056,16.45163134,17.76375142
SierraRetinY4,3,2025,-5.848056,36.173056,125.7179099,18.19104181
SierraRetinY4,3,2026,-5.848056,36.173056,10.95777051,18.12756328
SierraRetinY4,3,2027,-5.848056,36.173056,34.84077533,17.87222467
SierraRetinY4,3,2028,-5.848056,36.173056,17.12960836,19.73730843
SierraRetinY4,3,2029,-5.848056,36.173056,10.42480498,18.37048123
SierraRetinY4,3,2030,-5.848056,36.173056,51.06843764,17.69688642
SierraRetinY4,3,2031,-5.848056,36.173056,15.7725844,18.73363844
SierraRetinY4,3,2032,-5.848056,36.173056,12.0754002,19.08881285
SierraRetinY4,3,2033,-5.848056,36.173056,4.919686403,20.0696232
SierraRetinY4,3,2034,-5.848056,36.173056,0.258090077,21.49275631
SierraRetinY4,3,2035,-5.848056,36.173056,126.9287414,18.87181121
SierraRetinY4,3,2036,-5.848056,36.173056,16.131556,20.07861604
SierraRetinY4,3,2037,-5.848056,36.173056,18.18556211,19.61844345
SierraRetinY4,3,2038,-5.848056,36.173056,44.37956694,19.66996007
SierraRetinY4,3,2039,-5.848056,36.173056,2.492405906,21.44221231
SierraRetinY4,3,2040,-5.848056,36.173056,144.2922416,18.30449337
SierraRetinY4,3,2041,-5.848056,36.173056,74.76096718,16.92059996
SierraRetinY4,3,2042,-5.848056,36.173056,1.524780764,19.21958461
SierraRetinY4,3,2043,-5.848056,36.173056,22.25740531,20.71981792
SierraRetinY4,3,2044,-5.848056,36.173056,33.89925885,19.84240309
SierraRetinY4,3,2045,-5.848056,36.173056,2.525248024,20.64173623
SierraRetinY4,3,2046,-5.848056,36.173056,62.77471841,19.84318867
SierraRetinY4,3,2047,-5.848056,36.173056,22.85650907,19.04227846
SierraRetinY4,3,2048,-5.848056,36.173056,0.684394002,19.90857505
SierraRetinY4,3,2049,-5.848056,36.173056,49.95628754,19.59556215
SierraRetinY4,3,2050,-5.848056,36.173056,11.15712971,19.59145409
SierraRetinY4,3,2051,-5.848056,36.173056,16.69969148,19.56152521
SierraRetinY4,3,2052,-5.848056,36.173056,25.34830085,19.50403403
SierraRetinY4,3,2053,-5.848056,36.173056,33.48872471,18.30816138
SierraRetinY4,3,2054,-5.848056,36.173056,1.463713071,19.66233265
SierraRetinY4,3,2055,-5.848056,36.173056,46.29264454,18.5014105
SierraRetinY4,3,2056,-5.848056,36.173056,8.997301201,19.1173202
SierraRetinY4,3,2057,-5.848056,36.173056,31.68552095,18.45659101
SierraRetinY4,3,2058,-5.848056,36.173056,36.541532,21.24163306
SierraRetinY4,3,2059,-5.848056,36.173056,9.42360495,20.36655726
SierraRetinY4,3,2060,-5.848056,36.173056,29.27775478,19.13213501
SierraRetinY4,3,2061,-5.848056,36.173056,9.802029877,19.99370826
SierraRetinY4,3,2062,-5.848056,36.173056,76.69649523,18.94582027
SierraRetinY4,3,2063,-5.848056,36.173056,30.31256169,18.25094093
SierraRetinY4,3,2064,-5.848056,36.173056,53.26086476,19.73996247
SierraRetinY4,3,2065,-5.848056,36.173056,5.991407001,21.82815237
SierraRetinY4,3,2066,-5.848056,36.173056,12.48758782,20.48474495
SierraRetinY4,3,2067,-5.848056,36.173056,64.61484846,18.38317162
SierraRetinY4,3,2068,-5.848056,36.173056,27.72817189,19.86937866
SierraRetinY4,3,2069,-5.848056,36.173056,4.25852739,20.17139243
SierraRetinY4,3,2070,-5.848056,36.173056,18.14781176,19.86045572
SierraRetinY4,3,2071,-5.848056,36.173056,7.782336916,20.81401584
SierraRetinY4,3,2072,-5.848056,36.173056,44.96991382,20.11681026
SierraRetinY4,3,2073,-5.848056,36.173056,76.06195914,19.1102165
SierraRetinY4,3,2074,-5.848056,36.173056,39.24212524,19.98323482
SierraRetinY4,3,2075,-5.848056,36.173056,9.088173265,20.19081145
SierraRetinY4,3,2076,-5.848056,36.173056,5.636288953,20.66523378
SierraRetinY4,3,2077,-5.848056,36.173056,14.86452726,21.79000047
SierraRetinY4,3,2078,-5.848056,36.173056,47.11298969,19.3629178
SierraRetinY4,3,2079,-5.848056,36.173056,16.50816535,20.14130899
SierraRetinY4,3,2080,-5.848056,36.173056,109.266538,19.1002786
SierraRetinY4,3,2081,-5.848056,36.173056,5.832540114,20.78731591
SierraRetinY4,3,2082,-5.848056,36.173056,16.79290429,20.76076562
SierraRetinY4,3,2083,-5.848056,36.173056,8.795655507,20.2631834
SierraRetinY4,3,2084,-5.848056,36.173056,24.35257647,21.18726354
SierraRetinY4,3,2085,-5.848056,36.173056,22.0028086,20.55517854
SierraRetinY4,3,2086,-5.848056,36.173056,0.061704877,21.01911168
SierraRetinY4,3,2087,-5.848056,36.173056,70.64522086,20.78453586
SierraRetinY4,3,2088,-5.848056,36.173056,22.87912223,20.49452731
SierraRetinY4,3,2089,-5.848056,36.173056,3.74816037,22.4715397
SierraRetinY4,3,2090,-5.848056,36.173056,247.3192324,19.71932275
SierraRetinY4,3,2091,-5.848056,36.173056,24.8182433,20.37675604
SierraRetinY4,3,2092,-5.848056,36.173056,2.338442192,21.41066993
SierraRetinY4,3,2093,-5.848056,36.173056,68.35547465,19.76950743
SierraRetinY4,3,2094,-5.848056,36.173056,63.39617716,20.47060547
SierraRetinY4,3,2095,-5.848056,36.173056,4.512231736,21.88280443
SierraRetinY4,3,2096,-5.848056,36.173056,24.67257353,21.90571525
SierraRetinY4,3,2097,-5.848056,36.173056,82.25664968,20.64939713
SierraRetinY4,3,2098,-5.848056,36.173056,23.88138812,20.78463529
SierraRetinY4,3,2099,-5.848056,36.173056,6.369632734,22.27997692
SierraRetinY4,3,2100,-5.848056,36.173056,56.18919599,21.12749338
SierraRetinY4,4,2015,-5.848056,36.173056,2.063891386,21.52612406
SierraRetinY4,4,2016,-5.848056,36.173056,5.381173159,21.84739278
SierraRetinY4,4,2017,-5.848056,36.173056,17.05209798,20.50614929
SierraRetinY4,4,2018,-5.848056,36.173056,58.47525993,19.19857483
SierraRetinY4,4,2019,-5.848056,36.173056,73.97560526,18.90313822
SierraRetinY4,4,2020,-5.848056,36.173056,17.02119082,21.37716675
SierraRetinY4,4,2021,-5.848056,36.173056,3.216148992,21.1473409
SierraRetinY4,4,2022,-5.848056,36.173056,9.460738819,21.79453735
SierraRetinY4,4,2023,-5.848056,36.173056,15.38434551,20.61637675
SierraRetinY4,4,2024,-5.848056,36.173056,30.94386117,19.42938843
SierraRetinY4,4,2025,-5.848056,36.173056,36.22122124,20.19723511
SierraRetinY4,4,2026,-5.848056,36.173056,13.75250856,19.16082967
SierraRetinY4,4,2027,-5.848056,36.173056,91.15741339,19.45635681
SierraRetinY4,4,2028,-5.848056,36.173056,31.34644844,19.20159302
SierraRetinY4,4,2029,-5.848056,36.173056,13.17937803,19.2050293
SierraRetinY4,4,2030,-5.848056,36.173056,26.86163147,18.76974589
SierraRetinY4,4,2031,-5.848056,36.173056,4.373316219,20.38841146
SierraRetinY4,4,2032,-5.848056,36.173056,1.024430664,22.44227193
SierraRetinY4,4,2033,-5.848056,36.173056,19.16925308,20.51295471
SierraRetinY4,4,2034,-5.848056,36.173056,1.494771374,21.94090576
SierraRetinY4,4,2035,-5.848056,36.173056,5.838673824,19.75534465
SierraRetinY4,4,2036,-5.848056,36.173056,32.47078187,20.9474762
SierraRetinY4,4,2037,-5.848056,36.173056,12.14846348,21.44143372
SierraRetinY4,4,2038,-5.848056,36.173056,28.33516175,19.26404012
SierraRetinY4,4,2039,-5.848056,36.173056,117.282562,19.99549459
SierraRetinY4,4,2040,-5.848056,36.173056,64.39729406,19.48872681
SierraRetinY4,4,2041,-5.848056,36.173056,12.63522072,19.99855754
SierraRetinY4,4,2042,-5.848056,36.173056,31.89970842,20.61420695
SierraRetinY4,4,2043,-5.848056,36.173056,13.28408486,20.6173645
SierraRetinY4,4,2044,-5.848056,36.173056,40.14329962,19.96579183
SierraRetinY4,4,2045,-5.848056,36.173056,76.4492374,21.15296122
SierraRetinY4,4,2046,-5.848056,36.173056,2.945458367,21.86996257
SierraRetinY4,4,2047,-5.848056,36.173056,50.59471853,20.83570251
SierraRetinY4,4,2048,-5.848056,36.173056,7.987293119,22.1192688
SierraRetinY4,4,2049,-5.848056,36.173056,20.0130828,19.61318766
SierraRetinY4,4,2050,-5.848056,36.173056,33.08975402,19.06823425
SierraRetinY4,4,2051,-5.848056,36.173056,0.46396376,21.64955343
SierraRetinY4,4,2052,-5.848056,36.173056,24.06826363,20.72365621
SierraRetinY4,4,2053,-5.848056,36.173056,29.2351007,21.16175232
SierraRetinY4,4,2054,-5.848056,36.173056,53.99335702,20.84045512
SierraRetinY4,4,2055,-5.848056,36.173056,26.99791603,20.50307922
SierraRetinY4,4,2056,-5.848056,36.173056,15.7082651,21.07069499
SierraRetinY4,4,2057,-5.848056,36.173056,48.33077517,19.8611735
SierraRetinY4,4,2058,-5.848056,36.173056,10.25781881,20.64600321
SierraRetinY4,4,2059,-5.848056,36.173056,8.549959806,22.60840658
SierraRetinY4,4,2060,-5.848056,36.173056,15.4338362,21.24879659
SierraRetinY4,4,2061,-5.848056,36.173056,9.153620267,21.31215719
SierraRetinY4,4,2062,-5.848056,36.173056,24.95910708,22.03458761
SierraRetinY4,4,2063,-5.848056,36.173056,4.087350128,21.60796305
SierraRetinY4,4,2064,-5.848056,36.173056,18.8201146,21.8455363
SierraRetinY4,4,2065,-5.848056,36.173056,87.36670757,20.43166097
SierraRetinY4,4,2066,-5.848056,36.173056,14.70220322,20.77325948
SierraRetinY4,4,2067,-5.848056,36.173056,61.72179456,20.70668335
SierraRetinY4,4,2068,-5.848056,36.173056,4.76303902,21.76094564
SierraRetinY4,4,2069,-5.848056,36.173056,18.58850503,20.78597616
SierraRetinY4,4,2070,-5.848056,36.173056,21.25622058,21.50587769
SierraRetinY4,4,2071,-5.848056,36.173056,27.27136447,22.93599752
SierraRetinY4,4,2072,-5.848056,36.173056,26.6221179,23.16045125
SierraRetinY4,4,2073,-5.848056,36.173056,20.80029739,21.74215495
SierraRetinY4,4,2074,-5.848056,36.173056,19.97099084,22.3681783
SierraRetinY4,4,2075,-5.848056,36.173056,5.316537075,23.1083018
SierraRetinY4,4,2076,-5.848056,36.173056,8.555672976,21.27585653
SierraRetinY4,4,2077,-5.848056,36.173056,7.232837131,22.64652507
SierraRetinY4,4,2078,-5.848056,36.173056,86.14291759,22.14820658
SierraRetinY4,4,2079,-5.848056,36.173056,11.69536527,22.80415649
SierraRetinY4,4,2080,-5.848056,36.173056,30.27648128,21.34779867
SierraRetinY4,4,2081,-5.848056,36.173056,5.538476279,23.76657104
SierraRetinY4,4,2082,-5.848056,36.173056,4.817902326,22.77761332
SierraRetinY4,4,2083,-5.848056,36.173056,0.352711783,23.3364919
SierraRetinY4,4,2084,-5.848056,36.173056,3.712340419,22.009021
SierraRetinY4,4,2085,-5.848056,36.173056,6.378373062,23.66044108
SierraRetinY4,4,2086,-5.848056,36.173056,2.387653762,21.90799154
SierraRetinY4,4,2087,-5.848056,36.173056,4.85039286,23.28794352
SierraRetinY4,4,2088,-5.848056,36.173056,35.11480742,22.53774211
SierraRetinY4,4,2089,-5.848056,36.173056,14.43454338,23.96877848
SierraRetinY4,4,2090,-5.848056,36.173056,30.30846585,22.15389608
SierraRetinY4,4,2091,-5.848056,36.173056,3.101096775,20.62283427
SierraRetinY4,4,2092,-5.848056,36.173056,3.298386037,23.74327901
SierraRetinY4,4,2093,-5.848056,36.173056,36.62719896,20.72652791
SierraRetinY4,4,2094,-5.848056,36.173056,14.2677665,23.35695089
SierraRetinY4,4,2095,-5.848056,36.173056,21.85789416,20.82110291
SierraRetinY4,4,2096,-5.848056,36.173056,3.61498242,24.71195272
SierraRetinY4,4,2097,-5.848056,36.173056,17.50377105,23.38000895
SierraRetinY4,4,2098,-5.848056,36.173056,0.529362969,23.2559021
SierraRetinY4,4,2099,-5.848056,36.173056,12.59202457,23.35852763
SierraRetinY4,4,2100,-5.848056,36.173056,4.918049497,24.60730082
SierraRetinY4,5,2015,-5.848056,36.173056,12.43049226,22.07564402
SierraRetinY4,5,2016,-5.848056,36.173056,9.035403144,23.35180644
SierraRetinY4,5,2017,-5.848056,36.173056,2.55819272,22.50987175
SierraRetinY4,5,2018,-5.848056,36.173056,35.04389019,21.40649197
SierraRetinY4,5,2019,-5.848056,36.173056,36.32176126,20.06768484
SierraRetinY4,5,2020,-5.848056,36.173056,1.838805425,23.7066865
SierraRetinY4,5,2021,-5.848056,36.173056,38.2054064,21.42429061
SierraRetinY4,5,2022,-5.848056,36.173056,67.23153359,22.21006411
SierraRetinY4,5,2023,-5.848056,36.173056,0.900476318,22.99002548
SierraRetinY4,5,2024,-5.848056,36.173056,2.443617989,23.03904557
SierraRetinY4,5,2025,-5.848056,36.173056,41.63832271,23.04689252
SierraRetinY4,5,2026,-5.848056,36.173056,21.67542119,20.38159948
SierraRetinY4,5,2027,-5.848056,36.173056,18.40817179,21.26883309
SierraRetinY4,5,2028,-5.848056,36.173056,12.32518494,21.01442871
SierraRetinY4,5,2029,-5.848056,36.173056,3.882197966,21.7376579
SierraRetinY4,5,2030,-5.848056,36.173056,18.76061369,20.51242243
SierraRetinY4,5,2031,-5.848056,36.173056,13.09599029,22.38941887
SierraRetinY4,5,2032,-5.848056,36.173056,20.04398826,22.91811917
SierraRetinY4,5,2033,-5.848056,36.173056,10.53876291,21.36863541
SierraRetinY4,5,2034,-5.848056,36.173056,2.807995388,22.84965545
SierraRetinY4,5,2035,-5.848056,36.173056,18.19691967,21.95824093
SierraRetinY4,5,2036,-5.848056,36.173056,58.02920606,22.66673407
SierraRetinY4,5,2037,-5.848056,36.173056,28.5554898,20.83995775
SierraRetinY4,5,2038,-5.848056,36.173056,1.078878928,22.69354721
SierraRetinY4,5,2039,-5.848056,36.173056,29.45958312,21.57029261
SierraRetinY4,5,2040,-5.848056,36.173056,52.49707058,21.5878097
SierraRetinY4,5,2041,-5.848056,36.173056,11.49610074,22.16904454
SierraRetinY4,5,2042,-5.848056,36.173056,3.608827803,24.48550002
SierraRetinY4,5,2043,-5.848056,36.173056,15.73246022,21.8095583
SierraRetinY4,5,2044,-5.848056,36.173056,19.15422359,21.9793965
SierraRetinY4,5,2045,-5.848056,36.173056,6.022364325,22.17797438
SierraRetinY4,5,2046,-5.848056,36.173056,39.85608948,21.89596636
SierraRetinY4,5,2047,-5.848056,36.173056,51.5442496,23.63368845
SierraRetinY4,5,2048,-5.848056,36.173056,2.576071599,22.68082433
SierraRetinY4,5,2049,-5.848056,36.173056,67.39168996,22.1835207
SierraRetinY4,5,2050,-5.848056,36.173056,5.409732508,22.10728583
SierraRetinY4,5,2051,-5.848056,36.173056,39.3294098,22.19393114
SierraRetinY4,5,2052,-5.848056,36.173056,1.898208552,24.26730918
SierraRetinY4,5,2053,-5.848056,36.173056,12.24411172,22.36216076
SierraRetinY4,5,2054,-5.848056,36.173056,31.96803087,21.17584701
SierraRetinY4,5,2055,-5.848056,36.173056,4.251042696,21.9791878
SierraRetinY4,5,2056,-5.848056,36.173056,5.721563159,22.47577377
SierraRetinY4,5,2057,-5.848056,36.173056,9.675585428,22.5305223
SierraRetinY4,5,2058,-5.848056,36.173056,33.18409084,21.53559314
SierraRetinY4,5,2059,-5.848056,36.173056,23.88559813,23.51355847
SierraRetinY4,5,2060,-5.848056,36.173056,2.330868846,24.39907916
SierraRetinY4,5,2061,-5.848056,36.173056,2.902234133,22.22136644
SierraRetinY4,5,2062,-5.848056,36.173056,9.279097128,22.78161995
SierraRetinY4,5,2063,-5.848056,36.173056,34.78481673,20.80941851
SierraRetinY4,5,2064,-5.848056,36.173056,1.27290544,24.28396882
SierraRetinY4,5,2065,-5.848056,36.173056,1.589706651,25.36607489
SierraRetinY4,5,2066,-5.848056,36.173056,6.73334249,23.55709327
SierraRetinY4,5,2067,-5.848056,36.173056,18.26908445,23.06100936
SierraRetinY4,5,2068,-5.848056,36.173056,9.333690725,23.32971664
SierraRetinY4,5,2069,-5.848056,36.173056,22.60285531,23.65163968
SierraRetinY4,5,2070,-5.848056,36.173056,55.83671914,24.16961946
SierraRetinY4,5,2071,-5.848056,36.173056,8.712012238,24.1927439
SierraRetinY4,5,2072,-5.848056,36.173056,2.40277654,25.42226464
SierraRetinY4,5,2073,-5.848056,36.173056,4.606996831,22.66526726
SierraRetinY4,5,2074,-5.848056,36.173056,6.316441966,23.62440619
SierraRetinY4,5,2075,-5.848056,36.173056,9.450040896,24.47388168
SierraRetinY4,5,2076,-5.848056,36.173056,24.60351388,23.99765093
SierraRetinY4,5,2077,-5.848056,36.173056,9.630365183,25.04828452
SierraRetinY4,5,2078,-5.848056,36.173056,17.19277332,22.44534381
SierraRetinY4,5,2079,-5.848056,36.173056,0.332077402,24.3827178
SierraRetinY4,5,2080,-5.848056,36.173056,5.570136534,23.34749854
SierraRetinY4,5,2081,-5.848056,36.173056,14.79159969,24.36407549
SierraRetinY4,5,2082,-5.848056,36.173056,19.95708432,23.90486175
SierraRetinY4,5,2083,-5.848056,36.173056,23.61783909,21.31593549
SierraRetinY4,5,2084,-5.848056,36.173056,16.33081595,25.00880068
SierraRetinY4,5,2085,-5.848056,36.173056,7.195522994,25.61157305
SierraRetinY4,5,2086,-5.848056,36.173056,0.644087853,25.47006895
SierraRetinY4,5,2087,-5.848056,36.173056,1.460505553,25.4074459
SierraRetinY4,5,2088,-5.848056,36.173056,38.07114049,26.63442875
SierraRetinY4,5,2089,-5.848056,36.173056,8.348697372,25.14094671
SierraRetinY4,5,2090,-5.848056,36.173056,51.05417594,22.45653391
SierraRetinY4,5,2091,-5.848056,36.173056,21.00280763,21.80565107
SierraRetinY4,5,2092,-5.848056,36.173056,10.28874444,27.38820604
SierraRetinY4,5,2093,-5.848056,36.173056,6.522554288,25.08996562
SierraRetinY4,5,2094,-5.848056,36.173056,3.646315634,24.57565091
SierraRetinY4,5,2095,-5.848056,36.173056,13.44872036,24.59612033
SierraRetinY4,5,2096,-5.848056,36.173056,0.000875907,26.01535014
SierraRetinY4,5,2097,-5.848056,36.173056,19.25688164,25.37140562
SierraRetinY4,5,2098,-5.848056,36.173056,13.37036567,23.36684964
SierraRetinY4,5,2099,-5.848056,36.173056,19.44438589,24.11412373
SierraRetinY4,5,2100,-5.848056,36.173056,8.763103651,26.35957366
SierraRetinY4,6,2015,-5.848056,36.173056,18.99113009,23.55023702
SierraRetinY4,6,2016,-5.848056,36.173056,0.599169043,25.7741862
SierraRetinY4,6,2017,-5.848056,36.173056,11.27190299,25.87058919
SierraRetinY4,6,2018,-5.848056,36.173056,0.14729571,24.9455485
SierraRetinY4,6,2019,-5.848056,36.173056,3.182466916,25.22499898
SierraRetinY4,6,2020,-5.848056,36.173056,6.657459055,26.31199443
SierraRetinY4,6,2021,-5.848056,36.173056,5.003585603,24.75618286
SierraRetinY4,6,2022,-5.848056,36.173056,18.9198939,24.5236318
SierraRetinY4,6,2023,-5.848056,36.173056,7.91517550849578e-08,25.75038147
SierraRetinY4,6,2024,-5.848056,36.173056,24.15176437,24.93854268
SierraRetinY4,6,2025,-5.848056,36.173056,5.992315624,24.36237488
SierraRetinY4,6,2026,-5.848056,36.173056,10.93913361,21.84538574
SierraRetinY4,6,2027,-5.848056,36.173056,9.424771257,25.023644
SierraRetinY4,6,2028,-5.848056,36.173056,0.382576154,25.74589844
SierraRetinY4,6,2029,-5.848056,36.173056,0.134743805,25.20576681
SierraRetinY4,6,2030,-5.848056,36.173056,4.889845535,25.45631409
SierraRetinY4,6,2031,-5.848056,36.173056,27.27514511,24.55951945
SierraRetinY4,6,2032,-5.848056,36.173056,0.333723304,25.76456502
SierraRetinY4,6,2033,-5.848056,36.173056,0.731472483,25.18232931
SierraRetinY4,6,2034,-5.848056,36.173056,0.019785929,25.39123535
SierraRetinY4,6,2035,-5.848056,36.173056,45.87018423,23.435554
SierraRetinY4,6,2036,-5.848056,36.173056,0.742171531,26.03307495
SierraRetinY4,6,2037,-5.848056,36.173056,7.992561959,23.89029338
SierraRetinY4,6,2038,-5.848056,36.173056,0.803243262,26.64913534
SierraRetinY4,6,2039,-5.848056,36.173056,4.561313293,24.00778503
SierraRetinY4,6,2040,-5.848056,36.173056,5.572236446,24.03648783
SierraRetinY4,6,2041,-5.848056,36.173056,8.728382989,26.52752482
SierraRetinY4,6,2042,-5.848056,36.173056,0.677514845,28.48480225
SierraRetinY4,6,2043,-5.848056,36.173056,36.0488908,24.78121338
SierraRetinY4,6,2044,-5.848056,36.173056,0.190834769,26.84096171
SierraRetinY4,6,2045,-5.848056,36.173056,26.61993706,26.59720052
SierraRetinY4,6,2046,-5.848056,36.173056,1.619039855,24.17323201
SierraRetinY4,6,2047,-5.848056,36.173056,10.28824658,25.43584493
SierraRetinY4,6,2048,-5.848056,36.173056,1.901146838,25.47526143
SierraRetinY4,6,2049,-5.848056,36.173056,0.710295472,28.77330221
SierraRetinY4,6,2050,-5.848056,36.173056,0.042278388,26.94127401
SierraRetinY4,6,2051,-5.848056,36.173056,0.969411424,23.72730408
SierraRetinY4,6,2052,-5.848056,36.173056,0.306442899,27.63270874
SierraRetinY4,6,2053,-5.848056,36.173056,2.76777904,24.13700765
SierraRetinY4,6,2054,-5.848056,36.173056,3.88771857,25.25368551
SierraRetinY4,6,2055,-5.848056,36.173056,0.423473892,26.60661621
SierraRetinY4,6,2056,-5.848056,36.173056,0.445561767,27.00162455
SierraRetinY4,6,2057,-5.848056,36.173056,2.69770758,25.75844218
SierraRetinY4,6,2058,-5.848056,36.173056,20.36817049,25.43350118
SierraRetinY4,6,2059,-5.848056,36.173056,0.239132348,28.21681925
SierraRetinY4,6,2060,-5.848056,36.173056,0.223942755,28.05934143
SierraRetinY4,6,2061,-5.848056,36.173056,0.394166571,23.50621745
SierraRetinY4,6,2062,-5.848056,36.173056,1.160964918,28.06649679
SierraRetinY4,6,2063,-5.848056,36.173056,0.005732964,27.35583801
SierraRetinY4,6,2064,-5.848056,36.173056,3.33816171,24.00118205
SierraRetinY4,6,2065,-5.848056,36.173056,7.396313064,26.72464498
SierraRetinY4,6,2066,-5.848056,36.173056,0.193812972,28.03324382
SierraRetinY4,6,2067,-5.848056,36.173056,5.842242135,25.69350281
SierraRetinY4,6,2068,-5.848056,36.173056,0.479842484,28.35577698
SierraRetinY4,6,2069,-5.848056,36.173056,1.488001896,26.36589559
SierraRetinY4,6,2070,-5.848056,36.173056,22.61245432,25.33925374
SierraRetinY4,6,2071,-5.848056,36.173056,0.284255942,27.2978536
SierraRetinY4,6,2072,-5.848056,36.173056,11.19806138,26.86077677
SierraRetinY4,6,2073,-5.848056,36.173056,3.817119601,26.75053609
SierraRetinY4,6,2074,-5.848056,36.173056,0.845301777,28.22586365
SierraRetinY4,6,2075,-5.848056,36.173056,1.647551279,27.6122406
SierraRetinY4,6,2076,-5.848056,36.173056,3.478019554,27.48888957
SierraRetinY4,6,2077,-5.848056,36.173056,3.181905286,26.18877055
SierraRetinY4,6,2078,-5.848056,36.173056,2.13428662,27.06980387
SierraRetinY4,6,2079,-5.848056,36.173056,42.90095053,27.34775187
SierraRetinY4,6,2080,-5.848056,36.173056,4.763727408,24.28642069
SierraRetinY4,6,2081,-5.848056,36.173056,21.84615681,28.60118408
SierraRetinY4,6,2082,-5.848056,36.173056,3.34613801,28.81008403
SierraRetinY4,6,2083,-5.848056,36.173056,0.523415589,28.5852651
SierraRetinY4,6,2084,-5.848056,36.173056,26.77668661,29.48278605
SierraRetinY4,6,2085,-5.848056,36.173056,2.197099166,27.42320251
SierraRetinY4,6,2086,-5.848056,36.173056,0.54413918,27.95897624
SierraRetinY4,6,2087,-5.848056,36.173056,18.09005902,26.24816081
SierraRetinY4,6,2088,-5.848056,36.173056,4.762793171,30.59145304
SierraRetinY4,6,2089,-5.848056,36.173056,1.824907176,28.11120402
SierraRetinY4,6,2090,-5.848056,36.173056,3.437001878,26.19003398
SierraRetinY4,6,2091,-5.848056,36.173056,0.119285338,27.11529744
SierraRetinY4,6,2092,-5.848056,36.173056,1.347042728,28.245165
SierraRetinY4,6,2093,-5.848056,36.173056,0.951730543,27.42531331
SierraRetinY4,6,2094,-5.848056,36.173056,3.777931033,27.51546631
SierraRetinY4,6,2095,-5.848056,36.173056,1.823956424,29.29344686
SierraRetinY4,6,2096,-5.848056,36.173056,23.98010724,27.92767843
SierraRetinY4,6,2097,-5.848056,36.173056,2.189757679,29.59017436
SierraRetinY4,6,2098,-5.848056,36.173056,2.64387719,27.48193156
SierraRetinY4,6,2099,-5.848056,36.173056,3.399618633,26.9915802
SierraRetinY4,6,2100,-5.848056,36.173056,0.915423669,26.17417908
SierraRetinY4,7,2015,-5.848056,36.173056,1.50377766452989e-06,28.96837867
SierraRetinY4,7,2016,-5.848056,36.173056,2.044675725,29.17422466
SierraRetinY4,7,2017,-5.848056,36.173056,0.177844276,29.43978075
SierraRetinY4,7,2018,-5.848056,36.173056,0.548973364,28.38661617
SierraRetinY4,7,2019,-5.848056,36.173056,0.119959435,29.14026647
SierraRetinY4,7,2020,-5.848056,36.173056,0.934840962,29.06211095
SierraRetinY4,7,2021,-5.848056,36.173056,2.00130404999461e-08,30.43272134
SierraRetinY4,7,2022,-5.848056,36.173056,1.518574025,28.54286125
SierraRetinY4,7,2023,-5.848056,36.173056,3.983911804,28.45606335
SierraRetinY4,7,2024,-5.848056,36.173056,1.558121431,28.18407002
SierraRetinY4,7,2025,-5.848056,36.173056,9.391009969,29.65452015
SierraRetinY4,7,2026,-5.848056,36.173056,1.365055211,27.92002603
SierraRetinY4,7,2027,-5.848056,36.173056,1.588406629,28.49708882
SierraRetinY4,7,2028,-5.848056,36.173056,0.004521671,29.88755434
SierraRetinY4,7,2029,-5.848056,36.173056,1.242893491,26.65092892
SierraRetinY4,7,2030,-5.848056,36.173056,3.493915822,28.23037109
SierraRetinY4,7,2031,-5.848056,36.173056,3.561011953,28.58409345
SierraRetinY4,7,2032,-5.848056,36.173056,0.385532718,30.34602582
SierraRetinY4,7,2033,-5.848056,36.173056,4.004512055,29.82932877
SierraRetinY4,7,2034,-5.848056,36.173056,1.976495495,29.4574711
SierraRetinY4,7,2035,-5.848056,36.173056,0.541968144,28.55487336
SierraRetinY4,7,2036,-5.848056,36.173056,0.878526815,30.61542417
SierraRetinY4,7,2037,-5.848056,36.173056,0.277243961,30.80385742
SierraRetinY4,7,2038,-5.848056,36.173056,2.855115074,29.84154072
SierraRetinY4,7,2039,-5.848056,36.173056,0.000782208,29.48401647
SierraRetinY4,7,2040,-5.848056,36.173056,4.67929004,25.78677545
SierraRetinY4,7,2041,-5.848056,36.173056,7.046805745,30.9090525
SierraRetinY4,7,2042,-5.848056,36.173056,3.882228138,29.24572931
SierraRetinY4,7,2043,-5.848056,36.173056,4.458987523,28.49223653
SierraRetinY4,7,2044,-5.848056,36.173056,1.44449431315506e-05,29.3670987
SierraRetinY4,7,2045,-5.848056,36.173056,0.979255116,28.16647024
SierraRetinY4,7,2046,-5.848056,36.173056,1.238273071,28.97281553
SierraRetinY4,7,2047,-5.848056,36.173056,4.850020852,28.54451707
SierraRetinY4,7,2048,-5.848056,36.173056,0.084842209,30.99219223
SierraRetinY4,7,2049,-5.848056,36.173056,0.801767131,30.02314985
SierraRetinY4,7,2050,-5.848056,36.173056,0.159227898,30.03752363
SierraRetinY4,7,2051,-5.848056,36.173056,12.23461649,26.5929465
SierraRetinY4,7,2052,-5.848056,36.173056,4.345394045,28.02866172
SierraRetinY4,7,2053,-5.848056,36.173056,0.152841846,29.24147162
SierraRetinY4,7,2054,-5.848056,36.173056,5.289757566,28.47438965
SierraRetinY4,7,2055,-5.848056,36.173056,5.524087411,30.82221325
SierraRetinY4,7,2056,-5.848056,36.173056,0.616745687,28.50788712
SierraRetinY4,7,2057,-5.848056,36.173056,5.359066484,30.0963753
SierraRetinY4,7,2058,-5.848056,36.173056,2.2848254,27.86363644
SierraRetinY4,7,2059,-5.848056,36.173056,5.777942957,29.4217488
SierraRetinY4,7,2060,-5.848056,36.173056,0.328722625,31.23183988
SierraRetinY4,7,2061,-5.848056,36.173056,2.271673572,29.7048456
SierraRetinY4,7,2062,-5.848056,36.173056,0.51092705,30.3198506
SierraRetinY4,7,2063,-5.848056,36.173056,0.441257527,30.21395165
SierraRetinY4,7,2064,-5.848056,36.173056,0.145290024,31.44588525
SierraRetinY4,7,2065,-5.848056,36.173056,1.437529366,28.53058137
SierraRetinY4,7,2066,-5.848056,36.173056,2.414849641,30.00059539
SierraRetinY4,7,2067,-5.848056,36.173056,0.003654385,30.22735478
SierraRetinY4,7,2068,-5.848056,36.173056,2.174301085,30.53432223
SierraRetinY4,7,2069,-5.848056,36.173056,5.824790342,30.0278722
SierraRetinY4,7,2070,-5.848056,36.173056,0.673654871,31.40928384
SierraRetinY4,7,2071,-5.848056,36.173056,2.267278409,31.43262388
SierraRetinY4,7,2072,-5.848056,36.173056,0.885496967,30.88126181
SierraRetinY4,7,2073,-5.848056,36.173056,0.352342733,28.99281537
SierraRetinY4,7,2074,-5.848056,36.173056,0.087037702,32.12856938
SierraRetinY4,7,2075,-5.848056,36.173056,1.505782067,32.82451487
SierraRetinY4,7,2076,-5.848056,36.173056,0.707116972,31.13170875
SierraRetinY4,7,2077,-5.848056,36.173056,0.09512904,30.82571982
SierraRetinY4,7,2078,-5.848056,36.173056,6.64669994,29.07699664
SierraRetinY4,7,2079,-5.848056,36.173056,5.965526408,31.15902789
SierraRetinY4,7,2080,-5.848056,36.173056,0.539911322,31.23878804
SierraRetinY4,7,2081,-5.848056,36.173056,2.774209448,28.9767523
SierraRetinY4,7,2082,-5.848056,36.173056,5.003615386,29.12217643
SierraRetinY4,7,2083,-5.848056,36.173056,9.043613335,29.6483487
SierraRetinY4,7,2084,-5.848056,36.173056,3.395555199,27.55892826
SierraRetinY4,7,2085,-5.848056,36.173056,2.291879859,31.6638536
SierraRetinY4,7,2086,-5.848056,36.173056,3.605298093,31.06945978
SierraRetinY4,7,2087,-5.848056,36.173056,0.278596881,33.67961347
SierraRetinY4,7,2088,-5.848056,36.173056,1.219429711,30.29281597
SierraRetinY4,7,2089,-5.848056,36.173056,2.26827118,32.35042036
SierraRetinY4,7,2090,-5.848056,36.173056,6.036541593,32.79195261
SierraRetinY4,7,2091,-5.848056,36.173056,10.04953868,28.91214954
SierraRetinY4,7,2092,-5.848056,36.173056,0.684637688,32.19317607
SierraRetinY4,7,2093,-5.848056,36.173056,0.86933424,31.76620759
SierraRetinY4,7,2094,-5.848056,36.173056,0.428830955,31.55415374
SierraRetinY4,7,2095,-5.848056,36.173056,0.000811271,32.62496535
SierraRetinY4,7,2096,-5.848056,36.173056,3.026338972,30.6147774
SierraRetinY4,7,2097,-5.848056,36.173056,0.165213904,33.62415417
SierraRetinY4,7,2098,-5.848056,36.173056,0.743954931,32.59369172
SierraRetinY4,7,2099,-5.848056,36.173056,7.580040771,30.87722168
SierraRetinY4,7,2100,-5.848056,36.173056,2.156365101,32.59007883
SierraRetinY4,8,2015,-5.848056,36.173056,0.849143359,30.22361194
SierraRetinY4,8,2016,-5.848056,36.173056,0.642580192,29.78553506
SierraRetinY4,8,2017,-5.848056,36.173056,2.711136647,29.27169386
SierraRetinY4,8,2018,-5.848056,36.173056,1.200227225,29.61860194
SierraRetinY4,8,2019,-5.848056,36.173056,0.905089543,28.95346148
SierraRetinY4,8,2020,-5.848056,36.173056,1.915356068,28.2645498
SierraRetinY4,8,2021,-5.848056,36.173056,1.742725404,29.77286731
SierraRetinY4,8,2022,-5.848056,36.173056,5.669790815,28.93768783
SierraRetinY4,8,2023,-5.848056,36.173056,0.00394682,29.06620031
SierraRetinY4,8,2024,-5.848056,36.173056,0.001057335,28.72994877
SierraRetinY4,8,2025,-5.848056,36.173056,7.943171567,29.21864644
SierraRetinY4,8,2026,-5.848056,36.173056,0.263051847,28.17122704
SierraRetinY4,8,2027,-5.848056,36.173056,3.709113411,28.25462765
SierraRetinY4,8,2028,-5.848056,36.173056,0.212071656,29.14637786
SierraRetinY4,8,2029,-5.848056,36.173056,0.04643081,29.06538421
SierraRetinY4,8,2030,-5.848056,36.173056,9.579233012,29.05763963
SierraRetinY4,8,2031,-5.848056,36.173056,8.42021998374139e-05,29.21037125
SierraRetinY4,8,2032,-5.848056,36.173056,1.994824176,31.01105307
SierraRetinY4,8,2033,-5.848056,36.173056,3.422269023,28.94107036
SierraRetinY4,8,2034,-5.848056,36.173056,11.75748789,29.03733363
SierraRetinY4,8,2035,-5.848056,36.173056,21.3961054,31.03439114
SierraRetinY4,8,2036,-5.848056,36.173056,3.33413869,30.65094171
SierraRetinY4,8,2037,-5.848056,36.173056,0.000159404,28.73656222
SierraRetinY4,8,2038,-5.848056,36.173056,0.828246091,29.61083374
SierraRetinY4,8,2039,-5.848056,36.173056,1.918775953,29.10891606
SierraRetinY4,8,2040,-5.848056,36.173056,1.337125271,29.10071569
SierraRetinY4,8,2041,-5.848056,36.173056,0.968687195,31.77259069
SierraRetinY4,8,2042,-5.848056,36.173056,2.264894879,29.8144293
SierraRetinY4,8,2043,-5.848056,36.173056,9.956147428,31.28412732
SierraRetinY4,8,2044,-5.848056,36.173056,0.00130192,29.93231772
SierraRetinY4,8,2045,-5.848056,36.173056,0.756047499,28.92905333
SierraRetinY4,8,2046,-5.848056,36.173056,1.813750515,29.05289267
SierraRetinY4,8,2047,-5.848056,36.173056,0.027514465,28.39015523
SierraRetinY4,8,2048,-5.848056,36.173056,0.198126952,30.87176199
SierraRetinY4,8,2049,-5.848056,36.173056,1.494831396,29.24369349
SierraRetinY4,8,2050,-5.848056,36.173056,2.09803904,29.59549226
SierraRetinY4,8,2051,-5.848056,36.173056,13.10647048,27.03245082
SierraRetinY4,8,2052,-5.848056,36.173056,0.014455887,29.58049041
SierraRetinY4,8,2053,-5.848056,36.173056,0.641590338,29.77581669
SierraRetinY4,8,2054,-5.848056,36.173056,3.139526162,29.97214119
SierraRetinY4,8,2055,-5.848056,36.173056,9.827922328,28.56889767
SierraRetinY4,8,2056,-5.848056,36.173056,1.822877263,30.61737435
SierraRetinY4,8,2057,-5.848056,36.173056,7.911342084,28.83415449
SierraRetinY4,8,2058,-5.848056,36.173056,10.86427207,28.27708465
SierraRetinY4,8,2059,-5.848056,36.173056,0.694298668,31.71034073
SierraRetinY4,8,2060,-5.848056,36.173056,0.091557126,31.80628603
SierraRetinY4,8,2061,-5.848056,36.173056,4.46235786003045e-06,31.61790496
SierraRetinY4,8,2062,-5.848056,36.173056,11.05857755,29.82543237
SierraRetinY4,8,2063,-5.848056,36.173056,2.509827336,28.35393972
SierraRetinY4,8,2064,-5.848056,36.173056,1.161843145,31.17499646
SierraRetinY4,8,2065,-5.848056,36.173056,1.105282651,30.66136593
SierraRetinY4,8,2066,-5.848056,36.173056,12.8623459,30.31664921
SierraRetinY4,8,2067,-5.848056,36.173056,0.078508998,30.83428345
SierraRetinY4,8,2068,-5.848056,36.173056,5.280938566,28.62525379
SierraRetinY4,8,2069,-5.848056,36.173056,0.003478368,30.91525446
SierraRetinY4,8,2070,-5.848056,36.173056,0.934173887,30.60727598
SierraRetinY4,8,2071,-5.848056,36.173056,1.969936582,30.47832248
SierraRetinY4,8,2072,-5.848056,36.173056,2.22884697,32.46905399
SierraRetinY4,8,2073,-5.848056,36.173056,6.4989477963491e-05,32.60546265
SierraRetinY4,8,2074,-5.848056,36.173056,4.28571376912572e-06,32.28246952
SierraRetinY4,8,2075,-5.848056,36.173056,7.046040007,32.05739254
SierraRetinY4,8,2076,-5.848056,36.173056,7.864154966,33.01522906
SierraRetinY4,8,2077,-5.848056,36.173056,1.543313085,30.77136112
SierraRetinY4,8,2078,-5.848056,36.173056,0.783833635,33.57239931
SierraRetinY4,8,2079,-5.848056,36.173056,2.219669758,31.30385447
SierraRetinY4,8,2080,-5.848056,36.173056,1.801878834,30.26375536
SierraRetinY4,8,2081,-5.848056,36.173056,6.646963817,30.44879918
SierraRetinY4,8,2082,-5.848056,36.173056,2.385647605,31.43377961
SierraRetinY4,8,2083,-5.848056,36.173056,4.542563799,30.43386723
SierraRetinY4,8,2084,-5.848056,36.173056,0.331727048,29.4531504
SierraRetinY4,8,2085,-5.848056,36.173056,2.737494747,32.37352708
SierraRetinY4,8,2086,-5.848056,36.173056,0.92799813,32.6662448
SierraRetinY4,8,2087,-5.848056,36.173056,0.232677084,32.52495038
SierraRetinY4,8,2088,-5.848056,36.173056,0.770219725,30.28732871
SierraRetinY4,8,2089,-5.848056,36.173056,0.101982214,33.80169166
SierraRetinY4,8,2090,-5.848056,36.173056,1.7128064,31.48794438
SierraRetinY4,8,2091,-5.848056,36.173056,1.906555939,31.64397977
SierraRetinY4,8,2092,-5.848056,36.173056,21.49132232,31.97278797
SierraRetinY4,8,2093,-5.848056,36.173056,4.604095018,32.65164165
SierraRetinY4,8,2094,-5.848056,36.173056,1.254010834,31.52585311
SierraRetinY4,8,2095,-5.848056,36.173056,4.099572953,33.39315481
SierraRetinY4,8,2096,-5.848056,36.173056,2.732075737,32.0266574
SierraRetinY4,8,2097,-5.848056,36.173056,2.353071647,33.18513715
SierraRetinY4,8,2098,-5.848056,36.173056,1.453655135,31.60993593
SierraRetinY4,8,2099,-5.848056,36.173056,0.191476595,32.51863817
SierraRetinY4,8,2100,-5.848056,36.173056,2.630866625,31.72393287
SierraRetinY4,9,2015,-5.848056,36.173056,24.50915859,28.57156982
SierraRetinY4,9,2016,-5.848056,36.173056,29.22111749,26.59377747
SierraRetinY4,9,2017,-5.848056,36.173056,24.77724472,26.30657857
SierraRetinY4,9,2018,-5.848056,36.173056,0.026589366,26.94984538
SierraRetinY4,9,2019,-5.848056,36.173056,17.82801805,25.26397909
SierraRetinY4,9,2020,-5.848056,36.173056,7.013818028,26.72547709
SierraRetinY4,9,2021,-5.848056,36.173056,1.306674307,26.44688517
SierraRetinY4,9,2022,-5.848056,36.173056,21.88091083,26.9959727
SierraRetinY4,9,2023,-5.848056,36.173056,8.537536497,27.55709839
SierraRetinY4,9,2024,-5.848056,36.173056,9.399256637,27.42982279
SierraRetinY4,9,2025,-5.848056,36.173056,7.566241388,26.55586243
SierraRetinY4,9,2026,-5.848056,36.173056,4.92064549,27.2962148
SierraRetinY4,9,2027,-5.848056,36.173056,8.920559945,29.1184021
SierraRetinY4,9,2028,-5.848056,36.173056,2.488058706,26.45292155
SierraRetinY4,9,2029,-5.848056,36.173056,6.973197814,28.32643738
SierraRetinY4,9,2030,-5.848056,36.173056,26.50341795,27.62182617
SierraRetinY4,9,2031,-5.848056,36.173056,7.320081904,26.49912618
SierraRetinY4,9,2032,-5.848056,36.173056,7.861562662,27.35492249
SierraRetinY4,9,2033,-5.848056,36.173056,1.553063025,27.63021545
SierraRetinY4,9,2034,-5.848056,36.173056,12.08666705,27.02035726
SierraRetinY4,9,2035,-5.848056,36.173056,0.632140169,26.82594401
SierraRetinY4,9,2036,-5.848056,36.173056,11.49107883,28.45326233
SierraRetinY4,9,2037,-5.848056,36.173056,10.82292632,27.57608948
SierraRetinY4,9,2038,-5.848056,36.173056,3.554472563,27.15273438
SierraRetinY4,9,2039,-5.848056,36.173056,0.04588755,28.44449259
SierraRetinY4,9,2040,-5.848056,36.173056,0.121457037,27.34805298
SierraRetinY4,9,2041,-5.848056,36.173056,4.114460114,28.67449137
SierraRetinY4,9,2042,-5.848056,36.173056,0.658846257,28.95988363
SierraRetinY4,9,2043,-5.848056,36.173056,0.327794133,27.35135091
SierraRetinY4,9,2044,-5.848056,36.173056,0.464483472,27.66448669
SierraRetinY4,9,2045,-5.848056,36.173056,0.020803925,28.62621663
SierraRetinY4,9,2046,-5.848056,36.173056,1.261283008,28.98129374
SierraRetinY4,9,2047,-5.848056,36.173056,1.224706432,27.55779317
SierraRetinY4,9,2048,-5.848056,36.173056,30.22957046,27.56044006
SierraRetinY4,9,2049,-5.848056,36.173056,6.641539418,29.00004883
SierraRetinY4,9,2050,-5.848056,36.173056,1.263765997,28.08132019
SierraRetinY4,9,2051,-5.848056,36.173056,1.473976535,26.95030416
SierraRetinY4,9,2052,-5.848056,36.173056,22.53924592,26.2769399
SierraRetinY4,9,2053,-5.848056,36.173056,6.0153397,28.54000651
SierraRetinY4,9,2054,-5.848056,36.173056,0.789818818,28.36925456
SierraRetinY4,9,2055,-5.848056,36.173056,3.366205055,28.02923482
SierraRetinY4,9,2056,-5.848056,36.173056,0.060061081,29.40348918
SierraRetinY4,9,2057,-5.848056,36.173056,3.803074834,28.66814982
SierraRetinY4,9,2058,-5.848056,36.173056,1.514322726,28.65764364
SierraRetinY4,9,2059,-5.848056,36.173056,0.468177887,29.25479126
SierraRetinY4,9,2060,-5.848056,36.173056,3.921313379,28.50254822
SierraRetinY4,9,2061,-5.848056,36.173056,0.903341764,28.7136851
SierraRetinY4,9,2062,-5.848056,36.173056,1.50054899,28.34292297
SierraRetinY4,9,2063,-5.848056,36.173056,18.26500175,28.56814473
SierraRetinY4,9,2064,-5.848056,36.173056,22.77314293,28.5242981
SierraRetinY4,9,2065,-5.848056,36.173056,16.27495057,28.32391357
SierraRetinY4,9,2066,-5.848056,36.173056,0.963469199,27.90540975
SierraRetinY4,9,2067,-5.848056,36.173056,0.284146237,29.09283142
SierraRetinY4,9,2068,-5.848056,36.173056,6.468264813,29.07060649
SierraRetinY4,9,2069,-5.848056,36.173056,0.258833358,29.58896179
SierraRetinY4,9,2070,-5.848056,36.173056,14.2510512,28.63681742
SierraRetinY4,9,2071,-5.848056,36.173056,7.622365556,31.17619019
SierraRetinY4,9,2072,-5.848056,36.173056,12.36848181,29.9059255
SierraRetinY4,9,2073,-5.848056,36.173056,2.51648897,30.20960083
SierraRetinY4,9,2074,-5.848056,36.173056,0.108202152,29.27158712
SierraRetinY4,9,2075,-5.848056,36.173056,0.519169293,30.62102865
SierraRetinY4,9,2076,-5.848056,36.173056,10.26566111,28.71099345
SierraRetinY4,9,2077,-5.848056,36.173056,4.755691113,29.78325297
SierraRetinY4,9,2078,-5.848056,36.173056,0.082604201,30.26497904
SierraRetinY4,9,2079,-5.848056,36.173056,1.94573279,30.96542765
SierraRetinY4,9,2080,-5.848056,36.173056,0.630769392,31.25986532
SierraRetinY4,9,2081,-5.848056,36.173056,1.876749921,29.46453857
SierraRetinY4,9,2082,-5.848056,36.173056,0.013662509,29.57674052
SierraRetinY4,9,2083,-5.848056,36.173056,1.095602322,28.29357605
SierraRetinY4,9,2084,-5.848056,36.173056,1.985829899,30.55337626
SierraRetinY4,9,2085,-5.848056,36.173056,10.53026425,31.09463094
SierraRetinY4,9,2086,-5.848056,36.173056,9.690228521,30.15946655
SierraRetinY4,9,2087,-5.848056,36.173056,29.21692035,30.36206156
SierraRetinY4,9,2088,-5.848056,36.173056,34.07904681,27.57948507
SierraRetinY4,9,2089,-5.848056,36.173056,11.78313792,31.52589315
SierraRetinY4,9,2090,-5.848056,36.173056,0.195149626,30.29550273
SierraRetinY4,9,2091,-5.848056,36.173056,1.844610936,29.10214335
SierraRetinY4,9,2092,-5.848056,36.173056,6.593448655,29.3230011
SierraRetinY4,9,2093,-5.848056,36.173056,3.909538306,28.78351542
SierraRetinY4,9,2094,-5.848056,36.173056,109.4597031,30.70560913
SierraRetinY4,9,2095,-5.848056,36.173056,0.374773387,29.95059001
SierraRetinY4,9,2096,-5.848056,36.173056,5.819319121,29.45409139
SierraRetinY4,9,2097,-5.848056,36.173056,16.27963167,32.22047119
SierraRetinY4,9,2098,-5.848056,36.173056,0.291393995,31.45845235
SierraRetinY4,9,2099,-5.848056,36.173056,6.752708534,31.98074137
SierraRetinY4,9,2100,-5.848056,36.173056,5.438497925,33.03823242
SierraRetinY5,1,2015,-5.833055556,36.17694444,49.72905653,17.94166791
SierraRetinY5,1,2016,-5.833055556,36.17694444,38.74718134,16.70481902
SierraRetinY5,1,2017,-5.833055556,36.17694444,200.1230891,18.78475145
SierraRetinY5,1,2018,-5.833055556,36.17694444,123.1025422,15.2102098
SierraRetinY5,1,2019,-5.833055556,36.17694444,24.81484505,16.73945844
SierraRetinY5,1,2020,-5.833055556,36.17694444,240.3910603,17.13590147
SierraRetinY5,1,2021,-5.833055556,36.17694444,53.06857622,16.67655581
SierraRetinY5,1,2022,-5.833055556,36.17694444,228.8520963,17.07765424
SierraRetinY5,1,2023,-5.833055556,36.17694444,100.2021665,17.02001343
SierraRetinY5,1,2024,-5.833055556,36.17694444,243.1637298,16.91102236
SierraRetinY5,1,2025,-5.833055556,36.17694444,205.8457633,17.31040689
SierraRetinY5,1,2026,-5.833055556,36.17694444,153.0187309,17.68368904
SierraRetinY5,1,2027,-5.833055556,36.17694444,78.68985511,16.04736013
SierraRetinY5,1,2028,-5.833055556,36.17694444,56.97746027,16.28520331
SierraRetinY5,1,2029,-5.833055556,36.17694444,23.4505916,16.98295721
SierraRetinY5,1,2030,-5.833055556,36.17694444,229.1626478,17.3540805
SierraRetinY5,1,2031,-5.833055556,36.17694444,489.8903648,19.1625
SierraRetinY5,1,2032,-5.833055556,36.17694444,129.0241607,16.71409735
SierraRetinY5,1,2033,-5.833055556,36.17694444,25.04430707,16.62272083
SierraRetinY5,1,2034,-5.833055556,36.17694444,57.1360638,17.96391031
SierraRetinY5,1,2035,-5.833055556,36.17694444,31.04984059,15.33105055
SierraRetinY5,1,2036,-5.833055556,36.17694444,116.0493314,18.57261983
SierraRetinY5,1,2037,-5.833055556,36.17694444,3.071600274,17.44380513
SierraRetinY5,1,2038,-5.833055556,36.17694444,146.8452231,17.44995983
SierraRetinY5,1,2039,-5.833055556,36.17694444,6.111233108,18.34179766
SierraRetinY5,1,2040,-5.833055556,36.17694444,89.01611071,19.67674186
SierraRetinY5,1,2041,-5.833055556,36.17694444,40.01769455,17.68848621
SierraRetinY5,1,2042,-5.833055556,36.17694444,24.22610293,17.12428609
SierraRetinY5,1,2043,-5.833055556,36.17694444,50.7544826,18.77081378
SierraRetinY5,1,2044,-5.833055556,36.17694444,12.23279219,17.39221369
SierraRetinY5,1,2045,-5.833055556,36.17694444,21.19698057,18.85575699
SierraRetinY5,1,2046,-5.833055556,36.17694444,35.25764349,19.08629662
SierraRetinY5,1,2047,-5.833055556,36.17694444,44.74779479,18.41500146
SierraRetinY5,1,2048,-5.833055556,36.17694444,68.56554858,19.28371188
SierraRetinY5,1,2049,-5.833055556,36.17694444,35.89458113,18.52754536
SierraRetinY5,1,2050,-5.833055556,36.17694444,137.2569515,18.49339226
SierraRetinY5,1,2051,-5.833055556,36.17694444,61.94504599,16.74338832
SierraRetinY5,1,2052,-5.833055556,36.17694444,76.91554705,17.8161629
SierraRetinY5,1,2053,-5.833055556,36.17694444,110.669672,18.01417276
SierraRetinY5,1,2054,-5.833055556,36.17694444,21.05875049,17.45774083
SierraRetinY5,1,2055,-5.833055556,36.17694444,93.73419799,17.21474117
SierraRetinY5,1,2056,-5.833055556,36.17694444,73.4615249,16.2383982
SierraRetinY5,1,2057,-5.833055556,36.17694444,61.60433351,18.69526111
SierraRetinY5,1,2058,-5.833055556,36.17694444,43.16726067,19.15984103
SierraRetinY5,1,2059,-5.833055556,36.17694444,10.85982009,18.98871322
SierraRetinY5,1,2060,-5.833055556,36.17694444,22.57803506,19.66672915
SierraRetinY5,1,2061,-5.833055556,36.17694444,73.26687041,19.81468427
SierraRetinY5,1,2062,-5.833055556,36.17694444,55.08007596,18.49307231
SierraRetinY5,1,2063,-5.833055556,36.17694444,127.4021938,17.60399386
SierraRetinY5,1,2064,-5.833055556,36.17694444,182.4792974,18.75531675
SierraRetinY5,1,2065,-5.833055556,36.17694444,77.40068947,18.9641574
SierraRetinY5,1,2066,-5.833055556,36.17694444,87.94481044,19.44514889
SierraRetinY5,1,2067,-5.833055556,36.17694444,87.95485745,17.71004836
SierraRetinY5,1,2068,-5.833055556,36.17694444,27.48930456,18.06784333
SierraRetinY5,1,2069,-5.833055556,36.17694444,110.7206458,17.91216726
SierraRetinY5,1,2070,-5.833055556,36.17694444,111.7230649,19.42586079
SierraRetinY5,1,2071,-5.833055556,36.17694444,64.04783599,18.17641897
SierraRetinY5,1,2072,-5.833055556,36.17694444,12.75331727,20.00599405
SierraRetinY5,1,2073,-5.833055556,36.17694444,136.8615983,18.38759273
SierraRetinY5,1,2074,-5.833055556,36.17694444,29.10096956,19.84630344
SierraRetinY5,1,2075,-5.833055556,36.17694444,19.29918961,17.9559334
SierraRetinY5,1,2076,-5.833055556,36.17694444,192.7657381,20.49910003
SierraRetinY5,1,2077,-5.833055556,36.17694444,76.29181524,18.9031882
SierraRetinY5,1,2078,-5.833055556,36.17694444,22.70129148,17.92842821
SierraRetinY5,1,2079,-5.833055556,36.17694444,26.5925465,19.18734623
SierraRetinY5,1,2080,-5.833055556,36.17694444,39.23773484,17.34175435
SierraRetinY5,1,2081,-5.833055556,36.17694444,10.41773445,19.09349483
SierraRetinY5,1,2082,-5.833055556,36.17694444,144.4762518,20.36451554
SierraRetinY5,1,2083,-5.833055556,36.17694444,35.28512583,19.74857926
SierraRetinY5,1,2084,-5.833055556,36.17694444,187.3800266,19.73338249
SierraRetinY5,1,2085,-5.833055556,36.17694444,101.3971728,20.84184098
SierraRetinY5,1,2086,-5.833055556,36.17694444,51.03694329,18.21304794
SierraRetinY5,1,2087,-5.833055556,36.17694444,242.9984627,19.80655281
SierraRetinY5,1,2088,-5.833055556,36.17694444,74.71194701,16.99713804
SierraRetinY5,1,2089,-5.833055556,36.17694444,35.33380064,18.68706468
SierraRetinY5,1,2090,-5.833055556,36.17694444,41.72543792,20.56653206
SierraRetinY5,1,2091,-5.833055556,36.17694444,72.94084339,20.30023764
SierraRetinY5,1,2092,-5.833055556,36.17694444,98.77719865,20.15428191
SierraRetinY5,1,2093,-5.833055556,36.17694444,107.4260909,19.01276796
SierraRetinY5,1,2094,-5.833055556,36.17694444,35.1500512,20.66896973
SierraRetinY5,1,2095,-5.833055556,36.17694444,43.45917027,20.55323329
SierraRetinY5,1,2096,-5.833055556,36.17694444,27.21566292,20.7980768
SierraRetinY5,1,2097,-5.833055556,36.17694444,177.1061379,19.52828172
SierraRetinY5,1,2098,-5.833055556,36.17694444,33.36441191,20.53920111
SierraRetinY5,1,2099,-5.833055556,36.17694444,27.3734636,20.59645602
SierraRetinY5,1,2100,-5.833055556,36.17694444,7.507399759,20.72880288
SierraRetinY5,10,2015,-5.833055556,36.17694444,12.37612002,25.1928896
SierraRetinY5,10,2016,-5.833055556,36.17694444,44.18550649,24.0000382
SierraRetinY5,10,2017,-5.833055556,36.17694444,20.29658792,22.65851106
SierraRetinY5,10,2018,-5.833055556,36.17694444,2.52326461,23.90514034
SierraRetinY5,10,2019,-5.833055556,36.17694444,55.2358949,23.43195742
SierraRetinY5,10,2020,-5.833055556,36.17694444,7.814255928,23.07541071
SierraRetinY5,10,2021,-5.833055556,36.17694444,4.499712779,23.6679213
SierraRetinY5,10,2022,-5.833055556,36.17694444,7.951066088,25.34114203
SierraRetinY5,10,2023,-5.833055556,36.17694444,10.2431229,24.24216565
SierraRetinY5,10,2024,-5.833055556,36.17694444,13.82115624,23.62249835
SierraRetinY5,10,2025,-5.833055556,36.17694444,47.46089536,23.8080718
SierraRetinY5,10,2026,-5.833055556,36.17694444,42.20781446,23.32754202
SierraRetinY5,10,2027,-5.833055556,36.17694444,12.85358273,23.3981656
SierraRetinY5,10,2028,-5.833055556,36.17694444,1.974694176,24.55411928
SierraRetinY5,10,2029,-5.833055556,36.17694444,0.336841513,24.17013825
SierraRetinY5,10,2030,-5.833055556,36.17694444,39.17878879,24.62599605
SierraRetinY5,10,2031,-5.833055556,36.17694444,35.83542756,24.46546572
SierraRetinY5,10,2032,-5.833055556,36.17694444,70.60247728,22.48073534
SierraRetinY5,10,2033,-5.833055556,36.17694444,62.99923921,24.91834855
SierraRetinY5,10,2034,-5.833055556,36.17694444,11.86679885,24.04030663
SierraRetinY5,10,2035,-5.833055556,36.17694444,1.083217492,24.70913972
SierraRetinY5,10,2036,-5.833055556,36.17694444,11.37343897,24.86344939
SierraRetinY5,10,2037,-5.833055556,36.17694444,57.25294303,23.48787743
SierraRetinY5,10,2038,-5.833055556,36.17694444,14.93259738,22.73719522
SierraRetinY5,10,2039,-5.833055556,36.17694444,3.421313691,24.55812398
SierraRetinY5,10,2040,-5.833055556,36.17694444,40.60714725,24.25764692
SierraRetinY5,10,2041,-5.833055556,36.17694444,27.40345816,25.06004855
SierraRetinY5,10,2042,-5.833055556,36.17694444,10.34153787,24.36681125
SierraRetinY5,10,2043,-5.833055556,36.17694444,8.11206702,24.55763176
SierraRetinY5,10,2044,-5.833055556,36.17694444,12.10651808,23.57119141
SierraRetinY5,10,2045,-5.833055556,36.17694444,0.058167514,24.72931676
SierraRetinY5,10,2046,-5.833055556,36.17694444,1.25459274,24.28340966
SierraRetinY5,10,2047,-5.833055556,36.17694444,72.09281269,24.14774131
SierraRetinY5,10,2048,-5.833055556,36.17694444,2.016748451,25.32585174
SierraRetinY5,10,2049,-5.833055556,36.17694444,14.44872082,24.28545434
SierraRetinY5,10,2050,-5.833055556,36.17694444,16.11313572,23.53092199
SierraRetinY5,10,2051,-5.833055556,36.17694444,0.16364453,24.27827877
SierraRetinY5,10,2052,-5.833055556,36.17694444,0.395685886,24.42219081
SierraRetinY5,10,2053,-5.833055556,36.17694444,23.56609607,24.17645146
SierraRetinY5,10,2054,-5.833055556,36.17694444,4.55003555,24.57831972
SierraRetinY5,10,2055,-5.833055556,36.17694444,10.36791995,24.25239789
SierraRetinY5,10,2056,-5.833055556,36.17694444,11.93002333,24.84773284
SierraRetinY5,10,2057,-5.833055556,36.17694444,22.64660349,23.45423328
SierraRetinY5,10,2058,-5.833055556,36.17694444,109.3157935,24.82251548
SierraRetinY5,10,2059,-5.833055556,36.17694444,11.80605877,24.70088521
SierraRetinY5,10,2060,-5.833055556,36.17694444,16.73986383,25.6426557
SierraRetinY5,10,2061,-5.833055556,36.17694444,20.7500956,25.8094953
SierraRetinY5,10,2062,-5.833055556,36.17694444,28.28843095,23.43993333
SierraRetinY5,10,2063,-5.833055556,36.17694444,7.092656565,25.49303195
SierraRetinY5,10,2064,-5.833055556,36.17694444,16.83264739,23.75932243
SierraRetinY5,10,2065,-5.833055556,36.17694444,1.15512658,25.59409731
SierraRetinY5,10,2066,-5.833055556,36.17694444,2.75230292,24.6659731
SierraRetinY5,10,2067,-5.833055556,36.17694444,27.58762705,25.39232394
SierraRetinY5,10,2068,-5.833055556,36.17694444,7.172744911,24.89378091
SierraRetinY5,10,2069,-5.833055556,36.17694444,8.799946119,25.31501209
SierraRetinY5,10,2070,-5.833055556,36.17694444,3.850338857,23.94147989
SierraRetinY5,10,2071,-5.833055556,36.17694444,57.66236283,25.38073415
SierraRetinY5,10,2072,-5.833055556,36.17694444,5.801145099,26.02508821
SierraRetinY5,10,2073,-5.833055556,36.17694444,23.10348175,25.90302282
SierraRetinY5,10,2074,-5.833055556,36.17694444,3.897902674,26.64370511
SierraRetinY5,10,2075,-5.833055556,36.17694444,19.808965,27.18658428
SierraRetinY5,10,2076,-5.833055556,36.17694444,17.98021164,25.60825254
SierraRetinY5,10,2077,-5.833055556,36.17694444,14.18726561,26.1944903
SierraRetinY5,10,2078,-5.833055556,36.17694444,10.83816006,24.45440457
SierraRetinY5,10,2079,-5.833055556,36.17694444,0.458800902,26.27252178
SierraRetinY5,10,2080,-5.833055556,36.17694444,26.91380297,25.92195356
SierraRetinY5,10,2081,-5.833055556,36.17694444,16.07937167,25.56822923
SierraRetinY5,10,2082,-5.833055556,36.17694444,1.987487788,25.66063351
SierraRetinY5,10,2083,-5.833055556,36.17694444,0.607860799,26.93284636
SierraRetinY5,10,2084,-5.833055556,36.17694444,26.5002021,26.22663318
SierraRetinY5,10,2085,-5.833055556,36.17694444,36.2241157,27.27136506
SierraRetinY5,10,2086,-5.833055556,36.17694444,31.41913297,25.0542069
SierraRetinY5,10,2087,-5.833055556,36.17694444,16.4208227,26.78917551
SierraRetinY5,10,2088,-5.833055556,36.17694444,0.292950778,27.36145197
SierraRetinY5,10,2089,-5.833055556,36.17694444,66.93298606,25.40902001
SierraRetinY5,10,2090,-5.833055556,36.17694444,6.665967441,27.00878001
SierraRetinY5,10,2091,-5.833055556,36.17694444,38.94751268,25.05509388
SierraRetinY5,10,2092,-5.833055556,36.17694444,0.738709299,27.19584784
SierraRetinY5,10,2093,-5.833055556,36.17694444,24.16457137,26.51681007
SierraRetinY5,10,2094,-5.833055556,36.17694444,1.630588089,26.72842191
SierraRetinY5,10,2095,-5.833055556,36.17694444,0.220842174,26.93195545
SierraRetinY5,10,2096,-5.833055556,36.17694444,54.12420823,23.45871346
SierraRetinY5,10,2097,-5.833055556,36.17694444,16.99968212,27.53624189
SierraRetinY5,10,2098,-5.833055556,36.17694444,1.463791494,27.91275989
SierraRetinY5,10,2099,-5.833055556,36.17694444,0.316171897,26.74982457
SierraRetinY5,10,2100,-5.833055556,36.17694444,11.66136409,28.62821892
SierraRetinY5,11,2015,-5.833055556,36.17694444,182.4267585,19.24752096
SierraRetinY5,11,2016,-5.833055556,36.17694444,9.371200779,19.82614644
SierraRetinY5,11,2017,-5.833055556,36.17694444,89.33413917,19.15717367
SierraRetinY5,11,2018,-5.833055556,36.17694444,22.30921981,19.86667786
SierraRetinY5,11,2019,-5.833055556,36.17694444,40.9057158,19.81118266
SierraRetinY5,11,2020,-5.833055556,36.17694444,19.08607848,20.86202393
SierraRetinY5,11,2021,-5.833055556,36.17694444,32.67604575,20.22105713
SierraRetinY5,11,2022,-5.833055556,36.17694444,20.83425483,20.91120911
SierraRetinY5,11,2023,-5.833055556,36.17694444,14.80499818,21.16497294
SierraRetinY5,11,2024,-5.833055556,36.17694444,220.0242247,19.26984049
SierraRetinY5,11,2025,-5.833055556,36.17694444,46.31567076,17.54557292
SierraRetinY5,11,2026,-5.833055556,36.17694444,13.69275162,18.72352397
SierraRetinY5,11,2027,-5.833055556,36.17694444,132.1962225,19.58795166
SierraRetinY5,11,2028,-5.833055556,36.17694444,6.692370409,20.79804586
SierraRetinY5,11,2029,-5.833055556,36.17694444,91.06831086,17.83311157
SierraRetinY5,11,2030,-5.833055556,36.17694444,3.572666614,22.71667786
SierraRetinY5,11,2031,-5.833055556,36.17694444,16.63311207,21.23199361
SierraRetinY5,11,2032,-5.833055556,36.17694444,26.39827936,19.65681864
SierraRetinY5,11,2033,-5.833055556,36.17694444,29.78371099,19.23155111
SierraRetinY5,11,2034,-5.833055556,36.17694444,80.19300693,19.13440348
SierraRetinY5,11,2035,-5.833055556,36.17694444,34.10288377,21.2728658
SierraRetinY5,11,2036,-5.833055556,36.17694444,24.56398111,19.75728455
SierraRetinY5,11,2037,-5.833055556,36.17694444,29.6071171,19.4903422
SierraRetinY5,11,2038,-5.833055556,36.17694444,148.1884403,20.24668783
SierraRetinY5,11,2039,-5.833055556,36.17694444,21.65395576,20.74826762
SierraRetinY5,11,2040,-5.833055556,36.17694444,31.06868872,19.89126485
SierraRetinY5,11,2041,-5.833055556,36.17694444,37.34703539,19.17488607
SierraRetinY5,11,2042,-5.833055556,36.17694444,157.4309236,20.58994853
SierraRetinY5,11,2043,-5.833055556,36.17694444,130.9171432,21.02472839
SierraRetinY5,11,2044,-5.833055556,36.17694444,1.650858184,20.23444316
SierraRetinY5,11,2045,-5.833055556,36.17694444,13.38517691,21.96685994
SierraRetinY5,11,2046,-5.833055556,36.17694444,159.2809236,20.43553874
SierraRetinY5,11,2047,-5.833055556,36.17694444,45.8157826,19.95514323
SierraRetinY5,11,2048,-5.833055556,36.17694444,51.9603584,19.81430461
SierraRetinY5,11,2049,-5.833055556,36.17694444,6.780534604,20.00665588
SierraRetinY5,11,2050,-5.833055556,36.17694444,17.43454485,21.8307017
SierraRetinY5,11,2051,-5.833055556,36.17694444,67.4020418,21.51361491
SierraRetinY5,11,2052,-5.833055556,36.17694444,87.79191852,19.79025574
SierraRetinY5,11,2053,-5.833055556,36.17694444,43.0143962,20.48165588
SierraRetinY5,11,2054,-5.833055556,36.17694444,0.667327721,21.21924438
SierraRetinY5,11,2055,-5.833055556,36.17694444,36.01822344,20.05091858
SierraRetinY5,11,2056,-5.833055556,36.17694444,110.9831911,21.49181112
SierraRetinY5,11,2057,-5.833055556,36.17694444,27.90290481,20.86201274
SierraRetinY5,11,2058,-5.833055556,36.17694444,43.1288041,20.51632996
SierraRetinY5,11,2059,-5.833055556,36.17694444,1.671880602,22.48670858
SierraRetinY5,11,2060,-5.833055556,36.17694444,33.17874486,21.68725281
SierraRetinY5,11,2061,-5.833055556,36.17694444,2.913059162,21.50735067
SierraRetinY5,11,2062,-5.833055556,36.17694444,19.64062014,21.63124186
SierraRetinY5,11,2063,-5.833055556,36.17694444,52.99912353,20.91130676
SierraRetinY5,11,2064,-5.833055556,36.17694444,9.573291419,19.98453979
SierraRetinY5,11,2065,-5.833055556,36.17694444,39.53943526,20.78220317
SierraRetinY5,11,2066,-5.833055556,36.17694444,34.70776958,21.27582601
SierraRetinY5,11,2067,-5.833055556,36.17694444,45.32905431,21.40060832
SierraRetinY5,11,2068,-5.833055556,36.17694444,85.08118523,19.07708944
SierraRetinY5,11,2069,-5.833055556,36.17694444,24.86164657,22.07705078
SierraRetinY5,11,2070,-5.833055556,36.17694444,17.19775212,20.36112569
SierraRetinY5,11,2071,-5.833055556,36.17694444,7.149445096,20.86259664
SierraRetinY5,11,2072,-5.833055556,36.17694444,2.190445919,23.08274434
SierraRetinY5,11,2073,-5.833055556,36.17694444,35.6163643,21.00340169
SierraRetinY5,11,2074,-5.833055556,36.17694444,2.313077287,21.95812988
SierraRetinY5,11,2075,-5.833055556,36.17694444,50.87675487,23.26003418
SierraRetinY5,11,2076,-5.833055556,36.17694444,8.293493542,23.14577637
SierraRetinY5,11,2077,-5.833055556,36.17694444,32.77377316,22.0608429
SierraRetinY5,11,2078,-5.833055556,36.17694444,0.334884277,21.36850179
SierraRetinY5,11,2079,-5.833055556,36.17694444,4.82946637,23.31637472
SierraRetinY5,11,2080,-5.833055556,36.17694444,10.52002988,23.79721985
SierraRetinY5,11,2081,-5.833055556,36.17694444,5.816855273,23.00645549
SierraRetinY5,11,2082,-5.833055556,36.17694444,39.03505728,22.61429342
SierraRetinY5,11,2083,-5.833055556,36.17694444,41.86010611,21.51568909
SierraRetinY5,11,2084,-5.833055556,36.17694444,36.11933991,21.83999227
SierraRetinY5,11,2085,-5.833055556,36.17694444,25.39405044,22.40009257
SierraRetinY5,11,2086,-5.833055556,36.17694444,45.28861063,22.89809367
SierraRetinY5,11,2087,-5.833055556,36.17694444,5.852710678,22.43766073
SierraRetinY5,11,2088,-5.833055556,36.17694444,30.34574377,21.70735881
SierraRetinY5,11,2089,-5.833055556,36.17694444,36.14414359,21.14086812
SierraRetinY5,11,2090,-5.833055556,36.17694444,2.965639627,22.99570719
SierraRetinY5,11,2091,-5.833055556,36.17694444,1.530143422,22.03983561
SierraRetinY5,11,2092,-5.833055556,36.17694444,24.06705728,23.07287598
SierraRetinY5,11,2093,-5.833055556,36.17694444,8.27791349,23.47692057
SierraRetinY5,11,2094,-5.833055556,36.17694444,3.906200698,24.44195557
SierraRetinY5,11,2095,-5.833055556,36.17694444,0.886546031,23.48081868
SierraRetinY5,11,2096,-5.833055556,36.17694444,39.80478752,23.01995239
SierraRetinY5,11,2097,-5.833055556,36.17694444,7.531495869,24.38914286
SierraRetinY5,11,2098,-5.833055556,36.17694444,42.07209086,23.08532613
SierraRetinY5,11,2099,-5.833055556,36.17694444,4.631652742,23.15675456
SierraRetinY5,11,2100,-5.833055556,36.17694444,22.17224963,23.22208659
SierraRetinY5,12,2015,-5.833055556,36.17694444,99.31543004,17.61786755
SierraRetinY5,12,2016,-5.833055556,36.17694444,57.74650673,17.82651978
SierraRetinY5,12,2017,-5.833055556,36.17694444,97.35866821,18.12538866
SierraRetinY5,12,2018,-5.833055556,36.17694444,68.50222824,16.8918396
SierraRetinY5,12,2019,-5.833055556,36.17694444,14.66540693,16.34363561
SierraRetinY5,12,2020,-5.833055556,36.17694444,78.26989612,17.93115571
SierraRetinY5,12,2021,-5.833055556,36.17694444,82.86942202,17.50657979
SierraRetinY5,12,2022,-5.833055556,36.17694444,18.44426059,18.4545798
SierraRetinY5,12,2023,-5.833055556,36.17694444,238.5585497,17.47300848
SierraRetinY5,12,2024,-5.833055556,36.17694444,259.5075614,18.46495768
SierraRetinY5,12,2025,-5.833055556,36.17694444,50.05623588,16.86059846
SierraRetinY5,12,2026,-5.833055556,36.17694444,130.0152303,17.52622622
SierraRetinY5,12,2027,-5.833055556,36.17694444,238.0137492,17.11126591
SierraRetinY5,12,2028,-5.833055556,36.17694444,31.88209177,18.95953573
SierraRetinY5,12,2029,-5.833055556,36.17694444,146.6386158,17.88751989
SierraRetinY5,12,2030,-5.833055556,36.17694444,24.54513541,19.15727132
SierraRetinY5,12,2031,-5.833055556,36.17694444,51.86860245,17.94919886
SierraRetinY5,12,2032,-5.833055556,36.17694444,31.54739637,17.40864766
SierraRetinY5,12,2033,-5.833055556,36.17694444,29.96533126,18.91998862
SierraRetinY5,12,2034,-5.833055556,36.17694444,256.1917358,17.40300706
SierraRetinY5,12,2035,-5.833055556,36.17694444,59.83210935,18.54268405
SierraRetinY5,12,2036,-5.833055556,36.17694444,50.47364393,17.8517863
SierraRetinY5,12,2037,-5.833055556,36.17694444,1.870687623,17.90901706
SierraRetinY5,12,2038,-5.833055556,36.17694444,30.70371765,18.99552455
SierraRetinY5,12,2039,-5.833055556,36.17694444,138.0433807,20.15733268
SierraRetinY5,12,2040,-5.833055556,36.17694444,31.16902867,18.68703824
SierraRetinY5,12,2041,-5.833055556,36.17694444,35.93514071,17.94570805
SierraRetinY5,12,2042,-5.833055556,36.17694444,81.90089016,19.85806353
SierraRetinY5,12,2043,-5.833055556,36.17694444,205.1180326,18.98364337
SierraRetinY5,12,2044,-5.833055556,36.17694444,50.41115969,19.49297791
SierraRetinY5,12,2045,-5.833055556,36.17694444,50.04408006,18.47322407
SierraRetinY5,12,2046,-5.833055556,36.17694444,71.6894042,17.90215651
SierraRetinY5,12,2047,-5.833055556,36.17694444,82.67083017,20.68596999
SierraRetinY5,12,2048,-5.833055556,36.17694444,107.7964631,19.75441284
SierraRetinY5,12,2049,-5.833055556,36.17694444,38.81163333,18.63877111
SierraRetinY5,12,2050,-5.833055556,36.17694444,74.10175788,18.52730509
SierraRetinY5,12,2051,-5.833055556,36.17694444,75.35518179,18.40514133
SierraRetinY5,12,2052,-5.833055556,36.17694444,67.09565409,16.11522725
SierraRetinY5,12,2053,-5.833055556,36.17694444,137.9827752,18.4496645
SierraRetinY5,12,2054,-5.833055556,36.17694444,12.37967585,18.68437815
SierraRetinY5,12,2055,-5.833055556,36.17694444,118.1436646,16.92167693
SierraRetinY5,12,2056,-5.833055556,36.17694444,3.893583182,18.43902893
SierraRetinY5,12,2057,-5.833055556,36.17694444,319.6256451,18.87815394
SierraRetinY5,12,2058,-5.833055556,36.17694444,9.249486388,19.57988596
SierraRetinY5,12,2059,-5.833055556,36.17694444,186.1506713,18.29855327
SierraRetinY5,12,2060,-5.833055556,36.17694444,19.53865951,19.32960584
SierraRetinY5,12,2061,-5.833055556,36.17694444,4.967839026,18.99288921
SierraRetinY5,12,2062,-5.833055556,36.17694444,22.14817659,18.63716647
SierraRetinY5,12,2063,-5.833055556,36.17694444,18.77763902,19.19976196
SierraRetinY5,12,2064,-5.833055556,36.17694444,53.97049897,19.0659668
SierraRetinY5,12,2065,-5.833055556,36.17694444,21.92443859,20.09447927
SierraRetinY5,12,2066,-5.833055556,36.17694444,140.4134827,18.76784077
SierraRetinY5,12,2067,-5.833055556,36.17694444,75.0866945,19.25009234
SierraRetinY5,12,2068,-5.833055556,36.17694444,40.12730217,19.23935954
SierraRetinY5,12,2069,-5.833055556,36.17694444,74.16807258,19.42709429
SierraRetinY5,12,2070,-5.833055556,36.17694444,46.85769512,19.02002055
SierraRetinY5,12,2071,-5.833055556,36.17694444,95.23164472,18.0479823
SierraRetinY5,12,2072,-5.833055556,36.17694444,100.2049486,17.8001943
SierraRetinY5,12,2073,-5.833055556,36.17694444,20.24167046,18.80575148
SierraRetinY5,12,2074,-5.833055556,36.17694444,79.36807138,19.20689914
SierraRetinY5,12,2075,-5.833055556,36.17694444,47.0629694,18.68283849
SierraRetinY5,12,2076,-5.833055556,36.17694444,27.08837145,20.19711202
SierraRetinY5,12,2077,-5.833055556,36.17694444,167.5536036,20.69102212
SierraRetinY5,12,2078,-5.833055556,36.17694444,44.76938828,20.64342651
SierraRetinY5,12,2079,-5.833055556,36.17694444,71.73295939,21.39024186
SierraRetinY5,12,2080,-5.833055556,36.17694444,21.59766894,19.06188249
SierraRetinY5,12,2081,-5.833055556,36.17694444,84.37114214,22.14545446
SierraRetinY5,12,2082,-5.833055556,36.17694444,20.62966111,20.63068198
SierraRetinY5,12,2083,-5.833055556,36.17694444,30.52986511,20.84588111
SierraRetinY5,12,2084,-5.833055556,36.17694444,125.228623,20.85760193
SierraRetinY5,12,2085,-5.833055556,36.17694444,28.75638928,20.83147681
SierraRetinY5,12,2086,-5.833055556,36.17694444,161.8570363,19.25362943
SierraRetinY5,12,2087,-5.833055556,36.17694444,88.32117845,19.61002945
SierraRetinY5,12,2088,-5.833055556,36.17694444,76.30657124,20.47789103
SierraRetinY5,12,2089,-5.833055556,36.17694444,29.03051947,20.48896721
SierraRetinY5,12,2090,-5.833055556,36.17694444,11.38898314,21.95431112
SierraRetinY5,12,2091,-5.833055556,36.17694444,21.44762663,18.11217061
SierraRetinY5,12,2092,-5.833055556,36.17694444,142.4533013,21.03610433
SierraRetinY5,12,2093,-5.833055556,36.17694444,103.8107704,20.69987813
SierraRetinY5,12,2094,-5.833055556,36.17694444,38.1335423,20.7941991
SierraRetinY5,12,2095,-5.833055556,36.17694444,33.20415548,21.38904872
SierraRetinY5,12,2096,-5.833055556,36.17694444,72.77084543,21.40380046
SierraRetinY5,12,2097,-5.833055556,36.17694444,29.28923892,21.56037046
SierraRetinY5,12,2098,-5.833055556,36.17694444,3.471413989,21.31357186
SierraRetinY5,12,2099,-5.833055556,36.17694444,144.1190037,20.7165358
SierraRetinY5,12,2100,-5.833055556,36.17694444,9.582186988,20.46112976
SierraRetinY5,2,2015,-5.833055556,36.17694444,63.84424322,18.37862658
SierraRetinY5,2,2016,-5.833055556,36.17694444,10.46413852,17.39239207
SierraRetinY5,2,2017,-5.833055556,36.17694444,7.399380699,18.32642081
SierraRetinY5,2,2018,-5.833055556,36.17694444,3.229036964,17.3473635
SierraRetinY5,2,2019,-5.833055556,36.17694444,102.5907294,18.47630027
SierraRetinY5,2,2020,-5.833055556,36.17694444,129.6566728,19.02775963
SierraRetinY5,2,2021,-5.833055556,36.17694444,12.22188986,17.07035435
SierraRetinY5,2,2022,-5.833055556,36.17694444,16.68487175,16.7901038
SierraRetinY5,2,2023,-5.833055556,36.17694444,16.60168536,18.63750174
SierraRetinY5,2,2024,-5.833055556,36.17694444,25.26074205,17.60133646
SierraRetinY5,2,2025,-5.833055556,36.17694444,152.9556081,17.98776616
SierraRetinY5,2,2026,-5.833055556,36.17694444,10.90174959,17.82072056
SierraRetinY5,2,2027,-5.833055556,36.17694444,21.64862622,17.89978943
SierraRetinY5,2,2028,-5.833055556,36.17694444,40.48539133,17.29362561
SierraRetinY5,2,2029,-5.833055556,36.17694444,48.72548152,17.76304779
SierraRetinY5,2,2030,-5.833055556,36.17694444,63.7457378,16.76564178
SierraRetinY5,2,2031,-5.833055556,36.17694444,46.05016362,18.97739454
SierraRetinY5,2,2032,-5.833055556,36.17694444,19.94340294,19.55560219
SierraRetinY5,2,2033,-5.833055556,36.17694444,2.231866842,19.95511126
SierraRetinY5,2,2034,-5.833055556,36.17694444,8.55211508,19.95592433
SierraRetinY5,2,2035,-5.833055556,36.17694444,209.1915479,18.06773529
SierraRetinY5,2,2036,-5.833055556,36.17694444,95.96020834,19.12814457
SierraRetinY5,2,2037,-5.833055556,36.17694444,5.483608201,18.47547193
SierraRetinY5,2,2038,-5.833055556,36.17694444,122.7995586,15.58963274
SierraRetinY5,2,2039,-5.833055556,36.17694444,91.67113698,17.53382263
SierraRetinY5,2,2040,-5.833055556,36.17694444,14.75331078,18.01038566
SierraRetinY5,2,2041,-5.833055556,36.17694444,88.86683386,17.15075945
SierraRetinY5,2,2042,-5.833055556,36.17694444,43.562953,19.66448582
SierraRetinY5,2,2043,-5.833055556,36.17694444,118.2502336,17.6373873
SierraRetinY5,2,2044,-5.833055556,36.17694444,7.430568378,18.30984834
SierraRetinY5,2,2045,-5.833055556,36.17694444,36.70812048,16.24863913
SierraRetinY5,2,2046,-5.833055556,36.17694444,22.49935339,19.66775883
SierraRetinY5,2,2047,-5.833055556,36.17694444,26.42368788,18.00972355
SierraRetinY5,2,2048,-5.833055556,36.17694444,48.28184564,17.24038086
SierraRetinY5,2,2049,-5.833055556,36.17694444,128.0472203,16.73270024
SierraRetinY5,2,2050,-5.833055556,36.17694444,5.168183041,18.0029214
SierraRetinY5,2,2051,-5.833055556,36.17694444,6.111762216,19.01293008
SierraRetinY5,2,2052,-5.833055556,36.17694444,23.70077895,18.75190914
SierraRetinY5,2,2053,-5.833055556,36.17694444,1.280420798,18.31902357
SierraRetinY5,2,2054,-5.833055556,36.17694444,5.467968884,17.95039302
SierraRetinY5,2,2055,-5.833055556,36.17694444,32.40146558,18.17749612
SierraRetinY5,2,2056,-5.833055556,36.17694444,0.975037259,17.9308137
SierraRetinY5,2,2057,-5.833055556,36.17694444,36.40302221,18.13017317
SierraRetinY5,2,2058,-5.833055556,36.17694444,41.29590132,17.34875968
SierraRetinY5,2,2059,-5.833055556,36.17694444,23.50421699,19.90556815
SierraRetinY5,2,2060,-5.833055556,36.17694444,54.62046737,17.83995972
SierraRetinY5,2,2061,-5.833055556,36.17694444,24.3080138,19.49833396
SierraRetinY5,2,2062,-5.833055556,36.17694444,5.449706232,17.87075849
SierraRetinY5,2,2063,-5.833055556,36.17694444,17.37075728,18.69330314
SierraRetinY5,2,2064,-5.833055556,36.17694444,74.96599772,18.77699459
SierraRetinY5,2,2065,-5.833055556,36.17694444,3.000299901,18.71734772
SierraRetinY5,2,2066,-5.833055556,36.17694444,30.38708616,19.33625837
SierraRetinY5,2,2067,-5.833055556,36.17694444,1.442317387,19.33624529
SierraRetinY5,2,2068,-5.833055556,36.17694444,0.812167861,20.39811149
SierraRetinY5,2,2069,-5.833055556,36.17694444,51.80851816,17.5951379
SierraRetinY5,2,2070,-5.833055556,36.17694444,362.106525,18.86268332
SierraRetinY5,2,2071,-5.833055556,36.17694444,10.22657363,18.33682295
SierraRetinY5,2,2072,-5.833055556,36.17694444,9.420084327,20.58119591
SierraRetinY5,2,2073,-5.833055556,36.17694444,102.0538918,19.86106589
SierraRetinY5,2,2074,-5.833055556,36.17694444,91.26781006,18.21816079
SierraRetinY5,2,2075,-5.833055556,36.17694444,5.941491045,18.28983132
SierraRetinY5,2,2076,-5.833055556,36.17694444,20.44906923,18.98912332
SierraRetinY5,2,2077,-5.833055556,36.17694444,3.055023841,20.67952554
SierraRetinY5,2,2078,-5.833055556,36.17694444,70.67244974,18.66338283
SierraRetinY5,2,2079,-5.833055556,36.17694444,3.667198947,20.19682356
SierraRetinY5,2,2080,-5.833055556,36.17694444,172.2014147,20.44130438
SierraRetinY5,2,2081,-5.833055556,36.17694444,28.48177388,19.68199746
SierraRetinY5,2,2082,-5.833055556,36.17694444,16.74508914,20.85312042
SierraRetinY5,2,2083,-5.833055556,36.17694444,149.7711502,19.4527189
SierraRetinY5,2,2084,-5.833055556,36.17694444,16.26723457,19.71650559
SierraRetinY5,2,2085,-5.833055556,36.17694444,10.96460572,18.29768088
SierraRetinY5,2,2086,-5.833055556,36.17694444,82.03924436,18.63764452
SierraRetinY5,2,2087,-5.833055556,36.17694444,217.2631732,18.59025508
SierraRetinY5,2,2088,-5.833055556,36.17694444,51.53810554,20.89819041
SierraRetinY5,2,2089,-5.833055556,36.17694444,9.840562775,20.92608577
SierraRetinY5,2,2090,-5.833055556,36.17694444,478.9314787,19.6377012
SierraRetinY5,2,2091,-5.833055556,36.17694444,2.810381968,19.76884504
SierraRetinY5,2,2092,-5.833055556,36.17694444,29.96429761,18.91759644
SierraRetinY5,2,2093,-5.833055556,36.17694444,9.714728257,20.14156494
SierraRetinY5,2,2094,-5.833055556,36.17694444,63.91886804,21.93419473
SierraRetinY5,2,2095,-5.833055556,36.17694444,45.95298105,18.35296456
SierraRetinY5,2,2096,-5.833055556,36.17694444,80.0746709,19.91884345
SierraRetinY5,2,2097,-5.833055556,36.17694444,105.4746254,20.95683223
SierraRetinY5,2,2098,-5.833055556,36.17694444,24.67465398,19.39481942
SierraRetinY5,2,2099,-5.833055556,36.17694444,38.09362359,19.9825967
SierraRetinY5,2,2100,-5.833055556,36.17694444,52.17524093,21.32203282
SierraRetinY5,3,2015,-5.833055556,36.17694444,58.27834321,18.23577172
SierraRetinY5,3,2016,-5.833055556,36.17694444,25.55470856,20.06851669
SierraRetinY5,3,2017,-5.833055556,36.17694444,40.23141098,18.55196829
SierraRetinY5,3,2018,-5.833055556,36.17694444,7.929612883,19.28521906
SierraRetinY5,3,2019,-5.833055556,36.17694444,28.59202199,19.28935665
SierraRetinY5,3,2020,-5.833055556,36.17694444,35.91192121,18.20180172
SierraRetinY5,3,2021,-5.833055556,36.17694444,27.03039757,18.96175439
SierraRetinY5,3,2022,-5.833055556,36.17694444,1.402204435,20.11697466
SierraRetinY5,3,2023,-5.833055556,36.17694444,38.37078784,20.18033703
SierraRetinY5,3,2024,-5.833055556,36.17694444,16.45163134,17.76375142
SierraRetinY5,3,2025,-5.833055556,36.17694444,125.7179099,18.19104181
SierraRetinY5,3,2026,-5.833055556,36.17694444,10.95777051,18.12756328
SierraRetinY5,3,2027,-5.833055556,36.17694444,34.84077533,17.87222467
SierraRetinY5,3,2028,-5.833055556,36.17694444,17.12960836,19.73730843
SierraRetinY5,3,2029,-5.833055556,36.17694444,10.42480498,18.37048123
SierraRetinY5,3,2030,-5.833055556,36.17694444,51.06843764,17.69688642
SierraRetinY5,3,2031,-5.833055556,36.17694444,15.7725844,18.73363844
SierraRetinY5,3,2032,-5.833055556,36.17694444,12.0754002,19.08881285
SierraRetinY5,3,2033,-5.833055556,36.17694444,4.919686403,20.0696232
SierraRetinY5,3,2034,-5.833055556,36.17694444,0.258090077,21.49275631
SierraRetinY5,3,2035,-5.833055556,36.17694444,126.9287414,18.87181121
SierraRetinY5,3,2036,-5.833055556,36.17694444,16.131556,20.07861604
SierraRetinY5,3,2037,-5.833055556,36.17694444,18.18556211,19.61844345
SierraRetinY5,3,2038,-5.833055556,36.17694444,44.37956694,19.66996007
SierraRetinY5,3,2039,-5.833055556,36.17694444,2.492405906,21.44221231
SierraRetinY5,3,2040,-5.833055556,36.17694444,144.2922416,18.30449337
SierraRetinY5,3,2041,-5.833055556,36.17694444,74.76096718,16.92059996
SierraRetinY5,3,2042,-5.833055556,36.17694444,1.524780764,19.21958461
SierraRetinY5,3,2043,-5.833055556,36.17694444,22.25740531,20.71981792
SierraRetinY5,3,2044,-5.833055556,36.17694444,33.89925885,19.84240309
SierraRetinY5,3,2045,-5.833055556,36.17694444,2.525248024,20.64173623
SierraRetinY5,3,2046,-5.833055556,36.17694444,62.77471841,19.84318867
SierraRetinY5,3,2047,-5.833055556,36.17694444,22.85650907,19.04227846
SierraRetinY5,3,2048,-5.833055556,36.17694444,0.684394002,19.90857505
SierraRetinY5,3,2049,-5.833055556,36.17694444,49.95628754,19.59556215
SierraRetinY5,3,2050,-5.833055556,36.17694444,11.15712971,19.59145409
SierraRetinY5,3,2051,-5.833055556,36.17694444,16.69969148,19.56152521
SierraRetinY5,3,2052,-5.833055556,36.17694444,25.34830085,19.50403403
SierraRetinY5,3,2053,-5.833055556,36.17694444,33.48872471,18.30816138
SierraRetinY5,3,2054,-5.833055556,36.17694444,1.463713071,19.66233265
SierraRetinY5,3,2055,-5.833055556,36.17694444,46.29264454,18.5014105
SierraRetinY5,3,2056,-5.833055556,36.17694444,8.997301201,19.1173202
SierraRetinY5,3,2057,-5.833055556,36.17694444,31.68552095,18.45659101
SierraRetinY5,3,2058,-5.833055556,36.17694444,36.541532,21.24163306
SierraRetinY5,3,2059,-5.833055556,36.17694444,9.42360495,20.36655726
SierraRetinY5,3,2060,-5.833055556,36.17694444,29.27775478,19.13213501
SierraRetinY5,3,2061,-5.833055556,36.17694444,9.802029877,19.99370826
SierraRetinY5,3,2062,-5.833055556,36.17694444,76.69649523,18.94582027
SierraRetinY5,3,2063,-5.833055556,36.17694444,30.31256169,18.25094093
SierraRetinY5,3,2064,-5.833055556,36.17694444,53.26086476,19.73996247
SierraRetinY5,3,2065,-5.833055556,36.17694444,5.991407001,21.82815237
SierraRetinY5,3,2066,-5.833055556,36.17694444,12.48758782,20.48474495
SierraRetinY5,3,2067,-5.833055556,36.17694444,64.61484846,18.38317162
SierraRetinY5,3,2068,-5.833055556,36.17694444,27.72817189,19.86937866
SierraRetinY5,3,2069,-5.833055556,36.17694444,4.25852739,20.17139243
SierraRetinY5,3,2070,-5.833055556,36.17694444,18.14781176,19.86045572
SierraRetinY5,3,2071,-5.833055556,36.17694444,7.782336916,20.81401584
SierraRetinY5,3,2072,-5.833055556,36.17694444,44.96991382,20.11681026
SierraRetinY5,3,2073,-5.833055556,36.17694444,76.06195914,19.1102165
SierraRetinY5,3,2074,-5.833055556,36.17694444,39.24212524,19.98323482
SierraRetinY5,3,2075,-5.833055556,36.17694444,9.088173265,20.19081145
SierraRetinY5,3,2076,-5.833055556,36.17694444,5.636288953,20.66523378
SierraRetinY5,3,2077,-5.833055556,36.17694444,14.86452726,21.79000047
SierraRetinY5,3,2078,-5.833055556,36.17694444,47.11298969,19.3629178
SierraRetinY5,3,2079,-5.833055556,36.17694444,16.50816535,20.14130899
SierraRetinY5,3,2080,-5.833055556,36.17694444,109.266538,19.1002786
SierraRetinY5,3,2081,-5.833055556,36.17694444,5.832540114,20.78731591
SierraRetinY5,3,2082,-5.833055556,36.17694444,16.79290429,20.76076562
SierraRetinY5,3,2083,-5.833055556,36.17694444,8.795655507,20.2631834
SierraRetinY5,3,2084,-5.833055556,36.17694444,24.35257647,21.18726354
SierraRetinY5,3,2085,-5.833055556,36.17694444,22.0028086,20.55517854
SierraRetinY5,3,2086,-5.833055556,36.17694444,0.061704877,21.01911168
SierraRetinY5,3,2087,-5.833055556,36.17694444,70.64522086,20.78453586
SierraRetinY5,3,2088,-5.833055556,36.17694444,22.87912223,20.49452731
SierraRetinY5,3,2089,-5.833055556,36.17694444,3.74816037,22.4715397
SierraRetinY5,3,2090,-5.833055556,36.17694444,247.3192324,19.71932275
SierraRetinY5,3,2091,-5.833055556,36.17694444,24.8182433,20.37675604
SierraRetinY5,3,2092,-5.833055556,36.17694444,2.338442192,21.41066993
SierraRetinY5,3,2093,-5.833055556,36.17694444,68.35547465,19.76950743
SierraRetinY5,3,2094,-5.833055556,36.17694444,63.39617716,20.47060547
SierraRetinY5,3,2095,-5.833055556,36.17694444,4.512231736,21.88280443
SierraRetinY5,3,2096,-5.833055556,36.17694444,24.67257353,21.90571525
SierraRetinY5,3,2097,-5.833055556,36.17694444,82.25664968,20.64939713
SierraRetinY5,3,2098,-5.833055556,36.17694444,23.88138812,20.78463529
SierraRetinY5,3,2099,-5.833055556,36.17694444,6.369632734,22.27997692
SierraRetinY5,3,2100,-5.833055556,36.17694444,56.18919599,21.12749338
SierraRetinY5,4,2015,-5.833055556,36.17694444,2.063891386,21.52612406
SierraRetinY5,4,2016,-5.833055556,36.17694444,5.381173159,21.84739278
SierraRetinY5,4,2017,-5.833055556,36.17694444,17.05209798,20.50614929
SierraRetinY5,4,2018,-5.833055556,36.17694444,58.47525993,19.19857483
SierraRetinY5,4,2019,-5.833055556,36.17694444,73.97560526,18.90313822
SierraRetinY5,4,2020,-5.833055556,36.17694444,17.02119082,21.37716675
SierraRetinY5,4,2021,-5.833055556,36.17694444,3.216148992,21.1473409
SierraRetinY5,4,2022,-5.833055556,36.17694444,9.460738819,21.79453735
SierraRetinY5,4,2023,-5.833055556,36.17694444,15.38434551,20.61637675
SierraRetinY5,4,2024,-5.833055556,36.17694444,30.94386117,19.42938843
SierraRetinY5,4,2025,-5.833055556,36.17694444,36.22122124,20.19723511
SierraRetinY5,4,2026,-5.833055556,36.17694444,13.75250856,19.16082967
SierraRetinY5,4,2027,-5.833055556,36.17694444,91.15741339,19.45635681
SierraRetinY5,4,2028,-5.833055556,36.17694444,31.34644844,19.20159302
SierraRetinY5,4,2029,-5.833055556,36.17694444,13.17937803,19.2050293
SierraRetinY5,4,2030,-5.833055556,36.17694444,26.86163147,18.76974589
SierraRetinY5,4,2031,-5.833055556,36.17694444,4.373316219,20.38841146
SierraRetinY5,4,2032,-5.833055556,36.17694444,1.024430664,22.44227193
SierraRetinY5,4,2033,-5.833055556,36.17694444,19.16925308,20.51295471
SierraRetinY5,4,2034,-5.833055556,36.17694444,1.494771374,21.94090576
SierraRetinY5,4,2035,-5.833055556,36.17694444,5.838673824,19.75534465
SierraRetinY5,4,2036,-5.833055556,36.17694444,32.47078187,20.9474762
SierraRetinY5,4,2037,-5.833055556,36.17694444,12.14846348,21.44143372
SierraRetinY5,4,2038,-5.833055556,36.17694444,28.33516175,19.26404012
SierraRetinY5,4,2039,-5.833055556,36.17694444,117.282562,19.99549459
SierraRetinY5,4,2040,-5.833055556,36.17694444,64.39729406,19.48872681
SierraRetinY5,4,2041,-5.833055556,36.17694444,12.63522072,19.99855754
SierraRetinY5,4,2042,-5.833055556,36.17694444,31.89970842,20.61420695
SierraRetinY5,4,2043,-5.833055556,36.17694444,13.28408486,20.6173645
SierraRetinY5,4,2044,-5.833055556,36.17694444,40.14329962,19.96579183
SierraRetinY5,4,2045,-5.833055556,36.17694444,76.4492374,21.15296122
SierraRetinY5,4,2046,-5.833055556,36.17694444,2.945458367,21.86996257
SierraRetinY5,4,2047,-5.833055556,36.17694444,50.59471853,20.83570251
SierraRetinY5,4,2048,-5.833055556,36.17694444,7.987293119,22.1192688
SierraRetinY5,4,2049,-5.833055556,36.17694444,20.0130828,19.61318766
SierraRetinY5,4,2050,-5.833055556,36.17694444,33.08975402,19.06823425
SierraRetinY5,4,2051,-5.833055556,36.17694444,0.46396376,21.64955343
SierraRetinY5,4,2052,-5.833055556,36.17694444,24.06826363,20.72365621
SierraRetinY5,4,2053,-5.833055556,36.17694444,29.2351007,21.16175232
SierraRetinY5,4,2054,-5.833055556,36.17694444,53.99335702,20.84045512
SierraRetinY5,4,2055,-5.833055556,36.17694444,26.99791603,20.50307922
SierraRetinY5,4,2056,-5.833055556,36.17694444,15.7082651,21.07069499
SierraRetinY5,4,2057,-5.833055556,36.17694444,48.33077517,19.8611735
SierraRetinY5,4,2058,-5.833055556,36.17694444,10.25781881,20.64600321
SierraRetinY5,4,2059,-5.833055556,36.17694444,8.549959806,22.60840658
SierraRetinY5,4,2060,-5.833055556,36.17694444,15.4338362,21.24879659
SierraRetinY5,4,2061,-5.833055556,36.17694444,9.153620267,21.31215719
SierraRetinY5,4,2062,-5.833055556,36.17694444,24.95910708,22.03458761
SierraRetinY5,4,2063,-5.833055556,36.17694444,4.087350128,21.60796305
SierraRetinY5,4,2064,-5.833055556,36.17694444,18.8201146,21.8455363
SierraRetinY5,4,2065,-5.833055556,36.17694444,87.36670757,20.43166097
SierraRetinY5,4,2066,-5.833055556,36.17694444,14.70220322,20.77325948
SierraRetinY5,4,2067,-5.833055556,36.17694444,61.72179456,20.70668335
SierraRetinY5,4,2068,-5.833055556,36.17694444,4.76303902,21.76094564
SierraRetinY5,4,2069,-5.833055556,36.17694444,18.58850503,20.78597616
SierraRetinY5,4,2070,-5.833055556,36.17694444,21.25622058,21.50587769
SierraRetinY5,4,2071,-5.833055556,36.17694444,27.27136447,22.93599752
SierraRetinY5,4,2072,-5.833055556,36.17694444,26.6221179,23.16045125
SierraRetinY5,4,2073,-5.833055556,36.17694444,20.80029739,21.74215495
SierraRetinY5,4,2074,-5.833055556,36.17694444,19.97099084,22.3681783
SierraRetinY5,4,2075,-5.833055556,36.17694444,5.316537075,23.1083018
SierraRetinY5,4,2076,-5.833055556,36.17694444,8.555672976,21.27585653
SierraRetinY5,4,2077,-5.833055556,36.17694444,7.232837131,22.64652507
SierraRetinY5,4,2078,-5.833055556,36.17694444,86.14291759,22.14820658
SierraRetinY5,4,2079,-5.833055556,36.17694444,11.69536527,22.80415649
SierraRetinY5,4,2080,-5.833055556,36.17694444,30.27648128,21.34779867
SierraRetinY5,4,2081,-5.833055556,36.17694444,5.538476279,23.76657104
SierraRetinY5,4,2082,-5.833055556,36.17694444,4.817902326,22.77761332
SierraRetinY5,4,2083,-5.833055556,36.17694444,0.352711783,23.3364919
SierraRetinY5,4,2084,-5.833055556,36.17694444,3.712340419,22.009021
SierraRetinY5,4,2085,-5.833055556,36.17694444,6.378373062,23.66044108
SierraRetinY5,4,2086,-5.833055556,36.17694444,2.387653762,21.90799154
SierraRetinY5,4,2087,-5.833055556,36.17694444,4.85039286,23.28794352
SierraRetinY5,4,2088,-5.833055556,36.17694444,35.11480742,22.53774211
SierraRetinY5,4,2089,-5.833055556,36.17694444,14.43454338,23.96877848
SierraRetinY5,4,2090,-5.833055556,36.17694444,30.30846585,22.15389608
SierraRetinY5,4,2091,-5.833055556,36.17694444,3.101096775,20.62283427
SierraRetinY5,4,2092,-5.833055556,36.17694444,3.298386037,23.74327901
SierraRetinY5,4,2093,-5.833055556,36.17694444,36.62719896,20.72652791
SierraRetinY5,4,2094,-5.833055556,36.17694444,14.2677665,23.35695089
SierraRetinY5,4,2095,-5.833055556,36.17694444,21.85789416,20.82110291
SierraRetinY5,4,2096,-5.833055556,36.17694444,3.61498242,24.71195272
SierraRetinY5,4,2097,-5.833055556,36.17694444,17.50377105,23.38000895
SierraRetinY5,4,2098,-5.833055556,36.17694444,0.529362969,23.2559021
SierraRetinY5,4,2099,-5.833055556,36.17694444,12.59202457,23.35852763
SierraRetinY5,4,2100,-5.833055556,36.17694444,4.918049497,24.60730082
SierraRetinY5,5,2015,-5.833055556,36.17694444,12.43049226,22.07564402
SierraRetinY5,5,2016,-5.833055556,36.17694444,9.035403144,23.35180644
SierraRetinY5,5,2017,-5.833055556,36.17694444,2.55819272,22.50987175
SierraRetinY5,5,2018,-5.833055556,36.17694444,35.04389019,21.40649197
SierraRetinY5,5,2019,-5.833055556,36.17694444,36.32176126,20.06768484
SierraRetinY5,5,2020,-5.833055556,36.17694444,1.838805425,23.7066865
SierraRetinY5,5,2021,-5.833055556,36.17694444,38.2054064,21.42429061
SierraRetinY5,5,2022,-5.833055556,36.17694444,67.23153359,22.21006411
SierraRetinY5,5,2023,-5.833055556,36.17694444,0.900476318,22.99002548
SierraRetinY5,5,2024,-5.833055556,36.17694444,2.443617989,23.03904557
SierraRetinY5,5,2025,-5.833055556,36.17694444,41.63832271,23.04689252
SierraRetinY5,5,2026,-5.833055556,36.17694444,21.67542119,20.38159948
SierraRetinY5,5,2027,-5.833055556,36.17694444,18.40817179,21.26883309
SierraRetinY5,5,2028,-5.833055556,36.17694444,12.32518494,21.01442871
SierraRetinY5,5,2029,-5.833055556,36.17694444,3.882197966,21.7376579
SierraRetinY5,5,2030,-5.833055556,36.17694444,18.76061369,20.51242243
SierraRetinY5,5,2031,-5.833055556,36.17694444,13.09599029,22.38941887
SierraRetinY5,5,2032,-5.833055556,36.17694444,20.04398826,22.91811917
SierraRetinY5,5,2033,-5.833055556,36.17694444,10.53876291,21.36863541
SierraRetinY5,5,2034,-5.833055556,36.17694444,2.807995388,22.84965545
SierraRetinY5,5,2035,-5.833055556,36.17694444,18.19691967,21.95824093
SierraRetinY5,5,2036,-5.833055556,36.17694444,58.02920606,22.66673407
SierraRetinY5,5,2037,-5.833055556,36.17694444,28.5554898,20.83995775
SierraRetinY5,5,2038,-5.833055556,36.17694444,1.078878928,22.69354721
SierraRetinY5,5,2039,-5.833055556,36.17694444,29.45958312,21.57029261
SierraRetinY5,5,2040,-5.833055556,36.17694444,52.49707058,21.5878097
SierraRetinY5,5,2041,-5.833055556,36.17694444,11.49610074,22.16904454
SierraRetinY5,5,2042,-5.833055556,36.17694444,3.608827803,24.48550002
SierraRetinY5,5,2043,-5.833055556,36.17694444,15.73246022,21.8095583
SierraRetinY5,5,2044,-5.833055556,36.17694444,19.15422359,21.9793965
SierraRetinY5,5,2045,-5.833055556,36.17694444,6.022364325,22.17797438
SierraRetinY5,5,2046,-5.833055556,36.17694444,39.85608948,21.89596636
SierraRetinY5,5,2047,-5.833055556,36.17694444,51.5442496,23.63368845
SierraRetinY5,5,2048,-5.833055556,36.17694444,2.576071599,22.68082433
SierraRetinY5,5,2049,-5.833055556,36.17694444,67.39168996,22.1835207
SierraRetinY5,5,2050,-5.833055556,36.17694444,5.409732508,22.10728583
SierraRetinY5,5,2051,-5.833055556,36.17694444,39.3294098,22.19393114
SierraRetinY5,5,2052,-5.833055556,36.17694444,1.898208552,24.26730918
SierraRetinY5,5,2053,-5.833055556,36.17694444,12.24411172,22.36216076
SierraRetinY5,5,2054,-5.833055556,36.17694444,31.96803087,21.17584701
SierraRetinY5,5,2055,-5.833055556,36.17694444,4.251042696,21.9791878
SierraRetinY5,5,2056,-5.833055556,36.17694444,5.721563159,22.47577377
SierraRetinY5,5,2057,-5.833055556,36.17694444,9.675585428,22.5305223
SierraRetinY5,5,2058,-5.833055556,36.17694444,33.18409084,21.53559314
SierraRetinY5,5,2059,-5.833055556,36.17694444,23.88559813,23.51355847
SierraRetinY5,5,2060,-5.833055556,36.17694444,2.330868846,24.39907916
SierraRetinY5,5,2061,-5.833055556,36.17694444,2.902234133,22.22136644
SierraRetinY5,5,2062,-5.833055556,36.17694444,9.279097128,22.78161995
SierraRetinY5,5,2063,-5.833055556,36.17694444,34.78481673,20.80941851
SierraRetinY5,5,2064,-5.833055556,36.17694444,1.27290544,24.28396882
SierraRetinY5,5,2065,-5.833055556,36.17694444,1.589706651,25.36607489
SierraRetinY5,5,2066,-5.833055556,36.17694444,6.73334249,23.55709327
SierraRetinY5,5,2067,-5.833055556,36.17694444,18.26908445,23.06100936
SierraRetinY5,5,2068,-5.833055556,36.17694444,9.333690725,23.32971664
SierraRetinY5,5,2069,-5.833055556,36.17694444,22.60285531,23.65163968
SierraRetinY5,5,2070,-5.833055556,36.17694444,55.83671914,24.16961946
SierraRetinY5,5,2071,-5.833055556,36.17694444,8.712012238,24.1927439
SierraRetinY5,5,2072,-5.833055556,36.17694444,2.40277654,25.42226464
SierraRetinY5,5,2073,-5.833055556,36.17694444,4.606996831,22.66526726
SierraRetinY5,5,2074,-5.833055556,36.17694444,6.316441966,23.62440619
SierraRetinY5,5,2075,-5.833055556,36.17694444,9.450040896,24.47388168
SierraRetinY5,5,2076,-5.833055556,36.17694444,24.60351388,23.99765093
SierraRetinY5,5,2077,-5.833055556,36.17694444,9.630365183,25.04828452
SierraRetinY5,5,2078,-5.833055556,36.17694444,17.19277332,22.44534381
SierraRetinY5,5,2079,-5.833055556,36.17694444,0.332077402,24.3827178
SierraRetinY5,5,2080,-5.833055556,36.17694444,5.570136534,23.34749854
SierraRetinY5,5,2081,-5.833055556,36.17694444,14.79159969,24.36407549
SierraRetinY5,5,2082,-5.833055556,36.17694444,19.95708432,23.90486175
SierraRetinY5,5,2083,-5.833055556,36.17694444,23.61783909,21.31593549
SierraRetinY5,5,2084,-5.833055556,36.17694444,16.33081595,25.00880068
SierraRetinY5,5,2085,-5.833055556,36.17694444,7.195522994,25.61157305
SierraRetinY5,5,2086,-5.833055556,36.17694444,0.644087853,25.47006895
SierraRetinY5,5,2087,-5.833055556,36.17694444,1.460505553,25.4074459
SierraRetinY5,5,2088,-5.833055556,36.17694444,38.07114049,26.63442875
SierraRetinY5,5,2089,-5.833055556,36.17694444,8.348697372,25.14094671
SierraRetinY5,5,2090,-5.833055556,36.17694444,51.05417594,22.45653391
SierraRetinY5,5,2091,-5.833055556,36.17694444,21.00280763,21.80565107
SierraRetinY5,5,2092,-5.833055556,36.17694444,10.28874444,27.38820604
SierraRetinY5,5,2093,-5.833055556,36.17694444,6.522554288,25.08996562
SierraRetinY5,5,2094,-5.833055556,36.17694444,3.646315634,24.57565091
SierraRetinY5,5,2095,-5.833055556,36.17694444,13.44872036,24.59612033
SierraRetinY5,5,2096,-5.833055556,36.17694444,0.000875907,26.01535014
SierraRetinY5,5,2097,-5.833055556,36.17694444,19.25688164,25.37140562
SierraRetinY5,5,2098,-5.833055556,36.17694444,13.37036567,23.36684964
SierraRetinY5,5,2099,-5.833055556,36.17694444,19.44438589,24.11412373
SierraRetinY5,5,2100,-5.833055556,36.17694444,8.763103651,26.35957366
SierraRetinY5,6,2015,-5.833055556,36.17694444,18.99113009,23.55023702
SierraRetinY5,6,2016,-5.833055556,36.17694444,0.599169043,25.7741862
SierraRetinY5,6,2017,-5.833055556,36.17694444,11.27190299,25.87058919
SierraRetinY5,6,2018,-5.833055556,36.17694444,0.14729571,24.9455485
SierraRetinY5,6,2019,-5.833055556,36.17694444,3.182466916,25.22499898
SierraRetinY5,6,2020,-5.833055556,36.17694444,6.657459055,26.31199443
SierraRetinY5,6,2021,-5.833055556,36.17694444,5.003585603,24.75618286
SierraRetinY5,6,2022,-5.833055556,36.17694444,18.9198939,24.5236318
SierraRetinY5,6,2023,-5.833055556,36.17694444,7.91517550849578e-08,25.75038147
SierraRetinY5,6,2024,-5.833055556,36.17694444,24.15176437,24.93854268
SierraRetinY5,6,2025,-5.833055556,36.17694444,5.992315624,24.36237488
SierraRetinY5,6,2026,-5.833055556,36.17694444,10.93913361,21.84538574
SierraRetinY5,6,2027,-5.833055556,36.17694444,9.424771257,25.023644
SierraRetinY5,6,2028,-5.833055556,36.17694444,0.382576154,25.74589844
SierraRetinY5,6,2029,-5.833055556,36.17694444,0.134743805,25.20576681
SierraRetinY5,6,2030,-5.833055556,36.17694444,4.889845535,25.45631409
SierraRetinY5,6,2031,-5.833055556,36.17694444,27.27514511,24.55951945
SierraRetinY5,6,2032,-5.833055556,36.17694444,0.333723304,25.76456502
SierraRetinY5,6,2033,-5.833055556,36.17694444,0.731472483,25.18232931
SierraRetinY5,6,2034,-5.833055556,36.17694444,0.019785929,25.39123535
SierraRetinY5,6,2035,-5.833055556,36.17694444,45.87018423,23.435554
SierraRetinY5,6,2036,-5.833055556,36.17694444,0.742171531,26.03307495
SierraRetinY5,6,2037,-5.833055556,36.17694444,7.992561959,23.89029338
SierraRetinY5,6,2038,-5.833055556,36.17694444,0.803243262,26.64913534
SierraRetinY5,6,2039,-5.833055556,36.17694444,4.561313293,24.00778503
SierraRetinY5,6,2040,-5.833055556,36.17694444,5.572236446,24.03648783
SierraRetinY5,6,2041,-5.833055556,36.17694444,8.728382989,26.52752482
SierraRetinY5,6,2042,-5.833055556,36.17694444,0.677514845,28.48480225
SierraRetinY5,6,2043,-5.833055556,36.17694444,36.0488908,24.78121338
SierraRetinY5,6,2044,-5.833055556,36.17694444,0.190834769,26.84096171
SierraRetinY5,6,2045,-5.833055556,36.17694444,26.61993706,26.59720052
SierraRetinY5,6,2046,-5.833055556,36.17694444,1.619039855,24.17323201
SierraRetinY5,6,2047,-5.833055556,36.17694444,10.28824658,25.43584493
SierraRetinY5,6,2048,-5.833055556,36.17694444,1.901146838,25.47526143
SierraRetinY5,6,2049,-5.833055556,36.17694444,0.710295472,28.77330221
SierraRetinY5,6,2050,-5.833055556,36.17694444,0.042278388,26.94127401
SierraRetinY5,6,2051,-5.833055556,36.17694444,0.969411424,23.72730408
SierraRetinY5,6,2052,-5.833055556,36.17694444,0.306442899,27.63270874
SierraRetinY5,6,2053,-5.833055556,36.17694444,2.76777904,24.13700765
SierraRetinY5,6,2054,-5.833055556,36.17694444,3.88771857,25.25368551
SierraRetinY5,6,2055,-5.833055556,36.17694444,0.423473892,26.60661621
SierraRetinY5,6,2056,-5.833055556,36.17694444,0.445561767,27.00162455
SierraRetinY5,6,2057,-5.833055556,36.17694444,2.69770758,25.75844218
SierraRetinY5,6,2058,-5.833055556,36.17694444,20.36817049,25.43350118
SierraRetinY5,6,2059,-5.833055556,36.17694444,0.239132348,28.21681925
SierraRetinY5,6,2060,-5.833055556,36.17694444,0.223942755,28.05934143
SierraRetinY5,6,2061,-5.833055556,36.17694444,0.394166571,23.50621745
SierraRetinY5,6,2062,-5.833055556,36.17694444,1.160964918,28.06649679
SierraRetinY5,6,2063,-5.833055556,36.17694444,0.005732964,27.35583801
SierraRetinY5,6,2064,-5.833055556,36.17694444,3.33816171,24.00118205
SierraRetinY5,6,2065,-5.833055556,36.17694444,7.396313064,26.72464498
SierraRetinY5,6,2066,-5.833055556,36.17694444,0.193812972,28.03324382
SierraRetinY5,6,2067,-5.833055556,36.17694444,5.842242135,25.69350281
SierraRetinY5,6,2068,-5.833055556,36.17694444,0.479842484,28.35577698
SierraRetinY5,6,2069,-5.833055556,36.17694444,1.488001896,26.36589559
SierraRetinY5,6,2070,-5.833055556,36.17694444,22.61245432,25.33925374
SierraRetinY5,6,2071,-5.833055556,36.17694444,0.284255942,27.2978536
SierraRetinY5,6,2072,-5.833055556,36.17694444,11.19806138,26.86077677
SierraRetinY5,6,2073,-5.833055556,36.17694444,3.817119601,26.75053609
SierraRetinY5,6,2074,-5.833055556,36.17694444,0.845301777,28.22586365
SierraRetinY5,6,2075,-5.833055556,36.17694444,1.647551279,27.6122406
SierraRetinY5,6,2076,-5.833055556,36.17694444,3.478019554,27.48888957
SierraRetinY5,6,2077,-5.833055556,36.17694444,3.181905286,26.18877055
SierraRetinY5,6,2078,-5.833055556,36.17694444,2.13428662,27.06980387
SierraRetinY5,6,2079,-5.833055556,36.17694444,42.90095053,27.34775187
SierraRetinY5,6,2080,-5.833055556,36.17694444,4.763727408,24.28642069
SierraRetinY5,6,2081,-5.833055556,36.17694444,21.84615681,28.60118408
SierraRetinY5,6,2082,-5.833055556,36.17694444,3.34613801,28.81008403
SierraRetinY5,6,2083,-5.833055556,36.17694444,0.523415589,28.5852651
SierraRetinY5,6,2084,-5.833055556,36.17694444,26.77668661,29.48278605
SierraRetinY5,6,2085,-5.833055556,36.17694444,2.197099166,27.42320251
SierraRetinY5,6,2086,-5.833055556,36.17694444,0.54413918,27.95897624
SierraRetinY5,6,2087,-5.833055556,36.17694444,18.09005902,26.24816081
SierraRetinY5,6,2088,-5.833055556,36.17694444,4.762793171,30.59145304
SierraRetinY5,6,2089,-5.833055556,36.17694444,1.824907176,28.11120402
SierraRetinY5,6,2090,-5.833055556,36.17694444,3.437001878,26.19003398
SierraRetinY5,6,2091,-5.833055556,36.17694444,0.119285338,27.11529744
SierraRetinY5,6,2092,-5.833055556,36.17694444,1.347042728,28.245165
SierraRetinY5,6,2093,-5.833055556,36.17694444,0.951730543,27.42531331
SierraRetinY5,6,2094,-5.833055556,36.17694444,3.777931033,27.51546631
SierraRetinY5,6,2095,-5.833055556,36.17694444,1.823956424,29.29344686
SierraRetinY5,6,2096,-5.833055556,36.17694444,23.98010724,27.92767843
SierraRetinY5,6,2097,-5.833055556,36.17694444,2.189757679,29.59017436
SierraRetinY5,6,2098,-5.833055556,36.17694444,2.64387719,27.48193156
SierraRetinY5,6,2099,-5.833055556,36.17694444,3.399618633,26.9915802
SierraRetinY5,6,2100,-5.833055556,36.17694444,0.915423669,26.17417908
SierraRetinY5,7,2015,-5.833055556,36.17694444,1.50377766452989e-06,28.96837867
SierraRetinY5,7,2016,-5.833055556,36.17694444,2.044675725,29.17422466
SierraRetinY5,7,2017,-5.833055556,36.17694444,0.177844276,29.43978075
SierraRetinY5,7,2018,-5.833055556,36.17694444,0.548973364,28.38661617
SierraRetinY5,7,2019,-5.833055556,36.17694444,0.119959435,29.14026647
SierraRetinY5,7,2020,-5.833055556,36.17694444,0.934840962,29.06211095
SierraRetinY5,7,2021,-5.833055556,36.17694444,2.00130404999461e-08,30.43272134
SierraRetinY5,7,2022,-5.833055556,36.17694444,1.518574025,28.54286125
SierraRetinY5,7,2023,-5.833055556,36.17694444,3.983911804,28.45606335
SierraRetinY5,7,2024,-5.833055556,36.17694444,1.558121431,28.18407002
SierraRetinY5,7,2025,-5.833055556,36.17694444,9.391009969,29.65452015
SierraRetinY5,7,2026,-5.833055556,36.17694444,1.365055211,27.92002603
SierraRetinY5,7,2027,-5.833055556,36.17694444,1.588406629,28.49708882
SierraRetinY5,7,2028,-5.833055556,36.17694444,0.004521671,29.88755434
SierraRetinY5,7,2029,-5.833055556,36.17694444,1.242893491,26.65092892
SierraRetinY5,7,2030,-5.833055556,36.17694444,3.493915822,28.23037109
SierraRetinY5,7,2031,-5.833055556,36.17694444,3.561011953,28.58409345
SierraRetinY5,7,2032,-5.833055556,36.17694444,0.385532718,30.34602582
SierraRetinY5,7,2033,-5.833055556,36.17694444,4.004512055,29.82932877
SierraRetinY5,7,2034,-5.833055556,36.17694444,1.976495495,29.4574711
SierraRetinY5,7,2035,-5.833055556,36.17694444,0.541968144,28.55487336
SierraRetinY5,7,2036,-5.833055556,36.17694444,0.878526815,30.61542417
SierraRetinY5,7,2037,-5.833055556,36.17694444,0.277243961,30.80385742
SierraRetinY5,7,2038,-5.833055556,36.17694444,2.855115074,29.84154072
SierraRetinY5,7,2039,-5.833055556,36.17694444,0.000782208,29.48401647
SierraRetinY5,7,2040,-5.833055556,36.17694444,4.67929004,25.78677545
SierraRetinY5,7,2041,-5.833055556,36.17694444,7.046805745,30.9090525
SierraRetinY5,7,2042,-5.833055556,36.17694444,3.882228138,29.24572931
SierraRetinY5,7,2043,-5.833055556,36.17694444,4.458987523,28.49223653
SierraRetinY5,7,2044,-5.833055556,36.17694444,1.44449431315506e-05,29.3670987
SierraRetinY5,7,2045,-5.833055556,36.17694444,0.979255116,28.16647024
SierraRetinY5,7,2046,-5.833055556,36.17694444,1.238273071,28.97281553
SierraRetinY5,7,2047,-5.833055556,36.17694444,4.850020852,28.54451707
SierraRetinY5,7,2048,-5.833055556,36.17694444,0.084842209,30.99219223
SierraRetinY5,7,2049,-5.833055556,36.17694444,0.801767131,30.02314985
SierraRetinY5,7,2050,-5.833055556,36.17694444,0.159227898,30.03752363
SierraRetinY5,7,2051,-5.833055556,36.17694444,12.23461649,26.5929465
SierraRetinY5,7,2052,-5.833055556,36.17694444,4.345394045,28.02866172
SierraRetinY5,7,2053,-5.833055556,36.17694444,0.152841846,29.24147162
SierraRetinY5,7,2054,-5.833055556,36.17694444,5.289757566,28.47438965
SierraRetinY5,7,2055,-5.833055556,36.17694444,5.524087411,30.82221325
SierraRetinY5,7,2056,-5.833055556,36.17694444,0.616745687,28.50788712
SierraRetinY5,7,2057,-5.833055556,36.17694444,5.359066484,30.0963753
SierraRetinY5,7,2058,-5.833055556,36.17694444,2.2848254,27.86363644
SierraRetinY5,7,2059,-5.833055556,36.17694444,5.777942957,29.4217488
SierraRetinY5,7,2060,-5.833055556,36.17694444,0.328722625,31.23183988
SierraRetinY5,7,2061,-5.833055556,36.17694444,2.271673572,29.7048456
SierraRetinY5,7,2062,-5.833055556,36.17694444,0.51092705,30.3198506
SierraRetinY5,7,2063,-5.833055556,36.17694444,0.441257527,30.21395165
SierraRetinY5,7,2064,-5.833055556,36.17694444,0.145290024,31.44588525
SierraRetinY5,7,2065,-5.833055556,36.17694444,1.437529366,28.53058137
SierraRetinY5,7,2066,-5.833055556,36.17694444,2.414849641,30.00059539
SierraRetinY5,7,2067,-5.833055556,36.17694444,0.003654385,30.22735478
SierraRetinY5,7,2068,-5.833055556,36.17694444,2.174301085,30.53432223
SierraRetinY5,7,2069,-5.833055556,36.17694444,5.824790342,30.0278722
SierraRetinY5,7,2070,-5.833055556,36.17694444,0.673654871,31.40928384
SierraRetinY5,7,2071,-5.833055556,36.17694444,2.267278409,31.43262388
SierraRetinY5,7,2072,-5.833055556,36.17694444,0.885496967,30.88126181
SierraRetinY5,7,2073,-5.833055556,36.17694444,0.352342733,28.99281537
SierraRetinY5,7,2074,-5.833055556,36.17694444,0.087037702,32.12856938
SierraRetinY5,7,2075,-5.833055556,36.17694444,1.505782067,32.82451487
SierraRetinY5,7,2076,-5.833055556,36.17694444,0.707116972,31.13170875
SierraRetinY5,7,2077,-5.833055556,36.17694444,0.09512904,30.82571982
SierraRetinY5,7,2078,-5.833055556,36.17694444,6.64669994,29.07699664
SierraRetinY5,7,2079,-5.833055556,36.17694444,5.965526408,31.15902789
SierraRetinY5,7,2080,-5.833055556,36.17694444,0.539911322,31.23878804
SierraRetinY5,7,2081,-5.833055556,36.17694444,2.774209448,28.9767523
SierraRetinY5,7,2082,-5.833055556,36.17694444,5.003615386,29.12217643
SierraRetinY5,7,2083,-5.833055556,36.17694444,9.043613335,29.6483487
SierraRetinY5,7,2084,-5.833055556,36.17694444,3.395555199,27.55892826
SierraRetinY5,7,2085,-5.833055556,36.17694444,2.291879859,31.6638536
SierraRetinY5,7,2086,-5.833055556,36.17694444,3.605298093,31.06945978
SierraRetinY5,7,2087,-5.833055556,36.17694444,0.278596881,33.67961347
SierraRetinY5,7,2088,-5.833055556,36.17694444,1.219429711,30.29281597
SierraRetinY5,7,2089,-5.833055556,36.17694444,2.26827118,32.35042036
SierraRetinY5,7,2090,-5.833055556,36.17694444,6.036541593,32.79195261
SierraRetinY5,7,2091,-5.833055556,36.17694444,10.04953868,28.91214954
SierraRetinY5,7,2092,-5.833055556,36.17694444,0.684637688,32.19317607
SierraRetinY5,7,2093,-5.833055556,36.17694444,0.86933424,31.76620759
SierraRetinY5,7,2094,-5.833055556,36.17694444,0.428830955,31.55415374
SierraRetinY5,7,2095,-5.833055556,36.17694444,0.000811271,32.62496535
SierraRetinY5,7,2096,-5.833055556,36.17694444,3.026338972,30.6147774
SierraRetinY5,7,2097,-5.833055556,36.17694444,0.165213904,33.62415417
SierraRetinY5,7,2098,-5.833055556,36.17694444,0.743954931,32.59369172
SierraRetinY5,7,2099,-5.833055556,36.17694444,7.580040771,30.87722168
SierraRetinY5,7,2100,-5.833055556,36.17694444,2.156365101,32.59007883
SierraRetinY5,8,2015,-5.833055556,36.17694444,0.849143359,30.22361194
SierraRetinY5,8,2016,-5.833055556,36.17694444,0.642580192,29.78553506
SierraRetinY5,8,2017,-5.833055556,36.17694444,2.711136647,29.27169386
SierraRetinY5,8,2018,-5.833055556,36.17694444,1.200227225,29.61860194
SierraRetinY5,8,2019,-5.833055556,36.17694444,0.905089543,28.95346148
SierraRetinY5,8,2020,-5.833055556,36.17694444,1.915356068,28.2645498
SierraRetinY5,8,2021,-5.833055556,36.17694444,1.742725404,29.77286731
SierraRetinY5,8,2022,-5.833055556,36.17694444,5.669790815,28.93768783
SierraRetinY5,8,2023,-5.833055556,36.17694444,0.00394682,29.06620031
SierraRetinY5,8,2024,-5.833055556,36.17694444,0.001057335,28.72994877
SierraRetinY5,8,2025,-5.833055556,36.17694444,7.943171567,29.21864644
SierraRetinY5,8,2026,-5.833055556,36.17694444,0.263051847,28.17122704
SierraRetinY5,8,2027,-5.833055556,36.17694444,3.709113411,28.25462765
SierraRetinY5,8,2028,-5.833055556,36.17694444,0.212071656,29.14637786
SierraRetinY5,8,2029,-5.833055556,36.17694444,0.04643081,29.06538421
SierraRetinY5,8,2030,-5.833055556,36.17694444,9.579233012,29.05763963
SierraRetinY5,8,2031,-5.833055556,36.17694444,8.42021998374139e-05,29.21037125
SierraRetinY5,8,2032,-5.833055556,36.17694444,1.994824176,31.01105307
SierraRetinY5,8,2033,-5.833055556,36.17694444,3.422269023,28.94107036
SierraRetinY5,8,2034,-5.833055556,36.17694444,11.75748789,29.03733363
SierraRetinY5,8,2035,-5.833055556,36.17694444,21.3961054,31.03439114
SierraRetinY5,8,2036,-5.833055556,36.17694444,3.33413869,30.65094171
SierraRetinY5,8,2037,-5.833055556,36.17694444,0.000159404,28.73656222
SierraRetinY5,8,2038,-5.833055556,36.17694444,0.828246091,29.61083374
SierraRetinY5,8,2039,-5.833055556,36.17694444,1.918775953,29.10891606
SierraRetinY5,8,2040,-5.833055556,36.17694444,1.337125271,29.10071569
SierraRetinY5,8,2041,-5.833055556,36.17694444,0.968687195,31.77259069
SierraRetinY5,8,2042,-5.833055556,36.17694444,2.264894879,29.8144293
SierraRetinY5,8,2043,-5.833055556,36.17694444,9.956147428,31.28412732
SierraRetinY5,8,2044,-5.833055556,36.17694444,0.00130192,29.93231772
SierraRetinY5,8,2045,-5.833055556,36.17694444,0.756047499,28.92905333
SierraRetinY5,8,2046,-5.833055556,36.17694444,1.813750515,29.05289267
SierraRetinY5,8,2047,-5.833055556,36.17694444,0.027514465,28.39015523
SierraRetinY5,8,2048,-5.833055556,36.17694444,0.198126952,30.87176199
SierraRetinY5,8,2049,-5.833055556,36.17694444,1.494831396,29.24369349
SierraRetinY5,8,2050,-5.833055556,36.17694444,2.09803904,29.59549226
SierraRetinY5,8,2051,-5.833055556,36.17694444,13.10647048,27.03245082
SierraRetinY5,8,2052,-5.833055556,36.17694444,0.014455887,29.58049041
SierraRetinY5,8,2053,-5.833055556,36.17694444,0.641590338,29.77581669
SierraRetinY5,8,2054,-5.833055556,36.17694444,3.139526162,29.97214119
SierraRetinY5,8,2055,-5.833055556,36.17694444,9.827922328,28.56889767
SierraRetinY5,8,2056,-5.833055556,36.17694444,1.822877263,30.61737435
SierraRetinY5,8,2057,-5.833055556,36.17694444,7.911342084,28.83415449
SierraRetinY5,8,2058,-5.833055556,36.17694444,10.86427207,28.27708465
SierraRetinY5,8,2059,-5.833055556,36.17694444,0.694298668,31.71034073
SierraRetinY5,8,2060,-5.833055556,36.17694444,0.091557126,31.80628603
SierraRetinY5,8,2061,-5.833055556,36.17694444,4.46235786003045e-06,31.61790496
SierraRetinY5,8,2062,-5.833055556,36.17694444,11.05857755,29.82543237
SierraRetinY5,8,2063,-5.833055556,36.17694444,2.509827336,28.35393972
SierraRetinY5,8,2064,-5.833055556,36.17694444,1.161843145,31.17499646
SierraRetinY5,8,2065,-5.833055556,36.17694444,1.105282651,30.66136593
SierraRetinY5,8,2066,-5.833055556,36.17694444,12.8623459,30.31664921
SierraRetinY5,8,2067,-5.833055556,36.17694444,0.078508998,30.83428345
SierraRetinY5,8,2068,-5.833055556,36.17694444,5.280938566,28.62525379
SierraRetinY5,8,2069,-5.833055556,36.17694444,0.003478368,30.91525446
SierraRetinY5,8,2070,-5.833055556,36.17694444,0.934173887,30.60727598
SierraRetinY5,8,2071,-5.833055556,36.17694444,1.969936582,30.47832248
SierraRetinY5,8,2072,-5.833055556,36.17694444,2.22884697,32.46905399
SierraRetinY5,8,2073,-5.833055556,36.17694444,6.4989477963491e-05,32.60546265
SierraRetinY5,8,2074,-5.833055556,36.17694444,4.28571376912572e-06,32.28246952
SierraRetinY5,8,2075,-5.833055556,36.17694444,7.046040007,32.05739254
SierraRetinY5,8,2076,-5.833055556,36.17694444,7.864154966,33.01522906
SierraRetinY5,8,2077,-5.833055556,36.17694444,1.543313085,30.77136112
SierraRetinY5,8,2078,-5.833055556,36.17694444,0.783833635,33.57239931
SierraRetinY5,8,2079,-5.833055556,36.17694444,2.219669758,31.30385447
SierraRetinY5,8,2080,-5.833055556,36.17694444,1.801878834,30.26375536
SierraRetinY5,8,2081,-5.833055556,36.17694444,6.646963817,30.44879918
SierraRetinY5,8,2082,-5.833055556,36.17694444,2.385647605,31.43377961
SierraRetinY5,8,2083,-5.833055556,36.17694444,4.542563799,30.43386723
SierraRetinY5,8,2084,-5.833055556,36.17694444,0.331727048,29.4531504
SierraRetinY5,8,2085,-5.833055556,36.17694444,2.737494747,32.37352708
SierraRetinY5,8,2086,-5.833055556,36.17694444,0.92799813,32.6662448
SierraRetinY5,8,2087,-5.833055556,36.17694444,0.232677084,32.52495038
SierraRetinY5,8,2088,-5.833055556,36.17694444,0.770219725,30.28732871
SierraRetinY5,8,2089,-5.833055556,36.17694444,0.101982214,33.80169166
SierraRetinY5,8,2090,-5.833055556,36.17694444,1.7128064,31.48794438
SierraRetinY5,8,2091,-5.833055556,36.17694444,1.906555939,31.64397977
SierraRetinY5,8,2092,-5.833055556,36.17694444,21.49132232,31.97278797
SierraRetinY5,8,2093,-5.833055556,36.17694444,4.604095018,32.65164165
SierraRetinY5,8,2094,-5.833055556,36.17694444,1.254010834,31.52585311
SierraRetinY5,8,2095,-5.833055556,36.17694444,4.099572953,33.39315481
SierraRetinY5,8,2096,-5.833055556,36.17694444,2.732075737,32.0266574
SierraRetinY5,8,2097,-5.833055556,36.17694444,2.353071647,33.18513715
SierraRetinY5,8,2098,-5.833055556,36.17694444,1.453655135,31.60993593
SierraRetinY5,8,2099,-5.833055556,36.17694444,0.191476595,32.51863817
SierraRetinY5,8,2100,-5.833055556,36.17694444,2.630866625,31.72393287
SierraRetinY5,9,2015,-5.833055556,36.17694444,24.50915859,28.57156982
SierraRetinY5,9,2016,-5.833055556,36.17694444,29.22111749,26.59377747
SierraRetinY5,9,2017,-5.833055556,36.17694444,24.77724472,26.30657857
SierraRetinY5,9,2018,-5.833055556,36.17694444,0.026589366,26.94984538
SierraRetinY5,9,2019,-5.833055556,36.17694444,17.82801805,25.26397909
SierraRetinY5,9,2020,-5.833055556,36.17694444,7.013818028,26.72547709
SierraRetinY5,9,2021,-5.833055556,36.17694444,1.306674307,26.44688517
SierraRetinY5,9,2022,-5.833055556,36.17694444,21.88091083,26.9959727
SierraRetinY5,9,2023,-5.833055556,36.17694444,8.537536497,27.55709839
SierraRetinY5,9,2024,-5.833055556,36.17694444,9.399256637,27.42982279
SierraRetinY5,9,2025,-5.833055556,36.17694444,7.566241388,26.55586243
SierraRetinY5,9,2026,-5.833055556,36.17694444,4.92064549,27.2962148
SierraRetinY5,9,2027,-5.833055556,36.17694444,8.920559945,29.1184021
SierraRetinY5,9,2028,-5.833055556,36.17694444,2.488058706,26.45292155
SierraRetinY5,9,2029,-5.833055556,36.17694444,6.973197814,28.32643738
SierraRetinY5,9,2030,-5.833055556,36.17694444,26.50341795,27.62182617
SierraRetinY5,9,2031,-5.833055556,36.17694444,7.320081904,26.49912618
SierraRetinY5,9,2032,-5.833055556,36.17694444,7.861562662,27.35492249
SierraRetinY5,9,2033,-5.833055556,36.17694444,1.553063025,27.63021545
SierraRetinY5,9,2034,-5.833055556,36.17694444,12.08666705,27.02035726
SierraRetinY5,9,2035,-5.833055556,36.17694444,0.632140169,26.82594401
SierraRetinY5,9,2036,-5.833055556,36.17694444,11.49107883,28.45326233
SierraRetinY5,9,2037,-5.833055556,36.17694444,10.82292632,27.57608948
SierraRetinY5,9,2038,-5.833055556,36.17694444,3.554472563,27.15273438
SierraRetinY5,9,2039,-5.833055556,36.17694444,0.04588755,28.44449259
SierraRetinY5,9,2040,-5.833055556,36.17694444,0.121457037,27.34805298
SierraRetinY5,9,2041,-5.833055556,36.17694444,4.114460114,28.67449137
SierraRetinY5,9,2042,-5.833055556,36.17694444,0.658846257,28.95988363
SierraRetinY5,9,2043,-5.833055556,36.17694444,0.327794133,27.35135091
SierraRetinY5,9,2044,-5.833055556,36.17694444,0.464483472,27.66448669
SierraRetinY5,9,2045,-5.833055556,36.17694444,0.020803925,28.62621663
SierraRetinY5,9,2046,-5.833055556,36.17694444,1.261283008,28.98129374
SierraRetinY5,9,2047,-5.833055556,36.17694444,1.224706432,27.55779317
SierraRetinY5,9,2048,-5.833055556,36.17694444,30.22957046,27.56044006
SierraRetinY5,9,2049,-5.833055556,36.17694444,6.641539418,29.00004883
SierraRetinY5,9,2050,-5.833055556,36.17694444,1.263765997,28.08132019
SierraRetinY5,9,2051,-5.833055556,36.17694444,1.473976535,26.95030416
SierraRetinY5,9,2052,-5.833055556,36.17694444,22.53924592,26.2769399
SierraRetinY5,9,2053,-5.833055556,36.17694444,6.0153397,28.54000651
SierraRetinY5,9,2054,-5.833055556,36.17694444,0.789818818,28.36925456
SierraRetinY5,9,2055,-5.833055556,36.17694444,3.366205055,28.02923482
SierraRetinY5,9,2056,-5.833055556,36.17694444,0.060061081,29.40348918
SierraRetinY5,9,2057,-5.833055556,36.17694444,3.803074834,28.66814982
SierraRetinY5,9,2058,-5.833055556,36.17694444,1.514322726,28.65764364
SierraRetinY5,9,2059,-5.833055556,36.17694444,0.468177887,29.25479126
SierraRetinY5,9,2060,-5.833055556,36.17694444,3.921313379,28.50254822
SierraRetinY5,9,2061,-5.833055556,36.17694444,0.903341764,28.7136851
SierraRetinY5,9,2062,-5.833055556,36.17694444,1.50054899,28.34292297
SierraRetinY5,9,2063,-5.833055556,36.17694444,18.26500175,28.56814473
SierraRetinY5,9,2064,-5.833055556,36.17694444,22.77314293,28.5242981
SierraRetinY5,9,2065,-5.833055556,36.17694444,16.27495057,28.32391357
SierraRetinY5,9,2066,-5.833055556,36.17694444,0.963469199,27.90540975
SierraRetinY5,9,2067,-5.833055556,36.17694444,0.284146237,29.09283142
SierraRetinY5,9,2068,-5.833055556,36.17694444,6.468264813,29.07060649
SierraRetinY5,9,2069,-5.833055556,36.17694444,0.258833358,29.58896179
SierraRetinY5,9,2070,-5.833055556,36.17694444,14.2510512,28.63681742
SierraRetinY5,9,2071,-5.833055556,36.17694444,7.622365556,31.17619019
SierraRetinY5,9,2072,-5.833055556,36.17694444,12.36848181,29.9059255
SierraRetinY5,9,2073,-5.833055556,36.17694444,2.51648897,30.20960083
SierraRetinY5,9,2074,-5.833055556,36.17694444,0.108202152,29.27158712
SierraRetinY5,9,2075,-5.833055556,36.17694444,0.519169293,30.62102865
SierraRetinY5,9,2076,-5.833055556,36.17694444,10.26566111,28.71099345
SierraRetinY5,9,2077,-5.833055556,36.17694444,4.755691113,29.78325297
SierraRetinY5,9,2078,-5.833055556,36.17694444,0.082604201,30.26497904
SierraRetinY5,9,2079,-5.833055556,36.17694444,1.94573279,30.96542765
SierraRetinY5,9,2080,-5.833055556,36.17694444,0.630769392,31.25986532
SierraRetinY5,9,2081,-5.833055556,36.17694444,1.876749921,29.46453857
SierraRetinY5,9,2082,-5.833055556,36.17694444,0.013662509,29.57674052
SierraRetinY5,9,2083,-5.833055556,36.17694444,1.095602322,28.29357605
SierraRetinY5,9,2084,-5.833055556,36.17694444,1.985829899,30.55337626
SierraRetinY5,9,2085,-5.833055556,36.17694444,10.53026425,31.09463094
SierraRetinY5,9,2086,-5.833055556,36.17694444,9.690228521,30.15946655
SierraRetinY5,9,2087,-5.833055556,36.17694444,29.21692035,30.36206156
SierraRetinY5,9,2088,-5.833055556,36.17694444,34.07904681,27.57948507
SierraRetinY5,9,2089,-5.833055556,36.17694444,11.78313792,31.52589315
SierraRetinY5,9,2090,-5.833055556,36.17694444,0.195149626,30.29550273
SierraRetinY5,9,2091,-5.833055556,36.17694444,1.844610936,29.10214335
SierraRetinY5,9,2092,-5.833055556,36.17694444,6.593448655,29.3230011
SierraRetinY5,9,2093,-5.833055556,36.17694444,3.909538306,28.78351542
SierraRetinY5,9,2094,-5.833055556,36.17694444,109.4597031,30.70560913
SierraRetinY5,9,2095,-5.833055556,36.17694444,0.374773387,29.95059001
SierraRetinY5,9,2096,-5.833055556,36.17694444,5.819319121,29.45409139
SierraRetinY5,9,2097,-5.833055556,36.17694444,16.27963167,32.22047119
SierraRetinY5,9,2098,-5.833055556,36.17694444,0.291393995,31.45845235
SierraRetinY5,9,2099,-5.833055556,36.17694444,6.752708534,31.98074137
SierraRetinY5,9,2100,-5.833055556,36.17694444,5.438497925,33.03823242
Tarifa,1,2015,-5.655556,36.083889,49.72905653,17.94166791
Tarifa,1,2016,-5.655556,36.083889,38.74718134,16.70481902
Tarifa,1,2017,-5.655556,36.083889,200.1230891,18.78475145
Tarifa,1,2018,-5.655556,36.083889,123.1025422,15.2102098
Tarifa,1,2019,-5.655556,36.083889,24.81484505,16.73945844
Tarifa,1,2020,-5.655556,36.083889,240.3910603,17.13590147
Tarifa,1,2021,-5.655556,36.083889,53.06857622,16.67655581
Tarifa,1,2022,-5.655556,36.083889,228.8520963,17.07765424
Tarifa,1,2023,-5.655556,36.083889,100.2021665,17.02001343
Tarifa,1,2024,-5.655556,36.083889,243.1637298,16.91102236
Tarifa,1,2025,-5.655556,36.083889,205.8457633,17.31040689
Tarifa,1,2026,-5.655556,36.083889,153.0187309,17.68368904
Tarifa,1,2027,-5.655556,36.083889,78.68985511,16.04736013
Tarifa,1,2028,-5.655556,36.083889,56.97746027,16.28520331
Tarifa,1,2029,-5.655556,36.083889,23.4505916,16.98295721
Tarifa,1,2030,-5.655556,36.083889,229.1626478,17.3540805
Tarifa,1,2031,-5.655556,36.083889,489.8903648,19.1625
Tarifa,1,2032,-5.655556,36.083889,129.0241607,16.71409735
Tarifa,1,2033,-5.655556,36.083889,25.04430707,16.62272083
Tarifa,1,2034,-5.655556,36.083889,57.1360638,17.96391031
Tarifa,1,2035,-5.655556,36.083889,31.04984059,15.33105055
Tarifa,1,2036,-5.655556,36.083889,116.0493314,18.57261983
Tarifa,1,2037,-5.655556,36.083889,3.071600274,17.44380513
Tarifa,1,2038,-5.655556,36.083889,146.8452231,17.44995983
Tarifa,1,2039,-5.655556,36.083889,6.111233108,18.34179766
Tarifa,1,2040,-5.655556,36.083889,89.01611071,19.67674186
Tarifa,1,2041,-5.655556,36.083889,40.01769455,17.68848621
Tarifa,1,2042,-5.655556,36.083889,24.22610293,17.12428609
Tarifa,1,2043,-5.655556,36.083889,50.7544826,18.77081378
Tarifa,1,2044,-5.655556,36.083889,12.23279219,17.39221369
Tarifa,1,2045,-5.655556,36.083889,21.19698057,18.85575699
Tarifa,1,2046,-5.655556,36.083889,35.25764349,19.08629662
Tarifa,1,2047,-5.655556,36.083889,44.74779479,18.41500146
Tarifa,1,2048,-5.655556,36.083889,68.56554858,19.28371188
Tarifa,1,2049,-5.655556,36.083889,35.89458113,18.52754536
Tarifa,1,2050,-5.655556,36.083889,137.2569515,18.49339226
Tarifa,1,2051,-5.655556,36.083889,61.94504599,16.74338832
Tarifa,1,2052,-5.655556,36.083889,76.91554705,17.8161629
Tarifa,1,2053,-5.655556,36.083889,110.669672,18.01417276
Tarifa,1,2054,-5.655556,36.083889,21.05875049,17.45774083
Tarifa,1,2055,-5.655556,36.083889,93.73419799,17.21474117
Tarifa,1,2056,-5.655556,36.083889,73.4615249,16.2383982
Tarifa,1,2057,-5.655556,36.083889,61.60433351,18.69526111
Tarifa,1,2058,-5.655556,36.083889,43.16726067,19.15984103
Tarifa,1,2059,-5.655556,36.083889,10.85982009,18.98871322
Tarifa,1,2060,-5.655556,36.083889,22.57803506,19.66672915
Tarifa,1,2061,-5.655556,36.083889,73.26687041,19.81468427
Tarifa,1,2062,-5.655556,36.083889,55.08007596,18.49307231
Tarifa,1,2063,-5.655556,36.083889,127.4021938,17.60399386
Tarifa,1,2064,-5.655556,36.083889,182.4792974,18.75531675
Tarifa,1,2065,-5.655556,36.083889,77.40068947,18.9641574
Tarifa,1,2066,-5.655556,36.083889,87.94481044,19.44514889
Tarifa,1,2067,-5.655556,36.083889,87.95485745,17.71004836
Tarifa,1,2068,-5.655556,36.083889,27.48930456,18.06784333
Tarifa,1,2069,-5.655556,36.083889,110.7206458,17.91216726
Tarifa,1,2070,-5.655556,36.083889,111.7230649,19.42586079
Tarifa,1,2071,-5.655556,36.083889,64.04783599,18.17641897
Tarifa,1,2072,-5.655556,36.083889,12.75331727,20.00599405
Tarifa,1,2073,-5.655556,36.083889,136.8615983,18.38759273
Tarifa,1,2074,-5.655556,36.083889,29.10096956,19.84630344
Tarifa,1,2075,-5.655556,36.083889,19.29918961,17.9559334
Tarifa,1,2076,-5.655556,36.083889,192.7657381,20.49910003
Tarifa,1,2077,-5.655556,36.083889,76.29181524,18.9031882
Tarifa,1,2078,-5.655556,36.083889,22.70129148,17.92842821
Tarifa,1,2079,-5.655556,36.083889,26.5925465,19.18734623
Tarifa,1,2080,-5.655556,36.083889,39.23773484,17.34175435
Tarifa,1,2081,-5.655556,36.083889,10.41773445,19.09349483
Tarifa,1,2082,-5.655556,36.083889,144.4762518,20.36451554
Tarifa,1,2083,-5.655556,36.083889,35.28512583,19.74857926
Tarifa,1,2084,-5.655556,36.083889,187.3800266,19.73338249
Tarifa,1,2085,-5.655556,36.083889,101.3971728,20.84184098
Tarifa,1,2086,-5.655556,36.083889,51.03694329,18.21304794
Tarifa,1,2087,-5.655556,36.083889,242.9984627,19.80655281
Tarifa,1,2088,-5.655556,36.083889,74.71194701,16.99713804
Tarifa,1,2089,-5.655556,36.083889,35.33380064,18.68706468
Tarifa,1,2090,-5.655556,36.083889,41.72543792,20.56653206
Tarifa,1,2091,-5.655556,36.083889,72.94084339,20.30023764
Tarifa,1,2092,-5.655556,36.083889,98.77719865,20.15428191
Tarifa,1,2093,-5.655556,36.083889,107.4260909,19.01276796
Tarifa,1,2094,-5.655556,36.083889,35.1500512,20.66896973
Tarifa,1,2095,-5.655556,36.083889,43.45917027,20.55323329
Tarifa,1,2096,-5.655556,36.083889,27.21566292,20.7980768
Tarifa,1,2097,-5.655556,36.083889,177.1061379,19.52828172
Tarifa,1,2098,-5.655556,36.083889,33.36441191,20.53920111
Tarifa,1,2099,-5.655556,36.083889,27.3734636,20.59645602
Tarifa,1,2100,-5.655556,36.083889,7.507399759,20.72880288
Tarifa,10,2015,-5.655556,36.083889,12.37612002,25.1928896
Tarifa,10,2016,-5.655556,36.083889,44.18550649,24.0000382
Tarifa,10,2017,-5.655556,36.083889,20.29658792,22.65851106
Tarifa,10,2018,-5.655556,36.083889,2.52326461,23.90514034
Tarifa,10,2019,-5.655556,36.083889,55.2358949,23.43195742
Tarifa,10,2020,-5.655556,36.083889,7.814255928,23.07541071
Tarifa,10,2021,-5.655556,36.083889,4.499712779,23.6679213
Tarifa,10,2022,-5.655556,36.083889,7.951066088,25.34114203
Tarifa,10,2023,-5.655556,36.083889,10.2431229,24.24216565
Tarifa,10,2024,-5.655556,36.083889,13.82115624,23.62249835
Tarifa,10,2025,-5.655556,36.083889,47.46089536,23.8080718
Tarifa,10,2026,-5.655556,36.083889,42.20781446,23.32754202
Tarifa,10,2027,-5.655556,36.083889,12.85358273,23.3981656
Tarifa,10,2028,-5.655556,36.083889,1.974694176,24.55411928
Tarifa,10,2029,-5.655556,36.083889,0.336841513,24.17013825
Tarifa,10,2030,-5.655556,36.083889,39.17878879,24.62599605
Tarifa,10,2031,-5.655556,36.083889,35.83542756,24.46546572
Tarifa,10,2032,-5.655556,36.083889,70.60247728,22.48073534
Tarifa,10,2033,-5.655556,36.083889,62.99923921,24.91834855
Tarifa,10,2034,-5.655556,36.083889,11.86679885,24.04030663
Tarifa,10,2035,-5.655556,36.083889,1.083217492,24.70913972
Tarifa,10,2036,-5.655556,36.083889,11.37343897,24.86344939
Tarifa,10,2037,-5.655556,36.083889,57.25294303,23.48787743
Tarifa,10,2038,-5.655556,36.083889,14.93259738,22.73719522
Tarifa,10,2039,-5.655556,36.083889,3.421313691,24.55812398
Tarifa,10,2040,-5.655556,36.083889,40.60714725,24.25764692
Tarifa,10,2041,-5.655556,36.083889,27.40345816,25.06004855
Tarifa,10,2042,-5.655556,36.083889,10.34153787,24.36681125
Tarifa,10,2043,-5.655556,36.083889,8.11206702,24.55763176
Tarifa,10,2044,-5.655556,36.083889,12.10651808,23.57119141
Tarifa,10,2045,-5.655556,36.083889,0.058167514,24.72931676
Tarifa,10,2046,-5.655556,36.083889,1.25459274,24.28340966
Tarifa,10,2047,-5.655556,36.083889,72.09281269,24.14774131
Tarifa,10,2048,-5.655556,36.083889,2.016748451,25.32585174
Tarifa,10,2049,-5.655556,36.083889,14.44872082,24.28545434
Tarifa,10,2050,-5.655556,36.083889,16.11313572,23.53092199
Tarifa,10,2051,-5.655556,36.083889,0.16364453,24.27827877
Tarifa,10,2052,-5.655556,36.083889,0.395685886,24.42219081
Tarifa,10,2053,-5.655556,36.083889,23.56609607,24.17645146
Tarifa,10,2054,-5.655556,36.083889,4.55003555,24.57831972
Tarifa,10,2055,-5.655556,36.083889,10.36791995,24.25239789
Tarifa,10,2056,-5.655556,36.083889,11.93002333,24.84773284
Tarifa,10,2057,-5.655556,36.083889,22.64660349,23.45423328
Tarifa,10,2058,-5.655556,36.083889,109.3157935,24.82251548
Tarifa,10,2059,-5.655556,36.083889,11.80605877,24.70088521
Tarifa,10,2060,-5.655556,36.083889,16.73986383,25.6426557
Tarifa,10,2061,-5.655556,36.083889,20.7500956,25.8094953
Tarifa,10,2062,-5.655556,36.083889,28.28843095,23.43993333
Tarifa,10,2063,-5.655556,36.083889,7.092656565,25.49303195
Tarifa,10,2064,-5.655556,36.083889,16.83264739,23.75932243
Tarifa,10,2065,-5.655556,36.083889,1.15512658,25.59409731
Tarifa,10,2066,-5.655556,36.083889,2.75230292,24.6659731
Tarifa,10,2067,-5.655556,36.083889,27.58762705,25.39232394
Tarifa,10,2068,-5.655556,36.083889,7.172744911,24.89378091
Tarifa,10,2069,-5.655556,36.083889,8.799946119,25.31501209
Tarifa,10,2070,-5.655556,36.083889,3.850338857,23.94147989
Tarifa,10,2071,-5.655556,36.083889,57.66236283,25.38073415
Tarifa,10,2072,-5.655556,36.083889,5.801145099,26.02508821
Tarifa,10,2073,-5.655556,36.083889,23.10348175,25.90302282
Tarifa,10,2074,-5.655556,36.083889,3.897902674,26.64370511
Tarifa,10,2075,-5.655556,36.083889,19.808965,27.18658428
Tarifa,10,2076,-5.655556,36.083889,17.98021164,25.60825254
Tarifa,10,2077,-5.655556,36.083889,14.18726561,26.1944903
Tarifa,10,2078,-5.655556,36.083889,10.83816006,24.45440457
Tarifa,10,2079,-5.655556,36.083889,0.458800902,26.27252178
Tarifa,10,2080,-5.655556,36.083889,26.91380297,25.92195356
Tarifa,10,2081,-5.655556,36.083889,16.07937167,25.56822923
Tarifa,10,2082,-5.655556,36.083889,1.987487788,25.66063351
Tarifa,10,2083,-5.655556,36.083889,0.607860799,26.93284636
Tarifa,10,2084,-5.655556,36.083889,26.5002021,26.22663318
Tarifa,10,2085,-5.655556,36.083889,36.2241157,27.27136506
Tarifa,10,2086,-5.655556,36.083889,31.41913297,25.0542069
Tarifa,10,2087,-5.655556,36.083889,16.4208227,26.78917551
Tarifa,10,2088,-5.655556,36.083889,0.292950778,27.36145197
Tarifa,10,2089,-5.655556,36.083889,66.93298606,25.40902001
Tarifa,10,2090,-5.655556,36.083889,6.665967441,27.00878001
Tarifa,10,2091,-5.655556,36.083889,38.94751268,25.05509388
Tarifa,10,2092,-5.655556,36.083889,0.738709299,27.19584784
Tarifa,10,2093,-5.655556,36.083889,24.16457137,26.51681007
Tarifa,10,2094,-5.655556,36.083889,1.630588089,26.72842191
Tarifa,10,2095,-5.655556,36.083889,0.220842174,26.93195545
Tarifa,10,2096,-5.655556,36.083889,54.12420823,23.45871346
Tarifa,10,2097,-5.655556,36.083889,16.99968212,27.53624189
Tarifa,10,2098,-5.655556,36.083889,1.463791494,27.91275989
Tarifa,10,2099,-5.655556,36.083889,0.316171897,26.74982457
Tarifa,10,2100,-5.655556,36.083889,11.66136409,28.62821892
Tarifa,11,2015,-5.655556,36.083889,182.4267585,19.24752096
Tarifa,11,2016,-5.655556,36.083889,9.371200779,19.82614644
Tarifa,11,2017,-5.655556,36.083889,89.33413917,19.15717367
Tarifa,11,2018,-5.655556,36.083889,22.30921981,19.86667786
Tarifa,11,2019,-5.655556,36.083889,40.9057158,19.81118266
Tarifa,11,2020,-5.655556,36.083889,19.08607848,20.86202393
Tarifa,11,2021,-5.655556,36.083889,32.67604575,20.22105713
Tarifa,11,2022,-5.655556,36.083889,20.83425483,20.91120911
Tarifa,11,2023,-5.655556,36.083889,14.80499818,21.16497294
Tarifa,11,2024,-5.655556,36.083889,220.0242247,19.26984049
Tarifa,11,2025,-5.655556,36.083889,46.31567076,17.54557292
Tarifa,11,2026,-5.655556,36.083889,13.69275162,18.72352397
Tarifa,11,2027,-5.655556,36.083889,132.1962225,19.58795166
Tarifa,11,2028,-5.655556,36.083889,6.692370409,20.79804586
Tarifa,11,2029,-5.655556,36.083889,91.06831086,17.83311157
Tarifa,11,2030,-5.655556,36.083889,3.572666614,22.71667786
Tarifa,11,2031,-5.655556,36.083889,16.63311207,21.23199361
Tarifa,11,2032,-5.655556,36.083889,26.39827936,19.65681864
Tarifa,11,2033,-5.655556,36.083889,29.78371099,19.23155111
Tarifa,11,2034,-5.655556,36.083889,80.19300693,19.13440348
Tarifa,11,2035,-5.655556,36.083889,34.10288377,21.2728658
Tarifa,11,2036,-5.655556,36.083889,24.56398111,19.75728455
Tarifa,11,2037,-5.655556,36.083889,29.6071171,19.4903422
Tarifa,11,2038,-5.655556,36.083889,148.1884403,20.24668783
Tarifa,11,2039,-5.655556,36.083889,21.65395576,20.74826762
Tarifa,11,2040,-5.655556,36.083889,31.06868872,19.89126485
Tarifa,11,2041,-5.655556,36.083889,37.34703539,19.17488607
Tarifa,11,2042,-5.655556,36.083889,157.4309236,20.58994853
Tarifa,11,2043,-5.655556,36.083889,130.9171432,21.02472839
Tarifa,11,2044,-5.655556,36.083889,1.650858184,20.23444316
Tarifa,11,2045,-5.655556,36.083889,13.38517691,21.96685994
Tarifa,11,2046,-5.655556,36.083889,159.2809236,20.43553874
Tarifa,11,2047,-5.655556,36.083889,45.8157826,19.95514323
Tarifa,11,2048,-5.655556,36.083889,51.9603584,19.81430461
Tarifa,11,2049,-5.655556,36.083889,6.780534604,20.00665588
Tarifa,11,2050,-5.655556,36.083889,17.43454485,21.8307017
Tarifa,11,2051,-5.655556,36.083889,67.4020418,21.51361491
Tarifa,11,2052,-5.655556,36.083889,87.79191852,19.79025574
Tarifa,11,2053,-5.655556,36.083889,43.0143962,20.48165588
Tarifa,11,2054,-5.655556,36.083889,0.667327721,21.21924438
Tarifa,11,2055,-5.655556,36.083889,36.01822344,20.05091858
Tarifa,11,2056,-5.655556,36.083889,110.9831911,21.49181112
Tarifa,11,2057,-5.655556,36.083889,27.90290481,20.86201274
Tarifa,11,2058,-5.655556,36.083889,43.1288041,20.51632996
Tarifa,11,2059,-5.655556,36.083889,1.671880602,22.48670858
Tarifa,11,2060,-5.655556,36.083889,33.17874486,21.68725281
Tarifa,11,2061,-5.655556,36.083889,2.913059162,21.50735067
Tarifa,11,2062,-5.655556,36.083889,19.64062014,21.63124186
Tarifa,11,2063,-5.655556,36.083889,52.99912353,20.91130676
Tarifa,11,2064,-5.655556,36.083889,9.573291419,19.98453979
Tarifa,11,2065,-5.655556,36.083889,39.53943526,20.78220317
Tarifa,11,2066,-5.655556,36.083889,34.70776958,21.27582601
Tarifa,11,2067,-5.655556,36.083889,45.32905431,21.40060832
Tarifa,11,2068,-5.655556,36.083889,85.08118523,19.07708944
Tarifa,11,2069,-5.655556,36.083889,24.86164657,22.07705078
Tarifa,11,2070,-5.655556,36.083889,17.19775212,20.36112569
Tarifa,11,2071,-5.655556,36.083889,7.149445096,20.86259664
Tarifa,11,2072,-5.655556,36.083889,2.190445919,23.08274434
Tarifa,11,2073,-5.655556,36.083889,35.6163643,21.00340169
Tarifa,11,2074,-5.655556,36.083889,2.313077287,21.95812988
Tarifa,11,2075,-5.655556,36.083889,50.87675487,23.26003418
Tarifa,11,2076,-5.655556,36.083889,8.293493542,23.14577637
Tarifa,11,2077,-5.655556,36.083889,32.77377316,22.0608429
Tarifa,11,2078,-5.655556,36.083889,0.334884277,21.36850179
Tarifa,11,2079,-5.655556,36.083889,4.82946637,23.31637472
Tarifa,11,2080,-5.655556,36.083889,10.52002988,23.79721985
Tarifa,11,2081,-5.655556,36.083889,5.816855273,23.00645549
Tarifa,11,2082,-5.655556,36.083889,39.03505728,22.61429342
Tarifa,11,2083,-5.655556,36.083889,41.86010611,21.51568909
Tarifa,11,2084,-5.655556,36.083889,36.11933991,21.83999227
Tarifa,11,2085,-5.655556,36.083889,25.39405044,22.40009257
Tarifa,11,2086,-5.655556,36.083889,45.28861063,22.89809367
Tarifa,11,2087,-5.655556,36.083889,5.852710678,22.43766073
Tarifa,11,2088,-5.655556,36.083889,30.34574377,21.70735881
Tarifa,11,2089,-5.655556,36.083889,36.14414359,21.14086812
Tarifa,11,2090,-5.655556,36.083889,2.965639627,22.99570719
Tarifa,11,2091,-5.655556,36.083889,1.530143422,22.03983561
Tarifa,11,2092,-5.655556,36.083889,24.06705728,23.07287598
Tarifa,11,2093,-5.655556,36.083889,8.27791349,23.47692057
Tarifa,11,2094,-5.655556,36.083889,3.906200698,24.44195557
Tarifa,11,2095,-5.655556,36.083889,0.886546031,23.48081868
Tarifa,11,2096,-5.655556,36.083889,39.80478752,23.01995239
Tarifa,11,2097,-5.655556,36.083889,7.531495869,24.38914286
Tarifa,11,2098,-5.655556,36.083889,42.07209086,23.08532613
Tarifa,11,2099,-5.655556,36.083889,4.631652742,23.15675456
Tarifa,11,2100,-5.655556,36.083889,22.17224963,23.22208659
Tarifa,12,2015,-5.655556,36.083889,99.31543004,17.61786755
Tarifa,12,2016,-5.655556,36.083889,57.74650673,17.82651978
Tarifa,12,2017,-5.655556,36.083889,97.35866821,18.12538866
Tarifa,12,2018,-5.655556,36.083889,68.50222824,16.8918396
Tarifa,12,2019,-5.655556,36.083889,14.66540693,16.34363561
Tarifa,12,2020,-5.655556,36.083889,78.26989612,17.93115571
Tarifa,12,2021,-5.655556,36.083889,82.86942202,17.50657979
Tarifa,12,2022,-5.655556,36.083889,18.44426059,18.4545798
Tarifa,12,2023,-5.655556,36.083889,238.5585497,17.47300848
Tarifa,12,2024,-5.655556,36.083889,259.5075614,18.46495768
Tarifa,12,2025,-5.655556,36.083889,50.05623588,16.86059846
Tarifa,12,2026,-5.655556,36.083889,130.0152303,17.52622622
Tarifa,12,2027,-5.655556,36.083889,238.0137492,17.11126591
Tarifa,12,2028,-5.655556,36.083889,31.88209177,18.95953573
Tarifa,12,2029,-5.655556,36.083889,146.6386158,17.88751989
Tarifa,12,2030,-5.655556,36.083889,24.54513541,19.15727132
Tarifa,12,2031,-5.655556,36.083889,51.86860245,17.94919886
Tarifa,12,2032,-5.655556,36.083889,31.54739637,17.40864766
Tarifa,12,2033,-5.655556,36.083889,29.96533126,18.91998862
Tarifa,12,2034,-5.655556,36.083889,256.1917358,17.40300706
Tarifa,12,2035,-5.655556,36.083889,59.83210935,18.54268405
Tarifa,12,2036,-5.655556,36.083889,50.47364393,17.8517863
Tarifa,12,2037,-5.655556,36.083889,1.870687623,17.90901706
Tarifa,12,2038,-5.655556,36.083889,30.70371765,18.99552455
Tarifa,12,2039,-5.655556,36.083889,138.0433807,20.15733268
Tarifa,12,2040,-5.655556,36.083889,31.16902867,18.68703824
Tarifa,12,2041,-5.655556,36.083889,35.93514071,17.94570805
Tarifa,12,2042,-5.655556,36.083889,81.90089016,19.85806353
Tarifa,12,2043,-5.655556,36.083889,205.1180326,18.98364337
Tarifa,12,2044,-5.655556,36.083889,50.41115969,19.49297791
Tarifa,12,2045,-5.655556,36.083889,50.04408006,18.47322407
Tarifa,12,2046,-5.655556,36.083889,71.6894042,17.90215651
Tarifa,12,2047,-5.655556,36.083889,82.67083017,20.68596999
Tarifa,12,2048,-5.655556,36.083889,107.7964631,19.75441284
Tarifa,12,2049,-5.655556,36.083889,38.81163333,18.63877111
Tarifa,12,2050,-5.655556,36.083889,74.10175788,18.52730509
Tarifa,12,2051,-5.655556,36.083889,75.35518179,18.40514133
Tarifa,12,2052,-5.655556,36.083889,67.09565409,16.11522725
Tarifa,12,2053,-5.655556,36.083889,137.9827752,18.4496645
Tarifa,12,2054,-5.655556,36.083889,12.37967585,18.68437815
Tarifa,12,2055,-5.655556,36.083889,118.1436646,16.92167693
Tarifa,12,2056,-5.655556,36.083889,3.893583182,18.43902893
Tarifa,12,2057,-5.655556,36.083889,319.6256451,18.87815394
Tarifa,12,2058,-5.655556,36.083889,9.249486388,19.57988596
Tarifa,12,2059,-5.655556,36.083889,186.1506713,18.29855327
Tarifa,12,2060,-5.655556,36.083889,19.53865951,19.32960584
Tarifa,12,2061,-5.655556,36.083889,4.967839026,18.99288921
Tarifa,12,2062,-5.655556,36.083889,22.14817659,18.63716647
Tarifa,12,2063,-5.655556,36.083889,18.77763902,19.19976196
Tarifa,12,2064,-5.655556,36.083889,53.97049897,19.0659668
Tarifa,12,2065,-5.655556,36.083889,21.92443859,20.09447927
Tarifa,12,2066,-5.655556,36.083889,140.4134827,18.76784077
Tarifa,12,2067,-5.655556,36.083889,75.0866945,19.25009234
Tarifa,12,2068,-5.655556,36.083889,40.12730217,19.23935954
Tarifa,12,2069,-5.655556,36.083889,74.16807258,19.42709429
Tarifa,12,2070,-5.655556,36.083889,46.85769512,19.02002055
Tarifa,12,2071,-5.655556,36.083889,95.23164472,18.0479823
Tarifa,12,2072,-5.655556,36.083889,100.2049486,17.8001943
Tarifa,12,2073,-5.655556,36.083889,20.24167046,18.80575148
Tarifa,12,2074,-5.655556,36.083889,79.36807138,19.20689914
Tarifa,12,2075,-5.655556,36.083889,47.0629694,18.68283849
Tarifa,12,2076,-5.655556,36.083889,27.08837145,20.19711202
Tarifa,12,2077,-5.655556,36.083889,167.5536036,20.69102212
Tarifa,12,2078,-5.655556,36.083889,44.76938828,20.64342651
Tarifa,12,2079,-5.655556,36.083889,71.73295939,21.39024186
Tarifa,12,2080,-5.655556,36.083889,21.59766894,19.06188249
Tarifa,12,2081,-5.655556,36.083889,84.37114214,22.14545446
Tarifa,12,2082,-5.655556,36.083889,20.62966111,20.63068198
Tarifa,12,2083,-5.655556,36.083889,30.52986511,20.84588111
Tarifa,12,2084,-5.655556,36.083889,125.228623,20.85760193
Tarifa,12,2085,-5.655556,36.083889,28.75638928,20.83147681
Tarifa,12,2086,-5.655556,36.083889,161.8570363,19.25362943
Tarifa,12,2087,-5.655556,36.083889,88.32117845,19.61002945
Tarifa,12,2088,-5.655556,36.083889,76.30657124,20.47789103
Tarifa,12,2089,-5.655556,36.083889,29.03051947,20.48896721
Tarifa,12,2090,-5.655556,36.083889,11.38898314,21.95431112
Tarifa,12,2091,-5.655556,36.083889,21.44762663,18.11217061
Tarifa,12,2092,-5.655556,36.083889,142.4533013,21.03610433
Tarifa,12,2093,-5.655556,36.083889,103.8107704,20.69987813
Tarifa,12,2094,-5.655556,36.083889,38.1335423,20.7941991
Tarifa,12,2095,-5.655556,36.083889,33.20415548,21.38904872
Tarifa,12,2096,-5.655556,36.083889,72.77084543,21.40380046
Tarifa,12,2097,-5.655556,36.083889,29.28923892,21.56037046
Tarifa,12,2098,-5.655556,36.083889,3.471413989,21.31357186
Tarifa,12,2099,-5.655556,36.083889,144.1190037,20.7165358
Tarifa,12,2100,-5.655556,36.083889,9.582186988,20.46112976
Tarifa,2,2015,-5.655556,36.083889,63.84424322,18.37862658
Tarifa,2,2016,-5.655556,36.083889,10.46413852,17.39239207
Tarifa,2,2017,-5.655556,36.083889,7.399380699,18.32642081
Tarifa,2,2018,-5.655556,36.083889,3.229036964,17.3473635
Tarifa,2,2019,-5.655556,36.083889,102.5907294,18.47630027
Tarifa,2,2020,-5.655556,36.083889,129.6566728,19.02775963
Tarifa,2,2021,-5.655556,36.083889,12.22188986,17.07035435
Tarifa,2,2022,-5.655556,36.083889,16.68487175,16.7901038
Tarifa,2,2023,-5.655556,36.083889,16.60168536,18.63750174
Tarifa,2,2024,-5.655556,36.083889,25.26074205,17.60133646
Tarifa,2,2025,-5.655556,36.083889,152.9556081,17.98776616
Tarifa,2,2026,-5.655556,36.083889,10.90174959,17.82072056
Tarifa,2,2027,-5.655556,36.083889,21.64862622,17.89978943
Tarifa,2,2028,-5.655556,36.083889,40.48539133,17.29362561
Tarifa,2,2029,-5.655556,36.083889,48.72548152,17.76304779
Tarifa,2,2030,-5.655556,36.083889,63.7457378,16.76564178
Tarifa,2,2031,-5.655556,36.083889,46.05016362,18.97739454
Tarifa,2,2032,-5.655556,36.083889,19.94340294,19.55560219
Tarifa,2,2033,-5.655556,36.083889,2.231866842,19.95511126
Tarifa,2,2034,-5.655556,36.083889,8.55211508,19.95592433
Tarifa,2,2035,-5.655556,36.083889,209.1915479,18.06773529
Tarifa,2,2036,-5.655556,36.083889,95.96020834,19.12814457
Tarifa,2,2037,-5.655556,36.083889,5.483608201,18.47547193
Tarifa,2,2038,-5.655556,36.083889,122.7995586,15.58963274
Tarifa,2,2039,-5.655556,36.083889,91.67113698,17.53382263
Tarifa,2,2040,-5.655556,36.083889,14.75331078,18.01038566
Tarifa,2,2041,-5.655556,36.083889,88.86683386,17.15075945
Tarifa,2,2042,-5.655556,36.083889,43.562953,19.66448582
Tarifa,2,2043,-5.655556,36.083889,118.2502336,17.6373873
Tarifa,2,2044,-5.655556,36.083889,7.430568378,18.30984834
Tarifa,2,2045,-5.655556,36.083889,36.70812048,16.24863913
Tarifa,2,2046,-5.655556,36.083889,22.49935339,19.66775883
Tarifa,2,2047,-5.655556,36.083889,26.42368788,18.00972355
Tarifa,2,2048,-5.655556,36.083889,48.28184564,17.24038086
Tarifa,2,2049,-5.655556,36.083889,128.0472203,16.73270024
Tarifa,2,2050,-5.655556,36.083889,5.168183041,18.0029214
Tarifa,2,2051,-5.655556,36.083889,6.111762216,19.01293008
Tarifa,2,2052,-5.655556,36.083889,23.70077895,18.75190914
Tarifa,2,2053,-5.655556,36.083889,1.280420798,18.31902357
Tarifa,2,2054,-5.655556,36.083889,5.467968884,17.95039302
Tarifa,2,2055,-5.655556,36.083889,32.40146558,18.17749612
Tarifa,2,2056,-5.655556,36.083889,0.975037259,17.9308137
Tarifa,2,2057,-5.655556,36.083889,36.40302221,18.13017317
Tarifa,2,2058,-5.655556,36.083889,41.29590132,17.34875968
Tarifa,2,2059,-5.655556,36.083889,23.50421699,19.90556815
Tarifa,2,2060,-5.655556,36.083889,54.62046737,17.83995972
Tarifa,2,2061,-5.655556,36.083889,24.3080138,19.49833396
Tarifa,2,2062,-5.655556,36.083889,5.449706232,17.87075849
Tarifa,2,2063,-5.655556,36.083889,17.37075728,18.69330314
Tarifa,2,2064,-5.655556,36.083889,74.96599772,18.77699459
Tarifa,2,2065,-5.655556,36.083889,3.000299901,18.71734772
Tarifa,2,2066,-5.655556,36.083889,30.38708616,19.33625837
Tarifa,2,2067,-5.655556,36.083889,1.442317387,19.33624529
Tarifa,2,2068,-5.655556,36.083889,0.812167861,20.39811149
Tarifa,2,2069,-5.655556,36.083889,51.80851816,17.5951379
Tarifa,2,2070,-5.655556,36.083889,362.106525,18.86268332
Tarifa,2,2071,-5.655556,36.083889,10.22657363,18.33682295
Tarifa,2,2072,-5.655556,36.083889,9.420084327,20.58119591
Tarifa,2,2073,-5.655556,36.083889,102.0538918,19.86106589
Tarifa,2,2074,-5.655556,36.083889,91.26781006,18.21816079
Tarifa,2,2075,-5.655556,36.083889,5.941491045,18.28983132
Tarifa,2,2076,-5.655556,36.083889,20.44906923,18.98912332
Tarifa,2,2077,-5.655556,36.083889,3.055023841,20.67952554
Tarifa,2,2078,-5.655556,36.083889,70.67244974,18.66338283
Tarifa,2,2079,-5.655556,36.083889,3.667198947,20.19682356
Tarifa,2,2080,-5.655556,36.083889,172.2014147,20.44130438
Tarifa,2,2081,-5.655556,36.083889,28.48177388,19.68199746
Tarifa,2,2082,-5.655556,36.083889,16.74508914,20.85312042
Tarifa,2,2083,-5.655556,36.083889,149.7711502,19.4527189
Tarifa,2,2084,-5.655556,36.083889,16.26723457,19.71650559
Tarifa,2,2085,-5.655556,36.083889,10.96460572,18.29768088
Tarifa,2,2086,-5.655556,36.083889,82.03924436,18.63764452
Tarifa,2,2087,-5.655556,36.083889,217.2631732,18.59025508
Tarifa,2,2088,-5.655556,36.083889,51.53810554,20.89819041
Tarifa,2,2089,-5.655556,36.083889,9.840562775,20.92608577
Tarifa,2,2090,-5.655556,36.083889,478.9314787,19.6377012
Tarifa,2,2091,-5.655556,36.083889,2.810381968,19.76884504
Tarifa,2,2092,-5.655556,36.083889,29.96429761,18.91759644
Tarifa,2,2093,-5.655556,36.083889,9.714728257,20.14156494
Tarifa,2,2094,-5.655556,36.083889,63.91886804,21.93419473
Tarifa,2,2095,-5.655556,36.083889,45.95298105,18.35296456
Tarifa,2,2096,-5.655556,36.083889,80.0746709,19.91884345
Tarifa,2,2097,-5.655556,36.083889,105.4746254,20.95683223
Tarifa,2,2098,-5.655556,36.083889,24.67465398,19.39481942
Tarifa,2,2099,-5.655556,36.083889,38.09362359,19.9825967
Tarifa,2,2100,-5.655556,36.083889,52.17524093,21.32203282
Tarifa,3,2015,-5.655556,36.083889,58.27834321,18.23577172
Tarifa,3,2016,-5.655556,36.083889,25.55470856,20.06851669
Tarifa,3,2017,-5.655556,36.083889,40.23141098,18.55196829
Tarifa,3,2018,-5.655556,36.083889,7.929612883,19.28521906
Tarifa,3,2019,-5.655556,36.083889,28.59202199,19.28935665
Tarifa,3,2020,-5.655556,36.083889,35.91192121,18.20180172
Tarifa,3,2021,-5.655556,36.083889,27.03039757,18.96175439
Tarifa,3,2022,-5.655556,36.083889,1.402204435,20.11697466
Tarifa,3,2023,-5.655556,36.083889,38.37078784,20.18033703
Tarifa,3,2024,-5.655556,36.083889,16.45163134,17.76375142
Tarifa,3,2025,-5.655556,36.083889,125.7179099,18.19104181
Tarifa,3,2026,-5.655556,36.083889,10.95777051,18.12756328
Tarifa,3,2027,-5.655556,36.083889,34.84077533,17.87222467
Tarifa,3,2028,-5.655556,36.083889,17.12960836,19.73730843
Tarifa,3,2029,-5.655556,36.083889,10.42480498,18.37048123
Tarifa,3,2030,-5.655556,36.083889,51.06843764,17.69688642
Tarifa,3,2031,-5.655556,36.083889,15.7725844,18.73363844
Tarifa,3,2032,-5.655556,36.083889,12.0754002,19.08881285
Tarifa,3,2033,-5.655556,36.083889,4.919686403,20.0696232
Tarifa,3,2034,-5.655556,36.083889,0.258090077,21.49275631
Tarifa,3,2035,-5.655556,36.083889,126.9287414,18.87181121
Tarifa,3,2036,-5.655556,36.083889,16.131556,20.07861604
Tarifa,3,2037,-5.655556,36.083889,18.18556211,19.61844345
Tarifa,3,2038,-5.655556,36.083889,44.37956694,19.66996007
Tarifa,3,2039,-5.655556,36.083889,2.492405906,21.44221231
Tarifa,3,2040,-5.655556,36.083889,144.2922416,18.30449337
Tarifa,3,2041,-5.655556,36.083889,74.76096718,16.92059996
Tarifa,3,2042,-5.655556,36.083889,1.524780764,19.21958461
Tarifa,3,2043,-5.655556,36.083889,22.25740531,20.71981792
Tarifa,3,2044,-5.655556,36.083889,33.89925885,19.84240309
Tarifa,3,2045,-5.655556,36.083889,2.525248024,20.64173623
Tarifa,3,2046,-5.655556,36.083889,62.77471841,19.84318867
Tarifa,3,2047,-5.655556,36.083889,22.85650907,19.04227846
Tarifa,3,2048,-5.655556,36.083889,0.684394002,19.90857505
Tarifa,3,2049,-5.655556,36.083889,49.95628754,19.59556215
Tarifa,3,2050,-5.655556,36.083889,11.15712971,19.59145409
Tarifa,3,2051,-5.655556,36.083889,16.69969148,19.56152521
Tarifa,3,2052,-5.655556,36.083889,25.34830085,19.50403403
Tarifa,3,2053,-5.655556,36.083889,33.48872471,18.30816138
Tarifa,3,2054,-5.655556,36.083889,1.463713071,19.66233265
Tarifa,3,2055,-5.655556,36.083889,46.29264454,18.5014105
Tarifa,3,2056,-5.655556,36.083889,8.997301201,19.1173202
Tarifa,3,2057,-5.655556,36.083889,31.68552095,18.45659101
Tarifa,3,2058,-5.655556,36.083889,36.541532,21.24163306
Tarifa,3,2059,-5.655556,36.083889,9.42360495,20.36655726
Tarifa,3,2060,-5.655556,36.083889,29.27775478,19.13213501
Tarifa,3,2061,-5.655556,36.083889,9.802029877,19.99370826
Tarifa,3,2062,-5.655556,36.083889,76.69649523,18.94582027
Tarifa,3,2063,-5.655556,36.083889,30.31256169,18.25094093
Tarifa,3,2064,-5.655556,36.083889,53.26086476,19.73996247
Tarifa,3,2065,-5.655556,36.083889,5.991407001,21.82815237
Tarifa,3,2066,-5.655556,36.083889,12.48758782,20.48474495
Tarifa,3,2067,-5.655556,36.083889,64.61484846,18.38317162
Tarifa,3,2068,-5.655556,36.083889,27.72817189,19.86937866
Tarifa,3,2069,-5.655556,36.083889,4.25852739,20.17139243
Tarifa,3,2070,-5.655556,36.083889,18.14781176,19.86045572
Tarifa,3,2071,-5.655556,36.083889,7.782336916,20.81401584
Tarifa,3,2072,-5.655556,36.083889,44.96991382,20.11681026
Tarifa,3,2073,-5.655556,36.083889,76.06195914,19.1102165
Tarifa,3,2074,-5.655556,36.083889,39.24212524,19.98323482
Tarifa,3,2075,-5.655556,36.083889,9.088173265,20.19081145
Tarifa,3,2076,-5.655556,36.083889,5.636288953,20.66523378
Tarifa,3,2077,-5.655556,36.083889,14.86452726,21.79000047
Tarifa,3,2078,-5.655556,36.083889,47.11298969,19.3629178
Tarifa,3,2079,-5.655556,36.083889,16.50816535,20.14130899
Tarifa,3,2080,-5.655556,36.083889,109.266538,19.1002786
Tarifa,3,2081,-5.655556,36.083889,5.832540114,20.78731591
Tarifa,3,2082,-5.655556,36.083889,16.79290429,20.76076562
Tarifa,3,2083,-5.655556,36.083889,8.795655507,20.2631834
Tarifa,3,2084,-5.655556,36.083889,24.35257647,21.18726354
Tarifa,3,2085,-5.655556,36.083889,22.0028086,20.55517854
Tarifa,3,2086,-5.655556,36.083889,0.061704877,21.01911168
Tarifa,3,2087,-5.655556,36.083889,70.64522086,20.78453586
Tarifa,3,2088,-5.655556,36.083889,22.87912223,20.49452731
Tarifa,3,2089,-5.655556,36.083889,3.74816037,22.4715397
Tarifa,3,2090,-5.655556,36.083889,247.3192324,19.71932275
Tarifa,3,2091,-5.655556,36.083889,24.8182433,20.37675604
Tarifa,3,2092,-5.655556,36.083889,2.338442192,21.41066993
Tarifa,3,2093,-5.655556,36.083889,68.35547465,19.76950743
Tarifa,3,2094,-5.655556,36.083889,63.39617716,20.47060547
Tarifa,3,2095,-5.655556,36.083889,4.512231736,21.88280443
Tarifa,3,2096,-5.655556,36.083889,24.67257353,21.90571525
Tarifa,3,2097,-5.655556,36.083889,82.25664968,20.64939713
Tarifa,3,2098,-5.655556,36.083889,23.88138812,20.78463529
Tarifa,3,2099,-5.655556,36.083889,6.369632734,22.27997692
Tarifa,3,2100,-5.655556,36.083889,56.18919599,21.12749338
Tarifa,4,2015,-5.655556,36.083889,2.063891386,21.52612406
Tarifa,4,2016,-5.655556,36.083889,5.381173159,21.84739278
Tarifa,4,2017,-5.655556,36.083889,17.05209798,20.50614929
Tarifa,4,2018,-5.655556,36.083889,58.47525993,19.19857483
Tarifa,4,2019,-5.655556,36.083889,73.97560526,18.90313822
Tarifa,4,2020,-5.655556,36.083889,17.02119082,21.37716675
Tarifa,4,2021,-5.655556,36.083889,3.216148992,21.1473409
Tarifa,4,2022,-5.655556,36.083889,9.460738819,21.79453735
Tarifa,4,2023,-5.655556,36.083889,15.38434551,20.61637675
Tarifa,4,2024,-5.655556,36.083889,30.94386117,19.42938843
Tarifa,4,2025,-5.655556,36.083889,36.22122124,20.19723511
Tarifa,4,2026,-5.655556,36.083889,13.75250856,19.16082967
Tarifa,4,2027,-5.655556,36.083889,91.15741339,19.45635681
Tarifa,4,2028,-5.655556,36.083889,31.34644844,19.20159302
Tarifa,4,2029,-5.655556,36.083889,13.17937803,19.2050293
Tarifa,4,2030,-5.655556,36.083889,26.86163147,18.76974589
Tarifa,4,2031,-5.655556,36.083889,4.373316219,20.38841146
Tarifa,4,2032,-5.655556,36.083889,1.024430664,22.44227193
Tarifa,4,2033,-5.655556,36.083889,19.16925308,20.51295471
Tarifa,4,2034,-5.655556,36.083889,1.494771374,21.94090576
Tarifa,4,2035,-5.655556,36.083889,5.838673824,19.75534465
Tarifa,4,2036,-5.655556,36.083889,32.47078187,20.9474762
Tarifa,4,2037,-5.655556,36.083889,12.14846348,21.44143372
Tarifa,4,2038,-5.655556,36.083889,28.33516175,19.26404012
Tarifa,4,2039,-5.655556,36.083889,117.282562,19.99549459
Tarifa,4,2040,-5.655556,36.083889,64.39729406,19.48872681
Tarifa,4,2041,-5.655556,36.083889,12.63522072,19.99855754
Tarifa,4,2042,-5.655556,36.083889,31.89970842,20.61420695
Tarifa,4,2043,-5.655556,36.083889,13.28408486,20.6173645
Tarifa,4,2044,-5.655556,36.083889,40.14329962,19.96579183
Tarifa,4,2045,-5.655556,36.083889,76.4492374,21.15296122
Tarifa,4,2046,-5.655556,36.083889,2.945458367,21.86996257
Tarifa,4,2047,-5.655556,36.083889,50.59471853,20.83570251
Tarifa,4,2048,-5.655556,36.083889,7.987293119,22.1192688
Tarifa,4,2049,-5.655556,36.083889,20.0130828,19.61318766
Tarifa,4,2050,-5.655556,36.083889,33.08975402,19.06823425
Tarifa,4,2051,-5.655556,36.083889,0.46396376,21.64955343
Tarifa,4,2052,-5.655556,36.083889,24.06826363,20.72365621
Tarifa,4,2053,-5.655556,36.083889,29.2351007,21.16175232
Tarifa,4,2054,-5.655556,36.083889,53.99335702,20.84045512
Tarifa,4,2055,-5.655556,36.083889,26.99791603,20.50307922
Tarifa,4,2056,-5.655556,36.083889,15.7082651,21.07069499
Tarifa,4,2057,-5.655556,36.083889,48.33077517,19.8611735
Tarifa,4,2058,-5.655556,36.083889,10.25781881,20.64600321
Tarifa,4,2059,-5.655556,36.083889,8.549959806,22.60840658
Tarifa,4,2060,-5.655556,36.083889,15.4338362,21.24879659
Tarifa,4,2061,-5.655556,36.083889,9.153620267,21.31215719
Tarifa,4,2062,-5.655556,36.083889,24.95910708,22.03458761
Tarifa,4,2063,-5.655556,36.083889,4.087350128,21.60796305
Tarifa,4,2064,-5.655556,36.083889,18.8201146,21.8455363
Tarifa,4,2065,-5.655556,36.083889,87.36670757,20.43166097
Tarifa,4,2066,-5.655556,36.083889,14.70220322,20.77325948
Tarifa,4,2067,-5.655556,36.083889,61.72179456,20.70668335
Tarifa,4,2068,-5.655556,36.083889,4.76303902,21.76094564
Tarifa,4,2069,-5.655556,36.083889,18.58850503,20.78597616
Tarifa,4,2070,-5.655556,36.083889,21.25622058,21.50587769
Tarifa,4,2071,-5.655556,36.083889,27.27136447,22.93599752
Tarifa,4,2072,-5.655556,36.083889,26.6221179,23.16045125
Tarifa,4,2073,-5.655556,36.083889,20.80029739,21.74215495
Tarifa,4,2074,-5.655556,36.083889,19.97099084,22.3681783
Tarifa,4,2075,-5.655556,36.083889,5.316537075,23.1083018
Tarifa,4,2076,-5.655556,36.083889,8.555672976,21.27585653
Tarifa,4,2077,-5.655556,36.083889,7.232837131,22.64652507
Tarifa,4,2078,-5.655556,36.083889,86.14291759,22.14820658
Tarifa,4,2079,-5.655556,36.083889,11.69536527,22.80415649
Tarifa,4,2080,-5.655556,36.083889,30.27648128,21.34779867
Tarifa,4,2081,-5.655556,36.083889,5.538476279,23.76657104
Tarifa,4,2082,-5.655556,36.083889,4.817902326,22.77761332
Tarifa,4,2083,-5.655556,36.083889,0.352711783,23.3364919
Tarifa,4,2084,-5.655556,36.083889,3.712340419,22.009021
Tarifa,4,2085,-5.655556,36.083889,6.378373062,23.66044108
Tarifa,4,2086,-5.655556,36.083889,2.387653762,21.90799154
Tarifa,4,2087,-5.655556,36.083889,4.85039286,23.28794352
Tarifa,4,2088,-5.655556,36.083889,35.11480742,22.53774211
Tarifa,4,2089,-5.655556,36.083889,14.43454338,23.96877848
Tarifa,4,2090,-5.655556,36.083889,30.30846585,22.15389608
Tarifa,4,2091,-5.655556,36.083889,3.101096775,20.62283427
Tarifa,4,2092,-5.655556,36.083889,3.298386037,23.74327901
Tarifa,4,2093,-5.655556,36.083889,36.62719896,20.72652791
Tarifa,4,2094,-5.655556,36.083889,14.2677665,23.35695089
Tarifa,4,2095,-5.655556,36.083889,21.85789416,20.82110291
Tarifa,4,2096,-5.655556,36.083889,3.61498242,24.71195272
Tarifa,4,2097,-5.655556,36.083889,17.50377105,23.38000895
Tarifa,4,2098,-5.655556,36.083889,0.529362969,23.2559021
Tarifa,4,2099,-5.655556,36.083889,12.59202457,23.35852763
Tarifa,4,2100,-5.655556,36.083889,4.918049497,24.60730082
Tarifa,5,2015,-5.655556,36.083889,12.43049226,22.07564402
Tarifa,5,2016,-5.655556,36.083889,9.035403144,23.35180644
Tarifa,5,2017,-5.655556,36.083889,2.55819272,22.50987175
Tarifa,5,2018,-5.655556,36.083889,35.04389019,21.40649197
Tarifa,5,2019,-5.655556,36.083889,36.32176126,20.06768484
Tarifa,5,2020,-5.655556,36.083889,1.838805425,23.7066865
Tarifa,5,2021,-5.655556,36.083889,38.2054064,21.42429061
Tarifa,5,2022,-5.655556,36.083889,67.23153359,22.21006411
Tarifa,5,2023,-5.655556,36.083889,0.900476318,22.99002548
Tarifa,5,2024,-5.655556,36.083889,2.443617989,23.03904557
Tarifa,5,2025,-5.655556,36.083889,41.63832271,23.04689252
Tarifa,5,2026,-5.655556,36.083889,21.67542119,20.38159948
Tarifa,5,2027,-5.655556,36.083889,18.40817179,21.26883309
Tarifa,5,2028,-5.655556,36.083889,12.32518494,21.01442871
Tarifa,5,2029,-5.655556,36.083889,3.882197966,21.7376579
Tarifa,5,2030,-5.655556,36.083889,18.76061369,20.51242243
Tarifa,5,2031,-5.655556,36.083889,13.09599029,22.38941887
Tarifa,5,2032,-5.655556,36.083889,20.04398826,22.91811917
Tarifa,5,2033,-5.655556,36.083889,10.53876291,21.36863541
Tarifa,5,2034,-5.655556,36.083889,2.807995388,22.84965545
Tarifa,5,2035,-5.655556,36.083889,18.19691967,21.95824093
Tarifa,5,2036,-5.655556,36.083889,58.02920606,22.66673407
Tarifa,5,2037,-5.655556,36.083889,28.5554898,20.83995775
Tarifa,5,2038,-5.655556,36.083889,1.078878928,22.69354721
Tarifa,5,2039,-5.655556,36.083889,29.45958312,21.57029261
Tarifa,5,2040,-5.655556,36.083889,52.49707058,21.5878097
Tarifa,5,2041,-5.655556,36.083889,11.49610074,22.16904454
Tarifa,5,2042,-5.655556,36.083889,3.608827803,24.48550002
Tarifa,5,2043,-5.655556,36.083889,15.73246022,21.8095583
Tarifa,5,2044,-5.655556,36.083889,19.15422359,21.9793965
Tarifa,5,2045,-5.655556,36.083889,6.022364325,22.17797438
Tarifa,5,2046,-5.655556,36.083889,39.85608948,21.89596636
Tarifa,5,2047,-5.655556,36.083889,51.5442496,23.63368845
Tarifa,5,2048,-5.655556,36.083889,2.576071599,22.68082433
Tarifa,5,2049,-5.655556,36.083889,67.39168996,22.1835207
Tarifa,5,2050,-5.655556,36.083889,5.409732508,22.10728583
Tarifa,5,2051,-5.655556,36.083889,39.3294098,22.19393114
Tarifa,5,2052,-5.655556,36.083889,1.898208552,24.26730918
Tarifa,5,2053,-5.655556,36.083889,12.24411172,22.36216076
Tarifa,5,2054,-5.655556,36.083889,31.96803087,21.17584701
Tarifa,5,2055,-5.655556,36.083889,4.251042696,21.9791878
Tarifa,5,2056,-5.655556,36.083889,5.721563159,22.47577377
Tarifa,5,2057,-5.655556,36.083889,9.675585428,22.5305223
Tarifa,5,2058,-5.655556,36.083889,33.18409084,21.53559314
Tarifa,5,2059,-5.655556,36.083889,23.88559813,23.51355847
Tarifa,5,2060,-5.655556,36.083889,2.330868846,24.39907916
Tarifa,5,2061,-5.655556,36.083889,2.902234133,22.22136644
Tarifa,5,2062,-5.655556,36.083889,9.279097128,22.78161995
Tarifa,5,2063,-5.655556,36.083889,34.78481673,20.80941851
Tarifa,5,2064,-5.655556,36.083889,1.27290544,24.28396882
Tarifa,5,2065,-5.655556,36.083889,1.589706651,25.36607489
Tarifa,5,2066,-5.655556,36.083889,6.73334249,23.55709327
Tarifa,5,2067,-5.655556,36.083889,18.26908445,23.06100936
Tarifa,5,2068,-5.655556,36.083889,9.333690725,23.32971664
Tarifa,5,2069,-5.655556,36.083889,22.60285531,23.65163968
Tarifa,5,2070,-5.655556,36.083889,55.83671914,24.16961946
Tarifa,5,2071,-5.655556,36.083889,8.712012238,24.1927439
Tarifa,5,2072,-5.655556,36.083889,2.40277654,25.42226464
Tarifa,5,2073,-5.655556,36.083889,4.606996831,22.66526726
Tarifa,5,2074,-5.655556,36.083889,6.316441966,23.62440619
Tarifa,5,2075,-5.655556,36.083889,9.450040896,24.47388168
Tarifa,5,2076,-5.655556,36.083889,24.60351388,23.99765093
Tarifa,5,2077,-5.655556,36.083889,9.630365183,25.04828452
Tarifa,5,2078,-5.655556,36.083889,17.19277332,22.44534381
Tarifa,5,2079,-5.655556,36.083889,0.332077402,24.3827178
Tarifa,5,2080,-5.655556,36.083889,5.570136534,23.34749854
Tarifa,5,2081,-5.655556,36.083889,14.79159969,24.36407549
Tarifa,5,2082,-5.655556,36.083889,19.95708432,23.90486175
Tarifa,5,2083,-5.655556,36.083889,23.61783909,21.31593549
Tarifa,5,2084,-5.655556,36.083889,16.33081595,25.00880068
Tarifa,5,2085,-5.655556,36.083889,7.195522994,25.61157305
Tarifa,5,2086,-5.655556,36.083889,0.644087853,25.47006895
Tarifa,5,2087,-5.655556,36.083889,1.460505553,25.4074459
Tarifa,5,2088,-5.655556,36.083889,38.07114049,26.63442875
Tarifa,5,2089,-5.655556,36.083889,8.348697372,25.14094671
Tarifa,5,2090,-5.655556,36.083889,51.05417594,22.45653391
Tarifa,5,2091,-5.655556,36.083889,21.00280763,21.80565107
Tarifa,5,2092,-5.655556,36.083889,10.28874444,27.38820604
Tarifa,5,2093,-5.655556,36.083889,6.522554288,25.08996562
Tarifa,5,2094,-5.655556,36.083889,3.646315634,24.57565091
Tarifa,5,2095,-5.655556,36.083889,13.44872036,24.59612033
Tarifa,5,2096,-5.655556,36.083889,0.000875907,26.01535014
Tarifa,5,2097,-5.655556,36.083889,19.25688164,25.37140562
Tarifa,5,2098,-5.655556,36.083889,13.37036567,23.36684964
Tarifa,5,2099,-5.655556,36.083889,19.44438589,24.11412373
Tarifa,5,2100,-5.655556,36.083889,8.763103651,26.35957366
Tarifa,6,2015,-5.655556,36.083889,18.99113009,23.55023702
Tarifa,6,2016,-5.655556,36.083889,0.599169043,25.7741862
Tarifa,6,2017,-5.655556,36.083889,11.27190299,25.87058919
Tarifa,6,2018,-5.655556,36.083889,0.14729571,24.9455485
Tarifa,6,2019,-5.655556,36.083889,3.182466916,25.22499898
Tarifa,6,2020,-5.655556,36.083889,6.657459055,26.31199443
Tarifa,6,2021,-5.655556,36.083889,5.003585603,24.75618286
Tarifa,6,2022,-5.655556,36.083889,18.9198939,24.5236318
Tarifa,6,2023,-5.655556,36.083889,7.91517550849578e-08,25.75038147
Tarifa,6,2024,-5.655556,36.083889,24.15176437,24.93854268
Tarifa,6,2025,-5.655556,36.083889,5.992315624,24.36237488
Tarifa,6,2026,-5.655556,36.083889,10.93913361,21.84538574
Tarifa,6,2027,-5.655556,36.083889,9.424771257,25.023644
Tarifa,6,2028,-5.655556,36.083889,0.382576154,25.74589844
Tarifa,6,2029,-5.655556,36.083889,0.134743805,25.20576681
Tarifa,6,2030,-5.655556,36.083889,4.889845535,25.45631409
Tarifa,6,2031,-5.655556,36.083889,27.27514511,24.55951945
Tarifa,6,2032,-5.655556,36.083889,0.333723304,25.76456502
Tarifa,6,2033,-5.655556,36.083889,0.731472483,25.18232931
Tarifa,6,2034,-5.655556,36.083889,0.019785929,25.39123535
Tarifa,6,2035,-5.655556,36.083889,45.87018423,23.435554
Tarifa,6,2036,-5.655556,36.083889,0.742171531,26.03307495
Tarifa,6,2037,-5.655556,36.083889,7.992561959,23.89029338
Tarifa,6,2038,-5.655556,36.083889,0.803243262,26.64913534
Tarifa,6,2039,-5.655556,36.083889,4.561313293,24.00778503
Tarifa,6,2040,-5.655556,36.083889,5.572236446,24.03648783
Tarifa,6,2041,-5.655556,36.083889,8.728382989,26.52752482
Tarifa,6,2042,-5.655556,36.083889,0.677514845,28.48480225
Tarifa,6,2043,-5.655556,36.083889,36.0488908,24.78121338
Tarifa,6,2044,-5.655556,36.083889,0.190834769,26.84096171
Tarifa,6,2045,-5.655556,36.083889,26.61993706,26.59720052
Tarifa,6,2046,-5.655556,36.083889,1.619039855,24.17323201
Tarifa,6,2047,-5.655556,36.083889,10.28824658,25.43584493
Tarifa,6,2048,-5.655556,36.083889,1.901146838,25.47526143
Tarifa,6,2049,-5.655556,36.083889,0.710295472,28.77330221
Tarifa,6,2050,-5.655556,36.083889,0.042278388,26.94127401
Tarifa,6,2051,-5.655556,36.083889,0.969411424,23.72730408
Tarifa,6,2052,-5.655556,36.083889,0.306442899,27.63270874
Tarifa,6,2053,-5.655556,36.083889,2.76777904,24.13700765
Tarifa,6,2054,-5.655556,36.083889,3.88771857,25.25368551
Tarifa,6,2055,-5.655556,36.083889,0.423473892,26.60661621
Tarifa,6,2056,-5.655556,36.083889,0.445561767,27.00162455
Tarifa,6,2057,-5.655556,36.083889,2.69770758,25.75844218
Tarifa,6,2058,-5.655556,36.083889,20.36817049,25.43350118
Tarifa,6,2059,-5.655556,36.083889,0.239132348,28.21681925
Tarifa,6,2060,-5.655556,36.083889,0.223942755,28.05934143
Tarifa,6,2061,-5.655556,36.083889,0.394166571,23.50621745
Tarifa,6,2062,-5.655556,36.083889,1.160964918,28.06649679
Tarifa,6,2063,-5.655556,36.083889,0.005732964,27.35583801
Tarifa,6,2064,-5.655556,36.083889,3.33816171,24.00118205
Tarifa,6,2065,-5.655556,36.083889,7.396313064,26.72464498
Tarifa,6,2066,-5.655556,36.083889,0.193812972,28.03324382
Tarifa,6,2067,-5.655556,36.083889,5.842242135,25.69350281
Tarifa,6,2068,-5.655556,36.083889,0.479842484,28.35577698
Tarifa,6,2069,-5.655556,36.083889,1.488001896,26.36589559
Tarifa,6,2070,-5.655556,36.083889,22.61245432,25.33925374
Tarifa,6,2071,-5.655556,36.083889,0.284255942,27.2978536
Tarifa,6,2072,-5.655556,36.083889,11.19806138,26.86077677
Tarifa,6,2073,-5.655556,36.083889,3.817119601,26.75053609
Tarifa,6,2074,-5.655556,36.083889,0.845301777,28.22586365
Tarifa,6,2075,-5.655556,36.083889,1.647551279,27.6122406
Tarifa,6,2076,-5.655556,36.083889,3.478019554,27.48888957
Tarifa,6,2077,-5.655556,36.083889,3.181905286,26.18877055
Tarifa,6,2078,-5.655556,36.083889,2.13428662,27.06980387
Tarifa,6,2079,-5.655556,36.083889,42.90095053,27.34775187
Tarifa,6,2080,-5.655556,36.083889,4.763727408,24.28642069
Tarifa,6,2081,-5.655556,36.083889,21.84615681,28.60118408
Tarifa,6,2082,-5.655556,36.083889,3.34613801,28.81008403
Tarifa,6,2083,-5.655556,36.083889,0.523415589,28.5852651
Tarifa,6,2084,-5.655556,36.083889,26.77668661,29.48278605
Tarifa,6,2085,-5.655556,36.083889,2.197099166,27.42320251
Tarifa,6,2086,-5.655556,36.083889,0.54413918,27.95897624
Tarifa,6,2087,-5.655556,36.083889,18.09005902,26.24816081
Tarifa,6,2088,-5.655556,36.083889,4.762793171,30.59145304
Tarifa,6,2089,-5.655556,36.083889,1.824907176,28.11120402
Tarifa,6,2090,-5.655556,36.083889,3.437001878,26.19003398
Tarifa,6,2091,-5.655556,36.083889,0.119285338,27.11529744
Tarifa,6,2092,-5.655556,36.083889,1.347042728,28.245165
Tarifa,6,2093,-5.655556,36.083889,0.951730543,27.42531331
Tarifa,6,2094,-5.655556,36.083889,3.777931033,27.51546631
Tarifa,6,2095,-5.655556,36.083889,1.823956424,29.29344686
Tarifa,6,2096,-5.655556,36.083889,23.98010724,27.92767843
Tarifa,6,2097,-5.655556,36.083889,2.189757679,29.59017436
Tarifa,6,2098,-5.655556,36.083889,2.64387719,27.48193156
Tarifa,6,2099,-5.655556,36.083889,3.399618633,26.9915802
Tarifa,6,2100,-5.655556,36.083889,0.915423669,26.17417908
Tarifa,7,2015,-5.655556,36.083889,1.50377766452989e-06,28.96837867
Tarifa,7,2016,-5.655556,36.083889,2.044675725,29.17422466
Tarifa,7,2017,-5.655556,36.083889,0.177844276,29.43978075
Tarifa,7,2018,-5.655556,36.083889,0.548973364,28.38661617
Tarifa,7,2019,-5.655556,36.083889,0.119959435,29.14026647
Tarifa,7,2020,-5.655556,36.083889,0.934840962,29.06211095
Tarifa,7,2021,-5.655556,36.083889,2.00130404999461e-08,30.43272134
Tarifa,7,2022,-5.655556,36.083889,1.518574025,28.54286125
Tarifa,7,2023,-5.655556,36.083889,3.983911804,28.45606335
Tarifa,7,2024,-5.655556,36.083889,1.558121431,28.18407002
Tarifa,7,2025,-5.655556,36.083889,9.391009969,29.65452015
Tarifa,7,2026,-5.655556,36.083889,1.365055211,27.92002603
Tarifa,7,2027,-5.655556,36.083889,1.588406629,28.49708882
Tarifa,7,2028,-5.655556,36.083889,0.004521671,29.88755434
Tarifa,7,2029,-5.655556,36.083889,1.242893491,26.65092892
Tarifa,7,2030,-5.655556,36.083889,3.493915822,28.23037109
Tarifa,7,2031,-5.655556,36.083889,3.561011953,28.58409345
Tarifa,7,2032,-5.655556,36.083889,0.385532718,30.34602582
Tarifa,7,2033,-5.655556,36.083889,4.004512055,29.82932877
Tarifa,7,2034,-5.655556,36.083889,1.976495495,29.4574711
Tarifa,7,2035,-5.655556,36.083889,0.541968144,28.55487336
Tarifa,7,2036,-5.655556,36.083889,0.878526815,30.61542417
Tarifa,7,2037,-5.655556,36.083889,0.277243961,30.80385742
Tarifa,7,2038,-5.655556,36.083889,2.855115074,29.84154072
Tarifa,7,2039,-5.655556,36.083889,0.000782208,29.48401647
Tarifa,7,2040,-5.655556,36.083889,4.67929004,25.78677545
Tarifa,7,2041,-5.655556,36.083889,7.046805745,30.9090525
Tarifa,7,2042,-5.655556,36.083889,3.882228138,29.24572931
Tarifa,7,2043,-5.655556,36.083889,4.458987523,28.49223653
Tarifa,7,2044,-5.655556,36.083889,1.44449431315506e-05,29.3670987
Tarifa,7,2045,-5.655556,36.083889,0.979255116,28.16647024
Tarifa,7,2046,-5.655556,36.083889,1.238273071,28.97281553
Tarifa,7,2047,-5.655556,36.083889,4.850020852,28.54451707
Tarifa,7,2048,-5.655556,36.083889,0.084842209,30.99219223
Tarifa,7,2049,-5.655556,36.083889,0.801767131,30.02314985
Tarifa,7,2050,-5.655556,36.083889,0.159227898,30.03752363
Tarifa,7,2051,-5.655556,36.083889,12.23461649,26.5929465
Tarifa,7,2052,-5.655556,36.083889,4.345394045,28.02866172
Tarifa,7,2053,-5.655556,36.083889,0.152841846,29.24147162
Tarifa,7,2054,-5.655556,36.083889,5.289757566,28.47438965
Tarifa,7,2055,-5.655556,36.083889,5.524087411,30.82221325
Tarifa,7,2056,-5.655556,36.083889,0.616745687,28.50788712
Tarifa,7,2057,-5.655556,36.083889,5.359066484,30.0963753
Tarifa,7,2058,-5.655556,36.083889,2.2848254,27.86363644
Tarifa,7,2059,-5.655556,36.083889,5.777942957,29.4217488
Tarifa,7,2060,-5.655556,36.083889,0.328722625,31.23183988
Tarifa,7,2061,-5.655556,36.083889,2.271673572,29.7048456
Tarifa,7,2062,-5.655556,36.083889,0.51092705,30.3198506
Tarifa,7,2063,-5.655556,36.083889,0.441257527,30.21395165
Tarifa,7,2064,-5.655556,36.083889,0.145290024,31.44588525
Tarifa,7,2065,-5.655556,36.083889,1.437529366,28.53058137
Tarifa,7,2066,-5.655556,36.083889,2.414849641,30.00059539
Tarifa,7,2067,-5.655556,36.083889,0.003654385,30.22735478
Tarifa,7,2068,-5.655556,36.083889,2.174301085,30.53432223
Tarifa,7,2069,-5.655556,36.083889,5.824790342,30.0278722
Tarifa,7,2070,-5.655556,36.083889,0.673654871,31.40928384
Tarifa,7,2071,-5.655556,36.083889,2.267278409,31.43262388
Tarifa,7,2072,-5.655556,36.083889,0.885496967,30.88126181
Tarifa,7,2073,-5.655556,36.083889,0.352342733,28.99281537
Tarifa,7,2074,-5.655556,36.083889,0.087037702,32.12856938
Tarifa,7,2075,-5.655556,36.083889,1.505782067,32.82451487
Tarifa,7,2076,-5.655556,36.083889,0.707116972,31.13170875
Tarifa,7,2077,-5.655556,36.083889,0.09512904,30.82571982
Tarifa,7,2078,-5.655556,36.083889,6.64669994,29.07699664
Tarifa,7,2079,-5.655556,36.083889,5.965526408,31.15902789
Tarifa,7,2080,-5.655556,36.083889,0.539911322,31.23878804
Tarifa,7,2081,-5.655556,36.083889,2.774209448,28.9767523
Tarifa,7,2082,-5.655556,36.083889,5.003615386,29.12217643
Tarifa,7,2083,-5.655556,36.083889,9.043613335,29.6483487
Tarifa,7,2084,-5.655556,36.083889,3.395555199,27.55892826
Tarifa,7,2085,-5.655556,36.083889,2.291879859,31.6638536
Tarifa,7,2086,-5.655556,36.083889,3.605298093,31.06945978
Tarifa,7,2087,-5.655556,36.083889,0.278596881,33.67961347
Tarifa,7,2088,-5.655556,36.083889,1.219429711,30.29281597
Tarifa,7,2089,-5.655556,36.083889,2.26827118,32.35042036
Tarifa,7,2090,-5.655556,36.083889,6.036541593,32.79195261
Tarifa,7,2091,-5.655556,36.083889,10.04953868,28.91214954
Tarifa,7,2092,-5.655556,36.083889,0.684637688,32.19317607
Tarifa,7,2093,-5.655556,36.083889,0.86933424,31.76620759
Tarifa,7,2094,-5.655556,36.083889,0.428830955,31.55415374
Tarifa,7,2095,-5.655556,36.083889,0.000811271,32.62496535
Tarifa,7,2096,-5.655556,36.083889,3.026338972,30.6147774
Tarifa,7,2097,-5.655556,36.083889,0.165213904,33.62415417
Tarifa,7,2098,-5.655556,36.083889,0.743954931,32.59369172
Tarifa,7,2099,-5.655556,36.083889,7.580040771,30.87722168
Tarifa,7,2100,-5.655556,36.083889,2.156365101,32.59007883
Tarifa,8,2015,-5.655556,36.083889,0.849143359,30.22361194
Tarifa,8,2016,-5.655556,36.083889,0.642580192,29.78553506
Tarifa,8,2017,-5.655556,36.083889,2.711136647,29.27169386
Tarifa,8,2018,-5.655556,36.083889,1.200227225,29.61860194
Tarifa,8,2019,-5.655556,36.083889,0.905089543,28.95346148
Tarifa,8,2020,-5.655556,36.083889,1.915356068,28.2645498
Tarifa,8,2021,-5.655556,36.083889,1.742725404,29.77286731
Tarifa,8,2022,-5.655556,36.083889,5.669790815,28.93768783
Tarifa,8,2023,-5.655556,36.083889,0.00394682,29.06620031
Tarifa,8,2024,-5.655556,36.083889,0.001057335,28.72994877
Tarifa,8,2025,-5.655556,36.083889,7.943171567,29.21864644
Tarifa,8,2026,-5.655556,36.083889,0.263051847,28.17122704
Tarifa,8,2027,-5.655556,36.083889,3.709113411,28.25462765
Tarifa,8,2028,-5.655556,36.083889,0.212071656,29.14637786
Tarifa,8,2029,-5.655556,36.083889,0.04643081,29.06538421
Tarifa,8,2030,-5.655556,36.083889,9.579233012,29.05763963
Tarifa,8,2031,-5.655556,36.083889,8.42021998374139e-05,29.21037125
Tarifa,8,2032,-5.655556,36.083889,1.994824176,31.01105307
Tarifa,8,2033,-5.655556,36.083889,3.422269023,28.94107036
Tarifa,8,2034,-5.655556,36.083889,11.75748789,29.03733363
Tarifa,8,2035,-5.655556,36.083889,21.3961054,31.03439114
Tarifa,8,2036,-5.655556,36.083889,3.33413869,30.65094171
Tarifa,8,2037,-5.655556,36.083889,0.000159404,28.73656222
Tarifa,8,2038,-5.655556,36.083889,0.828246091,29.61083374
Tarifa,8,2039,-5.655556,36.083889,1.918775953,29.10891606
Tarifa,8,2040,-5.655556,36.083889,1.337125271,29.10071569
Tarifa,8,2041,-5.655556,36.083889,0.968687195,31.77259069
Tarifa,8,2042,-5.655556,36.083889,2.264894879,29.8144293
Tarifa,8,2043,-5.655556,36.083889,9.956147428,31.28412732
Tarifa,8,2044,-5.655556,36.083889,0.00130192,29.93231772
Tarifa,8,2045,-5.655556,36.083889,0.756047499,28.92905333
Tarifa,8,2046,-5.655556,36.083889,1.813750515,29.05289267
Tarifa,8,2047,-5.655556,36.083889,0.027514465,28.39015523
Tarifa,8,2048,-5.655556,36.083889,0.198126952,30.87176199
Tarifa,8,2049,-5.655556,36.083889,1.494831396,29.24369349
Tarifa,8,2050,-5.655556,36.083889,2.09803904,29.59549226
Tarifa,8,2051,-5.655556,36.083889,13.10647048,27.03245082
Tarifa,8,2052,-5.655556,36.083889,0.014455887,29.58049041
Tarifa,8,2053,-5.655556,36.083889,0.641590338,29.77581669
Tarifa,8,2054,-5.655556,36.083889,3.139526162,29.97214119
Tarifa,8,2055,-5.655556,36.083889,9.827922328,28.56889767
Tarifa,8,2056,-5.655556,36.083889,1.822877263,30.61737435
Tarifa,8,2057,-5.655556,36.083889,7.911342084,28.83415449
Tarifa,8,2058,-5.655556,36.083889,10.86427207,28.27708465
Tarifa,8,2059,-5.655556,36.083889,0.694298668,31.71034073
Tarifa,8,2060,-5.655556,36.083889,0.091557126,31.80628603
Tarifa,8,2061,-5.655556,36.083889,4.46235786003045e-06,31.61790496
Tarifa,8,2062,-5.655556,36.083889,11.05857755,29.82543237
Tarifa,8,2063,-5.655556,36.083889,2.509827336,28.35393972
Tarifa,8,2064,-5.655556,36.083889,1.161843145,31.17499646
Tarifa,8,2065,-5.655556,36.083889,1.105282651,30.66136593
Tarifa,8,2066,-5.655556,36.083889,12.8623459,30.31664921
Tarifa,8,2067,-5.655556,36.083889,0.078508998,30.83428345
Tarifa,8,2068,-5.655556,36.083889,5.280938566,28.62525379
Tarifa,8,2069,-5.655556,36.083889,0.003478368,30.91525446
Tarifa,8,2070,-5.655556,36.083889,0.934173887,30.60727598
Tarifa,8,2071,-5.655556,36.083889,1.969936582,30.47832248
Tarifa,8,2072,-5.655556,36.083889,2.22884697,32.46905399
Tarifa,8,2073,-5.655556,36.083889,6.4989477963491e-05,32.60546265
Tarifa,8,2074,-5.655556,36.083889,4.28571376912572e-06,32.28246952
Tarifa,8,2075,-5.655556,36.083889,7.046040007,32.05739254
Tarifa,8,2076,-5.655556,36.083889,7.864154966,33.01522906
Tarifa,8,2077,-5.655556,36.083889,1.543313085,30.77136112
Tarifa,8,2078,-5.655556,36.083889,0.783833635,33.57239931
Tarifa,8,2079,-5.655556,36.083889,2.219669758,31.30385447
Tarifa,8,2080,-5.655556,36.083889,1.801878834,30.26375536
Tarifa,8,2081,-5.655556,36.083889,6.646963817,30.44879918
Tarifa,8,2082,-5.655556,36.083889,2.385647605,31.43377961
Tarifa,8,2083,-5.655556,36.083889,4.542563799,30.43386723
Tarifa,8,2084,-5.655556,36.083889,0.331727048,29.4531504
Tarifa,8,2085,-5.655556,36.083889,2.737494747,32.37352708
Tarifa,8,2086,-5.655556,36.083889,0.92799813,32.6662448
Tarifa,8,2087,-5.655556,36.083889,0.232677084,32.52495038
Tarifa,8,2088,-5.655556,36.083889,0.770219725,30.28732871
Tarifa,8,2089,-5.655556,36.083889,0.101982214,33.80169166
Tarifa,8,2090,-5.655556,36.083889,1.7128064,31.48794438
Tarifa,8,2091,-5.655556,36.083889,1.906555939,31.64397977
Tarifa,8,2092,-5.655556,36.083889,21.49132232,31.97278797
Tarifa,8,2093,-5.655556,36.083889,4.604095018,32.65164165
Tarifa,8,2094,-5.655556,36.083889,1.254010834,31.52585311
Tarifa,8,2095,-5.655556,36.083889,4.099572953,33.39315481
Tarifa,8,2096,-5.655556,36.083889,2.732075737,32.0266574
Tarifa,8,2097,-5.655556,36.083889,2.353071647,33.18513715
Tarifa,8,2098,-5.655556,36.083889,1.453655135,31.60993593
Tarifa,8,2099,-5.655556,36.083889,0.191476595,32.51863817
Tarifa,8,2100,-5.655556,36.083889,2.630866625,31.72393287
Tarifa,9,2015,-5.655556,36.083889,24.50915859,28.57156982
Tarifa,9,2016,-5.655556,36.083889,29.22111749,26.59377747
Tarifa,9,2017,-5.655556,36.083889,24.77724472,26.30657857
Tarifa,9,2018,-5.655556,36.083889,0.026589366,26.94984538
Tarifa,9,2019,-5.655556,36.083889,17.82801805,25.26397909
Tarifa,9,2020,-5.655556,36.083889,7.013818028,26.72547709
Tarifa,9,2021,-5.655556,36.083889,1.306674307,26.44688517
Tarifa,9,2022,-5.655556,36.083889,21.88091083,26.9959727
Tarifa,9,2023,-5.655556,36.083889,8.537536497,27.55709839
Tarifa,9,2024,-5.655556,36.083889,9.399256637,27.42982279
Tarifa,9,2025,-5.655556,36.083889,7.566241388,26.55586243
Tarifa,9,2026,-5.655556,36.083889,4.92064549,27.2962148
Tarifa,9,2027,-5.655556,36.083889,8.920559945,29.1184021
Tarifa,9,2028,-5.655556,36.083889,2.488058706,26.45292155
Tarifa,9,2029,-5.655556,36.083889,6.973197814,28.32643738
Tarifa,9,2030,-5.655556,36.083889,26.50341795,27.62182617
Tarifa,9,2031,-5.655556,36.083889,7.320081904,26.49912618
Tarifa,9,2032,-5.655556,36.083889,7.861562662,27.35492249
Tarifa,9,2033,-5.655556,36.083889,1.553063025,27.63021545
Tarifa,9,2034,-5.655556,36.083889,12.08666705,27.02035726
Tarifa,9,2035,-5.655556,36.083889,0.632140169,26.82594401
Tarifa,9,2036,-5.655556,36.083889,11.49107883,28.45326233
Tarifa,9,2037,-5.655556,36.083889,10.82292632,27.57608948
Tarifa,9,2038,-5.655556,36.083889,3.554472563,27.15273438
Tarifa,9,2039,-5.655556,36.083889,0.04588755,28.44449259
Tarifa,9,2040,-5.655556,36.083889,0.121457037,27.34805298
Tarifa,9,2041,-5.655556,36.083889,4.114460114,28.67449137
Tarifa,9,2042,-5.655556,36.083889,0.658846257,28.95988363
Tarifa,9,2043,-5.655556,36.083889,0.327794133,27.35135091
Tarifa,9,2044,-5.655556,36.083889,0.464483472,27.66448669
Tarifa,9,2045,-5.655556,36.083889,0.020803925,28.62621663
Tarifa,9,2046,-5.655556,36.083889,1.261283008,28.98129374
Tarifa,9,2047,-5.655556,36.083889,1.224706432,27.55779317
Tarifa,9,2048,-5.655556,36.083889,30.22957046,27.56044006
Tarifa,9,2049,-5.655556,36.083889,6.641539418,29.00004883
Tarifa,9,2050,-5.655556,36.083889,1.263765997,28.08132019
Tarifa,9,2051,-5.655556,36.083889,1.473976535,26.95030416
Tarifa,9,2052,-5.655556,36.083889,22.53924592,26.2769399
Tarifa,9,2053,-5.655556,36.083889,6.0153397,28.54000651
Tarifa,9,2054,-5.655556,36.083889,0.789818818,28.36925456
Tarifa,9,2055,-5.655556,36.083889,3.366205055,28.02923482
Tarifa,9,2056,-5.655556,36.083889,0.060061081,29.40348918
Tarifa,9,2057,-5.655556,36.083889,3.803074834,28.66814982
Tarifa,9,2058,-5.655556,36.083889,1.514322726,28.65764364
Tarifa,9,2059,-5.655556,36.083889,0.468177887,29.25479126
Tarifa,9,2060,-5.655556,36.083889,3.921313379,28.50254822
Tarifa,9,2061,-5.655556,36.083889,0.903341764,28.7136851
Tarifa,9,2062,-5.655556,36.083889,1.50054899,28.34292297
Tarifa,9,2063,-5.655556,36.083889,18.26500175,28.56814473
Tarifa,9,2064,-5.655556,36.083889,22.77314293,28.5242981
Tarifa,9,2065,-5.655556,36.083889,16.27495057,28.32391357
Tarifa,9,2066,-5.655556,36.083889,0.963469199,27.90540975
Tarifa,9,2067,-5.655556,36.083889,0.284146237,29.09283142
Tarifa,9,2068,-5.655556,36.083889,6.468264813,29.07060649
Tarifa,9,2069,-5.655556,36.083889,0.258833358,29.58896179
Tarifa,9,2070,-5.655556,36.083889,14.2510512,28.63681742
Tarifa,9,2071,-5.655556,36.083889,7.622365556,31.17619019
Tarifa,9,2072,-5.655556,36.083889,12.36848181,29.9059255
Tarifa,9,2073,-5.655556,36.083889,2.51648897,30.20960083
Tarifa,9,2074,-5.655556,36.083889,0.108202152,29.27158712
Tarifa,9,2075,-5.655556,36.083889,0.519169293,30.62102865
Tarifa,9,2076,-5.655556,36.083889,10.26566111,28.71099345
Tarifa,9,2077,-5.655556,36.083889,4.755691113,29.78325297
Tarifa,9,2078,-5.655556,36.083889,0.082604201,30.26497904
Tarifa,9,2079,-5.655556,36.083889,1.94573279,30.96542765
Tarifa,9,2080,-5.655556,36.083889,0.630769392,31.25986532
Tarifa,9,2081,-5.655556,36.083889,1.876749921,29.46453857
Tarifa,9,2082,-5.655556,36.083889,0.013662509,29.57674052
Tarifa,9,2083,-5.655556,36.083889,1.095602322,28.29357605
Tarifa,9,2084,-5.655556,36.083889,1.985829899,30.55337626
Tarifa,9,2085,-5.655556,36.083889,10.53026425,31.09463094
Tarifa,9,2086,-5.655556,36.083889,9.690228521,30.15946655
Tarifa,9,2087,-5.655556,36.083889,29.21692035,30.36206156
Tarifa,9,2088,-5.655556,36.083889,34.07904681,27.57948507
Tarifa,9,2089,-5.655556,36.083889,11.78313792,31.52589315
Tarifa,9,2090,-5.655556,36.083889,0.195149626,30.29550273
Tarifa,9,2091,-5.655556,36.083889,1.844610936,29.10214335
Tarifa,9,2092,-5.655556,36.083889,6.593448655,29.3230011
Tarifa,9,2093,-5.655556,36.083889,3.909538306,28.78351542
Tarifa,9,2094,-5.655556,36.083889,109.4597031,30.70560913
Tarifa,9,2095,-5.655556,36.083889,0.374773387,29.95059001
Tarifa,9,2096,-5.655556,36.083889,5.819319121,29.45409139
Tarifa,9,2097,-5.655556,36.083889,16.27963167,32.22047119
Tarifa,9,2098,-5.655556,36.083889,0.291393995,31.45845235
Tarifa,9,2099,-5.655556,36.083889,6.752708534,31.98074137
Tarifa,9,2100,-5.655556,36.083889,5.438497925,33.03823242
TarifaY2,1,2015,-5.656944,36.081111,49.72905653,17.94166791
TarifaY2,1,2016,-5.656944,36.081111,38.74718134,16.70481902
TarifaY2,1,2017,-5.656944,36.081111,200.1230891,18.78475145
TarifaY2,1,2018,-5.656944,36.081111,123.1025422,15.2102098
TarifaY2,1,2019,-5.656944,36.081111,24.81484505,16.73945844
TarifaY2,1,2020,-5.656944,36.081111,240.3910603,17.13590147
TarifaY2,1,2021,-5.656944,36.081111,53.06857622,16.67655581
TarifaY2,1,2022,-5.656944,36.081111,228.8520963,17.07765424
TarifaY2,1,2023,-5.656944,36.081111,100.2021665,17.02001343
TarifaY2,1,2024,-5.656944,36.081111,243.1637298,16.91102236
TarifaY2,1,2025,-5.656944,36.081111,205.8457633,17.31040689
TarifaY2,1,2026,-5.656944,36.081111,153.0187309,17.68368904
TarifaY2,1,2027,-5.656944,36.081111,78.68985511,16.04736013
TarifaY2,1,2028,-5.656944,36.081111,56.97746027,16.28520331
TarifaY2,1,2029,-5.656944,36.081111,23.4505916,16.98295721
TarifaY2,1,2030,-5.656944,36.081111,229.1626478,17.3540805
TarifaY2,1,2031,-5.656944,36.081111,489.8903648,19.1625
TarifaY2,1,2032,-5.656944,36.081111,129.0241607,16.71409735
TarifaY2,1,2033,-5.656944,36.081111,25.04430707,16.62272083
TarifaY2,1,2034,-5.656944,36.081111,57.1360638,17.96391031
TarifaY2,1,2035,-5.656944,36.081111,31.04984059,15.33105055
TarifaY2,1,2036,-5.656944,36.081111,116.0493314,18.57261983
TarifaY2,1,2037,-5.656944,36.081111,3.071600274,17.44380513
TarifaY2,1,2038,-5.656944,36.081111,146.8452231,17.44995983
TarifaY2,1,2039,-5.656944,36.081111,6.111233108,18.34179766
TarifaY2,1,2040,-5.656944,36.081111,89.01611071,19.67674186
TarifaY2,1,2041,-5.656944,36.081111,40.01769455,17.68848621
TarifaY2,1,2042,-5.656944,36.081111,24.22610293,17.12428609
TarifaY2,1,2043,-5.656944,36.081111,50.7544826,18.77081378
TarifaY2,1,2044,-5.656944,36.081111,12.23279219,17.39221369
TarifaY2,1,2045,-5.656944,36.081111,21.19698057,18.85575699
TarifaY2,1,2046,-5.656944,36.081111,35.25764349,19.08629662
TarifaY2,1,2047,-5.656944,36.081111,44.74779479,18.41500146
TarifaY2,1,2048,-5.656944,36.081111,68.56554858,19.28371188
TarifaY2,1,2049,-5.656944,36.081111,35.89458113,18.52754536
TarifaY2,1,2050,-5.656944,36.081111,137.2569515,18.49339226
TarifaY2,1,2051,-5.656944,36.081111,61.94504599,16.74338832
TarifaY2,1,2052,-5.656944,36.081111,76.91554705,17.8161629
TarifaY2,1,2053,-5.656944,36.081111,110.669672,18.01417276
TarifaY2,1,2054,-5.656944,36.081111,21.05875049,17.45774083
TarifaY2,1,2055,-5.656944,36.081111,93.73419799,17.21474117
TarifaY2,1,2056,-5.656944,36.081111,73.4615249,16.2383982
TarifaY2,1,2057,-5.656944,36.081111,61.60433351,18.69526111
TarifaY2,1,2058,-5.656944,36.081111,43.16726067,19.15984103
TarifaY2,1,2059,-5.656944,36.081111,10.85982009,18.98871322
TarifaY2,1,2060,-5.656944,36.081111,22.57803506,19.66672915
TarifaY2,1,2061,-5.656944,36.081111,73.26687041,19.81468427
TarifaY2,1,2062,-5.656944,36.081111,55.08007596,18.49307231
TarifaY2,1,2063,-5.656944,36.081111,127.4021938,17.60399386
TarifaY2,1,2064,-5.656944,36.081111,182.4792974,18.75531675
TarifaY2,1,2065,-5.656944,36.081111,77.40068947,18.9641574
TarifaY2,1,2066,-5.656944,36.081111,87.94481044,19.44514889
TarifaY2,1,2067,-5.656944,36.081111,87.95485745,17.71004836
TarifaY2,1,2068,-5.656944,36.081111,27.48930456,18.06784333
TarifaY2,1,2069,-5.656944,36.081111,110.7206458,17.91216726
TarifaY2,1,2070,-5.656944,36.081111,111.7230649,19.42586079
TarifaY2,1,2071,-5.656944,36.081111,64.04783599,18.17641897
TarifaY2,1,2072,-5.656944,36.081111,12.75331727,20.00599405
TarifaY2,1,2073,-5.656944,36.081111,136.8615983,18.38759273
TarifaY2,1,2074,-5.656944,36.081111,29.10096956,19.84630344
TarifaY2,1,2075,-5.656944,36.081111,19.29918961,17.9559334
TarifaY2,1,2076,-5.656944,36.081111,192.7657381,20.49910003
TarifaY2,1,2077,-5.656944,36.081111,76.29181524,18.9031882
TarifaY2,1,2078,-5.656944,36.081111,22.70129148,17.92842821
TarifaY2,1,2079,-5.656944,36.081111,26.5925465,19.18734623
TarifaY2,1,2080,-5.656944,36.081111,39.23773484,17.34175435
TarifaY2,1,2081,-5.656944,36.081111,10.41773445,19.09349483
TarifaY2,1,2082,-5.656944,36.081111,144.4762518,20.36451554
TarifaY2,1,2083,-5.656944,36.081111,35.28512583,19.74857926
TarifaY2,1,2084,-5.656944,36.081111,187.3800266,19.73338249
TarifaY2,1,2085,-5.656944,36.081111,101.3971728,20.84184098
TarifaY2,1,2086,-5.656944,36.081111,51.03694329,18.21304794
TarifaY2,1,2087,-5.656944,36.081111,242.9984627,19.80655281
TarifaY2,1,2088,-5.656944,36.081111,74.71194701,16.99713804
TarifaY2,1,2089,-5.656944,36.081111,35.33380064,18.68706468
TarifaY2,1,2090,-5.656944,36.081111,41.72543792,20.56653206
TarifaY2,1,2091,-5.656944,36.081111,72.94084339,20.30023764
TarifaY2,1,2092,-5.656944,36.081111,98.77719865,20.15428191
TarifaY2,1,2093,-5.656944,36.081111,107.4260909,19.01276796
TarifaY2,1,2094,-5.656944,36.081111,35.1500512,20.66896973
TarifaY2,1,2095,-5.656944,36.081111,43.45917027,20.55323329
TarifaY2,1,2096,-5.656944,36.081111,27.21566292,20.7980768
TarifaY2,1,2097,-5.656944,36.081111,177.1061379,19.52828172
TarifaY2,1,2098,-5.656944,36.081111,33.36441191,20.53920111
TarifaY2,1,2099,-5.656944,36.081111,27.3734636,20.59645602
TarifaY2,1,2100,-5.656944,36.081111,7.507399759,20.72880288
TarifaY2,10,2015,-5.656944,36.081111,12.37612002,25.1928896
TarifaY2,10,2016,-5.656944,36.081111,44.18550649,24.0000382
TarifaY2,10,2017,-5.656944,36.081111,20.29658792,22.65851106
TarifaY2,10,2018,-5.656944,36.081111,2.52326461,23.90514034
TarifaY2,10,2019,-5.656944,36.081111,55.2358949,23.43195742
TarifaY2,10,2020,-5.656944,36.081111,7.814255928,23.07541071
TarifaY2,10,2021,-5.656944,36.081111,4.499712779,23.6679213
TarifaY2,10,2022,-5.656944,36.081111,7.951066088,25.34114203
TarifaY2,10,2023,-5.656944,36.081111,10.2431229,24.24216565
TarifaY2,10,2024,-5.656944,36.081111,13.82115624,23.62249835
TarifaY2,10,2025,-5.656944,36.081111,47.46089536,23.8080718
TarifaY2,10,2026,-5.656944,36.081111,42.20781446,23.32754202
TarifaY2,10,2027,-5.656944,36.081111,12.85358273,23.3981656
TarifaY2,10,2028,-5.656944,36.081111,1.974694176,24.55411928
TarifaY2,10,2029,-5.656944,36.081111,0.336841513,24.17013825
TarifaY2,10,2030,-5.656944,36.081111,39.17878879,24.62599605
TarifaY2,10,2031,-5.656944,36.081111,35.83542756,24.46546572
TarifaY2,10,2032,-5.656944,36.081111,70.60247728,22.48073534
TarifaY2,10,2033,-5.656944,36.081111,62.99923921,24.91834855
TarifaY2,10,2034,-5.656944,36.081111,11.86679885,24.04030663
TarifaY2,10,2035,-5.656944,36.081111,1.083217492,24.70913972
TarifaY2,10,2036,-5.656944,36.081111,11.37343897,24.86344939
TarifaY2,10,2037,-5.656944,36.081111,57.25294303,23.48787743
TarifaY2,10,2038,-5.656944,36.081111,14.93259738,22.73719522
TarifaY2,10,2039,-5.656944,36.081111,3.421313691,24.55812398
TarifaY2,10,2040,-5.656944,36.081111,40.60714725,24.25764692
TarifaY2,10,2041,-5.656944,36.081111,27.40345816,25.06004855
TarifaY2,10,2042,-5.656944,36.081111,10.34153787,24.36681125
TarifaY2,10,2043,-5.656944,36.081111,8.11206702,24.55763176
TarifaY2,10,2044,-5.656944,36.081111,12.10651808,23.57119141
TarifaY2,10,2045,-5.656944,36.081111,0.058167514,24.72931676
TarifaY2,10,2046,-5.656944,36.081111,1.25459274,24.28340966
TarifaY2,10,2047,-5.656944,36.081111,72.09281269,24.14774131
TarifaY2,10,2048,-5.656944,36.081111,2.016748451,25.32585174
TarifaY2,10,2049,-5.656944,36.081111,14.44872082,24.28545434
TarifaY2,10,2050,-5.656944,36.081111,16.11313572,23.53092199
TarifaY2,10,2051,-5.656944,36.081111,0.16364453,24.27827877
TarifaY2,10,2052,-5.656944,36.081111,0.395685886,24.42219081
TarifaY2,10,2053,-5.656944,36.081111,23.56609607,24.17645146
TarifaY2,10,2054,-5.656944,36.081111,4.55003555,24.57831972
TarifaY2,10,2055,-5.656944,36.081111,10.36791995,24.25239789
TarifaY2,10,2056,-5.656944,36.081111,11.93002333,24.84773284
TarifaY2,10,2057,-5.656944,36.081111,22.64660349,23.45423328
TarifaY2,10,2058,-5.656944,36.081111,109.3157935,24.82251548
TarifaY2,10,2059,-5.656944,36.081111,11.80605877,24.70088521
TarifaY2,10,2060,-5.656944,36.081111,16.73986383,25.6426557
TarifaY2,10,2061,-5.656944,36.081111,20.7500956,25.8094953
TarifaY2,10,2062,-5.656944,36.081111,28.28843095,23.43993333
TarifaY2,10,2063,-5.656944,36.081111,7.092656565,25.49303195
TarifaY2,10,2064,-5.656944,36.081111,16.83264739,23.75932243
TarifaY2,10,2065,-5.656944,36.081111,1.15512658,25.59409731
TarifaY2,10,2066,-5.656944,36.081111,2.75230292,24.6659731
TarifaY2,10,2067,-5.656944,36.081111,27.58762705,25.39232394
TarifaY2,10,2068,-5.656944,36.081111,7.172744911,24.89378091
TarifaY2,10,2069,-5.656944,36.081111,8.799946119,25.31501209
TarifaY2,10,2070,-5.656944,36.081111,3.850338857,23.94147989
TarifaY2,10,2071,-5.656944,36.081111,57.66236283,25.38073415
TarifaY2,10,2072,-5.656944,36.081111,5.801145099,26.02508821
TarifaY2,10,2073,-5.656944,36.081111,23.10348175,25.90302282
TarifaY2,10,2074,-5.656944,36.081111,3.897902674,26.64370511
TarifaY2,10,2075,-5.656944,36.081111,19.808965,27.18658428
TarifaY2,10,2076,-5.656944,36.081111,17.98021164,25.60825254
TarifaY2,10,2077,-5.656944,36.081111,14.18726561,26.1944903
TarifaY2,10,2078,-5.656944,36.081111,10.83816006,24.45440457
TarifaY2,10,2079,-5.656944,36.081111,0.458800902,26.27252178
TarifaY2,10,2080,-5.656944,36.081111,26.91380297,25.92195356
TarifaY2,10,2081,-5.656944,36.081111,16.07937167,25.56822923
TarifaY2,10,2082,-5.656944,36.081111,1.987487788,25.66063351
TarifaY2,10,2083,-5.656944,36.081111,0.607860799,26.93284636
TarifaY2,10,2084,-5.656944,36.081111,26.5002021,26.22663318
TarifaY2,10,2085,-5.656944,36.081111,36.2241157,27.27136506
TarifaY2,10,2086,-5.656944,36.081111,31.41913297,25.0542069
TarifaY2,10,2087,-5.656944,36.081111,16.4208227,26.78917551
TarifaY2,10,2088,-5.656944,36.081111,0.292950778,27.36145197
TarifaY2,10,2089,-5.656944,36.081111,66.93298606,25.40902001
TarifaY2,10,2090,-5.656944,36.081111,6.665967441,27.00878001
TarifaY2,10,2091,-5.656944,36.081111,38.94751268,25.05509388
TarifaY2,10,2092,-5.656944,36.081111,0.738709299,27.19584784
TarifaY2,10,2093,-5.656944,36.081111,24.16457137,26.51681007
TarifaY2,10,2094,-5.656944,36.081111,1.630588089,26.72842191
TarifaY2,10,2095,-5.656944,36.081111,0.220842174,26.93195545
TarifaY2,10,2096,-5.656944,36.081111,54.12420823,23.45871346
TarifaY2,10,2097,-5.656944,36.081111,16.99968212,27.53624189
TarifaY2,10,2098,-5.656944,36.081111,1.463791494,27.91275989
TarifaY2,10,2099,-5.656944,36.081111,0.316171897,26.74982457
TarifaY2,10,2100,-5.656944,36.081111,11.66136409,28.62821892
TarifaY2,11,2015,-5.656944,36.081111,182.4267585,19.24752096
TarifaY2,11,2016,-5.656944,36.081111,9.371200779,19.82614644
TarifaY2,11,2017,-5.656944,36.081111,89.33413917,19.15717367
TarifaY2,11,2018,-5.656944,36.081111,22.30921981,19.86667786
TarifaY2,11,2019,-5.656944,36.081111,40.9057158,19.81118266
TarifaY2,11,2020,-5.656944,36.081111,19.08607848,20.86202393
TarifaY2,11,2021,-5.656944,36.081111,32.67604575,20.22105713
TarifaY2,11,2022,-5.656944,36.081111,20.83425483,20.91120911
TarifaY2,11,2023,-5.656944,36.081111,14.80499818,21.16497294
TarifaY2,11,2024,-5.656944,36.081111,220.0242247,19.26984049
TarifaY2,11,2025,-5.656944,36.081111,46.31567076,17.54557292
TarifaY2,11,2026,-5.656944,36.081111,13.69275162,18.72352397
TarifaY2,11,2027,-5.656944,36.081111,132.1962225,19.58795166
TarifaY2,11,2028,-5.656944,36.081111,6.692370409,20.79804586
TarifaY2,11,2029,-5.656944,36.081111,91.06831086,17.83311157
TarifaY2,11,2030,-5.656944,36.081111,3.572666614,22.71667786
TarifaY2,11,2031,-5.656944,36.081111,16.63311207,21.23199361
TarifaY2,11,2032,-5.656944,36.081111,26.39827936,19.65681864
TarifaY2,11,2033,-5.656944,36.081111,29.78371099,19.23155111
TarifaY2,11,2034,-5.656944,36.081111,80.19300693,19.13440348
TarifaY2,11,2035,-5.656944,36.081111,34.10288377,21.2728658
TarifaY2,11,2036,-5.656944,36.081111,24.56398111,19.75728455
TarifaY2,11,2037,-5.656944,36.081111,29.6071171,19.4903422
TarifaY2,11,2038,-5.656944,36.081111,148.1884403,20.24668783
TarifaY2,11,2039,-5.656944,36.081111,21.65395576,20.74826762
TarifaY2,11,2040,-5.656944,36.081111,31.06868872,19.89126485
TarifaY2,11,2041,-5.656944,36.081111,37.34703539,19.17488607
TarifaY2,11,2042,-5.656944,36.081111,157.4309236,20.58994853
TarifaY2,11,2043,-5.656944,36.081111,130.9171432,21.02472839
TarifaY2,11,2044,-5.656944,36.081111,1.650858184,20.23444316
TarifaY2,11,2045,-5.656944,36.081111,13.38517691,21.96685994
TarifaY2,11,2046,-5.656944,36.081111,159.2809236,20.43553874
TarifaY2,11,2047,-5.656944,36.081111,45.8157826,19.95514323
TarifaY2,11,2048,-5.656944,36.081111,51.9603584,19.81430461
TarifaY2,11,2049,-5.656944,36.081111,6.780534604,20.00665588
TarifaY2,11,2050,-5.656944,36.081111,17.43454485,21.8307017
TarifaY2,11,2051,-5.656944,36.081111,67.4020418,21.51361491
TarifaY2,11,2052,-5.656944,36.081111,87.79191852,19.79025574
TarifaY2,11,2053,-5.656944,36.081111,43.0143962,20.48165588
TarifaY2,11,2054,-5.656944,36.081111,0.667327721,21.21924438
TarifaY2,11,2055,-5.656944,36.081111,36.01822344,20.05091858
TarifaY2,11,2056,-5.656944,36.081111,110.9831911,21.49181112
TarifaY2,11,2057,-5.656944,36.081111,27.90290481,20.86201274
TarifaY2,11,2058,-5.656944,36.081111,43.1288041,20.51632996
TarifaY2,11,2059,-5.656944,36.081111,1.671880602,22.48670858
TarifaY2,11,2060,-5.656944,36.081111,33.17874486,21.68725281
TarifaY2,11,2061,-5.656944,36.081111,2.913059162,21.50735067
TarifaY2,11,2062,-5.656944,36.081111,19.64062014,21.63124186
TarifaY2,11,2063,-5.656944,36.081111,52.99912353,20.91130676
TarifaY2,11,2064,-5.656944,36.081111,9.573291419,19.98453979
TarifaY2,11,2065,-5.656944,36.081111,39.53943526,20.78220317
TarifaY2,11,2066,-5.656944,36.081111,34.70776958,21.27582601
TarifaY2,11,2067,-5.656944,36.081111,45.32905431,21.40060832
TarifaY2,11,2068,-5.656944,36.081111,85.08118523,19.07708944
TarifaY2,11,2069,-5.656944,36.081111,24.86164657,22.07705078
TarifaY2,11,2070,-5.656944,36.081111,17.19775212,20.36112569
TarifaY2,11,2071,-5.656944,36.081111,7.149445096,20.86259664
TarifaY2,11,2072,-5.656944,36.081111,2.190445919,23.08274434
TarifaY2,11,2073,-5.656944,36.081111,35.6163643,21.00340169
TarifaY2,11,2074,-5.656944,36.081111,2.313077287,21.95812988
TarifaY2,11,2075,-5.656944,36.081111,50.87675487,23.26003418
TarifaY2,11,2076,-5.656944,36.081111,8.293493542,23.14577637
TarifaY2,11,2077,-5.656944,36.081111,32.77377316,22.0608429
TarifaY2,11,2078,-5.656944,36.081111,0.334884277,21.36850179
TarifaY2,11,2079,-5.656944,36.081111,4.82946637,23.31637472
TarifaY2,11,2080,-5.656944,36.081111,10.52002988,23.79721985
TarifaY2,11,2081,-5.656944,36.081111,5.816855273,23.00645549
TarifaY2,11,2082,-5.656944,36.081111,39.03505728,22.61429342
TarifaY2,11,2083,-5.656944,36.081111,41.86010611,21.51568909
TarifaY2,11,2084,-5.656944,36.081111,36.11933991,21.83999227
TarifaY2,11,2085,-5.656944,36.081111,25.39405044,22.40009257
TarifaY2,11,2086,-5.656944,36.081111,45.28861063,22.89809367
TarifaY2,11,2087,-5.656944,36.081111,5.852710678,22.43766073
TarifaY2,11,2088,-5.656944,36.081111,30.34574377,21.70735881
TarifaY2,11,2089,-5.656944,36.081111,36.14414359,21.14086812
TarifaY2,11,2090,-5.656944,36.081111,2.965639627,22.99570719
TarifaY2,11,2091,-5.656944,36.081111,1.530143422,22.03983561
TarifaY2,11,2092,-5.656944,36.081111,24.06705728,23.07287598
TarifaY2,11,2093,-5.656944,36.081111,8.27791349,23.47692057
TarifaY2,11,2094,-5.656944,36.081111,3.906200698,24.44195557
TarifaY2,11,2095,-5.656944,36.081111,0.886546031,23.48081868
TarifaY2,11,2096,-5.656944,36.081111,39.80478752,23.01995239
TarifaY2,11,2097,-5.656944,36.081111,7.531495869,24.38914286
TarifaY2,11,2098,-5.656944,36.081111,42.07209086,23.08532613
TarifaY2,11,2099,-5.656944,36.081111,4.631652742,23.15675456
TarifaY2,11,2100,-5.656944,36.081111,22.17224963,23.22208659
TarifaY2,12,2015,-5.656944,36.081111,99.31543004,17.61786755
TarifaY2,12,2016,-5.656944,36.081111,57.74650673,17.82651978
TarifaY2,12,2017,-5.656944,36.081111,97.35866821,18.12538866
TarifaY2,12,2018,-5.656944,36.081111,68.50222824,16.8918396
TarifaY2,12,2019,-5.656944,36.081111,14.66540693,16.34363561
TarifaY2,12,2020,-5.656944,36.081111,78.26989612,17.93115571
TarifaY2,12,2021,-5.656944,36.081111,82.86942202,17.50657979
TarifaY2,12,2022,-5.656944,36.081111,18.44426059,18.4545798
TarifaY2,12,2023,-5.656944,36.081111,238.5585497,17.47300848
TarifaY2,12,2024,-5.656944,36.081111,259.5075614,18.46495768
TarifaY2,12,2025,-5.656944,36.081111,50.05623588,16.86059846
TarifaY2,12,2026,-5.656944,36.081111,130.0152303,17.52622622
TarifaY2,12,2027,-5.656944,36.081111,238.0137492,17.11126591
TarifaY2,12,2028,-5.656944,36.081111,31.88209177,18.95953573
TarifaY2,12,2029,-5.656944,36.081111,146.6386158,17.88751989
TarifaY2,12,2030,-5.656944,36.081111,24.54513541,19.15727132
TarifaY2,12,2031,-5.656944,36.081111,51.86860245,17.94919886
TarifaY2,12,2032,-5.656944,36.081111,31.54739637,17.40864766
TarifaY2,12,2033,-5.656944,36.081111,29.96533126,18.91998862
TarifaY2,12,2034,-5.656944,36.081111,256.1917358,17.40300706
TarifaY2,12,2035,-5.656944,36.081111,59.83210935,18.54268405
TarifaY2,12,2036,-5.656944,36.081111,50.47364393,17.8517863
TarifaY2,12,2037,-5.656944,36.081111,1.870687623,17.90901706
TarifaY2,12,2038,-5.656944,36.081111,30.70371765,18.99552455
TarifaY2,12,2039,-5.656944,36.081111,138.0433807,20.15733268
TarifaY2,12,2040,-5.656944,36.081111,31.16902867,18.68703824
TarifaY2,12,2041,-5.656944,36.081111,35.93514071,17.94570805
TarifaY2,12,2042,-5.656944,36.081111,81.90089016,19.85806353
TarifaY2,12,2043,-5.656944,36.081111,205.1180326,18.98364337
TarifaY2,12,2044,-5.656944,36.081111,50.41115969,19.49297791
TarifaY2,12,2045,-5.656944,36.081111,50.04408006,18.47322407
TarifaY2,12,2046,-5.656944,36.081111,71.6894042,17.90215651
TarifaY2,12,2047,-5.656944,36.081111,82.67083017,20.68596999
TarifaY2,12,2048,-5.656944,36.081111,107.7964631,19.75441284
TarifaY2,12,2049,-5.656944,36.081111,38.81163333,18.63877111
TarifaY2,12,2050,-5.656944,36.081111,74.10175788,18.52730509
TarifaY2,12,2051,-5.656944,36.081111,75.35518179,18.40514133
TarifaY2,12,2052,-5.656944,36.081111,67.09565409,16.11522725
TarifaY2,12,2053,-5.656944,36.081111,137.9827752,18.4496645
TarifaY2,12,2054,-5.656944,36.081111,12.37967585,18.68437815
TarifaY2,12,2055,-5.656944,36.081111,118.1436646,16.92167693
TarifaY2,12,2056,-5.656944,36.081111,3.893583182,18.43902893
TarifaY2,12,2057,-5.656944,36.081111,319.6256451,18.87815394
TarifaY2,12,2058,-5.656944,36.081111,9.249486388,19.57988596
TarifaY2,12,2059,-5.656944,36.081111,186.1506713,18.29855327
TarifaY2,12,2060,-5.656944,36.081111,19.53865951,19.32960584
TarifaY2,12,2061,-5.656944,36.081111,4.967839026,18.99288921
TarifaY2,12,2062,-5.656944,36.081111,22.14817659,18.63716647
TarifaY2,12,2063,-5.656944,36.081111,18.77763902,19.19976196
TarifaY2,12,2064,-5.656944,36.081111,53.97049897,19.0659668
TarifaY2,12,2065,-5.656944,36.081111,21.92443859,20.09447927
TarifaY2,12,2066,-5.656944,36.081111,140.4134827,18.76784077
TarifaY2,12,2067,-5.656944,36.081111,75.0866945,19.25009234
TarifaY2,12,2068,-5.656944,36.081111,40.12730217,19.23935954
TarifaY2,12,2069,-5.656944,36.081111,74.16807258,19.42709429
TarifaY2,12,2070,-5.656944,36.081111,46.85769512,19.02002055
TarifaY2,12,2071,-5.656944,36.081111,95.23164472,18.0479823
TarifaY2,12,2072,-5.656944,36.081111,100.2049486,17.8001943
TarifaY2,12,2073,-5.656944,36.081111,20.24167046,18.80575148
TarifaY2,12,2074,-5.656944,36.081111,79.36807138,19.20689914
TarifaY2,12,2075,-5.656944,36.081111,47.0629694,18.68283849
TarifaY2,12,2076,-5.656944,36.081111,27.08837145,20.19711202
TarifaY2,12,2077,-5.656944,36.081111,167.5536036,20.69102212
TarifaY2,12,2078,-5.656944,36.081111,44.76938828,20.64342651
TarifaY2,12,2079,-5.656944,36.081111,71.73295939,21.39024186
TarifaY2,12,2080,-5.656944,36.081111,21.59766894,19.06188249
TarifaY2,12,2081,-5.656944,36.081111,84.37114214,22.14545446
TarifaY2,12,2082,-5.656944,36.081111,20.62966111,20.63068198
TarifaY2,12,2083,-5.656944,36.081111,30.52986511,20.84588111
TarifaY2,12,2084,-5.656944,36.081111,125.228623,20.85760193
TarifaY2,12,2085,-5.656944,36.081111,28.75638928,20.83147681
TarifaY2,12,2086,-5.656944,36.081111,161.8570363,19.25362943
TarifaY2,12,2087,-5.656944,36.081111,88.32117845,19.61002945
TarifaY2,12,2088,-5.656944,36.081111,76.30657124,20.47789103
TarifaY2,12,2089,-5.656944,36.081111,29.03051947,20.48896721
TarifaY2,12,2090,-5.656944,36.081111,11.38898314,21.95431112
TarifaY2,12,2091,-5.656944,36.081111,21.44762663,18.11217061
TarifaY2,12,2092,-5.656944,36.081111,142.4533013,21.03610433
TarifaY2,12,2093,-5.656944,36.081111,103.8107704,20.69987813
TarifaY2,12,2094,-5.656944,36.081111,38.1335423,20.7941991
TarifaY2,12,2095,-5.656944,36.081111,33.20415548,21.38904872
TarifaY2,12,2096,-5.656944,36.081111,72.77084543,21.40380046
TarifaY2,12,2097,-5.656944,36.081111,29.28923892,21.56037046
TarifaY2,12,2098,-5.656944,36.081111,3.471413989,21.31357186
TarifaY2,12,2099,-5.656944,36.081111,144.1190037,20.7165358
TarifaY2,12,2100,-5.656944,36.081111,9.582186988,20.46112976
TarifaY2,2,2015,-5.656944,36.081111,63.84424322,18.37862658
TarifaY2,2,2016,-5.656944,36.081111,10.46413852,17.39239207
TarifaY2,2,2017,-5.656944,36.081111,7.399380699,18.32642081
TarifaY2,2,2018,-5.656944,36.081111,3.229036964,17.3473635
TarifaY2,2,2019,-5.656944,36.081111,102.5907294,18.47630027
TarifaY2,2,2020,-5.656944,36.081111,129.6566728,19.02775963
TarifaY2,2,2021,-5.656944,36.081111,12.22188986,17.07035435
TarifaY2,2,2022,-5.656944,36.081111,16.68487175,16.7901038
TarifaY2,2,2023,-5.656944,36.081111,16.60168536,18.63750174
TarifaY2,2,2024,-5.656944,36.081111,25.26074205,17.60133646
TarifaY2,2,2025,-5.656944,36.081111,152.9556081,17.98776616
TarifaY2,2,2026,-5.656944,36.081111,10.90174959,17.82072056
TarifaY2,2,2027,-5.656944,36.081111,21.64862622,17.89978943
TarifaY2,2,2028,-5.656944,36.081111,40.48539133,17.29362561
TarifaY2,2,2029,-5.656944,36.081111,48.72548152,17.76304779
TarifaY2,2,2030,-5.656944,36.081111,63.7457378,16.76564178
TarifaY2,2,2031,-5.656944,36.081111,46.05016362,18.97739454
TarifaY2,2,2032,-5.656944,36.081111,19.94340294,19.55560219
TarifaY2,2,2033,-5.656944,36.081111,2.231866842,19.95511126
TarifaY2,2,2034,-5.656944,36.081111,8.55211508,19.95592433
TarifaY2,2,2035,-5.656944,36.081111,209.1915479,18.06773529
TarifaY2,2,2036,-5.656944,36.081111,95.96020834,19.12814457
TarifaY2,2,2037,-5.656944,36.081111,5.483608201,18.47547193
TarifaY2,2,2038,-5.656944,36.081111,122.7995586,15.58963274
TarifaY2,2,2039,-5.656944,36.081111,91.67113698,17.53382263
TarifaY2,2,2040,-5.656944,36.081111,14.75331078,18.01038566
TarifaY2,2,2041,-5.656944,36.081111,88.86683386,17.15075945
TarifaY2,2,2042,-5.656944,36.081111,43.562953,19.66448582
TarifaY2,2,2043,-5.656944,36.081111,118.2502336,17.6373873
TarifaY2,2,2044,-5.656944,36.081111,7.430568378,18.30984834
TarifaY2,2,2045,-5.656944,36.081111,36.70812048,16.24863913
TarifaY2,2,2046,-5.656944,36.081111,22.49935339,19.66775883
TarifaY2,2,2047,-5.656944,36.081111,26.42368788,18.00972355
TarifaY2,2,2048,-5.656944,36.081111,48.28184564,17.24038086
TarifaY2,2,2049,-5.656944,36.081111,128.0472203,16.73270024
TarifaY2,2,2050,-5.656944,36.081111,5.168183041,18.0029214
TarifaY2,2,2051,-5.656944,36.081111,6.111762216,19.01293008
TarifaY2,2,2052,-5.656944,36.081111,23.70077895,18.75190914
TarifaY2,2,2053,-5.656944,36.081111,1.280420798,18.31902357
TarifaY2,2,2054,-5.656944,36.081111,5.467968884,17.95039302
TarifaY2,2,2055,-5.656944,36.081111,32.40146558,18.17749612
TarifaY2,2,2056,-5.656944,36.081111,0.975037259,17.9308137
TarifaY2,2,2057,-5.656944,36.081111,36.40302221,18.13017317
TarifaY2,2,2058,-5.656944,36.081111,41.29590132,17.34875968
TarifaY2,2,2059,-5.656944,36.081111,23.50421699,19.90556815
TarifaY2,2,2060,-5.656944,36.081111,54.62046737,17.83995972
TarifaY2,2,2061,-5.656944,36.081111,24.3080138,19.49833396
TarifaY2,2,2062,-5.656944,36.081111,5.449706232,17.87075849
TarifaY2,2,2063,-5.656944,36.081111,17.37075728,18.69330314
TarifaY2,2,2064,-5.656944,36.081111,74.96599772,18.77699459
TarifaY2,2,2065,-5.656944,36.081111,3.000299901,18.71734772
TarifaY2,2,2066,-5.656944,36.081111,30.38708616,19.33625837
TarifaY2,2,2067,-5.656944,36.081111,1.442317387,19.33624529
TarifaY2,2,2068,-5.656944,36.081111,0.812167861,20.39811149
TarifaY2,2,2069,-5.656944,36.081111,51.80851816,17.5951379
TarifaY2,2,2070,-5.656944,36.081111,362.106525,18.86268332
TarifaY2,2,2071,-5.656944,36.081111,10.22657363,18.33682295
TarifaY2,2,2072,-5.656944,36.081111,9.420084327,20.58119591
TarifaY2,2,2073,-5.656944,36.081111,102.0538918,19.86106589
TarifaY2,2,2074,-5.656944,36.081111,91.26781006,18.21816079
TarifaY2,2,2075,-5.656944,36.081111,5.941491045,18.28983132
TarifaY2,2,2076,-5.656944,36.081111,20.44906923,18.98912332
TarifaY2,2,2077,-5.656944,36.081111,3.055023841,20.67952554
TarifaY2,2,2078,-5.656944,36.081111,70.67244974,18.66338283
TarifaY2,2,2079,-5.656944,36.081111,3.667198947,20.19682356
TarifaY2,2,2080,-5.656944,36.081111,172.2014147,20.44130438
TarifaY2,2,2081,-5.656944,36.081111,28.48177388,19.68199746
TarifaY2,2,2082,-5.656944,36.081111,16.74508914,20.85312042
TarifaY2,2,2083,-5.656944,36.081111,149.7711502,19.4527189
TarifaY2,2,2084,-5.656944,36.081111,16.26723457,19.71650559
TarifaY2,2,2085,-5.656944,36.081111,10.96460572,18.29768088
TarifaY2,2,2086,-5.656944,36.081111,82.03924436,18.63764452
TarifaY2,2,2087,-5.656944,36.081111,217.2631732,18.59025508
TarifaY2,2,2088,-5.656944,36.081111,51.53810554,20.89819041
TarifaY2,2,2089,-5.656944,36.081111,9.840562775,20.92608577
TarifaY2,2,2090,-5.656944,36.081111,478.9314787,19.6377012
TarifaY2,2,2091,-5.656944,36.081111,2.810381968,19.76884504
TarifaY2,2,2092,-5.656944,36.081111,29.96429761,18.91759644
TarifaY2,2,2093,-5.656944,36.081111,9.714728257,20.14156494
TarifaY2,2,2094,-5.656944,36.081111,63.91886804,21.93419473
TarifaY2,2,2095,-5.656944,36.081111,45.95298105,18.35296456
TarifaY2,2,2096,-5.656944,36.081111,80.0746709,19.91884345
TarifaY2,2,2097,-5.656944,36.081111,105.4746254,20.95683223
TarifaY2,2,2098,-5.656944,36.081111,24.67465398,19.39481942
TarifaY2,2,2099,-5.656944,36.081111,38.09362359,19.9825967
TarifaY2,2,2100,-5.656944,36.081111,52.17524093,21.32203282
TarifaY2,3,2015,-5.656944,36.081111,58.27834321,18.23577172
TarifaY2,3,2016,-5.656944,36.081111,25.55470856,20.06851669
TarifaY2,3,2017,-5.656944,36.081111,40.23141098,18.55196829
TarifaY2,3,2018,-5.656944,36.081111,7.929612883,19.28521906
TarifaY2,3,2019,-5.656944,36.081111,28.59202199,19.28935665
TarifaY2,3,2020,-5.656944,36.081111,35.91192121,18.20180172
TarifaY2,3,2021,-5.656944,36.081111,27.03039757,18.96175439
TarifaY2,3,2022,-5.656944,36.081111,1.402204435,20.11697466
TarifaY2,3,2023,-5.656944,36.081111,38.37078784,20.18033703
TarifaY2,3,2024,-5.656944,36.081111,16.45163134,17.76375142
TarifaY2,3,2025,-5.656944,36.081111,125.7179099,18.19104181
TarifaY2,3,2026,-5.656944,36.081111,10.95777051,18.12756328
TarifaY2,3,2027,-5.656944,36.081111,34.84077533,17.87222467
TarifaY2,3,2028,-5.656944,36.081111,17.12960836,19.73730843
TarifaY2,3,2029,-5.656944,36.081111,10.42480498,18.37048123
TarifaY2,3,2030,-5.656944,36.081111,51.06843764,17.69688642
TarifaY2,3,2031,-5.656944,36.081111,15.7725844,18.73363844
TarifaY2,3,2032,-5.656944,36.081111,12.0754002,19.08881285
TarifaY2,3,2033,-5.656944,36.081111,4.919686403,20.0696232
TarifaY2,3,2034,-5.656944,36.081111,0.258090077,21.49275631
TarifaY2,3,2035,-5.656944,36.081111,126.9287414,18.87181121
TarifaY2,3,2036,-5.656944,36.081111,16.131556,20.07861604
TarifaY2,3,2037,-5.656944,36.081111,18.18556211,19.61844345
TarifaY2,3,2038,-5.656944,36.081111,44.37956694,19.66996007
TarifaY2,3,2039,-5.656944,36.081111,2.492405906,21.44221231
TarifaY2,3,2040,-5.656944,36.081111,144.2922416,18.30449337
TarifaY2,3,2041,-5.656944,36.081111,74.76096718,16.92059996
TarifaY2,3,2042,-5.656944,36.081111,1.524780764,19.21958461
TarifaY2,3,2043,-5.656944,36.081111,22.25740531,20.71981792
TarifaY2,3,2044,-5.656944,36.081111,33.89925885,19.84240309
TarifaY2,3,2045,-5.656944,36.081111,2.525248024,20.64173623
TarifaY2,3,2046,-5.656944,36.081111,62.77471841,19.84318867
TarifaY2,3,2047,-5.656944,36.081111,22.85650907,19.04227846
TarifaY2,3,2048,-5.656944,36.081111,0.684394002,19.90857505
TarifaY2,3,2049,-5.656944,36.081111,49.95628754,19.59556215
TarifaY2,3,2050,-5.656944,36.081111,11.15712971,19.59145409
TarifaY2,3,2051,-5.656944,36.081111,16.69969148,19.56152521
TarifaY2,3,2052,-5.656944,36.081111,25.34830085,19.50403403
TarifaY2,3,2053,-5.656944,36.081111,33.48872471,18.30816138
TarifaY2,3,2054,-5.656944,36.081111,1.463713071,19.66233265
TarifaY2,3,2055,-5.656944,36.081111,46.29264454,18.5014105
TarifaY2,3,2056,-5.656944,36.081111,8.997301201,19.1173202
TarifaY2,3,2057,-5.656944,36.081111,31.68552095,18.45659101
TarifaY2,3,2058,-5.656944,36.081111,36.541532,21.24163306
TarifaY2,3,2059,-5.656944,36.081111,9.42360495,20.36655726
TarifaY2,3,2060,-5.656944,36.081111,29.27775478,19.13213501
TarifaY2,3,2061,-5.656944,36.081111,9.802029877,19.99370826
TarifaY2,3,2062,-5.656944,36.081111,76.69649523,18.94582027
TarifaY2,3,2063,-5.656944,36.081111,30.31256169,18.25094093
TarifaY2,3,2064,-5.656944,36.081111,53.26086476,19.73996247
TarifaY2,3,2065,-5.656944,36.081111,5.991407001,21.82815237
TarifaY2,3,2066,-5.656944,36.081111,12.48758782,20.48474495
TarifaY2,3,2067,-5.656944,36.081111,64.61484846,18.38317162
TarifaY2,3,2068,-5.656944,36.081111,27.72817189,19.86937866
TarifaY2,3,2069,-5.656944,36.081111,4.25852739,20.17139243
TarifaY2,3,2070,-5.656944,36.081111,18.14781176,19.86045572
TarifaY2,3,2071,-5.656944,36.081111,7.782336916,20.81401584
TarifaY2,3,2072,-5.656944,36.081111,44.96991382,20.11681026
TarifaY2,3,2073,-5.656944,36.081111,76.06195914,19.1102165
TarifaY2,3,2074,-5.656944,36.081111,39.24212524,19.98323482
TarifaY2,3,2075,-5.656944,36.081111,9.088173265,20.19081145
TarifaY2,3,2076,-5.656944,36.081111,5.636288953,20.66523378
TarifaY2,3,2077,-5.656944,36.081111,14.86452726,21.79000047
TarifaY2,3,2078,-5.656944,36.081111,47.11298969,19.3629178
TarifaY2,3,2079,-5.656944,36.081111,16.50816535,20.14130899
TarifaY2,3,2080,-5.656944,36.081111,109.266538,19.1002786
TarifaY2,3,2081,-5.656944,36.081111,5.832540114,20.78731591
TarifaY2,3,2082,-5.656944,36.081111,16.79290429,20.76076562
TarifaY2,3,2083,-5.656944,36.081111,8.795655507,20.2631834
TarifaY2,3,2084,-5.656944,36.081111,24.35257647,21.18726354
TarifaY2,3,2085,-5.656944,36.081111,22.0028086,20.55517854
TarifaY2,3,2086,-5.656944,36.081111,0.061704877,21.01911168
TarifaY2,3,2087,-5.656944,36.081111,70.64522086,20.78453586
TarifaY2,3,2088,-5.656944,36.081111,22.87912223,20.49452731
TarifaY2,3,2089,-5.656944,36.081111,3.74816037,22.4715397
TarifaY2,3,2090,-5.656944,36.081111,247.3192324,19.71932275
TarifaY2,3,2091,-5.656944,36.081111,24.8182433,20.37675604
TarifaY2,3,2092,-5.656944,36.081111,2.338442192,21.41066993
TarifaY2,3,2093,-5.656944,36.081111,68.35547465,19.76950743
TarifaY2,3,2094,-5.656944,36.081111,63.39617716,20.47060547
TarifaY2,3,2095,-5.656944,36.081111,4.512231736,21.88280443
TarifaY2,3,2096,-5.656944,36.081111,24.67257353,21.90571525
TarifaY2,3,2097,-5.656944,36.081111,82.25664968,20.64939713
TarifaY2,3,2098,-5.656944,36.081111,23.88138812,20.78463529
TarifaY2,3,2099,-5.656944,36.081111,6.369632734,22.27997692
TarifaY2,3,2100,-5.656944,36.081111,56.18919599,21.12749338
TarifaY2,4,2015,-5.656944,36.081111,2.063891386,21.52612406
TarifaY2,4,2016,-5.656944,36.081111,5.381173159,21.84739278
TarifaY2,4,2017,-5.656944,36.081111,17.05209798,20.50614929
TarifaY2,4,2018,-5.656944,36.081111,58.47525993,19.19857483
TarifaY2,4,2019,-5.656944,36.081111,73.97560526,18.90313822
TarifaY2,4,2020,-5.656944,36.081111,17.02119082,21.37716675
TarifaY2,4,2021,-5.656944,36.081111,3.216148992,21.1473409
TarifaY2,4,2022,-5.656944,36.081111,9.460738819,21.79453735
TarifaY2,4,2023,-5.656944,36.081111,15.38434551,20.61637675
TarifaY2,4,2024,-5.656944,36.081111,30.94386117,19.42938843
TarifaY2,4,2025,-5.656944,36.081111,36.22122124,20.19723511
TarifaY2,4,2026,-5.656944,36.081111,13.75250856,19.16082967
TarifaY2,4,2027,-5.656944,36.081111,91.15741339,19.45635681
TarifaY2,4,2028,-5.656944,36.081111,31.34644844,19.20159302
TarifaY2,4,2029,-5.656944,36.081111,13.17937803,19.2050293
TarifaY2,4,2030,-5.656944,36.081111,26.86163147,18.76974589
TarifaY2,4,2031,-5.656944,36.081111,4.373316219,20.38841146
TarifaY2,4,2032,-5.656944,36.081111,1.024430664,22.44227193
TarifaY2,4,2033,-5.656944,36.081111,19.16925308,20.51295471
TarifaY2,4,2034,-5.656944,36.081111,1.494771374,21.94090576
TarifaY2,4,2035,-5.656944,36.081111,5.838673824,19.75534465
TarifaY2,4,2036,-5.656944,36.081111,32.47078187,20.9474762
TarifaY2,4,2037,-5.656944,36.081111,12.14846348,21.44143372
TarifaY2,4,2038,-5.656944,36.081111,28.33516175,19.26404012
TarifaY2,4,2039,-5.656944,36.081111,117.282562,19.99549459
TarifaY2,4,2040,-5.656944,36.081111,64.39729406,19.48872681
TarifaY2,4,2041,-5.656944,36.081111,12.63522072,19.99855754
TarifaY2,4,2042,-5.656944,36.081111,31.89970842,20.61420695
TarifaY2,4,2043,-5.656944,36.081111,13.28408486,20.6173645
TarifaY2,4,2044,-5.656944,36.081111,40.14329962,19.96579183
TarifaY2,4,2045,-5.656944,36.081111,76.4492374,21.15296122
TarifaY2,4,2046,-5.656944,36.081111,2.945458367,21.86996257
TarifaY2,4,2047,-5.656944,36.081111,50.59471853,20.83570251
TarifaY2,4,2048,-5.656944,36.081111,7.987293119,22.1192688
TarifaY2,4,2049,-5.656944,36.081111,20.0130828,19.61318766
TarifaY2,4,2050,-5.656944,36.081111,33.08975402,19.06823425
TarifaY2,4,2051,-5.656944,36.081111,0.46396376,21.64955343
TarifaY2,4,2052,-5.656944,36.081111,24.06826363,20.72365621
TarifaY2,4,2053,-5.656944,36.081111,29.2351007,21.16175232
TarifaY2,4,2054,-5.656944,36.081111,53.99335702,20.84045512
TarifaY2,4,2055,-5.656944,36.081111,26.99791603,20.50307922
TarifaY2,4,2056,-5.656944,36.081111,15.7082651,21.07069499
TarifaY2,4,2057,-5.656944,36.081111,48.33077517,19.8611735
TarifaY2,4,2058,-5.656944,36.081111,10.25781881,20.64600321
TarifaY2,4,2059,-5.656944,36.081111,8.549959806,22.60840658
TarifaY2,4,2060,-5.656944,36.081111,15.4338362,21.24879659
TarifaY2,4,2061,-5.656944,36.081111,9.153620267,21.31215719
TarifaY2,4,2062,-5.656944,36.081111,24.95910708,22.03458761
TarifaY2,4,2063,-5.656944,36.081111,4.087350128,21.60796305
TarifaY2,4,2064,-5.656944,36.081111,18.8201146,21.8455363
TarifaY2,4,2065,-5.656944,36.081111,87.36670757,20.43166097
TarifaY2,4,2066,-5.656944,36.081111,14.70220322,20.77325948
TarifaY2,4,2067,-5.656944,36.081111,61.72179456,20.70668335
TarifaY2,4,2068,-5.656944,36.081111,4.76303902,21.76094564
TarifaY2,4,2069,-5.656944,36.081111,18.58850503,20.78597616
TarifaY2,4,2070,-5.656944,36.081111,21.25622058,21.50587769
TarifaY2,4,2071,-5.656944,36.081111,27.27136447,22.93599752
TarifaY2,4,2072,-5.656944,36.081111,26.6221179,23.16045125
TarifaY2,4,2073,-5.656944,36.081111,20.80029739,21.74215495
TarifaY2,4,2074,-5.656944,36.081111,19.97099084,22.3681783
TarifaY2,4,2075,-5.656944,36.081111,5.316537075,23.1083018
TarifaY2,4,2076,-5.656944,36.081111,8.555672976,21.27585653
TarifaY2,4,2077,-5.656944,36.081111,7.232837131,22.64652507
TarifaY2,4,2078,-5.656944,36.081111,86.14291759,22.14820658
TarifaY2,4,2079,-5.656944,36.081111,11.69536527,22.80415649
TarifaY2,4,2080,-5.656944,36.081111,30.27648128,21.34779867
TarifaY2,4,2081,-5.656944,36.081111,5.538476279,23.76657104
TarifaY2,4,2082,-5.656944,36.081111,4.817902326,22.77761332
TarifaY2,4,2083,-5.656944,36.081111,0.352711783,23.3364919
TarifaY2,4,2084,-5.656944,36.081111,3.712340419,22.009021
TarifaY2,4,2085,-5.656944,36.081111,6.378373062,23.66044108
TarifaY2,4,2086,-5.656944,36.081111,2.387653762,21.90799154
TarifaY2,4,2087,-5.656944,36.081111,4.85039286,23.28794352
TarifaY2,4,2088,-5.656944,36.081111,35.11480742,22.53774211
TarifaY2,4,2089,-5.656944,36.081111,14.43454338,23.96877848
TarifaY2,4,2090,-5.656944,36.081111,30.30846585,22.15389608
TarifaY2,4,2091,-5.656944,36.081111,3.101096775,20.62283427
TarifaY2,4,2092,-5.656944,36.081111,3.298386037,23.74327901
TarifaY2,4,2093,-5.656944,36.081111,36.62719896,20.72652791
TarifaY2,4,2094,-5.656944,36.081111,14.2677665,23.35695089
TarifaY2,4,2095,-5.656944,36.081111,21.85789416,20.82110291
TarifaY2,4,2096,-5.656944,36.081111,3.61498242,24.71195272
TarifaY2,4,2097,-5.656944,36.081111,17.50377105,23.38000895
TarifaY2,4,2098,-5.656944,36.081111,0.529362969,23.2559021
TarifaY2,4,2099,-5.656944,36.081111,12.59202457,23.35852763
TarifaY2,4,2100,-5.656944,36.081111,4.918049497,24.60730082
TarifaY2,5,2015,-5.656944,36.081111,12.43049226,22.07564402
TarifaY2,5,2016,-5.656944,36.081111,9.035403144,23.35180644
TarifaY2,5,2017,-5.656944,36.081111,2.55819272,22.50987175
TarifaY2,5,2018,-5.656944,36.081111,35.04389019,21.40649197
TarifaY2,5,2019,-5.656944,36.081111,36.32176126,20.06768484
TarifaY2,5,2020,-5.656944,36.081111,1.838805425,23.7066865
TarifaY2,5,2021,-5.656944,36.081111,38.2054064,21.42429061
TarifaY2,5,2022,-5.656944,36.081111,67.23153359,22.21006411
TarifaY2,5,2023,-5.656944,36.081111,0.900476318,22.99002548
TarifaY2,5,2024,-5.656944,36.081111,2.443617989,23.03904557
TarifaY2,5,2025,-5.656944,36.081111,41.63832271,23.04689252
TarifaY2,5,2026,-5.656944,36.081111,21.67542119,20.38159948
TarifaY2,5,2027,-5.656944,36.081111,18.40817179,21.26883309
TarifaY2,5,2028,-5.656944,36.081111,12.32518494,21.01442871
TarifaY2,5,2029,-5.656944,36.081111,3.882197966,21.7376579
TarifaY2,5,2030,-5.656944,36.081111,18.76061369,20.51242243
TarifaY2,5,2031,-5.656944,36.081111,13.09599029,22.38941887
TarifaY2,5,2032,-5.656944,36.081111,20.04398826,22.91811917
TarifaY2,5,2033,-5.656944,36.081111,10.53876291,21.36863541
TarifaY2,5,2034,-5.656944,36.081111,2.807995388,22.84965545
TarifaY2,5,2035,-5.656944,36.081111,18.19691967,21.95824093
TarifaY2,5,2036,-5.656944,36.081111,58.02920606,22.66673407
TarifaY2,5,2037,-5.656944,36.081111,28.5554898,20.83995775
TarifaY2,5,2038,-5.656944,36.081111,1.078878928,22.69354721
TarifaY2,5,2039,-5.656944,36.081111,29.45958312,21.57029261
TarifaY2,5,2040,-5.656944,36.081111,52.49707058,21.5878097
TarifaY2,5,2041,-5.656944,36.081111,11.49610074,22.16904454
TarifaY2,5,2042,-5.656944,36.081111,3.608827803,24.48550002
TarifaY2,5,2043,-5.656944,36.081111,15.73246022,21.8095583
TarifaY2,5,2044,-5.656944,36.081111,19.15422359,21.9793965
TarifaY2,5,2045,-5.656944,36.081111,6.022364325,22.17797438
TarifaY2,5,2046,-5.656944,36.081111,39.85608948,21.89596636
TarifaY2,5,2047,-5.656944,36.081111,51.5442496,23.63368845
TarifaY2,5,2048,-5.656944,36.081111,2.576071599,22.68082433
TarifaY2,5,2049,-5.656944,36.081111,67.39168996,22.1835207
TarifaY2,5,2050,-5.656944,36.081111,5.409732508,22.10728583
TarifaY2,5,2051,-5.656944,36.081111,39.3294098,22.19393114
TarifaY2,5,2052,-5.656944,36.081111,1.898208552,24.26730918
TarifaY2,5,2053,-5.656944,36.081111,12.24411172,22.36216076
TarifaY2,5,2054,-5.656944,36.081111,31.96803087,21.17584701
TarifaY2,5,2055,-5.656944,36.081111,4.251042696,21.9791878
TarifaY2,5,2056,-5.656944,36.081111,5.721563159,22.47577377
TarifaY2,5,2057,-5.656944,36.081111,9.675585428,22.5305223
TarifaY2,5,2058,-5.656944,36.081111,33.18409084,21.53559314
TarifaY2,5,2059,-5.656944,36.081111,23.88559813,23.51355847
TarifaY2,5,2060,-5.656944,36.081111,2.330868846,24.39907916
TarifaY2,5,2061,-5.656944,36.081111,2.902234133,22.22136644
TarifaY2,5,2062,-5.656944,36.081111,9.279097128,22.78161995
TarifaY2,5,2063,-5.656944,36.081111,34.78481673,20.80941851
TarifaY2,5,2064,-5.656944,36.081111,1.27290544,24.28396882
TarifaY2,5,2065,-5.656944,36.081111,1.589706651,25.36607489
TarifaY2,5,2066,-5.656944,36.081111,6.73334249,23.55709327
TarifaY2,5,2067,-5.656944,36.081111,18.26908445,23.06100936
TarifaY2,5,2068,-5.656944,36.081111,9.333690725,23.32971664
TarifaY2,5,2069,-5.656944,36.081111,22.60285531,23.65163968
TarifaY2,5,2070,-5.656944,36.081111,55.83671914,24.16961946
TarifaY2,5,2071,-5.656944,36.081111,8.712012238,24.1927439
TarifaY2,5,2072,-5.656944,36.081111,2.40277654,25.42226464
TarifaY2,5,2073,-5.656944,36.081111,4.606996831,22.66526726
TarifaY2,5,2074,-5.656944,36.081111,6.316441966,23.62440619
TarifaY2,5,2075,-5.656944,36.081111,9.450040896,24.47388168
TarifaY2,5,2076,-5.656944,36.081111,24.60351388,23.99765093
TarifaY2,5,2077,-5.656944,36.081111,9.630365183,25.04828452
TarifaY2,5,2078,-5.656944,36.081111,17.19277332,22.44534381
TarifaY2,5,2079,-5.656944,36.081111,0.332077402,24.3827178
TarifaY2,5,2080,-5.656944,36.081111,5.570136534,23.34749854
TarifaY2,5,2081,-5.656944,36.081111,14.79159969,24.36407549
TarifaY2,5,2082,-5.656944,36.081111,19.95708432,23.90486175
TarifaY2,5,2083,-5.656944,36.081111,23.61783909,21.31593549
TarifaY2,5,2084,-5.656944,36.081111,16.33081595,25.00880068
TarifaY2,5,2085,-5.656944,36.081111,7.195522994,25.61157305
TarifaY2,5,2086,-5.656944,36.081111,0.644087853,25.47006895
TarifaY2,5,2087,-5.656944,36.081111,1.460505553,25.4074459
TarifaY2,5,2088,-5.656944,36.081111,38.07114049,26.63442875
TarifaY2,5,2089,-5.656944,36.081111,8.348697372,25.14094671
TarifaY2,5,2090,-5.656944,36.081111,51.05417594,22.45653391
TarifaY2,5,2091,-5.656944,36.081111,21.00280763,21.80565107
TarifaY2,5,2092,-5.656944,36.081111,10.28874444,27.38820604
TarifaY2,5,2093,-5.656944,36.081111,6.522554288,25.08996562
TarifaY2,5,2094,-5.656944,36.081111,3.646315634,24.57565091
TarifaY2,5,2095,-5.656944,36.081111,13.44872036,24.59612033
TarifaY2,5,2096,-5.656944,36.081111,0.000875907,26.01535014
TarifaY2,5,2097,-5.656944,36.081111,19.25688164,25.37140562
TarifaY2,5,2098,-5.656944,36.081111,13.37036567,23.36684964
TarifaY2,5,2099,-5.656944,36.081111,19.44438589,24.11412373
TarifaY2,5,2100,-5.656944,36.081111,8.763103651,26.35957366
TarifaY2,6,2015,-5.656944,36.081111,18.99113009,23.55023702
TarifaY2,6,2016,-5.656944,36.081111,0.599169043,25.7741862
TarifaY2,6,2017,-5.656944,36.081111,11.27190299,25.87058919
TarifaY2,6,2018,-5.656944,36.081111,0.14729571,24.9455485
TarifaY2,6,2019,-5.656944,36.081111,3.182466916,25.22499898
TarifaY2,6,2020,-5.656944,36.081111,6.657459055,26.31199443
TarifaY2,6,2021,-5.656944,36.081111,5.003585603,24.75618286
TarifaY2,6,2022,-5.656944,36.081111,18.9198939,24.5236318
TarifaY2,6,2023,-5.656944,36.081111,7.91517550849578e-08,25.75038147
TarifaY2,6,2024,-5.656944,36.081111,24.15176437,24.93854268
TarifaY2,6,2025,-5.656944,36.081111,5.992315624,24.36237488
TarifaY2,6,2026,-5.656944,36.081111,10.93913361,21.84538574
TarifaY2,6,2027,-5.656944,36.081111,9.424771257,25.023644
TarifaY2,6,2028,-5.656944,36.081111,0.382576154,25.74589844
TarifaY2,6,2029,-5.656944,36.081111,0.134743805,25.20576681
TarifaY2,6,2030,-5.656944,36.081111,4.889845535,25.45631409
TarifaY2,6,2031,-5.656944,36.081111,27.27514511,24.55951945
TarifaY2,6,2032,-5.656944,36.081111,0.333723304,25.76456502
TarifaY2,6,2033,-5.656944,36.081111,0.731472483,25.18232931
TarifaY2,6,2034,-5.656944,36.081111,0.019785929,25.39123535
TarifaY2,6,2035,-5.656944,36.081111,45.87018423,23.435554
TarifaY2,6,2036,-5.656944,36.081111,0.742171531,26.03307495
TarifaY2,6,2037,-5.656944,36.081111,7.992561959,23.89029338
TarifaY2,6,2038,-5.656944,36.081111,0.803243262,26.64913534
TarifaY2,6,2039,-5.656944,36.081111,4.561313293,24.00778503
TarifaY2,6,2040,-5.656944,36.081111,5.572236446,24.03648783
TarifaY2,6,2041,-5.656944,36.081111,8.728382989,26.52752482
TarifaY2,6,2042,-5.656944,36.081111,0.677514845,28.48480225
TarifaY2,6,2043,-5.656944,36.081111,36.0488908,24.78121338
TarifaY2,6,2044,-5.656944,36.081111,0.190834769,26.84096171
TarifaY2,6,2045,-5.656944,36.081111,26.61993706,26.59720052
TarifaY2,6,2046,-5.656944,36.081111,1.619039855,24.17323201
TarifaY2,6,2047,-5.656944,36.081111,10.28824658,25.43584493
TarifaY2,6,2048,-5.656944,36.081111,1.901146838,25.47526143
TarifaY2,6,2049,-5.656944,36.081111,0.710295472,28.77330221
TarifaY2,6,2050,-5.656944,36.081111,0.042278388,26.94127401
TarifaY2,6,2051,-5.656944,36.081111,0.969411424,23.72730408
TarifaY2,6,2052,-5.656944,36.081111,0.306442899,27.63270874
TarifaY2,6,2053,-5.656944,36.081111,2.76777904,24.13700765
TarifaY2,6,2054,-5.656944,36.081111,3.88771857,25.25368551
TarifaY2,6,2055,-5.656944,36.081111,0.423473892,26.60661621
TarifaY2,6,2056,-5.656944,36.081111,0.445561767,27.00162455
TarifaY2,6,2057,-5.656944,36.081111,2.69770758,25.75844218
TarifaY2,6,2058,-5.656944,36.081111,20.36817049,25.43350118
TarifaY2,6,2059,-5.656944,36.081111,0.239132348,28.21681925
TarifaY2,6,2060,-5.656944,36.081111,0.223942755,28.05934143
TarifaY2,6,2061,-5.656944,36.081111,0.394166571,23.50621745
TarifaY2,6,2062,-5.656944,36.081111,1.160964918,28.06649679
TarifaY2,6,2063,-5.656944,36.081111,0.005732964,27.35583801
TarifaY2,6,2064,-5.656944,36.081111,3.33816171,24.00118205
TarifaY2,6,2065,-5.656944,36.081111,7.396313064,26.72464498
TarifaY2,6,2066,-5.656944,36.081111,0.193812972,28.03324382
TarifaY2,6,2067,-5.656944,36.081111,5.842242135,25.69350281
TarifaY2,6,2068,-5.656944,36.081111,0.479842484,28.35577698
TarifaY2,6,2069,-5.656944,36.081111,1.488001896,26.36589559
TarifaY2,6,2070,-5.656944,36.081111,22.61245432,25.33925374
TarifaY2,6,2071,-5.656944,36.081111,0.284255942,27.2978536
TarifaY2,6,2072,-5.656944,36.081111,11.19806138,26.86077677
TarifaY2,6,2073,-5.656944,36.081111,3.817119601,26.75053609
TarifaY2,6,2074,-5.656944,36.081111,0.845301777,28.22586365
TarifaY2,6,2075,-5.656944,36.081111,1.647551279,27.6122406
TarifaY2,6,2076,-5.656944,36.081111,3.478019554,27.48888957
TarifaY2,6,2077,-5.656944,36.081111,3.181905286,26.18877055
TarifaY2,6,2078,-5.656944,36.081111,2.13428662,27.06980387
TarifaY2,6,2079,-5.656944,36.081111,42.90095053,27.34775187
TarifaY2,6,2080,-5.656944,36.081111,4.763727408,24.28642069
TarifaY2,6,2081,-5.656944,36.081111,21.84615681,28.60118408
TarifaY2,6,2082,-5.656944,36.081111,3.34613801,28.81008403
TarifaY2,6,2083,-5.656944,36.081111,0.523415589,28.5852651
TarifaY2,6,2084,-5.656944,36.081111,26.77668661,29.48278605
TarifaY2,6,2085,-5.656944,36.081111,2.197099166,27.42320251
TarifaY2,6,2086,-5.656944,36.081111,0.54413918,27.95897624
TarifaY2,6,2087,-5.656944,36.081111,18.09005902,26.24816081
TarifaY2,6,2088,-5.656944,36.081111,4.762793171,30.59145304
TarifaY2,6,2089,-5.656944,36.081111,1.824907176,28.11120402
TarifaY2,6,2090,-5.656944,36.081111,3.437001878,26.19003398
TarifaY2,6,2091,-5.656944,36.081111,0.119285338,27.11529744
TarifaY2,6,2092,-5.656944,36.081111,1.347042728,28.245165
TarifaY2,6,2093,-5.656944,36.081111,0.951730543,27.42531331
TarifaY2,6,2094,-5.656944,36.081111,3.777931033,27.51546631
TarifaY2,6,2095,-5.656944,36.081111,1.823956424,29.29344686
TarifaY2,6,2096,-5.656944,36.081111,23.98010724,27.92767843
TarifaY2,6,2097,-5.656944,36.081111,2.189757679,29.59017436
TarifaY2,6,2098,-5.656944,36.081111,2.64387719,27.48193156
TarifaY2,6,2099,-5.656944,36.081111,3.399618633,26.9915802
TarifaY2,6,2100,-5.656944,36.081111,0.915423669,26.17417908
TarifaY2,7,2015,-5.656944,36.081111,1.50377766452989e-06,28.96837867
TarifaY2,7,2016,-5.656944,36.081111,2.044675725,29.17422466
TarifaY2,7,2017,-5.656944,36.081111,0.177844276,29.43978075
TarifaY2,7,2018,-5.656944,36.081111,0.548973364,28.38661617
TarifaY2,7,2019,-5.656944,36.081111,0.119959435,29.14026647
TarifaY2,7,2020,-5.656944,36.081111,0.934840962,29.06211095
TarifaY2,7,2021,-5.656944,36.081111,2.00130404999461e-08,30.43272134
TarifaY2,7,2022,-5.656944,36.081111,1.518574025,28.54286125
TarifaY2,7,2023,-5.656944,36.081111,3.983911804,28.45606335
TarifaY2,7,2024,-5.656944,36.081111,1.558121431,28.18407002
TarifaY2,7,2025,-5.656944,36.081111,9.391009969,29.65452015
TarifaY2,7,2026,-5.656944,36.081111,1.365055211,27.92002603
TarifaY2,7,2027,-5.656944,36.081111,1.588406629,28.49708882
TarifaY2,7,2028,-5.656944,36.081111,0.004521671,29.88755434
TarifaY2,7,2029,-5.656944,36.081111,1.242893491,26.65092892
TarifaY2,7,2030,-5.656944,36.081111,3.493915822,28.23037109
TarifaY2,7,2031,-5.656944,36.081111,3.561011953,28.58409345
TarifaY2,7,2032,-5.656944,36.081111,0.385532718,30.34602582
TarifaY2,7,2033,-5.656944,36.081111,4.004512055,29.82932877
TarifaY2,7,2034,-5.656944,36.081111,1.976495495,29.4574711
TarifaY2,7,2035,-5.656944,36.081111,0.541968144,28.55487336
TarifaY2,7,2036,-5.656944,36.081111,0.878526815,30.61542417
TarifaY2,7,2037,-5.656944,36.081111,0.277243961,30.80385742
TarifaY2,7,2038,-5.656944,36.081111,2.855115074,29.84154072
TarifaY2,7,2039,-5.656944,36.081111,0.000782208,29.48401647
TarifaY2,7,2040,-5.656944,36.081111,4.67929004,25.78677545
TarifaY2,7,2041,-5.656944,36.081111,7.046805745,30.9090525
TarifaY2,7,2042,-5.656944,36.081111,3.882228138,29.24572931
TarifaY2,7,2043,-5.656944,36.081111,4.458987523,28.49223653
TarifaY2,7,2044,-5.656944,36.081111,1.44449431315506e-05,29.3670987
TarifaY2,7,2045,-5.656944,36.081111,0.979255116,28.16647024
TarifaY2,7,2046,-5.656944,36.081111,1.238273071,28.97281553
TarifaY2,7,2047,-5.656944,36.081111,4.850020852,28.54451707
TarifaY2,7,2048,-5.656944,36.081111,0.084842209,30.99219223
TarifaY2,7,2049,-5.656944,36.081111,0.801767131,30.02314985
TarifaY2,7,2050,-5.656944,36.081111,0.159227898,30.03752363
TarifaY2,7,2051,-5.656944,36.081111,12.23461649,26.5929465
TarifaY2,7,2052,-5.656944,36.081111,4.345394045,28.02866172
TarifaY2,7,2053,-5.656944,36.081111,0.152841846,29.24147162
TarifaY2,7,2054,-5.656944,36.081111,5.289757566,28.47438965
TarifaY2,7,2055,-5.656944,36.081111,5.524087411,30.82221325
TarifaY2,7,2056,-5.656944,36.081111,0.616745687,28.50788712
TarifaY2,7,2057,-5.656944,36.081111,5.359066484,30.0963753
TarifaY2,7,2058,-5.656944,36.081111,2.2848254,27.86363644
TarifaY2,7,2059,-5.656944,36.081111,5.777942957,29.4217488
TarifaY2,7,2060,-5.656944,36.081111,0.328722625,31.23183988
TarifaY2,7,2061,-5.656944,36.081111,2.271673572,29.7048456
TarifaY2,7,2062,-5.656944,36.081111,0.51092705,30.3198506
TarifaY2,7,2063,-5.656944,36.081111,0.441257527,30.21395165
TarifaY2,7,2064,-5.656944,36.081111,0.145290024,31.44588525
TarifaY2,7,2065,-5.656944,36.081111,1.437529366,28.53058137
TarifaY2,7,2066,-5.656944,36.081111,2.414849641,30.00059539
TarifaY2,7,2067,-5.656944,36.081111,0.003654385,30.22735478
TarifaY2,7,2068,-5.656944,36.081111,2.174301085,30.53432223
TarifaY2,7,2069,-5.656944,36.081111,5.824790342,30.0278722
TarifaY2,7,2070,-5.656944,36.081111,0.673654871,31.40928384
TarifaY2,7,2071,-5.656944,36.081111,2.267278409,31.43262388
TarifaY2,7,2072,-5.656944,36.081111,0.885496967,30.88126181
TarifaY2,7,2073,-5.656944,36.081111,0.352342733,28.99281537
TarifaY2,7,2074,-5.656944,36.081111,0.087037702,32.12856938
TarifaY2,7,2075,-5.656944,36.081111,1.505782067,32.82451487
TarifaY2,7,2076,-5.656944,36.081111,0.707116972,31.13170875
TarifaY2,7,2077,-5.656944,36.081111,0.09512904,30.82571982
TarifaY2,7,2078,-5.656944,36.081111,6.64669994,29.07699664
TarifaY2,7,2079,-5.656944,36.081111,5.965526408,31.15902789
TarifaY2,7,2080,-5.656944,36.081111,0.539911322,31.23878804
TarifaY2,7,2081,-5.656944,36.081111,2.774209448,28.9767523
TarifaY2,7,2082,-5.656944,36.081111,5.003615386,29.12217643
TarifaY2,7,2083,-5.656944,36.081111,9.043613335,29.6483487
TarifaY2,7,2084,-5.656944,36.081111,3.395555199,27.55892826
TarifaY2,7,2085,-5.656944,36.081111,2.291879859,31.6638536
TarifaY2,7,2086,-5.656944,36.081111,3.605298093,31.06945978
TarifaY2,7,2087,-5.656944,36.081111,0.278596881,33.67961347
TarifaY2,7,2088,-5.656944,36.081111,1.219429711,30.29281597
TarifaY2,7,2089,-5.656944,36.081111,2.26827118,32.35042036
TarifaY2,7,2090,-5.656944,36.081111,6.036541593,32.79195261
TarifaY2,7,2091,-5.656944,36.081111,10.04953868,28.91214954
TarifaY2,7,2092,-5.656944,36.081111,0.684637688,32.19317607
TarifaY2,7,2093,-5.656944,36.081111,0.86933424,31.76620759
TarifaY2,7,2094,-5.656944,36.081111,0.428830955,31.55415374
TarifaY2,7,2095,-5.656944,36.081111,0.000811271,32.62496535
TarifaY2,7,2096,-5.656944,36.081111,3.026338972,30.6147774
TarifaY2,7,2097,-5.656944,36.081111,0.165213904,33.62415417
TarifaY2,7,2098,-5.656944,36.081111,0.743954931,32.59369172
TarifaY2,7,2099,-5.656944,36.081111,7.580040771,30.87722168
TarifaY2,7,2100,-5.656944,36.081111,2.156365101,32.59007883
TarifaY2,8,2015,-5.656944,36.081111,0.849143359,30.22361194
TarifaY2,8,2016,-5.656944,36.081111,0.642580192,29.78553506
TarifaY2,8,2017,-5.656944,36.081111,2.711136647,29.27169386
TarifaY2,8,2018,-5.656944,36.081111,1.200227225,29.61860194
TarifaY2,8,2019,-5.656944,36.081111,0.905089543,28.95346148
TarifaY2,8,2020,-5.656944,36.081111,1.915356068,28.2645498
TarifaY2,8,2021,-5.656944,36.081111,1.742725404,29.77286731
TarifaY2,8,2022,-5.656944,36.081111,5.669790815,28.93768783
TarifaY2,8,2023,-5.656944,36.081111,0.00394682,29.06620031
TarifaY2,8,2024,-5.656944,36.081111,0.001057335,28.72994877
TarifaY2,8,2025,-5.656944,36.081111,7.943171567,29.21864644
TarifaY2,8,2026,-5.656944,36.081111,0.263051847,28.17122704
TarifaY2,8,2027,-5.656944,36.081111,3.709113411,28.25462765
TarifaY2,8,2028,-5.656944,36.081111,0.212071656,29.14637786
TarifaY2,8,2029,-5.656944,36.081111,0.04643081,29.06538421
TarifaY2,8,2030,-5.656944,36.081111,9.579233012,29.05763963
TarifaY2,8,2031,-5.656944,36.081111,8.42021998374139e-05,29.21037125
TarifaY2,8,2032,-5.656944,36.081111,1.994824176,31.01105307
TarifaY2,8,2033,-5.656944,36.081111,3.422269023,28.94107036
TarifaY2,8,2034,-5.656944,36.081111,11.75748789,29.03733363
TarifaY2,8,2035,-5.656944,36.081111,21.3961054,31.03439114
TarifaY2,8,2036,-5.656944,36.081111,3.33413869,30.65094171
TarifaY2,8,2037,-5.656944,36.081111,0.000159404,28.73656222
TarifaY2,8,2038,-5.656944,36.081111,0.828246091,29.61083374
TarifaY2,8,2039,-5.656944,36.081111,1.918775953,29.10891606
TarifaY2,8,2040,-5.656944,36.081111,1.337125271,29.10071569
TarifaY2,8,2041,-5.656944,36.081111,0.968687195,31.77259069
TarifaY2,8,2042,-5.656944,36.081111,2.264894879,29.8144293
TarifaY2,8,2043,-5.656944,36.081111,9.956147428,31.28412732
TarifaY2,8,2044,-5.656944,36.081111,0.00130192,29.93231772
TarifaY2,8,2045,-5.656944,36.081111,0.756047499,28.92905333
TarifaY2,8,2046,-5.656944,36.081111,1.813750515,29.05289267
TarifaY2,8,2047,-5.656944,36.081111,0.027514465,28.39015523
TarifaY2,8,2048,-5.656944,36.081111,0.198126952,30.87176199
TarifaY2,8,2049,-5.656944,36.081111,1.494831396,29.24369349
TarifaY2,8,2050,-5.656944,36.081111,2.09803904,29.59549226
TarifaY2,8,2051,-5.656944,36.081111,13.10647048,27.03245082
TarifaY2,8,2052,-5.656944,36.081111,0.014455887,29.58049041
TarifaY2,8,2053,-5.656944,36.081111,0.641590338,29.77581669
TarifaY2,8,2054,-5.656944,36.081111,3.139526162,29.97214119
TarifaY2,8,2055,-5.656944,36.081111,9.827922328,28.56889767
TarifaY2,8,2056,-5.656944,36.081111,1.822877263,30.61737435
TarifaY2,8,2057,-5.656944,36.081111,7.911342084,28.83415449
TarifaY2,8,2058,-5.656944,36.081111,10.86427207,28.27708465
TarifaY2,8,2059,-5.656944,36.081111,0.694298668,31.71034073
TarifaY2,8,2060,-5.656944,36.081111,0.091557126,31.80628603
TarifaY2,8,2061,-5.656944,36.081111,4.46235786003045e-06,31.61790496
TarifaY2,8,2062,-5.656944,36.081111,11.05857755,29.82543237
TarifaY2,8,2063,-5.656944,36.081111,2.509827336,28.35393972
TarifaY2,8,2064,-5.656944,36.081111,1.161843145,31.17499646
TarifaY2,8,2065,-5.656944,36.081111,1.105282651,30.66136593
TarifaY2,8,2066,-5.656944,36.081111,12.8623459,30.31664921
TarifaY2,8,2067,-5.656944,36.081111,0.078508998,30.83428345
TarifaY2,8,2068,-5.656944,36.081111,5.280938566,28.62525379
TarifaY2,8,2069,-5.656944,36.081111,0.003478368,30.91525446
TarifaY2,8,2070,-5.656944,36.081111,0.934173887,30.60727598
TarifaY2,8,2071,-5.656944,36.081111,1.969936582,30.47832248
TarifaY2,8,2072,-5.656944,36.081111,2.22884697,32.46905399
TarifaY2,8,2073,-5.656944,36.081111,6.4989477963491e-05,32.60546265
TarifaY2,8,2074,-5.656944,36.081111,4.28571376912572e-06,32.28246952
TarifaY2,8,2075,-5.656944,36.081111,7.046040007,32.05739254
TarifaY2,8,2076,-5.656944,36.081111,7.864154966,33.01522906
TarifaY2,8,2077,-5.656944,36.081111,1.543313085,30.77136112
TarifaY2,8,2078,-5.656944,36.081111,0.783833635,33.57239931
TarifaY2,8,2079,-5.656944,36.081111,2.219669758,31.30385447
TarifaY2,8,2080,-5.656944,36.081111,1.801878834,30.26375536
TarifaY2,8,2081,-5.656944,36.081111,6.646963817,30.44879918
TarifaY2,8,2082,-5.656944,36.081111,2.385647605,31.43377961
TarifaY2,8,2083,-5.656944,36.081111,4.542563799,30.43386723
TarifaY2,8,2084,-5.656944,36.081111,0.331727048,29.4531504
TarifaY2,8,2085,-5.656944,36.081111,2.737494747,32.37352708
TarifaY2,8,2086,-5.656944,36.081111,0.92799813,32.6662448
TarifaY2,8,2087,-5.656944,36.081111,0.232677084,32.52495038
TarifaY2,8,2088,-5.656944,36.081111,0.770219725,30.28732871
TarifaY2,8,2089,-5.656944,36.081111,0.101982214,33.80169166
TarifaY2,8,2090,-5.656944,36.081111,1.7128064,31.48794438
TarifaY2,8,2091,-5.656944,36.081111,1.906555939,31.64397977
TarifaY2,8,2092,-5.656944,36.081111,21.49132232,31.97278797
TarifaY2,8,2093,-5.656944,36.081111,4.604095018,32.65164165
TarifaY2,8,2094,-5.656944,36.081111,1.254010834,31.52585311
TarifaY2,8,2095,-5.656944,36.081111,4.099572953,33.39315481
TarifaY2,8,2096,-5.656944,36.081111,2.732075737,32.0266574
TarifaY2,8,2097,-5.656944,36.081111,2.353071647,33.18513715
TarifaY2,8,2098,-5.656944,36.081111,1.453655135,31.60993593
TarifaY2,8,2099,-5.656944,36.081111,0.191476595,32.51863817
TarifaY2,8,2100,-5.656944,36.081111,2.630866625,31.72393287
TarifaY2,9,2015,-5.656944,36.081111,24.50915859,28.57156982
TarifaY2,9,2016,-5.656944,36.081111,29.22111749,26.59377747
TarifaY2,9,2017,-5.656944,36.081111,24.77724472,26.30657857
TarifaY2,9,2018,-5.656944,36.081111,0.026589366,26.94984538
TarifaY2,9,2019,-5.656944,36.081111,17.82801805,25.26397909
TarifaY2,9,2020,-5.656944,36.081111,7.013818028,26.72547709
TarifaY2,9,2021,-5.656944,36.081111,1.306674307,26.44688517
TarifaY2,9,2022,-5.656944,36.081111,21.88091083,26.9959727
TarifaY2,9,2023,-5.656944,36.081111,8.537536497,27.55709839
TarifaY2,9,2024,-5.656944,36.081111,9.399256637,27.42982279
TarifaY2,9,2025,-5.656944,36.081111,7.566241388,26.55586243
TarifaY2,9,2026,-5.656944,36.081111,4.92064549,27.2962148
TarifaY2,9,2027,-5.656944,36.081111,8.920559945,29.1184021
TarifaY2,9,2028,-5.656944,36.081111,2.488058706,26.45292155
TarifaY2,9,2029,-5.656944,36.081111,6.973197814,28.32643738
TarifaY2,9,2030,-5.656944,36.081111,26.50341795,27.62182617
TarifaY2,9,2031,-5.656944,36.081111,7.320081904,26.49912618
TarifaY2,9,2032,-5.656944,36.081111,7.861562662,27.35492249
TarifaY2,9,2033,-5.656944,36.081111,1.553063025,27.63021545
TarifaY2,9,2034,-5.656944,36.081111,12.08666705,27.02035726
TarifaY2,9,2035,-5.656944,36.081111,0.632140169,26.82594401
TarifaY2,9,2036,-5.656944,36.081111,11.49107883,28.45326233
TarifaY2,9,2037,-5.656944,36.081111,10.82292632,27.57608948
TarifaY2,9,2038,-5.656944,36.081111,3.554472563,27.15273438
TarifaY2,9,2039,-5.656944,36.081111,0.04588755,28.44449259
TarifaY2,9,2040,-5.656944,36.081111,0.121457037,27.34805298
TarifaY2,9,2041,-5.656944,36.081111,4.114460114,28.67449137
TarifaY2,9,2042,-5.656944,36.081111,0.658846257,28.95988363
TarifaY2,9,2043,-5.656944,36.081111,0.327794133,27.35135091
TarifaY2,9,2044,-5.656944,36.081111,0.464483472,27.66448669
TarifaY2,9,2045,-5.656944,36.081111,0.020803925,28.62621663
TarifaY2,9,2046,-5.656944,36.081111,1.261283008,28.98129374
TarifaY2,9,2047,-5.656944,36.081111,1.224706432,27.55779317
TarifaY2,9,2048,-5.656944,36.081111,30.22957046,27.56044006
TarifaY2,9,2049,-5.656944,36.081111,6.641539418,29.00004883
TarifaY2,9,2050,-5.656944,36.081111,1.263765997,28.08132019
TarifaY2,9,2051,-5.656944,36.081111,1.473976535,26.95030416
TarifaY2,9,2052,-5.656944,36.081111,22.53924592,26.2769399
TarifaY2,9,2053,-5.656944,36.081111,6.0153397,28.54000651
TarifaY2,9,2054,-5.656944,36.081111,0.789818818,28.36925456
TarifaY2,9,2055,-5.656944,36.081111,3.366205055,28.02923482
TarifaY2,9,2056,-5.656944,36.081111,0.060061081,29.40348918
TarifaY2,9,2057,-5.656944,36.081111,3.803074834,28.66814982
TarifaY2,9,2058,-5.656944,36.081111,1.514322726,28.65764364
TarifaY2,9,2059,-5.656944,36.081111,0.468177887,29.25479126
TarifaY2,9,2060,-5.656944,36.081111,3.921313379,28.50254822
TarifaY2,9,2061,-5.656944,36.081111,0.903341764,28.7136851
TarifaY2,9,2062,-5.656944,36.081111,1.50054899,28.34292297
TarifaY2,9,2063,-5.656944,36.081111,18.26500175,28.56814473
TarifaY2,9,2064,-5.656944,36.081111,22.77314293,28.5242981
TarifaY2,9,2065,-5.656944,36.081111,16.27495057,28.32391357
TarifaY2,9,2066,-5.656944,36.081111,0.963469199,27.90540975
TarifaY2,9,2067,-5.656944,36.081111,0.284146237,29.09283142
TarifaY2,9,2068,-5.656944,36.081111,6.468264813,29.07060649
TarifaY2,9,2069,-5.656944,36.081111,0.258833358,29.58896179
TarifaY2,9,2070,-5.656944,36.081111,14.2510512,28.63681742
TarifaY2,9,2071,-5.656944,36.081111,7.622365556,31.17619019
TarifaY2,9,2072,-5.656944,36.081111,12.36848181,29.9059255
TarifaY2,9,2073,-5.656944,36.081111,2.51648897,30.20960083
TarifaY2,9,2074,-5.656944,36.081111,0.108202152,29.27158712
TarifaY2,9,2075,-5.656944,36.081111,0.519169293,30.62102865
TarifaY2,9,2076,-5.656944,36.081111,10.26566111,28.71099345
TarifaY2,9,2077,-5.656944,36.081111,4.755691113,29.78325297
TarifaY2,9,2078,-5.656944,36.081111,0.082604201,30.26497904
TarifaY2,9,2079,-5.656944,36.081111,1.94573279,30.96542765
TarifaY2,9,2080,-5.656944,36.081111,0.630769392,31.25986532
TarifaY2,9,2081,-5.656944,36.081111,1.876749921,29.46453857
TarifaY2,9,2082,-5.656944,36.081111,0.013662509,29.57674052
TarifaY2,9,2083,-5.656944,36.081111,1.095602322,28.29357605
TarifaY2,9,2084,-5.656944,36.081111,1.985829899,30.55337626
TarifaY2,9,2085,-5.656944,36.081111,10.53026425,31.09463094
TarifaY2,9,2086,-5.656944,36.081111,9.690228521,30.15946655
TarifaY2,9,2087,-5.656944,36.081111,29.21692035,30.36206156
TarifaY2,9,2088,-5.656944,36.081111,34.07904681,27.57948507
TarifaY2,9,2089,-5.656944,36.081111,11.78313792,31.52589315
TarifaY2,9,2090,-5.656944,36.081111,0.195149626,30.29550273
TarifaY2,9,2091,-5.656944,36.081111,1.844610936,29.10214335
TarifaY2,9,2092,-5.656944,36.081111,6.593448655,29.3230011
TarifaY2,9,2093,-5.656944,36.081111,3.909538306,28.78351542
TarifaY2,9,2094,-5.656944,36.081111,109.4597031,30.70560913
TarifaY2,9,2095,-5.656944,36.081111,0.374773387,29.95059001
TarifaY2,9,2096,-5.656944,36.081111,5.819319121,29.45409139
TarifaY2,9,2097,-5.656944,36.081111,16.27963167,32.22047119
TarifaY2,9,2098,-5.656944,36.081111,0.291393995,31.45845235
TarifaY2,9,2099,-5.656944,36.081111,6.752708534,31.98074137
TarifaY2,9,2100,-5.656944,36.081111,5.438497925,33.03823242
Vertedero,1,2015,-5.49,36.121667,66.1193295,17.34300163
Vertedero,1,2016,-5.49,36.121667,57.21158411,15.77746956
Vertedero,1,2017,-5.49,36.121667,178.4207132,17.9363549
Vertedero,1,2018,-5.49,36.121667,129.98147,13.96371637
Vertedero,1,2019,-5.49,36.121667,28.69495129,15.87247964
Vertedero,1,2020,-5.49,36.121667,233.8872752,16.14091915
Vertedero,1,2021,-5.49,36.121667,54.42933431,15.55517362
Vertedero,1,2022,-5.49,36.121667,206.6460612,16.05362313
Vertedero,1,2023,-5.49,36.121667,69.26431408,15.90547997
Vertedero,1,2024,-5.49,36.121667,214.7685841,16.01212316
Vertedero,1,2025,-5.49,36.121667,213.9815871,16.45522855
Vertedero,1,2026,-5.49,36.121667,152.9181215,16.49133675
Vertedero,1,2027,-5.49,36.121667,69.40976034,14.86653659
Vertedero,1,2028,-5.49,36.121667,68.24602503,15.18717691
Vertedero,1,2029,-5.49,36.121667,24.75171433,15.83766007
Vertedero,1,2030,-5.49,36.121667,238.99491,16.38363037
Vertedero,1,2031,-5.49,36.121667,401.1973712,18.28967462
Vertedero,1,2032,-5.49,36.121667,125.9314813,15.41761219
Vertedero,1,2033,-5.49,36.121667,31.69033527,15.52134045
Vertedero,1,2034,-5.49,36.121667,58.68201467,17.01493865
Vertedero,1,2035,-5.49,36.121667,29.47420123,14.0230071
Vertedero,1,2036,-5.49,36.121667,85.20247708,17.70997748
Vertedero,1,2037,-5.49,36.121667,2.102828739,16.47532782
Vertedero,1,2038,-5.49,36.121667,142.6900271,15.94569525
Vertedero,1,2039,-5.49,36.121667,8.269460832,17.22153872
Vertedero,1,2040,-5.49,36.121667,62.4857074,19.35255855
Vertedero,1,2041,-5.49,36.121667,43.61644376,16.45868885
Vertedero,1,2042,-5.49,36.121667,15.74993186,15.86842179
Vertedero,1,2043,-5.49,36.121667,43.31716405,17.80753331
Vertedero,1,2044,-5.49,36.121667,9.99645777,16.28249512
Vertedero,1,2045,-5.49,36.121667,14.9145059,18.16295776
Vertedero,1,2046,-5.49,36.121667,40.95983238,18.21079653
Vertedero,1,2047,-5.49,36.121667,48.54243572,17.38553723
Vertedero,1,2048,-5.49,36.121667,65.17252702,18.211589
Vertedero,1,2049,-5.49,36.121667,34.42659183,17.33464474
Vertedero,1,2050,-5.49,36.121667,115.3530669,17.6824585
Vertedero,1,2051,-5.49,36.121667,68.40024589,15.84715793
Vertedero,1,2052,-5.49,36.121667,76.37381549,16.81024347
Vertedero,1,2053,-5.49,36.121667,102.9845394,17.13182885
Vertedero,1,2054,-5.49,36.121667,31.19042488,16.35715686
Vertedero,1,2055,-5.49,36.121667,96.12233519,16.24356749
Vertedero,1,2056,-5.49,36.121667,69.11144828,15.03660711
Vertedero,1,2057,-5.49,36.121667,55.9913868,17.73322301
Vertedero,1,2058,-5.49,36.121667,40.65313925,18.30957405
Vertedero,1,2059,-5.49,36.121667,9.329049264,18.32330007
Vertedero,1,2060,-5.49,36.121667,21.39327293,18.89573994
Vertedero,1,2061,-5.49,36.121667,52.91883018,19.13594183
Vertedero,1,2062,-5.49,36.121667,55.30131277,17.52674698
Vertedero,1,2063,-5.49,36.121667,96.98163578,16.77537074
Vertedero,1,2064,-5.49,36.121667,174.6845719,17.95499031
Vertedero,1,2065,-5.49,36.121667,69.28127162,18.06575534
Vertedero,1,2066,-5.49,36.121667,74.48690589,18.77716242
Vertedero,1,2067,-5.49,36.121667,78.07267171,16.58883352
Vertedero,1,2068,-5.49,36.121667,23.27532333,16.83009368
Vertedero,1,2069,-5.49,36.121667,97.54866447,16.9859942
Vertedero,1,2070,-5.49,36.121667,94.63976817,18.66681085
Vertedero,1,2071,-5.49,36.121667,47.00980268,17.13422792
Vertedero,1,2072,-5.49,36.121667,6.41804877,19.27200002
Vertedero,1,2073,-5.49,36.121667,120.4733055,17.27377004
Vertedero,1,2074,-5.49,36.121667,7.350325528,19.01687898
Vertedero,1,2075,-5.49,36.121667,25.31881096,16.80016676
Vertedero,1,2076,-5.49,36.121667,166.6000212,19.87186141
Vertedero,1,2077,-5.49,36.121667,70.30262577,18.18748602
Vertedero,1,2078,-5.49,36.121667,43.58355421,16.67800096
Vertedero,1,2079,-5.49,36.121667,25.76971955,18.40030675
Vertedero,1,2080,-5.49,36.121667,26.07396156,16.34296619
Vertedero,1,2081,-5.49,36.121667,7.204639962,18.14530974
Vertedero,1,2082,-5.49,36.121667,131.2066879,19.74732312
Vertedero,1,2083,-5.49,36.121667,39.20975823,18.77698128
Vertedero,1,2084,-5.49,36.121667,148.512443,19.03130592
Vertedero,1,2085,-5.49,36.121667,101.2722626,20.22890133
Vertedero,1,2086,-5.49,36.121667,53.94588452,17.12484623
Vertedero,1,2087,-5.49,36.121667,207.2944868,19.11107788
Vertedero,1,2088,-5.49,36.121667,72.07851554,16.06226354
Vertedero,1,2089,-5.49,36.121667,36.1307427,17.58256363
Vertedero,1,2090,-5.49,36.121667,28.04934924,19.8979569
Vertedero,1,2091,-5.49,36.121667,60.75611901,19.47211067
Vertedero,1,2092,-5.49,36.121667,86.28511146,19.61148445
Vertedero,1,2093,-5.49,36.121667,96.90557016,18.14048206
Vertedero,1,2094,-5.49,36.121667,28.82275438,20.05463907
Vertedero,1,2095,-5.49,36.121667,35.05991963,19.3890812
Vertedero,1,2096,-5.49,36.121667,26.24699866,19.91243995
Vertedero,1,2097,-5.49,36.121667,148.4314452,18.84979524
Vertedero,1,2098,-5.49,36.121667,24.01823113,19.62335579
Vertedero,1,2099,-5.49,36.121667,22.8506311,19.75897591
Vertedero,1,2100,-5.49,36.121667,20.98834983,19.64658361
Vertedero,10,2015,-5.49,36.121667,15.44017083,24.73675714
Vertedero,10,2016,-5.49,36.121667,39.60625182,23.28149887
Vertedero,10,2017,-5.49,36.121667,24.19350816,22.29800691
Vertedero,10,2018,-5.49,36.121667,1.283838535,23.03131674
Vertedero,10,2019,-5.49,36.121667,47.76849896,22.63915799
Vertedero,10,2020,-5.49,36.121667,3.262712547,22.62743727
Vertedero,10,2021,-5.49,36.121667,3.855712965,23.13370519
Vertedero,10,2022,-5.49,36.121667,1.654371845,24.45865833
Vertedero,10,2023,-5.49,36.121667,8.689945505,23.34764424
Vertedero,10,2024,-5.49,36.121667,12.78237832,22.73589478
Vertedero,10,2025,-5.49,36.121667,60.91162959,23.69065493
Vertedero,10,2026,-5.49,36.121667,47.55424277,22.43755099
Vertedero,10,2027,-5.49,36.121667,10.0861359,22.81773012
Vertedero,10,2028,-5.49,36.121667,2.346219187,23.52618389
Vertedero,10,2029,-5.49,36.121667,0.400275648,22.99883226
Vertedero,10,2030,-5.49,36.121667,26.81341938,23.68567564
Vertedero,10,2031,-5.49,36.121667,36.98210951,23.65132564
Vertedero,10,2032,-5.49,36.121667,52.16735795,21.68052604
Vertedero,10,2033,-5.49,36.121667,66.66760794,24.15465895
Vertedero,10,2034,-5.49,36.121667,34.19528525,23.52340679
Vertedero,10,2035,-5.49,36.121667,1.551109506,24.20463592
Vertedero,10,2036,-5.49,36.121667,6.180247801,23.98032483
Vertedero,10,2037,-5.49,36.121667,42.14328421,22.95244653
Vertedero,10,2038,-5.49,36.121667,12.05590923,22.68854134
Vertedero,10,2039,-5.49,36.121667,3.721463061,23.59591261
Vertedero,10,2040,-5.49,36.121667,46.62949089,23.82654576
Vertedero,10,2041,-5.49,36.121667,24.15664466,24.44236588
Vertedero,10,2042,-5.49,36.121667,11.54953194,23.37972215
Vertedero,10,2043,-5.49,36.121667,5.445372929,23.93096806
Vertedero,10,2044,-5.49,36.121667,13.00074935,23.21158605
Vertedero,10,2045,-5.49,36.121667,0.354032738,23.80134415
Vertedero,10,2046,-5.49,36.121667,0.865952222,24.17721735
Vertedero,10,2047,-5.49,36.121667,63.46297205,23.83977267
Vertedero,10,2048,-5.49,36.121667,2.417645891,24.397634
Vertedero,10,2049,-5.49,36.121667,13.00550857,23.40262412
Vertedero,10,2050,-5.49,36.121667,11.7215933,23.24053246
Vertedero,10,2051,-5.49,36.121667,0.159819858,23.11693726
Vertedero,10,2052,-5.49,36.121667,0.623514735,24.2684275
Vertedero,10,2053,-5.49,36.121667,30.9139603,23.72995861
Vertedero,10,2054,-5.49,36.121667,2.846640259,24.23165874
Vertedero,10,2055,-5.49,36.121667,14.44799446,23.71048249
Vertedero,10,2056,-5.49,36.121667,14.06279283,24.3149668
Vertedero,10,2057,-5.49,36.121667,24.67495501,22.53393929
Vertedero,10,2058,-5.49,36.121667,132.1601318,24.29683346
Vertedero,10,2059,-5.49,36.121667,20.41504583,23.98485915
Vertedero,10,2060,-5.49,36.121667,32.99140022,24.41711209
Vertedero,10,2061,-5.49,36.121667,50.84356633,25.07287381
Vertedero,10,2062,-5.49,36.121667,36.26898022,23.00886861
Vertedero,10,2063,-5.49,36.121667,9.606213023,24.76989628
Vertedero,10,2064,-5.49,36.121667,7.568121463,23.08296528
Vertedero,10,2065,-5.49,36.121667,2.469943932,24.95663531
Vertedero,10,2066,-5.49,36.121667,1.362234777,24.79218789
Vertedero,10,2067,-5.49,36.121667,31.98499039,24.44127414
Vertedero,10,2068,-5.49,36.121667,7.253758586,23.91873838
Vertedero,10,2069,-5.49,36.121667,6.485241163,24.53386939
Vertedero,10,2070,-5.49,36.121667,2.03855846,23.63633167
Vertedero,10,2071,-5.49,36.121667,44.7411473,25.07937012
Vertedero,10,2072,-5.49,36.121667,4.781855898,25.33459158
Vertedero,10,2073,-5.49,36.121667,21.23640281,25.33815032
Vertedero,10,2074,-5.49,36.121667,4.149763638,25.86099617
Vertedero,10,2075,-5.49,36.121667,4.728241716,26.3238169
Vertedero,10,2076,-5.49,36.121667,12.94459038,25.09338556
Vertedero,10,2077,-5.49,36.121667,20.41190594,25.65807692
Vertedero,10,2078,-5.49,36.121667,9.465465951,23.69526997
Vertedero,10,2079,-5.49,36.121667,3.0151654,25.24161731
Vertedero,10,2080,-5.49,36.121667,31.95461827,25.2937689
Vertedero,10,2081,-5.49,36.121667,17.82105506,24.71261675
Vertedero,10,2082,-5.49,36.121667,1.564521947,25.26969152
Vertedero,10,2083,-5.49,36.121667,4.547198044,26.17793205
Vertedero,10,2084,-5.49,36.121667,61.80934023,25.72850755
Vertedero,10,2085,-5.49,36.121667,30.84294524,26.48804774
Vertedero,10,2086,-5.49,36.121667,34.53930424,24.74512388
Vertedero,10,2087,-5.49,36.121667,22.21255831,25.68517358
Vertedero,10,2088,-5.49,36.121667,0.225245914,26.29870487
Vertedero,10,2089,-5.49,36.121667,52.94904682,25.23329291
Vertedero,10,2090,-5.49,36.121667,11.92756585,26.36545272
Vertedero,10,2091,-5.49,36.121667,43.59516211,24.51658365
Vertedero,10,2092,-5.49,36.121667,3.438575351,26.76110328
Vertedero,10,2093,-5.49,36.121667,37.55323403,25.77708071
Vertedero,10,2094,-5.49,36.121667,1.060055764,25.94539598
Vertedero,10,2095,-5.49,36.121667,0.219057862,26.20524233
Vertedero,10,2096,-5.49,36.121667,58.24650714,23.32815138
Vertedero,10,2097,-5.49,36.121667,25.52768397,26.97244538
Vertedero,10,2098,-5.49,36.121667,6.659079808,27.29386045
Vertedero,10,2099,-5.49,36.121667,0.264410344,26.73434429
Vertedero,10,2100,-5.49,36.121667,15.73520608,27.47098251
Vertedero,11,2015,-5.49,36.121667,158.3537176,18.5456248
Vertedero,11,2016,-5.49,36.121667,12.37754696,18.90393778
Vertedero,11,2017,-5.49,36.121667,85.09187484,17.9969696
Vertedero,11,2018,-5.49,36.121667,18.85328121,18.90381063
Vertedero,11,2019,-5.49,36.121667,37.33298467,18.96019694
Vertedero,11,2020,-5.49,36.121667,28.1040676,20.29174398
Vertedero,11,2021,-5.49,36.121667,48.21627779,19.56145732
Vertedero,11,2022,-5.49,36.121667,16.50105938,19.69517314
Vertedero,11,2023,-5.49,36.121667,10.23776189,20.45146281
Vertedero,11,2024,-5.49,36.121667,199.1460553,18.26135763
Vertedero,11,2025,-5.49,36.121667,46.90996785,16.74965108
Vertedero,11,2026,-5.49,36.121667,20.20383457,17.5785085
Vertedero,11,2027,-5.49,36.121667,104.2597178,18.67705892
Vertedero,11,2028,-5.49,36.121667,12.60997055,19.72351278
Vertedero,11,2029,-5.49,36.121667,83.05937518,17.21014303
Vertedero,11,2030,-5.49,36.121667,3.752773166,21.81031189
Vertedero,11,2031,-5.49,36.121667,14.80967565,20.14857686
Vertedero,11,2032,-5.49,36.121667,26.88211488,18.52187297
Vertedero,11,2033,-5.49,36.121667,38.23547752,18.21203613
Vertedero,11,2034,-5.49,36.121667,72.44908664,18.38846537
Vertedero,11,2035,-5.49,36.121667,29.32980695,20.32336222
Vertedero,11,2036,-5.49,36.121667,27.82576472,18.72164612
Vertedero,11,2037,-5.49,36.121667,26.70297413,18.52592977
Vertedero,11,2038,-5.49,36.121667,137.7455976,19.66268412
Vertedero,11,2039,-5.49,36.121667,24.71485357,19.9322286
Vertedero,11,2040,-5.49,36.121667,22.17032241,18.91590068
Vertedero,11,2041,-5.49,36.121667,42.89670585,18.40956523
Vertedero,11,2042,-5.49,36.121667,122.8113034,20.09057109
Vertedero,11,2043,-5.49,36.121667,105.4925793,20.4293986
Vertedero,11,2044,-5.49,36.121667,2.325869569,19.36462301
Vertedero,11,2045,-5.49,36.121667,12.96240664,21.13926799
Vertedero,11,2046,-5.49,36.121667,129.7686045,20.03913167
Vertedero,11,2047,-5.49,36.121667,69.75704362,19.55420024
Vertedero,11,2048,-5.49,36.121667,51.43901946,19.05449524
Vertedero,11,2049,-5.49,36.121667,11.34226776,19.00945333
Vertedero,11,2050,-5.49,36.121667,10.53712206,21.33468933
Vertedero,11,2051,-5.49,36.121667,58.34208986,20.4585083
Vertedero,11,2052,-5.49,36.121667,94.48673264,19.13187764
Vertedero,11,2053,-5.49,36.121667,41.73792589,19.88599548
Vertedero,11,2054,-5.49,36.121667,4.253331973,19.7759196
Vertedero,11,2055,-5.49,36.121667,31.27762225,19.0817159
Vertedero,11,2056,-5.49,36.121667,94.84800255,20.71854146
Vertedero,11,2057,-5.49,36.121667,21.58457477,19.77994181
Vertedero,11,2058,-5.49,36.121667,45.00403668,19.79146118
Vertedero,11,2059,-5.49,36.121667,1.989103142,21.31943563
Vertedero,11,2060,-5.49,36.121667,40.31831592,20.2830658
Vertedero,11,2061,-5.49,36.121667,2.522902342,20.42716777
Vertedero,11,2062,-5.49,36.121667,20.41403758,20.74321086
Vertedero,11,2063,-5.49,36.121667,62.12344261,20.00691732
Vertedero,11,2064,-5.49,36.121667,8.172869551,19.27209269
Vertedero,11,2065,-5.49,36.121667,40.74547008,20.10933329
Vertedero,11,2066,-5.49,36.121667,43.44669783,20.48884888
Vertedero,11,2067,-5.49,36.121667,50.69752162,20.54871114
Vertedero,11,2068,-5.49,36.121667,74.75415622,18.31413371
Vertedero,11,2069,-5.49,36.121667,23.98015708,21.25159607
Vertedero,11,2070,-5.49,36.121667,19.21406186,19.63034261
Vertedero,11,2071,-5.49,36.121667,8.787354154,19.78879598
Vertedero,11,2072,-5.49,36.121667,4.597824656,22.05874939
Vertedero,11,2073,-5.49,36.121667,38.21999625,19.86962179
Vertedero,11,2074,-5.49,36.121667,0.932073556,20.86051331
Vertedero,11,2075,-5.49,36.121667,43.29305018,22.36276957
Vertedero,11,2076,-5.49,36.121667,5.444799695,23.05293172
Vertedero,11,2077,-5.49,36.121667,32.57100081,21.26559855
Vertedero,11,2078,-5.49,36.121667,1.280215938,20.29216207
Vertedero,11,2079,-5.49,36.121667,4.449051697,22.54946696
Vertedero,11,2080,-5.49,36.121667,10.53884549,22.90463765
Vertedero,11,2081,-5.49,36.121667,10.34117451,21.89438375
Vertedero,11,2082,-5.49,36.121667,36.00781218,21.75509644
Vertedero,11,2083,-5.49,36.121667,32.32803563,20.67359823
Vertedero,11,2084,-5.49,36.121667,34.15926598,21.1958547
Vertedero,11,2085,-5.49,36.121667,29.81328469,21.59155884
Vertedero,11,2086,-5.49,36.121667,36.19785612,22.25036011
Vertedero,11,2087,-5.49,36.121667,4.53118114,21.62540283
Vertedero,11,2088,-5.49,36.121667,29.95682357,20.75360921
Vertedero,11,2089,-5.49,36.121667,47.3845258,20.49185689
Vertedero,11,2090,-5.49,36.121667,2.569159652,22.29539897
Vertedero,11,2091,-5.49,36.121667,1.106452241,21.07278951
Vertedero,11,2092,-5.49,36.121667,22.28852086,22.01242574
Vertedero,11,2093,-5.49,36.121667,6.86834029,22.63039958
Vertedero,11,2094,-5.49,36.121667,3.655000312,23.24848429
Vertedero,11,2095,-5.49,36.121667,0.894522757,22.51877441
Vertedero,11,2096,-5.49,36.121667,52.52827045,21.98928731
Vertedero,11,2097,-5.49,36.121667,8.507751063,23.47358195
Vertedero,11,2098,-5.49,36.121667,39.2114115,22.08353475
Vertedero,11,2099,-5.49,36.121667,4.696499301,22.462087
Vertedero,11,2100,-5.49,36.121667,17.13491278,22.4661204
Vertedero,12,2015,-5.49,36.121667,95.84952936,16.42761211
Vertedero,12,2016,-5.49,36.121667,60.22675595,16.58194478
Vertedero,12,2017,-5.49,36.121667,74.07859199,17.01546532
Vertedero,12,2018,-5.49,36.121667,64.59155555,15.93820269
Vertedero,12,2019,-5.49,36.121667,16.40315982,15.22247295
Vertedero,12,2020,-5.49,36.121667,73.81833773,17.06790287
Vertedero,12,2021,-5.49,36.121667,78.25046174,16.20009864
Vertedero,12,2022,-5.49,36.121667,19.57557212,17.37659065
Vertedero,12,2023,-5.49,36.121667,220.2703104,16.42047789
Vertedero,12,2024,-5.49,36.121667,225.6845375,17.54208069
Vertedero,12,2025,-5.49,36.121667,53.88734339,15.70003071
Vertedero,12,2026,-5.49,36.121667,95.83356394,16.5244877
Vertedero,12,2027,-5.49,36.121667,179.1066743,16.11288137
Vertedero,12,2028,-5.49,36.121667,21.25291569,17.8063385
Vertedero,12,2029,-5.49,36.121667,130.266975,16.69280297
Vertedero,12,2030,-5.49,36.121667,10.76127064,18.26662191
Vertedero,12,2031,-5.49,36.121667,53.64579273,16.76043288
Vertedero,12,2032,-5.49,36.121667,34.62500224,16.06509603
Vertedero,12,2033,-5.49,36.121667,25.74862278,17.98288732
Vertedero,12,2034,-5.49,36.121667,264.3344392,16.37739986
Vertedero,12,2035,-5.49,36.121667,50.41900057,17.43662562
Vertedero,12,2036,-5.49,36.121667,43.45226396,16.86477966
Vertedero,12,2037,-5.49,36.121667,2.731655244,16.98266385
Vertedero,12,2038,-5.49,36.121667,35.62225183,17.95411121
Vertedero,12,2039,-5.49,36.121667,95.10013084,19.53414504
Vertedero,12,2040,-5.49,36.121667,24.23554022,17.77208862
Vertedero,12,2041,-5.49,36.121667,29.88574548,16.93306294
Vertedero,12,2042,-5.49,36.121667,79.86634483,18.82302738
Vertedero,12,2043,-5.49,36.121667,158.1885501,18.05872547
Vertedero,12,2044,-5.49,36.121667,42.54439261,18.69968465
Vertedero,12,2045,-5.49,36.121667,41.84049637,17.52773438
Vertedero,12,2046,-5.49,36.121667,61.51811416,17.15353275
Vertedero,12,2047,-5.49,36.121667,55.69699566,19.98124035
Vertedero,12,2048,-5.49,36.121667,107.6138702,18.78388672
Vertedero,12,2049,-5.49,36.121667,43.17347541,17.71544209
Vertedero,12,2050,-5.49,36.121667,65.74846199,17.59974976
Vertedero,12,2051,-5.49,36.121667,72.68877028,17.38865691
Vertedero,12,2052,-5.49,36.121667,68.75250986,15.23215535
Vertedero,12,2053,-5.49,36.121667,125.8236099,17.38928301
Vertedero,12,2054,-5.49,36.121667,15.38641144,17.52092403
Vertedero,12,2055,-5.49,36.121667,112.6868305,15.74718825
Vertedero,12,2056,-5.49,36.121667,4.938726593,17.11012777
Vertedero,12,2057,-5.49,36.121667,274.8599881,17.98993097
Vertedero,12,2058,-5.49,36.121667,6.545461839,18.5165236
Vertedero,12,2059,-5.49,36.121667,185.9493095,17.13017696
Vertedero,12,2060,-5.49,36.121667,7.207431695,17.87895908
Vertedero,12,2061,-5.49,36.121667,3.746891486,18.18228819
Vertedero,12,2062,-5.49,36.121667,19.78543525,17.61289909
Vertedero,12,2063,-5.49,36.121667,17.48105462,18.1254241
Vertedero,12,2064,-5.49,36.121667,37.97137633,18.13805339
Vertedero,12,2065,-5.49,36.121667,11.18422795,18.76885278
Vertedero,12,2066,-5.49,36.121667,145.4055341,17.94351078
Vertedero,12,2067,-5.49,36.121667,70.06515107,18.74447612
Vertedero,12,2068,-5.49,36.121667,38.50067804,18.37334798
Vertedero,12,2069,-5.49,36.121667,71.54921366,18.71142362
Vertedero,12,2070,-5.49,36.121667,40.12132756,17.96351624
Vertedero,12,2071,-5.49,36.121667,82.87583488,17.13550376
Vertedero,12,2072,-5.49,36.121667,81.41066108,16.81687317
Vertedero,12,2073,-5.49,36.121667,19.85052607,17.77664952
Vertedero,12,2074,-5.49,36.121667,69.18338486,17.9635185
Vertedero,12,2075,-5.49,36.121667,42.41708874,17.44905415
Vertedero,12,2076,-5.49,36.121667,15.88093771,19.21391296
Vertedero,12,2077,-5.49,36.121667,123.8745181,19.95691194
Vertedero,12,2078,-5.49,36.121667,27.97958706,19.66691225
Vertedero,12,2079,-5.49,36.121667,53.94873665,20.76598019
Vertedero,12,2080,-5.49,36.121667,15.68768603,18.12633141
Vertedero,12,2081,-5.49,36.121667,81.21910377,21.080959
Vertedero,12,2082,-5.49,36.121667,18.51544395,19.62594191
Vertedero,12,2083,-5.49,36.121667,18.86968352,20.07063717
Vertedero,12,2084,-5.49,36.121667,92.75533963,20.46248067
Vertedero,12,2085,-5.49,36.121667,19.89737412,20.06431412
Vertedero,12,2086,-5.49,36.121667,139.1566522,18.50326223
Vertedero,12,2087,-5.49,36.121667,86.20728455,18.69331488
Vertedero,12,2088,-5.49,36.121667,77.52564548,19.52450358
Vertedero,12,2089,-5.49,36.121667,21.83974574,19.73219034
Vertedero,12,2090,-5.49,36.121667,9.243940148,21.10591431
Vertedero,12,2091,-5.49,36.121667,21.03497825,17.23090663
Vertedero,12,2092,-5.49,36.121667,128.7082065,19.80504557
Vertedero,12,2093,-5.49,36.121667,96.10037017,19.78619562
Vertedero,12,2094,-5.49,36.121667,28.08338559,19.97979224
Vertedero,12,2095,-5.49,36.121667,33.04868248,20.4342482
Vertedero,12,2096,-5.49,36.121667,72.83384204,20.43526103
Vertedero,12,2097,-5.49,36.121667,24.87392049,20.77764085
Vertedero,12,2098,-5.49,36.121667,2.374488469,20.40965694
Vertedero,12,2099,-5.49,36.121667,156.3346937,19.96675435
Vertedero,12,2100,-5.49,36.121667,11.53746834,19.43691203
Vertedero,2,2015,-5.49,36.121667,63.52952165,17.71156682
Vertedero,2,2016,-5.49,36.121667,8.770264028,16.67614557
Vertedero,2,2017,-5.49,36.121667,9.906995906,17.11281302
Vertedero,2,2018,-5.49,36.121667,4.601353831,16.36275635
Vertedero,2,2019,-5.49,36.121667,102.1852246,17.78094635
Vertedero,2,2020,-5.49,36.121667,110.1114468,18.74446601
Vertedero,2,2021,-5.49,36.121667,19.16019315,16.01241019
Vertedero,2,2022,-5.49,36.121667,17.29570766,16.05948465
Vertedero,2,2023,-5.49,36.121667,16.12397491,17.94716579
Vertedero,2,2024,-5.49,36.121667,25.26339114,16.89137763
Vertedero,2,2025,-5.49,36.121667,159.934054,16.70812814
Vertedero,2,2026,-5.49,36.121667,11.23149329,16.57631727
Vertedero,2,2027,-5.49,36.121667,15.25601011,16.76289193
Vertedero,2,2028,-5.49,36.121667,50.98503125,16.61374449
Vertedero,2,2029,-5.49,36.121667,49.30178237,17.02803955
Vertedero,2,2030,-5.49,36.121667,55.18079199,16.07852107
Vertedero,2,2031,-5.49,36.121667,39.35937184,18.25633283
Vertedero,2,2032,-5.49,36.121667,17.20843415,18.77562235
Vertedero,2,2033,-5.49,36.121667,2.949966497,19.4430797
Vertedero,2,2034,-5.49,36.121667,6.518328869,19.07519684
Vertedero,2,2035,-5.49,36.121667,192.4375327,17.45913304
Vertedero,2,2036,-5.49,36.121667,76.82317808,18.43792325
Vertedero,2,2037,-5.49,36.121667,3.954713466,17.38316171
Vertedero,2,2038,-5.49,36.121667,139.1856777,14.19375654
Vertedero,2,2039,-5.49,36.121667,85.59846956,16.53040139
Vertedero,2,2040,-5.49,36.121667,22.74741584,16.59951382
Vertedero,2,2041,-5.49,36.121667,78.8584598,16.4836877
Vertedero,2,2042,-5.49,36.121667,31.51616951,18.60442505
Vertedero,2,2043,-5.49,36.121667,135.2918281,16.75369197
Vertedero,2,2044,-5.49,36.121667,11.23114242,17.02840366
Vertedero,2,2045,-5.49,36.121667,40.0269974,15.2336441
Vertedero,2,2046,-5.49,36.121667,25.34924249,18.89820905
Vertedero,2,2047,-5.49,36.121667,24.91817631,16.7164529
Vertedero,2,2048,-5.49,36.121667,75.42047068,16.36353086
Vertedero,2,2049,-5.49,36.121667,121.9728631,15.66353433
Vertedero,2,2050,-5.49,36.121667,4.307467867,17.26118404
Vertedero,2,2051,-5.49,36.121667,4.582855025,18.529342
Vertedero,2,2052,-5.49,36.121667,20.94215593,18.15095488
Vertedero,2,2053,-5.49,36.121667,4.085546612,17.05096588
Vertedero,2,2054,-5.49,36.121667,5.421081688,17.31779742
Vertedero,2,2055,-5.49,36.121667,27.74543845,17.12939497
Vertedero,2,2056,-5.49,36.121667,1.234611707,17.10669808
Vertedero,2,2057,-5.49,36.121667,33.91091411,17.33514666
Vertedero,2,2058,-5.49,36.121667,30.75595053,16.37104841
Vertedero,2,2059,-5.49,36.121667,20.97553504,19.17762146
Vertedero,2,2060,-5.49,36.121667,51.00472443,17.20630956
Vertedero,2,2061,-5.49,36.121667,20.62523094,19.04899968
Vertedero,2,2062,-5.49,36.121667,3.160898805,17.04032615
Vertedero,2,2063,-5.49,36.121667,14.63204233,18.26242763
Vertedero,2,2064,-5.49,36.121667,60.19812423,18.40012565
Vertedero,2,2065,-5.49,36.121667,4.362964254,18.13184182
Vertedero,2,2066,-5.49,36.121667,40.62130494,19.11300049
Vertedero,2,2067,-5.49,36.121667,0.897553442,18.19641266
Vertedero,2,2068,-5.49,36.121667,1.140532536,19.39933956
Vertedero,2,2069,-5.49,36.121667,48.70198808,16.89492514
Vertedero,2,2070,-5.49,36.121667,348.5830769,18.13296552
Vertedero,2,2071,-5.49,36.121667,7.254273752,17.65318015
Vertedero,2,2072,-5.49,36.121667,7.397802867,20.03806826
Vertedero,2,2073,-5.49,36.121667,95.45942441,18.83802948
Vertedero,2,2074,-5.49,36.121667,93.74844594,16.90957467
Vertedero,2,2075,-5.49,36.121667,4.467998422,17.53445042
Vertedero,2,2076,-5.49,36.121667,19.93019795,18.44994612
Vertedero,2,2077,-5.49,36.121667,3.917368963,19.92679531
Vertedero,2,2078,-5.49,36.121667,64.06597665,18.3518801
Vertedero,2,2079,-5.49,36.121667,5.331472391,19.40429513
Vertedero,2,2080,-5.49,36.121667,160.4752698,19.89014535
Vertedero,2,2081,-5.49,36.121667,27.33690582,19.37609035
Vertedero,2,2082,-5.49,36.121667,14.69496246,20.2896722
Vertedero,2,2083,-5.49,36.121667,127.6186744,18.98400269
Vertedero,2,2084,-5.49,36.121667,15.76542942,18.55579581
Vertedero,2,2085,-5.49,36.121667,10.69503704,17.58584856
Vertedero,2,2086,-5.49,36.121667,81.25000269,17.92890211
Vertedero,2,2087,-5.49,36.121667,200.5284278,18.03568529
Vertedero,2,2088,-5.49,36.121667,46.35567242,20.44682807
Vertedero,2,2089,-5.49,36.121667,6.314797075,19.77801666
Vertedero,2,2090,-5.49,36.121667,452.8039452,18.94558541
Vertedero,2,2091,-5.49,36.121667,2.262317816,19.3094247
Vertedero,2,2092,-5.49,36.121667,29.08962806,18.21078302
Vertedero,2,2093,-5.49,36.121667,9.35689699,19.35261797
Vertedero,2,2094,-5.49,36.121667,48.12986672,21.61082829
Vertedero,2,2095,-5.49,36.121667,48.72202204,17.25948486
Vertedero,2,2096,-5.49,36.121667,69.11693216,19.33313956
Vertedero,2,2097,-5.49,36.121667,87.90147126,20.73708932
Vertedero,2,2098,-5.49,36.121667,20.898212,18.87474867
Vertedero,2,2099,-5.49,36.121667,37.09090311,19.23767351
Vertedero,2,2100,-5.49,36.121667,54.11412118,20.76709137
Vertedero,3,2015,-5.49,36.121667,62.55906124,18.06195049
Vertedero,3,2016,-5.49,36.121667,17.3589881,19.58886798
Vertedero,3,2017,-5.49,36.121667,40.68994623,17.92695253
Vertedero,3,2018,-5.49,36.121667,6.842129152,18.61981871
Vertedero,3,2019,-5.49,36.121667,27.4633525,18.23858328
Vertedero,3,2020,-5.49,36.121667,54.1048419,17.76059334
Vertedero,3,2021,-5.49,36.121667,29.38993909,18.58860907
Vertedero,3,2022,-5.49,36.121667,0.565580365,19.50533349
Vertedero,3,2023,-5.49,36.121667,29.80654672,19.09259604
Vertedero,3,2024,-5.49,36.121667,12.72274266,17.06789945
Vertedero,3,2025,-5.49,36.121667,121.3745872,17.84254091
Vertedero,3,2026,-5.49,36.121667,11.48111448,17.76541906
Vertedero,3,2027,-5.49,36.121667,42.80552957,16.87541524
Vertedero,3,2028,-5.49,36.121667,17.02169953,19.17907892
Vertedero,3,2029,-5.49,36.121667,11.84022254,17.56855508
Vertedero,3,2030,-5.49,36.121667,62.10159195,16.97680841
Vertedero,3,2031,-5.49,36.121667,16.60851066,18.13212123
Vertedero,3,2032,-5.49,36.121667,15.28354995,18.55716612
Vertedero,3,2033,-5.49,36.121667,6.73215735,19.10750536
Vertedero,3,2034,-5.49,36.121667,0.106361664,20.99688012
Vertedero,3,2035,-5.49,36.121667,116.7358329,18.4456539
Vertedero,3,2036,-5.49,36.121667,11.45653166,19.58046678
Vertedero,3,2037,-5.49,36.121667,20.89272724,18.85129847
Vertedero,3,2038,-5.49,36.121667,47.44232073,18.63150497
Vertedero,3,2039,-5.49,36.121667,3.067135264,20.5932123
Vertedero,3,2040,-5.49,36.121667,135.0961805,17.74135841
Vertedero,3,2041,-5.49,36.121667,76.69365701,16.04119361
Vertedero,3,2042,-5.49,36.121667,1.470778273,17.93915661
Vertedero,3,2043,-5.49,36.121667,14.31579316,20.32226247
Vertedero,3,2044,-5.49,36.121667,36.6220272,18.97033376
Vertedero,3,2045,-5.49,36.121667,4.420551883,19.33240908
Vertedero,3,2046,-5.49,36.121667,44.63569714,19.60733997
Vertedero,3,2047,-5.49,36.121667,24.82429994,18.86905478
Vertedero,3,2048,-5.49,36.121667,1.264593223,19.09909038
Vertedero,3,2049,-5.49,36.121667,55.88138003,19.1585081
Vertedero,3,2050,-5.49,36.121667,9.362609782,19.08564296
Vertedero,3,2051,-5.49,36.121667,14.82211683,19.57908266
Vertedero,3,2052,-5.49,36.121667,26.84992308,18.70418307
Vertedero,3,2053,-5.49,36.121667,31.02429837,17.62664874
Vertedero,3,2054,-5.49,36.121667,4.319968496,18.91960272
Vertedero,3,2055,-5.49,36.121667,40.4061292,17.87013668
Vertedero,3,2056,-5.49,36.121667,9.356926945,18.27796572
Vertedero,3,2057,-5.49,36.121667,36.61384057,17.81075439
Vertedero,3,2058,-5.49,36.121667,45.79024546,20.61736056
Vertedero,3,2059,-5.49,36.121667,7.984629389,19.99129639
Vertedero,3,2060,-5.49,36.121667,31.21832898,18.19624457
Vertedero,3,2061,-5.49,36.121667,9.715819749,19.28103421
Vertedero,3,2062,-5.49,36.121667,73.7203914,17.89624988
Vertedero,3,2063,-5.49,36.121667,31.536227,17.55720845
Vertedero,3,2064,-5.49,36.121667,72.37834433,19.08711961
Vertedero,3,2065,-5.49,36.121667,7.432193751,21.01465218
Vertedero,3,2066,-5.49,36.121667,13.62434744,20.00686823
Vertedero,3,2067,-5.49,36.121667,57.32946055,17.62534042
Vertedero,3,2068,-5.49,36.121667,34.37081101,19.34905199
Vertedero,3,2069,-5.49,36.121667,3.674875347,20.05368515
Vertedero,3,2070,-5.49,36.121667,21.01401028,19.8815601
Vertedero,3,2071,-5.49,36.121667,9.725640417,20.23069497
Vertedero,3,2072,-5.49,36.121667,48.96383384,19.51004698
Vertedero,3,2073,-5.49,36.121667,78.92367458,18.49962769
Vertedero,3,2074,-5.49,36.121667,44.52291089,19.49922505
Vertedero,3,2075,-5.49,36.121667,20.17536577,19.86970648
Vertedero,3,2076,-5.49,36.121667,5.341650278,19.95452271
Vertedero,3,2077,-5.49,36.121667,13.35178622,20.79397957
Vertedero,3,2078,-5.49,36.121667,37.66544962,18.64774623
Vertedero,3,2079,-5.49,36.121667,17.25287738,20.03804833
Vertedero,3,2080,-5.49,36.121667,120.1631774,18.62273658
Vertedero,3,2081,-5.49,36.121667,3.305055651,20.3579769
Vertedero,3,2082,-5.49,36.121667,14.02696201,19.65885463
Vertedero,3,2083,-5.49,36.121667,8.889544878,19.89779348
Vertedero,3,2084,-5.49,36.121667,29.4043057,20.46288649
Vertedero,3,2085,-5.49,36.121667,19.01304906,20.42425124
Vertedero,3,2086,-5.49,36.121667,0.155422724,20.23009053
Vertedero,3,2087,-5.49,36.121667,61.29813728,20.4131832
Vertedero,3,2088,-5.49,36.121667,30.80273414,19.64307507
Vertedero,3,2089,-5.49,36.121667,2.419793492,22.36641157
Vertedero,3,2090,-5.49,36.121667,210.681203,19.48000981
Vertedero,3,2091,-5.49,36.121667,25.84565362,19.73611135
Vertedero,3,2092,-5.49,36.121667,1.794747682,20.68583709
Vertedero,3,2093,-5.49,36.121667,55.04690352,19.7374433
Vertedero,3,2094,-5.49,36.121667,54.40053202,20.37062988
Vertedero,3,2095,-5.49,36.121667,4.129455998,21.60662231
Vertedero,3,2096,-5.49,36.121667,28.41506904,21.44955818
Vertedero,3,2097,-5.49,36.121667,84.598162,19.58568726
Vertedero,3,2098,-5.49,36.121667,22.88915164,20.71508671
Vertedero,3,2099,-5.49,36.121667,5.704978852,21.5345014
Vertedero,3,2100,-5.49,36.121667,67.15632233,20.63284085
Vertedero,4,2015,-5.49,36.121667,0.997038308,21.19927368
Vertedero,4,2016,-5.49,36.121667,4.592365165,21.50236715
Vertedero,4,2017,-5.49,36.121667,14.42340417,20.85470785
Vertedero,4,2018,-5.49,36.121667,76.72006134,18.47510885
Vertedero,4,2019,-5.49,36.121667,78.2422982,18.63050435
Vertedero,4,2020,-5.49,36.121667,15.8084454,20.98630778
Vertedero,4,2021,-5.49,36.121667,2.50299998,20.63097127
Vertedero,4,2022,-5.49,36.121667,11.8539232,21.30489807
Vertedero,4,2023,-5.49,36.121667,18.65401309,20.31505025
Vertedero,4,2024,-5.49,36.121667,28.71488675,18.8462026
Vertedero,4,2025,-5.49,36.121667,26.89367719,19.85318502
Vertedero,4,2026,-5.49,36.121667,19.50209712,18.68402608
Vertedero,4,2027,-5.49,36.121667,80.77827479,18.80517782
Vertedero,4,2028,-5.49,36.121667,50.34241849,18.73544108
Vertedero,4,2029,-5.49,36.121667,24.68067339,18.38355204
Vertedero,4,2030,-5.49,36.121667,28.16847346,18.68781942
Vertedero,4,2031,-5.49,36.121667,4.285913804,20.19021505
Vertedero,4,2032,-5.49,36.121667,4.270520893,22.40272319
Vertedero,4,2033,-5.49,36.121667,35.34304594,19.67840678
Vertedero,4,2034,-5.49,36.121667,1.563868199,21.87475484
Vertedero,4,2035,-5.49,36.121667,6.888591211,19.85087382
Vertedero,4,2036,-5.49,36.121667,32.5651894,20.75412699
Vertedero,4,2037,-5.49,36.121667,13.03375037,21.11741333
Vertedero,4,2038,-5.49,36.121667,30.36374783,19.24254354
Vertedero,4,2039,-5.49,36.121667,119.3179357,19.4769989
Vertedero,4,2040,-5.49,36.121667,64.04376325,19.55901286
Vertedero,4,2041,-5.49,36.121667,12.50825958,20.01427816
Vertedero,4,2042,-5.49,36.121667,22.96039502,20.33559774
Vertedero,4,2043,-5.49,36.121667,14.20379645,20.17093709
Vertedero,4,2044,-5.49,36.121667,43.33515629,19.50230713
Vertedero,4,2045,-5.49,36.121667,71.08928181,20.81444906
Vertedero,4,2046,-5.49,36.121667,2.679115455,21.68072103
Vertedero,4,2047,-5.49,36.121667,58.73267629,20.81400859
Vertedero,4,2048,-5.49,36.121667,10.89985783,21.7132487
Vertedero,4,2049,-5.49,36.121667,14.12283755,19.3112325
Vertedero,4,2050,-5.49,36.121667,27.58999062,19.07072449
Vertedero,4,2051,-5.49,36.121667,0.614525646,21.77561849
Vertedero,4,2052,-5.49,36.121667,25.95047711,20.97858582
Vertedero,4,2053,-5.49,36.121667,27.44520144,21.45169678
Vertedero,4,2054,-5.49,36.121667,69.91889746,20.37625732
Vertedero,4,2055,-5.49,36.121667,60.90023316,19.86444499
Vertedero,4,2056,-5.49,36.121667,14.3851001,20.74487
Vertedero,4,2057,-5.49,36.121667,44.6964654,19.85389709
Vertedero,4,2058,-5.49,36.121667,12.58563013,20.58935649
Vertedero,4,2059,-5.49,36.121667,12.64808018,22.09418437
Vertedero,4,2060,-5.49,36.121667,16.38880635,20.73282878
Vertedero,4,2061,-5.49,36.121667,10.8447243,21.60102641
Vertedero,4,2062,-5.49,36.121667,23.04893039,22.17536926
Vertedero,4,2063,-5.49,36.121667,3.722450756,21.59517619
Vertedero,4,2064,-5.49,36.121667,24.78803942,22.38102722
Vertedero,4,2065,-5.49,36.121667,77.79760329,20.45720113
Vertedero,4,2066,-5.49,36.121667,13.20826901,19.94982605
Vertedero,4,2067,-5.49,36.121667,52.59727462,20.85931295
Vertedero,4,2068,-5.49,36.121667,4.746713554,21.52257385
Vertedero,4,2069,-5.49,36.121667,12.54622851,20.56937968
Vertedero,4,2070,-5.49,36.121667,20.02208523,21.73228658
Vertedero,4,2071,-5.49,36.121667,24.36757554,22.49993388
Vertedero,4,2072,-5.49,36.121667,29.48405887,22.87867025
Vertedero,4,2073,-5.49,36.121667,26.61282233,21.11741842
Vertedero,4,2074,-5.49,36.121667,17.43415928,21.80118306
Vertedero,4,2075,-5.49,36.121667,8.568072119,23.42304688
Vertedero,4,2076,-5.49,36.121667,6.430383639,21.01566569
Vertedero,4,2077,-5.49,36.121667,6.140798482,22.79282227
Vertedero,4,2078,-5.49,36.121667,79.45921198,21.44376628
Vertedero,4,2079,-5.49,36.121667,12.15784731,22.95261536
Vertedero,4,2080,-5.49,36.121667,22.84302137,21.01720886
Vertedero,4,2081,-5.49,36.121667,4.23595431,23.29123637
Vertedero,4,2082,-5.49,36.121667,6.737805281,22.49538879
Vertedero,4,2083,-5.49,36.121667,0.507813529,22.80450236
Vertedero,4,2084,-5.49,36.121667,5.307546348,21.63680115
Vertedero,4,2085,-5.49,36.121667,7.757179576,24.19002991
Vertedero,4,2086,-5.49,36.121667,4.87832179,21.76708883
Vertedero,4,2087,-5.49,36.121667,3.876864952,23.66367188
Vertedero,4,2088,-5.49,36.121667,28.28408037,21.9433075
Vertedero,4,2089,-5.49,36.121667,10.98533573,23.93778788
Vertedero,4,2090,-5.49,36.121667,33.49129108,22.22095947
Vertedero,4,2091,-5.49,36.121667,3.974597928,20.6413147
Vertedero,4,2092,-5.49,36.121667,6.605699057,23.69542033
Vertedero,4,2093,-5.49,36.121667,37.43614697,21.05088501
Vertedero,4,2094,-5.49,36.121667,11.28495427,23.65165507
Vertedero,4,2095,-5.49,36.121667,23.98445973,21.09836019
Vertedero,4,2096,-5.49,36.121667,6.396596706,24.74557495
Vertedero,4,2097,-5.49,36.121667,13.21835477,23.23469747
Vertedero,4,2098,-5.49,36.121667,0.677833277,22.94727376
Vertedero,4,2099,-5.49,36.121667,12.59762597,22.88814087
Vertedero,4,2100,-5.49,36.121667,3.905480198,24.34881287
Vertedero,5,2015,-5.49,36.121667,11.88068263,21.98199837
Vertedero,5,2016,-5.49,36.121667,18.22649213,23.00279659
Vertedero,5,2017,-5.49,36.121667,4.837284042,22.75991998
Vertedero,5,2018,-5.49,36.121667,69.86922772,20.82360131
Vertedero,5,2019,-5.49,36.121667,28.03567568,20.4067243
Vertedero,5,2020,-5.49,36.121667,2.393937607,23.11930286
Vertedero,5,2021,-5.49,36.121667,60.71061723,21.05888692
Vertedero,5,2022,-5.49,36.121667,66.41323947,22.18955039
Vertedero,5,2023,-5.49,36.121667,1.586223267,23.25590348
Vertedero,5,2024,-5.49,36.121667,1.245581826,23.23558074
Vertedero,5,2025,-5.49,36.121667,45.08733244,22.79249405
Vertedero,5,2026,-5.49,36.121667,39.80014288,20.70562035
Vertedero,5,2027,-5.49,36.121667,11.47602689,21.7066993
Vertedero,5,2028,-5.49,36.121667,6.872671747,20.99666453
Vertedero,5,2029,-5.49,36.121667,11.85715397,21.9647392
Vertedero,5,2030,-5.49,36.121667,14.86062762,20.7373291
Vertedero,5,2031,-5.49,36.121667,12.23809821,22.31708138
Vertedero,5,2032,-5.49,36.121667,17.90888729,23.64027631
Vertedero,5,2033,-5.49,36.121667,15.21729782,21.82395472
Vertedero,5,2034,-5.49,36.121667,2.889129501,22.95356189
Vertedero,5,2035,-5.49,36.121667,21.10339841,21.97126898
Vertedero,5,2036,-5.49,36.121667,86.4208204,22.28368333
Vertedero,5,2037,-5.49,36.121667,27.25861605,20.97233808
Vertedero,5,2038,-5.49,36.121667,4.026077102,22.63434114
Vertedero,5,2039,-5.49,36.121667,38.73566644,21.6712743
Vertedero,5,2040,-5.49,36.121667,45.97248444,21.91120743
Vertedero,5,2041,-5.49,36.121667,10.28464217,22.01794119
Vertedero,5,2042,-5.49,36.121667,3.736915247,24.41715639
Vertedero,5,2043,-5.49,36.121667,23.5436641,22.36689197
Vertedero,5,2044,-5.49,36.121667,20.12160147,22.15314292
Vertedero,5,2045,-5.49,36.121667,4.613011962,22.25072632
Vertedero,5,2046,-5.49,36.121667,25.03153367,22.71474905
Vertedero,5,2047,-5.49,36.121667,49.6420367,23.78232875
Vertedero,5,2048,-5.49,36.121667,2.22120421,23.70842994
Vertedero,5,2049,-5.49,36.121667,83.1348408,22.31045119
Vertedero,5,2050,-5.49,36.121667,9.91155538,22.8031378
Vertedero,5,2051,-5.49,36.121667,33.74720625,22.57618743
Vertedero,5,2052,-5.49,36.121667,1.553162716,24.86277407
Vertedero,5,2053,-5.49,36.121667,16.10983951,22.72945754
Vertedero,5,2054,-5.49,36.121667,35.56730238,21.7915421
Vertedero,5,2055,-5.49,36.121667,1.955888853,22.82359442
Vertedero,5,2056,-5.49,36.121667,13.21243285,23.11156518
Vertedero,5,2057,-5.49,36.121667,8.473368187,22.75339907
Vertedero,5,2058,-5.49,36.121667,25.6560383,21.77323549
Vertedero,5,2059,-5.49,36.121667,39.99608578,24.5379617
Vertedero,5,2060,-5.49,36.121667,2.442706154,24.49130623
Vertedero,5,2061,-5.49,36.121667,4.669643627,22.67891452
Vertedero,5,2062,-5.49,36.121667,29.34554724,23.05847345
Vertedero,5,2063,-5.49,36.121667,25.64741619,21.5364496
Vertedero,5,2064,-5.49,36.121667,1.578046396,24.66865077
Vertedero,5,2065,-5.49,36.121667,1.24098866,25.46899493
Vertedero,5,2066,-5.49,36.121667,4.210464034,24.15412145
Vertedero,5,2067,-5.49,36.121667,24.31397861,23.12220301
Vertedero,5,2068,-5.49,36.121667,7.9530373,23.04682755
Vertedero,5,2069,-5.49,36.121667,23.35381383,23.96253505
Vertedero,5,2070,-5.49,36.121667,59.41598335,24.12269523
Vertedero,5,2071,-5.49,36.121667,19.33753235,24.27510789
Vertedero,5,2072,-5.49,36.121667,1.630272048,25.57698286
Vertedero,5,2073,-5.49,36.121667,4.93618673,23.00786546
Vertedero,5,2074,-5.49,36.121667,3.927578224,24.46143444
Vertedero,5,2075,-5.49,36.121667,5.499548903,25.19330503
Vertedero,5,2076,-5.49,36.121667,18.14746413,24.40987352
Vertedero,5,2077,-5.49,36.121667,8.491153436,26.02428687
Vertedero,5,2078,-5.49,36.121667,22.41403882,22.87139085
Vertedero,5,2079,-5.49,36.121667,0.605536308,24.52269602
Vertedero,5,2080,-5.49,36.121667,7.481823965,23.75190961
Vertedero,5,2081,-5.49,36.121667,20.69787176,24.85599326
Vertedero,5,2082,-5.49,36.121667,14.75705622,25.13079617
Vertedero,5,2083,-5.49,36.121667,20.73937432,21.78108343
Vertedero,5,2084,-5.49,36.121667,20.21109608,25.39334185
Vertedero,5,2085,-5.49,36.121667,11.61566839,26.60534058
Vertedero,5,2086,-5.49,36.121667,1.314646508,25.19490278
Vertedero,5,2087,-5.49,36.121667,1.988766129,25.42262101
Vertedero,5,2088,-5.49,36.121667,18.53790561,26.73530017
Vertedero,5,2089,-5.49,36.121667,11.95104807,25.79011073
Vertedero,5,2090,-5.49,36.121667,56.11865331,23.22044402
Vertedero,5,2091,-5.49,36.121667,17.86050537,22.42658435
Vertedero,5,2092,-5.49,36.121667,1.235938238,27.58111848
Vertedero,5,2093,-5.49,36.121667,5.768555628,25.76832709
Vertedero,5,2094,-5.49,36.121667,4.162233124,24.57984166
Vertedero,5,2095,-5.49,36.121667,11.3196495,25.49376536
Vertedero,5,2096,-5.49,36.121667,0.000373148,25.51531766
Vertedero,5,2097,-5.49,36.121667,21.53480959,25.17085788
Vertedero,5,2098,-5.49,36.121667,9.197093063,24.0943257
Vertedero,5,2099,-5.49,36.121667,34.94636978,24.95521673
Vertedero,5,2100,-5.49,36.121667,10.37429377,26.50386668
Vertedero,6,2015,-5.49,36.121667,21.08220366,24.28972982
Vertedero,6,2016,-5.49,36.121667,0.022820771,26.41442159
Vertedero,6,2017,-5.49,36.121667,11.10587636,26.39422811
Vertedero,6,2018,-5.49,36.121667,5.416535766,25.12298279
Vertedero,6,2019,-5.49,36.121667,2.270510315,25.89395243
Vertedero,6,2020,-5.49,36.121667,7.126627446,26.29024963
Vertedero,6,2021,-5.49,36.121667,7.748040814,25.57351278
Vertedero,6,2022,-5.49,36.121667,14.42474994,24.86877441
Vertedero,6,2023,-5.49,36.121667,0.016070673,26.28279724
Vertedero,6,2024,-5.49,36.121667,39.98845773,25.76555074
Vertedero,6,2025,-5.49,36.121667,15.55546236,23.96246338
Vertedero,6,2026,-5.49,36.121667,7.093417372,23.00584106
Vertedero,6,2027,-5.49,36.121667,4.210477907,26.18497416
Vertedero,6,2028,-5.49,36.121667,0.626040546,26.22219543
Vertedero,6,2029,-5.49,36.121667,0.037724458,25.39346415
Vertedero,6,2030,-5.49,36.121667,5.642744808,25.59600627
Vertedero,6,2031,-5.49,36.121667,37.32982561,25.32162272
Vertedero,6,2032,-5.49,36.121667,0.263484103,27.01080424
Vertedero,6,2033,-5.49,36.121667,3.431292614,25.32677307
Vertedero,6,2034,-5.49,36.121667,0.110391297,26.17027283
Vertedero,6,2035,-5.49,36.121667,38.78110719,23.9302714
Vertedero,6,2036,-5.49,36.121667,4.355834013,26.76652425
Vertedero,6,2037,-5.49,36.121667,2.876805098,24.98404643
Vertedero,6,2038,-5.49,36.121667,0.502415697,27.26080017
Vertedero,6,2039,-5.49,36.121667,2.823297614,25.79406128
Vertedero,6,2040,-5.49,36.121667,11.78563034,25.19061483
Vertedero,6,2041,-5.49,36.121667,8.241640717,26.58808289
Vertedero,6,2042,-5.49,36.121667,0.292030518,28.37888997
Vertedero,6,2043,-5.49,36.121667,38.9083505,24.99426371
Vertedero,6,2044,-5.49,36.121667,0.308795287,28.44122314
Vertedero,6,2045,-5.49,36.121667,22.45278584,27.45620219
Vertedero,6,2046,-5.49,36.121667,0.761313974,24.85248515
Vertedero,6,2047,-5.49,36.121667,8.885934919,26.13469442
Vertedero,6,2048,-5.49,36.121667,1.122178583,26.49880981
Vertedero,6,2049,-5.49,36.121667,0.571757414,28.69426168
Vertedero,6,2050,-5.49,36.121667,0.043373154,27.08619486
Vertedero,6,2051,-5.49,36.121667,0.631282104,25.2382487
Vertedero,6,2052,-5.49,36.121667,0.003504511,27.68349609
Vertedero,6,2053,-5.49,36.121667,10.27300282,25.44772135
Vertedero,6,2054,-5.49,36.121667,3.836502435,25.45348511
Vertedero,6,2055,-5.49,36.121667,0.239242427,27.32704163
Vertedero,6,2056,-5.49,36.121667,0.338161868,27.78692322
Vertedero,6,2057,-5.49,36.121667,2.468636105,26.08778992
Vertedero,6,2058,-5.49,36.121667,18.56924702,27.15012105
Vertedero,6,2059,-5.49,36.121667,0.391462939,28.55395813
Vertedero,6,2060,-5.49,36.121667,0.245718406,28.64595133
Vertedero,6,2061,-5.49,36.121667,0.25890448,24.82262472
Vertedero,6,2062,-5.49,36.121667,0.137968385,28.20379232
Vertedero,6,2063,-5.49,36.121667,0.001161158,27.58115946
Vertedero,6,2064,-5.49,36.121667,1.211420709,25.26529643
Vertedero,6,2065,-5.49,36.121667,12.3981303,27.6530955
Vertedero,6,2066,-5.49,36.121667,0.936628226,27.89834391
Vertedero,6,2067,-5.49,36.121667,4.874605648,26.10007833
Vertedero,6,2068,-5.49,36.121667,0.907365325,29.02380676
Vertedero,6,2069,-5.49,36.121667,0.385602269,27.4850942
Vertedero,6,2070,-5.49,36.121667,24.1389959,26.49941305
Vertedero,6,2071,-5.49,36.121667,1.057384725,28.17461344
Vertedero,6,2072,-5.49,36.121667,19.90513297,27.92979838
Vertedero,6,2073,-5.49,36.121667,7.361954569,26.96198324
Vertedero,6,2074,-5.49,36.121667,0.205560955,29.23354899
Vertedero,6,2075,-5.49,36.121667,0.246453487,28.7344401
Vertedero,6,2076,-5.49,36.121667,1.400672169,28.20884603
Vertedero,6,2077,-5.49,36.121667,0.510965506,28.09331258
Vertedero,6,2078,-5.49,36.121667,1.653815217,28.29619242
Vertedero,6,2079,-5.49,36.121667,28.11815817,28.43735758
Vertedero,6,2080,-5.49,36.121667,3.540224173,25.21096395
Vertedero,6,2081,-5.49,36.121667,18.53599536,29.09919739
Vertedero,6,2082,-5.49,36.121667,9.681193917,29.49425761
Vertedero,6,2083,-5.49,36.121667,1.003589224,29.74810588
Vertedero,6,2084,-5.49,36.121667,41.16774923,29.33853455
Vertedero,6,2085,-5.49,36.121667,0.515940841,28.71917725
Vertedero,6,2086,-5.49,36.121667,0.168413818,28.28641968
Vertedero,6,2087,-5.49,36.121667,15.79445506,27.66224162
Vertedero,6,2088,-5.49,36.121667,2.183124045,31.44813538
Vertedero,6,2089,-5.49,36.121667,3.399676305,29.52637126
Vertedero,6,2090,-5.49,36.121667,2.60921573,27.05529277
Vertedero,6,2091,-5.49,36.121667,0.189729669,27.69887085
Vertedero,6,2092,-5.49,36.121667,0.013331077,29.42327271
Vertedero,6,2093,-5.49,36.121667,1.263619354,29.42476095
Vertedero,6,2094,-5.49,36.121667,4.858296364,27.66596375
Vertedero,6,2095,-5.49,36.121667,0.213523026,30.63386027
Vertedero,6,2096,-5.49,36.121667,20.24869061,28.81171977
Vertedero,6,2097,-5.49,36.121667,1.74407825,29.16331278
Vertedero,6,2098,-5.49,36.121667,0.504583256,29.40651449
Vertedero,6,2099,-5.49,36.121667,0.490318114,28.98297831
Vertedero,6,2100,-5.49,36.121667,0.217305427,27.58370463
Vertedero,7,2015,-5.49,36.121667,2.58323441034937e-05,28.76046536
Vertedero,7,2016,-5.49,36.121667,8.908325346,29.23536416
Vertedero,7,2017,-5.49,36.121667,0.017598832,30.04603705
Vertedero,7,2018,-5.49,36.121667,0.07650039,28.77544654
Vertedero,7,2019,-5.49,36.121667,0.538977602,29.44798801
Vertedero,7,2020,-5.49,36.121667,0.46334666,30.11969664
Vertedero,7,2021,-5.49,36.121667,6.92488714952824e-07,29.82106835
Vertedero,7,2022,-5.49,36.121667,1.340734636,28.72626599
Vertedero,7,2023,-5.49,36.121667,0.322553404,29.22523331
Vertedero,7,2024,-5.49,36.121667,0.203860273,29.0654039
Vertedero,7,2025,-5.49,36.121667,9.78678038,29.71809909
Vertedero,7,2026,-5.49,36.121667,0.249298938,28.78039433
Vertedero,7,2027,-5.49,36.121667,0.019758294,29.75233587
Vertedero,7,2028,-5.49,36.121667,0.099234095,30.05992451
Vertedero,7,2029,-5.49,36.121667,0.830440562,28.72312268
Vertedero,7,2030,-5.49,36.121667,0.46712605,28.81430822
Vertedero,7,2031,-5.49,36.121667,3.820692533,29.40341954
Vertedero,7,2032,-5.49,36.121667,0.645969486,30.66045926
Vertedero,7,2033,-5.49,36.121667,3.282253309,30.96832059
Vertedero,7,2034,-5.49,36.121667,0.337806434,30.31676242
Vertedero,7,2035,-5.49,36.121667,5.78312397779096e-05,28.75422993
Vertedero,7,2036,-5.49,36.121667,0.537999826,30.80514999
Vertedero,7,2037,-5.49,36.121667,1.429993245,30.52296084
Vertedero,7,2038,-5.49,36.121667,3.298335064,30.96121295
Vertedero,7,2039,-5.49,36.121667,0.001032682,30.38628442
Vertedero,7,2040,-5.49,36.121667,2.819485385,26.82464875
Vertedero,7,2041,-5.49,36.121667,7.677893676,30.4606784
Vertedero,7,2042,-5.49,36.121667,0.027530336,30.85424588
Vertedero,7,2043,-5.49,36.121667,0.192516075,29.82142275
Vertedero,7,2044,-5.49,36.121667,1.95895385190532e-05,29.79162086
Vertedero,7,2045,-5.49,36.121667,0.111371413,30.13322577
Vertedero,7,2046,-5.49,36.121667,0.027084016,30.61339919
Vertedero,7,2047,-5.49,36.121667,6.251244481,30.10617341
Vertedero,7,2048,-5.49,36.121667,0.325808828,31.03200191
Vertedero,7,2049,-5.49,36.121667,0.023303472,30.46861297
Vertedero,7,2050,-5.49,36.121667,0.830482775,30.39562772
Vertedero,7,2051,-5.49,36.121667,8.799156004,28.45388873
Vertedero,7,2052,-5.49,36.121667,0.455792872,29.13463253
Vertedero,7,2053,-5.49,36.121667,1.206465994,30.68056641
Vertedero,7,2054,-5.49,36.121667,0.467584916,29.65700782
Vertedero,7,2055,-5.49,36.121667,4.170868774,30.91835642
Vertedero,7,2056,-5.49,36.121667,0.141141859,29.56378942
Vertedero,7,2057,-5.49,36.121667,0.344027296,31.01622039
Vertedero,7,2058,-5.49,36.121667,0.126450212,29.76803569
Vertedero,7,2059,-5.49,36.121667,0.501313653,31.2966159
Vertedero,7,2060,-5.49,36.121667,0.038313358,31.51707488
Vertedero,7,2061,-5.49,36.121667,5.973297156,30.15341659
Vertedero,7,2062,-5.49,36.121667,0.006978757,30.32245247
Vertedero,7,2063,-5.49,36.121667,7.77576430034975e-06,31.07147591
Vertedero,7,2064,-5.49,36.121667,0.000700966,31.40626752
Vertedero,7,2065,-5.49,36.121667,0.100516738,30.20330692
Vertedero,7,2066,-5.49,36.121667,0.020233636,31.00418366
Vertedero,7,2067,-5.49,36.121667,0.026073142,30.9783402
Vertedero,7,2068,-5.49,36.121667,0.005593952,31.76539149
Vertedero,7,2069,-5.49,36.121667,0.218548668,32.62062496
Vertedero,7,2070,-5.49,36.121667,0.023248624,32.20158022
Vertedero,7,2071,-5.49,36.121667,1.091311699,32.60352232
Vertedero,7,2072,-5.49,36.121667,8.78207612377986e-05,31.91002709
Vertedero,7,2073,-5.49,36.121667,0.143510985,29.78842833
Vertedero,7,2074,-5.49,36.121667,0.00017269,32.8652076
Vertedero,7,2075,-5.49,36.121667,0.000696256,33.8966535
Vertedero,7,2076,-5.49,36.121667,3.56187704718e-05,32.44919099
Vertedero,7,2077,-5.49,36.121667,0.016898904,32.5465775
Vertedero,7,2078,-5.49,36.121667,0.636712997,32.22205751
Vertedero,7,2079,-5.49,36.121667,3.262677692,33.03535885
Vertedero,7,2080,-5.49,36.121667,0.185634516,31.33537322
Vertedero,7,2081,-5.49,36.121667,0.018900493,31.49995157
Vertedero,7,2082,-5.49,36.121667,0.149627857,31.42615612
Vertedero,7,2083,-5.49,36.121667,0.533076773,32.22623941
Vertedero,7,2084,-5.49,36.121667,0.258576333,29.95717183
Vertedero,7,2085,-5.49,36.121667,23.85084871,32.98605622
Vertedero,7,2086,-5.49,36.121667,2.040897693,32.64567005
Vertedero,7,2087,-5.49,36.121667,1.50879964147763e-05,34.67346369
Vertedero,7,2088,-5.49,36.121667,0.035068522,31.08720427
Vertedero,7,2089,-5.49,36.121667,15.017976,33.27886549
Vertedero,7,2090,-5.49,36.121667,5.798178142,32.44047182
Vertedero,7,2091,-5.49,36.121667,3.939033689,31.87420733
Vertedero,7,2092,-5.49,36.121667,0.381683834,33.59209496
Vertedero,7,2093,-5.49,36.121667,0.294795132,32.92470703
Vertedero,7,2094,-5.49,36.121667,0.437716046,32.40349731
Vertedero,7,2095,-5.49,36.121667,0.112805163,33.17487537
Vertedero,7,2096,-5.49,36.121667,0.288982679,33.80503579
Vertedero,7,2097,-5.49,36.121667,0.004408856,33.95381194
Vertedero,7,2098,-5.49,36.121667,6.14017776708736e-07,32.88774926
Vertedero,7,2099,-5.49,36.121667,0.786665191,33.30416949
Vertedero,7,2100,-5.49,36.121667,0.399897737,33.44043441
Vertedero,8,2015,-5.49,36.121667,0.218532875,30.84826345
Vertedero,8,2016,-5.49,36.121667,0.575358965,29.60198561
Vertedero,8,2017,-5.49,36.121667,2.957949514,28.97812953
Vertedero,8,2018,-5.49,36.121667,0.967353978,28.90754139
Vertedero,8,2019,-5.49,36.121667,0.756851718,29.29129304
Vertedero,8,2020,-5.49,36.121667,2.452209422,28.71494692
Vertedero,8,2021,-5.49,36.121667,2.386001535,30.04282975
Vertedero,8,2022,-5.49,36.121667,5.150952905,29.83317792
Vertedero,8,2023,-5.49,36.121667,0.000191064,29.65183952
Vertedero,8,2024,-5.49,36.121667,0.204323426,28.44489096
Vertedero,8,2025,-5.49,36.121667,9.576883894,29.95424312
Vertedero,8,2026,-5.49,36.121667,0.013407792,29.52289685
Vertedero,8,2027,-5.49,36.121667,5.337815224,29.9946927
Vertedero,8,2028,-5.49,36.121667,2.162102907,29.60557783
Vertedero,8,2029,-5.49,36.121667,0.131940619,29.21723574
Vertedero,8,2030,-5.49,36.121667,8.872667479,29.80799895
Vertedero,8,2031,-5.49,36.121667,0.01296743,29.53563351
Vertedero,8,2032,-5.49,36.121667,5.181942645,30.88969648
Vertedero,8,2033,-5.49,36.121667,2.581725235,29.94613136
Vertedero,8,2034,-5.49,36.121667,9.566857826,29.46126807
Vertedero,8,2035,-5.49,36.121667,36.84947143,31.29684429
Vertedero,8,2036,-5.49,36.121667,2.578896285,30.53837812
Vertedero,8,2037,-5.49,36.121667,0.021310936,29.65494345
Vertedero,8,2038,-5.49,36.121667,0.935572002,29.33933066
Vertedero,8,2039,-5.49,36.121667,0.039672572,30.70926081
Vertedero,8,2040,-5.49,36.121667,0.241266602,29.32343199
Vertedero,8,2041,-5.49,36.121667,0.683179846,31.41260927
Vertedero,8,2042,-5.49,36.121667,0.265177421,30.6030872
Vertedero,8,2043,-5.49,36.121667,4.11951379,32.05810724
Vertedero,8,2044,-5.49,36.121667,0.003536916,30.60861974
Vertedero,8,2045,-5.49,36.121667,0.000425266,29.93442442
Vertedero,8,2046,-5.49,36.121667,0.070672021,30.34302427
Vertedero,8,2047,-5.49,36.121667,0.000159463,30.06197313
Vertedero,8,2048,-5.49,36.121667,0.10255373,31.49030014
Vertedero,8,2049,-5.49,36.121667,9.208470594,30.16520917
Vertedero,8,2050,-5.49,36.121667,0.023468105,30.63025276
Vertedero,8,2051,-5.49,36.121667,14.16527332,28.70634785
Vertedero,8,2052,-5.49,36.121667,0.170269644,29.44299494
Vertedero,8,2053,-5.49,36.121667,0.00082694,31.14036097
Vertedero,8,2054,-5.49,36.121667,1.31145053,30.65571033
Vertedero,8,2055,-5.49,36.121667,11.87716284,29.4008285
Vertedero,8,2056,-5.49,36.121667,0.664530912,30.7497281
Vertedero,8,2057,-5.49,36.121667,4.825204296,31.09556018
Vertedero,8,2058,-5.49,36.121667,4.247232917,29.34504237
Vertedero,8,2059,-5.49,36.121667,1.668945711,33.12711044
Vertedero,8,2060,-5.49,36.121667,0.134225554,32.28309562
Vertedero,8,2061,-5.49,36.121667,9.3637545187533e-05,32.339056
Vertedero,8,2062,-5.49,36.121667,7.267576936,31.31500224
Vertedero,8,2063,-5.49,36.121667,0.428200307,29.510868
Vertedero,8,2064,-5.49,36.121667,0.481328415,32.23105626
Vertedero,8,2065,-5.49,36.121667,0.61900409,31.64090931
Vertedero,8,2066,-5.49,36.121667,16.55735462,32.11999394
Vertedero,8,2067,-5.49,36.121667,0.000275019,31.00298954
Vertedero,8,2068,-5.49,36.121667,1.810649662,30.80500528
Vertedero,8,2069,-5.49,36.121667,0.00490988,31.82514097
Vertedero,8,2070,-5.49,36.121667,0.583742823,31.89163385
Vertedero,8,2071,-5.49,36.121667,1.673870177,31.33665397
Vertedero,8,2072,-5.49,36.121667,0.280016199,33.32315339
Vertedero,8,2073,-5.49,36.121667,0.097600015,32.6024798
Vertedero,8,2074,-5.49,36.121667,9.68042688604848e-07,32.30241916
Vertedero,8,2075,-5.49,36.121667,3.749149344,32.81020902
Vertedero,8,2076,-5.49,36.121667,38.51590457,33.18107339
Vertedero,8,2077,-5.49,36.121667,0.1118123,32.38718124
Vertedero,8,2078,-5.49,36.121667,0.409242121,33.90477413
Vertedero,8,2079,-5.49,36.121667,2.189873696,32.4632655
Vertedero,8,2080,-5.49,36.121667,0.515244153,30.52613959
Vertedero,8,2081,-5.49,36.121667,0.28220519,32.46861592
Vertedero,8,2082,-5.49,36.121667,1.229532521,32.439638
Vertedero,8,2083,-5.49,36.121667,0.261361597,32.97609371
Vertedero,8,2084,-5.49,36.121667,2.312698588,31.70297911
Vertedero,8,2085,-5.49,36.121667,2.739295793,33.50633565
Vertedero,8,2086,-5.49,36.121667,0.000350078,32.96041654
Vertedero,8,2087,-5.49,36.121667,0.032501885,34.0373356
Vertedero,8,2088,-5.49,36.121667,4.991059156,31.6698508
Vertedero,8,2089,-5.49,36.121667,0.789945425,34.18651832
Vertedero,8,2090,-5.49,36.121667,1.633095692,32.36823967
Vertedero,8,2091,-5.49,36.121667,0.418263595,32.61206626
Vertedero,8,2092,-5.49,36.121667,18.13354041,32.38759766
Vertedero,8,2093,-5.49,36.121667,3.209553067,34.36798076
Vertedero,8,2094,-5.49,36.121667,0.138517499,33.15049183
Vertedero,8,2095,-5.49,36.121667,3.729535412,34.45239238
Vertedero,8,2096,-5.49,36.121667,6.182537798,34.08743562
Vertedero,8,2097,-5.49,36.121667,0.67982272,34.36771201
Vertedero,8,2098,-5.49,36.121667,0.027649721,33.78652442
Vertedero,8,2099,-5.49,36.121667,0.066407726,34.20546678
Vertedero,8,2100,-5.49,36.121667,0.282833944,33.97812264
Vertedero,9,2015,-5.49,36.121667,24.58202753,28.17008057
Vertedero,9,2016,-5.49,36.121667,37.54605546,26.03577881
Vertedero,9,2017,-5.49,36.121667,25.50284451,26.13609009
Vertedero,9,2018,-5.49,36.121667,0.501572489,26.3631897
Vertedero,9,2019,-5.49,36.121667,12.12151259,25.67644958
Vertedero,9,2020,-5.49,36.121667,8.109955577,26.38968913
Vertedero,9,2021,-5.49,36.121667,1.081440851,26.7199941
Vertedero,9,2022,-5.49,36.121667,25.66669773,26.26680298
Vertedero,9,2023,-5.49,36.121667,3.976654995,28.0550883
Vertedero,9,2024,-5.49,36.121667,10.29698015,27.0456899
Vertedero,9,2025,-5.49,36.121667,12.19918257,26.61172078
Vertedero,9,2026,-5.49,36.121667,3.607453282,26.42953186
Vertedero,9,2027,-5.49,36.121667,12.21387083,28.24796448
Vertedero,9,2028,-5.49,36.121667,1.182487269,25.70454407
Vertedero,9,2029,-5.49,36.121667,2.792029206,28.43589579
Vertedero,9,2030,-5.49,36.121667,29.35485501,26.81946818
Vertedero,9,2031,-5.49,36.121667,1.694156308,25.61610819
Vertedero,9,2032,-5.49,36.121667,20.72056832,27.1351888
Vertedero,9,2033,-5.49,36.121667,0.441626199,27.81324768
Vertedero,9,2034,-5.49,36.121667,14.65847128,27.11161296
Vertedero,9,2035,-5.49,36.121667,0.490643103,27.1522817
Vertedero,9,2036,-5.49,36.121667,9.737091179,27.79745382
Vertedero,9,2037,-5.49,36.121667,12.11040903,26.94946696
Vertedero,9,2038,-5.49,36.121667,4.265735066,26.71245931
Vertedero,9,2039,-5.49,36.121667,0.063484944,27.87415873
Vertedero,9,2040,-5.49,36.121667,0.997675836,27.49384359
Vertedero,9,2041,-5.49,36.121667,6.243610563,28.12102153
Vertedero,9,2042,-5.49,36.121667,0.393604048,27.88944397
Vertedero,9,2043,-5.49,36.121667,0.134751443,27.32833761
Vertedero,9,2044,-5.49,36.121667,0.428131968,26.97845866
Vertedero,9,2045,-5.49,36.121667,0.452685447,28.55626526
Vertedero,9,2046,-5.49,36.121667,0.933641432,28.80216675
Vertedero,9,2047,-5.49,36.121667,4.279997467,28.20157878
Vertedero,9,2048,-5.49,36.121667,39.37872278,27.26494853
Vertedero,9,2049,-5.49,36.121667,7.213631263,28.57384338
Vertedero,9,2050,-5.49,36.121667,2.847770313,27.72592977
Vertedero,9,2051,-5.49,36.121667,1.567310446,27.16494039
Vertedero,9,2052,-5.49,36.121667,29.04136529,26.19874471
Vertedero,9,2053,-5.49,36.121667,7.712829493,28.45442098
Vertedero,9,2054,-5.49,36.121667,0.263257031,28.06150818
Vertedero,9,2055,-5.49,36.121667,11.05784635,27.32621562
Vertedero,9,2056,-5.49,36.121667,0.469658521,28.92412821
Vertedero,9,2057,-5.49,36.121667,1.316594579,27.96404419
Vertedero,9,2058,-5.49,36.121667,0.468809955,28.21788839
Vertedero,9,2059,-5.49,36.121667,0.323239163,28.8844106
Vertedero,9,2060,-5.49,36.121667,5.917888111,28.89810791
Vertedero,9,2061,-5.49,36.121667,0.188906414,29.26435649
Vertedero,9,2062,-5.49,36.121667,2.699568223,28.2254008
Vertedero,9,2063,-5.49,36.121667,24.37114203,28.86281535
Vertedero,9,2064,-5.49,36.121667,39.4063265,28.49304708
Vertedero,9,2065,-5.49,36.121667,20.13108734,28.29749552
Vertedero,9,2066,-5.49,36.121667,10.70872998,27.86603394
Vertedero,9,2067,-5.49,36.121667,0.15199471,29.16178589
Vertedero,9,2068,-5.49,36.121667,7.89527079,29.05811056
Vertedero,9,2069,-5.49,36.121667,0.289202034,29.60142415
Vertedero,9,2070,-5.49,36.121667,27.41402058,28.40534058
Vertedero,9,2071,-5.49,36.121667,7.007074428,30.59929606
Vertedero,9,2072,-5.49,36.121667,21.08070692,29.85851644
Vertedero,9,2073,-5.49,36.121667,2.668480198,30.20354818
Vertedero,9,2074,-5.49,36.121667,0.526170779,28.98249715
Vertedero,9,2075,-5.49,36.121667,0.402351021,30.06758423
Vertedero,9,2076,-5.49,36.121667,2.185485595,28.98104757
Vertedero,9,2077,-5.49,36.121667,4.912110256,29.67669983
Vertedero,9,2078,-5.49,36.121667,0.462984497,29.80364787
Vertedero,9,2079,-5.49,36.121667,1.268584059,30.93521525
Vertedero,9,2080,-5.49,36.121667,0.610174426,30.96680603
Vertedero,9,2081,-5.49,36.121667,2.118527629,29.23026225
Vertedero,9,2082,-5.49,36.121667,0.20645201,29.20042521
Vertedero,9,2083,-5.49,36.121667,0.510018919,28.66883138
Vertedero,9,2084,-5.49,36.121667,0.644752463,30.47372843
Vertedero,9,2085,-5.49,36.121667,13.883686,30.92859192
Vertedero,9,2086,-5.49,36.121667,19.08855294,30.58023682
Vertedero,9,2087,-5.49,36.121667,37.14148656,30.32559102
Vertedero,9,2088,-5.49,36.121667,30.53807447,27.91426697
Vertedero,9,2089,-5.49,36.121667,11.0216371,31.09054464
Vertedero,9,2090,-5.49,36.121667,0.151866505,31.16981506
Vertedero,9,2091,-5.49,36.121667,0.581469763,30.23451945
Vertedero,9,2092,-5.49,36.121667,2.211460355,29.29584045
Vertedero,9,2093,-5.49,36.121667,2.358863796,28.94935506
Vertedero,9,2094,-5.49,36.121667,105.4654239,29.73106181
Vertedero,9,2095,-5.49,36.121667,0.576478096,30.090743
Vertedero,9,2096,-5.49,36.121667,5.130735151,30.03265483
Vertedero,9,2097,-5.49,36.121667,12.03046667,32.39900004
Vertedero,9,2098,-5.49,36.121667,0.191025332,31.92960307
Vertedero,9,2099,-5.49,36.121667,8.306170804,31.99019877
Vertedero,9,2100,-5.49,36.121667,6.930656071,32.93994548