pop,month,year,lon,lat,cum_rain,mean_max_temp
Bujeo,1,2015,-5.52654,36.072461,76.57260123,17.25153257
Bujeo,1,2016,-5.52654,36.072461,3.614561159,16.50898575
Bujeo,1,2017,-5.52654,36.072461,89.52406118,17.28918437
Bujeo,1,2018,-5.52654,36.072461,104.1987704,16.68461638
Bujeo,1,2019,-5.52654,36.072461,147.6005488,15.92342628
Bujeo,1,2020,-5.52654,36.072461,39.04104478,16.92858572
Bujeo,1,2021,-5.52654,36.072461,35.79884246,15.31246043
Bujeo,1,2022,-5.52654,36.072461,55.78613545,17.18375599
Bujeo,1,2023,-5.52654,36.072461,45.14623737,16.33959252
Bujeo,1,2024,-5.52654,36.072461,82.40841153,17.48243251
Bujeo,1,2025,-5.52654,36.072461,28.97296565,15.85975283
Bujeo,1,2026,-5.52654,36.072461,52.0880877,16.41220172
Bujeo,1,2027,-5.52654,36.072461,143.9015197,17.64272067
Bujeo,1,2028,-5.52654,36.072461,6.4234016,15.72231445
Bujeo,1,2029,-5.52654,36.072461,29.56063766,16.94173682
Bujeo,1,2030,-5.52654,36.072461,3.413813901,15.1318003
Bujeo,1,2031,-5.52654,36.072461,41.21420319,17.4766893
Bujeo,1,2032,-5.52654,36.072461,23.281343,17.22043811
Bujeo,1,2033,-5.52654,36.072461,92.665339,17.0908083
Bujeo,1,2034,-5.52654,36.072461,46.14519721,17.46324679
Bujeo,1,2035,-5.52654,36.072461,150.596329,18.29667496
Bujeo,1,2036,-5.52654,36.072461,143.6419909,16.39873657
Bujeo,1,2037,-5.52654,36.072461,35.21851011,16.86317867
Bujeo,1,2038,-5.52654,36.072461,38.29437726,18.27298643
Bujeo,1,2039,-5.52654,36.072461,33.415544,17.35922615
Bujeo,1,2040,-5.52654,36.072461,94.97539795,15.39039838
Bujeo,1,2041,-5.52654,36.072461,81.22581122,16.39800513
Bujeo,1,2042,-5.52654,36.072461,33.05947142,16.82676037
Bujeo,1,2043,-5.52654,36.072461,2.002999484,17.23554825
Bujeo,1,2044,-5.52654,36.072461,21.08942535,16.31865057
Bujeo,1,2045,-5.52654,36.072461,40.13337987,15.45559082
Bujeo,1,2046,-5.52654,36.072461,64.83188797,18.53998964
Bujeo,1,2047,-5.52654,36.072461,24.52039152,17.68543051
Bujeo,1,2048,-5.52654,36.072461,150.228366,16.86245216
Bujeo,1,2049,-5.52654,36.072461,21.63385684,15.72509943
Bujeo,1,2050,-5.52654,36.072461,42.85229541,16.30973845
Bujeo,1,2051,-5.52654,36.072461,143.6216509,17.24973007
Bujeo,1,2052,-5.52654,36.072461,32.69153665,18.33091667
Bujeo,1,2053,-5.52654,36.072461,72.25314373,17.11069592
Bujeo,1,2054,-5.52654,36.072461,93.92443264,17.72262357
Bujeo,1,2055,-5.52654,36.072461,51.95270932,16.50153553
Bujeo,1,2056,-5.52654,36.072461,18.80968115,17.52319907
Bujeo,1,2057,-5.52654,36.072461,26.25140585,17.50545851
Bujeo,1,2058,-5.52654,36.072461,52.98701689,18.03965986
Bujeo,1,2059,-5.52654,36.072461,155.7878138,18.49801321
Bujeo,1,2060,-5.52654,36.072461,125.1715688,16.19454543
Bujeo,1,2061,-5.52654,36.072461,188.9796364,17.77102641
Bujeo,1,2062,-5.52654,36.072461,135.0491322,17.23545178
Bujeo,1,2063,-5.52654,36.072461,80.66327273,17.71232831
Bujeo,1,2064,-5.52654,36.072461,8.334388212,17.9284538
Bujeo,1,2065,-5.52654,36.072461,78.01389723,15.70826455
Bujeo,1,2066,-5.52654,36.072461,66.44533475,18.10857446
Bujeo,1,2067,-5.52654,36.072461,102.4519093,15.63454295
Bujeo,1,2068,-5.52654,36.072461,44.56169011,17.40460382
Bujeo,1,2069,-5.52654,36.072461,12.98014512,17.03936748
Bujeo,1,2070,-5.52654,36.072461,39.33567745,16.15997885
Bujeo,1,2071,-5.52654,36.072461,12.78010306,17.69682145
Bujeo,1,2072,-5.52654,36.072461,103.006606,17.16384966
Bujeo,1,2073,-5.52654,36.072461,220.1454051,17.87522229
Bujeo,1,2074,-5.52654,36.072461,34.8348747,17.14419044
Bujeo,1,2075,-5.52654,36.072461,17.17090899,16.88550966
Bujeo,1,2076,-5.52654,36.072461,24.09596854,16.22151115
Bujeo,1,2077,-5.52654,36.072461,103.0009394,16.35221695
Bujeo,1,2078,-5.52654,36.072461,117.9865649,18.47037806
Bujeo,1,2079,-5.52654,36.072461,56.57907654,18.07597282
Bujeo,1,2080,-5.52654,36.072461,93.20342934,18.68176644
Bujeo,1,2081,-5.52654,36.072461,102.4475987,17.30760026
Bujeo,1,2082,-5.52654,36.072461,7.066840859,16.29007529
Bujeo,1,2083,-5.52654,36.072461,144.9775585,15.86531293
Bujeo,1,2084,-5.52654,36.072461,128.7598211,19.21744739
Bujeo,1,2085,-5.52654,36.072461,44.17767919,18.09788838
Bujeo,1,2086,-5.52654,36.072461,157.7611052,16.32740518
Bujeo,1,2087,-5.52654,36.072461,2.502083697,17.90641322
Bujeo,1,2088,-5.52654,36.072461,166.1519459,16.55574459
Bujeo,1,2089,-5.52654,36.072461,67.28029599,16.05651245
Bujeo,1,2090,-5.52654,36.072461,7.068992244,19.20686961
Bujeo,1,2091,-5.52654,36.072461,4.150940957,17.94765133
Bujeo,1,2092,-5.52654,36.072461,10.86770331,17.81270161
Bujeo,1,2093,-5.52654,36.072461,74.04307964,15.60251032
Bujeo,1,2094,-5.52654,36.072461,18.98148953,18.84201719
Bujeo,1,2095,-5.52654,36.072461,39.63717395,17.82999031
Bujeo,1,2096,-5.52654,36.072461,45.63410659,17.34480414
Bujeo,1,2097,-5.52654,36.072461,62.04702624,17.37046548
Bujeo,1,2098,-5.52654,36.072461,56.58359685,15.3740951
Bujeo,1,2099,-5.52654,36.072461,96.28368355,17.00945927
Bujeo,1,2100,-5.52654,36.072461,37.5221465,17.91258663
Bujeo,10,2015,-5.52654,36.072461,2.098624886,24.09055136
Bujeo,10,2016,-5.52654,36.072461,21.57149793,22.40680896
Bujeo,10,2017,-5.52654,36.072461,66.35566611,22.87604725
Bujeo,10,2018,-5.52654,36.072461,57.32680469,22.62103744
Bujeo,10,2019,-5.52654,36.072461,8.734254365,21.56045513
Bujeo,10,2020,-5.52654,36.072461,5.548195937,22.73967699
Bujeo,10,2021,-5.52654,36.072461,24.711444,23.84710969
Bujeo,10,2022,-5.52654,36.072461,20.91010353,22.83739821
Bujeo,10,2023,-5.52654,36.072461,74.83783798,22.61503926
Bujeo,10,2024,-5.52654,36.072461,36.64517255,22.04966962
Bujeo,10,2025,-5.52654,36.072461,51.57108171,22.61271697
Bujeo,10,2026,-5.52654,36.072461,4.584870339,24.03941473
Bujeo,10,2027,-5.52654,36.072461,3.440305268,25.81968915
Bujeo,10,2028,-5.52654,36.072461,35.49869364,22.90502418
Bujeo,10,2029,-5.52654,36.072461,42.71932302,22.0083252
Bujeo,10,2030,-5.52654,36.072461,11.8306583,23.02404569
Bujeo,10,2031,-5.52654,36.072461,8.72727078,23.59052675
Bujeo,10,2032,-5.52654,36.072461,19.56567059,23.95118644
Bujeo,10,2033,-5.52654,36.072461,18.86797766,23.75556975
Bujeo,10,2034,-5.52654,36.072461,31.35968285,21.75923875
Bujeo,10,2035,-5.52654,36.072461,83.47746787,23.97686453
Bujeo,10,2036,-5.52654,36.072461,9.917358278,23.04331015
Bujeo,10,2037,-5.52654,36.072461,1.787402267,24.2775749
Bujeo,10,2038,-5.52654,36.072461,23.43619219,24.1983995
Bujeo,10,2039,-5.52654,36.072461,35.79511708,22.58302829
Bujeo,10,2040,-5.52654,36.072461,8.686045694,22.84906675
Bujeo,10,2041,-5.52654,36.072461,12.95704569,23.24811264
Bujeo,10,2042,-5.52654,36.072461,61.34189913,22.22720022
Bujeo,10,2043,-5.52654,36.072461,1.078221941,23.83255281
Bujeo,10,2044,-5.52654,36.072461,18.04515298,24.62452334
Bujeo,10,2045,-5.52654,36.072461,12.92145204,23.87729551
Bujeo,10,2046,-5.52654,36.072461,2.694324462,25.75140755
Bujeo,10,2047,-5.52654,36.072461,26.37771606,22.70786684
Bujeo,10,2048,-5.52654,36.072461,36.47868245,24.79690335
Bujeo,10,2049,-5.52654,36.072461,18.11357585,23.95372728
Bujeo,10,2050,-5.52654,36.072461,18.60143545,25.00646756
Bujeo,10,2051,-5.52654,36.072461,18.94520196,23.87506871
Bujeo,10,2052,-5.52654,36.072461,52.09264254,22.63547816
Bujeo,10,2053,-5.52654,36.072461,17.29631209,24.47300454
Bujeo,10,2054,-5.52654,36.072461,53.01547483,24.06869389
Bujeo,10,2055,-5.52654,36.072461,38.85067367,23.68111375
Bujeo,10,2056,-5.52654,36.072461,1.410109527,23.98612415
Bujeo,10,2057,-5.52654,36.072461,7.806596256,23.51948577
Bujeo,10,2058,-5.52654,36.072461,32.95765327,24.17007033
Bujeo,10,2059,-5.52654,36.072461,1.028029124,24.11337261
Bujeo,10,2060,-5.52654,36.072461,6.086249891,22.59317194
Bujeo,10,2061,-5.52654,36.072461,35.87948882,23.1451483
Bujeo,10,2062,-5.52654,36.072461,28.86146952,24.67742703
Bujeo,10,2063,-5.52654,36.072461,5.089138482,25.28666815
Bujeo,10,2064,-5.52654,36.072461,10.98498401,23.34114006
Bujeo,10,2065,-5.52654,36.072461,26.14922769,23.7887778
Bujeo,10,2066,-5.52654,36.072461,24.50100531,23.75871799
Bujeo,10,2067,-5.52654,36.072461,0.661599962,25.78903769
Bujeo,10,2068,-5.52654,36.072461,6.994050226,24.52382813
Bujeo,10,2069,-5.52654,36.072461,25.42713642,24.12234379
Bujeo,10,2070,-5.52654,36.072461,6.528700165,25.72288444
Bujeo,10,2071,-5.52654,36.072461,46.92062398,23.19612151
Bujeo,10,2072,-5.52654,36.072461,2.212543481,24.26335961
Bujeo,10,2073,-5.52654,36.072461,9.12642691,25.22292087
Bujeo,10,2074,-5.52654,36.072461,35.44417076,25.36332831
Bujeo,10,2075,-5.52654,36.072461,34.07396746,24.07851661
Bujeo,10,2076,-5.52654,36.072461,23.2583379,24.70049537
Bujeo,10,2077,-5.52654,36.072461,2.14081078,26.12992298
Bujeo,10,2078,-5.52654,36.072461,8.660297604,23.97558673
Bujeo,10,2079,-5.52654,36.072461,47.05463999,24.7290864
Bujeo,10,2080,-5.52654,36.072461,15.52828961,25.47487202
Bujeo,10,2081,-5.52654,36.072461,1.390134629,24.22454519
Bujeo,10,2082,-5.52654,36.072461,47.54369266,23.27587871
Bujeo,10,2083,-5.52654,36.072461,12.81586098,26.14986671
Bujeo,10,2084,-5.52654,36.072461,22.14663953,23.57395669
Bujeo,10,2085,-5.52654,36.072461,16.16238506,23.8873358
Bujeo,10,2086,-5.52654,36.072461,28.29956757,23.40925135
Bujeo,10,2087,-5.52654,36.072461,11.48940165,24.11007966
Bujeo,10,2088,-5.52654,36.072461,17.85704225,25.2555924
Bujeo,10,2089,-5.52654,36.072461,0.134828836,25.44586162
Bujeo,10,2090,-5.52654,36.072461,7.808895884,23.73211946
Bujeo,10,2091,-5.52654,36.072461,31.60901068,24.09294946
Bujeo,10,2092,-5.52654,36.072461,1.344760238,24.26247263
Bujeo,10,2093,-5.52654,36.072461,2.309835789,24.57171217
Bujeo,10,2094,-5.52654,36.072461,18.9742488,21.64537078
Bujeo,10,2095,-5.52654,36.072461,7.57551019,24.47414157
Bujeo,10,2096,-5.52654,36.072461,0.899398544,25.61462383
Bujeo,10,2097,-5.52654,36.072461,4.758642858,24.33969097
Bujeo,10,2098,-5.52654,36.072461,0.07095748,22.90077337
Bujeo,10,2099,-5.52654,36.072461,15.16759777,22.7909918
Bujeo,10,2100,-5.52654,36.072461,5.470867054,24.79553203
Bujeo,11,2015,-5.52654,36.072461,14.86424606,19.77042033
Bujeo,11,2016,-5.52654,36.072461,101.7871273,19.4322937
Bujeo,11,2017,-5.52654,36.072461,95.64438344,20.28737386
Bujeo,11,2018,-5.52654,36.072461,30.28487784,19.98256429
Bujeo,11,2019,-5.52654,36.072461,32.77707789,17.68028158
Bujeo,11,2020,-5.52654,36.072461,29.68645361,20.76786906
Bujeo,11,2021,-5.52654,36.072461,6.951308884,20.53946431
Bujeo,11,2022,-5.52654,36.072461,35.48829725,18.9813385
Bujeo,11,2023,-5.52654,36.072461,82.23034655,17.73959554
Bujeo,11,2024,-5.52654,36.072461,8.875324309,18.31747538
Bujeo,11,2025,-5.52654,36.072461,79.86324433,20.00676066
Bujeo,11,2026,-5.52654,36.072461,29.04387112,20.1388682
Bujeo,11,2027,-5.52654,36.072461,37.90569744,19.50891317
Bujeo,11,2028,-5.52654,36.072461,66.08352156,18.25063273
Bujeo,11,2029,-5.52654,36.072461,13.89665404,21.67103068
Bujeo,11,2030,-5.52654,36.072461,13.45958843,19.17119853
Bujeo,11,2031,-5.52654,36.072461,8.758510764,19.15321554
Bujeo,11,2032,-5.52654,36.072461,109.7762825,19.90732727
Bujeo,11,2033,-5.52654,36.072461,6.760043686,19.82070109
Bujeo,11,2034,-5.52654,36.072461,21.65667304,18.57483927
Bujeo,11,2035,-5.52654,36.072461,77.62677067,18.89415487
Bujeo,11,2036,-5.52654,36.072461,40.22463864,19.95669454
Bujeo,11,2037,-5.52654,36.072461,12.17507855,18.53497009
Bujeo,11,2038,-5.52654,36.072461,79.88536745,20.66576843
Bujeo,11,2039,-5.52654,36.072461,6.165758363,20.46057434
Bujeo,11,2040,-5.52654,36.072461,70.74308132,21.15758057
Bujeo,11,2041,-5.52654,36.072461,213.1394264,19.6525177
Bujeo,11,2042,-5.52654,36.072461,1.589781725,19.88500366
Bujeo,11,2043,-5.52654,36.072461,27.06375809,18.32193807
Bujeo,11,2044,-5.52654,36.072461,11.85274502,19.48823039
Bujeo,11,2045,-5.52654,36.072461,108.047772,20.26787313
Bujeo,11,2046,-5.52654,36.072461,37.15711443,20.68721619
Bujeo,11,2047,-5.52654,36.072461,74.11156136,17.71591492
Bujeo,11,2048,-5.52654,36.072461,50.24056971,19.85657349
Bujeo,11,2049,-5.52654,36.072461,24.93994833,20.45651652
Bujeo,11,2050,-5.52654,36.072461,102.4317967,19.83886515
Bujeo,11,2051,-5.52654,36.072461,5.692158373,21.13688354
Bujeo,11,2052,-5.52654,36.072461,9.091169039,21.21131592
Bujeo,11,2053,-5.52654,36.072461,0.096778091,20.95170898
Bujeo,11,2054,-5.52654,36.072461,15.20295855,20.07376099
Bujeo,11,2055,-5.52654,36.072461,12.68359382,19.55184224
Bujeo,11,2056,-5.52654,36.072461,119.687389,19.63467
Bujeo,11,2057,-5.52654,36.072461,72.86378077,20.06214701
Bujeo,11,2058,-5.52654,36.072461,8.866797709,21.44128927
Bujeo,11,2059,-5.52654,36.072461,13.42978676,19.73961995
Bujeo,11,2060,-5.52654,36.072461,12.20127736,18.11060791
Bujeo,11,2061,-5.52654,36.072461,80.85857464,20.17513224
Bujeo,11,2062,-5.52654,36.072461,14.69619799,21.63190715
Bujeo,11,2063,-5.52654,36.072461,2.477587991,20.17040812
Bujeo,11,2064,-5.52654,36.072461,39.05069803,19.54102987
Bujeo,11,2065,-5.52654,36.072461,24.75055492,18.83398743
Bujeo,11,2066,-5.52654,36.072461,52.85313648,19.05762126
Bujeo,11,2067,-5.52654,36.072461,19.90846266,18.46661377
Bujeo,11,2068,-5.52654,36.072461,63.23566786,20.14367879
Bujeo,11,2069,-5.52654,36.072461,78.02835193,20.1725179
Bujeo,11,2070,-5.52654,36.072461,58.52411809,20.63167013
Bujeo,11,2071,-5.52654,36.072461,58.77093048,20.8425649
Bujeo,11,2072,-5.52654,36.072461,45.86046145,21.10908203
Bujeo,11,2073,-5.52654,36.072461,20.96615113,21.33433329
Bujeo,11,2074,-5.52654,36.072461,120.7004002,20.97707825
Bujeo,11,2075,-5.52654,36.072461,59.7215176,20.53737183
Bujeo,11,2076,-5.52654,36.072461,68.0727301,21.49441121
Bujeo,11,2077,-5.52654,36.072461,38.65616068,20.95514018
Bujeo,11,2078,-5.52654,36.072461,24.50763159,19.85910136
Bujeo,11,2079,-5.52654,36.072461,58.26584407,21.31007894
Bujeo,11,2080,-5.52654,36.072461,63.10332607,20.96224772
Bujeo,11,2081,-5.52654,36.072461,3.945457983,19.24268697
Bujeo,11,2082,-5.52654,36.072461,14.10011006,20.31559448
Bujeo,11,2083,-5.52654,36.072461,143.2699781,21.24202983
Bujeo,11,2084,-5.52654,36.072461,10.19084769,20.46029867
Bujeo,11,2085,-5.52654,36.072461,20.54938354,19.88868917
Bujeo,11,2086,-5.52654,36.072461,26.79706899,19.23114522
Bujeo,11,2087,-5.52654,36.072461,1.464352814,20.64314779
Bujeo,11,2088,-5.52654,36.072461,39.07878481,19.45205282
Bujeo,11,2089,-5.52654,36.072461,14.94246987,21.33349915
Bujeo,11,2090,-5.52654,36.072461,25.11852033,22.35602926
Bujeo,11,2091,-5.52654,36.072461,40.30769545,18.65000203
Bujeo,11,2092,-5.52654,36.072461,12.26526159,19.92464396
Bujeo,11,2093,-5.52654,36.072461,103.2738832,21.26404521
Bujeo,11,2094,-5.52654,36.072461,8.384240862,21.44437358
Bujeo,11,2095,-5.52654,36.072461,44.74770657,20.49407145
Bujeo,11,2096,-5.52654,36.072461,0.355242563,20.26130269
Bujeo,11,2097,-5.52654,36.072461,58.05557876,19.54697367
Bujeo,11,2098,-5.52654,36.072461,56.86585935,19.7050649
Bujeo,11,2099,-5.52654,36.072461,45.2197526,20.83935547
Bujeo,11,2100,-5.52654,36.072461,67.88898791,19.64582926
Bujeo,12,2015,-5.52654,36.072461,125.4669033,17.36177979
Bujeo,12,2016,-5.52654,36.072461,15.94428391,17.39975281
Bujeo,12,2017,-5.52654,36.072461,25.35877718,18.54032534
Bujeo,12,2018,-5.52654,36.072461,43.20242657,17.39112785
Bujeo,12,2019,-5.52654,36.072461,59.06331358,16.23550888
Bujeo,12,2020,-5.52654,36.072461,24.03033175,17.15133899
Bujeo,12,2021,-5.52654,36.072461,51.84717548,19.33011927
Bujeo,12,2022,-5.52654,36.072461,230.0734209,17.12519177
Bujeo,12,2023,-5.52654,36.072461,142.6981041,17.04553695
Bujeo,12,2024,-5.52654,36.072461,15.77311867,16.21632792
Bujeo,12,2025,-5.52654,36.072461,23.87713469,16.2080716
Bujeo,12,2026,-5.52654,36.072461,66.48478628,17.98244826
Bujeo,12,2027,-5.52654,36.072461,35.18520127,16.0419851
Bujeo,12,2028,-5.52654,36.072461,70.2797137,19.22625936
Bujeo,12,2029,-5.52654,36.072461,164.1604792,17.65243904
Bujeo,12,2030,-5.52654,36.072461,36.46965576,18.22530009
Bujeo,12,2031,-5.52654,36.072461,64.60127762,18.16577326
Bujeo,12,2032,-5.52654,36.072461,137.0196488,16.93303324
Bujeo,12,2033,-5.52654,36.072461,101.6319039,18.21033876
Bujeo,12,2034,-5.52654,36.072461,68.12307488,17.28669768
Bujeo,12,2035,-5.52654,36.072461,14.95601807,17.05718974
Bujeo,12,2036,-5.52654,36.072461,71.42940139,16.7392039
Bujeo,12,2037,-5.52654,36.072461,72.42587374,17.48691367
Bujeo,12,2038,-5.52654,36.072461,16.87153873,17.42442844
Bujeo,12,2039,-5.52654,36.072461,4.220219963,18.05927872
Bujeo,12,2040,-5.52654,36.072461,2.817611365,17.71951946
Bujeo,12,2041,-5.52654,36.072461,85.33155346,16.0889044
Bujeo,12,2042,-5.52654,36.072461,80.95957361,16.80985068
Bujeo,12,2043,-5.52654,36.072461,7.027915023,16.99571356
Bujeo,12,2044,-5.52654,36.072461,44.17570499,16.32581787
Bujeo,12,2045,-5.52654,36.072461,98.87380747,18.35423505
Bujeo,12,2046,-5.52654,36.072461,38.78706826,19.76001252
Bujeo,12,2047,-5.52654,36.072461,36.55624978,18.52565032
Bujeo,12,2048,-5.52654,36.072461,104.6490111,18.72230733
Bujeo,12,2049,-5.52654,36.072461,119.9071394,19.05129198
Bujeo,12,2050,-5.52654,36.072461,84.23012744,17.19179077
Bujeo,12,2051,-5.52654,36.072461,24.63951251,18.77994247
Bujeo,12,2052,-5.52654,36.072461,10.40492055,18.30295003
Bujeo,12,2053,-5.52654,36.072461,44.48902687,19.98914145
Bujeo,12,2054,-5.52654,36.072461,35.69842031,18.25737915
Bujeo,12,2055,-5.52654,36.072461,4.746149096,18.2897711
Bujeo,12,2056,-5.52654,36.072461,141.1553379,19.50075582
Bujeo,12,2057,-5.52654,36.072461,105.246088,18.56211292
Bujeo,12,2058,-5.52654,36.072461,59.63477838,18.82890251
Bujeo,12,2059,-5.52654,36.072461,8.32142789,17.82396752
Bujeo,12,2060,-5.52654,36.072461,48.81089386,17.69124651
Bujeo,12,2061,-5.52654,36.072461,208.2902406,18.37147748
Bujeo,12,2062,-5.52654,36.072461,20.31904108,19.29773225
Bujeo,12,2063,-5.52654,36.072461,59.941848,18.82395079
Bujeo,12,2064,-5.52654,36.072461,8.460559078,17.14226888
Bujeo,12,2065,-5.52654,36.072461,133.0830381,18.25824841
Bujeo,12,2066,-5.52654,36.072461,12.10478622,17.40760931
Bujeo,12,2067,-5.52654,36.072461,92.18139693,17.41563445
Bujeo,12,2068,-5.52654,36.072461,2.866585322,17.07944031
Bujeo,12,2069,-5.52654,36.072461,20.13118589,17.37741758
Bujeo,12,2070,-5.52654,36.072461,180.2898897,18.15870158
Bujeo,12,2071,-5.52654,36.072461,1.102487244,16.62657786
Bujeo,12,2072,-5.52654,36.072461,75.20978737,17.96652527
Bujeo,12,2073,-5.52654,36.072461,41.26118903,17.33393299
Bujeo,12,2074,-5.52654,36.072461,138.7164613,18.4096599
Bujeo,12,2075,-5.52654,36.072461,290.9707942,19.67408979
Bujeo,12,2076,-5.52654,36.072461,53.10864224,17.78769124
Bujeo,12,2077,-5.52654,36.072461,55.06204572,16.52959792
Bujeo,12,2078,-5.52654,36.072461,144.2720506,17.71035058
Bujeo,12,2079,-5.52654,36.072461,41.95226485,18.42978279
Bujeo,12,2080,-5.52654,36.072461,44.46033618,17.23056157
Bujeo,12,2081,-5.52654,36.072461,41.03666915,19.58733914
Bujeo,12,2082,-5.52654,36.072461,11.14821291,18.18766125
Bujeo,12,2083,-5.52654,36.072461,174.5798528,18.2042067
Bujeo,12,2084,-5.52654,36.072461,43.19166081,18.89568583
Bujeo,12,2085,-5.52654,36.072461,46.84619234,17.52136703
Bujeo,12,2086,-5.52654,36.072461,26.75757313,18.67920887
Bujeo,12,2087,-5.52654,36.072461,48.1178122,18.07198486
Bujeo,12,2088,-5.52654,36.072461,35.88146557,17.1398468
Bujeo,12,2089,-5.52654,36.072461,42.13693559,17.85888258
Bujeo,12,2090,-5.52654,36.072461,77.06383491,18.12321879
Bujeo,12,2091,-5.52654,36.072461,38.69237085,18.36048131
Bujeo,12,2092,-5.52654,36.072461,99.68320071,17.63884989
Bujeo,12,2093,-5.52654,36.072461,92.29826941,19.113917
Bujeo,12,2094,-5.52654,36.072461,212.7423584,17.92049462
Bujeo,12,2095,-5.52654,36.072461,1.624673746,19.90914504
Bujeo,12,2096,-5.52654,36.072461,85.65398673,18.17029114
Bujeo,12,2097,-5.52654,36.072461,87.3431583,18.00978709
Bujeo,12,2098,-5.52654,36.072461,40.15425276,19.60584362
Bujeo,12,2099,-5.52654,36.072461,19.68704772,19.05018547
Bujeo,12,2100,-5.52654,36.072461,11.22051359,18.46367086
Bujeo,2,2015,-5.52654,36.072461,39.1677054,17.6867375
Bujeo,2,2016,-5.52654,36.072461,26.15230688,17.84619477
Bujeo,2,2017,-5.52654,36.072461,153.3394981,16.64302979
Bujeo,2,2018,-5.52654,36.072461,83.67854333,17.85629316
Bujeo,2,2019,-5.52654,36.072461,171.1851887,16.12071599
Bujeo,2,2020,-5.52654,36.072461,113.7160045,16.39262148
Bujeo,2,2021,-5.52654,36.072461,4.288327495,18.33633793
Bujeo,2,2022,-5.52654,36.072461,102.9832394,18.1548063
Bujeo,2,2023,-5.52654,36.072461,53.9871156,16.83173305
Bujeo,2,2024,-5.52654,36.072461,89.39986211,17.05681342
Bujeo,2,2025,-5.52654,36.072461,47.1672305,15.73068608
Bujeo,2,2026,-5.52654,36.072461,40.36546812,15.17344382
Bujeo,2,2027,-5.52654,36.072461,17.6314392,19.34157388
Bujeo,2,2028,-5.52654,36.072461,136.8278407,15.33901262
Bujeo,2,2029,-5.52654,36.072461,19.53896298,16.99483534
Bujeo,2,2030,-5.52654,36.072461,123.1212021,18.25028817
Bujeo,2,2031,-5.52654,36.072461,6.282754707,16.06341705
Bujeo,2,2032,-5.52654,36.072461,9.146862671,17.17678538
Bujeo,2,2033,-5.52654,36.072461,163.9046084,16.8569155
Bujeo,2,2034,-5.52654,36.072461,10.85776103,17.92409886
Bujeo,2,2035,-5.52654,36.072461,49.92935937,16.9599265
Bujeo,2,2036,-5.52654,36.072461,17.53203426,18.09540026
Bujeo,2,2037,-5.52654,36.072461,15.02958523,18.58859624
Bujeo,2,2038,-5.52654,36.072461,70.38232626,17.90709621
Bujeo,2,2039,-5.52654,36.072461,16.76097288,16.35090681
Bujeo,2,2040,-5.52654,36.072461,31.77385708,16.7107746
Bujeo,2,2041,-5.52654,36.072461,1.38101657,17.45574668
Bujeo,2,2042,-5.52654,36.072461,42.055653,18.70341208
Bujeo,2,2043,-5.52654,36.072461,192.1187926,17.40161939
Bujeo,2,2044,-5.52654,36.072461,16.96397185,16.65778556
Bujeo,2,2045,-5.52654,36.072461,37.442414,16.70508728
Bujeo,2,2046,-5.52654,36.072461,26.67624197,17.57283064
Bujeo,2,2047,-5.52654,36.072461,34.39776408,17.50836116
Bujeo,2,2048,-5.52654,36.072461,54.44159206,17.91879083
Bujeo,2,2049,-5.52654,36.072461,10.83054252,18.09231502
Bujeo,2,2050,-5.52654,36.072461,17.05766403,17.56959795
Bujeo,2,2051,-5.52654,36.072461,2.35735214,17.26856493
Bujeo,2,2052,-5.52654,36.072461,73.60781398,16.93456631
Bujeo,2,2053,-5.52654,36.072461,23.11621077,18.22410845
Bujeo,2,2054,-5.52654,36.072461,20.80148642,17.72106214
Bujeo,2,2055,-5.52654,36.072461,20.3123114,16.33171997
Bujeo,2,2056,-5.52654,36.072461,144.248085,17.51976297
Bujeo,2,2057,-5.52654,36.072461,27.91156163,18.79403076
Bujeo,2,2058,-5.52654,36.072461,25.44172045,18.70491071
Bujeo,2,2059,-5.52654,36.072461,77.11679302,17.60602613
Bujeo,2,2060,-5.52654,36.072461,17.85770555,18.66655252
Bujeo,2,2061,-5.52654,36.072461,98.01952091,17.05127542
Bujeo,2,2062,-5.52654,36.072461,112.0581965,18.86190513
Bujeo,2,2063,-5.52654,36.072461,64.87610623,18.02471749
Bujeo,2,2064,-5.52654,36.072461,37.17307406,17.31857426
Bujeo,2,2065,-5.52654,36.072461,19.27408568,17.24851379
Bujeo,2,2066,-5.52654,36.072461,40.06174662,16.60227792
Bujeo,2,2067,-5.52654,36.072461,6.28035156,17.70655757
Bujeo,2,2068,-5.52654,36.072461,45.44902752,16.36643319
Bujeo,2,2069,-5.52654,36.072461,159.7111211,16.98304792
Bujeo,2,2070,-5.52654,36.072461,21.21882543,17.2842586
Bujeo,2,2071,-5.52654,36.072461,6.328401614,17.754359
Bujeo,2,2072,-5.52654,36.072461,84.11636764,18.27751865
Bujeo,2,2073,-5.52654,36.072461,30.5002421,18.61450784
Bujeo,2,2074,-5.52654,36.072461,6.58731494,17.72890843
Bujeo,2,2075,-5.52654,36.072461,45.85257578,18.59562182
Bujeo,2,2076,-5.52654,36.072461,46.13445616,16.974819
Bujeo,2,2077,-5.52654,36.072461,3.354638542,16.25440914
Bujeo,2,2078,-5.52654,36.072461,35.25808534,18.97421199
Bujeo,2,2079,-5.52654,36.072461,32.02912438,17.32339085
Bujeo,2,2080,-5.52654,36.072461,79.88503507,18.65727202
Bujeo,2,2081,-5.52654,36.072461,5.153713215,18.37661351
Bujeo,2,2082,-5.52654,36.072461,11.76572385,18.46550576
Bujeo,2,2083,-5.52654,36.072461,32.59404067,17.06077074
Bujeo,2,2084,-5.52654,36.072461,41.90227793,18.55545696
Bujeo,2,2085,-5.52654,36.072461,20.01732562,16.88190068
Bujeo,2,2086,-5.52654,36.072461,10.60600939,17.37034215
Bujeo,2,2087,-5.52654,36.072461,52.98231871,17.45990579
Bujeo,2,2088,-5.52654,36.072461,11.18582462,19.37146543
Bujeo,2,2089,-5.52654,36.072461,92.75557433,18.34182129
Bujeo,2,2090,-5.52654,36.072461,3.271739631,17.19642247
Bujeo,2,2091,-5.52654,36.072461,41.57245774,17.61109096
Bujeo,2,2092,-5.52654,36.072461,70.92446059,18.19441613
Bujeo,2,2093,-5.52654,36.072461,66.90757339,17.22100983
Bujeo,2,2094,-5.52654,36.072461,25.13339598,18.09181693
Bujeo,2,2095,-5.52654,36.072461,15.82109495,17.30267269
Bujeo,2,2096,-5.52654,36.072461,45.26817541,18.81247601
Bujeo,2,2097,-5.52654,36.072461,5.458182743,17.44235491
Bujeo,2,2098,-5.52654,36.072461,53.09012353,17.71682347
Bujeo,2,2099,-5.52654,36.072461,78.80124384,16.06647535
Bujeo,2,2100,-5.52654,36.072461,158.439077,18.19970965
Bujeo,3,2015,-5.52654,36.072461,67.05900505,18.59103472
Bujeo,3,2016,-5.52654,36.072461,10.65783987,18.43116888
Bujeo,3,2017,-5.52654,36.072461,7.623030797,18.3608741
Bujeo,3,2018,-5.52654,36.072461,50.92479776,19.26744306
Bujeo,3,2019,-5.52654,36.072461,50.27946406,17.76884687
Bujeo,3,2020,-5.52654,36.072461,52.89111877,17.91106272
Bujeo,3,2021,-5.52654,36.072461,5.224525631,20.10524902
Bujeo,3,2022,-5.52654,36.072461,59.77708763,19.00835276
Bujeo,3,2023,-5.52654,36.072461,5.488328403,17.46718159
Bujeo,3,2024,-5.52654,36.072461,6.762658961,17.00690957
Bujeo,3,2025,-5.52654,36.072461,49.27843036,17.31400993
Bujeo,3,2026,-5.52654,36.072461,11.93302431,17.67012841
Bujeo,3,2027,-5.52654,36.072461,4.984747747,19.25427226
Bujeo,3,2028,-5.52654,36.072461,15.29148469,18.87500768
Bujeo,3,2029,-5.52654,36.072461,27.28098383,17.56954641
Bujeo,3,2030,-5.52654,36.072461,13.24363127,19.85868373
Bujeo,3,2031,-5.52654,36.072461,27.644537,18.13366089
Bujeo,3,2032,-5.52654,36.072461,10.62417793,19.41518456
Bujeo,3,2033,-5.52654,36.072461,5.529966364,20.02411952
Bujeo,3,2034,-5.52654,36.072461,16.90920811,18.74129343
Bujeo,3,2035,-5.52654,36.072461,130.275785,17.04499748
Bujeo,3,2036,-5.52654,36.072461,12.59790051,19.10570186
Bujeo,3,2037,-5.52654,36.072461,1.971947845,20.47092541
Bujeo,3,2038,-5.52654,36.072461,41.11621825,18.68661972
Bujeo,3,2039,-5.52654,36.072461,74.01952711,18.97763436
Bujeo,3,2040,-5.52654,36.072461,19.93348678,19.8332744
Bujeo,3,2041,-5.52654,36.072461,46.27232445,18.3743422
Bujeo,3,2042,-5.52654,36.072461,45.76624531,17.61745212
Bujeo,3,2043,-5.52654,36.072461,16.21350519,18.52649989
Bujeo,3,2044,-5.52654,36.072461,67.50483924,17.56863581
Bujeo,3,2045,-5.52654,36.072461,37.06448148,18.78076152
Bujeo,3,2046,-5.52654,36.072461,70.8961851,19.63944348
Bujeo,3,2047,-5.52654,36.072461,46.90175693,18.80559102
Bujeo,3,2048,-5.52654,36.072461,8.174629961,19.2378036
Bujeo,3,2049,-5.52654,36.072461,18.14521742,19.04213769
Bujeo,3,2050,-5.52654,36.072461,4.573737487,19.8323697
Bujeo,3,2051,-5.52654,36.072461,27.47328465,18.72656132
Bujeo,3,2052,-5.52654,36.072461,71.36056421,20.03209839
Bujeo,3,2053,-5.52654,36.072461,20.84287903,18.04384963
Bujeo,3,2054,-5.52654,36.072461,73.79947989,18.30330712
Bujeo,3,2055,-5.52654,36.072461,90.81120581,17.1083185
Bujeo,3,2056,-5.52654,36.072461,24.14366291,18.82284625
Bujeo,3,2057,-5.52654,36.072461,12.18742192,19.81701739
Bujeo,3,2058,-5.52654,36.072461,65.34203055,18.62288425
Bujeo,3,2059,-5.52654,36.072461,83.19070885,18.76483725
Bujeo,3,2060,-5.52654,36.072461,74.83004389,19.66263093
Bujeo,3,2061,-5.52654,36.072461,44.75774676,17.72701219
Bujeo,3,2062,-5.52654,36.072461,9.851739997,18.98224251
Bujeo,3,2063,-5.52654,36.072461,0.600141038,19.29364092
Bujeo,3,2064,-5.52654,36.072461,15.63126381,19.17522977
Bujeo,3,2065,-5.52654,36.072461,30.54999448,18.18849015
Bujeo,3,2066,-5.52654,36.072461,2.661771234,19.16844207
Bujeo,3,2067,-5.52654,36.072461,15.65308093,19.86178471
Bujeo,3,2068,-5.52654,36.072461,74.91139376,19.36804475
Bujeo,3,2069,-5.52654,36.072461,115.429414,17.38697549
Bujeo,3,2070,-5.52654,36.072461,1.487554561,19.91127339
Bujeo,3,2071,-5.52654,36.072461,4.193699174,18.94265924
Bujeo,3,2072,-5.52654,36.072461,12.34871188,19.56009482
Bujeo,3,2073,-5.52654,36.072461,73.87940753,18.88792154
Bujeo,3,2074,-5.52654,36.072461,2.812334696,19.77733568
Bujeo,3,2075,-5.52654,36.072461,21.62463296,19.28932909
Bujeo,3,2076,-5.52654,36.072461,60.60632015,20.34025111
Bujeo,3,2077,-5.52654,36.072461,3.408576425,20.23222774
Bujeo,3,2078,-5.52654,36.072461,50.09523592,18.80874713
Bujeo,3,2079,-5.52654,36.072461,5.289788425,19.28064339
Bujeo,3,2080,-5.52654,36.072461,19.33359382,19.05363691
Bujeo,3,2081,-5.52654,36.072461,14.20574784,18.2107857
Bujeo,3,2082,-5.52654,36.072461,86.27590313,18.13360182
Bujeo,3,2083,-5.52654,36.072461,17.79153859,16.91105091
Bujeo,3,2084,-5.52654,36.072461,66.45820827,19.40002422
Bujeo,3,2085,-5.52654,36.072461,3.862472045,20.40484796
Bujeo,3,2086,-5.52654,36.072461,44.14189585,17.31805006
Bujeo,3,2087,-5.52654,36.072461,2.03767388,20.37342372
Bujeo,3,2088,-5.52654,36.072461,5.73091537,20.69613037
Bujeo,3,2089,-5.52654,36.072461,96.17888069,19.27221463
Bujeo,3,2090,-5.52654,36.072461,5.896381391,21.39100972
Bujeo,3,2091,-5.52654,36.072461,9.860539669,21.07969203
Bujeo,3,2092,-5.52654,36.072461,25.9422521,20.2087548
Bujeo,3,2093,-5.52654,36.072461,52.07426879,18.17931223
Bujeo,3,2094,-5.52654,36.072461,21.73869216,18.56472168
Bujeo,3,2095,-5.52654,36.072461,45.50084732,18.55784243
Bujeo,3,2096,-5.52654,36.072461,80.58156486,18.98841494
Bujeo,3,2097,-5.52654,36.072461,24.10460154,17.96952357
Bujeo,3,2098,-5.52654,36.072461,30.92338447,18.99292366
Bujeo,3,2099,-5.52654,36.072461,137.1349361,18.31512924
Bujeo,3,2100,-5.52654,36.072461,10.17320966,18.96477956
Bujeo,4,2015,-5.52654,36.072461,19.14988633,20.90034485
Bujeo,4,2016,-5.52654,36.072461,1.770788673,20.02556864
Bujeo,4,2017,-5.52654,36.072461,27.43767667,19.2776886
Bujeo,4,2018,-5.52654,36.072461,17.75032159,19.97425741
Bujeo,4,2019,-5.52654,36.072461,7.730804134,19.95571289
Bujeo,4,2020,-5.52654,36.072461,15.90538698,20.9677419
Bujeo,4,2021,-5.52654,36.072461,5.990967084,19.84891357
Bujeo,4,2022,-5.52654,36.072461,38.85594387,19.91819763
Bujeo,4,2023,-5.52654,36.072461,11.69857262,21.09731445
Bujeo,4,2024,-5.52654,36.072461,1.664591357,19.20473735
Bujeo,4,2025,-5.52654,36.072461,21.64139862,18.79019165
Bujeo,4,2026,-5.52654,36.072461,11.74415114,19.57736816
Bujeo,4,2027,-5.52654,36.072461,34.58322278,20.08526103
Bujeo,4,2028,-5.52654,36.072461,5.119764534,20.94820251
Bujeo,4,2029,-5.52654,36.072461,54.38403116,18.70542399
Bujeo,4,2030,-5.52654,36.072461,66.54969414,19.6692159
Bujeo,4,2031,-5.52654,36.072461,29.24705453,20.2896993
Bujeo,4,2032,-5.52654,36.072461,38.63547837,19.79051005
Bujeo,4,2033,-5.52654,36.072461,7.052768459,21.90958455
Bujeo,4,2034,-5.52654,36.072461,71.22633114,20.57022909
Bujeo,4,2035,-5.52654,36.072461,31.16820508,20.66778768
Bujeo,4,2036,-5.52654,36.072461,4.635821202,20.9877889
Bujeo,4,2037,-5.52654,36.072461,0.384440956,23.04914449
Bujeo,4,2038,-5.52654,36.072461,42.24792571,19.05046794
Bujeo,4,2039,-5.52654,36.072461,17.69405557,21.47379252
Bujeo,4,2040,-5.52654,36.072461,34.15824846,20.85536702
Bujeo,4,2041,-5.52654,36.072461,25.37443626,19.45994364
Bujeo,4,2042,-5.52654,36.072461,3.2837871,20.80542196
Bujeo,4,2043,-5.52654,36.072461,39.99159648,18.7437205
Bujeo,4,2044,-5.52654,36.072461,12.65455556,19.63114624
Bujeo,4,2045,-5.52654,36.072461,29.03095628,20.19950765
Bujeo,4,2046,-5.52654,36.072461,32.83694951,19.77155355
Bujeo,4,2047,-5.52654,36.072461,23.16143312,19.90939229
Bujeo,4,2048,-5.52654,36.072461,36.71592664,20.28931173
Bujeo,4,2049,-5.52654,36.072461,2.0261983,21.50121867
Bujeo,4,2050,-5.52654,36.072461,24.23045081,20.16742757
Bujeo,4,2051,-5.52654,36.072461,10.11528753,21.52635498
Bujeo,4,2052,-5.52654,36.072461,21.75899698,20.9295461
Bujeo,4,2053,-5.52654,36.072461,19.52653645,21.86052551
Bujeo,4,2054,-5.52654,36.072461,45.2942295,21.27167765
Bujeo,4,2055,-5.52654,36.072461,21.02125658,19.54173177
Bujeo,4,2056,-5.52654,36.072461,67.67769471,21.59237061
Bujeo,4,2057,-5.52654,36.072461,26.21903282,21.5098877
Bujeo,4,2058,-5.52654,36.072461,14.43816506,21.91769307
Bujeo,4,2059,-5.52654,36.072461,9.369693683,20.88336385
Bujeo,4,2060,-5.52654,36.072461,66.82270423,19.82178345
Bujeo,4,2061,-5.52654,36.072461,31.71600011,20.80514221
Bujeo,4,2062,-5.52654,36.072461,6.205091471,20.76406352
Bujeo,4,2063,-5.52654,36.072461,24.21131751,20.301356
Bujeo,4,2064,-5.52654,36.072461,0.494195473,21.78172099
Bujeo,4,2065,-5.52654,36.072461,13.00083107,19.89191386
Bujeo,4,2066,-5.52654,36.072461,2.121819303,21.41815491
Bujeo,4,2067,-5.52654,36.072461,43.1742122,20.68005981
Bujeo,4,2068,-5.52654,36.072461,2.315460513,20.0706075
Bujeo,4,2069,-5.52654,36.072461,0.550474352,21.66205953
Bujeo,4,2070,-5.52654,36.072461,9.940462824,21.45394084
Bujeo,4,2071,-5.52654,36.072461,6.769213012,20.95086161
Bujeo,4,2072,-5.52654,36.072461,7.517157381,19.91616211
Bujeo,4,2073,-5.52654,36.072461,47.92430434,18.59336853
Bujeo,4,2074,-5.52654,36.072461,12.32714956,22.40590719
Bujeo,4,2075,-5.52654,36.072461,4.515040983,22.31783651
Bujeo,4,2076,-5.52654,36.072461,3.771616017,22.33157857
Bujeo,4,2077,-5.52654,36.072461,20.50389524,19.96139832
Bujeo,4,2078,-5.52654,36.072461,6.996875556,19.13348083
Bujeo,4,2079,-5.52654,36.072461,6.585412264,22.33785706
Bujeo,4,2080,-5.52654,36.072461,10.47330234,20.37891439
Bujeo,4,2081,-5.52654,36.072461,2.619876257,22.11139933
Bujeo,4,2082,-5.52654,36.072461,1.592685986,20.81955668
Bujeo,4,2083,-5.52654,36.072461,6.085133685,20.08558655
Bujeo,4,2084,-5.52654,36.072461,5.551622394,21.89000753
Bujeo,4,2085,-5.52654,36.072461,14.39590331,21.25871073
Bujeo,4,2086,-5.52654,36.072461,1.690507401,21.24211731
Bujeo,4,2087,-5.52654,36.072461,2.629922237,23.23283488
Bujeo,4,2088,-5.52654,36.072461,1.135122669,22.05500488
Bujeo,4,2089,-5.52654,36.072461,4.982673202,21.09267782
Bujeo,4,2090,-5.52654,36.072461,17.21280811,22.26715088
Bujeo,4,2091,-5.52654,36.072461,22.56720963,21.21988525
Bujeo,4,2092,-5.52654,36.072461,60.39297303,21.34099325
Bujeo,4,2093,-5.52654,36.072461,17.72988061,20.81468608
Bujeo,4,2094,-5.52654,36.072461,4.019686033,19.74826864
Bujeo,4,2095,-5.52654,36.072461,74.90797825,20.49025269
Bujeo,4,2096,-5.52654,36.072461,32.48157671,18.7463206
Bujeo,4,2097,-5.52654,36.072461,66.59870641,19.54340515
Bujeo,4,2098,-5.52654,36.072461,13.32770216,22.53571167
Bujeo,4,2099,-5.52654,36.072461,8.948511914,21.70256348
Bujeo,4,2100,-5.52654,36.072461,56.65837419,20.73226725
Bujeo,5,2015,-5.52654,36.072461,26.56930497,23.04343911
Bujeo,5,2016,-5.52654,36.072461,50.66333875,19.7801807
Bujeo,5,2017,-5.52654,36.072461,1.890598274,22.80272138
Bujeo,5,2018,-5.52654,36.072461,12.5906802,21.74139188
Bujeo,5,2019,-5.52654,36.072461,0.933399007,22.17701751
Bujeo,5,2020,-5.52654,36.072461,14.32144813,22.19920083
Bujeo,5,2021,-5.52654,36.072461,27.69862547,21.57829216
Bujeo,5,2022,-5.52654,36.072461,36.54641134,21.98989455
Bujeo,5,2023,-5.52654,36.072461,22.99621124,23.07518921
Bujeo,5,2024,-5.52654,36.072461,12.4107722,21.97186752
Bujeo,5,2025,-5.52654,36.072461,25.19609818,20.14840875
Bujeo,5,2026,-5.52654,36.072461,12.57757179,22.04739852
Bujeo,5,2027,-5.52654,36.072461,17.55428438,21.83620212
Bujeo,5,2028,-5.52654,36.072461,13.12726525,20.93542756
Bujeo,5,2029,-5.52654,36.072461,5.07632687,23.377897
Bujeo,5,2030,-5.52654,36.072461,14.17875963,23.0049909
Bujeo,5,2031,-5.52654,36.072461,94.19254875,21.92348731
Bujeo,5,2032,-5.52654,36.072461,2.162326655,23.40240754
Bujeo,5,2033,-5.52654,36.072461,12.43703225,22.17746247
Bujeo,5,2034,-5.52654,36.072461,50.79922169,22.09956193
Bujeo,5,2035,-5.52654,36.072461,52.49350657,19.37573616
Bujeo,5,2036,-5.52654,36.072461,7.596863161,22.12198644
Bujeo,5,2037,-5.52654,36.072461,9.418500007,23.30892531
Bujeo,5,2038,-5.52654,36.072461,17.80935576,21.85324963
Bujeo,5,2039,-5.52654,36.072461,3.109495048,23.02096833
Bujeo,5,2040,-5.52654,36.072461,19.89184847,20.10980303
Bujeo,5,2041,-5.52654,36.072461,3.13079718,22.05249693
Bujeo,5,2042,-5.52654,36.072461,37.81259842,22.72450483
Bujeo,5,2043,-5.52654,36.072461,12.62271276,22.53364789
Bujeo,5,2044,-5.52654,36.072461,1.577369945,22.50469754
Bujeo,5,2045,-5.52654,36.072461,15.10378885,22.71756946
Bujeo,5,2046,-5.52654,36.072461,36.24896092,22.4600454
Bujeo,5,2047,-5.52654,36.072461,12.04478186,22.5653596
Bujeo,5,2048,-5.52654,36.072461,7.877808505,21.65636498
Bujeo,5,2049,-5.52654,36.072461,6.773319979,23.69693367
Bujeo,5,2050,-5.52654,36.072461,12.45624519,22.80486746
Bujeo,5,2051,-5.52654,36.072461,17.35114649,23.14828176
Bujeo,5,2052,-5.52654,36.072461,2.382551308,24.92996491
Bujeo,5,2053,-5.52654,36.072461,21.05307309,24.0289344
Bujeo,5,2054,-5.52654,36.072461,36.27298053,22.81256478
Bujeo,5,2055,-5.52654,36.072461,0.762744687,22.21349389
Bujeo,5,2056,-5.52654,36.072461,16.38297889,22.54302565
Bujeo,5,2057,-5.52654,36.072461,15.97083914,21.33255084
Bujeo,5,2058,-5.52654,36.072461,37.86876615,23.11293355
Bujeo,5,2059,-5.52654,36.072461,1.284750686,23.33314445
Bujeo,5,2060,-5.52654,36.072461,21.220363,22.91872559
Bujeo,5,2061,-5.52654,36.072461,2.04790318,23.46695419
Bujeo,5,2062,-5.52654,36.072461,13.90862318,22.73864333
Bujeo,5,2063,-5.52654,36.072461,2.043918175,22.91285834
Bujeo,5,2064,-5.52654,36.072461,18.45646266,24.22816201
Bujeo,5,2065,-5.52654,36.072461,4.501250928,22.89704039
Bujeo,5,2066,-5.52654,36.072461,5.214389999,20.70138825
Bujeo,5,2067,-5.52654,36.072461,12.93389035,23.92408684
Bujeo,5,2068,-5.52654,36.072461,24.14066874,22.34037318
Bujeo,5,2069,-5.52654,36.072461,3.515681766,24.38815386
Bujeo,5,2070,-5.52654,36.072461,1.737324116,23.38064654
Bujeo,5,2071,-5.52654,36.072461,14.65642974,23.09894271
Bujeo,5,2072,-5.52654,36.072461,53.84799986,20.91089537
Bujeo,5,2073,-5.52654,36.072461,3.413815517,23.79836623
Bujeo,5,2074,-5.52654,36.072461,9.13776583,22.56059393
Bujeo,5,2075,-5.52654,36.072461,40.99188391,23.24972613
Bujeo,5,2076,-5.52654,36.072461,11.73494689,24.90388814
Bujeo,5,2077,-5.52654,36.072461,21.02361483,23.08212654
Bujeo,5,2078,-5.52654,36.072461,75.47152563,20.41593175
Bujeo,5,2079,-5.52654,36.072461,0.813532337,24.94841328
Bujeo,5,2080,-5.52654,36.072461,62.83454243,22.1581921
Bujeo,5,2081,-5.52654,36.072461,8.720531451,23.62607973
Bujeo,5,2082,-5.52654,36.072461,31.12926352,22.82800864
Bujeo,5,2083,-5.52654,36.072461,0.33889949,24.22876941
Bujeo,5,2084,-5.52654,36.072461,43.77438158,21.97322998
Bujeo,5,2085,-5.52654,36.072461,7.865289288,23.61215682
Bujeo,5,2086,-5.52654,36.072461,6.737011035,22.93715623
Bujeo,5,2087,-5.52654,36.072461,2.33793517,24.90849924
Bujeo,5,2088,-5.52654,36.072461,8.731813497,25.1641322
Bujeo,5,2089,-5.52654,36.072461,19.970951,24.38343644
Bujeo,5,2090,-5.52654,36.072461,38.88745431,23.26903785
Bujeo,5,2091,-5.52654,36.072461,0.775963104,22.97943194
Bujeo,5,2092,-5.52654,36.072461,3.172738591,23.52152257
Bujeo,5,2093,-5.52654,36.072461,26.34441225,23.98325943
Bujeo,5,2094,-5.52654,36.072461,6.281627991,22.74229067
Bujeo,5,2095,-5.52654,36.072461,1.656750358,23.92986352
Bujeo,5,2096,-5.52654,36.072461,3.2699138,22.15860163
Bujeo,5,2097,-5.52654,36.072461,1.931670198,22.77556664
Bujeo,5,2098,-5.52654,36.072461,24.75615453,22.58609088
Bujeo,5,2099,-5.52654,36.072461,21.56599228,26.54742215
Bujeo,5,2100,-5.52654,36.072461,58.18598587,20.48987978
Bujeo,6,2015,-5.52654,36.072461,11.43268896,25.12388916
Bujeo,6,2016,-5.52654,36.072461,10.81014302,24.80907694
Bujeo,6,2017,-5.52654,36.072461,16.62687798,24.1956309
Bujeo,6,2018,-5.52654,36.072461,2.304504936,24.2989624
Bujeo,6,2019,-5.52654,36.072461,3.023009041,24.34342753
Bujeo,6,2020,-5.52654,36.072461,0.478482365,25.54847107
Bujeo,6,2021,-5.52654,36.072461,0.02017984,26.51384989
Bujeo,6,2022,-5.52654,36.072461,0.993663544,26.08105469
Bujeo,6,2023,-5.52654,36.072461,11.26840505,25.25273539
Bujeo,6,2024,-5.52654,36.072461,2.390418131,25.38369039
Bujeo,6,2025,-5.52654,36.072461,2.337492551,24.6648468
Bujeo,6,2026,-5.52654,36.072461,8.822102186,26.37143555
Bujeo,6,2027,-5.52654,36.072461,0.599258648,25.43178202
Bujeo,6,2028,-5.52654,36.072461,9.814566931,24.5489329
Bujeo,6,2029,-5.52654,36.072461,6.930660113,24.4731781
Bujeo,6,2030,-5.52654,36.072461,24.25920891,25.08228048
Bujeo,6,2031,-5.52654,36.072461,12.41802929,27.23867798
Bujeo,6,2032,-5.52654,36.072461,1.566589425,28.56979472
Bujeo,6,2033,-5.52654,36.072461,2.638046695,25.42724915
Bujeo,6,2034,-5.52654,36.072461,2.650109309,25.36330872
Bujeo,6,2035,-5.52654,36.072461,8.320560526,24.95092672
Bujeo,6,2036,-5.52654,36.072461,0.397846737,25.97727865
Bujeo,6,2037,-5.52654,36.072461,14.33881449,25.78631185
Bujeo,6,2038,-5.52654,36.072461,16.76449401,24.92771403
Bujeo,6,2039,-5.52654,36.072461,3.771068652,27.69979757
Bujeo,6,2040,-5.52654,36.072461,0.51192737,25.33442586
Bujeo,6,2041,-5.52654,36.072461,10.82130155,25.82947795
Bujeo,6,2042,-5.52654,36.072461,1.751711844,25.29752604
Bujeo,6,2043,-5.52654,36.072461,0.941310968,27.10895386
Bujeo,6,2044,-5.52654,36.072461,1.213394558,26.49813232
Bujeo,6,2045,-5.52654,36.072461,26.88163826,25.33018188
Bujeo,6,2046,-5.52654,36.072461,0.49910211,25.38109334
Bujeo,6,2047,-5.52654,36.072461,9.666042533,26.98004659
Bujeo,6,2048,-5.52654,36.072461,1.006344081,26.51602376
Bujeo,6,2049,-5.52654,36.072461,14.55230319,28.05231425
Bujeo,6,2050,-5.52654,36.072461,15.16865688,26.50661825
Bujeo,6,2051,-5.52654,36.072461,3.104553684,25.16821187
Bujeo,6,2052,-5.52654,36.072461,1.76718888,27.30794373
Bujeo,6,2053,-5.52654,36.072461,0.254846509,26.73312683
Bujeo,6,2054,-5.52654,36.072461,0.456883148,28.19003398
Bujeo,6,2055,-5.52654,36.072461,1.209925887,27.12475688
Bujeo,6,2056,-5.52654,36.072461,3.030629706,25.87258199
Bujeo,6,2057,-5.52654,36.072461,4.84590146519069e-05,26.8999644
Bujeo,6,2058,-5.52654,36.072461,4.704721687,26.16756185
Bujeo,6,2059,-5.52654,36.072461,0.960171361,25.51121318
Bujeo,6,2060,-5.52654,36.072461,11.05198057,26.01917521
Bujeo,6,2061,-5.52654,36.072461,15.70103987,28.12191874
Bujeo,6,2062,-5.52654,36.072461,2.601603554,27.39697876
Bujeo,6,2063,-5.52654,36.072461,0.348523703,27.14226074
Bujeo,6,2064,-5.52654,36.072461,0.63016109,27.27336629
Bujeo,6,2065,-5.52654,36.072461,0.104875218,27.33616028
Bujeo,6,2066,-5.52654,36.072461,0.709014296,25.64184163
Bujeo,6,2067,-5.52654,36.072461,3.019206835,28.2691213
Bujeo,6,2068,-5.52654,36.072461,3.315462154,27.18213603
Bujeo,6,2069,-5.52654,36.072461,21.21958365,28.33490906
Bujeo,6,2070,-5.52654,36.072461,91.59643305,26.7995697
Bujeo,6,2071,-5.52654,36.072461,0.001830084,27.07820231
Bujeo,6,2072,-5.52654,36.072461,15.42091199,24.8008606
Bujeo,6,2073,-5.52654,36.072461,7.895733969,24.98627014
Bujeo,6,2074,-5.52654,36.072461,1.371368999,26.36082865
Bujeo,6,2075,-5.52654,36.072461,3.746494285,26.51497701
Bujeo,6,2076,-5.52654,36.072461,3.180161847,26.93838603
Bujeo,6,2077,-5.52654,36.072461,1.307937471,27.82612305
Bujeo,6,2078,-5.52654,36.072461,2.823300062,27.59452311
Bujeo,6,2079,-5.52654,36.072461,2.13514284,26.71493937
Bujeo,6,2080,-5.52654,36.072461,5.572613972,26.21239115
Bujeo,6,2081,-5.52654,36.072461,12.81441042,28.58234965
Bujeo,6,2082,-5.52654,36.072461,0.4702046,27.60872904
Bujeo,6,2083,-5.52654,36.072461,2.177852853,27.59689331
Bujeo,6,2084,-5.52654,36.072461,10.64418371,23.7426768
Bujeo,6,2085,-5.52654,36.072461,0.343573164,27.93795471
Bujeo,6,2086,-5.52654,36.072461,4.347732537,25.46571248
Bujeo,6,2087,-5.52654,36.072461,13.43060142,30.0597758
Bujeo,6,2088,-5.52654,36.072461,8.182372427,25.66917013
Bujeo,6,2089,-5.52654,36.072461,0.184517942,26.19928487
Bujeo,6,2090,-5.52654,36.072461,0.325486239,27.97330017
Bujeo,6,2091,-5.52654,36.072461,1.048406812,26.64950053
Bujeo,6,2092,-5.52654,36.072461,14.20700736,27.45508321
Bujeo,6,2093,-5.52654,36.072461,0.000732555,27.72221069
Bujeo,6,2094,-5.52654,36.072461,0.442529092,26.65974426
Bujeo,6,2095,-5.52654,36.072461,2.871266809,28.5549408
Bujeo,6,2096,-5.52654,36.072461,0.574908591,25.75739136
Bujeo,6,2097,-5.52654,36.072461,0.006117933,27.44307658
Bujeo,6,2098,-5.52654,36.072461,3.497213348,26.23625183
Bujeo,6,2099,-5.52654,36.072461,3.104839783,27.84369609
Bujeo,6,2100,-5.52654,36.072461,11.79775413,26.05668132
Bujeo,7,2015,-5.52654,36.072461,1.270525445,28.23426061
Bujeo,7,2016,-5.52654,36.072461,0.839149164,28.58280777
Bujeo,7,2017,-5.52654,36.072461,0.018923604,29.04676061
Bujeo,7,2018,-5.52654,36.072461,0.181754462,27.91979567
Bujeo,7,2019,-5.52654,36.072461,0.008473229,29.11276718
Bujeo,7,2020,-5.52654,36.072461,0.088216272,29.76330153
Bujeo,7,2021,-5.52654,36.072461,0.064162216,29.2646384
Bujeo,7,2022,-5.52654,36.072461,5.91371619582378e-07,30.16904454
Bujeo,7,2023,-5.52654,36.072461,0.367394544,28.52981252
Bujeo,7,2024,-5.52654,36.072461,0.191780271,28.70127504
Bujeo,7,2025,-5.52654,36.072461,0.094232305,28.48884021
Bujeo,7,2026,-5.52654,36.072461,18.00778257,29.43356993
Bujeo,7,2027,-5.52654,36.072461,0.37384859,28.43671225
Bujeo,7,2028,-5.52654,36.072461,1.568060921,29.41521213
Bujeo,7,2029,-5.52654,36.072461,0.754268841,28.96728201
Bujeo,7,2030,-5.52654,36.072461,0.13518314,27.60246503
Bujeo,7,2031,-5.52654,36.072461,1.020030272,29.9985005
Bujeo,7,2032,-5.52654,36.072461,0.0808702,29.88949073
Bujeo,7,2033,-5.52654,36.072461,3.249720493,28.38462564
Bujeo,7,2034,-5.52654,36.072461,0.02505485,29.04826975
Bujeo,7,2035,-5.52654,36.072461,0.001054398,28.64778167
Bujeo,7,2036,-5.52654,36.072461,0.000516296,29.40328763
Bujeo,7,2037,-5.52654,36.072461,13.35642669,29.34382856
Bujeo,7,2038,-5.52654,36.072461,0.058405403,27.94303234
Bujeo,7,2039,-5.52654,36.072461,0.277634874,31.37012093
Bujeo,7,2040,-5.52654,36.072461,0.000684164,29.94543733
Bujeo,7,2041,-5.52654,36.072461,2.949886231,30.09375177
Bujeo,7,2042,-5.52654,36.072461,0.003580904,30.10781053
Bujeo,7,2043,-5.52654,36.072461,0.599857029,29.09270827
Bujeo,7,2044,-5.52654,36.072461,0.083888649,30.46781065
Bujeo,7,2045,-5.52654,36.072461,0.12021193,29.803821
Bujeo,7,2046,-5.52654,36.072461,0.007723843,29.18478079
Bujeo,7,2047,-5.52654,36.072461,0.33484687,30.77358202
Bujeo,7,2048,-5.52654,36.072461,0.12229728,30.72184389
Bujeo,7,2049,-5.52654,36.072461,0.312241812,30.71612824
Bujeo,7,2050,-5.52654,36.072461,0.195405632,30.60319647
Bujeo,7,2051,-5.52654,36.072461,2.099406929,29.35382257
Bujeo,7,2052,-5.52654,36.072461,1.808501501,30.66458898
Bujeo,7,2053,-5.52654,36.072461,0.12792167,29.7812498
Bujeo,7,2054,-5.52654,36.072461,0.061662894,30.50989636
Bujeo,7,2055,-5.52654,36.072461,0.479517283,30.00206614
Bujeo,7,2056,-5.52654,36.072461,0.132429613,30.1634175
Bujeo,7,2057,-5.52654,36.072461,0.092066689,31.30837796
Bujeo,7,2058,-5.52654,36.072461,0.066162639,30.58237758
Bujeo,7,2059,-5.52654,36.072461,0.040969837,29.47762943
Bujeo,7,2060,-5.52654,36.072461,0.006766311,30.94343596
Bujeo,7,2061,-5.52654,36.072461,0.569059187,31.55014412
Bujeo,7,2062,-5.52654,36.072461,2.319892108,31.38023012
Bujeo,7,2063,-5.52654,36.072461,4.03538793013835e-11,31.11959524
Bujeo,7,2064,-5.52654,36.072461,0.00057411,30.29004576
Bujeo,7,2065,-5.52654,36.072461,9.200567602,29.08401666
Bujeo,7,2066,-5.52654,36.072461,0.000454108,30.02580488
Bujeo,7,2067,-5.52654,36.072461,0.001261142,30.42966171
Bujeo,7,2068,-5.52654,36.072461,0.304050088,30.98381663
Bujeo,7,2069,-5.52654,36.072461,1.39888304891325e-06,31.01014837
Bujeo,7,2070,-5.52654,36.072461,4.610611563,31.56715521
Bujeo,7,2071,-5.52654,36.072461,0.007129923,30.6840779
Bujeo,7,2072,-5.52654,36.072461,1.664366326,30.50783593
Bujeo,7,2073,-5.52654,36.072461,0.224409088,30.61330074
Bujeo,7,2074,-5.52654,36.072461,0.327329823,29.70745436
Bujeo,7,2075,-5.52654,36.072461,0.011326281,31.56604969
Bujeo,7,2076,-5.52654,36.072461,0.506799192,31.05211792
Bujeo,7,2077,-5.52654,36.072461,0.057407557,30.71904809
Bujeo,7,2078,-5.52654,36.072461,1.400739392,29.80148
Bujeo,7,2079,-5.52654,36.072461,0.71231133,29.45623858
Bujeo,7,2080,-5.52654,36.072461,0.149023932,31.35041642
Bujeo,7,2081,-5.52654,36.072461,0.001223106,32.22121976
Bujeo,7,2082,-5.52654,36.072461,0.037938268,31.65726673
Bujeo,7,2083,-5.52654,36.072461,0.004939857,31.1365069
Bujeo,7,2084,-5.52654,36.072461,0.041861402,30.26938339
Bujeo,7,2085,-5.52654,36.072461,0.039542546,31.67758848
Bujeo,7,2086,-5.52654,36.072461,0.021297171,30.12402127
Bujeo,7,2087,-5.52654,36.072461,0.000136064,32.09339048
Bujeo,7,2088,-5.52654,36.072461,2.475295123,30.36777206
Bujeo,7,2089,-5.52654,36.072461,0.276395003,31.01610324
Bujeo,7,2090,-5.52654,36.072461,3.766668793,30.1777962
Bujeo,7,2091,-5.52654,36.072461,0.403741162,31.0736397
Bujeo,7,2092,-5.52654,36.072461,0.002927769,30.85677195
Bujeo,7,2093,-5.52654,36.072461,1.054016201,30.62860875
Bujeo,7,2094,-5.52654,36.072461,1.01733128869706e-08,29.78077727
Bujeo,7,2095,-5.52654,36.072461,5.110948905,31.67808956
Bujeo,7,2096,-5.52654,36.072461,0.016118979,30.89410479
Bujeo,7,2097,-5.52654,36.072461,1.371944772,31.1160552
Bujeo,7,2098,-5.52654,36.072461,0.188219875,30.5796684
Bujeo,7,2099,-5.52654,36.072461,0.151329436,31.59036924
Bujeo,7,2100,-5.52654,36.072461,2.06042769582113e-09,30.72657215
Bujeo,8,2015,-5.52654,36.072461,0.004956272,28.03072904
Bujeo,8,2016,-5.52654,36.072461,0.077222697,29.02712993
Bujeo,8,2017,-5.52654,36.072461,7.075613086,28.85467017
Bujeo,8,2018,-5.52654,36.072461,5.774638421,30.03302376
Bujeo,8,2019,-5.52654,36.072461,23.37135327,29.74709177
Bujeo,8,2020,-5.52654,36.072461,0.013345354,30.57475212
Bujeo,8,2021,-5.52654,36.072461,2.080827717,28.94568934
Bujeo,8,2022,-5.52654,36.072461,3.424505413,29.32490963
Bujeo,8,2023,-5.52654,36.072461,4.636300438,30.85282238
Bujeo,8,2024,-5.52654,36.072461,0.539697384,28.52708169
Bujeo,8,2025,-5.52654,36.072461,4.083920135,29.87602165
Bujeo,8,2026,-5.52654,36.072461,1.666536346,28.6133096
Bujeo,8,2027,-5.52654,36.072461,0.488244572,30.83639704
Bujeo,8,2028,-5.52654,36.072461,7.175412716,30.60238431
Bujeo,8,2029,-5.52654,36.072461,0.039007893,30.17986549
Bujeo,8,2030,-5.52654,36.072461,0.181131036,28.73894949
Bujeo,8,2031,-5.52654,36.072461,14.64317701,28.93106945
Bujeo,8,2032,-5.52654,36.072461,7.438535148,30.31238955
Bujeo,8,2033,-5.52654,36.072461,0.002512204,29.48697864
Bujeo,8,2034,-5.52654,36.072461,0.154747526,30.62387754
Bujeo,8,2035,-5.52654,36.072461,0.719287503,28.29960268
Bujeo,8,2036,-5.52654,36.072461,11.44729455,29.62714686
Bujeo,8,2037,-5.52654,36.072461,2.334524905,29.45806668
Bujeo,8,2038,-5.52654,36.072461,0.001282789,31.01940012
Bujeo,8,2039,-5.52654,36.072461,1.934413776,30.368598
Bujeo,8,2040,-5.52654,36.072461,0.001996882,29.29278939
Bujeo,8,2041,-5.52654,36.072461,14.96224327,29.40333587
Bujeo,8,2042,-5.52654,36.072461,12.57105645,30.77577042
Bujeo,8,2043,-5.52654,36.072461,0.424910034,28.99837646
Bujeo,8,2044,-5.52654,36.072461,0.381060602,30.93758151
Bujeo,8,2045,-5.52654,36.072461,3.048323709,30.92242904
Bujeo,8,2046,-5.52654,36.072461,14.8172407,30.71932964
Bujeo,8,2047,-5.52654,36.072461,0.128308299,31.06736785
Bujeo,8,2048,-5.52654,36.072461,1.69974653,30.14361257
Bujeo,8,2049,-5.52654,36.072461,4.158838371,31.1090588
Bujeo,8,2050,-5.52654,36.072461,16.81818399,30.23236261
Bujeo,8,2051,-5.52654,36.072461,0.005628323,30.35786664
Bujeo,8,2052,-5.52654,36.072461,0.007099053,30.21697289
Bujeo,8,2053,-5.52654,36.072461,0.243951432,31.67793894
Bujeo,8,2054,-5.52654,36.072461,0.253635994,30.81787877
Bujeo,8,2055,-5.52654,36.072461,0.287838206,29.83283829
Bujeo,8,2056,-5.52654,36.072461,0.001797601,31.12881844
Bujeo,8,2057,-5.52654,36.072461,16.02572578,31.45109095
Bujeo,8,2058,-5.52654,36.072461,0.052302127,31.06798903
Bujeo,8,2059,-5.52654,36.072461,3.60955474,31.06858068
Bujeo,8,2060,-5.52654,36.072461,0.285191839,31.12647646
Bujeo,8,2061,-5.52654,36.072461,29.45859986,31.51838025
Bujeo,8,2062,-5.52654,36.072461,0.361919035,30.93451696
Bujeo,8,2063,-5.52654,36.072461,0.000113228,30.7146447
Bujeo,8,2064,-5.52654,36.072461,1.692127824,31.20835315
Bujeo,8,2065,-5.52654,36.072461,12.12647507,29.42635006
Bujeo,8,2066,-5.52654,36.072461,1.439157769,30.66662676
Bujeo,8,2067,-5.52654,36.072461,1.010716083,31.23519287
Bujeo,8,2068,-5.52654,36.072461,0.013457723,30.03412141
Bujeo,8,2069,-5.52654,36.072461,0.434328804,29.39701774
Bujeo,8,2070,-5.52654,36.072461,0.001978666,30.92003194
Bujeo,8,2071,-5.52654,36.072461,2.745327982,31.91486757
Bujeo,8,2072,-5.52654,36.072461,0.440473998,30.19409751
Bujeo,8,2073,-5.52654,36.072461,1.214954274,31.18129883
Bujeo,8,2074,-5.52654,36.072461,0.002462269,31.03871578
Bujeo,8,2075,-5.52654,36.072461,0.17268121,31.9851781
Bujeo,8,2076,-5.52654,36.072461,0.133849606,31.56267405
Bujeo,8,2077,-5.52654,36.072461,0.004273209,31.45606433
Bujeo,8,2078,-5.52654,36.072461,1.019522309,29.67223019
Bujeo,8,2079,-5.52654,36.072461,0.773237687,29.64996614
Bujeo,8,2080,-5.52654,36.072461,0.014031402,31.17963316
Bujeo,8,2081,-5.52654,36.072461,9.190188495,32.55523859
Bujeo,8,2082,-5.52654,36.072461,8.175699466,33.28140633
Bujeo,8,2083,-5.52654,36.072461,0.065729563,30.60939055
Bujeo,8,2084,-5.52654,36.072461,0.316181422,31.39227767
Bujeo,8,2085,-5.52654,36.072461,0.050472132,30.45302734
Bujeo,8,2086,-5.52654,36.072461,5.81288813851131e-06,31.39035211
Bujeo,8,2087,-5.52654,36.072461,2.252708054,31.31390361
Bujeo,8,2088,-5.52654,36.072461,0.102754547,29.96212158
Bujeo,8,2089,-5.52654,36.072461,0.720386864,30.39036393
Bujeo,8,2090,-5.52654,36.072461,2.422317356,30.24217057
Bujeo,8,2091,-5.52654,36.072461,0.81991623,31.15497003
Bujeo,8,2092,-5.52654,36.072461,0.309606089,33.73634466
Bujeo,8,2093,-5.52654,36.072461,1.554460289,32.14801203
Bujeo,8,2094,-5.52654,36.072461,0.071006972,29.95440556
Bujeo,8,2095,-5.52654,36.072461,0.257714248,30.2135815
Bujeo,8,2096,-5.52654,36.072461,7.267262857,31.34145705
Bujeo,8,2097,-5.52654,36.072461,0.362356771,31.90498283
Bujeo,8,2098,-5.52654,36.072461,0.036998866,29.42546899
Bujeo,8,2099,-5.52654,36.072461,15.13448793,33.22097759
Bujeo,8,2100,-5.52654,36.072461,8.31325894609877e-05,31.74273071
Bujeo,9,2015,-5.52654,36.072461,29.12937109,27.32610474
Bujeo,9,2016,-5.52654,36.072461,44.30022504,26.35695089
Bujeo,9,2017,-5.52654,36.072461,2.324904913,26.44309998
Bujeo,9,2018,-5.52654,36.072461,5.796000252,27.12048848
Bujeo,9,2019,-5.52654,36.072461,3.415535468,27.61777445
Bujeo,9,2020,-5.52654,36.072461,16.4640742,27.09382935
Bujeo,9,2021,-5.52654,36.072461,6.914782138,26.79198507
Bujeo,9,2022,-5.52654,36.072461,0.404390417,27.58780009
Bujeo,9,2023,-5.52654,36.072461,7.222372281,28.42845866
Bujeo,9,2024,-5.52654,36.072461,8.139687637,27.13101705
Bujeo,9,2025,-5.52654,36.072461,24.87498267,26.48693848
Bujeo,9,2026,-5.52654,36.072461,0.956368385,26.32383931
Bujeo,9,2027,-5.52654,36.072461,1.876135875,28.90427043
Bujeo,9,2028,-5.52654,36.072461,29.16072391,27.39449666
Bujeo,9,2029,-5.52654,36.072461,1.179299383,26.59941508
Bujeo,9,2030,-5.52654,36.072461,0.041128124,26.65032959
Bujeo,9,2031,-5.52654,36.072461,10.56388616,27.72082621
Bujeo,9,2032,-5.52654,36.072461,4.663424678,27.54966329
Bujeo,9,2033,-5.52654,36.072461,79.60428836,27.09714457
Bujeo,9,2034,-5.52654,36.072461,54.25101184,28.05728048
Bujeo,9,2035,-5.52654,36.072461,8.115130383,27.62609456
Bujeo,9,2036,-5.52654,36.072461,0.795903659,27.85401204
Bujeo,9,2037,-5.52654,36.072461,0.796852355,28.79805501
Bujeo,9,2038,-5.52654,36.072461,0.115822424,28.63207092
Bujeo,9,2039,-5.52654,36.072461,8.499336093,26.17639567
Bujeo,9,2040,-5.52654,36.072461,0.26806817,27.70439555
Bujeo,9,2041,-5.52654,36.072461,12.93943215,27.64101766
Bujeo,9,2042,-5.52654,36.072461,11.21009506,26.48235982
Bujeo,9,2043,-5.52654,36.072461,14.83199768,26.81336873
Bujeo,9,2044,-5.52654,36.072461,11.80940845,27.9426534
Bujeo,9,2045,-5.52654,36.072461,0.138767982,28.28710124
Bujeo,9,2046,-5.52654,36.072461,0.750637459,29.25112508
Bujeo,9,2047,-5.52654,36.072461,0.383041399,27.3411143
Bujeo,9,2048,-5.52654,36.072461,0.094654914,29.22688802
Bujeo,9,2049,-5.52654,36.072461,0.105280643,27.46331075
Bujeo,9,2050,-5.52654,36.072461,0.120390227,28.62963664
Bujeo,9,2051,-5.52654,36.072461,12.03753095,27.47367655
Bujeo,9,2052,-5.52654,36.072461,12.85870606,27.97700094
Bujeo,9,2053,-5.52654,36.072461,0.176472369,28.11407979
Bujeo,9,2054,-5.52654,36.072461,0.482936997,28.62812602
Bujeo,9,2055,-5.52654,36.072461,20.96663654,27.79888916
Bujeo,9,2056,-5.52654,36.072461,18.20506595,28.30365092
Bujeo,9,2057,-5.52654,36.072461,16.6533924,28.91573486
Bujeo,9,2058,-5.52654,36.072461,1.974134931,28.62518412
Bujeo,9,2059,-5.52654,36.072461,1.326554388,26.58623556
Bujeo,9,2060,-5.52654,36.072461,2.813280998,28.23268229
Bujeo,9,2061,-5.52654,36.072461,4.725536202,28.77483724
Bujeo,9,2062,-5.52654,36.072461,0.044519707,28.67111511
Bujeo,9,2063,-5.52654,36.072461,7.162842476,29.06372477
Bujeo,9,2064,-5.52654,36.072461,5.352112017,27.74447123
Bujeo,9,2065,-5.52654,36.072461,6.574727615,27.20939331
Bujeo,9,2066,-5.52654,36.072461,0.489707261,29.11855774
Bujeo,9,2067,-5.52654,36.072461,0.246740888,28.28807882
Bujeo,9,2068,-5.52654,36.072461,5.987670181,26.07259216
Bujeo,9,2069,-5.52654,36.072461,0.615491611,28.77567647
Bujeo,9,2070,-5.52654,36.072461,6.268805548,28.35209147
Bujeo,9,2071,-5.52654,36.072461,16.53606441,28.13183695
Bujeo,9,2072,-5.52654,36.072461,20.35283024,27.06451314
Bujeo,9,2073,-5.52654,36.072461,4.607779814,28.70525614
Bujeo,9,2074,-5.52654,36.072461,0.008303737,28.77179057
Bujeo,9,2075,-5.52654,36.072461,1.826174456,28.60557353
Bujeo,9,2076,-5.52654,36.072461,6.462319906,28.10228475
Bujeo,9,2077,-5.52654,36.072461,0.648988957,29.05864461
Bujeo,9,2078,-5.52654,36.072461,17.44214146,27.94238078
Bujeo,9,2079,-5.52654,36.072461,2.316786703,27.97945455
Bujeo,9,2080,-5.52654,36.072461,2.638578547,27.84676412
Bujeo,9,2081,-5.52654,36.072461,2.865899212,29.27524109
Bujeo,9,2082,-5.52654,36.072461,37.82425857,28.58473511
Bujeo,9,2083,-5.52654,36.072461,0.043870957,30.2013265
Bujeo,9,2084,-5.52654,36.072461,0.890850352,27.92000732
Bujeo,9,2085,-5.52654,36.072461,2.56564906,28.13406677
Bujeo,9,2086,-5.52654,36.072461,0.420845533,29.44381816
Bujeo,9,2087,-5.52654,36.072461,0.200715604,27.54230245
Bujeo,9,2088,-5.52654,36.072461,6.349533087,28.08921712
Bujeo,9,2089,-5.52654,36.072461,10.17893968,29.10918884
Bujeo,9,2090,-5.52654,36.072461,20.37555536,29.81142375
Bujeo,9,2091,-5.52654,36.072461,1.76286395,29.85695903
Bujeo,9,2092,-5.52654,36.072461,6.124628618,28.06978251
Bujeo,9,2093,-5.52654,36.072461,0.197588189,28.7176005
Bujeo,9,2094,-5.52654,36.072461,4.742229791,28.59842936
Bujeo,9,2095,-5.52654,36.072461,2.386672537,27.72009277
Bujeo,9,2096,-5.52654,36.072461,0.158347184,29.72107646
Bujeo,9,2097,-5.52654,36.072461,0.621944337,28.44599304
Bujeo,9,2098,-5.52654,36.072461,4.828093619,27.20791423
Bujeo,9,2099,-5.52654,36.072461,0.331839385,29.22779541
Bujeo,9,2100,-5.52654,36.072461,10.8246076,29.10358683
MonteraTorero,1,2015,-5.585278,36.226389,76.57260123,17.25153257
MonteraTorero,1,2016,-5.585278,36.226389,3.614561159,16.50898575
MonteraTorero,1,2017,-5.585278,36.226389,89.52406118,17.28918437
MonteraTorero,1,2018,-5.585278,36.226389,104.1987704,16.68461638
MonteraTorero,1,2019,-5.585278,36.226389,147.6005488,15.92342628
MonteraTorero,1,2020,-5.585278,36.226389,39.04104478,16.92858572
MonteraTorero,1,2021,-5.585278,36.226389,35.79884246,15.31246043
MonteraTorero,1,2022,-5.585278,36.226389,55.78613545,17.18375599
MonteraTorero,1,2023,-5.585278,36.226389,45.14623737,16.33959252
MonteraTorero,1,2024,-5.585278,36.226389,82.40841153,17.48243251
MonteraTorero,1,2025,-5.585278,36.226389,28.97296565,15.85975283
MonteraTorero,1,2026,-5.585278,36.226389,52.0880877,16.41220172
MonteraTorero,1,2027,-5.585278,36.226389,143.9015197,17.64272067
MonteraTorero,1,2028,-5.585278,36.226389,6.4234016,15.72231445
MonteraTorero,1,2029,-5.585278,36.226389,29.56063766,16.94173682
MonteraTorero,1,2030,-5.585278,36.226389,3.413813901,15.1318003
MonteraTorero,1,2031,-5.585278,36.226389,41.21420319,17.4766893
MonteraTorero,1,2032,-5.585278,36.226389,23.281343,17.22043811
MonteraTorero,1,2033,-5.585278,36.226389,92.665339,17.0908083
MonteraTorero,1,2034,-5.585278,36.226389,46.14519721,17.46324679
MonteraTorero,1,2035,-5.585278,36.226389,150.596329,18.29667496
MonteraTorero,1,2036,-5.585278,36.226389,143.6419909,16.39873657
MonteraTorero,1,2037,-5.585278,36.226389,35.21851011,16.86317867
MonteraTorero,1,2038,-5.585278,36.226389,38.29437726,18.27298643
MonteraTorero,1,2039,-5.585278,36.226389,33.415544,17.35922615
MonteraTorero,1,2040,-5.585278,36.226389,94.97539795,15.39039838
MonteraTorero,1,2041,-5.585278,36.226389,81.22581122,16.39800513
MonteraTorero,1,2042,-5.585278,36.226389,33.05947142,16.82676037
MonteraTorero,1,2043,-5.585278,36.226389,2.002999484,17.23554825
MonteraTorero,1,2044,-5.585278,36.226389,21.08942535,16.31865057
MonteraTorero,1,2045,-5.585278,36.226389,40.13337987,15.45559082
MonteraTorero,1,2046,-5.585278,36.226389,64.83188797,18.53998964
MonteraTorero,1,2047,-5.585278,36.226389,24.52039152,17.68543051
MonteraTorero,1,2048,-5.585278,36.226389,150.228366,16.86245216
MonteraTorero,1,2049,-5.585278,36.226389,21.63385684,15.72509943
MonteraTorero,1,2050,-5.585278,36.226389,42.85229541,16.30973845
MonteraTorero,1,2051,-5.585278,36.226389,143.6216509,17.24973007
MonteraTorero,1,2052,-5.585278,36.226389,32.69153665,18.33091667
MonteraTorero,1,2053,-5.585278,36.226389,72.25314373,17.11069592
MonteraTorero,1,2054,-5.585278,36.226389,93.92443264,17.72262357
MonteraTorero,1,2055,-5.585278,36.226389,51.95270932,16.50153553
MonteraTorero,1,2056,-5.585278,36.226389,18.80968115,17.52319907
MonteraTorero,1,2057,-5.585278,36.226389,26.25140585,17.50545851
MonteraTorero,1,2058,-5.585278,36.226389,52.98701689,18.03965986
MonteraTorero,1,2059,-5.585278,36.226389,155.7878138,18.49801321
MonteraTorero,1,2060,-5.585278,36.226389,125.1715688,16.19454543
MonteraTorero,1,2061,-5.585278,36.226389,188.9796364,17.77102641
MonteraTorero,1,2062,-5.585278,36.226389,135.0491322,17.23545178
MonteraTorero,1,2063,-5.585278,36.226389,80.66327273,17.71232831
MonteraTorero,1,2064,-5.585278,36.226389,8.334388212,17.9284538
MonteraTorero,1,2065,-5.585278,36.226389,78.01389723,15.70826455
MonteraTorero,1,2066,-5.585278,36.226389,66.44533475,18.10857446
MonteraTorero,1,2067,-5.585278,36.226389,102.4519093,15.63454295
MonteraTorero,1,2068,-5.585278,36.226389,44.56169011,17.40460382
MonteraTorero,1,2069,-5.585278,36.226389,12.98014512,17.03936748
MonteraTorero,1,2070,-5.585278,36.226389,39.33567745,16.15997885
MonteraTorero,1,2071,-5.585278,36.226389,12.78010306,17.69682145
MonteraTorero,1,2072,-5.585278,36.226389,103.006606,17.16384966
MonteraTorero,1,2073,-5.585278,36.226389,220.1454051,17.87522229
MonteraTorero,1,2074,-5.585278,36.226389,34.8348747,17.14419044
MonteraTorero,1,2075,-5.585278,36.226389,17.17090899,16.88550966
MonteraTorero,1,2076,-5.585278,36.226389,24.09596854,16.22151115
MonteraTorero,1,2077,-5.585278,36.226389,103.0009394,16.35221695
MonteraTorero,1,2078,-5.585278,36.226389,117.9865649,18.47037806
MonteraTorero,1,2079,-5.585278,36.226389,56.57907654,18.07597282
MonteraTorero,1,2080,-5.585278,36.226389,93.20342934,18.68176644
MonteraTorero,1,2081,-5.585278,36.226389,102.4475987,17.30760026
MonteraTorero,1,2082,-5.585278,36.226389,7.066840859,16.29007529
MonteraTorero,1,2083,-5.585278,36.226389,144.9775585,15.86531293
MonteraTorero,1,2084,-5.585278,36.226389,128.7598211,19.21744739
MonteraTorero,1,2085,-5.585278,36.226389,44.17767919,18.09788838
MonteraTorero,1,2086,-5.585278,36.226389,157.7611052,16.32740518
MonteraTorero,1,2087,-5.585278,36.226389,2.502083697,17.90641322
MonteraTorero,1,2088,-5.585278,36.226389,166.1519459,16.55574459
MonteraTorero,1,2089,-5.585278,36.226389,67.28029599,16.05651245
MonteraTorero,1,2090,-5.585278,36.226389,7.068992244,19.20686961
MonteraTorero,1,2091,-5.585278,36.226389,4.150940957,17.94765133
MonteraTorero,1,2092,-5.585278,36.226389,10.86770331,17.81270161
MonteraTorero,1,2093,-5.585278,36.226389,74.04307964,15.60251032
MonteraTorero,1,2094,-5.585278,36.226389,18.98148953,18.84201719
MonteraTorero,1,2095,-5.585278,36.226389,39.63717395,17.82999031
MonteraTorero,1,2096,-5.585278,36.226389,45.63410659,17.34480414
MonteraTorero,1,2097,-5.585278,36.226389,62.04702624,17.37046548
MonteraTorero,1,2098,-5.585278,36.226389,56.58359685,15.3740951
MonteraTorero,1,2099,-5.585278,36.226389,96.28368355,17.00945927
MonteraTorero,1,2100,-5.585278,36.226389,37.5221465,17.91258663
MonteraTorero,10,2015,-5.585278,36.226389,2.098624886,24.09055136
MonteraTorero,10,2016,-5.585278,36.226389,21.57149793,22.40680896
MonteraTorero,10,2017,-5.585278,36.226389,66.35566611,22.87604725
MonteraTorero,10,2018,-5.585278,36.226389,57.32680469,22.62103744
MonteraTorero,10,2019,-5.585278,36.226389,8.734254365,21.56045513
MonteraTorero,10,2020,-5.585278,36.226389,5.548195937,22.73967699
MonteraTorero,10,2021,-5.585278,36.226389,24.711444,23.84710969
MonteraTorero,10,2022,-5.585278,36.226389,20.91010353,22.83739821
MonteraTorero,10,2023,-5.585278,36.226389,74.83783798,22.61503926
MonteraTorero,10,2024,-5.585278,36.226389,36.64517255,22.04966962
MonteraTorero,10,2025,-5.585278,36.226389,51.57108171,22.61271697
MonteraTorero,10,2026,-5.585278,36.226389,4.584870339,24.03941473
MonteraTorero,10,2027,-5.585278,36.226389,3.440305268,25.81968915
MonteraTorero,10,2028,-5.585278,36.226389,35.49869364,22.90502418
MonteraTorero,10,2029,-5.585278,36.226389,42.71932302,22.0083252
MonteraTorero,10,2030,-5.585278,36.226389,11.8306583,23.02404569
MonteraTorero,10,2031,-5.585278,36.226389,8.72727078,23.59052675
MonteraTorero,10,2032,-5.585278,36.226389,19.56567059,23.95118644
MonteraTorero,10,2033,-5.585278,36.226389,18.86797766,23.75556975
MonteraTorero,10,2034,-5.585278,36.226389,31.35968285,21.75923875
MonteraTorero,10,2035,-5.585278,36.226389,83.47746787,23.97686453
MonteraTorero,10,2036,-5.585278,36.226389,9.917358278,23.04331015
MonteraTorero,10,2037,-5.585278,36.226389,1.787402267,24.2775749
MonteraTorero,10,2038,-5.585278,36.226389,23.43619219,24.1983995
MonteraTorero,10,2039,-5.585278,36.226389,35.79511708,22.58302829
MonteraTorero,10,2040,-5.585278,36.226389,8.686045694,22.84906675
MonteraTorero,10,2041,-5.585278,36.226389,12.95704569,23.24811264
MonteraTorero,10,2042,-5.585278,36.226389,61.34189913,22.22720022
MonteraTorero,10,2043,-5.585278,36.226389,1.078221941,23.83255281
MonteraTorero,10,2044,-5.585278,36.226389,18.04515298,24.62452334
MonteraTorero,10,2045,-5.585278,36.226389,12.92145204,23.87729551
MonteraTorero,10,2046,-5.585278,36.226389,2.694324462,25.75140755
MonteraTorero,10,2047,-5.585278,36.226389,26.37771606,22.70786684
MonteraTorero,10,2048,-5.585278,36.226389,36.47868245,24.79690335
MonteraTorero,10,2049,-5.585278,36.226389,18.11357585,23.95372728
MonteraTorero,10,2050,-5.585278,36.226389,18.60143545,25.00646756
MonteraTorero,10,2051,-5.585278,36.226389,18.94520196,23.87506871
MonteraTorero,10,2052,-5.585278,36.226389,52.09264254,22.63547816
MonteraTorero,10,2053,-5.585278,36.226389,17.29631209,24.47300454
MonteraTorero,10,2054,-5.585278,36.226389,53.01547483,24.06869389
MonteraTorero,10,2055,-5.585278,36.226389,38.85067367,23.68111375
MonteraTorero,10,2056,-5.585278,36.226389,1.410109527,23.98612415
MonteraTorero,10,2057,-5.585278,36.226389,7.806596256,23.51948577
MonteraTorero,10,2058,-5.585278,36.226389,32.95765327,24.17007033
MonteraTorero,10,2059,-5.585278,36.226389,1.028029124,24.11337261
MonteraTorero,10,2060,-5.585278,36.226389,6.086249891,22.59317194
MonteraTorero,10,2061,-5.585278,36.226389,35.87948882,23.1451483
MonteraTorero,10,2062,-5.585278,36.226389,28.86146952,24.67742703
MonteraTorero,10,2063,-5.585278,36.226389,5.089138482,25.28666815
MonteraTorero,10,2064,-5.585278,36.226389,10.98498401,23.34114006
MonteraTorero,10,2065,-5.585278,36.226389,26.14922769,23.7887778
MonteraTorero,10,2066,-5.585278,36.226389,24.50100531,23.75871799
MonteraTorero,10,2067,-5.585278,36.226389,0.661599962,25.78903769
MonteraTorero,10,2068,-5.585278,36.226389,6.994050226,24.52382813
MonteraTorero,10,2069,-5.585278,36.226389,25.42713642,24.12234379
MonteraTorero,10,2070,-5.585278,36.226389,6.528700165,25.72288444
MonteraTorero,10,2071,-5.585278,36.226389,46.92062398,23.19612151
MonteraTorero,10,2072,-5.585278,36.226389,2.212543481,24.26335961
MonteraTorero,10,2073,-5.585278,36.226389,9.12642691,25.22292087
MonteraTorero,10,2074,-5.585278,36.226389,35.44417076,25.36332831
MonteraTorero,10,2075,-5.585278,36.226389,34.07396746,24.07851661
MonteraTorero,10,2076,-5.585278,36.226389,23.2583379,24.70049537
MonteraTorero,10,2077,-5.585278,36.226389,2.14081078,26.12992298
MonteraTorero,10,2078,-5.585278,36.226389,8.660297604,23.97558673
MonteraTorero,10,2079,-5.585278,36.226389,47.05463999,24.7290864
MonteraTorero,10,2080,-5.585278,36.226389,15.52828961,25.47487202
MonteraTorero,10,2081,-5.585278,36.226389,1.390134629,24.22454519
MonteraTorero,10,2082,-5.585278,36.226389,47.54369266,23.27587871
MonteraTorero,10,2083,-5.585278,36.226389,12.81586098,26.14986671
MonteraTorero,10,2084,-5.585278,36.226389,22.14663953,23.57395669
MonteraTorero,10,2085,-5.585278,36.226389,16.16238506,23.8873358
MonteraTorero,10,2086,-5.585278,36.226389,28.29956757,23.40925135
MonteraTorero,10,2087,-5.585278,36.226389,11.48940165,24.11007966
MonteraTorero,10,2088,-5.585278,36.226389,17.85704225,25.2555924
MonteraTorero,10,2089,-5.585278,36.226389,0.134828836,25.44586162
MonteraTorero,10,2090,-5.585278,36.226389,7.808895884,23.73211946
MonteraTorero,10,2091,-5.585278,36.226389,31.60901068,24.09294946
MonteraTorero,10,2092,-5.585278,36.226389,1.344760238,24.26247263
MonteraTorero,10,2093,-5.585278,36.226389,2.309835789,24.57171217
MonteraTorero,10,2094,-5.585278,36.226389,18.9742488,21.64537078
MonteraTorero,10,2095,-5.585278,36.226389,7.57551019,24.47414157
MonteraTorero,10,2096,-5.585278,36.226389,0.899398544,25.61462383
MonteraTorero,10,2097,-5.585278,36.226389,4.758642858,24.33969097
MonteraTorero,10,2098,-5.585278,36.226389,0.07095748,22.90077337
MonteraTorero,10,2099,-5.585278,36.226389,15.16759777,22.7909918
MonteraTorero,10,2100,-5.585278,36.226389,5.470867054,24.79553203
MonteraTorero,11,2015,-5.585278,36.226389,14.86424606,19.77042033
MonteraTorero,11,2016,-5.585278,36.226389,101.7871273,19.4322937
MonteraTorero,11,2017,-5.585278,36.226389,95.64438344,20.28737386
MonteraTorero,11,2018,-5.585278,36.226389,30.28487784,19.98256429
MonteraTorero,11,2019,-5.585278,36.226389,32.77707789,17.68028158
MonteraTorero,11,2020,-5.585278,36.226389,29.68645361,20.76786906
MonteraTorero,11,2021,-5.585278,36.226389,6.951308884,20.53946431
MonteraTorero,11,2022,-5.585278,36.226389,35.48829725,18.9813385
MonteraTorero,11,2023,-5.585278,36.226389,82.23034655,17.73959554
MonteraTorero,11,2024,-5.585278,36.226389,8.875324309,18.31747538
MonteraTorero,11,2025,-5.585278,36.226389,79.86324433,20.00676066
MonteraTorero,11,2026,-5.585278,36.226389,29.04387112,20.1388682
MonteraTorero,11,2027,-5.585278,36.226389,37.90569744,19.50891317
MonteraTorero,11,2028,-5.585278,36.226389,66.08352156,18.25063273
MonteraTorero,11,2029,-5.585278,36.226389,13.89665404,21.67103068
MonteraTorero,11,2030,-5.585278,36.226389,13.45958843,19.17119853
MonteraTorero,11,2031,-5.585278,36.226389,8.758510764,19.15321554
MonteraTorero,11,2032,-5.585278,36.226389,109.7762825,19.90732727
MonteraTorero,11,2033,-5.585278,36.226389,6.760043686,19.82070109
MonteraTorero,11,2034,-5.585278,36.226389,21.65667304,18.57483927
MonteraTorero,11,2035,-5.585278,36.226389,77.62677067,18.89415487
MonteraTorero,11,2036,-5.585278,36.226389,40.22463864,19.95669454
MonteraTorero,11,2037,-5.585278,36.226389,12.17507855,18.53497009
MonteraTorero,11,2038,-5.585278,36.226389,79.88536745,20.66576843
MonteraTorero,11,2039,-5.585278,36.226389,6.165758363,20.46057434
MonteraTorero,11,2040,-5.585278,36.226389,70.74308132,21.15758057
MonteraTorero,11,2041,-5.585278,36.226389,213.1394264,19.6525177
MonteraTorero,11,2042,-5.585278,36.226389,1.589781725,19.88500366
MonteraTorero,11,2043,-5.585278,36.226389,27.06375809,18.32193807
MonteraTorero,11,2044,-5.585278,36.226389,11.85274502,19.48823039
MonteraTorero,11,2045,-5.585278,36.226389,108.047772,20.26787313
MonteraTorero,11,2046,-5.585278,36.226389,37.15711443,20.68721619
MonteraTorero,11,2047,-5.585278,36.226389,74.11156136,17.71591492
MonteraTorero,11,2048,-5.585278,36.226389,50.24056971,19.85657349
MonteraTorero,11,2049,-5.585278,36.226389,24.93994833,20.45651652
MonteraTorero,11,2050,-5.585278,36.226389,102.4317967,19.83886515
MonteraTorero,11,2051,-5.585278,36.226389,5.692158373,21.13688354
MonteraTorero,11,2052,-5.585278,36.226389,9.091169039,21.21131592
MonteraTorero,11,2053,-5.585278,36.226389,0.096778091,20.95170898
MonteraTorero,11,2054,-5.585278,36.226389,15.20295855,20.07376099
MonteraTorero,11,2055,-5.585278,36.226389,12.68359382,19.55184224
MonteraTorero,11,2056,-5.585278,36.226389,119.687389,19.63467
MonteraTorero,11,2057,-5.585278,36.226389,72.86378077,20.06214701
MonteraTorero,11,2058,-5.585278,36.226389,8.866797709,21.44128927
MonteraTorero,11,2059,-5.585278,36.226389,13.42978676,19.73961995
MonteraTorero,11,2060,-5.585278,36.226389,12.20127736,18.11060791
MonteraTorero,11,2061,-5.585278,36.226389,80.85857464,20.17513224
MonteraTorero,11,2062,-5.585278,36.226389,14.69619799,21.63190715
MonteraTorero,11,2063,-5.585278,36.226389,2.477587991,20.17040812
MonteraTorero,11,2064,-5.585278,36.226389,39.05069803,19.54102987
MonteraTorero,11,2065,-5.585278,36.226389,24.75055492,18.83398743
MonteraTorero,11,2066,-5.585278,36.226389,52.85313648,19.05762126
MonteraTorero,11,2067,-5.585278,36.226389,19.90846266,18.46661377
MonteraTorero,11,2068,-5.585278,36.226389,63.23566786,20.14367879
MonteraTorero,11,2069,-5.585278,36.226389,78.02835193,20.1725179
MonteraTorero,11,2070,-5.585278,36.226389,58.52411809,20.63167013
MonteraTorero,11,2071,-5.585278,36.226389,58.77093048,20.8425649
MonteraTorero,11,2072,-5.585278,36.226389,45.86046145,21.10908203
MonteraTorero,11,2073,-5.585278,36.226389,20.96615113,21.33433329
MonteraTorero,11,2074,-5.585278,36.226389,120.7004002,20.97707825
MonteraTorero,11,2075,-5.585278,36.226389,59.7215176,20.53737183
MonteraTorero,11,2076,-5.585278,36.226389,68.0727301,21.49441121
MonteraTorero,11,2077,-5.585278,36.226389,38.65616068,20.95514018
MonteraTorero,11,2078,-5.585278,36.226389,24.50763159,19.85910136
MonteraTorero,11,2079,-5.585278,36.226389,58.26584407,21.31007894
MonteraTorero,11,2080,-5.585278,36.226389,63.10332607,20.96224772
MonteraTorero,11,2081,-5.585278,36.226389,3.945457983,19.24268697
MonteraTorero,11,2082,-5.585278,36.226389,14.10011006,20.31559448
MonteraTorero,11,2083,-5.585278,36.226389,143.2699781,21.24202983
MonteraTorero,11,2084,-5.585278,36.226389,10.19084769,20.46029867
MonteraTorero,11,2085,-5.585278,36.226389,20.54938354,19.88868917
MonteraTorero,11,2086,-5.585278,36.226389,26.79706899,19.23114522
MonteraTorero,11,2087,-5.585278,36.226389,1.464352814,20.64314779
MonteraTorero,11,2088,-5.585278,36.226389,39.07878481,19.45205282
MonteraTorero,11,2089,-5.585278,36.226389,14.94246987,21.33349915
MonteraTorero,11,2090,-5.585278,36.226389,25.11852033,22.35602926
MonteraTorero,11,2091,-5.585278,36.226389,40.30769545,18.65000203
MonteraTorero,11,2092,-5.585278,36.226389,12.26526159,19.92464396
MonteraTorero,11,2093,-5.585278,36.226389,103.2738832,21.26404521
MonteraTorero,11,2094,-5.585278,36.226389,8.384240862,21.44437358
MonteraTorero,11,2095,-5.585278,36.226389,44.74770657,20.49407145
MonteraTorero,11,2096,-5.585278,36.226389,0.355242563,20.26130269
MonteraTorero,11,2097,-5.585278,36.226389,58.05557876,19.54697367
MonteraTorero,11,2098,-5.585278,36.226389,56.86585935,19.7050649
MonteraTorero,11,2099,-5.585278,36.226389,45.2197526,20.83935547
MonteraTorero,11,2100,-5.585278,36.226389,67.88898791,19.64582926
MonteraTorero,12,2015,-5.585278,36.226389,125.4669033,17.36177979
MonteraTorero,12,2016,-5.585278,36.226389,15.94428391,17.39975281
MonteraTorero,12,2017,-5.585278,36.226389,25.35877718,18.54032534
MonteraTorero,12,2018,-5.585278,36.226389,43.20242657,17.39112785
MonteraTorero,12,2019,-5.585278,36.226389,59.06331358,16.23550888
MonteraTorero,12,2020,-5.585278,36.226389,24.03033175,17.15133899
MonteraTorero,12,2021,-5.585278,36.226389,51.84717548,19.33011927
MonteraTorero,12,2022,-5.585278,36.226389,230.0734209,17.12519177
MonteraTorero,12,2023,-5.585278,36.226389,142.6981041,17.04553695
MonteraTorero,12,2024,-5.585278,36.226389,15.77311867,16.21632792
MonteraTorero,12,2025,-5.585278,36.226389,23.87713469,16.2080716
MonteraTorero,12,2026,-5.585278,36.226389,66.48478628,17.98244826
MonteraTorero,12,2027,-5.585278,36.226389,35.18520127,16.0419851
MonteraTorero,12,2028,-5.585278,36.226389,70.2797137,19.22625936
MonteraTorero,12,2029,-5.585278,36.226389,164.1604792,17.65243904
MonteraTorero,12,2030,-5.585278,36.226389,36.46965576,18.22530009
MonteraTorero,12,2031,-5.585278,36.226389,64.60127762,18.16577326
MonteraTorero,12,2032,-5.585278,36.226389,137.0196488,16.93303324
MonteraTorero,12,2033,-5.585278,36.226389,101.6319039,18.21033876
MonteraTorero,12,2034,-5.585278,36.226389,68.12307488,17.28669768
MonteraTorero,12,2035,-5.585278,36.226389,14.95601807,17.05718974
MonteraTorero,12,2036,-5.585278,36.226389,71.42940139,16.7392039
MonteraTorero,12,2037,-5.585278,36.226389,72.42587374,17.48691367
MonteraTorero,12,2038,-5.585278,36.226389,16.87153873,17.42442844
MonteraTorero,12,2039,-5.585278,36.226389,4.220219963,18.05927872
MonteraTorero,12,2040,-5.585278,36.226389,2.817611365,17.71951946
MonteraTorero,12,2041,-5.585278,36.226389,85.33155346,16.0889044
MonteraTorero,12,2042,-5.585278,36.226389,80.95957361,16.80985068
MonteraTorero,12,2043,-5.585278,36.226389,7.027915023,16.99571356
MonteraTorero,12,2044,-5.585278,36.226389,44.17570499,16.32581787
MonteraTorero,12,2045,-5.585278,36.226389,98.87380747,18.35423505
MonteraTorero,12,2046,-5.585278,36.226389,38.78706826,19.76001252
MonteraTorero,12,2047,-5.585278,36.226389,36.55624978,18.52565032
MonteraTorero,12,2048,-5.585278,36.226389,104.6490111,18.72230733
MonteraTorero,12,2049,-5.585278,36.226389,119.9071394,19.05129198
MonteraTorero,12,2050,-5.585278,36.226389,84.23012744,17.19179077
MonteraTorero,12,2051,-5.585278,36.226389,24.63951251,18.77994247
MonteraTorero,12,2052,-5.585278,36.226389,10.40492055,18.30295003
MonteraTorero,12,2053,-5.585278,36.226389,44.48902687,19.98914145
MonteraTorero,12,2054,-5.585278,36.226389,35.69842031,18.25737915
MonteraTorero,12,2055,-5.585278,36.226389,4.746149096,18.2897711
MonteraTorero,12,2056,-5.585278,36.226389,141.1553379,19.50075582
MonteraTorero,12,2057,-5.585278,36.226389,105.246088,18.56211292
MonteraTorero,12,2058,-5.585278,36.226389,59.63477838,18.82890251
MonteraTorero,12,2059,-5.585278,36.226389,8.32142789,17.82396752
MonteraTorero,12,2060,-5.585278,36.226389,48.81089386,17.69124651
MonteraTorero,12,2061,-5.585278,36.226389,208.2902406,18.37147748
MonteraTorero,12,2062,-5.585278,36.226389,20.31904108,19.29773225
MonteraTorero,12,2063,-5.585278,36.226389,59.941848,18.82395079
MonteraTorero,12,2064,-5.585278,36.226389,8.460559078,17.14226888
MonteraTorero,12,2065,-5.585278,36.226389,133.0830381,18.25824841
MonteraTorero,12,2066,-5.585278,36.226389,12.10478622,17.40760931
MonteraTorero,12,2067,-5.585278,36.226389,92.18139693,17.41563445
MonteraTorero,12,2068,-5.585278,36.226389,2.866585322,17.07944031
MonteraTorero,12,2069,-5.585278,36.226389,20.13118589,17.37741758
MonteraTorero,12,2070,-5.585278,36.226389,180.2898897,18.15870158
MonteraTorero,12,2071,-5.585278,36.226389,1.102487244,16.62657786
MonteraTorero,12,2072,-5.585278,36.226389,75.20978737,17.96652527
MonteraTorero,12,2073,-5.585278,36.226389,41.26118903,17.33393299
MonteraTorero,12,2074,-5.585278,36.226389,138.7164613,18.4096599
MonteraTorero,12,2075,-5.585278,36.226389,290.9707942,19.67408979
MonteraTorero,12,2076,-5.585278,36.226389,53.10864224,17.78769124
MonteraTorero,12,2077,-5.585278,36.226389,55.06204572,16.52959792
MonteraTorero,12,2078,-5.585278,36.226389,144.2720506,17.71035058
MonteraTorero,12,2079,-5.585278,36.226389,41.95226485,18.42978279
MonteraTorero,12,2080,-5.585278,36.226389,44.46033618,17.23056157
MonteraTorero,12,2081,-5.585278,36.226389,41.03666915,19.58733914
MonteraTorero,12,2082,-5.585278,36.226389,11.14821291,18.18766125
MonteraTorero,12,2083,-5.585278,36.226389,174.5798528,18.2042067
MonteraTorero,12,2084,-5.585278,36.226389,43.19166081,18.89568583
MonteraTorero,12,2085,-5.585278,36.226389,46.84619234,17.52136703
MonteraTorero,12,2086,-5.585278,36.226389,26.75757313,18.67920887
MonteraTorero,12,2087,-5.585278,36.226389,48.1178122,18.07198486
MonteraTorero,12,2088,-5.585278,36.226389,35.88146557,17.1398468
MonteraTorero,12,2089,-5.585278,36.226389,42.13693559,17.85888258
MonteraTorero,12,2090,-5.585278,36.226389,77.06383491,18.12321879
MonteraTorero,12,2091,-5.585278,36.226389,38.69237085,18.36048131
MonteraTorero,12,2092,-5.585278,36.226389,99.68320071,17.63884989
MonteraTorero,12,2093,-5.585278,36.226389,92.29826941,19.113917
MonteraTorero,12,2094,-5.585278,36.226389,212.7423584,17.92049462
MonteraTorero,12,2095,-5.585278,36.226389,1.624673746,19.90914504
MonteraTorero,12,2096,-5.585278,36.226389,85.65398673,18.17029114
MonteraTorero,12,2097,-5.585278,36.226389,87.3431583,18.00978709
MonteraTorero,12,2098,-5.585278,36.226389,40.15425276,19.60584362
MonteraTorero,12,2099,-5.585278,36.226389,19.68704772,19.05018547
MonteraTorero,12,2100,-5.585278,36.226389,11.22051359,18.46367086
MonteraTorero,2,2015,-5.585278,36.226389,39.1677054,17.6867375
MonteraTorero,2,2016,-5.585278,36.226389,26.15230688,17.84619477
MonteraTorero,2,2017,-5.585278,36.226389,153.3394981,16.64302979
MonteraTorero,2,2018,-5.585278,36.226389,83.67854333,17.85629316
MonteraTorero,2,2019,-5.585278,36.226389,171.1851887,16.12071599
MonteraTorero,2,2020,-5.585278,36.226389,113.7160045,16.39262148
MonteraTorero,2,2021,-5.585278,36.226389,4.288327495,18.33633793
MonteraTorero,2,2022,-5.585278,36.226389,102.9832394,18.1548063
MonteraTorero,2,2023,-5.585278,36.226389,53.9871156,16.83173305
MonteraTorero,2,2024,-5.585278,36.226389,89.39986211,17.05681342
MonteraTorero,2,2025,-5.585278,36.226389,47.1672305,15.73068608
MonteraTorero,2,2026,-5.585278,36.226389,40.36546812,15.17344382
MonteraTorero,2,2027,-5.585278,36.226389,17.6314392,19.34157388
MonteraTorero,2,2028,-5.585278,36.226389,136.8278407,15.33901262
MonteraTorero,2,2029,-5.585278,36.226389,19.53896298,16.99483534
MonteraTorero,2,2030,-5.585278,36.226389,123.1212021,18.25028817
MonteraTorero,2,2031,-5.585278,36.226389,6.282754707,16.06341705
MonteraTorero,2,2032,-5.585278,36.226389,9.146862671,17.17678538
MonteraTorero,2,2033,-5.585278,36.226389,163.9046084,16.8569155
MonteraTorero,2,2034,-5.585278,36.226389,10.85776103,17.92409886
MonteraTorero,2,2035,-5.585278,36.226389,49.92935937,16.9599265
MonteraTorero,2,2036,-5.585278,36.226389,17.53203426,18.09540026
MonteraTorero,2,2037,-5.585278,36.226389,15.02958523,18.58859624
MonteraTorero,2,2038,-5.585278,36.226389,70.38232626,17.90709621
MonteraTorero,2,2039,-5.585278,36.226389,16.76097288,16.35090681
MonteraTorero,2,2040,-5.585278,36.226389,31.77385708,16.7107746
MonteraTorero,2,2041,-5.585278,36.226389,1.38101657,17.45574668
MonteraTorero,2,2042,-5.585278,36.226389,42.055653,18.70341208
MonteraTorero,2,2043,-5.585278,36.226389,192.1187926,17.40161939
MonteraTorero,2,2044,-5.585278,36.226389,16.96397185,16.65778556
MonteraTorero,2,2045,-5.585278,36.226389,37.442414,16.70508728
MonteraTorero,2,2046,-5.585278,36.226389,26.67624197,17.57283064
MonteraTorero,2,2047,-5.585278,36.226389,34.39776408,17.50836116
MonteraTorero,2,2048,-5.585278,36.226389,54.44159206,17.91879083
MonteraTorero,2,2049,-5.585278,36.226389,10.83054252,18.09231502
MonteraTorero,2,2050,-5.585278,36.226389,17.05766403,17.56959795
MonteraTorero,2,2051,-5.585278,36.226389,2.35735214,17.26856493
MonteraTorero,2,2052,-5.585278,36.226389,73.60781398,16.93456631
MonteraTorero,2,2053,-5.585278,36.226389,23.11621077,18.22410845
MonteraTorero,2,2054,-5.585278,36.226389,20.80148642,17.72106214
MonteraTorero,2,2055,-5.585278,36.226389,20.3123114,16.33171997
MonteraTorero,2,2056,-5.585278,36.226389,144.248085,17.51976297
MonteraTorero,2,2057,-5.585278,36.226389,27.91156163,18.79403076
MonteraTorero,2,2058,-5.585278,36.226389,25.44172045,18.70491071
MonteraTorero,2,2059,-5.585278,36.226389,77.11679302,17.60602613
MonteraTorero,2,2060,-5.585278,36.226389,17.85770555,18.66655252
MonteraTorero,2,2061,-5.585278,36.226389,98.01952091,17.05127542
MonteraTorero,2,2062,-5.585278,36.226389,112.0581965,18.86190513
MonteraTorero,2,2063,-5.585278,36.226389,64.87610623,18.02471749
MonteraTorero,2,2064,-5.585278,36.226389,37.17307406,17.31857426
MonteraTorero,2,2065,-5.585278,36.226389,19.27408568,17.24851379
MonteraTorero,2,2066,-5.585278,36.226389,40.06174662,16.60227792
MonteraTorero,2,2067,-5.585278,36.226389,6.28035156,17.70655757
MonteraTorero,2,2068,-5.585278,36.226389,45.44902752,16.36643319
MonteraTorero,2,2069,-5.585278,36.226389,159.7111211,16.98304792
MonteraTorero,2,2070,-5.585278,36.226389,21.21882543,17.2842586
MonteraTorero,2,2071,-5.585278,36.226389,6.328401614,17.754359
MonteraTorero,2,2072,-5.585278,36.226389,84.11636764,18.27751865
MonteraTorero,2,2073,-5.585278,36.226389,30.5002421,18.61450784
MonteraTorero,2,2074,-5.585278,36.226389,6.58731494,17.72890843
MonteraTorero,2,2075,-5.585278,36.226389,45.85257578,18.59562182
MonteraTorero,2,2076,-5.585278,36.226389,46.13445616,16.974819
MonteraTorero,2,2077,-5.585278,36.226389,3.354638542,16.25440914
MonteraTorero,2,2078,-5.585278,36.226389,35.25808534,18.97421199
MonteraTorero,2,2079,-5.585278,36.226389,32.02912438,17.32339085
MonteraTorero,2,2080,-5.585278,36.226389,79.88503507,18.65727202
MonteraTorero,2,2081,-5.585278,36.226389,5.153713215,18.37661351
MonteraTorero,2,2082,-5.585278,36.226389,11.76572385,18.46550576
MonteraTorero,2,2083,-5.585278,36.226389,32.59404067,17.06077074
MonteraTorero,2,2084,-5.585278,36.226389,41.90227793,18.55545696
MonteraTorero,2,2085,-5.585278,36.226389,20.01732562,16.88190068
MonteraTorero,2,2086,-5.585278,36.226389,10.60600939,17.37034215
MonteraTorero,2,2087,-5.585278,36.226389,52.98231871,17.45990579
MonteraTorero,2,2088,-5.585278,36.226389,11.18582462,19.37146543
MonteraTorero,2,2089,-5.585278,36.226389,92.75557433,18.34182129
MonteraTorero,2,2090,-5.585278,36.226389,3.271739631,17.19642247
MonteraTorero,2,2091,-5.585278,36.226389,41.57245774,17.61109096
MonteraTorero,2,2092,-5.585278,36.226389,70.92446059,18.19441613
MonteraTorero,2,2093,-5.585278,36.226389,66.90757339,17.22100983
MonteraTorero,2,2094,-5.585278,36.226389,25.13339598,18.09181693
MonteraTorero,2,2095,-5.585278,36.226389,15.82109495,17.30267269
MonteraTorero,2,2096,-5.585278,36.226389,45.26817541,18.81247601
MonteraTorero,2,2097,-5.585278,36.226389,5.458182743,17.44235491
MonteraTorero,2,2098,-5.585278,36.226389,53.09012353,17.71682347
MonteraTorero,2,2099,-5.585278,36.226389,78.80124384,16.06647535
MonteraTorero,2,2100,-5.585278,36.226389,158.439077,18.19970965
MonteraTorero,3,2015,-5.585278,36.226389,67.05900505,18.59103472
MonteraTorero,3,2016,-5.585278,36.226389,10.65783987,18.43116888
MonteraTorero,3,2017,-5.585278,36.226389,7.623030797,18.3608741
MonteraTorero,3,2018,-5.585278,36.226389,50.92479776,19.26744306
MonteraTorero,3,2019,-5.585278,36.226389,50.27946406,17.76884687
MonteraTorero,3,2020,-5.585278,36.226389,52.89111877,17.91106272
MonteraTorero,3,2021,-5.585278,36.226389,5.224525631,20.10524902
MonteraTorero,3,2022,-5.585278,36.226389,59.77708763,19.00835276
MonteraTorero,3,2023,-5.585278,36.226389,5.488328403,17.46718159
MonteraTorero,3,2024,-5.585278,36.226389,6.762658961,17.00690957
MonteraTorero,3,2025,-5.585278,36.226389,49.27843036,17.31400993
MonteraTorero,3,2026,-5.585278,36.226389,11.93302431,17.67012841
MonteraTorero,3,2027,-5.585278,36.226389,4.984747747,19.25427226
MonteraTorero,3,2028,-5.585278,36.226389,15.29148469,18.87500768
MonteraTorero,3,2029,-5.585278,36.226389,27.28098383,17.56954641
MonteraTorero,3,2030,-5.585278,36.226389,13.24363127,19.85868373
MonteraTorero,3,2031,-5.585278,36.226389,27.644537,18.13366089
MonteraTorero,3,2032,-5.585278,36.226389,10.62417793,19.41518456
MonteraTorero,3,2033,-5.585278,36.226389,5.529966364,20.02411952
MonteraTorero,3,2034,-5.585278,36.226389,16.90920811,18.74129343
MonteraTorero,3,2035,-5.585278,36.226389,130.275785,17.04499748
MonteraTorero,3,2036,-5.585278,36.226389,12.59790051,19.10570186
MonteraTorero,3,2037,-5.585278,36.226389,1.971947845,20.47092541
MonteraTorero,3,2038,-5.585278,36.226389,41.11621825,18.68661972
MonteraTorero,3,2039,-5.585278,36.226389,74.01952711,18.97763436
MonteraTorero,3,2040,-5.585278,36.226389,19.93348678,19.8332744
MonteraTorero,3,2041,-5.585278,36.226389,46.27232445,18.3743422
MonteraTorero,3,2042,-5.585278,36.226389,45.76624531,17.61745212
MonteraTorero,3,2043,-5.585278,36.226389,16.21350519,18.52649989
MonteraTorero,3,2044,-5.585278,36.226389,67.50483924,17.56863581
MonteraTorero,3,2045,-5.585278,36.226389,37.06448148,18.78076152
MonteraTorero,3,2046,-5.585278,36.226389,70.8961851,19.63944348
MonteraTorero,3,2047,-5.585278,36.226389,46.90175693,18.80559102
MonteraTorero,3,2048,-5.585278,36.226389,8.174629961,19.2378036
MonteraTorero,3,2049,-5.585278,36.226389,18.14521742,19.04213769
MonteraTorero,3,2050,-5.585278,36.226389,4.573737487,19.8323697
MonteraTorero,3,2051,-5.585278,36.226389,27.47328465,18.72656132
MonteraTorero,3,2052,-5.585278,36.226389,71.36056421,20.03209839
MonteraTorero,3,2053,-5.585278,36.226389,20.84287903,18.04384963
MonteraTorero,3,2054,-5.585278,36.226389,73.79947989,18.30330712
MonteraTorero,3,2055,-5.585278,36.226389,90.81120581,17.1083185
MonteraTorero,3,2056,-5.585278,36.226389,24.14366291,18.82284625
MonteraTorero,3,2057,-5.585278,36.226389,12.18742192,19.81701739
MonteraTorero,3,2058,-5.585278,36.226389,65.34203055,18.62288425
MonteraTorero,3,2059,-5.585278,36.226389,83.19070885,18.76483725
MonteraTorero,3,2060,-5.585278,36.226389,74.83004389,19.66263093
MonteraTorero,3,2061,-5.585278,36.226389,44.75774676,17.72701219
MonteraTorero,3,2062,-5.585278,36.226389,9.851739997,18.98224251
MonteraTorero,3,2063,-5.585278,36.226389,0.600141038,19.29364092
MonteraTorero,3,2064,-5.585278,36.226389,15.63126381,19.17522977
MonteraTorero,3,2065,-5.585278,36.226389,30.54999448,18.18849015
MonteraTorero,3,2066,-5.585278,36.226389,2.661771234,19.16844207
MonteraTorero,3,2067,-5.585278,36.226389,15.65308093,19.86178471
MonteraTorero,3,2068,-5.585278,36.226389,74.91139376,19.36804475
MonteraTorero,3,2069,-5.585278,36.226389,115.429414,17.38697549
MonteraTorero,3,2070,-5.585278,36.226389,1.487554561,19.91127339
MonteraTorero,3,2071,-5.585278,36.226389,4.193699174,18.94265924
MonteraTorero,3,2072,-5.585278,36.226389,12.34871188,19.56009482
MonteraTorero,3,2073,-5.585278,36.226389,73.87940753,18.88792154
MonteraTorero,3,2074,-5.585278,36.226389,2.812334696,19.77733568
MonteraTorero,3,2075,-5.585278,36.226389,21.62463296,19.28932909
MonteraTorero,3,2076,-5.585278,36.226389,60.60632015,20.34025111
MonteraTorero,3,2077,-5.585278,36.226389,3.408576425,20.23222774
MonteraTorero,3,2078,-5.585278,36.226389,50.09523592,18.80874713
MonteraTorero,3,2079,-5.585278,36.226389,5.289788425,19.28064339
MonteraTorero,3,2080,-5.585278,36.226389,19.33359382,19.05363691
MonteraTorero,3,2081,-5.585278,36.226389,14.20574784,18.2107857
MonteraTorero,3,2082,-5.585278,36.226389,86.27590313,18.13360182
MonteraTorero,3,2083,-5.585278,36.226389,17.79153859,16.91105091
MonteraTorero,3,2084,-5.585278,36.226389,66.45820827,19.40002422
MonteraTorero,3,2085,-5.585278,36.226389,3.862472045,20.40484796
MonteraTorero,3,2086,-5.585278,36.226389,44.14189585,17.31805006
MonteraTorero,3,2087,-5.585278,36.226389,2.03767388,20.37342372
MonteraTorero,3,2088,-5.585278,36.226389,5.73091537,20.69613037
MonteraTorero,3,2089,-5.585278,36.226389,96.17888069,19.27221463
MonteraTorero,3,2090,-5.585278,36.226389,5.896381391,21.39100972
MonteraTorero,3,2091,-5.585278,36.226389,9.860539669,21.07969203
MonteraTorero,3,2092,-5.585278,36.226389,25.9422521,20.2087548
MonteraTorero,3,2093,-5.585278,36.226389,52.07426879,18.17931223
MonteraTorero,3,2094,-5.585278,36.226389,21.73869216,18.56472168
MonteraTorero,3,2095,-5.585278,36.226389,45.50084732,18.55784243
MonteraTorero,3,2096,-5.585278,36.226389,80.58156486,18.98841494
MonteraTorero,3,2097,-5.585278,36.226389,24.10460154,17.96952357
MonteraTorero,3,2098,-5.585278,36.226389,30.92338447,18.99292366
MonteraTorero,3,2099,-5.585278,36.226389,137.1349361,18.31512924
MonteraTorero,3,2100,-5.585278,36.226389,10.17320966,18.96477956
MonteraTorero,4,2015,-5.585278,36.226389,19.14988633,20.90034485
MonteraTorero,4,2016,-5.585278,36.226389,1.770788673,20.02556864
MonteraTorero,4,2017,-5.585278,36.226389,27.43767667,19.2776886
MonteraTorero,4,2018,-5.585278,36.226389,17.75032159,19.97425741
MonteraTorero,4,2019,-5.585278,36.226389,7.730804134,19.95571289
MonteraTorero,4,2020,-5.585278,36.226389,15.90538698,20.9677419
MonteraTorero,4,2021,-5.585278,36.226389,5.990967084,19.84891357
MonteraTorero,4,2022,-5.585278,36.226389,38.85594387,19.91819763
MonteraTorero,4,2023,-5.585278,36.226389,11.69857262,21.09731445
MonteraTorero,4,2024,-5.585278,36.226389,1.664591357,19.20473735
MonteraTorero,4,2025,-5.585278,36.226389,21.64139862,18.79019165
MonteraTorero,4,2026,-5.585278,36.226389,11.74415114,19.57736816
MonteraTorero,4,2027,-5.585278,36.226389,34.58322278,20.08526103
MonteraTorero,4,2028,-5.585278,36.226389,5.119764534,20.94820251
MonteraTorero,4,2029,-5.585278,36.226389,54.38403116,18.70542399
MonteraTorero,4,2030,-5.585278,36.226389,66.54969414,19.6692159
MonteraTorero,4,2031,-5.585278,36.226389,29.24705453,20.2896993
MonteraTorero,4,2032,-5.585278,36.226389,38.63547837,19.79051005
MonteraTorero,4,2033,-5.585278,36.226389,7.052768459,21.90958455
MonteraTorero,4,2034,-5.585278,36.226389,71.22633114,20.57022909
MonteraTorero,4,2035,-5.585278,36.226389,31.16820508,20.66778768
MonteraTorero,4,2036,-5.585278,36.226389,4.635821202,20.9877889
MonteraTorero,4,2037,-5.585278,36.226389,0.384440956,23.04914449
MonteraTorero,4,2038,-5.585278,36.226389,42.24792571,19.05046794
MonteraTorero,4,2039,-5.585278,36.226389,17.69405557,21.47379252
MonteraTorero,4,2040,-5.585278,36.226389,34.15824846,20.85536702
MonteraTorero,4,2041,-5.585278,36.226389,25.37443626,19.45994364
MonteraTorero,4,2042,-5.585278,36.226389,3.2837871,20.80542196
MonteraTorero,4,2043,-5.585278,36.226389,39.99159648,18.7437205
MonteraTorero,4,2044,-5.585278,36.226389,12.65455556,19.63114624
MonteraTorero,4,2045,-5.585278,36.226389,29.03095628,20.19950765
MonteraTorero,4,2046,-5.585278,36.226389,32.83694951,19.77155355
MonteraTorero,4,2047,-5.585278,36.226389,23.16143312,19.90939229
MonteraTorero,4,2048,-5.585278,36.226389,36.71592664,20.28931173
MonteraTorero,4,2049,-5.585278,36.226389,2.0261983,21.50121867
MonteraTorero,4,2050,-5.585278,36.226389,24.23045081,20.16742757
MonteraTorero,4,2051,-5.585278,36.226389,10.11528753,21.52635498
MonteraTorero,4,2052,-5.585278,36.226389,21.75899698,20.9295461
MonteraTorero,4,2053,-5.585278,36.226389,19.52653645,21.86052551
MonteraTorero,4,2054,-5.585278,36.226389,45.2942295,21.27167765
MonteraTorero,4,2055,-5.585278,36.226389,21.02125658,19.54173177
MonteraTorero,4,2056,-5.585278,36.226389,67.67769471,21.59237061
MonteraTorero,4,2057,-5.585278,36.226389,26.21903282,21.5098877
MonteraTorero,4,2058,-5.585278,36.226389,14.43816506,21.91769307
MonteraTorero,4,2059,-5.585278,36.226389,9.369693683,20.88336385
MonteraTorero,4,2060,-5.585278,36.226389,66.82270423,19.82178345
MonteraTorero,4,2061,-5.585278,36.226389,31.71600011,20.80514221
MonteraTorero,4,2062,-5.585278,36.226389,6.205091471,20.76406352
MonteraTorero,4,2063,-5.585278,36.226389,24.21131751,20.301356
MonteraTorero,4,2064,-5.585278,36.226389,0.494195473,21.78172099
MonteraTorero,4,2065,-5.585278,36.226389,13.00083107,19.89191386
MonteraTorero,4,2066,-5.585278,36.226389,2.121819303,21.41815491
MonteraTorero,4,2067,-5.585278,36.226389,43.1742122,20.68005981
MonteraTorero,4,2068,-5.585278,36.226389,2.315460513,20.0706075
MonteraTorero,4,2069,-5.585278,36.226389,0.550474352,21.66205953
MonteraTorero,4,2070,-5.585278,36.226389,9.940462824,21.45394084
MonteraTorero,4,2071,-5.585278,36.226389,6.769213012,20.95086161
MonteraTorero,4,2072,-5.585278,36.226389,7.517157381,19.91616211
MonteraTorero,4,2073,-5.585278,36.226389,47.92430434,18.59336853
MonteraTorero,4,2074,-5.585278,36.226389,12.32714956,22.40590719
MonteraTorero,4,2075,-5.585278,36.226389,4.515040983,22.31783651
MonteraTorero,4,2076,-5.585278,36.226389,3.771616017,22.33157857
MonteraTorero,4,2077,-5.585278,36.226389,20.50389524,19.96139832
MonteraTorero,4,2078,-5.585278,36.226389,6.996875556,19.13348083
MonteraTorero,4,2079,-5.585278,36.226389,6.585412264,22.33785706
MonteraTorero,4,2080,-5.585278,36.226389,10.47330234,20.37891439
MonteraTorero,4,2081,-5.585278,36.226389,2.619876257,22.11139933
MonteraTorero,4,2082,-5.585278,36.226389,1.592685986,20.81955668
MonteraTorero,4,2083,-5.585278,36.226389,6.085133685,20.08558655
MonteraTorero,4,2084,-5.585278,36.226389,5.551622394,21.89000753
MonteraTorero,4,2085,-5.585278,36.226389,14.39590331,21.25871073
MonteraTorero,4,2086,-5.585278,36.226389,1.690507401,21.24211731
MonteraTorero,4,2087,-5.585278,36.226389,2.629922237,23.23283488
MonteraTorero,4,2088,-5.585278,36.226389,1.135122669,22.05500488
MonteraTorero,4,2089,-5.585278,36.226389,4.982673202,21.09267782
MonteraTorero,4,2090,-5.585278,36.226389,17.21280811,22.26715088
MonteraTorero,4,2091,-5.585278,36.226389,22.56720963,21.21988525
MonteraTorero,4,2092,-5.585278,36.226389,60.39297303,21.34099325
MonteraTorero,4,2093,-5.585278,36.226389,17.72988061,20.81468608
MonteraTorero,4,2094,-5.585278,36.226389,4.019686033,19.74826864
MonteraTorero,4,2095,-5.585278,36.226389,74.90797825,20.49025269
MonteraTorero,4,2096,-5.585278,36.226389,32.48157671,18.7463206
MonteraTorero,4,2097,-5.585278,36.226389,66.59870641,19.54340515
MonteraTorero,4,2098,-5.585278,36.226389,13.32770216,22.53571167
MonteraTorero,4,2099,-5.585278,36.226389,8.948511914,21.70256348
MonteraTorero,4,2100,-5.585278,36.226389,56.65837419,20.73226725
MonteraTorero,5,2015,-5.585278,36.226389,26.56930497,23.04343911
MonteraTorero,5,2016,-5.585278,36.226389,50.66333875,19.7801807
MonteraTorero,5,2017,-5.585278,36.226389,1.890598274,22.80272138
MonteraTorero,5,2018,-5.585278,36.226389,12.5906802,21.74139188
MonteraTorero,5,2019,-5.585278,36.226389,0.933399007,22.17701751
MonteraTorero,5,2020,-5.585278,36.226389,14.32144813,22.19920083
MonteraTorero,5,2021,-5.585278,36.226389,27.69862547,21.57829216
MonteraTorero,5,2022,-5.585278,36.226389,36.54641134,21.98989455
MonteraTorero,5,2023,-5.585278,36.226389,22.99621124,23.07518921
MonteraTorero,5,2024,-5.585278,36.226389,12.4107722,21.97186752
MonteraTorero,5,2025,-5.585278,36.226389,25.19609818,20.14840875
MonteraTorero,5,2026,-5.585278,36.226389,12.57757179,22.04739852
MonteraTorero,5,2027,-5.585278,36.226389,17.55428438,21.83620212
MonteraTorero,5,2028,-5.585278,36.226389,13.12726525,20.93542756
MonteraTorero,5,2029,-5.585278,36.226389,5.07632687,23.377897
MonteraTorero,5,2030,-5.585278,36.226389,14.17875963,23.0049909
MonteraTorero,5,2031,-5.585278,36.226389,94.19254875,21.92348731
MonteraTorero,5,2032,-5.585278,36.226389,2.162326655,23.40240754
MonteraTorero,5,2033,-5.585278,36.226389,12.43703225,22.17746247
MonteraTorero,5,2034,-5.585278,36.226389,50.79922169,22.09956193
MonteraTorero,5,2035,-5.585278,36.226389,52.49350657,19.37573616
MonteraTorero,5,2036,-5.585278,36.226389,7.596863161,22.12198644
MonteraTorero,5,2037,-5.585278,36.226389,9.418500007,23.30892531
MonteraTorero,5,2038,-5.585278,36.226389,17.80935576,21.85324963
MonteraTorero,5,2039,-5.585278,36.226389,3.109495048,23.02096833
MonteraTorero,5,2040,-5.585278,36.226389,19.89184847,20.10980303
MonteraTorero,5,2041,-5.585278,36.226389,3.13079718,22.05249693
MonteraTorero,5,2042,-5.585278,36.226389,37.81259842,22.72450483
MonteraTorero,5,2043,-5.585278,36.226389,12.62271276,22.53364789
MonteraTorero,5,2044,-5.585278,36.226389,1.577369945,22.50469754
MonteraTorero,5,2045,-5.585278,36.226389,15.10378885,22.71756946
MonteraTorero,5,2046,-5.585278,36.226389,36.24896092,22.4600454
MonteraTorero,5,2047,-5.585278,36.226389,12.04478186,22.5653596
MonteraTorero,5,2048,-5.585278,36.226389,7.877808505,21.65636498
MonteraTorero,5,2049,-5.585278,36.226389,6.773319979,23.69693367
MonteraTorero,5,2050,-5.585278,36.226389,12.45624519,22.80486746
MonteraTorero,5,2051,-5.585278,36.226389,17.35114649,23.14828176
MonteraTorero,5,2052,-5.585278,36.226389,2.382551308,24.92996491
MonteraTorero,5,2053,-5.585278,36.226389,21.05307309,24.0289344
MonteraTorero,5,2054,-5.585278,36.226389,36.27298053,22.81256478
MonteraTorero,5,2055,-5.585278,36.226389,0.762744687,22.21349389
MonteraTorero,5,2056,-5.585278,36.226389,16.38297889,22.54302565
MonteraTorero,5,2057,-5.585278,36.226389,15.97083914,21.33255084
MonteraTorero,5,2058,-5.585278,36.226389,37.86876615,23.11293355
MonteraTorero,5,2059,-5.585278,36.226389,1.284750686,23.33314445
MonteraTorero,5,2060,-5.585278,36.226389,21.220363,22.91872559
MonteraTorero,5,2061,-5.585278,36.226389,2.04790318,23.46695419
MonteraTorero,5,2062,-5.585278,36.226389,13.90862318,22.73864333
MonteraTorero,5,2063,-5.585278,36.226389,2.043918175,22.91285834
MonteraTorero,5,2064,-5.585278,36.226389,18.45646266,24.22816201
MonteraTorero,5,2065,-5.585278,36.226389,4.501250928,22.89704039
MonteraTorero,5,2066,-5.585278,36.226389,5.214389999,20.70138825
MonteraTorero,5,2067,-5.585278,36.226389,12.93389035,23.92408684
MonteraTorero,5,2068,-5.585278,36.226389,24.14066874,22.34037318
MonteraTorero,5,2069,-5.585278,36.226389,3.515681766,24.38815386
MonteraTorero,5,2070,-5.585278,36.226389,1.737324116,23.38064654
MonteraTorero,5,2071,-5.585278,36.226389,14.65642974,23.09894271
MonteraTorero,5,2072,-5.585278,36.226389,53.84799986,20.91089537
MonteraTorero,5,2073,-5.585278,36.226389,3.413815517,23.79836623
MonteraTorero,5,2074,-5.585278,36.226389,9.13776583,22.56059393
MonteraTorero,5,2075,-5.585278,36.226389,40.99188391,23.24972613
MonteraTorero,5,2076,-5.585278,36.226389,11.73494689,24.90388814
MonteraTorero,5,2077,-5.585278,36.226389,21.02361483,23.08212654
MonteraTorero,5,2078,-5.585278,36.226389,75.47152563,20.41593175
MonteraTorero,5,2079,-5.585278,36.226389,0.813532337,24.94841328
MonteraTorero,5,2080,-5.585278,36.226389,62.83454243,22.1581921
MonteraTorero,5,2081,-5.585278,36.226389,8.720531451,23.62607973
MonteraTorero,5,2082,-5.585278,36.226389,31.12926352,22.82800864
MonteraTorero,5,2083,-5.585278,36.226389,0.33889949,24.22876941
MonteraTorero,5,2084,-5.585278,36.226389,43.77438158,21.97322998
MonteraTorero,5,2085,-5.585278,36.226389,7.865289288,23.61215682
MonteraTorero,5,2086,-5.585278,36.226389,6.737011035,22.93715623
MonteraTorero,5,2087,-5.585278,36.226389,2.33793517,24.90849924
MonteraTorero,5,2088,-5.585278,36.226389,8.731813497,25.1641322
MonteraTorero,5,2089,-5.585278,36.226389,19.970951,24.38343644
MonteraTorero,5,2090,-5.585278,36.226389,38.88745431,23.26903785
MonteraTorero,5,2091,-5.585278,36.226389,0.775963104,22.97943194
MonteraTorero,5,2092,-5.585278,36.226389,3.172738591,23.52152257
MonteraTorero,5,2093,-5.585278,36.226389,26.34441225,23.98325943
MonteraTorero,5,2094,-5.585278,36.226389,6.281627991,22.74229067
MonteraTorero,5,2095,-5.585278,36.226389,1.656750358,23.92986352
MonteraTorero,5,2096,-5.585278,36.226389,3.2699138,22.15860163
MonteraTorero,5,2097,-5.585278,36.226389,1.931670198,22.77556664
MonteraTorero,5,2098,-5.585278,36.226389,24.75615453,22.58609088
MonteraTorero,5,2099,-5.585278,36.226389,21.56599228,26.54742215
MonteraTorero,5,2100,-5.585278,36.226389,58.18598587,20.48987978
MonteraTorero,6,2015,-5.585278,36.226389,11.43268896,25.12388916
MonteraTorero,6,2016,-5.585278,36.226389,10.81014302,24.80907694
MonteraTorero,6,2017,-5.585278,36.226389,16.62687798,24.1956309
MonteraTorero,6,2018,-5.585278,36.226389,2.304504936,24.2989624
MonteraTorero,6,2019,-5.585278,36.226389,3.023009041,24.34342753
MonteraTorero,6,2020,-5.585278,36.226389,0.478482365,25.54847107
MonteraTorero,6,2021,-5.585278,36.226389,0.02017984,26.51384989
MonteraTorero,6,2022,-5.585278,36.226389,0.993663544,26.08105469
MonteraTorero,6,2023,-5.585278,36.226389,11.26840505,25.25273539
MonteraTorero,6,2024,-5.585278,36.226389,2.390418131,25.38369039
MonteraTorero,6,2025,-5.585278,36.226389,2.337492551,24.6648468
MonteraTorero,6,2026,-5.585278,36.226389,8.822102186,26.37143555
MonteraTorero,6,2027,-5.585278,36.226389,0.599258648,25.43178202
MonteraTorero,6,2028,-5.585278,36.226389,9.814566931,24.5489329
MonteraTorero,6,2029,-5.585278,36.226389,6.930660113,24.4731781
MonteraTorero,6,2030,-5.585278,36.226389,24.25920891,25.08228048
MonteraTorero,6,2031,-5.585278,36.226389,12.41802929,27.23867798
MonteraTorero,6,2032,-5.585278,36.226389,1.566589425,28.56979472
MonteraTorero,6,2033,-5.585278,36.226389,2.638046695,25.42724915
MonteraTorero,6,2034,-5.585278,36.226389,2.650109309,25.36330872
MonteraTorero,6,2035,-5.585278,36.226389,8.320560526,24.95092672
MonteraTorero,6,2036,-5.585278,36.226389,0.397846737,25.97727865
MonteraTorero,6,2037,-5.585278,36.226389,14.33881449,25.78631185
MonteraTorero,6,2038,-5.585278,36.226389,16.76449401,24.92771403
MonteraTorero,6,2039,-5.585278,36.226389,3.771068652,27.69979757
MonteraTorero,6,2040,-5.585278,36.226389,0.51192737,25.33442586
MonteraTorero,6,2041,-5.585278,36.226389,10.82130155,25.82947795
MonteraTorero,6,2042,-5.585278,36.226389,1.751711844,25.29752604
MonteraTorero,6,2043,-5.585278,36.226389,0.941310968,27.10895386
MonteraTorero,6,2044,-5.585278,36.226389,1.213394558,26.49813232
MonteraTorero,6,2045,-5.585278,36.226389,26.88163826,25.33018188
MonteraTorero,6,2046,-5.585278,36.226389,0.49910211,25.38109334
MonteraTorero,6,2047,-5.585278,36.226389,9.666042533,26.98004659
MonteraTorero,6,2048,-5.585278,36.226389,1.006344081,26.51602376
MonteraTorero,6,2049,-5.585278,36.226389,14.55230319,28.05231425
MonteraTorero,6,2050,-5.585278,36.226389,15.16865688,26.50661825
MonteraTorero,6,2051,-5.585278,36.226389,3.104553684,25.16821187
MonteraTorero,6,2052,-5.585278,36.226389,1.76718888,27.30794373
MonteraTorero,6,2053,-5.585278,36.226389,0.254846509,26.73312683
MonteraTorero,6,2054,-5.585278,36.226389,0.456883148,28.19003398
MonteraTorero,6,2055,-5.585278,36.226389,1.209925887,27.12475688
MonteraTorero,6,2056,-5.585278,36.226389,3.030629706,25.87258199
MonteraTorero,6,2057,-5.585278,36.226389,4.84590146519069e-05,26.8999644
MonteraTorero,6,2058,-5.585278,36.226389,4.704721687,26.16756185
MonteraTorero,6,2059,-5.585278,36.226389,0.960171361,25.51121318
MonteraTorero,6,2060,-5.585278,36.226389,11.05198057,26.01917521
MonteraTorero,6,2061,-5.585278,36.226389,15.70103987,28.12191874
MonteraTorero,6,2062,-5.585278,36.226389,2.601603554,27.39697876
MonteraTorero,6,2063,-5.585278,36.226389,0.348523703,27.14226074
MonteraTorero,6,2064,-5.585278,36.226389,0.63016109,27.27336629
MonteraTorero,6,2065,-5.585278,36.226389,0.104875218,27.33616028
MonteraTorero,6,2066,-5.585278,36.226389,0.709014296,25.64184163
MonteraTorero,6,2067,-5.585278,36.226389,3.019206835,28.2691213
MonteraTorero,6,2068,-5.585278,36.226389,3.315462154,27.18213603
MonteraTorero,6,2069,-5.585278,36.226389,21.21958365,28.33490906
MonteraTorero,6,2070,-5.585278,36.226389,91.59643305,26.7995697
MonteraTorero,6,2071,-5.585278,36.226389,0.001830084,27.07820231
MonteraTorero,6,2072,-5.585278,36.226389,15.42091199,24.8008606
MonteraTorero,6,2073,-5.585278,36.226389,7.895733969,24.98627014
MonteraTorero,6,2074,-5.585278,36.226389,1.371368999,26.36082865
MonteraTorero,6,2075,-5.585278,36.226389,3.746494285,26.51497701
MonteraTorero,6,2076,-5.585278,36.226389,3.180161847,26.93838603
MonteraTorero,6,2077,-5.585278,36.226389,1.307937471,27.82612305
MonteraTorero,6,2078,-5.585278,36.226389,2.823300062,27.59452311
MonteraTorero,6,2079,-5.585278,36.226389,2.13514284,26.71493937
MonteraTorero,6,2080,-5.585278,36.226389,5.572613972,26.21239115
MonteraTorero,6,2081,-5.585278,36.226389,12.81441042,28.58234965
MonteraTorero,6,2082,-5.585278,36.226389,0.4702046,27.60872904
MonteraTorero,6,2083,-5.585278,36.226389,2.177852853,27.59689331
MonteraTorero,6,2084,-5.585278,36.226389,10.64418371,23.7426768
MonteraTorero,6,2085,-5.585278,36.226389,0.343573164,27.93795471
MonteraTorero,6,2086,-5.585278,36.226389,4.347732537,25.46571248
MonteraTorero,6,2087,-5.585278,36.226389,13.43060142,30.0597758
MonteraTorero,6,2088,-5.585278,36.226389,8.182372427,25.66917013
MonteraTorero,6,2089,-5.585278,36.226389,0.184517942,26.19928487
MonteraTorero,6,2090,-5.585278,36.226389,0.325486239,27.97330017
MonteraTorero,6,2091,-5.585278,36.226389,1.048406812,26.64950053
MonteraTorero,6,2092,-5.585278,36.226389,14.20700736,27.45508321
MonteraTorero,6,2093,-5.585278,36.226389,0.000732555,27.72221069
MonteraTorero,6,2094,-5.585278,36.226389,0.442529092,26.65974426
MonteraTorero,6,2095,-5.585278,36.226389,2.871266809,28.5549408
MonteraTorero,6,2096,-5.585278,36.226389,0.574908591,25.75739136
MonteraTorero,6,2097,-5.585278,36.226389,0.006117933,27.44307658
MonteraTorero,6,2098,-5.585278,36.226389,3.497213348,26.23625183
MonteraTorero,6,2099,-5.585278,36.226389,3.104839783,27.84369609
MonteraTorero,6,2100,-5.585278,36.226389,11.79775413,26.05668132
MonteraTorero,7,2015,-5.585278,36.226389,1.270525445,28.23426061
MonteraTorero,7,2016,-5.585278,36.226389,0.839149164,28.58280777
MonteraTorero,7,2017,-5.585278,36.226389,0.018923604,29.04676061
MonteraTorero,7,2018,-5.585278,36.226389,0.181754462,27.91979567
MonteraTorero,7,2019,-5.585278,36.226389,0.008473229,29.11276718
MonteraTorero,7,2020,-5.585278,36.226389,0.088216272,29.76330153
MonteraTorero,7,2021,-5.585278,36.226389,0.064162216,29.2646384
MonteraTorero,7,2022,-5.585278,36.226389,5.91371619582378e-07,30.16904454
MonteraTorero,7,2023,-5.585278,36.226389,0.367394544,28.52981252
MonteraTorero,7,2024,-5.585278,36.226389,0.191780271,28.70127504
MonteraTorero,7,2025,-5.585278,36.226389,0.094232305,28.48884021
MonteraTorero,7,2026,-5.585278,36.226389,18.00778257,29.43356993
MonteraTorero,7,2027,-5.585278,36.226389,0.37384859,28.43671225
MonteraTorero,7,2028,-5.585278,36.226389,1.568060921,29.41521213
MonteraTorero,7,2029,-5.585278,36.226389,0.754268841,28.96728201
MonteraTorero,7,2030,-5.585278,36.226389,0.13518314,27.60246503
MonteraTorero,7,2031,-5.585278,36.226389,1.020030272,29.9985005
MonteraTorero,7,2032,-5.585278,36.226389,0.0808702,29.88949073
MonteraTorero,7,2033,-5.585278,36.226389,3.249720493,28.38462564
MonteraTorero,7,2034,-5.585278,36.226389,0.02505485,29.04826975
MonteraTorero,7,2035,-5.585278,36.226389,0.001054398,28.64778167
MonteraTorero,7,2036,-5.585278,36.226389,0.000516296,29.40328763
MonteraTorero,7,2037,-5.585278,36.226389,13.35642669,29.34382856
MonteraTorero,7,2038,-5.585278,36.226389,0.058405403,27.94303234
MonteraTorero,7,2039,-5.585278,36.226389,0.277634874,31.37012093
MonteraTorero,7,2040,-5.585278,36.226389,0.000684164,29.94543733
MonteraTorero,7,2041,-5.585278,36.226389,2.949886231,30.09375177
MonteraTorero,7,2042,-5.585278,36.226389,0.003580904,30.10781053
MonteraTorero,7,2043,-5.585278,36.226389,0.599857029,29.09270827
MonteraTorero,7,2044,-5.585278,36.226389,0.083888649,30.46781065
MonteraTorero,7,2045,-5.585278,36.226389,0.12021193,29.803821
MonteraTorero,7,2046,-5.585278,36.226389,0.007723843,29.18478079
MonteraTorero,7,2047,-5.585278,36.226389,0.33484687,30.77358202
MonteraTorero,7,2048,-5.585278,36.226389,0.12229728,30.72184389
MonteraTorero,7,2049,-5.585278,36.226389,0.312241812,30.71612824
MonteraTorero,7,2050,-5.585278,36.226389,0.195405632,30.60319647
MonteraTorero,7,2051,-5.585278,36.226389,2.099406929,29.35382257
MonteraTorero,7,2052,-5.585278,36.226389,1.808501501,30.66458898
MonteraTorero,7,2053,-5.585278,36.226389,0.12792167,29.7812498
MonteraTorero,7,2054,-5.585278,36.226389,0.061662894,30.50989636
MonteraTorero,7,2055,-5.585278,36.226389,0.479517283,30.00206614
MonteraTorero,7,2056,-5.585278,36.226389,0.132429613,30.1634175
MonteraTorero,7,2057,-5.585278,36.226389,0.092066689,31.30837796
MonteraTorero,7,2058,-5.585278,36.226389,0.066162639,30.58237758
MonteraTorero,7,2059,-5.585278,36.226389,0.040969837,29.47762943
MonteraTorero,7,2060,-5.585278,36.226389,0.006766311,30.94343596
MonteraTorero,7,2061,-5.585278,36.226389,0.569059187,31.55014412
MonteraTorero,7,2062,-5.585278,36.226389,2.319892108,31.38023012
MonteraTorero,7,2063,-5.585278,36.226389,4.03538793013835e-11,31.11959524
MonteraTorero,7,2064,-5.585278,36.226389,0.00057411,30.29004576
MonteraTorero,7,2065,-5.585278,36.226389,9.200567602,29.08401666
MonteraTorero,7,2066,-5.585278,36.226389,0.000454108,30.02580488
MonteraTorero,7,2067,-5.585278,36.226389,0.001261142,30.42966171
MonteraTorero,7,2068,-5.585278,36.226389,0.304050088,30.98381663
MonteraTorero,7,2069,-5.585278,36.226389,1.39888304891325e-06,31.01014837
MonteraTorero,7,2070,-5.585278,36.226389,4.610611563,31.56715521
MonteraTorero,7,2071,-5.585278,36.226389,0.007129923,30.6840779
MonteraTorero,7,2072,-5.585278,36.226389,1.664366326,30.50783593
MonteraTorero,7,2073,-5.585278,36.226389,0.224409088,30.61330074
MonteraTorero,7,2074,-5.585278,36.226389,0.327329823,29.70745436
MonteraTorero,7,2075,-5.585278,36.226389,0.011326281,31.56604969
MonteraTorero,7,2076,-5.585278,36.226389,0.506799192,31.05211792
MonteraTorero,7,2077,-5.585278,36.226389,0.057407557,30.71904809
MonteraTorero,7,2078,-5.585278,36.226389,1.400739392,29.80148
MonteraTorero,7,2079,-5.585278,36.226389,0.71231133,29.45623858
MonteraTorero,7,2080,-5.585278,36.226389,0.149023932,31.35041642
MonteraTorero,7,2081,-5.585278,36.226389,0.001223106,32.22121976
MonteraTorero,7,2082,-5.585278,36.226389,0.037938268,31.65726673
MonteraTorero,7,2083,-5.585278,36.226389,0.004939857,31.1365069
MonteraTorero,7,2084,-5.585278,36.226389,0.041861402,30.26938339
MonteraTorero,7,2085,-5.585278,36.226389,0.039542546,31.67758848
MonteraTorero,7,2086,-5.585278,36.226389,0.021297171,30.12402127
MonteraTorero,7,2087,-5.585278,36.226389,0.000136064,32.09339048
MonteraTorero,7,2088,-5.585278,36.226389,2.475295123,30.36777206
MonteraTorero,7,2089,-5.585278,36.226389,0.276395003,31.01610324
MonteraTorero,7,2090,-5.585278,36.226389,3.766668793,30.1777962
MonteraTorero,7,2091,-5.585278,36.226389,0.403741162,31.0736397
MonteraTorero,7,2092,-5.585278,36.226389,0.002927769,30.85677195
MonteraTorero,7,2093,-5.585278,36.226389,1.054016201,30.62860875
MonteraTorero,7,2094,-5.585278,36.226389,1.01733128869706e-08,29.78077727
MonteraTorero,7,2095,-5.585278,36.226389,5.110948905,31.67808956
MonteraTorero,7,2096,-5.585278,36.226389,0.016118979,30.89410479
MonteraTorero,7,2097,-5.585278,36.226389,1.371944772,31.1160552
MonteraTorero,7,2098,-5.585278,36.226389,0.188219875,30.5796684
MonteraTorero,7,2099,-5.585278,36.226389,0.151329436,31.59036924
MonteraTorero,7,2100,-5.585278,36.226389,2.06042769582113e-09,30.72657215
MonteraTorero,8,2015,-5.585278,36.226389,0.004956272,28.03072904
MonteraTorero,8,2016,-5.585278,36.226389,0.077222697,29.02712993
MonteraTorero,8,2017,-5.585278,36.226389,7.075613086,28.85467017
MonteraTorero,8,2018,-5.585278,36.226389,5.774638421,30.03302376
MonteraTorero,8,2019,-5.585278,36.226389,23.37135327,29.74709177
MonteraTorero,8,2020,-5.585278,36.226389,0.013345354,30.57475212
MonteraTorero,8,2021,-5.585278,36.226389,2.080827717,28.94568934
MonteraTorero,8,2022,-5.585278,36.226389,3.424505413,29.32490963
MonteraTorero,8,2023,-5.585278,36.226389,4.636300438,30.85282238
MonteraTorero,8,2024,-5.585278,36.226389,0.539697384,28.52708169
MonteraTorero,8,2025,-5.585278,36.226389,4.083920135,29.87602165
MonteraTorero,8,2026,-5.585278,36.226389,1.666536346,28.6133096
MonteraTorero,8,2027,-5.585278,36.226389,0.488244572,30.83639704
MonteraTorero,8,2028,-5.585278,36.226389,7.175412716,30.60238431
MonteraTorero,8,2029,-5.585278,36.226389,0.039007893,30.17986549
MonteraTorero,8,2030,-5.585278,36.226389,0.181131036,28.73894949
MonteraTorero,8,2031,-5.585278,36.226389,14.64317701,28.93106945
MonteraTorero,8,2032,-5.585278,36.226389,7.438535148,30.31238955
MonteraTorero,8,2033,-5.585278,36.226389,0.002512204,29.48697864
MonteraTorero,8,2034,-5.585278,36.226389,0.154747526,30.62387754
MonteraTorero,8,2035,-5.585278,36.226389,0.719287503,28.29960268
MonteraTorero,8,2036,-5.585278,36.226389,11.44729455,29.62714686
MonteraTorero,8,2037,-5.585278,36.226389,2.334524905,29.45806668
MonteraTorero,8,2038,-5.585278,36.226389,0.001282789,31.01940012
MonteraTorero,8,2039,-5.585278,36.226389,1.934413776,30.368598
MonteraTorero,8,2040,-5.585278,36.226389,0.001996882,29.29278939
MonteraTorero,8,2041,-5.585278,36.226389,14.96224327,29.40333587
MonteraTorero,8,2042,-5.585278,36.226389,12.57105645,30.77577042
MonteraTorero,8,2043,-5.585278,36.226389,0.424910034,28.99837646
MonteraTorero,8,2044,-5.585278,36.226389,0.381060602,30.93758151
MonteraTorero,8,2045,-5.585278,36.226389,3.048323709,30.92242904
MonteraTorero,8,2046,-5.585278,36.226389,14.8172407,30.71932964
MonteraTorero,8,2047,-5.585278,36.226389,0.128308299,31.06736785
MonteraTorero,8,2048,-5.585278,36.226389,1.69974653,30.14361257
MonteraTorero,8,2049,-5.585278,36.226389,4.158838371,31.1090588
MonteraTorero,8,2050,-5.585278,36.226389,16.81818399,30.23236261
MonteraTorero,8,2051,-5.585278,36.226389,0.005628323,30.35786664
MonteraTorero,8,2052,-5.585278,36.226389,0.007099053,30.21697289
MonteraTorero,8,2053,-5.585278,36.226389,0.243951432,31.67793894
MonteraTorero,8,2054,-5.585278,36.226389,0.253635994,30.81787877
MonteraTorero,8,2055,-5.585278,36.226389,0.287838206,29.83283829
MonteraTorero,8,2056,-5.585278,36.226389,0.001797601,31.12881844
MonteraTorero,8,2057,-5.585278,36.226389,16.02572578,31.45109095
MonteraTorero,8,2058,-5.585278,36.226389,0.052302127,31.06798903
MonteraTorero,8,2059,-5.585278,36.226389,3.60955474,31.06858068
MonteraTorero,8,2060,-5.585278,36.226389,0.285191839,31.12647646
MonteraTorero,8,2061,-5.585278,36.226389,29.45859986,31.51838025
MonteraTorero,8,2062,-5.585278,36.226389,0.361919035,30.93451696
MonteraTorero,8,2063,-5.585278,36.226389,0.000113228,30.7146447
MonteraTorero,8,2064,-5.585278,36.226389,1.692127824,31.20835315
MonteraTorero,8,2065,-5.585278,36.226389,12.12647507,29.42635006
MonteraTorero,8,2066,-5.585278,36.226389,1.439157769,30.66662676
MonteraTorero,8,2067,-5.585278,36.226389,1.010716083,31.23519287
MonteraTorero,8,2068,-5.585278,36.226389,0.013457723,30.03412141
MonteraTorero,8,2069,-5.585278,36.226389,0.434328804,29.39701774
MonteraTorero,8,2070,-5.585278,36.226389,0.001978666,30.92003194
MonteraTorero,8,2071,-5.585278,36.226389,2.745327982,31.91486757
MonteraTorero,8,2072,-5.585278,36.226389,0.440473998,30.19409751
MonteraTorero,8,2073,-5.585278,36.226389,1.214954274,31.18129883
MonteraTorero,8,2074,-5.585278,36.226389,0.002462269,31.03871578
MonteraTorero,8,2075,-5.585278,36.226389,0.17268121,31.9851781
MonteraTorero,8,2076,-5.585278,36.226389,0.133849606,31.56267405
MonteraTorero,8,2077,-5.585278,36.226389,0.004273209,31.45606433
MonteraTorero,8,2078,-5.585278,36.226389,1.019522309,29.67223019
MonteraTorero,8,2079,-5.585278,36.226389,0.773237687,29.64996614
MonteraTorero,8,2080,-5.585278,36.226389,0.014031402,31.17963316
MonteraTorero,8,2081,-5.585278,36.226389,9.190188495,32.55523859
MonteraTorero,8,2082,-5.585278,36.226389,8.175699466,33.28140633
MonteraTorero,8,2083,-5.585278,36.226389,0.065729563,30.60939055
MonteraTorero,8,2084,-5.585278,36.226389,0.316181422,31.39227767
MonteraTorero,8,2085,-5.585278,36.226389,0.050472132,30.45302734
MonteraTorero,8,2086,-5.585278,36.226389,5.81288813851131e-06,31.39035211
MonteraTorero,8,2087,-5.585278,36.226389,2.252708054,31.31390361
MonteraTorero,8,2088,-5.585278,36.226389,0.102754547,29.96212158
MonteraTorero,8,2089,-5.585278,36.226389,0.720386864,30.39036393
MonteraTorero,8,2090,-5.585278,36.226389,2.422317356,30.24217057
MonteraTorero,8,2091,-5.585278,36.226389,0.81991623,31.15497003
MonteraTorero,8,2092,-5.585278,36.226389,0.309606089,33.73634466
MonteraTorero,8,2093,-5.585278,36.226389,1.554460289,32.14801203
MonteraTorero,8,2094,-5.585278,36.226389,0.071006972,29.95440556
MonteraTorero,8,2095,-5.585278,36.226389,0.257714248,30.2135815
MonteraTorero,8,2096,-5.585278,36.226389,7.267262857,31.34145705
MonteraTorero,8,2097,-5.585278,36.226389,0.362356771,31.90498283
MonteraTorero,8,2098,-5.585278,36.226389,0.036998866,29.42546899
MonteraTorero,8,2099,-5.585278,36.226389,15.13448793,33.22097759
MonteraTorero,8,2100,-5.585278,36.226389,8.31325894609877e-05,31.74273071
MonteraTorero,9,2015,-5.585278,36.226389,29.12937109,27.32610474
MonteraTorero,9,2016,-5.585278,36.226389,44.30022504,26.35695089
MonteraTorero,9,2017,-5.585278,36.226389,2.324904913,26.44309998
MonteraTorero,9,2018,-5.585278,36.226389,5.796000252,27.12048848
MonteraTorero,9,2019,-5.585278,36.226389,3.415535468,27.61777445
MonteraTorero,9,2020,-5.585278,36.226389,16.4640742,27.09382935
MonteraTorero,9,2021,-5.585278,36.226389,6.914782138,26.79198507
MonteraTorero,9,2022,-5.585278,36.226389,0.404390417,27.58780009
MonteraTorero,9,2023,-5.585278,36.226389,7.222372281,28.42845866
MonteraTorero,9,2024,-5.585278,36.226389,8.139687637,27.13101705
MonteraTorero,9,2025,-5.585278,36.226389,24.87498267,26.48693848
MonteraTorero,9,2026,-5.585278,36.226389,0.956368385,26.32383931
MonteraTorero,9,2027,-5.585278,36.226389,1.876135875,28.90427043
MonteraTorero,9,2028,-5.585278,36.226389,29.16072391,27.39449666
MonteraTorero,9,2029,-5.585278,36.226389,1.179299383,26.59941508
MonteraTorero,9,2030,-5.585278,36.226389,0.041128124,26.65032959
MonteraTorero,9,2031,-5.585278,36.226389,10.56388616,27.72082621
MonteraTorero,9,2032,-5.585278,36.226389,4.663424678,27.54966329
MonteraTorero,9,2033,-5.585278,36.226389,79.60428836,27.09714457
MonteraTorero,9,2034,-5.585278,36.226389,54.25101184,28.05728048
MonteraTorero,9,2035,-5.585278,36.226389,8.115130383,27.62609456
MonteraTorero,9,2036,-5.585278,36.226389,0.795903659,27.85401204
MonteraTorero,9,2037,-5.585278,36.226389,0.796852355,28.79805501
MonteraTorero,9,2038,-5.585278,36.226389,0.115822424,28.63207092
MonteraTorero,9,2039,-5.585278,36.226389,8.499336093,26.17639567
MonteraTorero,9,2040,-5.585278,36.226389,0.26806817,27.70439555
MonteraTorero,9,2041,-5.585278,36.226389,12.93943215,27.64101766
MonteraTorero,9,2042,-5.585278,36.226389,11.21009506,26.48235982
MonteraTorero,9,2043,-5.585278,36.226389,14.83199768,26.81336873
MonteraTorero,9,2044,-5.585278,36.226389,11.80940845,27.9426534
MonteraTorero,9,2045,-5.585278,36.226389,0.138767982,28.28710124
MonteraTorero,9,2046,-5.585278,36.226389,0.750637459,29.25112508
MonteraTorero,9,2047,-5.585278,36.226389,0.383041399,27.3411143
MonteraTorero,9,2048,-5.585278,36.226389,0.094654914,29.22688802
MonteraTorero,9,2049,-5.585278,36.226389,0.105280643,27.46331075
MonteraTorero,9,2050,-5.585278,36.226389,0.120390227,28.62963664
MonteraTorero,9,2051,-5.585278,36.226389,12.03753095,27.47367655
MonteraTorero,9,2052,-5.585278,36.226389,12.85870606,27.97700094
MonteraTorero,9,2053,-5.585278,36.226389,0.176472369,28.11407979
MonteraTorero,9,2054,-5.585278,36.226389,0.482936997,28.62812602
MonteraTorero,9,2055,-5.585278,36.226389,20.96663654,27.79888916
MonteraTorero,9,2056,-5.585278,36.226389,18.20506595,28.30365092
MonteraTorero,9,2057,-5.585278,36.226389,16.6533924,28.91573486
MonteraTorero,9,2058,-5.585278,36.226389,1.974134931,28.62518412
MonteraTorero,9,2059,-5.585278,36.226389,1.326554388,26.58623556
MonteraTorero,9,2060,-5.585278,36.226389,2.813280998,28.23268229
MonteraTorero,9,2061,-5.585278,36.226389,4.725536202,28.77483724
MonteraTorero,9,2062,-5.585278,36.226389,0.044519707,28.67111511
MonteraTorero,9,2063,-5.585278,36.226389,7.162842476,29.06372477
MonteraTorero,9,2064,-5.585278,36.226389,5.352112017,27.74447123
MonteraTorero,9,2065,-5.585278,36.226389,6.574727615,27.20939331
MonteraTorero,9,2066,-5.585278,36.226389,0.489707261,29.11855774
MonteraTorero,9,2067,-5.585278,36.226389,0.246740888,28.28807882
MonteraTorero,9,2068,-5.585278,36.226389,5.987670181,26.07259216
MonteraTorero,9,2069,-5.585278,36.226389,0.615491611,28.77567647
MonteraTorero,9,2070,-5.585278,36.226389,6.268805548,28.35209147
MonteraTorero,9,2071,-5.585278,36.226389,16.53606441,28.13183695
MonteraTorero,9,2072,-5.585278,36.226389,20.35283024,27.06451314
MonteraTorero,9,2073,-5.585278,36.226389,4.607779814,28.70525614
MonteraTorero,9,2074,-5.585278,36.226389,0.008303737,28.77179057
MonteraTorero,9,2075,-5.585278,36.226389,1.826174456,28.60557353
MonteraTorero,9,2076,-5.585278,36.226389,6.462319906,28.10228475
MonteraTorero,9,2077,-5.585278,36.226389,0.648988957,29.05864461
MonteraTorero,9,2078,-5.585278,36.226389,17.44214146,27.94238078
MonteraTorero,9,2079,-5.585278,36.226389,2.316786703,27.97945455
MonteraTorero,9,2080,-5.585278,36.226389,2.638578547,27.84676412
MonteraTorero,9,2081,-5.585278,36.226389,2.865899212,29.27524109
MonteraTorero,9,2082,-5.585278,36.226389,37.82425857,28.58473511
MonteraTorero,9,2083,-5.585278,36.226389,0.043870957,30.2013265
MonteraTorero,9,2084,-5.585278,36.226389,0.890850352,27.92000732
MonteraTorero,9,2085,-5.585278,36.226389,2.56564906,28.13406677
MonteraTorero,9,2086,-5.585278,36.226389,0.420845533,29.44381816
MonteraTorero,9,2087,-5.585278,36.226389,0.200715604,27.54230245
MonteraTorero,9,2088,-5.585278,36.226389,6.349533087,28.08921712
MonteraTorero,9,2089,-5.585278,36.226389,10.17893968,29.10918884
MonteraTorero,9,2090,-5.585278,36.226389,20.37555536,29.81142375
MonteraTorero,9,2091,-5.585278,36.226389,1.76286395,29.85695903
MonteraTorero,9,2092,-5.585278,36.226389,6.124628618,28.06978251
MonteraTorero,9,2093,-5.585278,36.226389,0.197588189,28.7176005
MonteraTorero,9,2094,-5.585278,36.226389,4.742229791,28.59842936
MonteraTorero,9,2095,-5.585278,36.226389,2.386672537,27.72009277
MonteraTorero,9,2096,-5.585278,36.226389,0.158347184,29.72107646
MonteraTorero,9,2097,-5.585278,36.226389,0.621944337,28.44599304
MonteraTorero,9,2098,-5.585278,36.226389,4.828093619,27.20791423
MonteraTorero,9,2099,-5.585278,36.226389,0.331839385,29.22779541
MonteraTorero,9,2100,-5.585278,36.226389,10.8246076,29.10358683
Prisioneros,1,2015,-5.486388889,36.105,76.57260123,17.25153257
Prisioneros,1,2016,-5.486388889,36.105,3.614561159,16.50898575
Prisioneros,1,2017,-5.486388889,36.105,89.52406118,17.28918437
Prisioneros,1,2018,-5.486388889,36.105,104.1987704,16.68461638
Prisioneros,1,2019,-5.486388889,36.105,147.6005488,15.92342628
Prisioneros,1,2020,-5.486388889,36.105,39.04104478,16.92858572
Prisioneros,1,2021,-5.486388889,36.105,35.79884246,15.31246043
Prisioneros,1,2022,-5.486388889,36.105,55.78613545,17.18375599
Prisioneros,1,2023,-5.486388889,36.105,45.14623737,16.33959252
Prisioneros,1,2024,-5.486388889,36.105,82.40841153,17.48243251
Prisioneros,1,2025,-5.486388889,36.105,28.97296565,15.85975283
Prisioneros,1,2026,-5.486388889,36.105,52.0880877,16.41220172
Prisioneros,1,2027,-5.486388889,36.105,143.9015197,17.64272067
Prisioneros,1,2028,-5.486388889,36.105,6.4234016,15.72231445
Prisioneros,1,2029,-5.486388889,36.105,29.56063766,16.94173682
Prisioneros,1,2030,-5.486388889,36.105,3.413813901,15.1318003
Prisioneros,1,2031,-5.486388889,36.105,41.21420319,17.4766893
Prisioneros,1,2032,-5.486388889,36.105,23.281343,17.22043811
Prisioneros,1,2033,-5.486388889,36.105,92.665339,17.0908083
Prisioneros,1,2034,-5.486388889,36.105,46.14519721,17.46324679
Prisioneros,1,2035,-5.486388889,36.105,150.596329,18.29667496
Prisioneros,1,2036,-5.486388889,36.105,143.6419909,16.39873657
Prisioneros,1,2037,-5.486388889,36.105,35.21851011,16.86317867
Prisioneros,1,2038,-5.486388889,36.105,38.29437726,18.27298643
Prisioneros,1,2039,-5.486388889,36.105,33.415544,17.35922615
Prisioneros,1,2040,-5.486388889,36.105,94.97539795,15.39039838
Prisioneros,1,2041,-5.486388889,36.105,81.22581122,16.39800513
Prisioneros,1,2042,-5.486388889,36.105,33.05947142,16.82676037
Prisioneros,1,2043,-5.486388889,36.105,2.002999484,17.23554825
Prisioneros,1,2044,-5.486388889,36.105,21.08942535,16.31865057
Prisioneros,1,2045,-5.486388889,36.105,40.13337987,15.45559082
Prisioneros,1,2046,-5.486388889,36.105,64.83188797,18.53998964
Prisioneros,1,2047,-5.486388889,36.105,24.52039152,17.68543051
Prisioneros,1,2048,-5.486388889,36.105,150.228366,16.86245216
Prisioneros,1,2049,-5.486388889,36.105,21.63385684,15.72509943
Prisioneros,1,2050,-5.486388889,36.105,42.85229541,16.30973845
Prisioneros,1,2051,-5.486388889,36.105,143.6216509,17.24973007
Prisioneros,1,2052,-5.486388889,36.105,32.69153665,18.33091667
Prisioneros,1,2053,-5.486388889,36.105,72.25314373,17.11069592
Prisioneros,1,2054,-5.486388889,36.105,93.92443264,17.72262357
Prisioneros,1,2055,-5.486388889,36.105,51.95270932,16.50153553
Prisioneros,1,2056,-5.486388889,36.105,18.80968115,17.52319907
Prisioneros,1,2057,-5.486388889,36.105,26.25140585,17.50545851
Prisioneros,1,2058,-5.486388889,36.105,52.98701689,18.03965986
Prisioneros,1,2059,-5.486388889,36.105,155.7878138,18.49801321
Prisioneros,1,2060,-5.486388889,36.105,125.1715688,16.19454543
Prisioneros,1,2061,-5.486388889,36.105,188.9796364,17.77102641
Prisioneros,1,2062,-5.486388889,36.105,135.0491322,17.23545178
Prisioneros,1,2063,-5.486388889,36.105,80.66327273,17.71232831
Prisioneros,1,2064,-5.486388889,36.105,8.334388212,17.9284538
Prisioneros,1,2065,-5.486388889,36.105,78.01389723,15.70826455
Prisioneros,1,2066,-5.486388889,36.105,66.44533475,18.10857446
Prisioneros,1,2067,-5.486388889,36.105,102.4519093,15.63454295
Prisioneros,1,2068,-5.486388889,36.105,44.56169011,17.40460382
Prisioneros,1,2069,-5.486388889,36.105,12.98014512,17.03936748
Prisioneros,1,2070,-5.486388889,36.105,39.33567745,16.15997885
Prisioneros,1,2071,-5.486388889,36.105,12.78010306,17.69682145
Prisioneros,1,2072,-5.486388889,36.105,103.006606,17.16384966
Prisioneros,1,2073,-5.486388889,36.105,220.1454051,17.87522229
Prisioneros,1,2074,-5.486388889,36.105,34.8348747,17.14419044
Prisioneros,1,2075,-5.486388889,36.105,17.17090899,16.88550966
Prisioneros,1,2076,-5.486388889,36.105,24.09596854,16.22151115
Prisioneros,1,2077,-5.486388889,36.105,103.0009394,16.35221695
Prisioneros,1,2078,-5.486388889,36.105,117.9865649,18.47037806
Prisioneros,1,2079,-5.486388889,36.105,56.57907654,18.07597282
Prisioneros,1,2080,-5.486388889,36.105,93.20342934,18.68176644
Prisioneros,1,2081,-5.486388889,36.105,102.4475987,17.30760026
Prisioneros,1,2082,-5.486388889,36.105,7.066840859,16.29007529
Prisioneros,1,2083,-5.486388889,36.105,144.9775585,15.86531293
Prisioneros,1,2084,-5.486388889,36.105,128.7598211,19.21744739
Prisioneros,1,2085,-5.486388889,36.105,44.17767919,18.09788838
Prisioneros,1,2086,-5.486388889,36.105,157.7611052,16.32740518
Prisioneros,1,2087,-5.486388889,36.105,2.502083697,17.90641322
Prisioneros,1,2088,-5.486388889,36.105,166.1519459,16.55574459
Prisioneros,1,2089,-5.486388889,36.105,67.28029599,16.05651245
Prisioneros,1,2090,-5.486388889,36.105,7.068992244,19.20686961
Prisioneros,1,2091,-5.486388889,36.105,4.150940957,17.94765133
Prisioneros,1,2092,-5.486388889,36.105,10.86770331,17.81270161
Prisioneros,1,2093,-5.486388889,36.105,74.04307964,15.60251032
Prisioneros,1,2094,-5.486388889,36.105,18.98148953,18.84201719
Prisioneros,1,2095,-5.486388889,36.105,39.63717395,17.82999031
Prisioneros,1,2096,-5.486388889,36.105,45.63410659,17.34480414
Prisioneros,1,2097,-5.486388889,36.105,62.04702624,17.37046548
Prisioneros,1,2098,-5.486388889,36.105,56.58359685,15.3740951
Prisioneros,1,2099,-5.486388889,36.105,96.28368355,17.00945927
Prisioneros,1,2100,-5.486388889,36.105,37.5221465,17.91258663
Prisioneros,10,2015,-5.486388889,36.105,2.098624886,24.09055136
Prisioneros,10,2016,-5.486388889,36.105,21.57149793,22.40680896
Prisioneros,10,2017,-5.486388889,36.105,66.35566611,22.87604725
Prisioneros,10,2018,-5.486388889,36.105,57.32680469,22.62103744
Prisioneros,10,2019,-5.486388889,36.105,8.734254365,21.56045513
Prisioneros,10,2020,-5.486388889,36.105,5.548195937,22.73967699
Prisioneros,10,2021,-5.486388889,36.105,24.711444,23.84710969
Prisioneros,10,2022,-5.486388889,36.105,20.91010353,22.83739821
Prisioneros,10,2023,-5.486388889,36.105,74.83783798,22.61503926
Prisioneros,10,2024,-5.486388889,36.105,36.64517255,22.04966962
Prisioneros,10,2025,-5.486388889,36.105,51.57108171,22.61271697
Prisioneros,10,2026,-5.486388889,36.105,4.584870339,24.03941473
Prisioneros,10,2027,-5.486388889,36.105,3.440305268,25.81968915
Prisioneros,10,2028,-5.486388889,36.105,35.49869364,22.90502418
Prisioneros,10,2029,-5.486388889,36.105,42.71932302,22.0083252
Prisioneros,10,2030,-5.486388889,36.105,11.8306583,23.02404569
Prisioneros,10,2031,-5.486388889,36.105,8.72727078,23.59052675
Prisioneros,10,2032,-5.486388889,36.105,19.56567059,23.95118644
Prisioneros,10,2033,-5.486388889,36.105,18.86797766,23.75556975
Prisioneros,10,2034,-5.486388889,36.105,31.35968285,21.75923875
Prisioneros,10,2035,-5.486388889,36.105,83.47746787,23.97686453
Prisioneros,10,2036,-5.486388889,36.105,9.917358278,23.04331015
Prisioneros,10,2037,-5.486388889,36.105,1.787402267,24.2775749
Prisioneros,10,2038,-5.486388889,36.105,23.43619219,24.1983995
Prisioneros,10,2039,-5.486388889,36.105,35.79511708,22.58302829
Prisioneros,10,2040,-5.486388889,36.105,8.686045694,22.84906675
Prisioneros,10,2041,-5.486388889,36.105,12.95704569,23.24811264
Prisioneros,10,2042,-5.486388889,36.105,61.34189913,22.22720022
Prisioneros,10,2043,-5.486388889,36.105,1.078221941,23.83255281
Prisioneros,10,2044,-5.486388889,36.105,18.04515298,24.62452334
Prisioneros,10,2045,-5.486388889,36.105,12.92145204,23.87729551
Prisioneros,10,2046,-5.486388889,36.105,2.694324462,25.75140755
Prisioneros,10,2047,-5.486388889,36.105,26.37771606,22.70786684
Prisioneros,10,2048,-5.486388889,36.105,36.47868245,24.79690335
Prisioneros,10,2049,-5.486388889,36.105,18.11357585,23.95372728
Prisioneros,10,2050,-5.486388889,36.105,18.60143545,25.00646756
Prisioneros,10,2051,-5.486388889,36.105,18.94520196,23.87506871
Prisioneros,10,2052,-5.486388889,36.105,52.09264254,22.63547816
Prisioneros,10,2053,-5.486388889,36.105,17.29631209,24.47300454
Prisioneros,10,2054,-5.486388889,36.105,53.01547483,24.06869389
Prisioneros,10,2055,-5.486388889,36.105,38.85067367,23.68111375
Prisioneros,10,2056,-5.486388889,36.105,1.410109527,23.98612415
Prisioneros,10,2057,-5.486388889,36.105,7.806596256,23.51948577
Prisioneros,10,2058,-5.486388889,36.105,32.95765327,24.17007033
Prisioneros,10,2059,-5.486388889,36.105,1.028029124,24.11337261
Prisioneros,10,2060,-5.486388889,36.105,6.086249891,22.59317194
Prisioneros,10,2061,-5.486388889,36.105,35.87948882,23.1451483
Prisioneros,10,2062,-5.486388889,36.105,28.86146952,24.67742703
Prisioneros,10,2063,-5.486388889,36.105,5.089138482,25.28666815
Prisioneros,10,2064,-5.486388889,36.105,10.98498401,23.34114006
Prisioneros,10,2065,-5.486388889,36.105,26.14922769,23.7887778
Prisioneros,10,2066,-5.486388889,36.105,24.50100531,23.75871799
Prisioneros,10,2067,-5.486388889,36.105,0.661599962,25.78903769
Prisioneros,10,2068,-5.486388889,36.105,6.994050226,24.52382813
Prisioneros,10,2069,-5.486388889,36.105,25.42713642,24.12234379
Prisioneros,10,2070,-5.486388889,36.105,6.528700165,25.72288444
Prisioneros,10,2071,-5.486388889,36.105,46.92062398,23.19612151
Prisioneros,10,2072,-5.486388889,36.105,2.212543481,24.26335961
Prisioneros,10,2073,-5.486388889,36.105,9.12642691,25.22292087
Prisioneros,10,2074,-5.486388889,36.105,35.44417076,25.36332831
Prisioneros,10,2075,-5.486388889,36.105,34.07396746,24.07851661
Prisioneros,10,2076,-5.486388889,36.105,23.2583379,24.70049537
Prisioneros,10,2077,-5.486388889,36.105,2.14081078,26.12992298
Prisioneros,10,2078,-5.486388889,36.105,8.660297604,23.97558673
Prisioneros,10,2079,-5.486388889,36.105,47.05463999,24.7290864
Prisioneros,10,2080,-5.486388889,36.105,15.52828961,25.47487202
Prisioneros,10,2081,-5.486388889,36.105,1.390134629,24.22454519
Prisioneros,10,2082,-5.486388889,36.105,47.54369266,23.27587871
Prisioneros,10,2083,-5.486388889,36.105,12.81586098,26.14986671
Prisioneros,10,2084,-5.486388889,36.105,22.14663953,23.57395669
Prisioneros,10,2085,-5.486388889,36.105,16.16238506,23.8873358
Prisioneros,10,2086,-5.486388889,36.105,28.29956757,23.40925135
Prisioneros,10,2087,-5.486388889,36.105,11.48940165,24.11007966
Prisioneros,10,2088,-5.486388889,36.105,17.85704225,25.2555924
Prisioneros,10,2089,-5.486388889,36.105,0.134828836,25.44586162
Prisioneros,10,2090,-5.486388889,36.105,7.808895884,23.73211946
Prisioneros,10,2091,-5.486388889,36.105,31.60901068,24.09294946
Prisioneros,10,2092,-5.486388889,36.105,1.344760238,24.26247263
Prisioneros,10,2093,-5.486388889,36.105,2.309835789,24.57171217
Prisioneros,10,2094,-5.486388889,36.105,18.9742488,21.64537078
Prisioneros,10,2095,-5.486388889,36.105,7.57551019,24.47414157
Prisioneros,10,2096,-5.486388889,36.105,0.899398544,25.61462383
Prisioneros,10,2097,-5.486388889,36.105,4.758642858,24.33969097
Prisioneros,10,2098,-5.486388889,36.105,0.07095748,22.90077337
Prisioneros,10,2099,-5.486388889,36.105,15.16759777,22.7909918
Prisioneros,10,2100,-5.486388889,36.105,5.470867054,24.79553203
Prisioneros,11,2015,-5.486388889,36.105,14.86424606,19.77042033
Prisioneros,11,2016,-5.486388889,36.105,101.7871273,19.4322937
Prisioneros,11,2017,-5.486388889,36.105,95.64438344,20.28737386
Prisioneros,11,2018,-5.486388889,36.105,30.28487784,19.98256429
Prisioneros,11,2019,-5.486388889,36.105,32.77707789,17.68028158
Prisioneros,11,2020,-5.486388889,36.105,29.68645361,20.76786906
Prisioneros,11,2021,-5.486388889,36.105,6.951308884,20.53946431
Prisioneros,11,2022,-5.486388889,36.105,35.48829725,18.9813385
Prisioneros,11,2023,-5.486388889,36.105,82.23034655,17.73959554
Prisioneros,11,2024,-5.486388889,36.105,8.875324309,18.31747538
Prisioneros,11,2025,-5.486388889,36.105,79.86324433,20.00676066
Prisioneros,11,2026,-5.486388889,36.105,29.04387112,20.1388682
Prisioneros,11,2027,-5.486388889,36.105,37.90569744,19.50891317
Prisioneros,11,2028,-5.486388889,36.105,66.08352156,18.25063273
Prisioneros,11,2029,-5.486388889,36.105,13.89665404,21.67103068
Prisioneros,11,2030,-5.486388889,36.105,13.45958843,19.17119853
Prisioneros,11,2031,-5.486388889,36.105,8.758510764,19.15321554
Prisioneros,11,2032,-5.486388889,36.105,109.7762825,19.90732727
Prisioneros,11,2033,-5.486388889,36.105,6.760043686,19.82070109
Prisioneros,11,2034,-5.486388889,36.105,21.65667304,18.57483927
Prisioneros,11,2035,-5.486388889,36.105,77.62677067,18.89415487
Prisioneros,11,2036,-5.486388889,36.105,40.22463864,19.95669454
Prisioneros,11,2037,-5.486388889,36.105,12.17507855,18.53497009
Prisioneros,11,2038,-5.486388889,36.105,79.88536745,20.66576843
Prisioneros,11,2039,-5.486388889,36.105,6.165758363,20.46057434
Prisioneros,11,2040,-5.486388889,36.105,70.74308132,21.15758057
Prisioneros,11,2041,-5.486388889,36.105,213.1394264,19.6525177
Prisioneros,11,2042,-5.486388889,36.105,1.589781725,19.88500366
Prisioneros,11,2043,-5.486388889,36.105,27.06375809,18.32193807
Prisioneros,11,2044,-5.486388889,36.105,11.85274502,19.48823039
Prisioneros,11,2045,-5.486388889,36.105,108.047772,20.26787313
Prisioneros,11,2046,-5.486388889,36.105,37.15711443,20.68721619
Prisioneros,11,2047,-5.486388889,36.105,74.11156136,17.71591492
Prisioneros,11,2048,-5.486388889,36.105,50.24056971,19.85657349
Prisioneros,11,2049,-5.486388889,36.105,24.93994833,20.45651652
Prisioneros,11,2050,-5.486388889,36.105,102.4317967,19.83886515
Prisioneros,11,2051,-5.486388889,36.105,5.692158373,21.13688354
Prisioneros,11,2052,-5.486388889,36.105,9.091169039,21.21131592
Prisioneros,11,2053,-5.486388889,36.105,0.096778091,20.95170898
Prisioneros,11,2054,-5.486388889,36.105,15.20295855,20.07376099
Prisioneros,11,2055,-5.486388889,36.105,12.68359382,19.55184224
Prisioneros,11,2056,-5.486388889,36.105,119.687389,19.63467
Prisioneros,11,2057,-5.486388889,36.105,72.86378077,20.06214701
Prisioneros,11,2058,-5.486388889,36.105,8.866797709,21.44128927
Prisioneros,11,2059,-5.486388889,36.105,13.42978676,19.73961995
Prisioneros,11,2060,-5.486388889,36.105,12.20127736,18.11060791
Prisioneros,11,2061,-5.486388889,36.105,80.85857464,20.17513224
Prisioneros,11,2062,-5.486388889,36.105,14.69619799,21.63190715
Prisioneros,11,2063,-5.486388889,36.105,2.477587991,20.17040812
Prisioneros,11,2064,-5.486388889,36.105,39.05069803,19.54102987
Prisioneros,11,2065,-5.486388889,36.105,24.75055492,18.83398743
Prisioneros,11,2066,-5.486388889,36.105,52.85313648,19.05762126
Prisioneros,11,2067,-5.486388889,36.105,19.90846266,18.46661377
Prisioneros,11,2068,-5.486388889,36.105,63.23566786,20.14367879
Prisioneros,11,2069,-5.486388889,36.105,78.02835193,20.1725179
Prisioneros,11,2070,-5.486388889,36.105,58.52411809,20.63167013
Prisioneros,11,2071,-5.486388889,36.105,58.77093048,20.8425649
Prisioneros,11,2072,-5.486388889,36.105,45.86046145,21.10908203
Prisioneros,11,2073,-5.486388889,36.105,20.96615113,21.33433329
Prisioneros,11,2074,-5.486388889,36.105,120.7004002,20.97707825
Prisioneros,11,2075,-5.486388889,36.105,59.7215176,20.53737183
Prisioneros,11,2076,-5.486388889,36.105,68.0727301,21.49441121
Prisioneros,11,2077,-5.486388889,36.105,38.65616068,20.95514018
Prisioneros,11,2078,-5.486388889,36.105,24.50763159,19.85910136
Prisioneros,11,2079,-5.486388889,36.105,58.26584407,21.31007894
Prisioneros,11,2080,-5.486388889,36.105,63.10332607,20.96224772
Prisioneros,11,2081,-5.486388889,36.105,3.945457983,19.24268697
Prisioneros,11,2082,-5.486388889,36.105,14.10011006,20.31559448
Prisioneros,11,2083,-5.486388889,36.105,143.2699781,21.24202983
Prisioneros,11,2084,-5.486388889,36.105,10.19084769,20.46029867
Prisioneros,11,2085,-5.486388889,36.105,20.54938354,19.88868917
Prisioneros,11,2086,-5.486388889,36.105,26.79706899,19.23114522
Prisioneros,11,2087,-5.486388889,36.105,1.464352814,20.64314779
Prisioneros,11,2088,-5.486388889,36.105,39.07878481,19.45205282
Prisioneros,11,2089,-5.486388889,36.105,14.94246987,21.33349915
Prisioneros,11,2090,-5.486388889,36.105,25.11852033,22.35602926
Prisioneros,11,2091,-5.486388889,36.105,40.30769545,18.65000203
Prisioneros,11,2092,-5.486388889,36.105,12.26526159,19.92464396
Prisioneros,11,2093,-5.486388889,36.105,103.2738832,21.26404521
Prisioneros,11,2094,-5.486388889,36.105,8.384240862,21.44437358
Prisioneros,11,2095,-5.486388889,36.105,44.74770657,20.49407145
Prisioneros,11,2096,-5.486388889,36.105,0.355242563,20.26130269
Prisioneros,11,2097,-5.486388889,36.105,58.05557876,19.54697367
Prisioneros,11,2098,-5.486388889,36.105,56.86585935,19.7050649
Prisioneros,11,2099,-5.486388889,36.105,45.2197526,20.83935547
Prisioneros,11,2100,-5.486388889,36.105,67.88898791,19.64582926
Prisioneros,12,2015,-5.486388889,36.105,125.4669033,17.36177979
Prisioneros,12,2016,-5.486388889,36.105,15.94428391,17.39975281
Prisioneros,12,2017,-5.486388889,36.105,25.35877718,18.54032534
Prisioneros,12,2018,-5.486388889,36.105,43.20242657,17.39112785
Prisioneros,12,2019,-5.486388889,36.105,59.06331358,16.23550888
Prisioneros,12,2020,-5.486388889,36.105,24.03033175,17.15133899
Prisioneros,12,2021,-5.486388889,36.105,51.84717548,19.33011927
Prisioneros,12,2022,-5.486388889,36.105,230.0734209,17.12519177
Prisioneros,12,2023,-5.486388889,36.105,142.6981041,17.04553695
Prisioneros,12,2024,-5.486388889,36.105,15.77311867,16.21632792
Prisioneros,12,2025,-5.486388889,36.105,23.87713469,16.2080716
Prisioneros,12,2026,-5.486388889,36.105,66.48478628,17.98244826
Prisioneros,12,2027,-5.486388889,36.105,35.18520127,16.0419851
Prisioneros,12,2028,-5.486388889,36.105,70.2797137,19.22625936
Prisioneros,12,2029,-5.486388889,36.105,164.1604792,17.65243904
Prisioneros,12,2030,-5.486388889,36.105,36.46965576,18.22530009
Prisioneros,12,2031,-5.486388889,36.105,64.60127762,18.16577326
Prisioneros,12,2032,-5.486388889,36.105,137.0196488,16.93303324
Prisioneros,12,2033,-5.486388889,36.105,101.6319039,18.21033876
Prisioneros,12,2034,-5.486388889,36.105,68.12307488,17.28669768
Prisioneros,12,2035,-5.486388889,36.105,14.95601807,17.05718974
Prisioneros,12,2036,-5.486388889,36.105,71.42940139,16.7392039
Prisioneros,12,2037,-5.486388889,36.105,72.42587374,17.48691367
Prisioneros,12,2038,-5.486388889,36.105,16.87153873,17.42442844
Prisioneros,12,2039,-5.486388889,36.105,4.220219963,18.05927872
Prisioneros,12,2040,-5.486388889,36.105,2.817611365,17.71951946
Prisioneros,12,2041,-5.486388889,36.105,85.33155346,16.0889044
Prisioneros,12,2042,-5.486388889,36.105,80.95957361,16.80985068
Prisioneros,12,2043,-5.486388889,36.105,7.027915023,16.99571356
Prisioneros,12,2044,-5.486388889,36.105,44.17570499,16.32581787
Prisioneros,12,2045,-5.486388889,36.105,98.87380747,18.35423505
Prisioneros,12,2046,-5.486388889,36.105,38.78706826,19.76001252
Prisioneros,12,2047,-5.486388889,36.105,36.55624978,18.52565032
Prisioneros,12,2048,-5.486388889,36.105,104.6490111,18.72230733
Prisioneros,12,2049,-5.486388889,36.105,119.9071394,19.05129198
Prisioneros,12,2050,-5.486388889,36.105,84.23012744,17.19179077
Prisioneros,12,2051,-5.486388889,36.105,24.63951251,18.77994247
Prisioneros,12,2052,-5.486388889,36.105,10.40492055,18.30295003
Prisioneros,12,2053,-5.486388889,36.105,44.48902687,19.98914145
Prisioneros,12,2054,-5.486388889,36.105,35.69842031,18.25737915
Prisioneros,12,2055,-5.486388889,36.105,4.746149096,18.2897711
Prisioneros,12,2056,-5.486388889,36.105,141.1553379,19.50075582
Prisioneros,12,2057,-5.486388889,36.105,105.246088,18.56211292
Prisioneros,12,2058,-5.486388889,36.105,59.63477838,18.82890251
Prisioneros,12,2059,-5.486388889,36.105,8.32142789,17.82396752
Prisioneros,12,2060,-5.486388889,36.105,48.81089386,17.69124651
Prisioneros,12,2061,-5.486388889,36.105,208.2902406,18.37147748
Prisioneros,12,2062,-5.486388889,36.105,20.31904108,19.29773225
Prisioneros,12,2063,-5.486388889,36.105,59.941848,18.82395079
Prisioneros,12,2064,-5.486388889,36.105,8.460559078,17.14226888
Prisioneros,12,2065,-5.486388889,36.105,133.0830381,18.25824841
Prisioneros,12,2066,-5.486388889,36.105,12.10478622,17.40760931
Prisioneros,12,2067,-5.486388889,36.105,92.18139693,17.41563445
Prisioneros,12,2068,-5.486388889,36.105,2.866585322,17.07944031
Prisioneros,12,2069,-5.486388889,36.105,20.13118589,17.37741758
Prisioneros,12,2070,-5.486388889,36.105,180.2898897,18.15870158
Prisioneros,12,2071,-5.486388889,36.105,1.102487244,16.62657786
Prisioneros,12,2072,-5.486388889,36.105,75.20978737,17.96652527
Prisioneros,12,2073,-5.486388889,36.105,41.26118903,17.33393299
Prisioneros,12,2074,-5.486388889,36.105,138.7164613,18.4096599
Prisioneros,12,2075,-5.486388889,36.105,290.9707942,19.67408979
Prisioneros,12,2076,-5.486388889,36.105,53.10864224,17.78769124
Prisioneros,12,2077,-5.486388889,36.105,55.06204572,16.52959792
Prisioneros,12,2078,-5.486388889,36.105,144.2720506,17.71035058
Prisioneros,12,2079,-5.486388889,36.105,41.95226485,18.42978279
Prisioneros,12,2080,-5.486388889,36.105,44.46033618,17.23056157
Prisioneros,12,2081,-5.486388889,36.105,41.03666915,19.58733914
Prisioneros,12,2082,-5.486388889,36.105,11.14821291,18.18766125
Prisioneros,12,2083,-5.486388889,36.105,174.5798528,18.2042067
Prisioneros,12,2084,-5.486388889,36.105,43.19166081,18.89568583
Prisioneros,12,2085,-5.486388889,36.105,46.84619234,17.52136703
Prisioneros,12,2086,-5.486388889,36.105,26.75757313,18.67920887
Prisioneros,12,2087,-5.486388889,36.105,48.1178122,18.07198486
Prisioneros,12,2088,-5.486388889,36.105,35.88146557,17.1398468
Prisioneros,12,2089,-5.486388889,36.105,42.13693559,17.85888258
Prisioneros,12,2090,-5.486388889,36.105,77.06383491,18.12321879
Prisioneros,12,2091,-5.486388889,36.105,38.69237085,18.36048131
Prisioneros,12,2092,-5.486388889,36.105,99.68320071,17.63884989
Prisioneros,12,2093,-5.486388889,36.105,92.29826941,19.113917
Prisioneros,12,2094,-5.486388889,36.105,212.7423584,17.92049462
Prisioneros,12,2095,-5.486388889,36.105,1.624673746,19.90914504
Prisioneros,12,2096,-5.486388889,36.105,85.65398673,18.17029114
Prisioneros,12,2097,-5.486388889,36.105,87.3431583,18.00978709
Prisioneros,12,2098,-5.486388889,36.105,40.15425276,19.60584362
Prisioneros,12,2099,-5.486388889,36.105,19.68704772,19.05018547
Prisioneros,12,2100,-5.486388889,36.105,11.22051359,18.46367086
Prisioneros,2,2015,-5.486388889,36.105,39.1677054,17.6867375
Prisioneros,2,2016,-5.486388889,36.105,26.15230688,17.84619477
Prisioneros,2,2017,-5.486388889,36.105,153.3394981,16.64302979
Prisioneros,2,2018,-5.486388889,36.105,83.67854333,17.85629316
Prisioneros,2,2019,-5.486388889,36.105,171.1851887,16.12071599
Prisioneros,2,2020,-5.486388889,36.105,113.7160045,16.39262148
Prisioneros,2,2021,-5.486388889,36.105,4.288327495,18.33633793
Prisioneros,2,2022,-5.486388889,36.105,102.9832394,18.1548063
Prisioneros,2,2023,-5.486388889,36.105,53.9871156,16.83173305
Prisioneros,2,2024,-5.486388889,36.105,89.39986211,17.05681342
Prisioneros,2,2025,-5.486388889,36.105,47.1672305,15.73068608
Prisioneros,2,2026,-5.486388889,36.105,40.36546812,15.17344382
Prisioneros,2,2027,-5.486388889,36.105,17.6314392,19.34157388
Prisioneros,2,2028,-5.486388889,36.105,136.8278407,15.33901262
Prisioneros,2,2029,-5.486388889,36.105,19.53896298,16.99483534
Prisioneros,2,2030,-5.486388889,36.105,123.1212021,18.25028817
Prisioneros,2,2031,-5.486388889,36.105,6.282754707,16.06341705
Prisioneros,2,2032,-5.486388889,36.105,9.146862671,17.17678538
Prisioneros,2,2033,-5.486388889,36.105,163.9046084,16.8569155
Prisioneros,2,2034,-5.486388889,36.105,10.85776103,17.92409886
Prisioneros,2,2035,-5.486388889,36.105,49.92935937,16.9599265
Prisioneros,2,2036,-5.486388889,36.105,17.53203426,18.09540026
Prisioneros,2,2037,-5.486388889,36.105,15.02958523,18.58859624
Prisioneros,2,2038,-5.486388889,36.105,70.38232626,17.90709621
Prisioneros,2,2039,-5.486388889,36.105,16.76097288,16.35090681
Prisioneros,2,2040,-5.486388889,36.105,31.77385708,16.7107746
Prisioneros,2,2041,-5.486388889,36.105,1.38101657,17.45574668
Prisioneros,2,2042,-5.486388889,36.105,42.055653,18.70341208
Prisioneros,2,2043,-5.486388889,36.105,192.1187926,17.40161939
Prisioneros,2,2044,-5.486388889,36.105,16.96397185,16.65778556
Prisioneros,2,2045,-5.486388889,36.105,37.442414,16.70508728
Prisioneros,2,2046,-5.486388889,36.105,26.67624197,17.57283064
Prisioneros,2,2047,-5.486388889,36.105,34.39776408,17.50836116
Prisioneros,2,2048,-5.486388889,36.105,54.44159206,17.91879083
Prisioneros,2,2049,-5.486388889,36.105,10.83054252,18.09231502
Prisioneros,2,2050,-5.486388889,36.105,17.05766403,17.56959795
Prisioneros,2,2051,-5.486388889,36.105,2.35735214,17.26856493
Prisioneros,2,2052,-5.486388889,36.105,73.60781398,16.93456631
Prisioneros,2,2053,-5.486388889,36.105,23.11621077,18.22410845
Prisioneros,2,2054,-5.486388889,36.105,20.80148642,17.72106214
Prisioneros,2,2055,-5.486388889,36.105,20.3123114,16.33171997
Prisioneros,2,2056,-5.486388889,36.105,144.248085,17.51976297
Prisioneros,2,2057,-5.486388889,36.105,27.91156163,18.79403076
Prisioneros,2,2058,-5.486388889,36.105,25.44172045,18.70491071
Prisioneros,2,2059,-5.486388889,36.105,77.11679302,17.60602613
Prisioneros,2,2060,-5.486388889,36.105,17.85770555,18.66655252
Prisioneros,2,2061,-5.486388889,36.105,98.01952091,17.05127542
Prisioneros,2,2062,-5.486388889,36.105,112.0581965,18.86190513
Prisioneros,2,2063,-5.486388889,36.105,64.87610623,18.02471749
Prisioneros,2,2064,-5.486388889,36.105,37.17307406,17.31857426
Prisioneros,2,2065,-5.486388889,36.105,19.27408568,17.24851379
Prisioneros,2,2066,-5.486388889,36.105,40.06174662,16.60227792
Prisioneros,2,2067,-5.486388889,36.105,6.28035156,17.70655757
Prisioneros,2,2068,-5.486388889,36.105,45.44902752,16.36643319
Prisioneros,2,2069,-5.486388889,36.105,159.7111211,16.98304792
Prisioneros,2,2070,-5.486388889,36.105,21.21882543,17.2842586
Prisioneros,2,2071,-5.486388889,36.105,6.328401614,17.754359
Prisioneros,2,2072,-5.486388889,36.105,84.11636764,18.27751865
Prisioneros,2,2073,-5.486388889,36.105,30.5002421,18.61450784
Prisioneros,2,2074,-5.486388889,36.105,6.58731494,17.72890843
Prisioneros,2,2075,-5.486388889,36.105,45.85257578,18.59562182
Prisioneros,2,2076,-5.486388889,36.105,46.13445616,16.974819
Prisioneros,2,2077,-5.486388889,36.105,3.354638542,16.25440914
Prisioneros,2,2078,-5.486388889,36.105,35.25808534,18.97421199
Prisioneros,2,2079,-5.486388889,36.105,32.02912438,17.32339085
Prisioneros,2,2080,-5.486388889,36.105,79.88503507,18.65727202
Prisioneros,2,2081,-5.486388889,36.105,5.153713215,18.37661351
Prisioneros,2,2082,-5.486388889,36.105,11.76572385,18.46550576
Prisioneros,2,2083,-5.486388889,36.105,32.59404067,17.06077074
Prisioneros,2,2084,-5.486388889,36.105,41.90227793,18.55545696
Prisioneros,2,2085,-5.486388889,36.105,20.01732562,16.88190068
Prisioneros,2,2086,-5.486388889,36.105,10.60600939,17.37034215
Prisioneros,2,2087,-5.486388889,36.105,52.98231871,17.45990579
Prisioneros,2,2088,-5.486388889,36.105,11.18582462,19.37146543
Prisioneros,2,2089,-5.486388889,36.105,92.75557433,18.34182129
Prisioneros,2,2090,-5.486388889,36.105,3.271739631,17.19642247
Prisioneros,2,2091,-5.486388889,36.105,41.57245774,17.61109096
Prisioneros,2,2092,-5.486388889,36.105,70.92446059,18.19441613
Prisioneros,2,2093,-5.486388889,36.105,66.90757339,17.22100983
Prisioneros,2,2094,-5.486388889,36.105,25.13339598,18.09181693
Prisioneros,2,2095,-5.486388889,36.105,15.82109495,17.30267269
Prisioneros,2,2096,-5.486388889,36.105,45.26817541,18.81247601
Prisioneros,2,2097,-5.486388889,36.105,5.458182743,17.44235491
Prisioneros,2,2098,-5.486388889,36.105,53.09012353,17.71682347
Prisioneros,2,2099,-5.486388889,36.105,78.80124384,16.06647535
Prisioneros,2,2100,-5.486388889,36.105,158.439077,18.19970965
Prisioneros,3,2015,-5.486388889,36.105,67.05900505,18.59103472
Prisioneros,3,2016,-5.486388889,36.105,10.65783987,18.43116888
Prisioneros,3,2017,-5.486388889,36.105,7.623030797,18.3608741
Prisioneros,3,2018,-5.486388889,36.105,50.92479776,19.26744306
Prisioneros,3,2019,-5.486388889,36.105,50.27946406,17.76884687
Prisioneros,3,2020,-5.486388889,36.105,52.89111877,17.91106272
Prisioneros,3,2021,-5.486388889,36.105,5.224525631,20.10524902
Prisioneros,3,2022,-5.486388889,36.105,59.77708763,19.00835276
Prisioneros,3,2023,-5.486388889,36.105,5.488328403,17.46718159
Prisioneros,3,2024,-5.486388889,36.105,6.762658961,17.00690957
Prisioneros,3,2025,-5.486388889,36.105,49.27843036,17.31400993
Prisioneros,3,2026,-5.486388889,36.105,11.93302431,17.67012841
Prisioneros,3,2027,-5.486388889,36.105,4.984747747,19.25427226
Prisioneros,3,2028,-5.486388889,36.105,15.29148469,18.87500768
Prisioneros,3,2029,-5.486388889,36.105,27.28098383,17.56954641
Prisioneros,3,2030,-5.486388889,36.105,13.24363127,19.85868373
Prisioneros,3,2031,-5.486388889,36.105,27.644537,18.13366089
Prisioneros,3,2032,-5.486388889,36.105,10.62417793,19.41518456
Prisioneros,3,2033,-5.486388889,36.105,5.529966364,20.02411952
Prisioneros,3,2034,-5.486388889,36.105,16.90920811,18.74129343
Prisioneros,3,2035,-5.486388889,36.105,130.275785,17.04499748
Prisioneros,3,2036,-5.486388889,36.105,12.59790051,19.10570186
Prisioneros,3,2037,-5.486388889,36.105,1.971947845,20.47092541
Prisioneros,3,2038,-5.486388889,36.105,41.11621825,18.68661972
Prisioneros,3,2039,-5.486388889,36.105,74.01952711,18.97763436
Prisioneros,3,2040,-5.486388889,36.105,19.93348678,19.8332744
Prisioneros,3,2041,-5.486388889,36.105,46.27232445,18.3743422
Prisioneros,3,2042,-5.486388889,36.105,45.76624531,17.61745212
Prisioneros,3,2043,-5.486388889,36.105,16.21350519,18.52649989
Prisioneros,3,2044,-5.486388889,36.105,67.50483924,17.56863581
Prisioneros,3,2045,-5.486388889,36.105,37.06448148,18.78076152
Prisioneros,3,2046,-5.486388889,36.105,70.8961851,19.63944348
Prisioneros,3,2047,-5.486388889,36.105,46.90175693,18.80559102
Prisioneros,3,2048,-5.486388889,36.105,8.174629961,19.2378036
Prisioneros,3,2049,-5.486388889,36.105,18.14521742,19.04213769
Prisioneros,3,2050,-5.486388889,36.105,4.573737487,19.8323697
Prisioneros,3,2051,-5.486388889,36.105,27.47328465,18.72656132
Prisioneros,3,2052,-5.486388889,36.105,71.36056421,20.03209839
Prisioneros,3,2053,-5.486388889,36.105,20.84287903,18.04384963
Prisioneros,3,2054,-5.486388889,36.105,73.79947989,18.30330712
Prisioneros,3,2055,-5.486388889,36.105,90.81120581,17.1083185
Prisioneros,3,2056,-5.486388889,36.105,24.14366291,18.82284625
Prisioneros,3,2057,-5.486388889,36.105,12.18742192,19.81701739
Prisioneros,3,2058,-5.486388889,36.105,65.34203055,18.62288425
Prisioneros,3,2059,-5.486388889,36.105,83.19070885,18.76483725
Prisioneros,3,2060,-5.486388889,36.105,74.83004389,19.66263093
Prisioneros,3,2061,-5.486388889,36.105,44.75774676,17.72701219
Prisioneros,3,2062,-5.486388889,36.105,9.851739997,18.98224251
Prisioneros,3,2063,-5.486388889,36.105,0.600141038,19.29364092
Prisioneros,3,2064,-5.486388889,36.105,15.63126381,19.17522977
Prisioneros,3,2065,-5.486388889,36.105,30.54999448,18.18849015
Prisioneros,3,2066,-5.486388889,36.105,2.661771234,19.16844207
Prisioneros,3,2067,-5.486388889,36.105,15.65308093,19.86178471
Prisioneros,3,2068,-5.486388889,36.105,74.91139376,19.36804475
Prisioneros,3,2069,-5.486388889,36.105,115.429414,17.38697549
Prisioneros,3,2070,-5.486388889,36.105,1.487554561,19.91127339
Prisioneros,3,2071,-5.486388889,36.105,4.193699174,18.94265924
Prisioneros,3,2072,-5.486388889,36.105,12.34871188,19.56009482
Prisioneros,3,2073,-5.486388889,36.105,73.87940753,18.88792154
Prisioneros,3,2074,-5.486388889,36.105,2.812334696,19.77733568
Prisioneros,3,2075,-5.486388889,36.105,21.62463296,19.28932909
Prisioneros,3,2076,-5.486388889,36.105,60.60632015,20.34025111
Prisioneros,3,2077,-5.486388889,36.105,3.408576425,20.23222774
Prisioneros,3,2078,-5.486388889,36.105,50.09523592,18.80874713
Prisioneros,3,2079,-5.486388889,36.105,5.289788425,19.28064339
Prisioneros,3,2080,-5.486388889,36.105,19.33359382,19.05363691
Prisioneros,3,2081,-5.486388889,36.105,14.20574784,18.2107857
Prisioneros,3,2082,-5.486388889,36.105,86.27590313,18.13360182
Prisioneros,3,2083,-5.486388889,36.105,17.79153859,16.91105091
Prisioneros,3,2084,-5.486388889,36.105,66.45820827,19.40002422
Prisioneros,3,2085,-5.486388889,36.105,3.862472045,20.40484796
Prisioneros,3,2086,-5.486388889,36.105,44.14189585,17.31805006
Prisioneros,3,2087,-5.486388889,36.105,2.03767388,20.37342372
Prisioneros,3,2088,-5.486388889,36.105,5.73091537,20.69613037
Prisioneros,3,2089,-5.486388889,36.105,96.17888069,19.27221463
Prisioneros,3,2090,-5.486388889,36.105,5.896381391,21.39100972
Prisioneros,3,2091,-5.486388889,36.105,9.860539669,21.07969203
Prisioneros,3,2092,-5.486388889,36.105,25.9422521,20.2087548
Prisioneros,3,2093,-5.486388889,36.105,52.07426879,18.17931223
Prisioneros,3,2094,-5.486388889,36.105,21.73869216,18.56472168
Prisioneros,3,2095,-5.486388889,36.105,45.50084732,18.55784243
Prisioneros,3,2096,-5.486388889,36.105,80.58156486,18.98841494
Prisioneros,3,2097,-5.486388889,36.105,24.10460154,17.96952357
Prisioneros,3,2098,-5.486388889,36.105,30.92338447,18.99292366
Prisioneros,3,2099,-5.486388889,36.105,137.1349361,18.31512924
Prisioneros,3,2100,-5.486388889,36.105,10.17320966,18.96477956
Prisioneros,4,2015,-5.486388889,36.105,19.14988633,20.90034485
Prisioneros,4,2016,-5.486388889,36.105,1.770788673,20.02556864
Prisioneros,4,2017,-5.486388889,36.105,27.43767667,19.2776886
Prisioneros,4,2018,-5.486388889,36.105,17.75032159,19.97425741
Prisioneros,4,2019,-5.486388889,36.105,7.730804134,19.95571289
Prisioneros,4,2020,-5.486388889,36.105,15.90538698,20.9677419
Prisioneros,4,2021,-5.486388889,36.105,5.990967084,19.84891357
Prisioneros,4,2022,-5.486388889,36.105,38.85594387,19.91819763
Prisioneros,4,2023,-5.486388889,36.105,11.69857262,21.09731445
Prisioneros,4,2024,-5.486388889,36.105,1.664591357,19.20473735
Prisioneros,4,2025,-5.486388889,36.105,21.64139862,18.79019165
Prisioneros,4,2026,-5.486388889,36.105,11.74415114,19.57736816
Prisioneros,4,2027,-5.486388889,36.105,34.58322278,20.08526103
Prisioneros,4,2028,-5.486388889,36.105,5.119764534,20.94820251
Prisioneros,4,2029,-5.486388889,36.105,54.38403116,18.70542399
Prisioneros,4,2030,-5.486388889,36.105,66.54969414,19.6692159
Prisioneros,4,2031,-5.486388889,36.105,29.24705453,20.2896993
Prisioneros,4,2032,-5.486388889,36.105,38.63547837,19.79051005
Prisioneros,4,2033,-5.486388889,36.105,7.052768459,21.90958455
Prisioneros,4,2034,-5.486388889,36.105,71.22633114,20.57022909
Prisioneros,4,2035,-5.486388889,36.105,31.16820508,20.66778768
Prisioneros,4,2036,-5.486388889,36.105,4.635821202,20.9877889
Prisioneros,4,2037,-5.486388889,36.105,0.384440956,23.04914449
Prisioneros,4,2038,-5.486388889,36.105,42.24792571,19.05046794
Prisioneros,4,2039,-5.486388889,36.105,17.69405557,21.47379252
Prisioneros,4,2040,-5.486388889,36.105,34.15824846,20.85536702
Prisioneros,4,2041,-5.486388889,36.105,25.37443626,19.45994364
Prisioneros,4,2042,-5.486388889,36.105,3.2837871,20.80542196
Prisioneros,4,2043,-5.486388889,36.105,39.99159648,18.7437205
Prisioneros,4,2044,-5.486388889,36.105,12.65455556,19.63114624
Prisioneros,4,2045,-5.486388889,36.105,29.03095628,20.19950765
Prisioneros,4,2046,-5.486388889,36.105,32.83694951,19.77155355
Prisioneros,4,2047,-5.486388889,36.105,23.16143312,19.90939229
Prisioneros,4,2048,-5.486388889,36.105,36.71592664,20.28931173
Prisioneros,4,2049,-5.486388889,36.105,2.0261983,21.50121867
Prisioneros,4,2050,-5.486388889,36.105,24.23045081,20.16742757
Prisioneros,4,2051,-5.486388889,36.105,10.11528753,21.52635498
Prisioneros,4,2052,-5.486388889,36.105,21.75899698,20.9295461
Prisioneros,4,2053,-5.486388889,36.105,19.52653645,21.86052551
Prisioneros,4,2054,-5.486388889,36.105,45.2942295,21.27167765
Prisioneros,4,2055,-5.486388889,36.105,21.02125658,19.54173177
Prisioneros,4,2056,-5.486388889,36.105,67.67769471,21.59237061
Prisioneros,4,2057,-5.486388889,36.105,26.21903282,21.5098877
Prisioneros,4,2058,-5.486388889,36.105,14.43816506,21.91769307
Prisioneros,4,2059,-5.486388889,36.105,9.369693683,20.88336385
Prisioneros,4,2060,-5.486388889,36.105,66.82270423,19.82178345
Prisioneros,4,2061,-5.486388889,36.105,31.71600011,20.80514221
Prisioneros,4,2062,-5.486388889,36.105,6.205091471,20.76406352
Prisioneros,4,2063,-5.486388889,36.105,24.21131751,20.301356
Prisioneros,4,2064,-5.486388889,36.105,0.494195473,21.78172099
Prisioneros,4,2065,-5.486388889,36.105,13.00083107,19.89191386
Prisioneros,4,2066,-5.486388889,36.105,2.121819303,21.41815491
Prisioneros,4,2067,-5.486388889,36.105,43.1742122,20.68005981
Prisioneros,4,2068,-5.486388889,36.105,2.315460513,20.0706075
Prisioneros,4,2069,-5.486388889,36.105,0.550474352,21.66205953
Prisioneros,4,2070,-5.486388889,36.105,9.940462824,21.45394084
Prisioneros,4,2071,-5.486388889,36.105,6.769213012,20.95086161
Prisioneros,4,2072,-5.486388889,36.105,7.517157381,19.91616211
Prisioneros,4,2073,-5.486388889,36.105,47.92430434,18.59336853
Prisioneros,4,2074,-5.486388889,36.105,12.32714956,22.40590719
Prisioneros,4,2075,-5.486388889,36.105,4.515040983,22.31783651
Prisioneros,4,2076,-5.486388889,36.105,3.771616017,22.33157857
Prisioneros,4,2077,-5.486388889,36.105,20.50389524,19.96139832
Prisioneros,4,2078,-5.486388889,36.105,6.996875556,19.13348083
Prisioneros,4,2079,-5.486388889,36.105,6.585412264,22.33785706
Prisioneros,4,2080,-5.486388889,36.105,10.47330234,20.37891439
Prisioneros,4,2081,-5.486388889,36.105,2.619876257,22.11139933
Prisioneros,4,2082,-5.486388889,36.105,1.592685986,20.81955668
Prisioneros,4,2083,-5.486388889,36.105,6.085133685,20.08558655
Prisioneros,4,2084,-5.486388889,36.105,5.551622394,21.89000753
Prisioneros,4,2085,-5.486388889,36.105,14.39590331,21.25871073
Prisioneros,4,2086,-5.486388889,36.105,1.690507401,21.24211731
Prisioneros,4,2087,-5.486388889,36.105,2.629922237,23.23283488
Prisioneros,4,2088,-5.486388889,36.105,1.135122669,22.05500488
Prisioneros,4,2089,-5.486388889,36.105,4.982673202,21.09267782
Prisioneros,4,2090,-5.486388889,36.105,17.21280811,22.26715088
Prisioneros,4,2091,-5.486388889,36.105,22.56720963,21.21988525
Prisioneros,4,2092,-5.486388889,36.105,60.39297303,21.34099325
Prisioneros,4,2093,-5.486388889,36.105,17.72988061,20.81468608
Prisioneros,4,2094,-5.486388889,36.105,4.019686033,19.74826864
Prisioneros,4,2095,-5.486388889,36.105,74.90797825,20.49025269
Prisioneros,4,2096,-5.486388889,36.105,32.48157671,18.7463206
Prisioneros,4,2097,-5.486388889,36.105,66.59870641,19.54340515
Prisioneros,4,2098,-5.486388889,36.105,13.32770216,22.53571167
Prisioneros,4,2099,-5.486388889,36.105,8.948511914,21.70256348
Prisioneros,4,2100,-5.486388889,36.105,56.65837419,20.73226725
Prisioneros,5,2015,-5.486388889,36.105,26.56930497,23.04343911
Prisioneros,5,2016,-5.486388889,36.105,50.66333875,19.7801807
Prisioneros,5,2017,-5.486388889,36.105,1.890598274,22.80272138
Prisioneros,5,2018,-5.486388889,36.105,12.5906802,21.74139188
Prisioneros,5,2019,-5.486388889,36.105,0.933399007,22.17701751
Prisioneros,5,2020,-5.486388889,36.105,14.32144813,22.19920083
Prisioneros,5,2021,-5.486388889,36.105,27.69862547,21.57829216
Prisioneros,5,2022,-5.486388889,36.105,36.54641134,21.98989455
Prisioneros,5,2023,-5.486388889,36.105,22.99621124,23.07518921
Prisioneros,5,2024,-5.486388889,36.105,12.4107722,21.97186752
Prisioneros,5,2025,-5.486388889,36.105,25.19609818,20.14840875
Prisioneros,5,2026,-5.486388889,36.105,12.57757179,22.04739852
Prisioneros,5,2027,-5.486388889,36.105,17.55428438,21.83620212
Prisioneros,5,2028,-5.486388889,36.105,13.12726525,20.93542756
Prisioneros,5,2029,-5.486388889,36.105,5.07632687,23.377897
Prisioneros,5,2030,-5.486388889,36.105,14.17875963,23.0049909
Prisioneros,5,2031,-5.486388889,36.105,94.19254875,21.92348731
Prisioneros,5,2032,-5.486388889,36.105,2.162326655,23.40240754
Prisioneros,5,2033,-5.486388889,36.105,12.43703225,22.17746247
Prisioneros,5,2034,-5.486388889,36.105,50.79922169,22.09956193
Prisioneros,5,2035,-5.486388889,36.105,52.49350657,19.37573616
Prisioneros,5,2036,-5.486388889,36.105,7.596863161,22.12198644
Prisioneros,5,2037,-5.486388889,36.105,9.418500007,23.30892531
Prisioneros,5,2038,-5.486388889,36.105,17.80935576,21.85324963
Prisioneros,5,2039,-5.486388889,36.105,3.109495048,23.02096833
Prisioneros,5,2040,-5.486388889,36.105,19.89184847,20.10980303
Prisioneros,5,2041,-5.486388889,36.105,3.13079718,22.05249693
Prisioneros,5,2042,-5.486388889,36.105,37.81259842,22.72450483
Prisioneros,5,2043,-5.486388889,36.105,12.62271276,22.53364789
Prisioneros,5,2044,-5.486388889,36.105,1.577369945,22.50469754
Prisioneros,5,2045,-5.486388889,36.105,15.10378885,22.71756946
Prisioneros,5,2046,-5.486388889,36.105,36.24896092,22.4600454
Prisioneros,5,2047,-5.486388889,36.105,12.04478186,22.5653596
Prisioneros,5,2048,-5.486388889,36.105,7.877808505,21.65636498
Prisioneros,5,2049,-5.486388889,36.105,6.773319979,23.69693367
Prisioneros,5,2050,-5.486388889,36.105,12.45624519,22.80486746
Prisioneros,5,2051,-5.486388889,36.105,17.35114649,23.14828176
Prisioneros,5,2052,-5.486388889,36.105,2.382551308,24.92996491
Prisioneros,5,2053,-5.486388889,36.105,21.05307309,24.0289344
Prisioneros,5,2054,-5.486388889,36.105,36.27298053,22.81256478
Prisioneros,5,2055,-5.486388889,36.105,0.762744687,22.21349389
Prisioneros,5,2056,-5.486388889,36.105,16.38297889,22.54302565
Prisioneros,5,2057,-5.486388889,36.105,15.97083914,21.33255084
Prisioneros,5,2058,-5.486388889,36.105,37.86876615,23.11293355
Prisioneros,5,2059,-5.486388889,36.105,1.284750686,23.33314445
Prisioneros,5,2060,-5.486388889,36.105,21.220363,22.91872559
Prisioneros,5,2061,-5.486388889,36.105,2.04790318,23.46695419
Prisioneros,5,2062,-5.486388889,36.105,13.90862318,22.73864333
Prisioneros,5,2063,-5.486388889,36.105,2.043918175,22.91285834
Prisioneros,5,2064,-5.486388889,36.105,18.45646266,24.22816201
Prisioneros,5,2065,-5.486388889,36.105,4.501250928,22.89704039
Prisioneros,5,2066,-5.486388889,36.105,5.214389999,20.70138825
Prisioneros,5,2067,-5.486388889,36.105,12.93389035,23.92408684
Prisioneros,5,2068,-5.486388889,36.105,24.14066874,22.34037318
Prisioneros,5,2069,-5.486388889,36.105,3.515681766,24.38815386
Prisioneros,5,2070,-5.486388889,36.105,1.737324116,23.38064654
Prisioneros,5,2071,-5.486388889,36.105,14.65642974,23.09894271
Prisioneros,5,2072,-5.486388889,36.105,53.84799986,20.91089537
Prisioneros,5,2073,-5.486388889,36.105,3.413815517,23.79836623
Prisioneros,5,2074,-5.486388889,36.105,9.13776583,22.56059393
Prisioneros,5,2075,-5.486388889,36.105,40.99188391,23.24972613
Prisioneros,5,2076,-5.486388889,36.105,11.73494689,24.90388814
Prisioneros,5,2077,-5.486388889,36.105,21.02361483,23.08212654
Prisioneros,5,2078,-5.486388889,36.105,75.47152563,20.41593175
Prisioneros,5,2079,-5.486388889,36.105,0.813532337,24.94841328
Prisioneros,5,2080,-5.486388889,36.105,62.83454243,22.1581921
Prisioneros,5,2081,-5.486388889,36.105,8.720531451,23.62607973
Prisioneros,5,2082,-5.486388889,36.105,31.12926352,22.82800864
Prisioneros,5,2083,-5.486388889,36.105,0.33889949,24.22876941
Prisioneros,5,2084,-5.486388889,36.105,43.77438158,21.97322998
Prisioneros,5,2085,-5.486388889,36.105,7.865289288,23.61215682
Prisioneros,5,2086,-5.486388889,36.105,6.737011035,22.93715623
Prisioneros,5,2087,-5.486388889,36.105,2.33793517,24.90849924
Prisioneros,5,2088,-5.486388889,36.105,8.731813497,25.1641322
Prisioneros,5,2089,-5.486388889,36.105,19.970951,24.38343644
Prisioneros,5,2090,-5.486388889,36.105,38.88745431,23.26903785
Prisioneros,5,2091,-5.486388889,36.105,0.775963104,22.97943194
Prisioneros,5,2092,-5.486388889,36.105,3.172738591,23.52152257
Prisioneros,5,2093,-5.486388889,36.105,26.34441225,23.98325943
Prisioneros,5,2094,-5.486388889,36.105,6.281627991,22.74229067
Prisioneros,5,2095,-5.486388889,36.105,1.656750358,23.92986352
Prisioneros,5,2096,-5.486388889,36.105,3.2699138,22.15860163
Prisioneros,5,2097,-5.486388889,36.105,1.931670198,22.77556664
Prisioneros,5,2098,-5.486388889,36.105,24.75615453,22.58609088
Prisioneros,5,2099,-5.486388889,36.105,21.56599228,26.54742215
Prisioneros,5,2100,-5.486388889,36.105,58.18598587,20.48987978
Prisioneros,6,2015,-5.486388889,36.105,11.43268896,25.12388916
Prisioneros,6,2016,-5.486388889,36.105,10.81014302,24.80907694
Prisioneros,6,2017,-5.486388889,36.105,16.62687798,24.1956309
Prisioneros,6,2018,-5.486388889,36.105,2.304504936,24.2989624
Prisioneros,6,2019,-5.486388889,36.105,3.023009041,24.34342753
Prisioneros,6,2020,-5.486388889,36.105,0.478482365,25.54847107
Prisioneros,6,2021,-5.486388889,36.105,0.02017984,26.51384989
Prisioneros,6,2022,-5.486388889,36.105,0.993663544,26.08105469
Prisioneros,6,2023,-5.486388889,36.105,11.26840505,25.25273539
Prisioneros,6,2024,-5.486388889,36.105,2.390418131,25.38369039
Prisioneros,6,2025,-5.486388889,36.105,2.337492551,24.6648468
Prisioneros,6,2026,-5.486388889,36.105,8.822102186,26.37143555
Prisioneros,6,2027,-5.486388889,36.105,0.599258648,25.43178202
Prisioneros,6,2028,-5.486388889,36.105,9.814566931,24.5489329
Prisioneros,6,2029,-5.486388889,36.105,6.930660113,24.4731781
Prisioneros,6,2030,-5.486388889,36.105,24.25920891,25.08228048
Prisioneros,6,2031,-5.486388889,36.105,12.41802929,27.23867798
Prisioneros,6,2032,-5.486388889,36.105,1.566589425,28.56979472
Prisioneros,6,2033,-5.486388889,36.105,2.638046695,25.42724915
Prisioneros,6,2034,-5.486388889,36.105,2.650109309,25.36330872
Prisioneros,6,2035,-5.486388889,36.105,8.320560526,24.95092672
Prisioneros,6,2036,-5.486388889,36.105,0.397846737,25.97727865
Prisioneros,6,2037,-5.486388889,36.105,14.33881449,25.78631185
Prisioneros,6,2038,-5.486388889,36.105,16.76449401,24.92771403
Prisioneros,6,2039,-5.486388889,36.105,3.771068652,27.69979757
Prisioneros,6,2040,-5.486388889,36.105,0.51192737,25.33442586
Prisioneros,6,2041,-5.486388889,36.105,10.82130155,25.82947795
Prisioneros,6,2042,-5.486388889,36.105,1.751711844,25.29752604
Prisioneros,6,2043,-5.486388889,36.105,0.941310968,27.10895386
Prisioneros,6,2044,-5.486388889,36.105,1.213394558,26.49813232
Prisioneros,6,2045,-5.486388889,36.105,26.88163826,25.33018188
Prisioneros,6,2046,-5.486388889,36.105,0.49910211,25.38109334
Prisioneros,6,2047,-5.486388889,36.105,9.666042533,26.98004659
Prisioneros,6,2048,-5.486388889,36.105,1.006344081,26.51602376
Prisioneros,6,2049,-5.486388889,36.105,14.55230319,28.05231425
Prisioneros,6,2050,-5.486388889,36.105,15.16865688,26.50661825
Prisioneros,6,2051,-5.486388889,36.105,3.104553684,25.16821187
Prisioneros,6,2052,-5.486388889,36.105,1.76718888,27.30794373
Prisioneros,6,2053,-5.486388889,36.105,0.254846509,26.73312683
Prisioneros,6,2054,-5.486388889,36.105,0.456883148,28.19003398
Prisioneros,6,2055,-5.486388889,36.105,1.209925887,27.12475688
Prisioneros,6,2056,-5.486388889,36.105,3.030629706,25.87258199
Prisioneros,6,2057,-5.486388889,36.105,4.84590146519069e-05,26.8999644
Prisioneros,6,2058,-5.486388889,36.105,4.704721687,26.16756185
Prisioneros,6,2059,-5.486388889,36.105,0.960171361,25.51121318
Prisioneros,6,2060,-5.486388889,36.105,11.05198057,26.01917521
Prisioneros,6,2061,-5.486388889,36.105,15.70103987,28.12191874
Prisioneros,6,2062,-5.486388889,36.105,2.601603554,27.39697876
Prisioneros,6,2063,-5.486388889,36.105,0.348523703,27.14226074
Prisioneros,6,2064,-5.486388889,36.105,0.63016109,27.27336629
Prisioneros,6,2065,-5.486388889,36.105,0.104875218,27.33616028
Prisioneros,6,2066,-5.486388889,36.105,0.709014296,25.64184163
Prisioneros,6,2067,-5.486388889,36.105,3.019206835,28.2691213
Prisioneros,6,2068,-5.486388889,36.105,3.315462154,27.18213603
Prisioneros,6,2069,-5.486388889,36.105,21.21958365,28.33490906
Prisioneros,6,2070,-5.486388889,36.105,91.59643305,26.7995697
Prisioneros,6,2071,-5.486388889,36.105,0.001830084,27.07820231
Prisioneros,6,2072,-5.486388889,36.105,15.42091199,24.8008606
Prisioneros,6,2073,-5.486388889,36.105,7.895733969,24.98627014
Prisioneros,6,2074,-5.486388889,36.105,1.371368999,26.36082865
Prisioneros,6,2075,-5.486388889,36.105,3.746494285,26.51497701
Prisioneros,6,2076,-5.486388889,36.105,3.180161847,26.93838603
Prisioneros,6,2077,-5.486388889,36.105,1.307937471,27.82612305
Prisioneros,6,2078,-5.486388889,36.105,2.823300062,27.59452311
Prisioneros,6,2079,-5.486388889,36.105,2.13514284,26.71493937
Prisioneros,6,2080,-5.486388889,36.105,5.572613972,26.21239115
Prisioneros,6,2081,-5.486388889,36.105,12.81441042,28.58234965
Prisioneros,6,2082,-5.486388889,36.105,0.4702046,27.60872904
Prisioneros,6,2083,-5.486388889,36.105,2.177852853,27.59689331
Prisioneros,6,2084,-5.486388889,36.105,10.64418371,23.7426768
Prisioneros,6,2085,-5.486388889,36.105,0.343573164,27.93795471
Prisioneros,6,2086,-5.486388889,36.105,4.347732537,25.46571248
Prisioneros,6,2087,-5.486388889,36.105,13.43060142,30.0597758
Prisioneros,6,2088,-5.486388889,36.105,8.182372427,25.66917013
Prisioneros,6,2089,-5.486388889,36.105,0.184517942,26.19928487
Prisioneros,6,2090,-5.486388889,36.105,0.325486239,27.97330017
Prisioneros,6,2091,-5.486388889,36.105,1.048406812,26.64950053
Prisioneros,6,2092,-5.486388889,36.105,14.20700736,27.45508321
Prisioneros,6,2093,-5.486388889,36.105,0.000732555,27.72221069
Prisioneros,6,2094,-5.486388889,36.105,0.442529092,26.65974426
Prisioneros,6,2095,-5.486388889,36.105,2.871266809,28.5549408
Prisioneros,6,2096,-5.486388889,36.105,0.574908591,25.75739136
Prisioneros,6,2097,-5.486388889,36.105,0.006117933,27.44307658
Prisioneros,6,2098,-5.486388889,36.105,3.497213348,26.23625183
Prisioneros,6,2099,-5.486388889,36.105,3.104839783,27.84369609
Prisioneros,6,2100,-5.486388889,36.105,11.79775413,26.05668132
Prisioneros,7,2015,-5.486388889,36.105,1.270525445,28.23426061
Prisioneros,7,2016,-5.486388889,36.105,0.839149164,28.58280777
Prisioneros,7,2017,-5.486388889,36.105,0.018923604,29.04676061
Prisioneros,7,2018,-5.486388889,36.105,0.181754462,27.91979567
Prisioneros,7,2019,-5.486388889,36.105,0.008473229,29.11276718
Prisioneros,7,2020,-5.486388889,36.105,0.088216272,29.76330153
Prisioneros,7,2021,-5.486388889,36.105,0.064162216,29.2646384
Prisioneros,7,2022,-5.486388889,36.105,5.91371619582378e-07,30.16904454
Prisioneros,7,2023,-5.486388889,36.105,0.367394544,28.52981252
Prisioneros,7,2024,-5.486388889,36.105,0.191780271,28.70127504
Prisioneros,7,2025,-5.486388889,36.105,0.094232305,28.48884021
Prisioneros,7,2026,-5.486388889,36.105,18.00778257,29.43356993
Prisioneros,7,2027,-5.486388889,36.105,0.37384859,28.43671225
Prisioneros,7,2028,-5.486388889,36.105,1.568060921,29.41521213
Prisioneros,7,2029,-5.486388889,36.105,0.754268841,28.96728201
Prisioneros,7,2030,-5.486388889,36.105,0.13518314,27.60246503
Prisioneros,7,2031,-5.486388889,36.105,1.020030272,29.9985005
Prisioneros,7,2032,-5.486388889,36.105,0.0808702,29.88949073
Prisioneros,7,2033,-5.486388889,36.105,3.249720493,28.38462564
Prisioneros,7,2034,-5.486388889,36.105,0.02505485,29.04826975
Prisioneros,7,2035,-5.486388889,36.105,0.001054398,28.64778167
Prisioneros,7,2036,-5.486388889,36.105,0.000516296,29.40328763
Prisioneros,7,2037,-5.486388889,36.105,13.35642669,29.34382856
Prisioneros,7,2038,-5.486388889,36.105,0.058405403,27.94303234
Prisioneros,7,2039,-5.486388889,36.105,0.277634874,31.37012093
Prisioneros,7,2040,-5.486388889,36.105,0.000684164,29.94543733
Prisioneros,7,2041,-5.486388889,36.105,2.949886231,30.09375177
Prisioneros,7,2042,-5.486388889,36.105,0.003580904,30.10781053
Prisioneros,7,2043,-5.486388889,36.105,0.599857029,29.09270827
Prisioneros,7,2044,-5.486388889,36.105,0.083888649,30.46781065
Prisioneros,7,2045,-5.486388889,36.105,0.12021193,29.803821
Prisioneros,7,2046,-5.486388889,36.105,0.007723843,29.18478079
Prisioneros,7,2047,-5.486388889,36.105,0.33484687,30.77358202
Prisioneros,7,2048,-5.486388889,36.105,0.12229728,30.72184389
Prisioneros,7,2049,-5.486388889,36.105,0.312241812,30.71612824
Prisioneros,7,2050,-5.486388889,36.105,0.195405632,30.60319647
Prisioneros,7,2051,-5.486388889,36.105,2.099406929,29.35382257
Prisioneros,7,2052,-5.486388889,36.105,1.808501501,30.66458898
Prisioneros,7,2053,-5.486388889,36.105,0.12792167,29.7812498
Prisioneros,7,2054,-5.486388889,36.105,0.061662894,30.50989636
Prisioneros,7,2055,-5.486388889,36.105,0.479517283,30.00206614
Prisioneros,7,2056,-5.486388889,36.105,0.132429613,30.1634175
Prisioneros,7,2057,-5.486388889,36.105,0.092066689,31.30837796
Prisioneros,7,2058,-5.486388889,36.105,0.066162639,30.58237758
Prisioneros,7,2059,-5.486388889,36.105,0.040969837,29.47762943
Prisioneros,7,2060,-5.486388889,36.105,0.006766311,30.94343596
Prisioneros,7,2061,-5.486388889,36.105,0.569059187,31.55014412
Prisioneros,7,2062,-5.486388889,36.105,2.319892108,31.38023012
Prisioneros,7,2063,-5.486388889,36.105,4.03538793013835e-11,31.11959524
Prisioneros,7,2064,-5.486388889,36.105,0.00057411,30.29004576
Prisioneros,7,2065,-5.486388889,36.105,9.200567602,29.08401666
Prisioneros,7,2066,-5.486388889,36.105,0.000454108,30.02580488
Prisioneros,7,2067,-5.486388889,36.105,0.001261142,30.42966171
Prisioneros,7,2068,-5.486388889,36.105,0.304050088,30.98381663
Prisioneros,7,2069,-5.486388889,36.105,1.39888304891325e-06,31.01014837
Prisioneros,7,2070,-5.486388889,36.105,4.610611563,31.56715521
Prisioneros,7,2071,-5.486388889,36.105,0.007129923,30.6840779
Prisioneros,7,2072,-5.486388889,36.105,1.664366326,30.50783593
Prisioneros,7,2073,-5.486388889,36.105,0.224409088,30.61330074
Prisioneros,7,2074,-5.486388889,36.105,0.327329823,29.70745436
Prisioneros,7,2075,-5.486388889,36.105,0.011326281,31.56604969
Prisioneros,7,2076,-5.486388889,36.105,0.506799192,31.05211792
Prisioneros,7,2077,-5.486388889,36.105,0.057407557,30.71904809
Prisioneros,7,2078,-5.486388889,36.105,1.400739392,29.80148
Prisioneros,7,2079,-5.486388889,36.105,0.71231133,29.45623858
Prisioneros,7,2080,-5.486388889,36.105,0.149023932,31.35041642
Prisioneros,7,2081,-5.486388889,36.105,0.001223106,32.22121976
Prisioneros,7,2082,-5.486388889,36.105,0.037938268,31.65726673
Prisioneros,7,2083,-5.486388889,36.105,0.004939857,31.1365069
Prisioneros,7,2084,-5.486388889,36.105,0.041861402,30.26938339
Prisioneros,7,2085,-5.486388889,36.105,0.039542546,31.67758848
Prisioneros,7,2086,-5.486388889,36.105,0.021297171,30.12402127
Prisioneros,7,2087,-5.486388889,36.105,0.000136064,32.09339048
Prisioneros,7,2088,-5.486388889,36.105,2.475295123,30.36777206
Prisioneros,7,2089,-5.486388889,36.105,0.276395003,31.01610324
Prisioneros,7,2090,-5.486388889,36.105,3.766668793,30.1777962
Prisioneros,7,2091,-5.486388889,36.105,0.403741162,31.0736397
Prisioneros,7,2092,-5.486388889,36.105,0.002927769,30.85677195
Prisioneros,7,2093,-5.486388889,36.105,1.054016201,30.62860875
Prisioneros,7,2094,-5.486388889,36.105,1.01733128869706e-08,29.78077727
Prisioneros,7,2095,-5.486388889,36.105,5.110948905,31.67808956
Prisioneros,7,2096,-5.486388889,36.105,0.016118979,30.89410479
Prisioneros,7,2097,-5.486388889,36.105,1.371944772,31.1160552
Prisioneros,7,2098,-5.486388889,36.105,0.188219875,30.5796684
Prisioneros,7,2099,-5.486388889,36.105,0.151329436,31.59036924
Prisioneros,7,2100,-5.486388889,36.105,2.06042769582113e-09,30.72657215
Prisioneros,8,2015,-5.486388889,36.105,0.004956272,28.03072904
Prisioneros,8,2016,-5.486388889,36.105,0.077222697,29.02712993
Prisioneros,8,2017,-5.486388889,36.105,7.075613086,28.85467017
Prisioneros,8,2018,-5.486388889,36.105,5.774638421,30.03302376
Prisioneros,8,2019,-5.486388889,36.105,23.37135327,29.74709177
Prisioneros,8,2020,-5.486388889,36.105,0.013345354,30.57475212
Prisioneros,8,2021,-5.486388889,36.105,2.080827717,28.94568934
Prisioneros,8,2022,-5.486388889,36.105,3.424505413,29.32490963
Prisioneros,8,2023,-5.486388889,36.105,4.636300438,30.85282238
Prisioneros,8,2024,-5.486388889,36.105,0.539697384,28.52708169
Prisioneros,8,2025,-5.486388889,36.105,4.083920135,29.87602165
Prisioneros,8,2026,-5.486388889,36.105,1.666536346,28.6133096
Prisioneros,8,2027,-5.486388889,36.105,0.488244572,30.83639704
Prisioneros,8,2028,-5.486388889,36.105,7.175412716,30.60238431
Prisioneros,8,2029,-5.486388889,36.105,0.039007893,30.17986549
Prisioneros,8,2030,-5.486388889,36.105,0.181131036,28.73894949
Prisioneros,8,2031,-5.486388889,36.105,14.64317701,28.93106945
Prisioneros,8,2032,-5.486388889,36.105,7.438535148,30.31238955
Prisioneros,8,2033,-5.486388889,36.105,0.002512204,29.48697864
Prisioneros,8,2034,-5.486388889,36.105,0.154747526,30.62387754
Prisioneros,8,2035,-5.486388889,36.105,0.719287503,28.29960268
Prisioneros,8,2036,-5.486388889,36.105,11.44729455,29.62714686
Prisioneros,8,2037,-5.486388889,36.105,2.334524905,29.45806668
Prisioneros,8,2038,-5.486388889,36.105,0.001282789,31.01940012
Prisioneros,8,2039,-5.486388889,36.105,1.934413776,30.368598
Prisioneros,8,2040,-5.486388889,36.105,0.001996882,29.29278939
Prisioneros,8,2041,-5.486388889,36.105,14.96224327,29.40333587
Prisioneros,8,2042,-5.486388889,36.105,12.57105645,30.77577042
Prisioneros,8,2043,-5.486388889,36.105,0.424910034,28.99837646
Prisioneros,8,2044,-5.486388889,36.105,0.381060602,30.93758151
Prisioneros,8,2045,-5.486388889,36.105,3.048323709,30.92242904
Prisioneros,8,2046,-5.486388889,36.105,14.8172407,30.71932964
Prisioneros,8,2047,-5.486388889,36.105,0.128308299,31.06736785
Prisioneros,8,2048,-5.486388889,36.105,1.69974653,30.14361257
Prisioneros,8,2049,-5.486388889,36.105,4.158838371,31.1090588
Prisioneros,8,2050,-5.486388889,36.105,16.81818399,30.23236261
Prisioneros,8,2051,-5.486388889,36.105,0.005628323,30.35786664
Prisioneros,8,2052,-5.486388889,36.105,0.007099053,30.21697289
Prisioneros,8,2053,-5.486388889,36.105,0.243951432,31.67793894
Prisioneros,8,2054,-5.486388889,36.105,0.253635994,30.81787877
Prisioneros,8,2055,-5.486388889,36.105,0.287838206,29.83283829
Prisioneros,8,2056,-5.486388889,36.105,0.001797601,31.12881844
Prisioneros,8,2057,-5.486388889,36.105,16.02572578,31.45109095
Prisioneros,8,2058,-5.486388889,36.105,0.052302127,31.06798903
Prisioneros,8,2059,-5.486388889,36.105,3.60955474,31.06858068
Prisioneros,8,2060,-5.486388889,36.105,0.285191839,31.12647646
Prisioneros,8,2061,-5.486388889,36.105,29.45859986,31.51838025
Prisioneros,8,2062,-5.486388889,36.105,0.361919035,30.93451696
Prisioneros,8,2063,-5.486388889,36.105,0.000113228,30.7146447
Prisioneros,8,2064,-5.486388889,36.105,1.692127824,31.20835315
Prisioneros,8,2065,-5.486388889,36.105,12.12647507,29.42635006
Prisioneros,8,2066,-5.486388889,36.105,1.439157769,30.66662676
Prisioneros,8,2067,-5.486388889,36.105,1.010716083,31.23519287
Prisioneros,8,2068,-5.486388889,36.105,0.013457723,30.03412141
Prisioneros,8,2069,-5.486388889,36.105,0.434328804,29.39701774
Prisioneros,8,2070,-5.486388889,36.105,0.001978666,30.92003194
Prisioneros,8,2071,-5.486388889,36.105,2.745327982,31.91486757
Prisioneros,8,2072,-5.486388889,36.105,0.440473998,30.19409751
Prisioneros,8,2073,-5.486388889,36.105,1.214954274,31.18129883
Prisioneros,8,2074,-5.486388889,36.105,0.002462269,31.03871578
Prisioneros,8,2075,-5.486388889,36.105,0.17268121,31.9851781
Prisioneros,8,2076,-5.486388889,36.105,0.133849606,31.56267405
Prisioneros,8,2077,-5.486388889,36.105,0.004273209,31.45606433
Prisioneros,8,2078,-5.486388889,36.105,1.019522309,29.67223019
Prisioneros,8,2079,-5.486388889,36.105,0.773237687,29.64996614
Prisioneros,8,2080,-5.486388889,36.105,0.014031402,31.17963316
Prisioneros,8,2081,-5.486388889,36.105,9.190188495,32.55523859
Prisioneros,8,2082,-5.486388889,36.105,8.175699466,33.28140633
Prisioneros,8,2083,-5.486388889,36.105,0.065729563,30.60939055
Prisioneros,8,2084,-5.486388889,36.105,0.316181422,31.39227767
Prisioneros,8,2085,-5.486388889,36.105,0.050472132,30.45302734
Prisioneros,8,2086,-5.486388889,36.105,5.81288813851131e-06,31.39035211
Prisioneros,8,2087,-5.486388889,36.105,2.252708054,31.31390361
Prisioneros,8,2088,-5.486388889,36.105,0.102754547,29.96212158
Prisioneros,8,2089,-5.486388889,36.105,0.720386864,30.39036393
Prisioneros,8,2090,-5.486388889,36.105,2.422317356,30.24217057
Prisioneros,8,2091,-5.486388889,36.105,0.81991623,31.15497003
Prisioneros,8,2092,-5.486388889,36.105,0.309606089,33.73634466
Prisioneros,8,2093,-5.486388889,36.105,1.554460289,32.14801203
Prisioneros,8,2094,-5.486388889,36.105,0.071006972,29.95440556
Prisioneros,8,2095,-5.486388889,36.105,0.257714248,30.2135815
Prisioneros,8,2096,-5.486388889,36.105,7.267262857,31.34145705
Prisioneros,8,2097,-5.486388889,36.105,0.362356771,31.90498283
Prisioneros,8,2098,-5.486388889,36.105,0.036998866,29.42546899
Prisioneros,8,2099,-5.486388889,36.105,15.13448793,33.22097759
Prisioneros,8,2100,-5.486388889,36.105,8.31325894609877e-05,31.74273071
Prisioneros,9,2015,-5.486388889,36.105,29.12937109,27.32610474
Prisioneros,9,2016,-5.486388889,36.105,44.30022504,26.35695089
Prisioneros,9,2017,-5.486388889,36.105,2.324904913,26.44309998
Prisioneros,9,2018,-5.486388889,36.105,5.796000252,27.12048848
Prisioneros,9,2019,-5.486388889,36.105,3.415535468,27.61777445
Prisioneros,9,2020,-5.486388889,36.105,16.4640742,27.09382935
Prisioneros,9,2021,-5.486388889,36.105,6.914782138,26.79198507
Prisioneros,9,2022,-5.486388889,36.105,0.404390417,27.58780009
Prisioneros,9,2023,-5.486388889,36.105,7.222372281,28.42845866
Prisioneros,9,2024,-5.486388889,36.105,8.139687637,27.13101705
Prisioneros,9,2025,-5.486388889,36.105,24.87498267,26.48693848
Prisioneros,9,2026,-5.486388889,36.105,0.956368385,26.32383931
Prisioneros,9,2027,-5.486388889,36.105,1.876135875,28.90427043
Prisioneros,9,2028,-5.486388889,36.105,29.16072391,27.39449666
Prisioneros,9,2029,-5.486388889,36.105,1.179299383,26.59941508
Prisioneros,9,2030,-5.486388889,36.105,0.041128124,26.65032959
Prisioneros,9,2031,-5.486388889,36.105,10.56388616,27.72082621
Prisioneros,9,2032,-5.486388889,36.105,4.663424678,27.54966329
Prisioneros,9,2033,-5.486388889,36.105,79.60428836,27.09714457
Prisioneros,9,2034,-5.486388889,36.105,54.25101184,28.05728048
Prisioneros,9,2035,-5.486388889,36.105,8.115130383,27.62609456
Prisioneros,9,2036,-5.486388889,36.105,0.795903659,27.85401204
Prisioneros,9,2037,-5.486388889,36.105,0.796852355,28.79805501
Prisioneros,9,2038,-5.486388889,36.105,0.115822424,28.63207092
Prisioneros,9,2039,-5.486388889,36.105,8.499336093,26.17639567
Prisioneros,9,2040,-5.486388889,36.105,0.26806817,27.70439555
Prisioneros,9,2041,-5.486388889,36.105,12.93943215,27.64101766
Prisioneros,9,2042,-5.486388889,36.105,11.21009506,26.48235982
Prisioneros,9,2043,-5.486388889,36.105,14.83199768,26.81336873
Prisioneros,9,2044,-5.486388889,36.105,11.80940845,27.9426534
Prisioneros,9,2045,-5.486388889,36.105,0.138767982,28.28710124
Prisioneros,9,2046,-5.486388889,36.105,0.750637459,29.25112508
Prisioneros,9,2047,-5.486388889,36.105,0.383041399,27.3411143
Prisioneros,9,2048,-5.486388889,36.105,0.094654914,29.22688802
Prisioneros,9,2049,-5.486388889,36.105,0.105280643,27.46331075
Prisioneros,9,2050,-5.486388889,36.105,0.120390227,28.62963664
Prisioneros,9,2051,-5.486388889,36.105,12.03753095,27.47367655
Prisioneros,9,2052,-5.486388889,36.105,12.85870606,27.97700094
Prisioneros,9,2053,-5.486388889,36.105,0.176472369,28.11407979
Prisioneros,9,2054,-5.486388889,36.105,0.482936997,28.62812602
Prisioneros,9,2055,-5.486388889,36.105,20.96663654,27.79888916
Prisioneros,9,2056,-5.486388889,36.105,18.20506595,28.30365092
Prisioneros,9,2057,-5.486388889,36.105,16.6533924,28.91573486
Prisioneros,9,2058,-5.486388889,36.105,1.974134931,28.62518412
Prisioneros,9,2059,-5.486388889,36.105,1.326554388,26.58623556
Prisioneros,9,2060,-5.486388889,36.105,2.813280998,28.23268229
Prisioneros,9,2061,-5.486388889,36.105,4.725536202,28.77483724
Prisioneros,9,2062,-5.486388889,36.105,0.044519707,28.67111511
Prisioneros,9,2063,-5.486388889,36.105,7.162842476,29.06372477
Prisioneros,9,2064,-5.486388889,36.105,5.352112017,27.74447123
Prisioneros,9,2065,-5.486388889,36.105,6.574727615,27.20939331
Prisioneros,9,2066,-5.486388889,36.105,0.489707261,29.11855774
Prisioneros,9,2067,-5.486388889,36.105,0.246740888,28.28807882
Prisioneros,9,2068,-5.486388889,36.105,5.987670181,26.07259216
Prisioneros,9,2069,-5.486388889,36.105,0.615491611,28.77567647
Prisioneros,9,2070,-5.486388889,36.105,6.268805548,28.35209147
Prisioneros,9,2071,-5.486388889,36.105,16.53606441,28.13183695
Prisioneros,9,2072,-5.486388889,36.105,20.35283024,27.06451314
Prisioneros,9,2073,-5.486388889,36.105,4.607779814,28.70525614
Prisioneros,9,2074,-5.486388889,36.105,0.008303737,28.77179057
Prisioneros,9,2075,-5.486388889,36.105,1.826174456,28.60557353
Prisioneros,9,2076,-5.486388889,36.105,6.462319906,28.10228475
Prisioneros,9,2077,-5.486388889,36.105,0.648988957,29.05864461
Prisioneros,9,2078,-5.486388889,36.105,17.44214146,27.94238078
Prisioneros,9,2079,-5.486388889,36.105,2.316786703,27.97945455
Prisioneros,9,2080,-5.486388889,36.105,2.638578547,27.84676412
Prisioneros,9,2081,-5.486388889,36.105,2.865899212,29.27524109
Prisioneros,9,2082,-5.486388889,36.105,37.82425857,28.58473511
Prisioneros,9,2083,-5.486388889,36.105,0.043870957,30.2013265
Prisioneros,9,2084,-5.486388889,36.105,0.890850352,27.92000732
Prisioneros,9,2085,-5.486388889,36.105,2.56564906,28.13406677
Prisioneros,9,2086,-5.486388889,36.105,0.420845533,29.44381816
Prisioneros,9,2087,-5.486388889,36.105,0.200715604,27.54230245
Prisioneros,9,2088,-5.486388889,36.105,6.349533087,28.08921712
Prisioneros,9,2089,-5.486388889,36.105,10.17893968,29.10918884
Prisioneros,9,2090,-5.486388889,36.105,20.37555536,29.81142375
Prisioneros,9,2091,-5.486388889,36.105,1.76286395,29.85695903
Prisioneros,9,2092,-5.486388889,36.105,6.124628618,28.06978251
Prisioneros,9,2093,-5.486388889,36.105,0.197588189,28.7176005
Prisioneros,9,2094,-5.486388889,36.105,4.742229791,28.59842936
Prisioneros,9,2095,-5.486388889,36.105,2.386672537,27.72009277
Prisioneros,9,2096,-5.486388889,36.105,0.158347184,29.72107646
Prisioneros,9,2097,-5.486388889,36.105,0.621944337,28.44599304
Prisioneros,9,2098,-5.486388889,36.105,4.828093619,27.20791423
Prisioneros,9,2099,-5.486388889,36.105,0.331839385,29.22779541
Prisioneros,9,2100,-5.486388889,36.105,10.8246076,29.10358683
Retin,1,2015,-5.823611,36.198056,80.21220432,18.06096605
Retin,1,2016,-5.823611,36.198056,4.093030658,17.85621476
Retin,1,2017,-5.823611,36.198056,120.3443202,18.39565036
Retin,1,2018,-5.823611,36.198056,105.3689043,17.4066613
Retin,1,2019,-5.823611,36.198056,140.5155962,16.88256521
Retin,1,2020,-5.823611,36.198056,53.13945783,18.1687689
Retin,1,2021,-5.823611,36.198056,33.72849344,16.45859926
Retin,1,2022,-5.823611,36.198056,57.81294465,18.13337048
Retin,1,2023,-5.823611,36.198056,57.4601177,17.59615675
Retin,1,2024,-5.823611,36.198056,100.8612858,18.41235627
Retin,1,2025,-5.823611,36.198056,29.52174237,16.85220711
Retin,1,2026,-5.823611,36.198056,54.34136575,17.26788606
Retin,1,2027,-5.823611,36.198056,161.7761647,18.22693147
Retin,1,2028,-5.823611,36.198056,8.835550672,17.07706555
Retin,1,2029,-5.823611,36.198056,33.76214663,17.92356902
Retin,1,2030,-5.823611,36.198056,3.64493001,16.20317009
Retin,1,2031,-5.823611,36.198056,46.75957407,18.13648918
Retin,1,2032,-5.823611,36.198056,22.58343598,18.25377512
Retin,1,2033,-5.823611,36.198056,106.552296,17.91654309
Retin,1,2034,-5.823611,36.198056,33.171735,18.59123555
Retin,1,2035,-5.823611,36.198056,202.9247425,18.98425569
Retin,1,2036,-5.823611,36.198056,174.2739783,17.33669138
Retin,1,2037,-5.823611,36.198056,68.01661249,17.84738632
Retin,1,2038,-5.823611,36.198056,51.72778455,19.02609627
Retin,1,2039,-5.823611,36.198056,40.3595195,18.26056184
Retin,1,2040,-5.823611,36.198056,96.43333545,16.61619302
Retin,1,2041,-5.823611,36.198056,81.9313089,17.38450751
Retin,1,2042,-5.823611,36.198056,36.03324579,17.90251386
Retin,1,2043,-5.823611,36.198056,3.352120565,18.42765641
Retin,1,2044,-5.823611,36.198056,28.72707014,17.39462654
Retin,1,2045,-5.823611,36.198056,51.44102959,16.72416717
Retin,1,2046,-5.823611,36.198056,85.2072837,19.397191
Retin,1,2047,-5.823611,36.198056,26.60464527,18.55316142
Retin,1,2048,-5.823611,36.198056,154.7905217,17.633907
Retin,1,2049,-5.823611,36.198056,19.45278281,17.03138467
Retin,1,2050,-5.823611,36.198056,40.87629753,17.52570939
Retin,1,2051,-5.823611,36.198056,189.2260651,18.23481189
Retin,1,2052,-5.823611,36.198056,45.69842511,19.02707185
Retin,1,2053,-5.823611,36.198056,79.17507416,17.89897874
Retin,1,2054,-5.823611,36.198056,111.6634613,18.76296288
Retin,1,2055,-5.823611,36.198056,45.74557082,17.95886998
Retin,1,2056,-5.823611,36.198056,23.79963657,18.51785948
Retin,1,2057,-5.823611,36.198056,22.08211158,18.38804951
Retin,1,2058,-5.823611,36.198056,70.23143285,18.79605772
Retin,1,2059,-5.823611,36.198056,183.3902048,19.38399954
Retin,1,2060,-5.823611,36.198056,144.4208878,17.09440544
Retin,1,2061,-5.823611,36.198056,173.3387126,18.7196545
Retin,1,2062,-5.823611,36.198056,142.9981547,18.2382151
Retin,1,2063,-5.823611,36.198056,100.6867294,18.46857851
Retin,1,2064,-5.823611,36.198056,9.581177391,18.70688929
Retin,1,2065,-5.823611,36.198056,92.2686262,16.59747689
Retin,1,2066,-5.823611,36.198056,89.85934554,18.77591907
Retin,1,2067,-5.823611,36.198056,99.85582885,16.77473676
Retin,1,2068,-5.823611,36.198056,78.35279463,18.14390298
Retin,1,2069,-5.823611,36.198056,16.10803648,17.98526572
Retin,1,2070,-5.823611,36.198056,39.12167255,17.28324329
Retin,1,2071,-5.823611,36.198056,13.55832063,18.79278249
Retin,1,2072,-5.823611,36.198056,123.4069994,18.0596912
Retin,1,2073,-5.823611,36.198056,263.4920408,18.84602976
Retin,1,2074,-5.823611,36.198056,37.23215572,18.1238549
Retin,1,2075,-5.823611,36.198056,7.911740425,18.07764932
Retin,1,2076,-5.823611,36.198056,33.16617791,17.65764574
Retin,1,2077,-5.823611,36.198056,87.49152108,17.29167008
Retin,1,2078,-5.823611,36.198056,105.0148552,19.16337615
Retin,1,2079,-5.823611,36.198056,60.17042315,19.08000902
Retin,1,2080,-5.823611,36.198056,104.9684408,19.54366947
Retin,1,2081,-5.823611,36.198056,111.5770245,18.39582362
Retin,1,2082,-5.823611,36.198056,3.625766421,17.56483587
Retin,1,2083,-5.823611,36.198056,148.3178502,16.7507086
Retin,1,2084,-5.823611,36.198056,159.4024945,20.07674167
Retin,1,2085,-5.823611,36.198056,41.60708732,19.18461737
Retin,1,2086,-5.823611,36.198056,178.72614,17.38857619
Retin,1,2087,-5.823611,36.198056,4.156164647,18.9230453
Retin,1,2088,-5.823611,36.198056,159.5824713,17.31369688
Retin,1,2089,-5.823611,36.198056,73.42475908,16.99945344
Retin,1,2090,-5.823611,36.198056,8.048940521,19.99182405
Retin,1,2091,-5.823611,36.198056,3.260906109,19.22098842
Retin,1,2092,-5.823611,36.198056,12.48365827,18.62961682
Retin,1,2093,-5.823611,36.198056,64.94711073,16.70186374
Retin,1,2094,-5.823611,36.198056,24.40732014,19.79491282
Retin,1,2095,-5.823611,36.198056,29.15501102,18.58970376
Retin,1,2096,-5.823611,36.198056,35.81810642,18.27454578
Retin,1,2097,-5.823611,36.198056,72.61459817,18.06511349
Retin,1,2098,-5.823611,36.198056,51.67060218,16.57084488
Retin,1,2099,-5.823611,36.198056,118.7290886,17.60020476
Retin,1,2100,-5.823611,36.198056,44.43852491,18.82875091
Retin,10,2015,-5.823611,36.198056,1.803368569,24.86087213
Retin,10,2016,-5.823611,36.198056,12.86146601,23.26373173
Retin,10,2017,-5.823611,36.198056,69.37929594,23.19826069
Retin,10,2018,-5.823611,36.198056,47.28852481,23.63834977
Retin,10,2019,-5.823611,36.198056,9.576400416,22.51860076
Retin,10,2020,-5.823611,36.198056,2.942594488,23.37381356
Retin,10,2021,-5.823611,36.198056,22.2832093,24.26549092
Retin,10,2022,-5.823611,36.198056,29.37539207,23.44751843
Retin,10,2023,-5.823611,36.198056,81.1151999,23.22581905
Retin,10,2024,-5.823611,36.198056,37.8230678,22.22202109
Retin,10,2025,-5.823611,36.198056,38.91470736,23.1477482
Retin,10,2026,-5.823611,36.198056,8.723613242,24.30406908
Retin,10,2027,-5.823611,36.198056,3.68301934,25.36748362
Retin,10,2028,-5.823611,36.198056,35.69264773,23.30101929
Retin,10,2029,-5.823611,36.198056,50.57393439,22.31724676
Retin,10,2030,-5.823611,36.198056,5.963031006,23.78986364
Retin,10,2031,-5.823611,36.198056,5.907972489,24.9874876
Retin,10,2032,-5.823611,36.198056,21.08285074,24.45793477
Retin,10,2033,-5.823611,36.198056,10.67192777,24.61670296
Retin,10,2034,-5.823611,36.198056,35.18729505,22.13769315
Retin,10,2035,-5.823611,36.198056,87.89352115,24.74235269
Retin,10,2036,-5.823611,36.198056,7.9420278,24.19776355
Retin,10,2037,-5.823611,36.198056,3.367202411,25.21322415
Retin,10,2038,-5.823611,36.198056,25.03797854,25.28778746
Retin,10,2039,-5.823611,36.198056,44.20027003,23.09804097
Retin,10,2040,-5.823611,36.198056,20.81223566,22.96889156
Retin,10,2041,-5.823611,36.198056,11.96366979,23.89290771
Retin,10,2042,-5.823611,36.198056,65.50068424,22.54593466
Retin,10,2043,-5.823611,36.198056,1.466867302,23.898267
Retin,10,2044,-5.823611,36.198056,25.56683849,24.89541606
Retin,10,2045,-5.823611,36.198056,25.18097092,24.72102779
Retin,10,2046,-5.823611,36.198056,3.903449554,26.31366735
Retin,10,2047,-5.823611,36.198056,19.96122179,24.00029513
Retin,10,2048,-5.823611,36.198056,41.90045305,25.51652753
Retin,10,2049,-5.823611,36.198056,17.43769573,24.39994842
Retin,10,2050,-5.823611,36.198056,18.41895873,24.87611123
Retin,10,2051,-5.823611,36.198056,21.00270576,24.49844045
Retin,10,2052,-5.823611,36.198056,62.54061356,23.04858871
Retin,10,2053,-5.823611,36.198056,10.4368067,25.24355961
Retin,10,2054,-5.823611,36.198056,42.41800699,24.66374039
Retin,10,2055,-5.823611,36.198056,27.70125762,24.18613734
Retin,10,2056,-5.823611,36.198056,1.321315037,25.09725539
Retin,10,2057,-5.823611,36.198056,10.68155076,24.71480122
Retin,10,2058,-5.823611,36.198056,45.78189091,24.16323931
Retin,10,2059,-5.823611,36.198056,2.270489269,25.03099286
Retin,10,2060,-5.823611,36.198056,7.686302062,23.44669052
Retin,10,2061,-5.823611,36.198056,31.25445124,23.33847617
Retin,10,2062,-5.823611,36.198056,31.67340254,25.78279537
Retin,10,2063,-5.823611,36.198056,3.69090171,25.86614872
Retin,10,2064,-5.823611,36.198056,15.14336748,24.02852389
Retin,10,2065,-5.823611,36.198056,25.82481102,24.5544786
Retin,10,2066,-5.823611,36.198056,25.60960398,24.44302152
Retin,10,2067,-5.823611,36.198056,0.628603567,25.83939268
Retin,10,2068,-5.823611,36.198056,9.059019587,24.84489864
Retin,10,2069,-5.823611,36.198056,30.56788402,24.85899481
Retin,10,2070,-5.823611,36.198056,8.914821359,26.1407134
Retin,10,2071,-5.823611,36.198056,26.29805864,23.86498905
Retin,10,2072,-5.823611,36.198056,10.64409155,25.30950711
Retin,10,2073,-5.823611,36.198056,22.9425955,25.71877441
Retin,10,2074,-5.823611,36.198056,26.85107765,25.865119
Retin,10,2075,-5.823611,36.198056,24.08234081,25.17230008
Retin,10,2076,-5.823611,36.198056,42.38593398,24.92595825
Retin,10,2077,-5.823611,36.198056,1.486623648,26.47741581
Retin,10,2078,-5.823611,36.198056,11.63394646,24.05188264
Retin,10,2079,-5.823611,36.198056,32.28514134,25.31082134
Retin,10,2080,-5.823611,36.198056,14.17125853,26.24423198
Retin,10,2081,-5.823611,36.198056,4.355818631,24.74174923
Retin,10,2082,-5.823611,36.198056,53.49867208,23.73261561
Retin,10,2083,-5.823611,36.198056,10.14791355,27.16269393
Retin,10,2084,-5.823611,36.198056,7.268277333,24.57362986
Retin,10,2085,-5.823611,36.198056,17.50093473,24.40864199
Retin,10,2086,-5.823611,36.198056,40.64991308,23.547432
Retin,10,2087,-5.823611,36.198056,5.435127311,25.20941044
Retin,10,2088,-5.823611,36.198056,29.89814558,25.29378957
Retin,10,2089,-5.823611,36.198056,0.344353546,25.94126134
Retin,10,2090,-5.823611,36.198056,8.736160453,24.32207149
Retin,10,2091,-5.823611,36.198056,32.10134777,24.99503134
Retin,10,2092,-5.823611,36.198056,0.972827108,25.34407467
Retin,10,2093,-5.823611,36.198056,1.998482215,25.25839607
Retin,10,2094,-5.823611,36.198056,18.84554482,21.80802652
Retin,10,2095,-5.823611,36.198056,8.097075091,25.04334953
Retin,10,2096,-5.823611,36.198056,0.513334005,26.05917732
Retin,10,2097,-5.823611,36.198056,6.564815679,24.98608674
Retin,10,2098,-5.823611,36.198056,0.116642224,23.64038263
Retin,10,2099,-5.823611,36.198056,13.21302126,23.47285983
Retin,10,2100,-5.823611,36.198056,3.064680245,25.74292268
Retin,11,2015,-5.823611,36.198056,16.89515557,20.85000814
Retin,11,2016,-5.823611,36.198056,94.77805368,20.16343994
Retin,11,2017,-5.823611,36.198056,98.2106688,21.22579753
Retin,11,2018,-5.823611,36.198056,36.7217909,20.90046692
Retin,11,2019,-5.823611,36.198056,19.49702062,19.06013896
Retin,11,2020,-5.823611,36.198056,43.12159354,21.15737305
Retin,11,2021,-5.823611,36.198056,8.890589885,21.5927358
Retin,11,2022,-5.823611,36.198056,39.63381966,20.18311564
Retin,11,2023,-5.823611,36.198056,78.19241734,18.60612183
Retin,11,2024,-5.823611,36.198056,7.70487135,19.310849
Retin,11,2025,-5.823611,36.198056,83.62001969,20.6441335
Retin,11,2026,-5.823611,36.198056,29.87243286,20.84513957
Retin,11,2027,-5.823611,36.198056,41.15846935,20.83516134
Retin,11,2028,-5.823611,36.198056,67.43707643,19.15064189
Retin,11,2029,-5.823611,36.198056,26.66894749,22.13392131
Retin,11,2030,-5.823611,36.198056,12.40482249,20.0427714
Retin,11,2031,-5.823611,36.198056,9.609457243,20.24851685
Retin,11,2032,-5.823611,36.198056,109.3062302,20.97074992
Retin,11,2033,-5.823611,36.198056,8.989251841,20.63510234
Retin,11,2034,-5.823611,36.198056,20.55543628,19.64532267
Retin,11,2035,-5.823611,36.198056,87.90937251,19.71043803
Retin,11,2036,-5.823611,36.198056,37.11396028,20.83991801
Retin,11,2037,-5.823611,36.198056,8.292577393,19.91552734
Retin,11,2038,-5.823611,36.198056,91.53823996,21.44842326
Retin,11,2039,-5.823611,36.198056,8.399957139,21.14234924
Retin,11,2040,-5.823611,36.198056,86.92641435,21.63510946
Retin,11,2041,-5.823611,36.198056,224.7675072,20.39171041
Retin,11,2042,-5.823611,36.198056,0.828651766,20.90050964
Retin,11,2043,-5.823611,36.198056,20.61219525,18.93650309
Retin,11,2044,-5.823611,36.198056,10.08624827,20.23341166
Retin,11,2045,-5.823611,36.198056,127.5987891,21.4543691
Retin,11,2046,-5.823611,36.198056,66.47282937,21.42358602
Retin,11,2047,-5.823611,36.198056,85.71166322,18.68465068
Retin,11,2048,-5.823611,36.198056,36.37836202,20.71701253
Retin,11,2049,-5.823611,36.198056,27.40369927,21.2021637
Retin,11,2050,-5.823611,36.198056,108.6164774,20.46986491
Retin,11,2051,-5.823611,36.198056,6.077243063,21.8777181
Retin,11,2052,-5.823611,36.198056,8.559473267,22.23519897
Retin,11,2053,-5.823611,36.198056,0.006582863,21.70326945
Retin,11,2054,-5.823611,36.198056,15.42103713,21.22999573
Retin,11,2055,-5.823611,36.198056,13.44461725,20.58080241
Retin,11,2056,-5.823611,36.198056,123.719834,20.72814026
Retin,11,2057,-5.823611,36.198056,79.36767494,20.83526408
Retin,11,2058,-5.823611,36.198056,11.32089502,21.87411702
Retin,11,2059,-5.823611,36.198056,13.31267824,20.56946513
Retin,11,2060,-5.823611,36.198056,9.096151912,19.18287964
Retin,11,2061,-5.823611,36.198056,80.81891029,20.83272807
Retin,11,2062,-5.823611,36.198056,24.31681506,22.68057658
Retin,11,2063,-5.823611,36.198056,1.803178279,21.43980509
Retin,11,2064,-5.823611,36.198056,40.04041613,20.35165507
Retin,11,2065,-5.823611,36.198056,24.78233791,19.86380819
Retin,11,2066,-5.823611,36.198056,60.58429787,19.67865601
Retin,11,2067,-5.823611,36.198056,21.5276694,19.19671427
Retin,11,2068,-5.823611,36.198056,72.03174356,20.88417053
Retin,11,2069,-5.823611,36.198056,67.32097528,21.00096944
Retin,11,2070,-5.823611,36.198056,62.93237117,21.6293101
Retin,11,2071,-5.823611,36.198056,58.02002523,21.72049357
Retin,11,2072,-5.823611,36.198056,36.74103174,21.72012838
Retin,11,2073,-5.823611,36.198056,21.20558834,21.95863749
Retin,11,2074,-5.823611,36.198056,147.2826604,21.27412008
Retin,11,2075,-5.823611,36.198056,63.92969184,21.5412557
Retin,11,2076,-5.823611,36.198056,64.92088821,21.97369385
Retin,11,2077,-5.823611,36.198056,29.48947727,21.83085938
Retin,11,2078,-5.823611,36.198056,26.40857559,20.7597758
Retin,11,2079,-5.823611,36.198056,29.04668663,22.22772013
Retin,11,2080,-5.823611,36.198056,63.93330182,21.98390096
Retin,11,2081,-5.823611,36.198056,6.808768215,19.99611206
Retin,11,2082,-5.823611,36.198056,20.930799,21.28901672
Retin,11,2083,-5.823611,36.198056,146.2004233,22.00539347
Retin,11,2084,-5.823611,36.198056,12.22289693,21.04249878
Retin,11,2085,-5.823611,36.198056,26.72847068,20.89166768
Retin,11,2086,-5.823611,36.198056,28.10952043,20.27065226
Retin,11,2087,-5.823611,36.198056,0.298059672,22.03633525
Retin,11,2088,-5.823611,36.198056,39.61175524,20.30138245
Retin,11,2089,-5.823611,36.198056,14.62397656,22.0510376
Retin,11,2090,-5.823611,36.198056,30.97421747,23.069988
Retin,11,2091,-5.823611,36.198056,47.83246018,19.53575033
Retin,11,2092,-5.823611,36.198056,13.00639588,20.87885132
Retin,11,2093,-5.823611,36.198056,112.8903367,21.98552755
Retin,11,2094,-5.823611,36.198056,12.79252339,21.99379781
Retin,11,2095,-5.823611,36.198056,47.43877935,21.27786357
Retin,11,2096,-5.823611,36.198056,0.335125019,21.30255229
Retin,11,2097,-5.823611,36.198056,45.03012595,20.47791443
Retin,11,2098,-5.823611,36.198056,49.25798406,20.62807414
Retin,11,2099,-5.823611,36.198056,44.75379075,21.09270426
Retin,11,2100,-5.823611,36.198056,69.23986562,20.70878092
Retin,12,2015,-5.823611,36.198056,132.010709,18.53697136
Retin,12,2016,-5.823611,36.198056,14.11545532,18.40091858
Retin,12,2017,-5.823611,36.198056,33.84210771,19.44534774
Retin,12,2018,-5.823611,36.198056,32.24879074,18.42916654
Retin,12,2019,-5.823611,36.198056,62.46363691,17.39627843
Retin,12,2020,-5.823611,36.198056,27.84958093,17.92564781
Retin,12,2021,-5.823611,36.198056,105.0502614,19.84293272
Retin,12,2022,-5.823611,36.198056,222.2386185,18.00556188
Retin,12,2023,-5.823611,36.198056,152.1959535,18.2754426
Retin,12,2024,-5.823611,36.198056,38.138767,17.3069814
Retin,12,2025,-5.823611,36.198056,30.80196855,17.38397689
Retin,12,2026,-5.823611,36.198056,90.24238408,19.11547537
Retin,12,2027,-5.823611,36.198056,35.48665234,17.34611049
Retin,12,2028,-5.823611,36.198056,102.1498254,19.75917155
Retin,12,2029,-5.823611,36.198056,160.725723,18.82465564
Retin,12,2030,-5.823611,36.198056,43.09007618,19.18247782
Retin,12,2031,-5.823611,36.198056,73.50663556,19.21133994
Retin,12,2032,-5.823611,36.198056,150.4129518,17.85224813
Retin,12,2033,-5.823611,36.198056,121.0401395,19.05579972
Retin,12,2034,-5.823611,36.198056,107.9481192,18.4621836
Retin,12,2035,-5.823611,36.198056,18.79438818,17.98948404
Retin,12,2036,-5.823611,36.198056,78.64566281,17.70748596
Retin,12,2037,-5.823611,36.198056,85.87148642,18.48837261
Retin,12,2038,-5.823611,36.198056,11.60958439,18.60488773
Retin,12,2039,-5.823611,36.198056,4.081254754,19.15122425
Retin,12,2040,-5.823611,36.198056,3.418053021,18.45493838
Retin,12,2041,-5.823611,36.198056,84.77853609,17.06318202
Retin,12,2042,-5.823611,36.198056,87.78684743,18.07395472
Retin,12,2043,-5.823611,36.198056,8.764818541,18.25999677
Retin,12,2044,-5.823611,36.198056,44.2382082,17.48557841
Retin,12,2045,-5.823611,36.198056,92.4470941,19.53560988
Retin,12,2046,-5.823611,36.198056,49.99752614,20.51666043
Retin,12,2047,-5.823611,36.198056,41.55782713,19.52199116
Retin,12,2048,-5.823611,36.198056,115.3176723,19.74551799
Retin,12,2049,-5.823611,36.198056,142.192833,19.80631655
Retin,12,2050,-5.823611,36.198056,84.87816635,18.30179036
Retin,12,2051,-5.823611,36.198056,30.10622106,19.6236718
Retin,12,2052,-5.823611,36.198056,9.017354874,19.42168681
Retin,12,2053,-5.823611,36.198056,65.83229095,20.50772863
Retin,12,2054,-5.823611,36.198056,36.82941218,19.09962394
Retin,12,2055,-5.823611,36.198056,5.55130806,19.5267145
Retin,12,2056,-5.823611,36.198056,182.5889833,20.08622538
Retin,12,2057,-5.823611,36.198056,103.1785899,19.34593427
Retin,12,2058,-5.823611,36.198056,82.98670051,19.69547277
Retin,12,2059,-5.823611,36.198056,6.694562348,18.95515964
Retin,12,2060,-5.823611,36.198056,58.66170531,18.79419387
Retin,12,2061,-5.823611,36.198056,224.5061825,19.34516149
Retin,12,2062,-5.823611,36.198056,46.03448766,20.19867711
Retin,12,2063,-5.823611,36.198056,81.24076892,19.45417914
Retin,12,2064,-5.823611,36.198056,10.20374001,18.2947286
Retin,12,2065,-5.823611,36.198056,153.4367713,19.11852712
Retin,12,2066,-5.823611,36.198056,15.66941831,18.39460882
Retin,12,2067,-5.823611,36.198056,92.34254602,18.33037228
Retin,12,2068,-5.823611,36.198056,0.771912586,18.34416097
Retin,12,2069,-5.823611,36.198056,31.98197157,18.23206826
Retin,12,2070,-5.823611,36.198056,182.978268,19.11218669
Retin,12,2071,-5.823611,36.198056,0.598741935,17.81243581
Retin,12,2072,-5.823611,36.198056,68.99446045,19.01409912
Retin,12,2073,-5.823611,36.198056,46.44051944,18.36245413
Retin,12,2074,-5.823611,36.198056,140.547487,19.49870822
Retin,12,2075,-5.823611,36.198056,339.453947,20.29540405
Retin,12,2076,-5.823611,36.198056,41.3703712,18.8488505
Retin,12,2077,-5.823611,36.198056,56.3886319,17.66131375
Retin,12,2078,-5.823611,36.198056,142.2315459,18.4651507
Retin,12,2079,-5.823611,36.198056,43.8993805,19.53285247
Retin,12,2080,-5.823611,36.198056,43.10592649,18.37794358
Retin,12,2081,-5.823611,36.198056,49.05678633,20.32027686
Retin,12,2082,-5.823611,36.198056,18.89325476,19.07063717
Retin,12,2083,-5.823611,36.198056,180.1018209,19.13486486
Retin,12,2084,-5.823611,36.198056,79.05610578,19.48726196
Retin,12,2085,-5.823611,36.198056,49.43483814,18.63888235
Retin,12,2086,-5.823611,36.198056,22.03036844,19.54597404
Retin,12,2087,-5.823611,36.198056,88.98487414,19.35622559
Retin,12,2088,-5.823611,36.198056,44.01820537,18.47909648
Retin,12,2089,-5.823611,36.198056,26.04639272,18.85792866
Retin,12,2090,-5.823611,36.198056,91.13055489,19.08733114
Retin,12,2091,-5.823611,36.198056,49.34382762,19.14106682
Retin,12,2092,-5.823611,36.198056,98.61122575,18.71495768
Retin,12,2093,-5.823611,36.198056,88.39129553,19.96748972
Retin,12,2094,-5.823611,36.198056,222.6573083,18.75136522
Retin,12,2095,-5.823611,36.198056,2.100476936,20.77070253
Retin,12,2096,-5.823611,36.198056,107.1430976,19.0635966
Retin,12,2097,-5.823611,36.198056,109.393191,18.77536089
Retin,12,2098,-5.823611,36.198056,58.91395738,20.22148753
Retin,12,2099,-5.823611,36.198056,15.7807108,19.83729681
Retin,12,2100,-5.823611,36.198056,11.53274239,19.72041423
Retin,2,2015,-5.823611,36.198056,41.82114967,18.37600534
Retin,2,2016,-5.823611,36.198056,44.68002479,18.36256903
Retin,2,2017,-5.823611,36.198056,156.3156813,17.43622088
Retin,2,2018,-5.823611,36.198056,79.41274986,18.64613168
Retin,2,2019,-5.823611,36.198056,172.67723,17.06566445
Retin,2,2020,-5.823611,36.198056,132.9694783,17.33050453
Retin,2,2021,-5.823611,36.198056,5.96295239,18.79120353
Retin,2,2022,-5.823611,36.198056,156.9843608,18.83156847
Retin,2,2023,-5.823611,36.198056,72.32687206,17.9284923
Retin,2,2024,-5.823611,36.198056,92.14339386,17.92166159
Retin,2,2025,-5.823611,36.198056,45.43939096,16.63152139
Retin,2,2026,-5.823611,36.198056,41.68123792,16.04731794
Retin,2,2027,-5.823611,36.198056,20.7737923,19.68266885
Retin,2,2028,-5.823611,36.198056,141.1999022,16.32590585
Retin,2,2029,-5.823611,36.198056,23.96560834,17.98272858
Retin,2,2030,-5.823611,36.198056,147.8795063,18.92633645
Retin,2,2031,-5.823611,36.198056,6.554323695,16.98163975
Retin,2,2032,-5.823611,36.198056,5.784563942,18.19536112
Retin,2,2033,-5.823611,36.198056,158.4606882,17.67825252
Retin,2,2034,-5.823611,36.198056,11.60643589,18.7376103
Retin,2,2035,-5.823611,36.198056,48.87066276,18.06480451
Retin,2,2036,-5.823611,36.198056,19.14499741,18.73732279
Retin,2,2037,-5.823611,36.198056,18.46484772,18.92856533
Retin,2,2038,-5.823611,36.198056,96.65619484,18.52745754
Retin,2,2039,-5.823611,36.198056,19.41247105,17.70968236
Retin,2,2040,-5.823611,36.198056,47.01634794,17.51286811
Retin,2,2041,-5.823611,36.198056,0.250334718,18.4730545
Retin,2,2042,-5.823611,36.198056,36.97037306,19.40151803
Retin,2,2043,-5.823611,36.198056,207.3000436,18.19077454
Retin,2,2044,-5.823611,36.198056,21.61429696,17.48838143
Retin,2,2045,-5.823611,36.198056,43.34353411,17.72218911
Retin,2,2046,-5.823611,36.198056,27.37099114,18.2781104
Retin,2,2047,-5.823611,36.198056,41.32893748,18.44318651
Retin,2,2048,-5.823611,36.198056,61.15752786,19.10155745
Retin,2,2049,-5.823611,36.198056,10.61007538,19.00258244
Retin,2,2050,-5.823611,36.198056,16.57943332,18.62817535
Retin,2,2051,-5.823611,36.198056,2.177536651,18.71147853
Retin,2,2052,-5.823611,36.198056,88.57406779,17.72298689
Retin,2,2053,-5.823611,36.198056,25.50072538,19.0628394
Retin,2,2054,-5.823611,36.198056,19.5439608,18.39208374
Retin,2,2055,-5.823611,36.198056,17.62126235,17.51295079
Retin,2,2056,-5.823611,36.198056,135.1117894,18.41222218
Retin,2,2057,-5.823611,36.198056,30.83090476,19.62505493
Retin,2,2058,-5.823611,36.198056,26.71078562,19.01672189
Retin,2,2059,-5.823611,36.198056,60.48361283,18.10034659
Retin,2,2060,-5.823611,36.198056,19.6105859,19.61979749
Retin,2,2061,-5.823611,36.198056,107.0580186,17.73142831
Retin,2,2062,-5.823611,36.198056,101.7526854,19.27267827
Retin,2,2063,-5.823611,36.198056,83.51749872,18.86891327
Retin,2,2064,-5.823611,36.198056,43.0798635,17.84486463
Retin,2,2065,-5.823611,36.198056,31.90784798,17.73573238
Retin,2,2066,-5.823611,36.198056,37.20870065,17.1947658
Retin,2,2067,-5.823611,36.198056,6.904859111,18.64173388
Retin,2,2068,-5.823611,36.198056,46.57486483,16.83096755
Retin,2,2069,-5.823611,36.198056,160.2260463,17.85977761
Retin,2,2070,-5.823611,36.198056,24.56506934,18.60502123
Retin,2,2071,-5.823611,36.198056,8.123222408,18.32528839
Retin,2,2072,-5.823611,36.198056,83.53666003,18.73433101
Retin,2,2073,-5.823611,36.198056,32.20089236,19.18651297
Retin,2,2074,-5.823611,36.198056,7.645727885,18.72742942
Retin,2,2075,-5.823611,36.198056,40.22182219,19.29009617
Retin,2,2076,-5.823611,36.198056,51.37086961,17.76765831
Retin,2,2077,-5.823611,36.198056,2.922053619,17.61207297
Retin,2,2078,-5.823611,36.198056,39.44634968,19.55238822
Retin,2,2079,-5.823611,36.198056,30.34820185,18.24019448
Retin,2,2080,-5.823611,36.198056,71.68950236,19.64288246
Retin,2,2081,-5.823611,36.198056,6.325946073,19.35323922
Retin,2,2082,-5.823611,36.198056,10.58602153,19.27826734
Retin,2,2083,-5.823611,36.198056,35.53987682,17.50445491
Retin,2,2084,-5.823611,36.198056,42.81699311,19.21235204
Retin,2,2085,-5.823611,36.198056,22.13492805,17.53127114
Retin,2,2086,-5.823611,36.198056,4.900074415,18.9199561
Retin,2,2087,-5.823611,36.198056,55.68478612,18.34359458
Retin,2,2088,-5.823611,36.198056,15.46242068,19.73534651
Retin,2,2089,-5.823611,36.198056,104.392899,19.04001988
Retin,2,2090,-5.823611,36.198056,0.802984507,18.39204123
Retin,2,2091,-5.823611,36.198056,37.30183271,18.59346052
Retin,2,2092,-5.823611,36.198056,81.58924251,18.96016635
Retin,2,2093,-5.823611,36.198056,67.2082657,18.2105957
Retin,2,2094,-5.823611,36.198056,36.03967103,19.01540091
Retin,2,2095,-5.823611,36.198056,13.80054032,18.38048379
Retin,2,2096,-5.823611,36.198056,46.00202537,19.23018588
Retin,2,2097,-5.823611,36.198056,8.91397373,17.98774872
Retin,2,2098,-5.823611,36.198056,69.089009,17.88892299
Retin,2,2099,-5.823611,36.198056,79.44200644,17.08939296
Retin,2,2100,-5.823611,36.198056,175.777249,18.92764435
Retin,3,2015,-5.823611,36.198056,74.20685184,18.8308517
Retin,3,2016,-5.823611,36.198056,11.32096212,19.25246877
Retin,3,2017,-5.823611,36.198056,9.184962248,18.93706665
Retin,3,2018,-5.823611,36.198056,65.79986847,19.17202345
Retin,3,2019,-5.823611,36.198056,29.88988647,19.0017777
Retin,3,2020,-5.823611,36.198056,45.74539551,18.84018023
Retin,3,2021,-5.823611,36.198056,5.034363812,20.5475836
Retin,3,2022,-5.823611,36.198056,52.54381091,19.73635549
Retin,3,2023,-5.823611,36.198056,5.101987935,18.53276387
Retin,3,2024,-5.823611,36.198056,3.816614441,17.95560854
Retin,3,2025,-5.823611,36.198056,62.29585121,17.66022398
Retin,3,2026,-5.823611,36.198056,9.623447147,18.38818635
Retin,3,2027,-5.823611,36.198056,1.521211397,19.55477295
Retin,3,2028,-5.823611,36.198056,16.69394926,19.21264924
Retin,3,2029,-5.823611,36.198056,27.99959444,18.46108792
Retin,3,2030,-5.823611,36.198056,18.15520127,20.29907404
Retin,3,2031,-5.823611,36.198056,14.15723536,19.19224775
Retin,3,2032,-5.823611,36.198056,4.904204851,20.46587721
Retin,3,2033,-5.823611,36.198056,6.031911014,19.96486029
Retin,3,2034,-5.823611,36.198056,18.28684818,19.53394618
Retin,3,2035,-5.823611,36.198056,140.7918908,18.22870346
Retin,3,2036,-5.823611,36.198056,14.93748358,19.60977744
Retin,3,2037,-5.823611,36.198056,3.619766137,20.15192221
Retin,3,2038,-5.823611,36.198056,48.87199321,19.07085473
Retin,3,2039,-5.823611,36.198056,40.13720962,20.03392846
Retin,3,2040,-5.823611,36.198056,14.93981015,20.59014774
Retin,3,2041,-5.823611,36.198056,47.15252239,18.64291362
Retin,3,2042,-5.823611,36.198056,44.20339634,17.70946163
Retin,3,2043,-5.823611,36.198056,11.7185509,19.21229189
Retin,3,2044,-5.823611,36.198056,49.12101967,18.16957811
Retin,3,2045,-5.823611,36.198056,23.01378676,19.39246964
Retin,3,2046,-5.823611,36.198056,71.80480919,19.83377351
Retin,3,2047,-5.823611,36.198056,32.3160577,19.61182212
Retin,3,2048,-5.823611,36.198056,7.004737372,20.52963631
Retin,3,2049,-5.823611,36.198056,18.42156342,19.89672044
Retin,3,2050,-5.823611,36.198056,5.577417177,20.54066005
Retin,3,2051,-5.823611,36.198056,28.89918853,19.74123732
Retin,3,2052,-5.823611,36.198056,82.5634129,20.36247677
Retin,3,2053,-5.823611,36.198056,20.05299771,18.63956949
Retin,3,2054,-5.823611,36.198056,78.98172275,18.85014373
Retin,3,2055,-5.823611,36.198056,87.84846465,18.24205244
Retin,3,2056,-5.823611,36.198056,16.79807881,19.20216104
Retin,3,2057,-5.823611,36.198056,8.310010355,20.49942391
Retin,3,2058,-5.823611,36.198056,60.55410289,19.27320399
Retin,3,2059,-5.823611,36.198056,63.253856,19.56600736
Retin,3,2060,-5.823611,36.198056,73.02573453,20.3444586
Retin,3,2061,-5.823611,36.198056,46.5044407,18.30145835
Retin,3,2062,-5.823611,36.198056,10.08466346,19.67164149
Retin,3,2063,-5.823611,36.198056,0.738705131,20.04425423
Retin,3,2064,-5.823611,36.198056,14.07210546,19.7727984
Retin,3,2065,-5.823611,36.198056,23.30255353,18.57512522
Retin,3,2066,-5.823611,36.198056,2.589890327,19.7219443
Retin,3,2067,-5.823611,36.198056,18.00665885,20.52459697
Retin,3,2068,-5.823611,36.198056,69.37271671,19.37332626
Retin,3,2069,-5.823611,36.198056,108.5097197,17.99828983
Retin,3,2070,-5.823611,36.198056,0.531333781,20.33728992
Retin,3,2071,-5.823611,36.198056,5.966062713,19.30441166
Retin,3,2072,-5.823611,36.198056,12.26667744,19.97301144
Retin,3,2073,-5.823611,36.198056,78.8884865,19.45632718
Retin,3,2074,-5.823611,36.198056,3.31746308,20.4743168
Retin,3,2075,-5.823611,36.198056,21.50002397,19.79245763
Retin,3,2076,-5.823611,36.198056,76.17159021,20.39054408
Retin,3,2077,-5.823611,36.198056,1.818957964,20.97108391
Retin,3,2078,-5.823611,36.198056,49.44039616,19.45289248
Retin,3,2079,-5.823611,36.198056,5.241114117,19.68715131
Retin,3,2080,-5.823611,36.198056,20.32141181,19.25260659
Retin,3,2081,-5.823611,36.198056,12.62075775,18.69885333
Retin,3,2082,-5.823611,36.198056,67.7231784,18.96340037
Retin,3,2083,-5.823611,36.198056,15.04816825,17.58917807
Retin,3,2084,-5.823611,36.198056,71.57660439,19.9353872
Retin,3,2085,-5.823611,36.198056,2.518196295,21.0693318
Retin,3,2086,-5.823611,36.198056,40.32805658,17.91305916
Retin,3,2087,-5.823611,36.198056,2.267320928,21.18904931
Retin,3,2088,-5.823611,36.198056,8.691996044,21.05503776
Retin,3,2089,-5.823611,36.198056,106.9577941,19.85433153
Retin,3,2090,-5.823611,36.198056,5.891133432,21.51035412
Retin,3,2091,-5.823611,36.198056,7.361666474,21.45400292
Retin,3,2092,-5.823611,36.198056,21.42081107,20.34760289
Retin,3,2093,-5.823611,36.198056,40.02862553,18.83291705
Retin,3,2094,-5.823611,36.198056,19.60892455,19.39072029
Retin,3,2095,-5.823611,36.198056,20.98598496,19.0439461
Retin,3,2096,-5.823611,36.198056,75.67153306,19.38814796
Retin,3,2097,-5.823611,36.198056,23.64008112,18.83209898
Retin,3,2098,-5.823611,36.198056,19.95022227,19.77625575
Retin,3,2099,-5.823611,36.198056,145.7085754,18.99105421
Retin,3,2100,-5.823611,36.198056,8.410061209,19.30797729
Retin,4,2015,-5.823611,36.198056,10.67638287,21.12623698
Retin,4,2016,-5.823611,36.198056,1.584460895,21.04933879
Retin,4,2017,-5.823611,36.198056,37.80388544,19.81787008
Retin,4,2018,-5.823611,36.198056,9.216589581,20.14411926
Retin,4,2019,-5.823611,36.198056,11.59211753,20.33976339
Retin,4,2020,-5.823611,36.198056,12.88336698,21.13977051
Retin,4,2021,-5.823611,36.198056,10.07354516,20.32275798
Retin,4,2022,-5.823611,36.198056,25.55381517,20.59703064
Retin,4,2023,-5.823611,36.198056,14.82569,21.07220764
Retin,4,2024,-5.823611,36.198056,2.909946653,19.9987498
Retin,4,2025,-5.823611,36.198056,19.75810952,19.14472555
Retin,4,2026,-5.823611,36.198056,2.722560437,19.59160767
Retin,4,2027,-5.823611,36.198056,36.70088353,20.68689168
Retin,4,2028,-5.823611,36.198056,6.498881448,20.84480693
Retin,4,2029,-5.823611,36.198056,44.33135266,19.32819621
Retin,4,2030,-5.823611,36.198056,91.04549938,19.84445597
Retin,4,2031,-5.823611,36.198056,19.14774809,20.96447449
Retin,4,2032,-5.823611,36.198056,32.87367952,19.75101725
Retin,4,2033,-5.823611,36.198056,7.776304581,22.38696187
Retin,4,2034,-5.823611,36.198056,89.59012839,20.56028748
Retin,4,2035,-5.823611,36.198056,41.95954185,20.52013143
Retin,4,2036,-5.823611,36.198056,22.1156462,21.18709615
Retin,4,2037,-5.823611,36.198056,1.216886017,22.83715312
Retin,4,2038,-5.823611,36.198056,40.71606556,19.03232524
Retin,4,2039,-5.823611,36.198056,14.87928428,22.2487498
Retin,4,2040,-5.823611,36.198056,27.52909963,21.36758219
Retin,4,2041,-5.823611,36.198056,18.13133748,20.66074626
Retin,4,2042,-5.823611,36.198056,4.317293093,20.73244425
Retin,4,2043,-5.823611,36.198056,22.40750805,19.36189168
Retin,4,2044,-5.823611,36.198056,21.88931699,20.27235514
Retin,4,2045,-5.823611,36.198056,30.50973884,20.46107483
Retin,4,2046,-5.823611,36.198056,34.06045146,19.9101237
Retin,4,2047,-5.823611,36.198056,13.88863525,20.41307576
Retin,4,2048,-5.823611,36.198056,37.64080917,20.55793762
Retin,4,2049,-5.823611,36.198056,1.979437681,21.65305074
Retin,4,2050,-5.823611,36.198056,29.57996207,20.78478699
Retin,4,2051,-5.823611,36.198056,10.31257716,21.21235453
Retin,4,2052,-5.823611,36.198056,21.30963629,20.80608317
Retin,4,2053,-5.823611,36.198056,23.63619946,21.853066
Retin,4,2054,-5.823611,36.198056,43.6429438,21.73808492
Retin,4,2055,-5.823611,36.198056,22.21977623,20.25409749
Retin,4,2056,-5.823611,36.198056,72.13058428,21.3395518
Retin,4,2057,-5.823611,36.198056,38.84411474,21.59912821
Retin,4,2058,-5.823611,36.198056,8.846961813,22.1385081
Retin,4,2059,-5.823611,36.198056,7.045663615,21.14902751
Retin,4,2060,-5.823611,36.198056,60.00396843,19.84313253
Retin,4,2061,-5.823611,36.198056,36.20327443,20.91103414
Retin,4,2062,-5.823611,36.198056,5.994525473,20.94582011
Retin,4,2063,-5.823611,36.198056,21.63423323,20.85545553
Retin,4,2064,-5.823611,36.198056,0.020912067,22.56630249
Retin,4,2065,-5.823611,36.198056,9.621166142,20.37371419
Retin,4,2066,-5.823611,36.198056,5.276883295,21.59620361
Retin,4,2067,-5.823611,36.198056,43.1309814,21.10457255
Retin,4,2068,-5.823611,36.198056,5.973807959,20.13964742
Retin,4,2069,-5.823611,36.198056,0.668456664,21.81633504
Retin,4,2070,-5.823611,36.198056,10.5549168,21.6108846
Retin,4,2071,-5.823611,36.198056,2.158402944,21.82460531
Retin,4,2072,-5.823611,36.198056,6.322821151,20.41801656
Retin,4,2073,-5.823611,36.198056,37.41647114,18.75504456
Retin,4,2074,-5.823611,36.198056,7.430704913,22.79830729
Retin,4,2075,-5.823611,36.198056,5.578122162,22.33265788
Retin,4,2076,-5.823611,36.198056,2.178396288,23.05609131
Retin,4,2077,-5.823611,36.198056,16.06805854,20.40619202
Retin,4,2078,-5.823611,36.198056,5.50790577,20.02064921
Retin,4,2079,-5.823611,36.198056,9.72344613,22.32193909
Retin,4,2080,-5.823611,36.198056,7.118482799,21.09522705
Retin,4,2081,-5.823611,36.198056,2.410498483,22.30288391
Retin,4,2082,-5.823611,36.198056,1.040689302,21.65749512
Retin,4,2083,-5.823611,36.198056,11.58938126,19.99726257
Retin,4,2084,-5.823611,36.198056,6.513694471,22.37523092
Retin,4,2085,-5.823611,36.198056,8.899806446,21.37431335
Retin,4,2086,-5.823611,36.198056,1.744852238,21.56924845
Retin,4,2087,-5.823611,36.198056,3.893647659,22.57929484
Retin,4,2088,-5.823611,36.198056,0.850635797,21.75294291
Retin,4,2089,-5.823611,36.198056,3.855302625,21.21770325
Retin,4,2090,-5.823611,36.198056,8.428173084,21.88203532
Retin,4,2091,-5.823611,36.198056,15.92107241,21.54178467
Retin,4,2092,-5.823611,36.198056,48.48522992,21.36782735
Retin,4,2093,-5.823611,36.198056,18.8591037,20.80455831
Retin,4,2094,-5.823611,36.198056,5.043698104,19.88396403
Retin,4,2095,-5.823611,36.198056,63.39045148,20.44449768
Retin,4,2096,-5.823611,36.198056,30.10288319,19.48202108
Retin,4,2097,-5.823611,36.198056,64.54226156,20.14651489
Retin,4,2098,-5.823611,36.198056,9.867827357,22.06889547
Retin,4,2099,-5.823611,36.198056,10.66608894,21.86751404
Retin,4,2100,-5.823611,36.198056,51.3356164,21.30665181
Retin,5,2015,-5.823611,36.198056,37.10353703,22.94346451
Retin,5,2016,-5.823611,36.198056,52.66466024,19.97607698
Retin,5,2017,-5.823611,36.198056,0.494441427,22.71953243
Retin,5,2018,-5.823611,36.198056,8.077228316,21.81867321
Retin,5,2019,-5.823611,36.198056,0.276097909,22.92220754
Retin,5,2020,-5.823611,36.198056,12.34515445,21.53956338
Retin,5,2021,-5.823611,36.198056,17.39239704,21.67542666
Retin,5,2022,-5.823611,36.198056,33.36412712,21.69330011
Retin,5,2023,-5.823611,36.198056,21.05974173,23.14796674
Retin,5,2024,-5.823611,36.198056,13.30567151,21.9690855
Retin,5,2025,-5.823611,36.198056,26.3436063,19.58141086
Retin,5,2026,-5.823611,36.198056,6.100500668,21.38260557
Retin,5,2027,-5.823611,36.198056,4.501893661,21.99690079
Retin,5,2028,-5.823611,36.198056,10.20890787,21.23529328
Retin,5,2029,-5.823611,36.198056,8.08521834,22.52410672
Retin,5,2030,-5.823611,36.198056,18.88633193,22.53110804
Retin,5,2031,-5.823611,36.198056,97.54416313,22.0749116
Retin,5,2032,-5.823611,36.198056,4.32412124,23.37562492
Retin,5,2033,-5.823611,36.198056,13.54420636,22.50346502
Retin,5,2034,-5.823611,36.198056,36.64865926,21.64634931
Retin,5,2035,-5.823611,36.198056,53.82794688,19.13140948
Retin,5,2036,-5.823611,36.198056,6.903368859,22.45989281
Retin,5,2037,-5.823611,36.198056,4.688164946,22.80930826
Retin,5,2038,-5.823611,36.198056,13.37099076,21.50601767
Retin,5,2039,-5.823611,36.198056,0.485929014,23.70333055
Retin,5,2040,-5.823611,36.198056,26.17632193,19.93542658
Retin,5,2041,-5.823611,36.198056,4.84617277,21.54315855
Retin,5,2042,-5.823611,36.198056,25.45349405,22.47802026
Retin,5,2043,-5.823611,36.198056,10.17653636,22.42703326
Retin,5,2044,-5.823611,36.198056,4.486534845,21.44695927
Retin,5,2045,-5.823611,36.198056,12.19850608,22.17272831
Retin,5,2046,-5.823611,36.198056,18.77629352,22.70058495
Retin,5,2047,-5.823611,36.198056,6.933513668,22.04544245
Retin,5,2048,-5.823611,36.198056,10.04348477,21.43024056
Retin,5,2049,-5.823611,36.198056,2.495595056,23.45917024
Retin,5,2050,-5.823611,36.198056,7.440058557,23.08829503
Retin,5,2051,-5.823611,36.198056,9.23760733,23.28760435
Retin,5,2052,-5.823611,36.198056,1.663597476,23.96537023
Retin,5,2053,-5.823611,36.198056,26.8797383,23.6743861
Retin,5,2054,-5.823611,36.198056,32.08147581,22.80759435
Retin,5,2055,-5.823611,36.198056,1.314877832,21.91931526
Retin,5,2056,-5.823611,36.198056,13.78302338,22.28879158
Retin,5,2057,-5.823611,36.198056,12.70113736,21.84449699
Retin,5,2058,-5.823611,36.198056,28.4164724,23.0531506
Retin,5,2059,-5.823611,36.198056,5.397987299,23.80001516
Retin,5,2060,-5.823611,36.198056,30.06726337,22.46803412
Retin,5,2061,-5.823611,36.198056,2.344915784,22.82770051
Retin,5,2062,-5.823611,36.198056,17.44289359,22.19528966
Retin,5,2063,-5.823611,36.198056,2.265132404,22.46147678
Retin,5,2064,-5.823611,36.198056,18.38609178,24.02326896
Retin,5,2065,-5.823611,36.198056,6.380711941,22.30527895
Retin,5,2066,-5.823611,36.198056,2.607524588,20.92097995
Retin,5,2067,-5.823611,36.198056,2.853773732,23.36666063
Retin,5,2068,-5.823611,36.198056,23.57560945,21.54578306
Retin,5,2069,-5.823611,36.198056,0.797237176,24.30689048
Retin,5,2070,-5.823611,36.198056,2.367694534,23.54999449
Retin,5,2071,-5.823611,36.198056,9.671447229,23.31756671
Retin,5,2072,-5.823611,36.198056,58.54275454,20.49748555
Retin,5,2073,-5.823611,36.198056,3.95786808,23.74288822
Retin,5,2074,-5.823611,36.198056,9.943351806,22.3339704
Retin,5,2075,-5.823611,36.198056,35.67451757,23.12580015
Retin,5,2076,-5.823611,36.198056,11.11695754,25.24355173
Retin,5,2077,-5.823611,36.198056,9.73999306,22.62155525
Retin,5,2078,-5.823611,36.198056,74.01058103,20.24768047
Retin,5,2079,-5.823611,36.198056,1.958215792,24.32604075
Retin,5,2080,-5.823611,36.198056,73.16692071,21.74213808
Retin,5,2081,-5.823611,36.198056,3.254647402,23.83934641
Retin,5,2082,-5.823611,36.198056,24.41794111,22.64205519
Retin,5,2083,-5.823611,36.198056,0.441434816,24.14290082
Retin,5,2084,-5.823611,36.198056,40.49294653,21.82944198
Retin,5,2085,-5.823611,36.198056,3.731917391,22.82740616
Retin,5,2086,-5.823611,36.198056,7.902178152,22.98795225
Retin,5,2087,-5.823611,36.198056,1.842866564,24.38737124
Retin,5,2088,-5.823611,36.198056,7.133939795,24.86716663
Retin,5,2089,-5.823611,36.198056,15.89273349,23.8382842
Retin,5,2090,-5.823611,36.198056,32.44331281,22.95108013
Retin,5,2091,-5.823611,36.198056,1.335829986,22.39509317
Retin,5,2092,-5.823611,36.198056,7.922527324,23.19247909
Retin,5,2093,-5.823611,36.198056,19.58589788,23.29491183
Retin,5,2094,-5.823611,36.198056,3.242814603,22.58016948
Retin,5,2095,-5.823611,36.198056,1.889537123,23.62939827
Retin,5,2096,-5.823611,36.198056,2.38974993,22.37526954
Retin,5,2097,-5.823611,36.198056,1.41521282,22.30567273
Retin,5,2098,-5.823611,36.198056,17.24263104,22.04525343
Retin,5,2099,-5.823611,36.198056,10.13229326,26.01182192
Retin,5,2100,-5.823611,36.198056,64.39699616,20.17481138
Retin,6,2015,-5.823611,36.198056,2.386556439,24.38606771
Retin,6,2016,-5.823611,36.198056,9.5980811,24.36053162
Retin,6,2017,-5.823611,36.198056,9.896865135,23.55810445
Retin,6,2018,-5.823611,36.198056,0.005384207,24.37198486
Retin,6,2019,-5.823611,36.198056,3.09715182,25.01913147
Retin,6,2020,-5.823611,36.198056,0.786798349,24.91200562
Retin,6,2021,-5.823611,36.198056,0.649813957,25.18579203
Retin,6,2022,-5.823611,36.198056,6.370471806,26.2209788
Retin,6,2023,-5.823611,36.198056,16.31564055,24.65616455
Retin,6,2024,-5.823611,36.198056,0.16666305,25.73194784
Retin,6,2025,-5.823611,36.198056,2.668705696,23.40130107
Retin,6,2026,-5.823611,36.198056,10.05820931,26.11006673
Retin,6,2027,-5.823611,36.198056,0.681491397,24.00135396
Retin,6,2028,-5.823611,36.198056,10.87258337,24.42867432
Retin,6,2029,-5.823611,36.198056,3.777336083,23.52245076
Retin,6,2030,-5.823611,36.198056,16.56937016,24.77409159
Retin,6,2031,-5.823611,36.198056,3.312944161,27.2623586
Retin,6,2032,-5.823611,36.198056,2.251485762,27.15068156
Retin,6,2033,-5.823611,36.198056,1.968794211,25.09421794
Retin,6,2034,-5.823611,36.198056,2.242798987,24.75919698
Retin,6,2035,-5.823611,36.198056,13.71319831,24.08741353
Retin,6,2036,-5.823611,36.198056,1.192166871,24.85311381
Retin,6,2037,-5.823611,36.198056,20.03354741,25.2783193
Retin,6,2038,-5.823611,36.198056,10.67426616,24.14497375
Retin,6,2039,-5.823611,36.198056,3.388225964,27.44824422
Retin,6,2040,-5.823611,36.198056,3.784670204,24.17464498
Retin,6,2041,-5.823611,36.198056,2.536012331,24.837854
Retin,6,2042,-5.823611,36.198056,1.15569607,24.86572876
Retin,6,2043,-5.823611,36.198056,0.591163621,26.5739563
Retin,6,2044,-5.823611,36.198056,1.858234256,25.63618469
Retin,6,2045,-5.823611,36.198056,25.04882212,24.69551493
Retin,6,2046,-5.823611,36.198056,1.657897294,24.7845815
Retin,6,2047,-5.823611,36.198056,12.62374299,26.46273193
Retin,6,2048,-5.823611,36.198056,2.866077442,26.74478048
Retin,6,2049,-5.823611,36.198056,11.66634076,26.82177429
Retin,6,2050,-5.823611,36.198056,14.24349324,25.45560811
Retin,6,2051,-5.823611,36.198056,2.99360942,24.44995626
Retin,6,2052,-5.823611,36.198056,2.499148692,26.85981547
Retin,6,2053,-5.823611,36.198056,1.050788301,25.49899699
Retin,6,2054,-5.823611,36.198056,2.535739082,27.74797567
Retin,6,2055,-5.823611,36.198056,2.162180494,25.96574809
Retin,6,2056,-5.823611,36.198056,2.873819242,25.33465271
Retin,6,2057,-5.823611,36.198056,0.477220522,26.37729289
Retin,6,2058,-5.823611,36.198056,1.762015494,25.76585592
Retin,6,2059,-5.823611,36.198056,0.862666919,25.69827983
Retin,6,2060,-5.823611,36.198056,12.3898493,24.90838623
Retin,6,2061,-5.823611,36.198056,10.12239847,28.37172546
Retin,6,2062,-5.823611,36.198056,1.177279576,26.98676961
Retin,6,2063,-5.823611,36.198056,0.80680905,26.57501526
Retin,6,2064,-5.823611,36.198056,0.985338693,26.35435893
Retin,6,2065,-5.823611,36.198056,0.323042912,26.7728007
Retin,6,2066,-5.823611,36.198056,1.809514493,25.39113363
Retin,6,2067,-5.823611,36.198056,2.838857377,28.52485352
Retin,6,2068,-5.823611,36.198056,2.343033725,26.34004618
Retin,6,2069,-5.823611,36.198056,19.34872891,27.23269348
Retin,6,2070,-5.823611,36.198056,101.8890223,26.47226461
Retin,6,2071,-5.823611,36.198056,0.155060868,26.1340922
Retin,6,2072,-5.823611,36.198056,16.25763707,24.23524679
Retin,6,2073,-5.823611,36.198056,11.68917835,25.14749146
Retin,6,2074,-5.823611,36.198056,1.932863213,25.60352783
Retin,6,2075,-5.823611,36.198056,5.529626796,25.86636759
Retin,6,2076,-5.823611,36.198056,3.987541899,26.63648071
Retin,6,2077,-5.823611,36.198056,0.031820101,27.20309448
Retin,6,2078,-5.823611,36.198056,1.845044488,26.60203756
Retin,6,2079,-5.823611,36.198056,2.329185972,25.79715474
Retin,6,2080,-5.823611,36.198056,6.371713711,24.82960205
Retin,6,2081,-5.823611,36.198056,9.780865343,28.51313477
Retin,6,2082,-5.823611,36.198056,1.068479932,27.01133931
Retin,6,2083,-5.823611,36.198056,2.432357433,27.46293335
Retin,6,2084,-5.823611,36.198056,14.21004611,22.80892029
Retin,6,2085,-5.823611,36.198056,0.160112953,26.60691732
Retin,6,2086,-5.823611,36.198056,6.100316378,24.21611125
Retin,6,2087,-5.823611,36.198056,9.741535944,30.17606506
Retin,6,2088,-5.823611,36.198056,10.35299562,24.60228068
Retin,6,2089,-5.823611,36.198056,0.461550053,25.20075887
Retin,6,2090,-5.823611,36.198056,1.930289505,27.06762085
Retin,6,2091,-5.823611,36.198056,1.306863377,25.61158346
Retin,6,2092,-5.823611,36.198056,18.72567712,26.999941
Retin,6,2093,-5.823611,36.198056,0.041956355,27.05195211
Retin,6,2094,-5.823611,36.198056,2.970495257,25.30676778
Retin,6,2095,-5.823611,36.198056,3.697247038,26.52075907
Retin,6,2096,-5.823611,36.198056,0.899788851,25.57396342
Retin,6,2097,-5.823611,36.198056,2.18291277315316e-05,26.7915446
Retin,6,2098,-5.823611,36.198056,3.570880723,24.84163411
Retin,6,2099,-5.823611,36.198056,6.729827572,26.91000875
Retin,6,2100,-5.823611,36.198056,0.953795644,25.47911784
Retin,7,2015,-5.823611,36.198056,1.561747536,27.30535869
Retin,7,2016,-5.823611,36.198056,0.300975914,29.04582244
Retin,7,2017,-5.823611,36.198056,0.003360225,28.25381942
Retin,7,2018,-5.823611,36.198056,0.422734926,27.81874409
Retin,7,2019,-5.823611,36.198056,0.261756045,28.93285424
Retin,7,2020,-5.823611,36.198056,0.014459079,29.06964781
Retin,7,2021,-5.823611,36.198056,2.862450196,28.04847451
Retin,7,2022,-5.823611,36.198056,3.10218602190049e-06,28.87255643
Retin,7,2023,-5.823611,36.198056,0.052562574,28.53130296
Retin,7,2024,-5.823611,36.198056,0.004206734,28.4978744
Retin,7,2025,-5.823611,36.198056,3.258256772,27.15881919
Retin,7,2026,-5.823611,36.198056,20.99722829,27.91176955
Retin,7,2027,-5.823611,36.198056,0.715858753,28.08624149
Retin,7,2028,-5.823611,36.198056,2.245283699,29.06514794
Retin,7,2029,-5.823611,36.198056,3.963127158,27.17677041
Retin,7,2030,-5.823611,36.198056,1.782505645,26.3174722
Retin,7,2031,-5.823611,36.198056,1.315918314,30.06223696
Retin,7,2032,-5.823611,36.198056,1.00532654,27.819446
Retin,7,2033,-5.823611,36.198056,3.866217339,28.3154226
Retin,7,2034,-5.823611,36.198056,0.548774216,29.53201077
Retin,7,2035,-5.823611,36.198056,0.042736029,28.16351299
Retin,7,2036,-5.823611,36.198056,1.965926604,28.646432
Retin,7,2037,-5.823611,36.198056,7.69646655,28.78755021
Retin,7,2038,-5.823611,36.198056,0.228010329,27.67496397
Retin,7,2039,-5.823611,36.198056,1.505786631,30.20287771
Retin,7,2040,-5.823611,36.198056,1.046151871,29.62074309
Retin,7,2041,-5.823611,36.198056,6.257905659,29.2916307
Retin,7,2042,-5.823611,36.198056,1.896243293,29.47318076
Retin,7,2043,-5.823611,36.198056,0.646684667,29.14074786
Retin,7,2044,-5.823611,36.198056,1.41341341,29.42844002
Retin,7,2045,-5.823611,36.198056,2.19319597267979e-08,29.06248011
Retin,7,2046,-5.823611,36.198056,1.92595275,27.41701955
Retin,7,2047,-5.823611,36.198056,1.811398354,29.67680684
Retin,7,2048,-5.823611,36.198056,2.197463768,28.97865817
Retin,7,2049,-5.823611,36.198056,0.036317649,29.67583028
Retin,7,2050,-5.823611,36.198056,0.338770153,30.18029569
Retin,7,2051,-5.823611,36.198056,1.17728226,29.03941867
Retin,7,2052,-5.823611,36.198056,3.533192897,29.89242731
Retin,7,2053,-5.823611,36.198056,0.239338684,28.55137959
Retin,7,2054,-5.823611,36.198056,2.34338576,29.38482745
Retin,7,2055,-5.823611,36.198056,2.48874796,27.38972306
Retin,7,2056,-5.823611,36.198056,2.914455908,29.76984509
Retin,7,2057,-5.823611,36.198056,0.267023484,31.17085985
Retin,7,2058,-5.823611,36.198056,1.561756258,29.07820946
Retin,7,2059,-5.823611,36.198056,0.246327009,29.51910479
Retin,7,2060,-5.823611,36.198056,2.761913685,29.7221343
Retin,7,2061,-5.823611,36.198056,0.507983679,31.17371275
Retin,7,2062,-5.823611,36.198056,3.624390982,31.00408522
Retin,7,2063,-5.823611,36.198056,0.9298508,29.8944139
Retin,7,2064,-5.823611,36.198056,0.082728742,29.50707299
Retin,7,2065,-5.823611,36.198056,2.935411703,28.85308031
Retin,7,2066,-5.823611,36.198056,0.060002106,30.19459169
Retin,7,2067,-5.823611,36.198056,0.001369567,30.07023256
Retin,7,2068,-5.823611,36.198056,4.123628906,29.74612309
Retin,7,2069,-5.823611,36.198056,4.96668160276824e-08,30.6215336
Retin,7,2070,-5.823611,36.198056,6.775264131,30.45731162
Retin,7,2071,-5.823611,36.198056,2.903154937,29.47242471
Retin,7,2072,-5.823611,36.198056,3.181070461,28.86564174
Retin,7,2073,-5.823611,36.198056,0.564209412,28.86205346
Retin,7,2074,-5.823611,36.198056,0.577668828,28.96401269
Retin,7,2075,-5.823611,36.198056,2.849619471,29.84193253
Retin,7,2076,-5.823611,36.198056,3.321037803,29.70153198
Retin,7,2077,-5.823611,36.198056,0.02739368,29.50046938
Retin,7,2078,-5.823611,36.198056,2.650200549,30.212538
Retin,7,2079,-5.823611,36.198056,1.16921716,28.56331
Retin,7,2080,-5.823611,36.198056,1.626546522,28.78788393
Retin,7,2081,-5.823611,36.198056,2.254689604,30.83519011
Retin,7,2082,-5.823611,36.198056,0.84667919,29.73622062
Retin,7,2083,-5.823611,36.198056,0.119474761,31.21236671
Retin,7,2084,-5.823611,36.198056,0.585921681,29.52952211
Retin,7,2085,-5.823611,36.198056,1.086267095,30.8555414
Retin,7,2086,-5.823611,36.198056,1.204358928,29.43620133
Retin,7,2087,-5.823611,36.198056,0.611455304,30.59036727
Retin,7,2088,-5.823611,36.198056,1.49521957,29.05652426
Retin,7,2089,-5.823611,36.198056,2.872661596,29.06514105
Retin,7,2090,-5.823611,36.198056,3.90240611,29.21592053
Retin,7,2091,-5.823611,36.198056,1.573886328,29.89406935
Retin,7,2092,-5.823611,36.198056,0.334210053,29.5962611
Retin,7,2093,-5.823611,36.198056,3.698422452,28.91601247
Retin,7,2094,-5.823611,36.198056,3.77112590585564e-09,29.19517251
Retin,7,2095,-5.823611,36.198056,4.43500444,29.33953346
Retin,7,2096,-5.823611,36.198056,0.889466572,30.14954873
Retin,7,2097,-5.823611,36.198056,4.330065167,29.70525316
Retin,7,2098,-5.823611,36.198056,0.466175394,28.7864624
Retin,7,2099,-5.823611,36.198056,1.813428935,30.21615482
Retin,7,2100,-5.823611,36.198056,2.80315116127542e-10,29.5971658
Retin,8,2015,-5.823611,36.198056,3.47303549469564e-06,28.551101
Retin,8,2016,-5.823611,36.198056,1.759186315,29.38573313
Retin,8,2017,-5.823611,36.198056,6.154460831,27.82435047
Retin,8,2018,-5.823611,36.198056,1.228779111,29.60153671
Retin,8,2019,-5.823611,36.198056,13.67578731,29.23709973
Retin,8,2020,-5.823611,36.198056,0.403147122,29.72665878
Retin,8,2021,-5.823611,36.198056,2.210437437,28.3552441
Retin,8,2022,-5.823611,36.198056,1.784649608,28.87623134
Retin,8,2023,-5.823611,36.198056,6.770241081,30.29820379
Retin,8,2024,-5.823611,36.198056,0.438765823,28.64337828
Retin,8,2025,-5.823611,36.198056,1.520916046,29.2737789
Retin,8,2026,-5.823611,36.198056,2.186477559,28.35303207
Retin,8,2027,-5.823611,36.198056,0.946500532,30.49585827
Retin,8,2028,-5.823611,36.198056,17.70372238,30.63074301
Retin,8,2029,-5.823611,36.198056,0.175108554,29.26802585
Retin,8,2030,-5.823611,36.198056,0.888644243,28.20162846
Retin,8,2031,-5.823611,36.198056,16.95317665,28.18512632
Retin,8,2032,-5.823611,36.198056,2.584711337,29.49279667
Retin,8,2033,-5.823611,36.198056,0.000487383,30.12271886
Retin,8,2034,-5.823611,36.198056,0.677437619,30.2119749
Retin,8,2035,-5.823611,36.198056,1.131359477,28.55137172
Retin,8,2036,-5.823611,36.198056,3.988255524,28.55125555
Retin,8,2037,-5.823611,36.198056,1.406253627,29.58688532
Retin,8,2038,-5.823611,36.198056,0.000797247,31.23201511
Retin,8,2039,-5.823611,36.198056,3.259317126,29.86774745
Retin,8,2040,-5.823611,36.198056,0.016685926,28.4196864
Retin,8,2041,-5.823611,36.198056,20.91970275,29.12219514
Retin,8,2042,-5.823611,36.198056,10.67251027,29.72159286
Retin,8,2043,-5.823611,36.198056,1.861114827,28.70493814
Retin,8,2044,-5.823611,36.198056,0.410859368,30.70618837
Retin,8,2045,-5.823611,36.198056,0.851137877,30.47026092
Retin,8,2046,-5.823611,36.198056,10.30986317,31.08566658
Retin,8,2047,-5.823611,36.198056,0.120839661,30.39430463
Retin,8,2048,-5.823611,36.198056,4.12334074,28.77703247
Retin,8,2049,-5.823611,36.198056,0.933141305,31.40990108
Retin,8,2050,-5.823611,36.198056,9.866212031,30.43200861
Retin,8,2051,-5.823611,36.198056,0.005344592,29.83907963
Retin,8,2052,-5.823611,36.198056,0.394831026,29.27501634
Retin,8,2053,-5.823611,36.198056,2.820658325,30.04845384
Retin,8,2054,-5.823611,36.198056,1.835586461,29.9118739
Retin,8,2055,-5.823611,36.198056,0.160732609,29.50846597
Retin,8,2056,-5.823611,36.198056,1.02873497,30.345382
Retin,8,2057,-5.823611,36.198056,9.7742826,31.57753217
Retin,8,2058,-5.823611,36.198056,0.174790288,31.01437654
Retin,8,2059,-5.823611,36.198056,3.223459541,31.36671477
Retin,8,2060,-5.823611,36.198056,0.135995047,30.14187504
Retin,8,2061,-5.823611,36.198056,32.2309188,30.62401537
Retin,8,2062,-5.823611,36.198056,0.544191474,30.10677293
Retin,8,2063,-5.823611,36.198056,2.369114172,30.23998512
Retin,8,2064,-5.823611,36.198056,4.635285679,29.33186961
Retin,8,2065,-5.823611,36.198056,18.19684769,28.91905931
Retin,8,2066,-5.823611,36.198056,1.112916677,30.34428435
Retin,8,2067,-5.823611,36.198056,7.379736855,30.21752221
Retin,8,2068,-5.823611,36.198056,0.00067627,29.92086674
Retin,8,2069,-5.823611,36.198056,0.097930072,29.32589997
Retin,8,2070,-5.823611,36.198056,0.861294337,30.41027025
Retin,8,2071,-5.823611,36.198056,6.06782568,31.08341616
Retin,8,2072,-5.823611,36.198056,1.354183511,30.17617483
Retin,8,2073,-5.823611,36.198056,0.657512036,31.98067233
Retin,8,2074,-5.823611,36.198056,0.727288302,30.68335729
Retin,8,2075,-5.823611,36.198056,0.660206242,31.33692568
Retin,8,2076,-5.823611,36.198056,3.540732849,30.09061437
Retin,8,2077,-5.823611,36.198056,5.672721387,29.27150682
Retin,8,2078,-5.823611,36.198056,4.551252176,29.25032565
Retin,8,2079,-5.823611,36.198056,1.757922877,28.49946328
Retin,8,2080,-5.823611,36.198056,0.007059102,30.49201503
Retin,8,2081,-5.823611,36.198056,6.396196579,32.48975377
Retin,8,2082,-5.823611,36.198056,0.281998573,32.02711123
Retin,8,2083,-5.823611,36.198056,1.64652698,28.89130308
Retin,8,2084,-5.823611,36.198056,1.294419331,31.59779978
Retin,8,2085,-5.823611,36.198056,2.078010391,28.78585205
Retin,8,2086,-5.823611,36.198056,3.51178111127673e-08,31.19611954
Retin,8,2087,-5.823611,36.198056,1.580227121,30.2424974
Retin,8,2088,-5.823611,36.198056,0.734956697,28.73663212
Retin,8,2089,-5.823611,36.198056,2.332528043,29.70654376
Retin,8,2090,-5.823611,36.198056,1.073012085,30.09467616
Retin,8,2091,-5.823611,36.198056,2.739472792,28.58758525
Retin,8,2092,-5.823611,36.198056,0.511414649,31.60980205
Retin,8,2093,-5.823611,36.198056,0.843254918,32.53468352
Retin,8,2094,-5.823611,36.198056,1.68381717,28.89090045
Retin,8,2095,-5.823611,36.198056,0.540991553,28.8699644
Retin,8,2096,-5.823611,36.198056,12.67432415,30.17584701
Retin,8,2097,-5.823611,36.198056,0.324106244,31.33470872
Retin,8,2098,-5.823611,36.198056,0.856176191,28.51154529
Retin,8,2099,-5.823611,36.198056,5.560067766,31.40303266
Retin,8,2100,-5.823611,36.198056,3.044128092,30.17303152
Retin,9,2015,-5.823611,36.198056,10.50358309,28.05815226
Retin,9,2016,-5.823611,36.198056,26.83713103,26.73633728
Retin,9,2017,-5.823611,36.198056,1.711284884,26.88273824
Retin,9,2018,-5.823611,36.198056,10.01841356,27.42757568
Retin,9,2019,-5.823611,36.198056,2.353131653,27.68755798
Retin,9,2020,-5.823611,36.198056,23.12494871,27.1580658
Retin,9,2021,-5.823611,36.198056,1.766808753,27.32572123
Retin,9,2022,-5.823611,36.198056,0.260039378,28.14585673
Retin,9,2023,-5.823611,36.198056,2.702056107,29.16323446
Retin,9,2024,-5.823611,36.198056,5.43456314,26.77276001
Retin,9,2025,-5.823611,36.198056,22.72388048,26.54698079
Retin,9,2026,-5.823611,36.198056,0.956376322,26.85542704
Retin,9,2027,-5.823611,36.198056,0.86329343,28.86500448
Retin,9,2028,-5.823611,36.198056,18.58187262,27.57531128
Retin,9,2029,-5.823611,36.198056,0.953010762,26.50964559
Retin,9,2030,-5.823611,36.198056,0.023886566,27.21111247
Retin,9,2031,-5.823611,36.198056,16.23616518,28.69030558
Retin,9,2032,-5.823611,36.198056,5.041101373,28.02892456
Retin,9,2033,-5.823611,36.198056,58.5018923,27.43568726
Retin,9,2034,-5.823611,36.198056,36.63721529,28.55582072
Retin,9,2035,-5.823611,36.198056,1.422302108,28.35199788
Retin,9,2036,-5.823611,36.198056,0.765675035,28.34882406
Retin,9,2037,-5.823611,36.198056,1.053746723,29.0299174
Retin,9,2038,-5.823611,36.198056,0.243032199,28.51942647
Retin,9,2039,-5.823611,36.198056,5.980036633,26.67650146
Retin,9,2040,-5.823611,36.198056,0.335391012,28.35811157
Retin,9,2041,-5.823611,36.198056,16.70074666,27.24128316
Retin,9,2042,-5.823611,36.198056,4.838487169,26.3830424
Retin,9,2043,-5.823611,36.198056,5.305521673,27.64773661
Retin,9,2044,-5.823611,36.198056,16.60303597,27.86151632
Retin,9,2045,-5.823611,36.198056,3.191296062,27.89427389
Retin,9,2046,-5.823611,36.198056,0.158620518,29.52103373
Retin,9,2047,-5.823611,36.198056,0.665245033,27.87171224
Retin,9,2048,-5.823611,36.198056,0.06040994,29.83073324
Retin,9,2049,-5.823611,36.198056,0.258663591,28.01940613
Retin,9,2050,-5.823611,36.198056,0.347311123,28.71688538
Retin,9,2051,-5.823611,36.198056,14.14283486,27.87830098
Retin,9,2052,-5.823611,36.198056,4.072214731,27.96262716
Retin,9,2053,-5.823611,36.198056,0.070301558,28.7497345
Retin,9,2054,-5.823611,36.198056,1.151005713,29.15400899
Retin,9,2055,-5.823611,36.198056,9.246519955,28.29227702
Retin,9,2056,-5.823611,36.198056,23.14254787,28.46956278
Retin,9,2057,-5.823611,36.198056,7.197117033,29.42743123
Retin,9,2058,-5.823611,36.198056,3.229965698,28.6691274
Retin,9,2059,-5.823611,36.198056,2.699534962,26.83097839
Retin,9,2060,-5.823611,36.198056,0.666253435,28.80585938
Retin,9,2061,-5.823611,36.198056,4.412477856,28.74677429
Retin,9,2062,-5.823611,36.198056,0.013228681,28.63265889
Retin,9,2063,-5.823611,36.198056,5.474329306,29.27969564
Retin,9,2064,-5.823611,36.198056,5.182459996,27.79947815
Retin,9,2065,-5.823611,36.198056,11.71621178,27.10376282
Retin,9,2066,-5.823611,36.198056,0.130231643,29.36464844
Retin,9,2067,-5.823611,36.198056,0.872180963,26.90102743
Retin,9,2068,-5.823611,36.198056,13.72565911,25.71889852
Retin,9,2069,-5.823611,36.198056,0.54970469,28.7908488
Retin,9,2070,-5.823611,36.198056,6.559109528,28.5317922
Retin,9,2071,-5.823611,36.198056,15.65702983,27.92404073
Retin,9,2072,-5.823611,36.198056,25.94686679,27.78770142
Retin,9,2073,-5.823611,36.198056,0.55877053,29.4217509
Retin,9,2074,-5.823611,36.198056,0.015934858,29.28970642
Retin,9,2075,-5.823611,36.198056,2.219604624,29.65240173
Retin,9,2076,-5.823611,36.198056,3.142285844,28.72941589
Retin,9,2077,-5.823611,36.198056,0.564096926,28.87419128
Retin,9,2078,-5.823611,36.198056,6.285437732,27.99446513
Retin,9,2079,-5.823611,36.198056,2.335318485,28.98614197
Retin,9,2080,-5.823611,36.198056,3.158249251,28.21018372
Retin,9,2081,-5.823611,36.198056,0.600253569,29.11870829
Retin,9,2082,-5.823611,36.198056,41.9328138,29.24727783
Retin,9,2083,-5.823611,36.198056,0.00211228,30.5080485
Retin,9,2084,-5.823611,36.198056,0.763180533,28.66806335
Retin,9,2085,-5.823611,36.198056,8.151875646,28.40599264
Retin,9,2086,-5.823611,36.198056,0.80190383,29.69563904
Retin,9,2087,-5.823611,36.198056,0.128001043,28.42469889
Retin,9,2088,-5.823611,36.198056,1.753953226,28.52845154
Retin,9,2089,-5.823611,36.198056,6.174905283,28.89524434
Retin,9,2090,-5.823611,36.198056,17.60185327,29.99926249
Retin,9,2091,-5.823611,36.198056,0.454874758,29.41945496
Retin,9,2092,-5.823611,36.198056,6.348069239,28.28683065
Retin,9,2093,-5.823611,36.198056,0.369854332,28.98315531
Retin,9,2094,-5.823611,36.198056,7.17763833,27.94658508
Retin,9,2095,-5.823611,36.198056,3.53115833,27.14391785
Retin,9,2096,-5.823611,36.198056,0.047914816,29.57128499
Retin,9,2097,-5.823611,36.198056,0.93136086,28.2813741
Retin,9,2098,-5.823611,36.198056,7.250309688,27.51220907
Retin,9,2099,-5.823611,36.198056,0.678439443,28.73160502
Retin,9,2100,-5.823611,36.198056,11.17286103,29.33322754
SCarbDist,1,2015,-5.360555556,36.20638889,76.57260123,17.25153257
SCarbDist,1,2016,-5.360555556,36.20638889,3.614561159,16.50898575
SCarbDist,1,2017,-5.360555556,36.20638889,89.52406118,17.28918437
SCarbDist,1,2018,-5.360555556,36.20638889,104.1987704,16.68461638
SCarbDist,1,2019,-5.360555556,36.20638889,147.6005488,15.92342628
SCarbDist,1,2020,-5.360555556,36.20638889,39.04104478,16.92858572
SCarbDist,1,2021,-5.360555556,36.20638889,35.79884246,15.31246043
SCarbDist,1,2022,-5.360555556,36.20638889,55.78613545,17.18375599
SCarbDist,1,2023,-5.360555556,36.20638889,45.14623737,16.33959252
SCarbDist,1,2024,-5.360555556,36.20638889,82.40841153,17.48243251
SCarbDist,1,2025,-5.360555556,36.20638889,28.97296565,15.85975283
SCarbDist,1,2026,-5.360555556,36.20638889,52.0880877,16.41220172
SCarbDist,1,2027,-5.360555556,36.20638889,143.9015197,17.64272067
SCarbDist,1,2028,-5.360555556,36.20638889,6.4234016,15.72231445
SCarbDist,1,2029,-5.360555556,36.20638889,29.56063766,16.94173682
SCarbDist,1,2030,-5.360555556,36.20638889,3.413813901,15.1318003
SCarbDist,1,2031,-5.360555556,36.20638889,41.21420319,17.4766893
SCarbDist,1,2032,-5.360555556,36.20638889,23.281343,17.22043811
SCarbDist,1,2033,-5.360555556,36.20638889,92.665339,17.0908083
SCarbDist,1,2034,-5.360555556,36.20638889,46.14519721,17.46324679
SCarbDist,1,2035,-5.360555556,36.20638889,150.596329,18.29667496
SCarbDist,1,2036,-5.360555556,36.20638889,143.6419909,16.39873657
SCarbDist,1,2037,-5.360555556,36.20638889,35.21851011,16.86317867
SCarbDist,1,2038,-5.360555556,36.20638889,38.29437726,18.27298643
SCarbDist,1,2039,-5.360555556,36.20638889,33.415544,17.35922615
SCarbDist,1,2040,-5.360555556,36.20638889,94.97539795,15.39039838
SCarbDist,1,2041,-5.360555556,36.20638889,81.22581122,16.39800513
SCarbDist,1,2042,-5.360555556,36.20638889,33.05947142,16.82676037
SCarbDist,1,2043,-5.360555556,36.20638889,2.002999484,17.23554825
SCarbDist,1,2044,-5.360555556,36.20638889,21.08942535,16.31865057
SCarbDist,1,2045,-5.360555556,36.20638889,40.13337987,15.45559082
SCarbDist,1,2046,-5.360555556,36.20638889,64.83188797,18.53998964
SCarbDist,1,2047,-5.360555556,36.20638889,24.52039152,17.68543051
SCarbDist,1,2048,-5.360555556,36.20638889,150.228366,16.86245216
SCarbDist,1,2049,-5.360555556,36.20638889,21.63385684,15.72509943
SCarbDist,1,2050,-5.360555556,36.20638889,42.85229541,16.30973845
SCarbDist,1,2051,-5.360555556,36.20638889,143.6216509,17.24973007
SCarbDist,1,2052,-5.360555556,36.20638889,32.69153665,18.33091667
SCarbDist,1,2053,-5.360555556,36.20638889,72.25314373,17.11069592
SCarbDist,1,2054,-5.360555556,36.20638889,93.92443264,17.72262357
SCarbDist,1,2055,-5.360555556,36.20638889,51.95270932,16.50153553
SCarbDist,1,2056,-5.360555556,36.20638889,18.80968115,17.52319907
SCarbDist,1,2057,-5.360555556,36.20638889,26.25140585,17.50545851
SCarbDist,1,2058,-5.360555556,36.20638889,52.98701689,18.03965986
SCarbDist,1,2059,-5.360555556,36.20638889,155.7878138,18.49801321
SCarbDist,1,2060,-5.360555556,36.20638889,125.1715688,16.19454543
SCarbDist,1,2061,-5.360555556,36.20638889,188.9796364,17.77102641
SCarbDist,1,2062,-5.360555556,36.20638889,135.0491322,17.23545178
SCarbDist,1,2063,-5.360555556,36.20638889,80.66327273,17.71232831
SCarbDist,1,2064,-5.360555556,36.20638889,8.334388212,17.9284538
SCarbDist,1,2065,-5.360555556,36.20638889,78.01389723,15.70826455
SCarbDist,1,2066,-5.360555556,36.20638889,66.44533475,18.10857446
SCarbDist,1,2067,-5.360555556,36.20638889,102.4519093,15.63454295
SCarbDist,1,2068,-5.360555556,36.20638889,44.56169011,17.40460382
SCarbDist,1,2069,-5.360555556,36.20638889,12.98014512,17.03936748
SCarbDist,1,2070,-5.360555556,36.20638889,39.33567745,16.15997885
SCarbDist,1,2071,-5.360555556,36.20638889,12.78010306,17.69682145
SCarbDist,1,2072,-5.360555556,36.20638889,103.006606,17.16384966
SCarbDist,1,2073,-5.360555556,36.20638889,220.1454051,17.87522229
SCarbDist,1,2074,-5.360555556,36.20638889,34.8348747,17.14419044
SCarbDist,1,2075,-5.360555556,36.20638889,17.17090899,16.88550966
SCarbDist,1,2076,-5.360555556,36.20638889,24.09596854,16.22151115
SCarbDist,1,2077,-5.360555556,36.20638889,103.0009394,16.35221695
SCarbDist,1,2078,-5.360555556,36.20638889,117.9865649,18.47037806
SCarbDist,1,2079,-5.360555556,36.20638889,56.57907654,18.07597282
SCarbDist,1,2080,-5.360555556,36.20638889,93.20342934,18.68176644
SCarbDist,1,2081,-5.360555556,36.20638889,102.4475987,17.30760026
SCarbDist,1,2082,-5.360555556,36.20638889,7.066840859,16.29007529
SCarbDist,1,2083,-5.360555556,36.20638889,144.9775585,15.86531293
SCarbDist,1,2084,-5.360555556,36.20638889,128.7598211,19.21744739
SCarbDist,1,2085,-5.360555556,36.20638889,44.17767919,18.09788838
SCarbDist,1,2086,-5.360555556,36.20638889,157.7611052,16.32740518
SCarbDist,1,2087,-5.360555556,36.20638889,2.502083697,17.90641322
SCarbDist,1,2088,-5.360555556,36.20638889,166.1519459,16.55574459
SCarbDist,1,2089,-5.360555556,36.20638889,67.28029599,16.05651245
SCarbDist,1,2090,-5.360555556,36.20638889,7.068992244,19.20686961
SCarbDist,1,2091,-5.360555556,36.20638889,4.150940957,17.94765133
SCarbDist,1,2092,-5.360555556,36.20638889,10.86770331,17.81270161
SCarbDist,1,2093,-5.360555556,36.20638889,74.04307964,15.60251032
SCarbDist,1,2094,-5.360555556,36.20638889,18.98148953,18.84201719
SCarbDist,1,2095,-5.360555556,36.20638889,39.63717395,17.82999031
SCarbDist,1,2096,-5.360555556,36.20638889,45.63410659,17.34480414
SCarbDist,1,2097,-5.360555556,36.20638889,62.04702624,17.37046548
SCarbDist,1,2098,-5.360555556,36.20638889,56.58359685,15.3740951
SCarbDist,1,2099,-5.360555556,36.20638889,96.28368355,17.00945927
SCarbDist,1,2100,-5.360555556,36.20638889,37.5221465,17.91258663
SCarbDist,10,2015,-5.360555556,36.20638889,2.098624886,24.09055136
SCarbDist,10,2016,-5.360555556,36.20638889,21.57149793,22.40680896
SCarbDist,10,2017,-5.360555556,36.20638889,66.35566611,22.87604725
SCarbDist,10,2018,-5.360555556,36.20638889,57.32680469,22.62103744
SCarbDist,10,2019,-5.360555556,36.20638889,8.734254365,21.56045513
SCarbDist,10,2020,-5.360555556,36.20638889,5.548195937,22.73967699
SCarbDist,10,2021,-5.360555556,36.20638889,24.711444,23.84710969
SCarbDist,10,2022,-5.360555556,36.20638889,20.91010353,22.83739821
SCarbDist,10,2023,-5.360555556,36.20638889,74.83783798,22.61503926
SCarbDist,10,2024,-5.360555556,36.20638889,36.64517255,22.04966962
SCarbDist,10,2025,-5.360555556,36.20638889,51.57108171,22.61271697
SCarbDist,10,2026,-5.360555556,36.20638889,4.584870339,24.03941473
SCarbDist,10,2027,-5.360555556,36.20638889,3.440305268,25.81968915
SCarbDist,10,2028,-5.360555556,36.20638889,35.49869364,22.90502418
SCarbDist,10,2029,-5.360555556,36.20638889,42.71932302,22.0083252
SCarbDist,10,2030,-5.360555556,36.20638889,11.8306583,23.02404569
SCarbDist,10,2031,-5.360555556,36.20638889,8.72727078,23.59052675
SCarbDist,10,2032,-5.360555556,36.20638889,19.56567059,23.95118644
SCarbDist,10,2033,-5.360555556,36.20638889,18.86797766,23.75556975
SCarbDist,10,2034,-5.360555556,36.20638889,31.35968285,21.75923875
SCarbDist,10,2035,-5.360555556,36.20638889,83.47746787,23.97686453
SCarbDist,10,2036,-5.360555556,36.20638889,9.917358278,23.04331015
SCarbDist,10,2037,-5.360555556,36.20638889,1.787402267,24.2775749
SCarbDist,10,2038,-5.360555556,36.20638889,23.43619219,24.1983995
SCarbDist,10,2039,-5.360555556,36.20638889,35.79511708,22.58302829
SCarbDist,10,2040,-5.360555556,36.20638889,8.686045694,22.84906675
SCarbDist,10,2041,-5.360555556,36.20638889,12.95704569,23.24811264
SCarbDist,10,2042,-5.360555556,36.20638889,61.34189913,22.22720022
SCarbDist,10,2043,-5.360555556,36.20638889,1.078221941,23.83255281
SCarbDist,10,2044,-5.360555556,36.20638889,18.04515298,24.62452334
SCarbDist,10,2045,-5.360555556,36.20638889,12.92145204,23.87729551
SCarbDist,10,2046,-5.360555556,36.20638889,2.694324462,25.75140755
SCarbDist,10,2047,-5.360555556,36.20638889,26.37771606,22.70786684
SCarbDist,10,2048,-5.360555556,36.20638889,36.47868245,24.79690335
SCarbDist,10,2049,-5.360555556,36.20638889,18.11357585,23.95372728
SCarbDist,10,2050,-5.360555556,36.20638889,18.60143545,25.00646756
SCarbDist,10,2051,-5.360555556,36.20638889,18.94520196,23.87506871
SCarbDist,10,2052,-5.360555556,36.20638889,52.09264254,22.63547816
SCarbDist,10,2053,-5.360555556,36.20638889,17.29631209,24.47300454
SCarbDist,10,2054,-5.360555556,36.20638889,53.01547483,24.06869389
SCarbDist,10,2055,-5.360555556,36.20638889,38.85067367,23.68111375
SCarbDist,10,2056,-5.360555556,36.20638889,1.410109527,23.98612415
SCarbDist,10,2057,-5.360555556,36.20638889,7.806596256,23.51948577
SCarbDist,10,2058,-5.360555556,36.20638889,32.95765327,24.17007033
SCarbDist,10,2059,-5.360555556,36.20638889,1.028029124,24.11337261
SCarbDist,10,2060,-5.360555556,36.20638889,6.086249891,22.59317194
SCarbDist,10,2061,-5.360555556,36.20638889,35.87948882,23.1451483
SCarbDist,10,2062,-5.360555556,36.20638889,28.86146952,24.67742703
SCarbDist,10,2063,-5.360555556,36.20638889,5.089138482,25.28666815
SCarbDist,10,2064,-5.360555556,36.20638889,10.98498401,23.34114006
SCarbDist,10,2065,-5.360555556,36.20638889,26.14922769,23.7887778
SCarbDist,10,2066,-5.360555556,36.20638889,24.50100531,23.75871799
SCarbDist,10,2067,-5.360555556,36.20638889,0.661599962,25.78903769
SCarbDist,10,2068,-5.360555556,36.20638889,6.994050226,24.52382813
SCarbDist,10,2069,-5.360555556,36.20638889,25.42713642,24.12234379
SCarbDist,10,2070,-5.360555556,36.20638889,6.528700165,25.72288444
SCarbDist,10,2071,-5.360555556,36.20638889,46.92062398,23.19612151
SCarbDist,10,2072,-5.360555556,36.20638889,2.212543481,24.26335961
SCarbDist,10,2073,-5.360555556,36.20638889,9.12642691,25.22292087
SCarbDist,10,2074,-5.360555556,36.20638889,35.44417076,25.36332831
SCarbDist,10,2075,-5.360555556,36.20638889,34.07396746,24.07851661
SCarbDist,10,2076,-5.360555556,36.20638889,23.2583379,24.70049537
SCarbDist,10,2077,-5.360555556,36.20638889,2.14081078,26.12992298
SCarbDist,10,2078,-5.360555556,36.20638889,8.660297604,23.97558673
SCarbDist,10,2079,-5.360555556,36.20638889,47.05463999,24.7290864
SCarbDist,10,2080,-5.360555556,36.20638889,15.52828961,25.47487202
SCarbDist,10,2081,-5.360555556,36.20638889,1.390134629,24.22454519
SCarbDist,10,2082,-5.360555556,36.20638889,47.54369266,23.27587871
SCarbDist,10,2083,-5.360555556,36.20638889,12.81586098,26.14986671
SCarbDist,10,2084,-5.360555556,36.20638889,22.14663953,23.57395669
SCarbDist,10,2085,-5.360555556,36.20638889,16.16238506,23.8873358
SCarbDist,10,2086,-5.360555556,36.20638889,28.29956757,23.40925135
SCarbDist,10,2087,-5.360555556,36.20638889,11.48940165,24.11007966
SCarbDist,10,2088,-5.360555556,36.20638889,17.85704225,25.2555924
SCarbDist,10,2089,-5.360555556,36.20638889,0.134828836,25.44586162
SCarbDist,10,2090,-5.360555556,36.20638889,7.808895884,23.73211946
SCarbDist,10,2091,-5.360555556,36.20638889,31.60901068,24.09294946
SCarbDist,10,2092,-5.360555556,36.20638889,1.344760238,24.26247263
SCarbDist,10,2093,-5.360555556,36.20638889,2.309835789,24.57171217
SCarbDist,10,2094,-5.360555556,36.20638889,18.9742488,21.64537078
SCarbDist,10,2095,-5.360555556,36.20638889,7.57551019,24.47414157
SCarbDist,10,2096,-5.360555556,36.20638889,0.899398544,25.61462383
SCarbDist,10,2097,-5.360555556,36.20638889,4.758642858,24.33969097
SCarbDist,10,2098,-5.360555556,36.20638889,0.07095748,22.90077337
SCarbDist,10,2099,-5.360555556,36.20638889,15.16759777,22.7909918
SCarbDist,10,2100,-5.360555556,36.20638889,5.470867054,24.79553203
SCarbDist,11,2015,-5.360555556,36.20638889,14.86424606,19.77042033
SCarbDist,11,2016,-5.360555556,36.20638889,101.7871273,19.4322937
SCarbDist,11,2017,-5.360555556,36.20638889,95.64438344,20.28737386
SCarbDist,11,2018,-5.360555556,36.20638889,30.28487784,19.98256429
SCarbDist,11,2019,-5.360555556,36.20638889,32.77707789,17.68028158
SCarbDist,11,2020,-5.360555556,36.20638889,29.68645361,20.76786906
SCarbDist,11,2021,-5.360555556,36.20638889,6.951308884,20.53946431
SCarbDist,11,2022,-5.360555556,36.20638889,35.48829725,18.9813385
SCarbDist,11,2023,-5.360555556,36.20638889,82.23034655,17.73959554
SCarbDist,11,2024,-5.360555556,36.20638889,8.875324309,18.31747538
SCarbDist,11,2025,-5.360555556,36.20638889,79.86324433,20.00676066
SCarbDist,11,2026,-5.360555556,36.20638889,29.04387112,20.1388682
SCarbDist,11,2027,-5.360555556,36.20638889,37.90569744,19.50891317
SCarbDist,11,2028,-5.360555556,36.20638889,66.08352156,18.25063273
SCarbDist,11,2029,-5.360555556,36.20638889,13.89665404,21.67103068
SCarbDist,11,2030,-5.360555556,36.20638889,13.45958843,19.17119853
SCarbDist,11,2031,-5.360555556,36.20638889,8.758510764,19.15321554
SCarbDist,11,2032,-5.360555556,36.20638889,109.7762825,19.90732727
SCarbDist,11,2033,-5.360555556,36.20638889,6.760043686,19.82070109
SCarbDist,11,2034,-5.360555556,36.20638889,21.65667304,18.57483927
SCarbDist,11,2035,-5.360555556,36.20638889,77.62677067,18.89415487
SCarbDist,11,2036,-5.360555556,36.20638889,40.22463864,19.95669454
SCarbDist,11,2037,-5.360555556,36.20638889,12.17507855,18.53497009
SCarbDist,11,2038,-5.360555556,36.20638889,79.88536745,20.66576843
SCarbDist,11,2039,-5.360555556,36.20638889,6.165758363,20.46057434
SCarbDist,11,2040,-5.360555556,36.20638889,70.74308132,21.15758057
SCarbDist,11,2041,-5.360555556,36.20638889,213.1394264,19.6525177
SCarbDist,11,2042,-5.360555556,36.20638889,1.589781725,19.88500366
SCarbDist,11,2043,-5.360555556,36.20638889,27.06375809,18.32193807
SCarbDist,11,2044,-5.360555556,36.20638889,11.85274502,19.48823039
SCarbDist,11,2045,-5.360555556,36.20638889,108.047772,20.26787313
SCarbDist,11,2046,-5.360555556,36.20638889,37.15711443,20.68721619
SCarbDist,11,2047,-5.360555556,36.20638889,74.11156136,17.71591492
SCarbDist,11,2048,-5.360555556,36.20638889,50.24056971,19.85657349
SCarbDist,11,2049,-5.360555556,36.20638889,24.93994833,20.45651652
SCarbDist,11,2050,-5.360555556,36.20638889,102.4317967,19.83886515
SCarbDist,11,2051,-5.360555556,36.20638889,5.692158373,21.13688354
SCarbDist,11,2052,-5.360555556,36.20638889,9.091169039,21.21131592
SCarbDist,11,2053,-5.360555556,36.20638889,0.096778091,20.95170898
SCarbDist,11,2054,-5.360555556,36.20638889,15.20295855,20.07376099
SCarbDist,11,2055,-5.360555556,36.20638889,12.68359382,19.55184224
SCarbDist,11,2056,-5.360555556,36.20638889,119.687389,19.63467
SCarbDist,11,2057,-5.360555556,36.20638889,72.86378077,20.06214701
SCarbDist,11,2058,-5.360555556,36.20638889,8.866797709,21.44128927
SCarbDist,11,2059,-5.360555556,36.20638889,13.42978676,19.73961995
SCarbDist,11,2060,-5.360555556,36.20638889,12.20127736,18.11060791
SCarbDist,11,2061,-5.360555556,36.20638889,80.85857464,20.17513224
SCarbDist,11,2062,-5.360555556,36.20638889,14.69619799,21.63190715
SCarbDist,11,2063,-5.360555556,36.20638889,2.477587991,20.17040812
SCarbDist,11,2064,-5.360555556,36.20638889,39.05069803,19.54102987
SCarbDist,11,2065,-5.360555556,36.20638889,24.75055492,18.83398743
SCarbDist,11,2066,-5.360555556,36.20638889,52.85313648,19.05762126
SCarbDist,11,2067,-5.360555556,36.20638889,19.90846266,18.46661377
SCarbDist,11,2068,-5.360555556,36.20638889,63.23566786,20.14367879
SCarbDist,11,2069,-5.360555556,36.20638889,78.02835193,20.1725179
SCarbDist,11,2070,-5.360555556,36.20638889,58.52411809,20.63167013
SCarbDist,11,2071,-5.360555556,36.20638889,58.77093048,20.8425649
SCarbDist,11,2072,-5.360555556,36.20638889,45.86046145,21.10908203
SCarbDist,11,2073,-5.360555556,36.20638889,20.96615113,21.33433329
SCarbDist,11,2074,-5.360555556,36.20638889,120.7004002,20.97707825
SCarbDist,11,2075,-5.360555556,36.20638889,59.7215176,20.53737183
SCarbDist,11,2076,-5.360555556,36.20638889,68.0727301,21.49441121
SCarbDist,11,2077,-5.360555556,36.20638889,38.65616068,20.95514018
SCarbDist,11,2078,-5.360555556,36.20638889,24.50763159,19.85910136
SCarbDist,11,2079,-5.360555556,36.20638889,58.26584407,21.31007894
SCarbDist,11,2080,-5.360555556,36.20638889,63.10332607,20.96224772
SCarbDist,11,2081,-5.360555556,36.20638889,3.945457983,19.24268697
SCarbDist,11,2082,-5.360555556,36.20638889,14.10011006,20.31559448
SCarbDist,11,2083,-5.360555556,36.20638889,143.2699781,21.24202983
SCarbDist,11,2084,-5.360555556,36.20638889,10.19084769,20.46029867
SCarbDist,11,2085,-5.360555556,36.20638889,20.54938354,19.88868917
SCarbDist,11,2086,-5.360555556,36.20638889,26.79706899,19.23114522
SCarbDist,11,2087,-5.360555556,36.20638889,1.464352814,20.64314779
SCarbDist,11,2088,-5.360555556,36.20638889,39.07878481,19.45205282
SCarbDist,11,2089,-5.360555556,36.20638889,14.94246987,21.33349915
SCarbDist,11,2090,-5.360555556,36.20638889,25.11852033,22.35602926
SCarbDist,11,2091,-5.360555556,36.20638889,40.30769545,18.65000203
SCarbDist,11,2092,-5.360555556,36.20638889,12.26526159,19.92464396
SCarbDist,11,2093,-5.360555556,36.20638889,103.2738832,21.26404521
SCarbDist,11,2094,-5.360555556,36.20638889,8.384240862,21.44437358
SCarbDist,11,2095,-5.360555556,36.20638889,44.74770657,20.49407145
SCarbDist,11,2096,-5.360555556,36.20638889,0.355242563,20.26130269
SCarbDist,11,2097,-5.360555556,36.20638889,58.05557876,19.54697367
SCarbDist,11,2098,-5.360555556,36.20638889,56.86585935,19.7050649
SCarbDist,11,2099,-5.360555556,36.20638889,45.2197526,20.83935547
SCarbDist,11,2100,-5.360555556,36.20638889,67.88898791,19.64582926
SCarbDist,12,2015,-5.360555556,36.20638889,125.4669033,17.36177979
SCarbDist,12,2016,-5.360555556,36.20638889,15.94428391,17.39975281
SCarbDist,12,2017,-5.360555556,36.20638889,25.35877718,18.54032534
SCarbDist,12,2018,-5.360555556,36.20638889,43.20242657,17.39112785
SCarbDist,12,2019,-5.360555556,36.20638889,59.06331358,16.23550888
SCarbDist,12,2020,-5.360555556,36.20638889,24.03033175,17.15133899
SCarbDist,12,2021,-5.360555556,36.20638889,51.84717548,19.33011927
SCarbDist,12,2022,-5.360555556,36.20638889,230.0734209,17.12519177
SCarbDist,12,2023,-5.360555556,36.20638889,142.6981041,17.04553695
SCarbDist,12,2024,-5.360555556,36.20638889,15.77311867,16.21632792
SCarbDist,12,2025,-5.360555556,36.20638889,23.87713469,16.2080716
SCarbDist,12,2026,-5.360555556,36.20638889,66.48478628,17.98244826
SCarbDist,12,2027,-5.360555556,36.20638889,35.18520127,16.0419851
SCarbDist,12,2028,-5.360555556,36.20638889,70.2797137,19.22625936
SCarbDist,12,2029,-5.360555556,36.20638889,164.1604792,17.65243904
SCarbDist,12,2030,-5.360555556,36.20638889,36.46965576,18.22530009
SCarbDist,12,2031,-5.360555556,36.20638889,64.60127762,18.16577326
SCarbDist,12,2032,-5.360555556,36.20638889,137.0196488,16.93303324
SCarbDist,12,2033,-5.360555556,36.20638889,101.6319039,18.21033876
SCarbDist,12,2034,-5.360555556,36.20638889,68.12307488,17.28669768
SCarbDist,12,2035,-5.360555556,36.20638889,14.95601807,17.05718974
SCarbDist,12,2036,-5.360555556,36.20638889,71.42940139,16.7392039
SCarbDist,12,2037,-5.360555556,36.20638889,72.42587374,17.48691367
SCarbDist,12,2038,-5.360555556,36.20638889,16.87153873,17.42442844
SCarbDist,12,2039,-5.360555556,36.20638889,4.220219963,18.05927872
SCarbDist,12,2040,-5.360555556,36.20638889,2.817611365,17.71951946
SCarbDist,12,2041,-5.360555556,36.20638889,85.33155346,16.0889044
SCarbDist,12,2042,-5.360555556,36.20638889,80.95957361,16.80985068
SCarbDist,12,2043,-5.360555556,36.20638889,7.027915023,16.99571356
SCarbDist,12,2044,-5.360555556,36.20638889,44.17570499,16.32581787
SCarbDist,12,2045,-5.360555556,36.20638889,98.87380747,18.35423505
SCarbDist,12,2046,-5.360555556,36.20638889,38.78706826,19.76001252
SCarbDist,12,2047,-5.360555556,36.20638889,36.55624978,18.52565032
SCarbDist,12,2048,-5.360555556,36.20638889,104.6490111,18.72230733
SCarbDist,12,2049,-5.360555556,36.20638889,119.9071394,19.05129198
SCarbDist,12,2050,-5.360555556,36.20638889,84.23012744,17.19179077
SCarbDist,12,2051,-5.360555556,36.20638889,24.63951251,18.77994247
SCarbDist,12,2052,-5.360555556,36.20638889,10.40492055,18.30295003
SCarbDist,12,2053,-5.360555556,36.20638889,44.48902687,19.98914145
SCarbDist,12,2054,-5.360555556,36.20638889,35.69842031,18.25737915
SCarbDist,12,2055,-5.360555556,36.20638889,4.746149096,18.2897711
SCarbDist,12,2056,-5.360555556,36.20638889,141.1553379,19.50075582
SCarbDist,12,2057,-5.360555556,36.20638889,105.246088,18.56211292
SCarbDist,12,2058,-5.360555556,36.20638889,59.63477838,18.82890251
SCarbDist,12,2059,-5.360555556,36.20638889,8.32142789,17.82396752
SCarbDist,12,2060,-5.360555556,36.20638889,48.81089386,17.69124651
SCarbDist,12,2061,-5.360555556,36.20638889,208.2902406,18.37147748
SCarbDist,12,2062,-5.360555556,36.20638889,20.31904108,19.29773225
SCarbDist,12,2063,-5.360555556,36.20638889,59.941848,18.82395079
SCarbDist,12,2064,-5.360555556,36.20638889,8.460559078,17.14226888
SCarbDist,12,2065,-5.360555556,36.20638889,133.0830381,18.25824841
SCarbDist,12,2066,-5.360555556,36.20638889,12.10478622,17.40760931
SCarbDist,12,2067,-5.360555556,36.20638889,92.18139693,17.41563445
SCarbDist,12,2068,-5.360555556,36.20638889,2.866585322,17.07944031
SCarbDist,12,2069,-5.360555556,36.20638889,20.13118589,17.37741758
SCarbDist,12,2070,-5.360555556,36.20638889,180.2898897,18.15870158
SCarbDist,12,2071,-5.360555556,36.20638889,1.102487244,16.62657786
SCarbDist,12,2072,-5.360555556,36.20638889,75.20978737,17.96652527
SCarbDist,12,2073,-5.360555556,36.20638889,41.26118903,17.33393299
SCarbDist,12,2074,-5.360555556,36.20638889,138.7164613,18.4096599
SCarbDist,12,2075,-5.360555556,36.20638889,290.9707942,19.67408979
SCarbDist,12,2076,-5.360555556,36.20638889,53.10864224,17.78769124
SCarbDist,12,2077,-5.360555556,36.20638889,55.06204572,16.52959792
SCarbDist,12,2078,-5.360555556,36.20638889,144.2720506,17.71035058
SCarbDist,12,2079,-5.360555556,36.20638889,41.95226485,18.42978279
SCarbDist,12,2080,-5.360555556,36.20638889,44.46033618,17.23056157
SCarbDist,12,2081,-5.360555556,36.20638889,41.03666915,19.58733914
SCarbDist,12,2082,-5.360555556,36.20638889,11.14821291,18.18766125
SCarbDist,12,2083,-5.360555556,36.20638889,174.5798528,18.2042067
SCarbDist,12,2084,-5.360555556,36.20638889,43.19166081,18.89568583
SCarbDist,12,2085,-5.360555556,36.20638889,46.84619234,17.52136703
SCarbDist,12,2086,-5.360555556,36.20638889,26.75757313,18.67920887
SCarbDist,12,2087,-5.360555556,36.20638889,48.1178122,18.07198486
SCarbDist,12,2088,-5.360555556,36.20638889,35.88146557,17.1398468
SCarbDist,12,2089,-5.360555556,36.20638889,42.13693559,17.85888258
SCarbDist,12,2090,-5.360555556,36.20638889,77.06383491,18.12321879
SCarbDist,12,2091,-5.360555556,36.20638889,38.69237085,18.36048131
SCarbDist,12,2092,-5.360555556,36.20638889,99.68320071,17.63884989
SCarbDist,12,2093,-5.360555556,36.20638889,92.29826941,19.113917
SCarbDist,12,2094,-5.360555556,36.20638889,212.7423584,17.92049462
SCarbDist,12,2095,-5.360555556,36.20638889,1.624673746,19.90914504
SCarbDist,12,2096,-5.360555556,36.20638889,85.65398673,18.17029114
SCarbDist,12,2097,-5.360555556,36.20638889,87.3431583,18.00978709
SCarbDist,12,2098,-5.360555556,36.20638889,40.15425276,19.60584362
SCarbDist,12,2099,-5.360555556,36.20638889,19.68704772,19.05018547
SCarbDist,12,2100,-5.360555556,36.20638889,11.22051359,18.46367086
SCarbDist,2,2015,-5.360555556,36.20638889,39.1677054,17.6867375
SCarbDist,2,2016,-5.360555556,36.20638889,26.15230688,17.84619477
SCarbDist,2,2017,-5.360555556,36.20638889,153.3394981,16.64302979
SCarbDist,2,2018,-5.360555556,36.20638889,83.67854333,17.85629316
SCarbDist,2,2019,-5.360555556,36.20638889,171.1851887,16.12071599
SCarbDist,2,2020,-5.360555556,36.20638889,113.7160045,16.39262148
SCarbDist,2,2021,-5.360555556,36.20638889,4.288327495,18.33633793
SCarbDist,2,2022,-5.360555556,36.20638889,102.9832394,18.1548063
SCarbDist,2,2023,-5.360555556,36.20638889,53.9871156,16.83173305
SCarbDist,2,2024,-5.360555556,36.20638889,89.39986211,17.05681342
SCarbDist,2,2025,-5.360555556,36.20638889,47.1672305,15.73068608
SCarbDist,2,2026,-5.360555556,36.20638889,40.36546812,15.17344382
SCarbDist,2,2027,-5.360555556,36.20638889,17.6314392,19.34157388
SCarbDist,2,2028,-5.360555556,36.20638889,136.8278407,15.33901262
SCarbDist,2,2029,-5.360555556,36.20638889,19.53896298,16.99483534
SCarbDist,2,2030,-5.360555556,36.20638889,123.1212021,18.25028817
SCarbDist,2,2031,-5.360555556,36.20638889,6.282754707,16.06341705
SCarbDist,2,2032,-5.360555556,36.20638889,9.146862671,17.17678538
SCarbDist,2,2033,-5.360555556,36.20638889,163.9046084,16.8569155
SCarbDist,2,2034,-5.360555556,36.20638889,10.85776103,17.92409886
SCarbDist,2,2035,-5.360555556,36.20638889,49.92935937,16.9599265
SCarbDist,2,2036,-5.360555556,36.20638889,17.53203426,18.09540026
SCarbDist,2,2037,-5.360555556,36.20638889,15.02958523,18.58859624
SCarbDist,2,2038,-5.360555556,36.20638889,70.38232626,17.90709621
SCarbDist,2,2039,-5.360555556,36.20638889,16.76097288,16.35090681
SCarbDist,2,2040,-5.360555556,36.20638889,31.77385708,16.7107746
SCarbDist,2,2041,-5.360555556,36.20638889,1.38101657,17.45574668
SCarbDist,2,2042,-5.360555556,36.20638889,42.055653,18.70341208
SCarbDist,2,2043,-5.360555556,36.20638889,192.1187926,17.40161939
SCarbDist,2,2044,-5.360555556,36.20638889,16.96397185,16.65778556
SCarbDist,2,2045,-5.360555556,36.20638889,37.442414,16.70508728
SCarbDist,2,2046,-5.360555556,36.20638889,26.67624197,17.57283064
SCarbDist,2,2047,-5.360555556,36.20638889,34.39776408,17.50836116
SCarbDist,2,2048,-5.360555556,36.20638889,54.44159206,17.91879083
SCarbDist,2,2049,-5.360555556,36.20638889,10.83054252,18.09231502
SCarbDist,2,2050,-5.360555556,36.20638889,17.05766403,17.56959795
SCarbDist,2,2051,-5.360555556,36.20638889,2.35735214,17.26856493
SCarbDist,2,2052,-5.360555556,36.20638889,73.60781398,16.93456631
SCarbDist,2,2053,-5.360555556,36.20638889,23.11621077,18.22410845
SCarbDist,2,2054,-5.360555556,36.20638889,20.80148642,17.72106214
SCarbDist,2,2055,-5.360555556,36.20638889,20.3123114,16.33171997
SCarbDist,2,2056,-5.360555556,36.20638889,144.248085,17.51976297
SCarbDist,2,2057,-5.360555556,36.20638889,27.91156163,18.79403076
SCarbDist,2,2058,-5.360555556,36.20638889,25.44172045,18.70491071
SCarbDist,2,2059,-5.360555556,36.20638889,77.11679302,17.60602613
SCarbDist,2,2060,-5.360555556,36.20638889,17.85770555,18.66655252
SCarbDist,2,2061,-5.360555556,36.20638889,98.01952091,17.05127542
SCarbDist,2,2062,-5.360555556,36.20638889,112.0581965,18.86190513
SCarbDist,2,2063,-5.360555556,36.20638889,64.87610623,18.02471749
SCarbDist,2,2064,-5.360555556,36.20638889,37.17307406,17.31857426
SCarbDist,2,2065,-5.360555556,36.20638889,19.27408568,17.24851379
SCarbDist,2,2066,-5.360555556,36.20638889,40.06174662,16.60227792
SCarbDist,2,2067,-5.360555556,36.20638889,6.28035156,17.70655757
SCarbDist,2,2068,-5.360555556,36.20638889,45.44902752,16.36643319
SCarbDist,2,2069,-5.360555556,36.20638889,159.7111211,16.98304792
SCarbDist,2,2070,-5.360555556,36.20638889,21.21882543,17.2842586
SCarbDist,2,2071,-5.360555556,36.20638889,6.328401614,17.754359
SCarbDist,2,2072,-5.360555556,36.20638889,84.11636764,18.27751865
SCarbDist,2,2073,-5.360555556,36.20638889,30.5002421,18.61450784
SCarbDist,2,2074,-5.360555556,36.20638889,6.58731494,17.72890843
SCarbDist,2,2075,-5.360555556,36.20638889,45.85257578,18.59562182
SCarbDist,2,2076,-5.360555556,36.20638889,46.13445616,16.974819
SCarbDist,2,2077,-5.360555556,36.20638889,3.354638542,16.25440914
SCarbDist,2,2078,-5.360555556,36.20638889,35.25808534,18.97421199
SCarbDist,2,2079,-5.360555556,36.20638889,32.02912438,17.32339085
SCarbDist,2,2080,-5.360555556,36.20638889,79.88503507,18.65727202
SCarbDist,2,2081,-5.360555556,36.20638889,5.153713215,18.37661351
SCarbDist,2,2082,-5.360555556,36.20638889,11.76572385,18.46550576
SCarbDist,2,2083,-5.360555556,36.20638889,32.59404067,17.06077074
SCarbDist,2,2084,-5.360555556,36.20638889,41.90227793,18.55545696
SCarbDist,2,2085,-5.360555556,36.20638889,20.01732562,16.88190068
SCarbDist,2,2086,-5.360555556,36.20638889,10.60600939,17.37034215
SCarbDist,2,2087,-5.360555556,36.20638889,52.98231871,17.45990579
SCarbDist,2,2088,-5.360555556,36.20638889,11.18582462,19.37146543
SCarbDist,2,2089,-5.360555556,36.20638889,92.75557433,18.34182129
SCarbDist,2,2090,-5.360555556,36.20638889,3.271739631,17.19642247
SCarbDist,2,2091,-5.360555556,36.20638889,41.57245774,17.61109096
SCarbDist,2,2092,-5.360555556,36.20638889,70.92446059,18.19441613
SCarbDist,2,2093,-5.360555556,36.20638889,66.90757339,17.22100983
SCarbDist,2,2094,-5.360555556,36.20638889,25.13339598,18.09181693
SCarbDist,2,2095,-5.360555556,36.20638889,15.82109495,17.30267269
SCarbDist,2,2096,-5.360555556,36.20638889,45.26817541,18.81247601
SCarbDist,2,2097,-5.360555556,36.20638889,5.458182743,17.44235491
SCarbDist,2,2098,-5.360555556,36.20638889,53.09012353,17.71682347
SCarbDist,2,2099,-5.360555556,36.20638889,78.80124384,16.06647535
SCarbDist,2,2100,-5.360555556,36.20638889,158.439077,18.19970965
SCarbDist,3,2015,-5.360555556,36.20638889,67.05900505,18.59103472
SCarbDist,3,2016,-5.360555556,36.20638889,10.65783987,18.43116888
SCarbDist,3,2017,-5.360555556,36.20638889,7.623030797,18.3608741
SCarbDist,3,2018,-5.360555556,36.20638889,50.92479776,19.26744306
SCarbDist,3,2019,-5.360555556,36.20638889,50.27946406,17.76884687
SCarbDist,3,2020,-5.360555556,36.20638889,52.89111877,17.91106272
SCarbDist,3,2021,-5.360555556,36.20638889,5.224525631,20.10524902
SCarbDist,3,2022,-5.360555556,36.20638889,59.77708763,19.00835276
SCarbDist,3,2023,-5.360555556,36.20638889,5.488328403,17.46718159
SCarbDist,3,2024,-5.360555556,36.20638889,6.762658961,17.00690957
SCarbDist,3,2025,-5.360555556,36.20638889,49.27843036,17.31400993
SCarbDist,3,2026,-5.360555556,36.20638889,11.93302431,17.67012841
SCarbDist,3,2027,-5.360555556,36.20638889,4.984747747,19.25427226
SCarbDist,3,2028,-5.360555556,36.20638889,15.29148469,18.87500768
SCarbDist,3,2029,-5.360555556,36.20638889,27.28098383,17.56954641
SCarbDist,3,2030,-5.360555556,36.20638889,13.24363127,19.85868373
SCarbDist,3,2031,-5.360555556,36.20638889,27.644537,18.13366089
SCarbDist,3,2032,-5.360555556,36.20638889,10.62417793,19.41518456
SCarbDist,3,2033,-5.360555556,36.20638889,5.529966364,20.02411952
SCarbDist,3,2034,-5.360555556,36.20638889,16.90920811,18.74129343
SCarbDist,3,2035,-5.360555556,36.20638889,130.275785,17.04499748
SCarbDist,3,2036,-5.360555556,36.20638889,12.59790051,19.10570186
SCarbDist,3,2037,-5.360555556,36.20638889,1.971947845,20.47092541
SCarbDist,3,2038,-5.360555556,36.20638889,41.11621825,18.68661972
SCarbDist,3,2039,-5.360555556,36.20638889,74.01952711,18.97763436
SCarbDist,3,2040,-5.360555556,36.20638889,19.93348678,19.8332744
SCarbDist,3,2041,-5.360555556,36.20638889,46.27232445,18.3743422
SCarbDist,3,2042,-5.360555556,36.20638889,45.76624531,17.61745212
SCarbDist,3,2043,-5.360555556,36.20638889,16.21350519,18.52649989
SCarbDist,3,2044,-5.360555556,36.20638889,67.50483924,17.56863581
SCarbDist,3,2045,-5.360555556,36.20638889,37.06448148,18.78076152
SCarbDist,3,2046,-5.360555556,36.20638889,70.8961851,19.63944348
SCarbDist,3,2047,-5.360555556,36.20638889,46.90175693,18.80559102
SCarbDist,3,2048,-5.360555556,36.20638889,8.174629961,19.2378036
SCarbDist,3,2049,-5.360555556,36.20638889,18.14521742,19.04213769
SCarbDist,3,2050,-5.360555556,36.20638889,4.573737487,19.8323697
SCarbDist,3,2051,-5.360555556,36.20638889,27.47328465,18.72656132
SCarbDist,3,2052,-5.360555556,36.20638889,71.36056421,20.03209839
SCarbDist,3,2053,-5.360555556,36.20638889,20.84287903,18.04384963
SCarbDist,3,2054,-5.360555556,36.20638889,73.79947989,18.30330712
SCarbDist,3,2055,-5.360555556,36.20638889,90.81120581,17.1083185
SCarbDist,3,2056,-5.360555556,36.20638889,24.14366291,18.82284625
SCarbDist,3,2057,-5.360555556,36.20638889,12.18742192,19.81701739
SCarbDist,3,2058,-5.360555556,36.20638889,65.34203055,18.62288425
SCarbDist,3,2059,-5.360555556,36.20638889,83.19070885,18.76483725
SCarbDist,3,2060,-5.360555556,36.20638889,74.83004389,19.66263093
SCarbDist,3,2061,-5.360555556,36.20638889,44.75774676,17.72701219
SCarbDist,3,2062,-5.360555556,36.20638889,9.851739997,18.98224251
SCarbDist,3,2063,-5.360555556,36.20638889,0.600141038,19.29364092
SCarbDist,3,2064,-5.360555556,36.20638889,15.63126381,19.17522977
SCarbDist,3,2065,-5.360555556,36.20638889,30.54999448,18.18849015
SCarbDist,3,2066,-5.360555556,36.20638889,2.661771234,19.16844207
SCarbDist,3,2067,-5.360555556,36.20638889,15.65308093,19.86178471
SCarbDist,3,2068,-5.360555556,36.20638889,74.91139376,19.36804475
SCarbDist,3,2069,-5.360555556,36.20638889,115.429414,17.38697549
SCarbDist,3,2070,-5.360555556,36.20638889,1.487554561,19.91127339
SCarbDist,3,2071,-5.360555556,36.20638889,4.193699174,18.94265924
SCarbDist,3,2072,-5.360555556,36.20638889,12.34871188,19.56009482
SCarbDist,3,2073,-5.360555556,36.20638889,73.87940753,18.88792154
SCarbDist,3,2074,-5.360555556,36.20638889,2.812334696,19.77733568
SCarbDist,3,2075,-5.360555556,36.20638889,21.62463296,19.28932909
SCarbDist,3,2076,-5.360555556,36.20638889,60.60632015,20.34025111
SCarbDist,3,2077,-5.360555556,36.20638889,3.408576425,20.23222774
SCarbDist,3,2078,-5.360555556,36.20638889,50.09523592,18.80874713
SCarbDist,3,2079,-5.360555556,36.20638889,5.289788425,19.28064339
SCarbDist,3,2080,-5.360555556,36.20638889,19.33359382,19.05363691
SCarbDist,3,2081,-5.360555556,36.20638889,14.20574784,18.2107857
SCarbDist,3,2082,-5.360555556,36.20638889,86.27590313,18.13360182
SCarbDist,3,2083,-5.360555556,36.20638889,17.79153859,16.91105091
SCarbDist,3,2084,-5.360555556,36.20638889,66.45820827,19.40002422
SCarbDist,3,2085,-5.360555556,36.20638889,3.862472045,20.40484796
SCarbDist,3,2086,-5.360555556,36.20638889,44.14189585,17.31805006
SCarbDist,3,2087,-5.360555556,36.20638889,2.03767388,20.37342372
SCarbDist,3,2088,-5.360555556,36.20638889,5.73091537,20.69613037
SCarbDist,3,2089,-5.360555556,36.20638889,96.17888069,19.27221463
SCarbDist,3,2090,-5.360555556,36.20638889,5.896381391,21.39100972
SCarbDist,3,2091,-5.360555556,36.20638889,9.860539669,21.07969203
SCarbDist,3,2092,-5.360555556,36.20638889,25.9422521,20.2087548
SCarbDist,3,2093,-5.360555556,36.20638889,52.07426879,18.17931223
SCarbDist,3,2094,-5.360555556,36.20638889,21.73869216,18.56472168
SCarbDist,3,2095,-5.360555556,36.20638889,45.50084732,18.55784243
SCarbDist,3,2096,-5.360555556,36.20638889,80.58156486,18.98841494
SCarbDist,3,2097,-5.360555556,36.20638889,24.10460154,17.96952357
SCarbDist,3,2098,-5.360555556,36.20638889,30.92338447,18.99292366
SCarbDist,3,2099,-5.360555556,36.20638889,137.1349361,18.31512924
SCarbDist,3,2100,-5.360555556,36.20638889,10.17320966,18.96477956
SCarbDist,4,2015,-5.360555556,36.20638889,19.14988633,20.90034485
SCarbDist,4,2016,-5.360555556,36.20638889,1.770788673,20.02556864
SCarbDist,4,2017,-5.360555556,36.20638889,27.43767667,19.2776886
SCarbDist,4,2018,-5.360555556,36.20638889,17.75032159,19.97425741
SCarbDist,4,2019,-5.360555556,36.20638889,7.730804134,19.95571289
SCarbDist,4,2020,-5.360555556,36.20638889,15.90538698,20.9677419
SCarbDist,4,2021,-5.360555556,36.20638889,5.990967084,19.84891357
SCarbDist,4,2022,-5.360555556,36.20638889,38.85594387,19.91819763
SCarbDist,4,2023,-5.360555556,36.20638889,11.69857262,21.09731445
SCarbDist,4,2024,-5.360555556,36.20638889,1.664591357,19.20473735
SCarbDist,4,2025,-5.360555556,36.20638889,21.64139862,18.79019165
SCarbDist,4,2026,-5.360555556,36.20638889,11.74415114,19.57736816
SCarbDist,4,2027,-5.360555556,36.20638889,34.58322278,20.08526103
SCarbDist,4,2028,-5.360555556,36.20638889,5.119764534,20.94820251
SCarbDist,4,2029,-5.360555556,36.20638889,54.38403116,18.70542399
SCarbDist,4,2030,-5.360555556,36.20638889,66.54969414,19.6692159
SCarbDist,4,2031,-5.360555556,36.20638889,29.24705453,20.2896993
SCarbDist,4,2032,-5.360555556,36.20638889,38.63547837,19.79051005
SCarbDist,4,2033,-5.360555556,36.20638889,7.052768459,21.90958455
SCarbDist,4,2034,-5.360555556,36.20638889,71.22633114,20.57022909
SCarbDist,4,2035,-5.360555556,36.20638889,31.16820508,20.66778768
SCarbDist,4,2036,-5.360555556,36.20638889,4.635821202,20.9877889
SCarbDist,4,2037,-5.360555556,36.20638889,0.384440956,23.04914449
SCarbDist,4,2038,-5.360555556,36.20638889,42.24792571,19.05046794
SCarbDist,4,2039,-5.360555556,36.20638889,17.69405557,21.47379252
SCarbDist,4,2040,-5.360555556,36.20638889,34.15824846,20.85536702
SCarbDist,4,2041,-5.360555556,36.20638889,25.37443626,19.45994364
SCarbDist,4,2042,-5.360555556,36.20638889,3.2837871,20.80542196
SCarbDist,4,2043,-5.360555556,36.20638889,39.99159648,18.7437205
SCarbDist,4,2044,-5.360555556,36.20638889,12.65455556,19.63114624
SCarbDist,4,2045,-5.360555556,36.20638889,29.03095628,20.19950765
SCarbDist,4,2046,-5.360555556,36.20638889,32.83694951,19.77155355
SCarbDist,4,2047,-5.360555556,36.20638889,23.16143312,19.90939229
SCarbDist,4,2048,-5.360555556,36.20638889,36.71592664,20.28931173
SCarbDist,4,2049,-5.360555556,36.20638889,2.0261983,21.50121867
SCarbDist,4,2050,-5.360555556,36.20638889,24.23045081,20.16742757
SCarbDist,4,2051,-5.360555556,36.20638889,10.11528753,21.52635498
SCarbDist,4,2052,-5.360555556,36.20638889,21.75899698,20.9295461
SCarbDist,4,2053,-5.360555556,36.20638889,19.52653645,21.86052551
SCarbDist,4,2054,-5.360555556,36.20638889,45.2942295,21.27167765
SCarbDist,4,2055,-5.360555556,36.20638889,21.02125658,19.54173177
SCarbDist,4,2056,-5.360555556,36.20638889,67.67769471,21.59237061
SCarbDist,4,2057,-5.360555556,36.20638889,26.21903282,21.5098877
SCarbDist,4,2058,-5.360555556,36.20638889,14.43816506,21.91769307
SCarbDist,4,2059,-5.360555556,36.20638889,9.369693683,20.88336385
SCarbDist,4,2060,-5.360555556,36.20638889,66.82270423,19.82178345
SCarbDist,4,2061,-5.360555556,36.20638889,31.71600011,20.80514221
SCarbDist,4,2062,-5.360555556,36.20638889,6.205091471,20.76406352
SCarbDist,4,2063,-5.360555556,36.20638889,24.21131751,20.301356
SCarbDist,4,2064,-5.360555556,36.20638889,0.494195473,21.78172099
SCarbDist,4,2065,-5.360555556,36.20638889,13.00083107,19.89191386
SCarbDist,4,2066,-5.360555556,36.20638889,2.121819303,21.41815491
SCarbDist,4,2067,-5.360555556,36.20638889,43.1742122,20.68005981
SCarbDist,4,2068,-5.360555556,36.20638889,2.315460513,20.0706075
SCarbDist,4,2069,-5.360555556,36.20638889,0.550474352,21.66205953
SCarbDist,4,2070,-5.360555556,36.20638889,9.940462824,21.45394084
SCarbDist,4,2071,-5.360555556,36.20638889,6.769213012,20.95086161
SCarbDist,4,2072,-5.360555556,36.20638889,7.517157381,19.91616211
SCarbDist,4,2073,-5.360555556,36.20638889,47.92430434,18.59336853
SCarbDist,4,2074,-5.360555556,36.20638889,12.32714956,22.40590719
SCarbDist,4,2075,-5.360555556,36.20638889,4.515040983,22.31783651
SCarbDist,4,2076,-5.360555556,36.20638889,3.771616017,22.33157857
SCarbDist,4,2077,-5.360555556,36.20638889,20.50389524,19.96139832
SCarbDist,4,2078,-5.360555556,36.20638889,6.996875556,19.13348083
SCarbDist,4,2079,-5.360555556,36.20638889,6.585412264,22.33785706
SCarbDist,4,2080,-5.360555556,36.20638889,10.47330234,20.37891439
SCarbDist,4,2081,-5.360555556,36.20638889,2.619876257,22.11139933
SCarbDist,4,2082,-5.360555556,36.20638889,1.592685986,20.81955668
SCarbDist,4,2083,-5.360555556,36.20638889,6.085133685,20.08558655
SCarbDist,4,2084,-5.360555556,36.20638889,5.551622394,21.89000753
SCarbDist,4,2085,-5.360555556,36.20638889,14.39590331,21.25871073
SCarbDist,4,2086,-5.360555556,36.20638889,1.690507401,21.24211731
SCarbDist,4,2087,-5.360555556,36.20638889,2.629922237,23.23283488
SCarbDist,4,2088,-5.360555556,36.20638889,1.135122669,22.05500488
SCarbDist,4,2089,-5.360555556,36.20638889,4.982673202,21.09267782
SCarbDist,4,2090,-5.360555556,36.20638889,17.21280811,22.26715088
SCarbDist,4,2091,-5.360555556,36.20638889,22.56720963,21.21988525
SCarbDist,4,2092,-5.360555556,36.20638889,60.39297303,21.34099325
SCarbDist,4,2093,-5.360555556,36.20638889,17.72988061,20.81468608
SCarbDist,4,2094,-5.360555556,36.20638889,4.019686033,19.74826864
SCarbDist,4,2095,-5.360555556,36.20638889,74.90797825,20.49025269
SCarbDist,4,2096,-5.360555556,36.20638889,32.48157671,18.7463206
SCarbDist,4,2097,-5.360555556,36.20638889,66.59870641,19.54340515
SCarbDist,4,2098,-5.360555556,36.20638889,13.32770216,22.53571167
SCarbDist,4,2099,-5.360555556,36.20638889,8.948511914,21.70256348
SCarbDist,4,2100,-5.360555556,36.20638889,56.65837419,20.73226725
SCarbDist,5,2015,-5.360555556,36.20638889,26.56930497,23.04343911
SCarbDist,5,2016,-5.360555556,36.20638889,50.66333875,19.7801807
SCarbDist,5,2017,-5.360555556,36.20638889,1.890598274,22.80272138
SCarbDist,5,2018,-5.360555556,36.20638889,12.5906802,21.74139188
SCarbDist,5,2019,-5.360555556,36.20638889,0.933399007,22.17701751
SCarbDist,5,2020,-5.360555556,36.20638889,14.32144813,22.19920083
SCarbDist,5,2021,-5.360555556,36.20638889,27.69862547,21.57829216
SCarbDist,5,2022,-5.360555556,36.20638889,36.54641134,21.98989455
SCarbDist,5,2023,-5.360555556,36.20638889,22.99621124,23.07518921
SCarbDist,5,2024,-5.360555556,36.20638889,12.4107722,21.97186752
SCarbDist,5,2025,-5.360555556,36.20638889,25.19609818,20.14840875
SCarbDist,5,2026,-5.360555556,36.20638889,12.57757179,22.04739852
SCarbDist,5,2027,-5.360555556,36.20638889,17.55428438,21.83620212
SCarbDist,5,2028,-5.360555556,36.20638889,13.12726525,20.93542756
SCarbDist,5,2029,-5.360555556,36.20638889,5.07632687,23.377897
SCarbDist,5,2030,-5.360555556,36.20638889,14.17875963,23.0049909
SCarbDist,5,2031,-5.360555556,36.20638889,94.19254875,21.92348731
SCarbDist,5,2032,-5.360555556,36.20638889,2.162326655,23.40240754
SCarbDist,5,2033,-5.360555556,36.20638889,12.43703225,22.17746247
SCarbDist,5,2034,-5.360555556,36.20638889,50.79922169,22.09956193
SCarbDist,5,2035,-5.360555556,36.20638889,52.49350657,19.37573616
SCarbDist,5,2036,-5.360555556,36.20638889,7.596863161,22.12198644
SCarbDist,5,2037,-5.360555556,36.20638889,9.418500007,23.30892531
SCarbDist,5,2038,-5.360555556,36.20638889,17.80935576,21.85324963
SCarbDist,5,2039,-5.360555556,36.20638889,3.109495048,23.02096833
SCarbDist,5,2040,-5.360555556,36.20638889,19.89184847,20.10980303
SCarbDist,5,2041,-5.360555556,36.20638889,3.13079718,22.05249693
SCarbDist,5,2042,-5.360555556,36.20638889,37.81259842,22.72450483
SCarbDist,5,2043,-5.360555556,36.20638889,12.62271276,22.53364789
SCarbDist,5,2044,-5.360555556,36.20638889,1.577369945,22.50469754
SCarbDist,5,2045,-5.360555556,36.20638889,15.10378885,22.71756946
SCarbDist,5,2046,-5.360555556,36.20638889,36.24896092,22.4600454
SCarbDist,5,2047,-5.360555556,36.20638889,12.04478186,22.5653596
SCarbDist,5,2048,-5.360555556,36.20638889,7.877808505,21.65636498
SCarbDist,5,2049,-5.360555556,36.20638889,6.773319979,23.69693367
SCarbDist,5,2050,-5.360555556,36.20638889,12.45624519,22.80486746
SCarbDist,5,2051,-5.360555556,36.20638889,17.35114649,23.14828176
SCarbDist,5,2052,-5.360555556,36.20638889,2.382551308,24.92996491
SCarbDist,5,2053,-5.360555556,36.20638889,21.05307309,24.0289344
SCarbDist,5,2054,-5.360555556,36.20638889,36.27298053,22.81256478
SCarbDist,5,2055,-5.360555556,36.20638889,0.762744687,22.21349389
SCarbDist,5,2056,-5.360555556,36.20638889,16.38297889,22.54302565
SCarbDist,5,2057,-5.360555556,36.20638889,15.97083914,21.33255084
SCarbDist,5,2058,-5.360555556,36.20638889,37.86876615,23.11293355
SCarbDist,5,2059,-5.360555556,36.20638889,1.284750686,23.33314445
SCarbDist,5,2060,-5.360555556,36.20638889,21.220363,22.91872559
SCarbDist,5,2061,-5.360555556,36.20638889,2.04790318,23.46695419
SCarbDist,5,2062,-5.360555556,36.20638889,13.90862318,22.73864333
SCarbDist,5,2063,-5.360555556,36.20638889,2.043918175,22.91285834
SCarbDist,5,2064,-5.360555556,36.20638889,18.45646266,24.22816201
SCarbDist,5,2065,-5.360555556,36.20638889,4.501250928,22.89704039
SCarbDist,5,2066,-5.360555556,36.20638889,5.214389999,20.70138825
SCarbDist,5,2067,-5.360555556,36.20638889,12.93389035,23.92408684
SCarbDist,5,2068,-5.360555556,36.20638889,24.14066874,22.34037318
SCarbDist,5,2069,-5.360555556,36.20638889,3.515681766,24.38815386
SCarbDist,5,2070,-5.360555556,36.20638889,1.737324116,23.38064654
SCarbDist,5,2071,-5.360555556,36.20638889,14.65642974,23.09894271
SCarbDist,5,2072,-5.360555556,36.20638889,53.84799986,20.91089537
SCarbDist,5,2073,-5.360555556,36.20638889,3.413815517,23.79836623
SCarbDist,5,2074,-5.360555556,36.20638889,9.13776583,22.56059393
SCarbDist,5,2075,-5.360555556,36.20638889,40.99188391,23.24972613
SCarbDist,5,2076,-5.360555556,36.20638889,11.73494689,24.90388814
SCarbDist,5,2077,-5.360555556,36.20638889,21.02361483,23.08212654
SCarbDist,5,2078,-5.360555556,36.20638889,75.47152563,20.41593175
SCarbDist,5,2079,-5.360555556,36.20638889,0.813532337,24.94841328
SCarbDist,5,2080,-5.360555556,36.20638889,62.83454243,22.1581921
SCarbDist,5,2081,-5.360555556,36.20638889,8.720531451,23.62607973
SCarbDist,5,2082,-5.360555556,36.20638889,31.12926352,22.82800864
SCarbDist,5,2083,-5.360555556,36.20638889,0.33889949,24.22876941
SCarbDist,5,2084,-5.360555556,36.20638889,43.77438158,21.97322998
SCarbDist,5,2085,-5.360555556,36.20638889,7.865289288,23.61215682
SCarbDist,5,2086,-5.360555556,36.20638889,6.737011035,22.93715623
SCarbDist,5,2087,-5.360555556,36.20638889,2.33793517,24.90849924
SCarbDist,5,2088,-5.360555556,36.20638889,8.731813497,25.1641322
SCarbDist,5,2089,-5.360555556,36.20638889,19.970951,24.38343644
SCarbDist,5,2090,-5.360555556,36.20638889,38.88745431,23.26903785
SCarbDist,5,2091,-5.360555556,36.20638889,0.775963104,22.97943194
SCarbDist,5,2092,-5.360555556,36.20638889,3.172738591,23.52152257
SCarbDist,5,2093,-5.360555556,36.20638889,26.34441225,23.98325943
SCarbDist,5,2094,-5.360555556,36.20638889,6.281627991,22.74229067
SCarbDist,5,2095,-5.360555556,36.20638889,1.656750358,23.92986352
SCarbDist,5,2096,-5.360555556,36.20638889,3.2699138,22.15860163
SCarbDist,5,2097,-5.360555556,36.20638889,1.931670198,22.77556664
SCarbDist,5,2098,-5.360555556,36.20638889,24.75615453,22.58609088
SCarbDist,5,2099,-5.360555556,36.20638889,21.56599228,26.54742215
SCarbDist,5,2100,-5.360555556,36.20638889,58.18598587,20.48987978
SCarbDist,6,2015,-5.360555556,36.20638889,11.43268896,25.12388916
SCarbDist,6,2016,-5.360555556,36.20638889,10.81014302,24.80907694
SCarbDist,6,2017,-5.360555556,36.20638889,16.62687798,24.1956309
SCarbDist,6,2018,-5.360555556,36.20638889,2.304504936,24.2989624
SCarbDist,6,2019,-5.360555556,36.20638889,3.023009041,24.34342753
SCarbDist,6,2020,-5.360555556,36.20638889,0.478482365,25.54847107
SCarbDist,6,2021,-5.360555556,36.20638889,0.02017984,26.51384989
SCarbDist,6,2022,-5.360555556,36.20638889,0.993663544,26.08105469
SCarbDist,6,2023,-5.360555556,36.20638889,11.26840505,25.25273539
SCarbDist,6,2024,-5.360555556,36.20638889,2.390418131,25.38369039
SCarbDist,6,2025,-5.360555556,36.20638889,2.337492551,24.6648468
SCarbDist,6,2026,-5.360555556,36.20638889,8.822102186,26.37143555
SCarbDist,6,2027,-5.360555556,36.20638889,0.599258648,25.43178202
SCarbDist,6,2028,-5.360555556,36.20638889,9.814566931,24.5489329
SCarbDist,6,2029,-5.360555556,36.20638889,6.930660113,24.4731781
SCarbDist,6,2030,-5.360555556,36.20638889,24.25920891,25.08228048
SCarbDist,6,2031,-5.360555556,36.20638889,12.41802929,27.23867798
SCarbDist,6,2032,-5.360555556,36.20638889,1.566589425,28.56979472
SCarbDist,6,2033,-5.360555556,36.20638889,2.638046695,25.42724915
SCarbDist,6,2034,-5.360555556,36.20638889,2.650109309,25.36330872
SCarbDist,6,2035,-5.360555556,36.20638889,8.320560526,24.95092672
SCarbDist,6,2036,-5.360555556,36.20638889,0.397846737,25.97727865
SCarbDist,6,2037,-5.360555556,36.20638889,14.33881449,25.78631185
SCarbDist,6,2038,-5.360555556,36.20638889,16.76449401,24.92771403
SCarbDist,6,2039,-5.360555556,36.20638889,3.771068652,27.69979757
SCarbDist,6,2040,-5.360555556,36.20638889,0.51192737,25.33442586
SCarbDist,6,2041,-5.360555556,36.20638889,10.82130155,25.82947795
SCarbDist,6,2042,-5.360555556,36.20638889,1.751711844,25.29752604
SCarbDist,6,2043,-5.360555556,36.20638889,0.941310968,27.10895386
SCarbDist,6,2044,-5.360555556,36.20638889,1.213394558,26.49813232
SCarbDist,6,2045,-5.360555556,36.20638889,26.88163826,25.33018188
SCarbDist,6,2046,-5.360555556,36.20638889,0.49910211,25.38109334
SCarbDist,6,2047,-5.360555556,36.20638889,9.666042533,26.98004659
SCarbDist,6,2048,-5.360555556,36.20638889,1.006344081,26.51602376
SCarbDist,6,2049,-5.360555556,36.20638889,14.55230319,28.05231425
SCarbDist,6,2050,-5.360555556,36.20638889,15.16865688,26.50661825
SCarbDist,6,2051,-5.360555556,36.20638889,3.104553684,25.16821187
SCarbDist,6,2052,-5.360555556,36.20638889,1.76718888,27.30794373
SCarbDist,6,2053,-5.360555556,36.20638889,0.254846509,26.73312683
SCarbDist,6,2054,-5.360555556,36.20638889,0.456883148,28.19003398
SCarbDist,6,2055,-5.360555556,36.20638889,1.209925887,27.12475688
SCarbDist,6,2056,-5.360555556,36.20638889,3.030629706,25.87258199
SCarbDist,6,2057,-5.360555556,36.20638889,4.84590146519069e-05,26.8999644
SCarbDist,6,2058,-5.360555556,36.20638889,4.704721687,26.16756185
SCarbDist,6,2059,-5.360555556,36.20638889,0.960171361,25.51121318
SCarbDist,6,2060,-5.360555556,36.20638889,11.05198057,26.01917521
SCarbDist,6,2061,-5.360555556,36.20638889,15.70103987,28.12191874
SCarbDist,6,2062,-5.360555556,36.20638889,2.601603554,27.39697876
SCarbDist,6,2063,-5.360555556,36.20638889,0.348523703,27.14226074
SCarbDist,6,2064,-5.360555556,36.20638889,0.63016109,27.27336629
SCarbDist,6,2065,-5.360555556,36.20638889,0.104875218,27.33616028
SCarbDist,6,2066,-5.360555556,36.20638889,0.709014296,25.64184163
SCarbDist,6,2067,-5.360555556,36.20638889,3.019206835,28.2691213
SCarbDist,6,2068,-5.360555556,36.20638889,3.315462154,27.18213603
SCarbDist,6,2069,-5.360555556,36.20638889,21.21958365,28.33490906
SCarbDist,6,2070,-5.360555556,36.20638889,91.59643305,26.7995697
SCarbDist,6,2071,-5.360555556,36.20638889,0.001830084,27.07820231
SCarbDist,6,2072,-5.360555556,36.20638889,15.42091199,24.8008606
SCarbDist,6,2073,-5.360555556,36.20638889,7.895733969,24.98627014
SCarbDist,6,2074,-5.360555556,36.20638889,1.371368999,26.36082865
SCarbDist,6,2075,-5.360555556,36.20638889,3.746494285,26.51497701
SCarbDist,6,2076,-5.360555556,36.20638889,3.180161847,26.93838603
SCarbDist,6,2077,-5.360555556,36.20638889,1.307937471,27.82612305
SCarbDist,6,2078,-5.360555556,36.20638889,2.823300062,27.59452311
SCarbDist,6,2079,-5.360555556,36.20638889,2.13514284,26.71493937
SCarbDist,6,2080,-5.360555556,36.20638889,5.572613972,26.21239115
SCarbDist,6,2081,-5.360555556,36.20638889,12.81441042,28.58234965
SCarbDist,6,2082,-5.360555556,36.20638889,0.4702046,27.60872904
SCarbDist,6,2083,-5.360555556,36.20638889,2.177852853,27.59689331
SCarbDist,6,2084,-5.360555556,36.20638889,10.64418371,23.7426768
SCarbDist,6,2085,-5.360555556,36.20638889,0.343573164,27.93795471
SCarbDist,6,2086,-5.360555556,36.20638889,4.347732537,25.46571248
SCarbDist,6,2087,-5.360555556,36.20638889,13.43060142,30.0597758
SCarbDist,6,2088,-5.360555556,36.20638889,8.182372427,25.66917013
SCarbDist,6,2089,-5.360555556,36.20638889,0.184517942,26.19928487
SCarbDist,6,2090,-5.360555556,36.20638889,0.325486239,27.97330017
SCarbDist,6,2091,-5.360555556,36.20638889,1.048406812,26.64950053
SCarbDist,6,2092,-5.360555556,36.20638889,14.20700736,27.45508321
SCarbDist,6,2093,-5.360555556,36.20638889,0.000732555,27.72221069
SCarbDist,6,2094,-5.360555556,36.20638889,0.442529092,26.65974426
SCarbDist,6,2095,-5.360555556,36.20638889,2.871266809,28.5549408
SCarbDist,6,2096,-5.360555556,36.20638889,0.574908591,25.75739136
SCarbDist,6,2097,-5.360555556,36.20638889,0.006117933,27.44307658
SCarbDist,6,2098,-5.360555556,36.20638889,3.497213348,26.23625183
SCarbDist,6,2099,-5.360555556,36.20638889,3.104839783,27.84369609
SCarbDist,6,2100,-5.360555556,36.20638889,11.79775413,26.05668132
SCarbDist,7,2015,-5.360555556,36.20638889,1.270525445,28.23426061
SCarbDist,7,2016,-5.360555556,36.20638889,0.839149164,28.58280777
SCarbDist,7,2017,-5.360555556,36.20638889,0.018923604,29.04676061
SCarbDist,7,2018,-5.360555556,36.20638889,0.181754462,27.91979567
SCarbDist,7,2019,-5.360555556,36.20638889,0.008473229,29.11276718
SCarbDist,7,2020,-5.360555556,36.20638889,0.088216272,29.76330153
SCarbDist,7,2021,-5.360555556,36.20638889,0.064162216,29.2646384
SCarbDist,7,2022,-5.360555556,36.20638889,5.91371619582378e-07,30.16904454
SCarbDist,7,2023,-5.360555556,36.20638889,0.367394544,28.52981252
SCarbDist,7,2024,-5.360555556,36.20638889,0.191780271,28.70127504
SCarbDist,7,2025,-5.360555556,36.20638889,0.094232305,28.48884021
SCarbDist,7,2026,-5.360555556,36.20638889,18.00778257,29.43356993
SCarbDist,7,2027,-5.360555556,36.20638889,0.37384859,28.43671225
SCarbDist,7,2028,-5.360555556,36.20638889,1.568060921,29.41521213
SCarbDist,7,2029,-5.360555556,36.20638889,0.754268841,28.96728201
SCarbDist,7,2030,-5.360555556,36.20638889,0.13518314,27.60246503
SCarbDist,7,2031,-5.360555556,36.20638889,1.020030272,29.9985005
SCarbDist,7,2032,-5.360555556,36.20638889,0.0808702,29.88949073
SCarbDist,7,2033,-5.360555556,36.20638889,3.249720493,28.38462564
SCarbDist,7,2034,-5.360555556,36.20638889,0.02505485,29.04826975
SCarbDist,7,2035,-5.360555556,36.20638889,0.001054398,28.64778167
SCarbDist,7,2036,-5.360555556,36.20638889,0.000516296,29.40328763
SCarbDist,7,2037,-5.360555556,36.20638889,13.35642669,29.34382856
SCarbDist,7,2038,-5.360555556,36.20638889,0.058405403,27.94303234
SCarbDist,7,2039,-5.360555556,36.20638889,0.277634874,31.37012093
SCarbDist,7,2040,-5.360555556,36.20638889,0.000684164,29.94543733
SCarbDist,7,2041,-5.360555556,36.20638889,2.949886231,30.09375177
SCarbDist,7,2042,-5.360555556,36.20638889,0.003580904,30.10781053
SCarbDist,7,2043,-5.360555556,36.20638889,0.599857029,29.09270827
SCarbDist,7,2044,-5.360555556,36.20638889,0.083888649,30.46781065
SCarbDist,7,2045,-5.360555556,36.20638889,0.12021193,29.803821
SCarbDist,7,2046,-5.360555556,36.20638889,0.007723843,29.18478079
SCarbDist,7,2047,-5.360555556,36.20638889,0.33484687,30.77358202
SCarbDist,7,2048,-5.360555556,36.20638889,0.12229728,30.72184389
SCarbDist,7,2049,-5.360555556,36.20638889,0.312241812,30.71612824
SCarbDist,7,2050,-5.360555556,36.20638889,0.195405632,30.60319647
SCarbDist,7,2051,-5.360555556,36.20638889,2.099406929,29.35382257
SCarbDist,7,2052,-5.360555556,36.20638889,1.808501501,30.66458898
SCarbDist,7,2053,-5.360555556,36.20638889,0.12792167,29.7812498
SCarbDist,7,2054,-5.360555556,36.20638889,0.061662894,30.50989636
SCarbDist,7,2055,-5.360555556,36.20638889,0.479517283,30.00206614
SCarbDist,7,2056,-5.360555556,36.20638889,0.132429613,30.1634175
SCarbDist,7,2057,-5.360555556,36.20638889,0.092066689,31.30837796
SCarbDist,7,2058,-5.360555556,36.20638889,0.066162639,30.58237758
SCarbDist,7,2059,-5.360555556,36.20638889,0.040969837,29.47762943
SCarbDist,7,2060,-5.360555556,36.20638889,0.006766311,30.94343596
SCarbDist,7,2061,-5.360555556,36.20638889,0.569059187,31.55014412
SCarbDist,7,2062,-5.360555556,36.20638889,2.319892108,31.38023012
SCarbDist,7,2063,-5.360555556,36.20638889,4.03538793013835e-11,31.11959524
SCarbDist,7,2064,-5.360555556,36.20638889,0.00057411,30.29004576
SCarbDist,7,2065,-5.360555556,36.20638889,9.200567602,29.08401666
SCarbDist,7,2066,-5.360555556,36.20638889,0.000454108,30.02580488
SCarbDist,7,2067,-5.360555556,36.20638889,0.001261142,30.42966171
SCarbDist,7,2068,-5.360555556,36.20638889,0.304050088,30.98381663
SCarbDist,7,2069,-5.360555556,36.20638889,1.39888304891325e-06,31.01014837
SCarbDist,7,2070,-5.360555556,36.20638889,4.610611563,31.56715521
SCarbDist,7,2071,-5.360555556,36.20638889,0.007129923,30.6840779
SCarbDist,7,2072,-5.360555556,36.20638889,1.664366326,30.50783593
SCarbDist,7,2073,-5.360555556,36.20638889,0.224409088,30.61330074
SCarbDist,7,2074,-5.360555556,36.20638889,0.327329823,29.70745436
SCarbDist,7,2075,-5.360555556,36.20638889,0.011326281,31.56604969
SCarbDist,7,2076,-5.360555556,36.20638889,0.506799192,31.05211792
SCarbDist,7,2077,-5.360555556,36.20638889,0.057407557,30.71904809
SCarbDist,7,2078,-5.360555556,36.20638889,1.400739392,29.80148
SCarbDist,7,2079,-5.360555556,36.20638889,0.71231133,29.45623858
SCarbDist,7,2080,-5.360555556,36.20638889,0.149023932,31.35041642
SCarbDist,7,2081,-5.360555556,36.20638889,0.001223106,32.22121976
SCarbDist,7,2082,-5.360555556,36.20638889,0.037938268,31.65726673
SCarbDist,7,2083,-5.360555556,36.20638889,0.004939857,31.1365069
SCarbDist,7,2084,-5.360555556,36.20638889,0.041861402,30.26938339
SCarbDist,7,2085,-5.360555556,36.20638889,0.039542546,31.67758848
SCarbDist,7,2086,-5.360555556,36.20638889,0.021297171,30.12402127
SCarbDist,7,2087,-5.360555556,36.20638889,0.000136064,32.09339048
SCarbDist,7,2088,-5.360555556,36.20638889,2.475295123,30.36777206
SCarbDist,7,2089,-5.360555556,36.20638889,0.276395003,31.01610324
SCarbDist,7,2090,-5.360555556,36.20638889,3.766668793,30.1777962
SCarbDist,7,2091,-5.360555556,36.20638889,0.403741162,31.0736397
SCarbDist,7,2092,-5.360555556,36.20638889,0.002927769,30.85677195
SCarbDist,7,2093,-5.360555556,36.20638889,1.054016201,30.62860875
SCarbDist,7,2094,-5.360555556,36.20638889,1.01733128869706e-08,29.78077727
SCarbDist,7,2095,-5.360555556,36.20638889,5.110948905,31.67808956
SCarbDist,7,2096,-5.360555556,36.20638889,0.016118979,30.89410479
SCarbDist,7,2097,-5.360555556,36.20638889,1.371944772,31.1160552
SCarbDist,7,2098,-5.360555556,36.20638889,0.188219875,30.5796684
SCarbDist,7,2099,-5.360555556,36.20638889,0.151329436,31.59036924
SCarbDist,7,2100,-5.360555556,36.20638889,2.06042769582113e-09,30.72657215
SCarbDist,8,2015,-5.360555556,36.20638889,0.004956272,28.03072904
SCarbDist,8,2016,-5.360555556,36.20638889,0.077222697,29.02712993
SCarbDist,8,2017,-5.360555556,36.20638889,7.075613086,28.85467017
SCarbDist,8,2018,-5.360555556,36.20638889,5.774638421,30.03302376
SCarbDist,8,2019,-5.360555556,36.20638889,23.37135327,29.74709177
SCarbDist,8,2020,-5.360555556,36.20638889,0.013345354,30.57475212
SCarbDist,8,2021,-5.360555556,36.20638889,2.080827717,28.94568934
SCarbDist,8,2022,-5.360555556,36.20638889,3.424505413,29.32490963
SCarbDist,8,2023,-5.360555556,36.20638889,4.636300438,30.85282238
SCarbDist,8,2024,-5.360555556,36.20638889,0.539697384,28.52708169
SCarbDist,8,2025,-5.360555556,36.20638889,4.083920135,29.87602165
SCarbDist,8,2026,-5.360555556,36.20638889,1.666536346,28.6133096
SCarbDist,8,2027,-5.360555556,36.20638889,0.488244572,30.83639704
SCarbDist,8,2028,-5.360555556,36.20638889,7.175412716,30.60238431
SCarbDist,8,2029,-5.360555556,36.20638889,0.039007893,30.17986549
SCarbDist,8,2030,-5.360555556,36.20638889,0.181131036,28.73894949
SCarbDist,8,2031,-5.360555556,36.20638889,14.64317701,28.93106945
SCarbDist,8,2032,-5.360555556,36.20638889,7.438535148,30.31238955
SCarbDist,8,2033,-5.360555556,36.20638889,0.002512204,29.48697864
SCarbDist,8,2034,-5.360555556,36.20638889,0.154747526,30.62387754
SCarbDist,8,2035,-5.360555556,36.20638889,0.719287503,28.29960268
SCarbDist,8,2036,-5.360555556,36.20638889,11.44729455,29.62714686
SCarbDist,8,2037,-5.360555556,36.20638889,2.334524905,29.45806668
SCarbDist,8,2038,-5.360555556,36.20638889,0.001282789,31.01940012
SCarbDist,8,2039,-5.360555556,36.20638889,1.934413776,30.368598
SCarbDist,8,2040,-5.360555556,36.20638889,0.001996882,29.29278939
SCarbDist,8,2041,-5.360555556,36.20638889,14.96224327,29.40333587
SCarbDist,8,2042,-5.360555556,36.20638889,12.57105645,30.77577042
SCarbDist,8,2043,-5.360555556,36.20638889,0.424910034,28.99837646
SCarbDist,8,2044,-5.360555556,36.20638889,0.381060602,30.93758151
SCarbDist,8,2045,-5.360555556,36.20638889,3.048323709,30.92242904
SCarbDist,8,2046,-5.360555556,36.20638889,14.8172407,30.71932964
SCarbDist,8,2047,-5.360555556,36.20638889,0.128308299,31.06736785
SCarbDist,8,2048,-5.360555556,36.20638889,1.69974653,30.14361257
SCarbDist,8,2049,-5.360555556,36.20638889,4.158838371,31.1090588
SCarbDist,8,2050,-5.360555556,36.20638889,16.81818399,30.23236261
SCarbDist,8,2051,-5.360555556,36.20638889,0.005628323,30.35786664
SCarbDist,8,2052,-5.360555556,36.20638889,0.007099053,30.21697289
SCarbDist,8,2053,-5.360555556,36.20638889,0.243951432,31.67793894
SCarbDist,8,2054,-5.360555556,36.20638889,0.253635994,30.81787877
SCarbDist,8,2055,-5.360555556,36.20638889,0.287838206,29.83283829
SCarbDist,8,2056,-5.360555556,36.20638889,0.001797601,31.12881844
SCarbDist,8,2057,-5.360555556,36.20638889,16.02572578,31.45109095
SCarbDist,8,2058,-5.360555556,36.20638889,0.052302127,31.06798903
SCarbDist,8,2059,-5.360555556,36.20638889,3.60955474,31.06858068
SCarbDist,8,2060,-5.360555556,36.20638889,0.285191839,31.12647646
SCarbDist,8,2061,-5.360555556,36.20638889,29.45859986,31.51838025
SCarbDist,8,2062,-5.360555556,36.20638889,0.361919035,30.93451696
SCarbDist,8,2063,-5.360555556,36.20638889,0.000113228,30.7146447
SCarbDist,8,2064,-5.360555556,36.20638889,1.692127824,31.20835315
SCarbDist,8,2065,-5.360555556,36.20638889,12.12647507,29.42635006
SCarbDist,8,2066,-5.360555556,36.20638889,1.439157769,30.66662676
SCarbDist,8,2067,-5.360555556,36.20638889,1.010716083,31.23519287
SCarbDist,8,2068,-5.360555556,36.20638889,0.013457723,30.03412141
SCarbDist,8,2069,-5.360555556,36.20638889,0.434328804,29.39701774
SCarbDist,8,2070,-5.360555556,36.20638889,0.001978666,30.92003194
SCarbDist,8,2071,-5.360555556,36.20638889,2.745327982,31.91486757
SCarbDist,8,2072,-5.360555556,36.20638889,0.440473998,30.19409751
SCarbDist,8,2073,-5.360555556,36.20638889,1.214954274,31.18129883
SCarbDist,8,2074,-5.360555556,36.20638889,0.002462269,31.03871578
SCarbDist,8,2075,-5.360555556,36.20638889,0.17268121,31.9851781
SCarbDist,8,2076,-5.360555556,36.20638889,0.133849606,31.56267405
SCarbDist,8,2077,-5.360555556,36.20638889,0.004273209,31.45606433
SCarbDist,8,2078,-5.360555556,36.20638889,1.019522309,29.67223019
SCarbDist,8,2079,-5.360555556,36.20638889,0.773237687,29.64996614
SCarbDist,8,2080,-5.360555556,36.20638889,0.014031402,31.17963316
SCarbDist,8,2081,-5.360555556,36.20638889,9.190188495,32.55523859
SCarbDist,8,2082,-5.360555556,36.20638889,8.175699466,33.28140633
SCarbDist,8,2083,-5.360555556,36.20638889,0.065729563,30.60939055
SCarbDist,8,2084,-5.360555556,36.20638889,0.316181422,31.39227767
SCarbDist,8,2085,-5.360555556,36.20638889,0.050472132,30.45302734
SCarbDist,8,2086,-5.360555556,36.20638889,5.81288813851131e-06,31.39035211
SCarbDist,8,2087,-5.360555556,36.20638889,2.252708054,31.31390361
SCarbDist,8,2088,-5.360555556,36.20638889,0.102754547,29.96212158
SCarbDist,8,2089,-5.360555556,36.20638889,0.720386864,30.39036393
SCarbDist,8,2090,-5.360555556,36.20638889,2.422317356,30.24217057
SCarbDist,8,2091,-5.360555556,36.20638889,0.81991623,31.15497003
SCarbDist,8,2092,-5.360555556,36.20638889,0.309606089,33.73634466
SCarbDist,8,2093,-5.360555556,36.20638889,1.554460289,32.14801203
SCarbDist,8,2094,-5.360555556,36.20638889,0.071006972,29.95440556
SCarbDist,8,2095,-5.360555556,36.20638889,0.257714248,30.2135815
SCarbDist,8,2096,-5.360555556,36.20638889,7.267262857,31.34145705
SCarbDist,8,2097,-5.360555556,36.20638889,0.362356771,31.90498283
SCarbDist,8,2098,-5.360555556,36.20638889,0.036998866,29.42546899
SCarbDist,8,2099,-5.360555556,36.20638889,15.13448793,33.22097759
SCarbDist,8,2100,-5.360555556,36.20638889,8.31325894609877e-05,31.74273071
SCarbDist,9,2015,-5.360555556,36.20638889,29.12937109,27.32610474
SCarbDist,9,2016,-5.360555556,36.20638889,44.30022504,26.35695089
SCarbDist,9,2017,-5.360555556,36.20638889,2.324904913,26.44309998
SCarbDist,9,2018,-5.360555556,36.20638889,5.796000252,27.12048848
SCarbDist,9,2019,-5.360555556,36.20638889,3.415535468,27.61777445
SCarbDist,9,2020,-5.360555556,36.20638889,16.4640742,27.09382935
SCarbDist,9,2021,-5.360555556,36.20638889,6.914782138,26.79198507
SCarbDist,9,2022,-5.360555556,36.20638889,0.404390417,27.58780009
SCarbDist,9,2023,-5.360555556,36.20638889,7.222372281,28.42845866
SCarbDist,9,2024,-5.360555556,36.20638889,8.139687637,27.13101705
SCarbDist,9,2025,-5.360555556,36.20638889,24.87498267,26.48693848
SCarbDist,9,2026,-5.360555556,36.20638889,0.956368385,26.32383931
SCarbDist,9,2027,-5.360555556,36.20638889,1.876135875,28.90427043
SCarbDist,9,2028,-5.360555556,36.20638889,29.16072391,27.39449666
SCarbDist,9,2029,-5.360555556,36.20638889,1.179299383,26.59941508
SCarbDist,9,2030,-5.360555556,36.20638889,0.041128124,26.65032959
SCarbDist,9,2031,-5.360555556,36.20638889,10.56388616,27.72082621
SCarbDist,9,2032,-5.360555556,36.20638889,4.663424678,27.54966329
SCarbDist,9,2033,-5.360555556,36.20638889,79.60428836,27.09714457
SCarbDist,9,2034,-5.360555556,36.20638889,54.25101184,28.05728048
SCarbDist,9,2035,-5.360555556,36.20638889,8.115130383,27.62609456
SCarbDist,9,2036,-5.360555556,36.20638889,0.795903659,27.85401204
SCarbDist,9,2037,-5.360555556,36.20638889,0.796852355,28.79805501
SCarbDist,9,2038,-5.360555556,36.20638889,0.115822424,28.63207092
SCarbDist,9,2039,-5.360555556,36.20638889,8.499336093,26.17639567
SCarbDist,9,2040,-5.360555556,36.20638889,0.26806817,27.70439555
SCarbDist,9,2041,-5.360555556,36.20638889,12.93943215,27.64101766
SCarbDist,9,2042,-5.360555556,36.20638889,11.21009506,26.48235982
SCarbDist,9,2043,-5.360555556,36.20638889,14.83199768,26.81336873
SCarbDist,9,2044,-5.360555556,36.20638889,11.80940845,27.9426534
SCarbDist,9,2045,-5.360555556,36.20638889,0.138767982,28.28710124
SCarbDist,9,2046,-5.360555556,36.20638889,0.750637459,29.25112508
SCarbDist,9,2047,-5.360555556,36.20638889,0.383041399,27.3411143
SCarbDist,9,2048,-5.360555556,36.20638889,0.094654914,29.22688802
SCarbDist,9,2049,-5.360555556,36.20638889,0.105280643,27.46331075
SCarbDist,9,2050,-5.360555556,36.20638889,0.120390227,28.62963664
SCarbDist,9,2051,-5.360555556,36.20638889,12.03753095,27.47367655
SCarbDist,9,2052,-5.360555556,36.20638889,12.85870606,27.97700094
SCarbDist,9,2053,-5.360555556,36.20638889,0.176472369,28.11407979
SCarbDist,9,2054,-5.360555556,36.20638889,0.482936997,28.62812602
SCarbDist,9,2055,-5.360555556,36.20638889,20.96663654,27.79888916
SCarbDist,9,2056,-5.360555556,36.20638889,18.20506595,28.30365092
SCarbDist,9,2057,-5.360555556,36.20638889,16.6533924,28.91573486
SCarbDist,9,2058,-5.360555556,36.20638889,1.974134931,28.62518412
SCarbDist,9,2059,-5.360555556,36.20638889,1.326554388,26.58623556
SCarbDist,9,2060,-5.360555556,36.20638889,2.813280998,28.23268229
SCarbDist,9,2061,-5.360555556,36.20638889,4.725536202,28.77483724
SCarbDist,9,2062,-5.360555556,36.20638889,0.044519707,28.67111511
SCarbDist,9,2063,-5.360555556,36.20638889,7.162842476,29.06372477
SCarbDist,9,2064,-5.360555556,36.20638889,5.352112017,27.74447123
SCarbDist,9,2065,-5.360555556,36.20638889,6.574727615,27.20939331
SCarbDist,9,2066,-5.360555556,36.20638889,0.489707261,29.11855774
SCarbDist,9,2067,-5.360555556,36.20638889,0.246740888,28.28807882
SCarbDist,9,2068,-5.360555556,36.20638889,5.987670181,26.07259216
SCarbDist,9,2069,-5.360555556,36.20638889,0.615491611,28.77567647
SCarbDist,9,2070,-5.360555556,36.20638889,6.268805548,28.35209147
SCarbDist,9,2071,-5.360555556,36.20638889,16.53606441,28.13183695
SCarbDist,9,2072,-5.360555556,36.20638889,20.35283024,27.06451314
SCarbDist,9,2073,-5.360555556,36.20638889,4.607779814,28.70525614
SCarbDist,9,2074,-5.360555556,36.20638889,0.008303737,28.77179057
SCarbDist,9,2075,-5.360555556,36.20638889,1.826174456,28.60557353
SCarbDist,9,2076,-5.360555556,36.20638889,6.462319906,28.10228475
SCarbDist,9,2077,-5.360555556,36.20638889,0.648988957,29.05864461
SCarbDist,9,2078,-5.360555556,36.20638889,17.44214146,27.94238078
SCarbDist,9,2079,-5.360555556,36.20638889,2.316786703,27.97945455
SCarbDist,9,2080,-5.360555556,36.20638889,2.638578547,27.84676412
SCarbDist,9,2081,-5.360555556,36.20638889,2.865899212,29.27524109
SCarbDist,9,2082,-5.360555556,36.20638889,37.82425857,28.58473511
SCarbDist,9,2083,-5.360555556,36.20638889,0.043870957,30.2013265
SCarbDist,9,2084,-5.360555556,36.20638889,0.890850352,27.92000732
SCarbDist,9,2085,-5.360555556,36.20638889,2.56564906,28.13406677
SCarbDist,9,2086,-5.360555556,36.20638889,0.420845533,29.44381816
SCarbDist,9,2087,-5.360555556,36.20638889,0.200715604,27.54230245
SCarbDist,9,2088,-5.360555556,36.20638889,6.349533087,28.08921712
SCarbDist,9,2089,-5.360555556,36.20638889,10.17893968,29.10918884
SCarbDist,9,2090,-5.360555556,36.20638889,20.37555536,29.81142375
SCarbDist,9,2091,-5.360555556,36.20638889,1.76286395,29.85695903
SCarbDist,9,2092,-5.360555556,36.20638889,6.124628618,28.06978251
SCarbDist,9,2093,-5.360555556,36.20638889,0.197588189,28.7176005
SCarbDist,9,2094,-5.360555556,36.20638889,4.742229791,28.59842936
SCarbDist,9,2095,-5.360555556,36.20638889,2.386672537,27.72009277
SCarbDist,9,2096,-5.360555556,36.20638889,0.158347184,29.72107646
SCarbDist,9,2097,-5.360555556,36.20638889,0.621944337,28.44599304
SCarbDist,9,2098,-5.360555556,36.20638889,4.828093619,27.20791423
SCarbDist,9,2099,-5.360555556,36.20638889,0.331839385,29.22779541
SCarbDist,9,2100,-5.360555556,36.20638889,10.8246076,29.10358683
SierraCarbonera,1,2015,-5.360833,36.204444,76.57260123,17.25153257
SierraCarbonera,1,2016,-5.360833,36.204444,3.614561159,16.50898575
SierraCarbonera,1,2017,-5.360833,36.204444,89.52406118,17.28918437
SierraCarbonera,1,2018,-5.360833,36.204444,104.1987704,16.68461638
SierraCarbonera,1,2019,-5.360833,36.204444,147.6005488,15.92342628
SierraCarbonera,1,2020,-5.360833,36.204444,39.04104478,16.92858572
SierraCarbonera,1,2021,-5.360833,36.204444,35.79884246,15.31246043
SierraCarbonera,1,2022,-5.360833,36.204444,55.78613545,17.18375599
SierraCarbonera,1,2023,-5.360833,36.204444,45.14623737,16.33959252
SierraCarbonera,1,2024,-5.360833,36.204444,82.40841153,17.48243251
SierraCarbonera,1,2025,-5.360833,36.204444,28.97296565,15.85975283
SierraCarbonera,1,2026,-5.360833,36.204444,52.0880877,16.41220172
SierraCarbonera,1,2027,-5.360833,36.204444,143.9015197,17.64272067
SierraCarbonera,1,2028,-5.360833,36.204444,6.4234016,15.72231445
SierraCarbonera,1,2029,-5.360833,36.204444,29.56063766,16.94173682
SierraCarbonera,1,2030,-5.360833,36.204444,3.413813901,15.1318003
SierraCarbonera,1,2031,-5.360833,36.204444,41.21420319,17.4766893
SierraCarbonera,1,2032,-5.360833,36.204444,23.281343,17.22043811
SierraCarbonera,1,2033,-5.360833,36.204444,92.665339,17.0908083
SierraCarbonera,1,2034,-5.360833,36.204444,46.14519721,17.46324679
SierraCarbonera,1,2035,-5.360833,36.204444,150.596329,18.29667496
SierraCarbonera,1,2036,-5.360833,36.204444,143.6419909,16.39873657
SierraCarbonera,1,2037,-5.360833,36.204444,35.21851011,16.86317867
SierraCarbonera,1,2038,-5.360833,36.204444,38.29437726,18.27298643
SierraCarbonera,1,2039,-5.360833,36.204444,33.415544,17.35922615
SierraCarbonera,1,2040,-5.360833,36.204444,94.97539795,15.39039838
SierraCarbonera,1,2041,-5.360833,36.204444,81.22581122,16.39800513
SierraCarbonera,1,2042,-5.360833,36.204444,33.05947142,16.82676037
SierraCarbonera,1,2043,-5.360833,36.204444,2.002999484,17.23554825
SierraCarbonera,1,2044,-5.360833,36.204444,21.08942535,16.31865057
SierraCarbonera,1,2045,-5.360833,36.204444,40.13337987,15.45559082
SierraCarbonera,1,2046,-5.360833,36.204444,64.83188797,18.53998964
SierraCarbonera,1,2047,-5.360833,36.204444,24.52039152,17.68543051
SierraCarbonera,1,2048,-5.360833,36.204444,150.228366,16.86245216
SierraCarbonera,1,2049,-5.360833,36.204444,21.63385684,15.72509943
SierraCarbonera,1,2050,-5.360833,36.204444,42.85229541,16.30973845
SierraCarbonera,1,2051,-5.360833,36.204444,143.6216509,17.24973007
SierraCarbonera,1,2052,-5.360833,36.204444,32.69153665,18.33091667
SierraCarbonera,1,2053,-5.360833,36.204444,72.25314373,17.11069592
SierraCarbonera,1,2054,-5.360833,36.204444,93.92443264,17.72262357
SierraCarbonera,1,2055,-5.360833,36.204444,51.95270932,16.50153553
SierraCarbonera,1,2056,-5.360833,36.204444,18.80968115,17.52319907
SierraCarbonera,1,2057,-5.360833,36.204444,26.25140585,17.50545851
SierraCarbonera,1,2058,-5.360833,36.204444,52.98701689,18.03965986
SierraCarbonera,1,2059,-5.360833,36.204444,155.7878138,18.49801321
SierraCarbonera,1,2060,-5.360833,36.204444,125.1715688,16.19454543
SierraCarbonera,1,2061,-5.360833,36.204444,188.9796364,17.77102641
SierraCarbonera,1,2062,-5.360833,36.204444,135.0491322,17.23545178
SierraCarbonera,1,2063,-5.360833,36.204444,80.66327273,17.71232831
SierraCarbonera,1,2064,-5.360833,36.204444,8.334388212,17.9284538
SierraCarbonera,1,2065,-5.360833,36.204444,78.01389723,15.70826455
SierraCarbonera,1,2066,-5.360833,36.204444,66.44533475,18.10857446
SierraCarbonera,1,2067,-5.360833,36.204444,102.4519093,15.63454295
SierraCarbonera,1,2068,-5.360833,36.204444,44.56169011,17.40460382
SierraCarbonera,1,2069,-5.360833,36.204444,12.98014512,17.03936748
SierraCarbonera,1,2070,-5.360833,36.204444,39.33567745,16.15997885
SierraCarbonera,1,2071,-5.360833,36.204444,12.78010306,17.69682145
SierraCarbonera,1,2072,-5.360833,36.204444,103.006606,17.16384966
SierraCarbonera,1,2073,-5.360833,36.204444,220.1454051,17.87522229
SierraCarbonera,1,2074,-5.360833,36.204444,34.8348747,17.14419044
SierraCarbonera,1,2075,-5.360833,36.204444,17.17090899,16.88550966
SierraCarbonera,1,2076,-5.360833,36.204444,24.09596854,16.22151115
SierraCarbonera,1,2077,-5.360833,36.204444,103.0009394,16.35221695
SierraCarbonera,1,2078,-5.360833,36.204444,117.9865649,18.47037806
SierraCarbonera,1,2079,-5.360833,36.204444,56.57907654,18.07597282
SierraCarbonera,1,2080,-5.360833,36.204444,93.20342934,18.68176644
SierraCarbonera,1,2081,-5.360833,36.204444,102.4475987,17.30760026
SierraCarbonera,1,2082,-5.360833,36.204444,7.066840859,16.29007529
SierraCarbonera,1,2083,-5.360833,36.204444,144.9775585,15.86531293
SierraCarbonera,1,2084,-5.360833,36.204444,128.7598211,19.21744739
SierraCarbonera,1,2085,-5.360833,36.204444,44.17767919,18.09788838
SierraCarbonera,1,2086,-5.360833,36.204444,157.7611052,16.32740518
SierraCarbonera,1,2087,-5.360833,36.204444,2.502083697,17.90641322
SierraCarbonera,1,2088,-5.360833,36.204444,166.1519459,16.55574459
SierraCarbonera,1,2089,-5.360833,36.204444,67.28029599,16.05651245
SierraCarbonera,1,2090,-5.360833,36.204444,7.068992244,19.20686961
SierraCarbonera,1,2091,-5.360833,36.204444,4.150940957,17.94765133
SierraCarbonera,1,2092,-5.360833,36.204444,10.86770331,17.81270161
SierraCarbonera,1,2093,-5.360833,36.204444,74.04307964,15.60251032
SierraCarbonera,1,2094,-5.360833,36.204444,18.98148953,18.84201719
SierraCarbonera,1,2095,-5.360833,36.204444,39.63717395,17.82999031
SierraCarbonera,1,2096,-5.360833,36.204444,45.63410659,17.34480414
SierraCarbonera,1,2097,-5.360833,36.204444,62.04702624,17.37046548
SierraCarbonera,1,2098,-5.360833,36.204444,56.58359685,15.3740951
SierraCarbonera,1,2099,-5.360833,36.204444,96.28368355,17.00945927
SierraCarbonera,1,2100,-5.360833,36.204444,37.5221465,17.91258663
SierraCarbonera,10,2015,-5.360833,36.204444,2.098624886,24.09055136
SierraCarbonera,10,2016,-5.360833,36.204444,21.57149793,22.40680896
SierraCarbonera,10,2017,-5.360833,36.204444,66.35566611,22.87604725
SierraCarbonera,10,2018,-5.360833,36.204444,57.32680469,22.62103744
SierraCarbonera,10,2019,-5.360833,36.204444,8.734254365,21.56045513
SierraCarbonera,10,2020,-5.360833,36.204444,5.548195937,22.73967699
SierraCarbonera,10,2021,-5.360833,36.204444,24.711444,23.84710969
SierraCarbonera,10,2022,-5.360833,36.204444,20.91010353,22.83739821
SierraCarbonera,10,2023,-5.360833,36.204444,74.83783798,22.61503926
SierraCarbonera,10,2024,-5.360833,36.204444,36.64517255,22.04966962
SierraCarbonera,10,2025,-5.360833,36.204444,51.57108171,22.61271697
SierraCarbonera,10,2026,-5.360833,36.204444,4.584870339,24.03941473
SierraCarbonera,10,2027,-5.360833,36.204444,3.440305268,25.81968915
SierraCarbonera,10,2028,-5.360833,36.204444,35.49869364,22.90502418
SierraCarbonera,10,2029,-5.360833,36.204444,42.71932302,22.0083252
SierraCarbonera,10,2030,-5.360833,36.204444,11.8306583,23.02404569
SierraCarbonera,10,2031,-5.360833,36.204444,8.72727078,23.59052675
SierraCarbonera,10,2032,-5.360833,36.204444,19.56567059,23.95118644
SierraCarbonera,10,2033,-5.360833,36.204444,18.86797766,23.75556975
SierraCarbonera,10,2034,-5.360833,36.204444,31.35968285,21.75923875
SierraCarbonera,10,2035,-5.360833,36.204444,83.47746787,23.97686453
SierraCarbonera,10,2036,-5.360833,36.204444,9.917358278,23.04331015
SierraCarbonera,10,2037,-5.360833,36.204444,1.787402267,24.2775749
SierraCarbonera,10,2038,-5.360833,36.204444,23.43619219,24.1983995
SierraCarbonera,10,2039,-5.360833,36.204444,35.79511708,22.58302829
SierraCarbonera,10,2040,-5.360833,36.204444,8.686045694,22.84906675
SierraCarbonera,10,2041,-5.360833,36.204444,12.95704569,23.24811264
SierraCarbonera,10,2042,-5.360833,36.204444,61.34189913,22.22720022
SierraCarbonera,10,2043,-5.360833,36.204444,1.078221941,23.83255281
SierraCarbonera,10,2044,-5.360833,36.204444,18.04515298,24.62452334
SierraCarbonera,10,2045,-5.360833,36.204444,12.92145204,23.87729551
SierraCarbonera,10,2046,-5.360833,36.204444,2.694324462,25.75140755
SierraCarbonera,10,2047,-5.360833,36.204444,26.37771606,22.70786684
SierraCarbonera,10,2048,-5.360833,36.204444,36.47868245,24.79690335
SierraCarbonera,10,2049,-5.360833,36.204444,18.11357585,23.95372728
SierraCarbonera,10,2050,-5.360833,36.204444,18.60143545,25.00646756
SierraCarbonera,10,2051,-5.360833,36.204444,18.94520196,23.87506871
SierraCarbonera,10,2052,-5.360833,36.204444,52.09264254,22.63547816
SierraCarbonera,10,2053,-5.360833,36.204444,17.29631209,24.47300454
SierraCarbonera,10,2054,-5.360833,36.204444,53.01547483,24.06869389
SierraCarbonera,10,2055,-5.360833,36.204444,38.85067367,23.68111375
SierraCarbonera,10,2056,-5.360833,36.204444,1.410109527,23.98612415
SierraCarbonera,10,2057,-5.360833,36.204444,7.806596256,23.51948577
SierraCarbonera,10,2058,-5.360833,36.204444,32.95765327,24.17007033
SierraCarbonera,10,2059,-5.360833,36.204444,1.028029124,24.11337261
SierraCarbonera,10,2060,-5.360833,36.204444,6.086249891,22.59317194
SierraCarbonera,10,2061,-5.360833,36.204444,35.87948882,23.1451483
SierraCarbonera,10,2062,-5.360833,36.204444,28.86146952,24.67742703
SierraCarbonera,10,2063,-5.360833,36.204444,5.089138482,25.28666815
SierraCarbonera,10,2064,-5.360833,36.204444,10.98498401,23.34114006
SierraCarbonera,10,2065,-5.360833,36.204444,26.14922769,23.7887778
SierraCarbonera,10,2066,-5.360833,36.204444,24.50100531,23.75871799
SierraCarbonera,10,2067,-5.360833,36.204444,0.661599962,25.78903769
SierraCarbonera,10,2068,-5.360833,36.204444,6.994050226,24.52382813
SierraCarbonera,10,2069,-5.360833,36.204444,25.42713642,24.12234379
SierraCarbonera,10,2070,-5.360833,36.204444,6.528700165,25.72288444
SierraCarbonera,10,2071,-5.360833,36.204444,46.92062398,23.19612151
SierraCarbonera,10,2072,-5.360833,36.204444,2.212543481,24.26335961
SierraCarbonera,10,2073,-5.360833,36.204444,9.12642691,25.22292087
SierraCarbonera,10,2074,-5.360833,36.204444,35.44417076,25.36332831
SierraCarbonera,10,2075,-5.360833,36.204444,34.07396746,24.07851661
SierraCarbonera,10,2076,-5.360833,36.204444,23.2583379,24.70049537
SierraCarbonera,10,2077,-5.360833,36.204444,2.14081078,26.12992298
SierraCarbonera,10,2078,-5.360833,36.204444,8.660297604,23.97558673
SierraCarbonera,10,2079,-5.360833,36.204444,47.05463999,24.7290864
SierraCarbonera,10,2080,-5.360833,36.204444,15.52828961,25.47487202
SierraCarbonera,10,2081,-5.360833,36.204444,1.390134629,24.22454519
SierraCarbonera,10,2082,-5.360833,36.204444,47.54369266,23.27587871
SierraCarbonera,10,2083,-5.360833,36.204444,12.81586098,26.14986671
SierraCarbonera,10,2084,-5.360833,36.204444,22.14663953,23.57395669
SierraCarbonera,10,2085,-5.360833,36.204444,16.16238506,23.8873358
SierraCarbonera,10,2086,-5.360833,36.204444,28.29956757,23.40925135
SierraCarbonera,10,2087,-5.360833,36.204444,11.48940165,24.11007966
SierraCarbonera,10,2088,-5.360833,36.204444,17.85704225,25.2555924
SierraCarbonera,10,2089,-5.360833,36.204444,0.134828836,25.44586162
SierraCarbonera,10,2090,-5.360833,36.204444,7.808895884,23.73211946
SierraCarbonera,10,2091,-5.360833,36.204444,31.60901068,24.09294946
SierraCarbonera,10,2092,-5.360833,36.204444,1.344760238,24.26247263
SierraCarbonera,10,2093,-5.360833,36.204444,2.309835789,24.57171217
SierraCarbonera,10,2094,-5.360833,36.204444,18.9742488,21.64537078
SierraCarbonera,10,2095,-5.360833,36.204444,7.57551019,24.47414157
SierraCarbonera,10,2096,-5.360833,36.204444,0.899398544,25.61462383
SierraCarbonera,10,2097,-5.360833,36.204444,4.758642858,24.33969097
SierraCarbonera,10,2098,-5.360833,36.204444,0.07095748,22.90077337
SierraCarbonera,10,2099,-5.360833,36.204444,15.16759777,22.7909918
SierraCarbonera,10,2100,-5.360833,36.204444,5.470867054,24.79553203
SierraCarbonera,11,2015,-5.360833,36.204444,14.86424606,19.77042033
SierraCarbonera,11,2016,-5.360833,36.204444,101.7871273,19.4322937
SierraCarbonera,11,2017,-5.360833,36.204444,95.64438344,20.28737386
SierraCarbonera,11,2018,-5.360833,36.204444,30.28487784,19.98256429
SierraCarbonera,11,2019,-5.360833,36.204444,32.77707789,17.68028158
SierraCarbonera,11,2020,-5.360833,36.204444,29.68645361,20.76786906
SierraCarbonera,11,2021,-5.360833,36.204444,6.951308884,20.53946431
SierraCarbonera,11,2022,-5.360833,36.204444,35.48829725,18.9813385
SierraCarbonera,11,2023,-5.360833,36.204444,82.23034655,17.73959554
SierraCarbonera,11,2024,-5.360833,36.204444,8.875324309,18.31747538
SierraCarbonera,11,2025,-5.360833,36.204444,79.86324433,20.00676066
SierraCarbonera,11,2026,-5.360833,36.204444,29.04387112,20.1388682
SierraCarbonera,11,2027,-5.360833,36.204444,37.90569744,19.50891317
SierraCarbonera,11,2028,-5.360833,36.204444,66.08352156,18.25063273
SierraCarbonera,11,2029,-5.360833,36.204444,13.89665404,21.67103068
SierraCarbonera,11,2030,-5.360833,36.204444,13.45958843,19.17119853
SierraCarbonera,11,2031,-5.360833,36.204444,8.758510764,19.15321554
SierraCarbonera,11,2032,-5.360833,36.204444,109.7762825,19.90732727
SierraCarbonera,11,2033,-5.360833,36.204444,6.760043686,19.82070109
SierraCarbonera,11,2034,-5.360833,36.204444,21.65667304,18.57483927
SierraCarbonera,11,2035,-5.360833,36.204444,77.62677067,18.89415487
SierraCarbonera,11,2036,-5.360833,36.204444,40.22463864,19.95669454
SierraCarbonera,11,2037,-5.360833,36.204444,12.17507855,18.53497009
SierraCarbonera,11,2038,-5.360833,36.204444,79.88536745,20.66576843
SierraCarbonera,11,2039,-5.360833,36.204444,6.165758363,20.46057434
SierraCarbonera,11,2040,-5.360833,36.204444,70.74308132,21.15758057
SierraCarbonera,11,2041,-5.360833,36.204444,213.1394264,19.6525177
SierraCarbonera,11,2042,-5.360833,36.204444,1.589781725,19.88500366
SierraCarbonera,11,2043,-5.360833,36.204444,27.06375809,18.32193807
SierraCarbonera,11,2044,-5.360833,36.204444,11.85274502,19.48823039
SierraCarbonera,11,2045,-5.360833,36.204444,108.047772,20.26787313
SierraCarbonera,11,2046,-5.360833,36.204444,37.15711443,20.68721619
SierraCarbonera,11,2047,-5.360833,36.204444,74.11156136,17.71591492
SierraCarbonera,11,2048,-5.360833,36.204444,50.24056971,19.85657349
SierraCarbonera,11,2049,-5.360833,36.204444,24.93994833,20.45651652
SierraCarbonera,11,2050,-5.360833,36.204444,102.4317967,19.83886515
SierraCarbonera,11,2051,-5.360833,36.204444,5.692158373,21.13688354
SierraCarbonera,11,2052,-5.360833,36.204444,9.091169039,21.21131592
SierraCarbonera,11,2053,-5.360833,36.204444,0.096778091,20.95170898
SierraCarbonera,11,2054,-5.360833,36.204444,15.20295855,20.07376099
SierraCarbonera,11,2055,-5.360833,36.204444,12.68359382,19.55184224
SierraCarbonera,11,2056,-5.360833,36.204444,119.687389,19.63467
SierraCarbonera,11,2057,-5.360833,36.204444,72.86378077,20.06214701
SierraCarbonera,11,2058,-5.360833,36.204444,8.866797709,21.44128927
SierraCarbonera,11,2059,-5.360833,36.204444,13.42978676,19.73961995
SierraCarbonera,11,2060,-5.360833,36.204444,12.20127736,18.11060791
SierraCarbonera,11,2061,-5.360833,36.204444,80.85857464,20.17513224
SierraCarbonera,11,2062,-5.360833,36.204444,14.69619799,21.63190715
SierraCarbonera,11,2063,-5.360833,36.204444,2.477587991,20.17040812
SierraCarbonera,11,2064,-5.360833,36.204444,39.05069803,19.54102987
SierraCarbonera,11,2065,-5.360833,36.204444,24.75055492,18.83398743
SierraCarbonera,11,2066,-5.360833,36.204444,52.85313648,19.05762126
SierraCarbonera,11,2067,-5.360833,36.204444,19.90846266,18.46661377
SierraCarbonera,11,2068,-5.360833,36.204444,63.23566786,20.14367879
SierraCarbonera,11,2069,-5.360833,36.204444,78.02835193,20.1725179
SierraCarbonera,11,2070,-5.360833,36.204444,58.52411809,20.63167013
SierraCarbonera,11,2071,-5.360833,36.204444,58.77093048,20.8425649
SierraCarbonera,11,2072,-5.360833,36.204444,45.86046145,21.10908203
SierraCarbonera,11,2073,-5.360833,36.204444,20.96615113,21.33433329
SierraCarbonera,11,2074,-5.360833,36.204444,120.7004002,20.97707825
SierraCarbonera,11,2075,-5.360833,36.204444,59.7215176,20.53737183
SierraCarbonera,11,2076,-5.360833,36.204444,68.0727301,21.49441121
SierraCarbonera,11,2077,-5.360833,36.204444,38.65616068,20.95514018
SierraCarbonera,11,2078,-5.360833,36.204444,24.50763159,19.85910136
SierraCarbonera,11,2079,-5.360833,36.204444,58.26584407,21.31007894
SierraCarbonera,11,2080,-5.360833,36.204444,63.10332607,20.96224772
SierraCarbonera,11,2081,-5.360833,36.204444,3.945457983,19.24268697
SierraCarbonera,11,2082,-5.360833,36.204444,14.10011006,20.31559448
SierraCarbonera,11,2083,-5.360833,36.204444,143.2699781,21.24202983
SierraCarbonera,11,2084,-5.360833,36.204444,10.19084769,20.46029867
SierraCarbonera,11,2085,-5.360833,36.204444,20.54938354,19.88868917
SierraCarbonera,11,2086,-5.360833,36.204444,26.79706899,19.23114522
SierraCarbonera,11,2087,-5.360833,36.204444,1.464352814,20.64314779
SierraCarbonera,11,2088,-5.360833,36.204444,39.07878481,19.45205282
SierraCarbonera,11,2089,-5.360833,36.204444,14.94246987,21.33349915
SierraCarbonera,11,2090,-5.360833,36.204444,25.11852033,22.35602926
SierraCarbonera,11,2091,-5.360833,36.204444,40.30769545,18.65000203
SierraCarbonera,11,2092,-5.360833,36.204444,12.26526159,19.92464396
SierraCarbonera,11,2093,-5.360833,36.204444,103.2738832,21.26404521
SierraCarbonera,11,2094,-5.360833,36.204444,8.384240862,21.44437358
SierraCarbonera,11,2095,-5.360833,36.204444,44.74770657,20.49407145
SierraCarbonera,11,2096,-5.360833,36.204444,0.355242563,20.26130269
SierraCarbonera,11,2097,-5.360833,36.204444,58.05557876,19.54697367
SierraCarbonera,11,2098,-5.360833,36.204444,56.86585935,19.7050649
SierraCarbonera,11,2099,-5.360833,36.204444,45.2197526,20.83935547
SierraCarbonera,11,2100,-5.360833,36.204444,67.88898791,19.64582926
SierraCarbonera,12,2015,-5.360833,36.204444,125.4669033,17.36177979
SierraCarbonera,12,2016,-5.360833,36.204444,15.94428391,17.39975281
SierraCarbonera,12,2017,-5.360833,36.204444,25.35877718,18.54032534
SierraCarbonera,12,2018,-5.360833,36.204444,43.20242657,17.39112785
SierraCarbonera,12,2019,-5.360833,36.204444,59.06331358,16.23550888
SierraCarbonera,12,2020,-5.360833,36.204444,24.03033175,17.15133899
SierraCarbonera,12,2021,-5.360833,36.204444,51.84717548,19.33011927
SierraCarbonera,12,2022,-5.360833,36.204444,230.0734209,17.12519177
SierraCarbonera,12,2023,-5.360833,36.204444,142.6981041,17.04553695
SierraCarbonera,12,2024,-5.360833,36.204444,15.77311867,16.21632792
SierraCarbonera,12,2025,-5.360833,36.204444,23.87713469,16.2080716
SierraCarbonera,12,2026,-5.360833,36.204444,66.48478628,17.98244826
SierraCarbonera,12,2027,-5.360833,36.204444,35.18520127,16.0419851
SierraCarbonera,12,2028,-5.360833,36.204444,70.2797137,19.22625936
SierraCarbonera,12,2029,-5.360833,36.204444,164.1604792,17.65243904
SierraCarbonera,12,2030,-5.360833,36.204444,36.46965576,18.22530009
SierraCarbonera,12,2031,-5.360833,36.204444,64.60127762,18.16577326
SierraCarbonera,12,2032,-5.360833,36.204444,137.0196488,16.93303324
SierraCarbonera,12,2033,-5.360833,36.204444,101.6319039,18.21033876
SierraCarbonera,12,2034,-5.360833,36.204444,68.12307488,17.28669768
SierraCarbonera,12,2035,-5.360833,36.204444,14.95601807,17.05718974
SierraCarbonera,12,2036,-5.360833,36.204444,71.42940139,16.7392039
SierraCarbonera,12,2037,-5.360833,36.204444,72.42587374,17.48691367
SierraCarbonera,12,2038,-5.360833,36.204444,16.87153873,17.42442844
SierraCarbonera,12,2039,-5.360833,36.204444,4.220219963,18.05927872
SierraCarbonera,12,2040,-5.360833,36.204444,2.817611365,17.71951946
SierraCarbonera,12,2041,-5.360833,36.204444,85.33155346,16.0889044
SierraCarbonera,12,2042,-5.360833,36.204444,80.95957361,16.80985068
SierraCarbonera,12,2043,-5.360833,36.204444,7.027915023,16.99571356
SierraCarbonera,12,2044,-5.360833,36.204444,44.17570499,16.32581787
SierraCarbonera,12,2045,-5.360833,36.204444,98.87380747,18.35423505
SierraCarbonera,12,2046,-5.360833,36.204444,38.78706826,19.76001252
SierraCarbonera,12,2047,-5.360833,36.204444,36.55624978,18.52565032
SierraCarbonera,12,2048,-5.360833,36.204444,104.6490111,18.72230733
SierraCarbonera,12,2049,-5.360833,36.204444,119.9071394,19.05129198
SierraCarbonera,12,2050,-5.360833,36.204444,84.23012744,17.19179077
SierraCarbonera,12,2051,-5.360833,36.204444,24.63951251,18.77994247
SierraCarbonera,12,2052,-5.360833,36.204444,10.40492055,18.30295003
SierraCarbonera,12,2053,-5.360833,36.204444,44.48902687,19.98914145
SierraCarbonera,12,2054,-5.360833,36.204444,35.69842031,18.25737915
SierraCarbonera,12,2055,-5.360833,36.204444,4.746149096,18.2897711
SierraCarbonera,12,2056,-5.360833,36.204444,141.1553379,19.50075582
SierraCarbonera,12,2057,-5.360833,36.204444,105.246088,18.56211292
SierraCarbonera,12,2058,-5.360833,36.204444,59.63477838,18.82890251
SierraCarbonera,12,2059,-5.360833,36.204444,8.32142789,17.82396752
SierraCarbonera,12,2060,-5.360833,36.204444,48.81089386,17.69124651
SierraCarbonera,12,2061,-5.360833,36.204444,208.2902406,18.37147748
SierraCarbonera,12,2062,-5.360833,36.204444,20.31904108,19.29773225
SierraCarbonera,12,2063,-5.360833,36.204444,59.941848,18.82395079
SierraCarbonera,12,2064,-5.360833,36.204444,8.460559078,17.14226888
SierraCarbonera,12,2065,-5.360833,36.204444,133.0830381,18.25824841
SierraCarbonera,12,2066,-5.360833,36.204444,12.10478622,17.40760931
SierraCarbonera,12,2067,-5.360833,36.204444,92.18139693,17.41563445
SierraCarbonera,12,2068,-5.360833,36.204444,2.866585322,17.07944031
SierraCarbonera,12,2069,-5.360833,36.204444,20.13118589,17.37741758
SierraCarbonera,12,2070,-5.360833,36.204444,180.2898897,18.15870158
SierraCarbonera,12,2071,-5.360833,36.204444,1.102487244,16.62657786
SierraCarbonera,12,2072,-5.360833,36.204444,75.20978737,17.96652527
SierraCarbonera,12,2073,-5.360833,36.204444,41.26118903,17.33393299
SierraCarbonera,12,2074,-5.360833,36.204444,138.7164613,18.4096599
SierraCarbonera,12,2075,-5.360833,36.204444,290.9707942,19.67408979
SierraCarbonera,12,2076,-5.360833,36.204444,53.10864224,17.78769124
SierraCarbonera,12,2077,-5.360833,36.204444,55.06204572,16.52959792
SierraCarbonera,12,2078,-5.360833,36.204444,144.2720506,17.71035058
SierraCarbonera,12,2079,-5.360833,36.204444,41.95226485,18.42978279
SierraCarbonera,12,2080,-5.360833,36.204444,44.46033618,17.23056157
SierraCarbonera,12,2081,-5.360833,36.204444,41.03666915,19.58733914
SierraCarbonera,12,2082,-5.360833,36.204444,11.14821291,18.18766125
SierraCarbonera,12,2083,-5.360833,36.204444,174.5798528,18.2042067
SierraCarbonera,12,2084,-5.360833,36.204444,43.19166081,18.89568583
SierraCarbonera,12,2085,-5.360833,36.204444,46.84619234,17.52136703
SierraCarbonera,12,2086,-5.360833,36.204444,26.75757313,18.67920887
SierraCarbonera,12,2087,-5.360833,36.204444,48.1178122,18.07198486
SierraCarbonera,12,2088,-5.360833,36.204444,35.88146557,17.1398468
SierraCarbonera,12,2089,-5.360833,36.204444,42.13693559,17.85888258
SierraCarbonera,12,2090,-5.360833,36.204444,77.06383491,18.12321879
SierraCarbonera,12,2091,-5.360833,36.204444,38.69237085,18.36048131
SierraCarbonera,12,2092,-5.360833,36.204444,99.68320071,17.63884989
SierraCarbonera,12,2093,-5.360833,36.204444,92.29826941,19.113917
SierraCarbonera,12,2094,-5.360833,36.204444,212.7423584,17.92049462
SierraCarbonera,12,2095,-5.360833,36.204444,1.624673746,19.90914504
SierraCarbonera,12,2096,-5.360833,36.204444,85.65398673,18.17029114
SierraCarbonera,12,2097,-5.360833,36.204444,87.3431583,18.00978709
SierraCarbonera,12,2098,-5.360833,36.204444,40.15425276,19.60584362
SierraCarbonera,12,2099,-5.360833,36.204444,19.68704772,19.05018547
SierraCarbonera,12,2100,-5.360833,36.204444,11.22051359,18.46367086
SierraCarbonera,2,2015,-5.360833,36.204444,39.1677054,17.6867375
SierraCarbonera,2,2016,-5.360833,36.204444,26.15230688,17.84619477
SierraCarbonera,2,2017,-5.360833,36.204444,153.3394981,16.64302979
SierraCarbonera,2,2018,-5.360833,36.204444,83.67854333,17.85629316
SierraCarbonera,2,2019,-5.360833,36.204444,171.1851887,16.12071599
SierraCarbonera,2,2020,-5.360833,36.204444,113.7160045,16.39262148
SierraCarbonera,2,2021,-5.360833,36.204444,4.288327495,18.33633793
SierraCarbonera,2,2022,-5.360833,36.204444,102.9832394,18.1548063
SierraCarbonera,2,2023,-5.360833,36.204444,53.9871156,16.83173305
SierraCarbonera,2,2024,-5.360833,36.204444,89.39986211,17.05681342
SierraCarbonera,2,2025,-5.360833,36.204444,47.1672305,15.73068608
SierraCarbonera,2,2026,-5.360833,36.204444,40.36546812,15.17344382
SierraCarbonera,2,2027,-5.360833,36.204444,17.6314392,19.34157388
SierraCarbonera,2,2028,-5.360833,36.204444,136.8278407,15.33901262
SierraCarbonera,2,2029,-5.360833,36.204444,19.53896298,16.99483534
SierraCarbonera,2,2030,-5.360833,36.204444,123.1212021,18.25028817
SierraCarbonera,2,2031,-5.360833,36.204444,6.282754707,16.06341705
SierraCarbonera,2,2032,-5.360833,36.204444,9.146862671,17.17678538
SierraCarbonera,2,2033,-5.360833,36.204444,163.9046084,16.8569155
SierraCarbonera,2,2034,-5.360833,36.204444,10.85776103,17.92409886
SierraCarbonera,2,2035,-5.360833,36.204444,49.92935937,16.9599265
SierraCarbonera,2,2036,-5.360833,36.204444,17.53203426,18.09540026
SierraCarbonera,2,2037,-5.360833,36.204444,15.02958523,18.58859624
SierraCarbonera,2,2038,-5.360833,36.204444,70.38232626,17.90709621
SierraCarbonera,2,2039,-5.360833,36.204444,16.76097288,16.35090681
SierraCarbonera,2,2040,-5.360833,36.204444,31.77385708,16.7107746
SierraCarbonera,2,2041,-5.360833,36.204444,1.38101657,17.45574668
SierraCarbonera,2,2042,-5.360833,36.204444,42.055653,18.70341208
SierraCarbonera,2,2043,-5.360833,36.204444,192.1187926,17.40161939
SierraCarbonera,2,2044,-5.360833,36.204444,16.96397185,16.65778556
SierraCarbonera,2,2045,-5.360833,36.204444,37.442414,16.70508728
SierraCarbonera,2,2046,-5.360833,36.204444,26.67624197,17.57283064
SierraCarbonera,2,2047,-5.360833,36.204444,34.39776408,17.50836116
SierraCarbonera,2,2048,-5.360833,36.204444,54.44159206,17.91879083
SierraCarbonera,2,2049,-5.360833,36.204444,10.83054252,18.09231502
SierraCarbonera,2,2050,-5.360833,36.204444,17.05766403,17.56959795
SierraCarbonera,2,2051,-5.360833,36.204444,2.35735214,17.26856493
SierraCarbonera,2,2052,-5.360833,36.204444,73.60781398,16.93456631
SierraCarbonera,2,2053,-5.360833,36.204444,23.11621077,18.22410845
SierraCarbonera,2,2054,-5.360833,36.204444,20.80148642,17.72106214
SierraCarbonera,2,2055,-5.360833,36.204444,20.3123114,16.33171997
SierraCarbonera,2,2056,-5.360833,36.204444,144.248085,17.51976297
SierraCarbonera,2,2057,-5.360833,36.204444,27.91156163,18.79403076
SierraCarbonera,2,2058,-5.360833,36.204444,25.44172045,18.70491071
SierraCarbonera,2,2059,-5.360833,36.204444,77.11679302,17.60602613
SierraCarbonera,2,2060,-5.360833,36.204444,17.85770555,18.66655252
SierraCarbonera,2,2061,-5.360833,36.204444,98.01952091,17.05127542
SierraCarbonera,2,2062,-5.360833,36.204444,112.0581965,18.86190513
SierraCarbonera,2,2063,-5.360833,36.204444,64.87610623,18.02471749
SierraCarbonera,2,2064,-5.360833,36.204444,37.17307406,17.31857426
SierraCarbonera,2,2065,-5.360833,36.204444,19.27408568,17.24851379
SierraCarbonera,2,2066,-5.360833,36.204444,40.06174662,16.60227792
SierraCarbonera,2,2067,-5.360833,36.204444,6.28035156,17.70655757
SierraCarbonera,2,2068,-5.360833,36.204444,45.44902752,16.36643319
SierraCarbonera,2,2069,-5.360833,36.204444,159.7111211,16.98304792
SierraCarbonera,2,2070,-5.360833,36.204444,21.21882543,17.2842586
SierraCarbonera,2,2071,-5.360833,36.204444,6.328401614,17.754359
SierraCarbonera,2,2072,-5.360833,36.204444,84.11636764,18.27751865
SierraCarbonera,2,2073,-5.360833,36.204444,30.5002421,18.61450784
SierraCarbonera,2,2074,-5.360833,36.204444,6.58731494,17.72890843
SierraCarbonera,2,2075,-5.360833,36.204444,45.85257578,18.59562182
SierraCarbonera,2,2076,-5.360833,36.204444,46.13445616,16.974819
SierraCarbonera,2,2077,-5.360833,36.204444,3.354638542,16.25440914
SierraCarbonera,2,2078,-5.360833,36.204444,35.25808534,18.97421199
SierraCarbonera,2,2079,-5.360833,36.204444,32.02912438,17.32339085
SierraCarbonera,2,2080,-5.360833,36.204444,79.88503507,18.65727202
SierraCarbonera,2,2081,-5.360833,36.204444,5.153713215,18.37661351
SierraCarbonera,2,2082,-5.360833,36.204444,11.76572385,18.46550576
SierraCarbonera,2,2083,-5.360833,36.204444,32.59404067,17.06077074
SierraCarbonera,2,2084,-5.360833,36.204444,41.90227793,18.55545696
SierraCarbonera,2,2085,-5.360833,36.204444,20.01732562,16.88190068
SierraCarbonera,2,2086,-5.360833,36.204444,10.60600939,17.37034215
SierraCarbonera,2,2087,-5.360833,36.204444,52.98231871,17.45990579
SierraCarbonera,2,2088,-5.360833,36.204444,11.18582462,19.37146543
SierraCarbonera,2,2089,-5.360833,36.204444,92.75557433,18.34182129
SierraCarbonera,2,2090,-5.360833,36.204444,3.271739631,17.19642247
SierraCarbonera,2,2091,-5.360833,36.204444,41.57245774,17.61109096
SierraCarbonera,2,2092,-5.360833,36.204444,70.92446059,18.19441613
SierraCarbonera,2,2093,-5.360833,36.204444,66.90757339,17.22100983
SierraCarbonera,2,2094,-5.360833,36.204444,25.13339598,18.09181693
SierraCarbonera,2,2095,-5.360833,36.204444,15.82109495,17.30267269
SierraCarbonera,2,2096,-5.360833,36.204444,45.26817541,18.81247601
SierraCarbonera,2,2097,-5.360833,36.204444,5.458182743,17.44235491
SierraCarbonera,2,2098,-5.360833,36.204444,53.09012353,17.71682347
SierraCarbonera,2,2099,-5.360833,36.204444,78.80124384,16.06647535
SierraCarbonera,2,2100,-5.360833,36.204444,158.439077,18.19970965
SierraCarbonera,3,2015,-5.360833,36.204444,67.05900505,18.59103472
SierraCarbonera,3,2016,-5.360833,36.204444,10.65783987,18.43116888
SierraCarbonera,3,2017,-5.360833,36.204444,7.623030797,18.3608741
SierraCarbonera,3,2018,-5.360833,36.204444,50.92479776,19.26744306
SierraCarbonera,3,2019,-5.360833,36.204444,50.27946406,17.76884687
SierraCarbonera,3,2020,-5.360833,36.204444,52.89111877,17.91106272
SierraCarbonera,3,2021,-5.360833,36.204444,5.224525631,20.10524902
SierraCarbonera,3,2022,-5.360833,36.204444,59.77708763,19.00835276
SierraCarbonera,3,2023,-5.360833,36.204444,5.488328403,17.46718159
SierraCarbonera,3,2024,-5.360833,36.204444,6.762658961,17.00690957
SierraCarbonera,3,2025,-5.360833,36.204444,49.27843036,17.31400993
SierraCarbonera,3,2026,-5.360833,36.204444,11.93302431,17.67012841
SierraCarbonera,3,2027,-5.360833,36.204444,4.984747747,19.25427226
SierraCarbonera,3,2028,-5.360833,36.204444,15.29148469,18.87500768
SierraCarbonera,3,2029,-5.360833,36.204444,27.28098383,17.56954641
SierraCarbonera,3,2030,-5.360833,36.204444,13.24363127,19.85868373
SierraCarbonera,3,2031,-5.360833,36.204444,27.644537,18.13366089
SierraCarbonera,3,2032,-5.360833,36.204444,10.62417793,19.41518456
SierraCarbonera,3,2033,-5.360833,36.204444,5.529966364,20.02411952
SierraCarbonera,3,2034,-5.360833,36.204444,16.90920811,18.74129343
SierraCarbonera,3,2035,-5.360833,36.204444,130.275785,17.04499748
SierraCarbonera,3,2036,-5.360833,36.204444,12.59790051,19.10570186
SierraCarbonera,3,2037,-5.360833,36.204444,1.971947845,20.47092541
SierraCarbonera,3,2038,-5.360833,36.204444,41.11621825,18.68661972
SierraCarbonera,3,2039,-5.360833,36.204444,74.01952711,18.97763436
SierraCarbonera,3,2040,-5.360833,36.204444,19.93348678,19.8332744
SierraCarbonera,3,2041,-5.360833,36.204444,46.27232445,18.3743422
SierraCarbonera,3,2042,-5.360833,36.204444,45.76624531,17.61745212
SierraCarbonera,3,2043,-5.360833,36.204444,16.21350519,18.52649989
SierraCarbonera,3,2044,-5.360833,36.204444,67.50483924,17.56863581
SierraCarbonera,3,2045,-5.360833,36.204444,37.06448148,18.78076152
SierraCarbonera,3,2046,-5.360833,36.204444,70.8961851,19.63944348
SierraCarbonera,3,2047,-5.360833,36.204444,46.90175693,18.80559102
SierraCarbonera,3,2048,-5.360833,36.204444,8.174629961,19.2378036
SierraCarbonera,3,2049,-5.360833,36.204444,18.14521742,19.04213769
SierraCarbonera,3,2050,-5.360833,36.204444,4.573737487,19.8323697
SierraCarbonera,3,2051,-5.360833,36.204444,27.47328465,18.72656132
SierraCarbonera,3,2052,-5.360833,36.204444,71.36056421,20.03209839
SierraCarbonera,3,2053,-5.360833,36.204444,20.84287903,18.04384963
SierraCarbonera,3,2054,-5.360833,36.204444,73.79947989,18.30330712
SierraCarbonera,3,2055,-5.360833,36.204444,90.81120581,17.1083185
SierraCarbonera,3,2056,-5.360833,36.204444,24.14366291,18.82284625
SierraCarbonera,3,2057,-5.360833,36.204444,12.18742192,19.81701739
SierraCarbonera,3,2058,-5.360833,36.204444,65.34203055,18.62288425
SierraCarbonera,3,2059,-5.360833,36.204444,83.19070885,18.76483725
SierraCarbonera,3,2060,-5.360833,36.204444,74.83004389,19.66263093
SierraCarbonera,3,2061,-5.360833,36.204444,44.75774676,17.72701219
SierraCarbonera,3,2062,-5.360833,36.204444,9.851739997,18.98224251
SierraCarbonera,3,2063,-5.360833,36.204444,0.600141038,19.29364092
SierraCarbonera,3,2064,-5.360833,36.204444,15.63126381,19.17522977
SierraCarbonera,3,2065,-5.360833,36.204444,30.54999448,18.18849015
SierraCarbonera,3,2066,-5.360833,36.204444,2.661771234,19.16844207
SierraCarbonera,3,2067,-5.360833,36.204444,15.65308093,19.86178471
SierraCarbonera,3,2068,-5.360833,36.204444,74.91139376,19.36804475
SierraCarbonera,3,2069,-5.360833,36.204444,115.429414,17.38697549
SierraCarbonera,3,2070,-5.360833,36.204444,1.487554561,19.91127339
SierraCarbonera,3,2071,-5.360833,36.204444,4.193699174,18.94265924
SierraCarbonera,3,2072,-5.360833,36.204444,12.34871188,19.56009482
SierraCarbonera,3,2073,-5.360833,36.204444,73.87940753,18.88792154
SierraCarbonera,3,2074,-5.360833,36.204444,2.812334696,19.77733568
SierraCarbonera,3,2075,-5.360833,36.204444,21.62463296,19.28932909
SierraCarbonera,3,2076,-5.360833,36.204444,60.60632015,20.34025111
SierraCarbonera,3,2077,-5.360833,36.204444,3.408576425,20.23222774
SierraCarbonera,3,2078,-5.360833,36.204444,50.09523592,18.80874713
SierraCarbonera,3,2079,-5.360833,36.204444,5.289788425,19.28064339
SierraCarbonera,3,2080,-5.360833,36.204444,19.33359382,19.05363691
SierraCarbonera,3,2081,-5.360833,36.204444,14.20574784,18.2107857
SierraCarbonera,3,2082,-5.360833,36.204444,86.27590313,18.13360182
SierraCarbonera,3,2083,-5.360833,36.204444,17.79153859,16.91105091
SierraCarbonera,3,2084,-5.360833,36.204444,66.45820827,19.40002422
SierraCarbonera,3,2085,-5.360833,36.204444,3.862472045,20.40484796
SierraCarbonera,3,2086,-5.360833,36.204444,44.14189585,17.31805006
SierraCarbonera,3,2087,-5.360833,36.204444,2.03767388,20.37342372
SierraCarbonera,3,2088,-5.360833,36.204444,5.73091537,20.69613037
SierraCarbonera,3,2089,-5.360833,36.204444,96.17888069,19.27221463
SierraCarbonera,3,2090,-5.360833,36.204444,5.896381391,21.39100972
SierraCarbonera,3,2091,-5.360833,36.204444,9.860539669,21.07969203
SierraCarbonera,3,2092,-5.360833,36.204444,25.9422521,20.2087548
SierraCarbonera,3,2093,-5.360833,36.204444,52.07426879,18.17931223
SierraCarbonera,3,2094,-5.360833,36.204444,21.73869216,18.56472168
SierraCarbonera,3,2095,-5.360833,36.204444,45.50084732,18.55784243
SierraCarbonera,3,2096,-5.360833,36.204444,80.58156486,18.98841494
SierraCarbonera,3,2097,-5.360833,36.204444,24.10460154,17.96952357
SierraCarbonera,3,2098,-5.360833,36.204444,30.92338447,18.99292366
SierraCarbonera,3,2099,-5.360833,36.204444,137.1349361,18.31512924
SierraCarbonera,3,2100,-5.360833,36.204444,10.17320966,18.96477956
SierraCarbonera,4,2015,-5.360833,36.204444,19.14988633,20.90034485
SierraCarbonera,4,2016,-5.360833,36.204444,1.770788673,20.02556864
SierraCarbonera,4,2017,-5.360833,36.204444,27.43767667,19.2776886
SierraCarbonera,4,2018,-5.360833,36.204444,17.75032159,19.97425741
SierraCarbonera,4,2019,-5.360833,36.204444,7.730804134,19.95571289
SierraCarbonera,4,2020,-5.360833,36.204444,15.90538698,20.9677419
SierraCarbonera,4,2021,-5.360833,36.204444,5.990967084,19.84891357
SierraCarbonera,4,2022,-5.360833,36.204444,38.85594387,19.91819763
SierraCarbonera,4,2023,-5.360833,36.204444,11.69857262,21.09731445
SierraCarbonera,4,2024,-5.360833,36.204444,1.664591357,19.20473735
SierraCarbonera,4,2025,-5.360833,36.204444,21.64139862,18.79019165
SierraCarbonera,4,2026,-5.360833,36.204444,11.74415114,19.57736816
SierraCarbonera,4,2027,-5.360833,36.204444,34.58322278,20.08526103
SierraCarbonera,4,2028,-5.360833,36.204444,5.119764534,20.94820251
SierraCarbonera,4,2029,-5.360833,36.204444,54.38403116,18.70542399
SierraCarbonera,4,2030,-5.360833,36.204444,66.54969414,19.6692159
SierraCarbonera,4,2031,-5.360833,36.204444,29.24705453,20.2896993
SierraCarbonera,4,2032,-5.360833,36.204444,38.63547837,19.79051005
SierraCarbonera,4,2033,-5.360833,36.204444,7.052768459,21.90958455
SierraCarbonera,4,2034,-5.360833,36.204444,71.22633114,20.57022909
SierraCarbonera,4,2035,-5.360833,36.204444,31.16820508,20.66778768
SierraCarbonera,4,2036,-5.360833,36.204444,4.635821202,20.9877889
SierraCarbonera,4,2037,-5.360833,36.204444,0.384440956,23.04914449
SierraCarbonera,4,2038,-5.360833,36.204444,42.24792571,19.05046794
SierraCarbonera,4,2039,-5.360833,36.204444,17.69405557,21.47379252
SierraCarbonera,4,2040,-5.360833,36.204444,34.15824846,20.85536702
SierraCarbonera,4,2041,-5.360833,36.204444,25.37443626,19.45994364
SierraCarbonera,4,2042,-5.360833,36.204444,3.2837871,20.80542196
SierraCarbonera,4,2043,-5.360833,36.204444,39.99159648,18.7437205
SierraCarbonera,4,2044,-5.360833,36.204444,12.65455556,19.63114624
SierraCarbonera,4,2045,-5.360833,36.204444,29.03095628,20.19950765
SierraCarbonera,4,2046,-5.360833,36.204444,32.83694951,19.77155355
SierraCarbonera,4,2047,-5.360833,36.204444,23.16143312,19.90939229
SierraCarbonera,4,2048,-5.360833,36.204444,36.71592664,20.28931173
SierraCarbonera,4,2049,-5.360833,36.204444,2.0261983,21.50121867
SierraCarbonera,4,2050,-5.360833,36.204444,24.23045081,20.16742757
SierraCarbonera,4,2051,-5.360833,36.204444,10.11528753,21.52635498
SierraCarbonera,4,2052,-5.360833,36.204444,21.75899698,20.9295461
SierraCarbonera,4,2053,-5.360833,36.204444,19.52653645,21.86052551
SierraCarbonera,4,2054,-5.360833,36.204444,45.2942295,21.27167765
SierraCarbonera,4,2055,-5.360833,36.204444,21.02125658,19.54173177
SierraCarbonera,4,2056,-5.360833,36.204444,67.67769471,21.59237061
SierraCarbonera,4,2057,-5.360833,36.204444,26.21903282,21.5098877
SierraCarbonera,4,2058,-5.360833,36.204444,14.43816506,21.91769307
SierraCarbonera,4,2059,-5.360833,36.204444,9.369693683,20.88336385
SierraCarbonera,4,2060,-5.360833,36.204444,66.82270423,19.82178345
SierraCarbonera,4,2061,-5.360833,36.204444,31.71600011,20.80514221
SierraCarbonera,4,2062,-5.360833,36.204444,6.205091471,20.76406352
SierraCarbonera,4,2063,-5.360833,36.204444,24.21131751,20.301356
SierraCarbonera,4,2064,-5.360833,36.204444,0.494195473,21.78172099
SierraCarbonera,4,2065,-5.360833,36.204444,13.00083107,19.89191386
SierraCarbonera,4,2066,-5.360833,36.204444,2.121819303,21.41815491
SierraCarbonera,4,2067,-5.360833,36.204444,43.1742122,20.68005981
SierraCarbonera,4,2068,-5.360833,36.204444,2.315460513,20.0706075
SierraCarbonera,4,2069,-5.360833,36.204444,0.550474352,21.66205953
SierraCarbonera,4,2070,-5.360833,36.204444,9.940462824,21.45394084
SierraCarbonera,4,2071,-5.360833,36.204444,6.769213012,20.95086161
SierraCarbonera,4,2072,-5.360833,36.204444,7.517157381,19.91616211
SierraCarbonera,4,2073,-5.360833,36.204444,47.92430434,18.59336853
SierraCarbonera,4,2074,-5.360833,36.204444,12.32714956,22.40590719
SierraCarbonera,4,2075,-5.360833,36.204444,4.515040983,22.31783651
SierraCarbonera,4,2076,-5.360833,36.204444,3.771616017,22.33157857
SierraCarbonera,4,2077,-5.360833,36.204444,20.50389524,19.96139832
SierraCarbonera,4,2078,-5.360833,36.204444,6.996875556,19.13348083
SierraCarbonera,4,2079,-5.360833,36.204444,6.585412264,22.33785706
SierraCarbonera,4,2080,-5.360833,36.204444,10.47330234,20.37891439
SierraCarbonera,4,2081,-5.360833,36.204444,2.619876257,22.11139933
SierraCarbonera,4,2082,-5.360833,36.204444,1.592685986,20.81955668
SierraCarbonera,4,2083,-5.360833,36.204444,6.085133685,20.08558655
SierraCarbonera,4,2084,-5.360833,36.204444,5.551622394,21.89000753
SierraCarbonera,4,2085,-5.360833,36.204444,14.39590331,21.25871073
SierraCarbonera,4,2086,-5.360833,36.204444,1.690507401,21.24211731
SierraCarbonera,4,2087,-5.360833,36.204444,2.629922237,23.23283488
SierraCarbonera,4,2088,-5.360833,36.204444,1.135122669,22.05500488
SierraCarbonera,4,2089,-5.360833,36.204444,4.982673202,21.09267782
SierraCarbonera,4,2090,-5.360833,36.204444,17.21280811,22.26715088
SierraCarbonera,4,2091,-5.360833,36.204444,22.56720963,21.21988525
SierraCarbonera,4,2092,-5.360833,36.204444,60.39297303,21.34099325
SierraCarbonera,4,2093,-5.360833,36.204444,17.72988061,20.81468608
SierraCarbonera,4,2094,-5.360833,36.204444,4.019686033,19.74826864
SierraCarbonera,4,2095,-5.360833,36.204444,74.90797825,20.49025269
SierraCarbonera,4,2096,-5.360833,36.204444,32.48157671,18.7463206
SierraCarbonera,4,2097,-5.360833,36.204444,66.59870641,19.54340515
SierraCarbonera,4,2098,-5.360833,36.204444,13.32770216,22.53571167
SierraCarbonera,4,2099,-5.360833,36.204444,8.948511914,21.70256348
SierraCarbonera,4,2100,-5.360833,36.204444,56.65837419,20.73226725
SierraCarbonera,5,2015,-5.360833,36.204444,26.56930497,23.04343911
SierraCarbonera,5,2016,-5.360833,36.204444,50.66333875,19.7801807
SierraCarbonera,5,2017,-5.360833,36.204444,1.890598274,22.80272138
SierraCarbonera,5,2018,-5.360833,36.204444,12.5906802,21.74139188
SierraCarbonera,5,2019,-5.360833,36.204444,0.933399007,22.17701751
SierraCarbonera,5,2020,-5.360833,36.204444,14.32144813,22.19920083
SierraCarbonera,5,2021,-5.360833,36.204444,27.69862547,21.57829216
SierraCarbonera,5,2022,-5.360833,36.204444,36.54641134,21.98989455
SierraCarbonera,5,2023,-5.360833,36.204444,22.99621124,23.07518921
SierraCarbonera,5,2024,-5.360833,36.204444,12.4107722,21.97186752
SierraCarbonera,5,2025,-5.360833,36.204444,25.19609818,20.14840875
SierraCarbonera,5,2026,-5.360833,36.204444,12.57757179,22.04739852
SierraCarbonera,5,2027,-5.360833,36.204444,17.55428438,21.83620212
SierraCarbonera,5,2028,-5.360833,36.204444,13.12726525,20.93542756
SierraCarbonera,5,2029,-5.360833,36.204444,5.07632687,23.377897
SierraCarbonera,5,2030,-5.360833,36.204444,14.17875963,23.0049909
SierraCarbonera,5,2031,-5.360833,36.204444,94.19254875,21.92348731
SierraCarbonera,5,2032,-5.360833,36.204444,2.162326655,23.40240754
SierraCarbonera,5,2033,-5.360833,36.204444,12.43703225,22.17746247
SierraCarbonera,5,2034,-5.360833,36.204444,50.79922169,22.09956193
SierraCarbonera,5,2035,-5.360833,36.204444,52.49350657,19.37573616
SierraCarbonera,5,2036,-5.360833,36.204444,7.596863161,22.12198644
SierraCarbonera,5,2037,-5.360833,36.204444,9.418500007,23.30892531
SierraCarbonera,5,2038,-5.360833,36.204444,17.80935576,21.85324963
SierraCarbonera,5,2039,-5.360833,36.204444,3.109495048,23.02096833
SierraCarbonera,5,2040,-5.360833,36.204444,19.89184847,20.10980303
SierraCarbonera,5,2041,-5.360833,36.204444,3.13079718,22.05249693
SierraCarbonera,5,2042,-5.360833,36.204444,37.81259842,22.72450483
SierraCarbonera,5,2043,-5.360833,36.204444,12.62271276,22.53364789
SierraCarbonera,5,2044,-5.360833,36.204444,1.577369945,22.50469754
SierraCarbonera,5,2045,-5.360833,36.204444,15.10378885,22.71756946
SierraCarbonera,5,2046,-5.360833,36.204444,36.24896092,22.4600454
SierraCarbonera,5,2047,-5.360833,36.204444,12.04478186,22.5653596
SierraCarbonera,5,2048,-5.360833,36.204444,7.877808505,21.65636498
SierraCarbonera,5,2049,-5.360833,36.204444,6.773319979,23.69693367
SierraCarbonera,5,2050,-5.360833,36.204444,12.45624519,22.80486746
SierraCarbonera,5,2051,-5.360833,36.204444,17.35114649,23.14828176
SierraCarbonera,5,2052,-5.360833,36.204444,2.382551308,24.92996491
SierraCarbonera,5,2053,-5.360833,36.204444,21.05307309,24.0289344
SierraCarbonera,5,2054,-5.360833,36.204444,36.27298053,22.81256478
SierraCarbonera,5,2055,-5.360833,36.204444,0.762744687,22.21349389
SierraCarbonera,5,2056,-5.360833,36.204444,16.38297889,22.54302565
SierraCarbonera,5,2057,-5.360833,36.204444,15.97083914,21.33255084
SierraCarbonera,5,2058,-5.360833,36.204444,37.86876615,23.11293355
SierraCarbonera,5,2059,-5.360833,36.204444,1.284750686,23.33314445
SierraCarbonera,5,2060,-5.360833,36.204444,21.220363,22.91872559
SierraCarbonera,5,2061,-5.360833,36.204444,2.04790318,23.46695419
SierraCarbonera,5,2062,-5.360833,36.204444,13.90862318,22.73864333
SierraCarbonera,5,2063,-5.360833,36.204444,2.043918175,22.91285834
SierraCarbonera,5,2064,-5.360833,36.204444,18.45646266,24.22816201
SierraCarbonera,5,2065,-5.360833,36.204444,4.501250928,22.89704039
SierraCarbonera,5,2066,-5.360833,36.204444,5.214389999,20.70138825
SierraCarbonera,5,2067,-5.360833,36.204444,12.93389035,23.92408684
SierraCarbonera,5,2068,-5.360833,36.204444,24.14066874,22.34037318
SierraCarbonera,5,2069,-5.360833,36.204444,3.515681766,24.38815386
SierraCarbonera,5,2070,-5.360833,36.204444,1.737324116,23.38064654
SierraCarbonera,5,2071,-5.360833,36.204444,14.65642974,23.09894271
SierraCarbonera,5,2072,-5.360833,36.204444,53.84799986,20.91089537
SierraCarbonera,5,2073,-5.360833,36.204444,3.413815517,23.79836623
SierraCarbonera,5,2074,-5.360833,36.204444,9.13776583,22.56059393
SierraCarbonera,5,2075,-5.360833,36.204444,40.99188391,23.24972613
SierraCarbonera,5,2076,-5.360833,36.204444,11.73494689,24.90388814
SierraCarbonera,5,2077,-5.360833,36.204444,21.02361483,23.08212654
SierraCarbonera,5,2078,-5.360833,36.204444,75.47152563,20.41593175
SierraCarbonera,5,2079,-5.360833,36.204444,0.813532337,24.94841328
SierraCarbonera,5,2080,-5.360833,36.204444,62.83454243,22.1581921
SierraCarbonera,5,2081,-5.360833,36.204444,8.720531451,23.62607973
SierraCarbonera,5,2082,-5.360833,36.204444,31.12926352,22.82800864
SierraCarbonera,5,2083,-5.360833,36.204444,0.33889949,24.22876941
SierraCarbonera,5,2084,-5.360833,36.204444,43.77438158,21.97322998
SierraCarbonera,5,2085,-5.360833,36.204444,7.865289288,23.61215682
SierraCarbonera,5,2086,-5.360833,36.204444,6.737011035,22.93715623
SierraCarbonera,5,2087,-5.360833,36.204444,2.33793517,24.90849924
SierraCarbonera,5,2088,-5.360833,36.204444,8.731813497,25.1641322
SierraCarbonera,5,2089,-5.360833,36.204444,19.970951,24.38343644
SierraCarbonera,5,2090,-5.360833,36.204444,38.88745431,23.26903785
SierraCarbonera,5,2091,-5.360833,36.204444,0.775963104,22.97943194
SierraCarbonera,5,2092,-5.360833,36.204444,3.172738591,23.52152257
SierraCarbonera,5,2093,-5.360833,36.204444,26.34441225,23.98325943
SierraCarbonera,5,2094,-5.360833,36.204444,6.281627991,22.74229067
SierraCarbonera,5,2095,-5.360833,36.204444,1.656750358,23.92986352
SierraCarbonera,5,2096,-5.360833,36.204444,3.2699138,22.15860163
SierraCarbonera,5,2097,-5.360833,36.204444,1.931670198,22.77556664
SierraCarbonera,5,2098,-5.360833,36.204444,24.75615453,22.58609088
SierraCarbonera,5,2099,-5.360833,36.204444,21.56599228,26.54742215
SierraCarbonera,5,2100,-5.360833,36.204444,58.18598587,20.48987978
SierraCarbonera,6,2015,-5.360833,36.204444,11.43268896,25.12388916
SierraCarbonera,6,2016,-5.360833,36.204444,10.81014302,24.80907694
SierraCarbonera,6,2017,-5.360833,36.204444,16.62687798,24.1956309
SierraCarbonera,6,2018,-5.360833,36.204444,2.304504936,24.2989624
SierraCarbonera,6,2019,-5.360833,36.204444,3.023009041,24.34342753
SierraCarbonera,6,2020,-5.360833,36.204444,0.478482365,25.54847107
SierraCarbonera,6,2021,-5.360833,36.204444,0.02017984,26.51384989
SierraCarbonera,6,2022,-5.360833,36.204444,0.993663544,26.08105469
SierraCarbonera,6,2023,-5.360833,36.204444,11.26840505,25.25273539
SierraCarbonera,6,2024,-5.360833,36.204444,2.390418131,25.38369039
SierraCarbonera,6,2025,-5.360833,36.204444,2.337492551,24.6648468
SierraCarbonera,6,2026,-5.360833,36.204444,8.822102186,26.37143555
SierraCarbonera,6,2027,-5.360833,36.204444,0.599258648,25.43178202
SierraCarbonera,6,2028,-5.360833,36.204444,9.814566931,24.5489329
SierraCarbonera,6,2029,-5.360833,36.204444,6.930660113,24.4731781
SierraCarbonera,6,2030,-5.360833,36.204444,24.25920891,25.08228048
SierraCarbonera,6,2031,-5.360833,36.204444,12.41802929,27.23867798
SierraCarbonera,6,2032,-5.360833,36.204444,1.566589425,28.56979472
SierraCarbonera,6,2033,-5.360833,36.204444,2.638046695,25.42724915
SierraCarbonera,6,2034,-5.360833,36.204444,2.650109309,25.36330872
SierraCarbonera,6,2035,-5.360833,36.204444,8.320560526,24.95092672
SierraCarbonera,6,2036,-5.360833,36.204444,0.397846737,25.97727865
SierraCarbonera,6,2037,-5.360833,36.204444,14.33881449,25.78631185
SierraCarbonera,6,2038,-5.360833,36.204444,16.76449401,24.92771403
SierraCarbonera,6,2039,-5.360833,36.204444,3.771068652,27.69979757
SierraCarbonera,6,2040,-5.360833,36.204444,0.51192737,25.33442586
SierraCarbonera,6,2041,-5.360833,36.204444,10.82130155,25.82947795
SierraCarbonera,6,2042,-5.360833,36.204444,1.751711844,25.29752604
SierraCarbonera,6,2043,-5.360833,36.204444,0.941310968,27.10895386
SierraCarbonera,6,2044,-5.360833,36.204444,1.213394558,26.49813232
SierraCarbonera,6,2045,-5.360833,36.204444,26.88163826,25.33018188
SierraCarbonera,6,2046,-5.360833,36.204444,0.49910211,25.38109334
SierraCarbonera,6,2047,-5.360833,36.204444,9.666042533,26.98004659
SierraCarbonera,6,2048,-5.360833,36.204444,1.006344081,26.51602376
SierraCarbonera,6,2049,-5.360833,36.204444,14.55230319,28.05231425
SierraCarbonera,6,2050,-5.360833,36.204444,15.16865688,26.50661825
SierraCarbonera,6,2051,-5.360833,36.204444,3.104553684,25.16821187
SierraCarbonera,6,2052,-5.360833,36.204444,1.76718888,27.30794373
SierraCarbonera,6,2053,-5.360833,36.204444,0.254846509,26.73312683
SierraCarbonera,6,2054,-5.360833,36.204444,0.456883148,28.19003398
SierraCarbonera,6,2055,-5.360833,36.204444,1.209925887,27.12475688
SierraCarbonera,6,2056,-5.360833,36.204444,3.030629706,25.87258199
SierraCarbonera,6,2057,-5.360833,36.204444,4.84590146519069e-05,26.8999644
SierraCarbonera,6,2058,-5.360833,36.204444,4.704721687,26.16756185
SierraCarbonera,6,2059,-5.360833,36.204444,0.960171361,25.51121318
SierraCarbonera,6,2060,-5.360833,36.204444,11.05198057,26.01917521
SierraCarbonera,6,2061,-5.360833,36.204444,15.70103987,28.12191874
SierraCarbonera,6,2062,-5.360833,36.204444,2.601603554,27.39697876
SierraCarbonera,6,2063,-5.360833,36.204444,0.348523703,27.14226074
SierraCarbonera,6,2064,-5.360833,36.204444,0.63016109,27.27336629
SierraCarbonera,6,2065,-5.360833,36.204444,0.104875218,27.33616028
SierraCarbonera,6,2066,-5.360833,36.204444,0.709014296,25.64184163
SierraCarbonera,6,2067,-5.360833,36.204444,3.019206835,28.2691213
SierraCarbonera,6,2068,-5.360833,36.204444,3.315462154,27.18213603
SierraCarbonera,6,2069,-5.360833,36.204444,21.21958365,28.33490906
SierraCarbonera,6,2070,-5.360833,36.204444,91.59643305,26.7995697
SierraCarbonera,6,2071,-5.360833,36.204444,0.001830084,27.07820231
SierraCarbonera,6,2072,-5.360833,36.204444,15.42091199,24.8008606
SierraCarbonera,6,2073,-5.360833,36.204444,7.895733969,24.98627014
SierraCarbonera,6,2074,-5.360833,36.204444,1.371368999,26.36082865
SierraCarbonera,6,2075,-5.360833,36.204444,3.746494285,26.51497701
SierraCarbonera,6,2076,-5.360833,36.204444,3.180161847,26.93838603
SierraCarbonera,6,2077,-5.360833,36.204444,1.307937471,27.82612305
SierraCarbonera,6,2078,-5.360833,36.204444,2.823300062,27.59452311
SierraCarbonera,6,2079,-5.360833,36.204444,2.13514284,26.71493937
SierraCarbonera,6,2080,-5.360833,36.204444,5.572613972,26.21239115
SierraCarbonera,6,2081,-5.360833,36.204444,12.81441042,28.58234965
SierraCarbonera,6,2082,-5.360833,36.204444,0.4702046,27.60872904
SierraCarbonera,6,2083,-5.360833,36.204444,2.177852853,27.59689331
SierraCarbonera,6,2084,-5.360833,36.204444,10.64418371,23.7426768
SierraCarbonera,6,2085,-5.360833,36.204444,0.343573164,27.93795471
SierraCarbonera,6,2086,-5.360833,36.204444,4.347732537,25.46571248
SierraCarbonera,6,2087,-5.360833,36.204444,13.43060142,30.0597758
SierraCarbonera,6,2088,-5.360833,36.204444,8.182372427,25.66917013
SierraCarbonera,6,2089,-5.360833,36.204444,0.184517942,26.19928487
SierraCarbonera,6,2090,-5.360833,36.204444,0.325486239,27.97330017
SierraCarbonera,6,2091,-5.360833,36.204444,1.048406812,26.64950053
SierraCarbonera,6,2092,-5.360833,36.204444,14.20700736,27.45508321
SierraCarbonera,6,2093,-5.360833,36.204444,0.000732555,27.72221069
SierraCarbonera,6,2094,-5.360833,36.204444,0.442529092,26.65974426
SierraCarbonera,6,2095,-5.360833,36.204444,2.871266809,28.5549408
SierraCarbonera,6,2096,-5.360833,36.204444,0.574908591,25.75739136
SierraCarbonera,6,2097,-5.360833,36.204444,0.006117933,27.44307658
SierraCarbonera,6,2098,-5.360833,36.204444,3.497213348,26.23625183
SierraCarbonera,6,2099,-5.360833,36.204444,3.104839783,27.84369609
SierraCarbonera,6,2100,-5.360833,36.204444,11.79775413,26.05668132
SierraCarbonera,7,2015,-5.360833,36.204444,1.270525445,28.23426061
SierraCarbonera,7,2016,-5.360833,36.204444,0.839149164,28.58280777
SierraCarbonera,7,2017,-5.360833,36.204444,0.018923604,29.04676061
SierraCarbonera,7,2018,-5.360833,36.204444,0.181754462,27.91979567
SierraCarbonera,7,2019,-5.360833,36.204444,0.008473229,29.11276718
SierraCarbonera,7,2020,-5.360833,36.204444,0.088216272,29.76330153
SierraCarbonera,7,2021,-5.360833,36.204444,0.064162216,29.2646384
SierraCarbonera,7,2022,-5.360833,36.204444,5.91371619582378e-07,30.16904454
SierraCarbonera,7,2023,-5.360833,36.204444,0.367394544,28.52981252
SierraCarbonera,7,2024,-5.360833,36.204444,0.191780271,28.70127504
SierraCarbonera,7,2025,-5.360833,36.204444,0.094232305,28.48884021
SierraCarbonera,7,2026,-5.360833,36.204444,18.00778257,29.43356993
SierraCarbonera,7,2027,-5.360833,36.204444,0.37384859,28.43671225
SierraCarbonera,7,2028,-5.360833,36.204444,1.568060921,29.41521213
SierraCarbonera,7,2029,-5.360833,36.204444,0.754268841,28.96728201
SierraCarbonera,7,2030,-5.360833,36.204444,0.13518314,27.60246503
SierraCarbonera,7,2031,-5.360833,36.204444,1.020030272,29.9985005
SierraCarbonera,7,2032,-5.360833,36.204444,0.0808702,29.88949073
SierraCarbonera,7,2033,-5.360833,36.204444,3.249720493,28.38462564
SierraCarbonera,7,2034,-5.360833,36.204444,0.02505485,29.04826975
SierraCarbonera,7,2035,-5.360833,36.204444,0.001054398,28.64778167
SierraCarbonera,7,2036,-5.360833,36.204444,0.000516296,29.40328763
SierraCarbonera,7,2037,-5.360833,36.204444,13.35642669,29.34382856
SierraCarbonera,7,2038,-5.360833,36.204444,0.058405403,27.94303234
SierraCarbonera,7,2039,-5.360833,36.204444,0.277634874,31.37012093
SierraCarbonera,7,2040,-5.360833,36.204444,0.000684164,29.94543733
SierraCarbonera,7,2041,-5.360833,36.204444,2.949886231,30.09375177
SierraCarbonera,7,2042,-5.360833,36.204444,0.003580904,30.10781053
SierraCarbonera,7,2043,-5.360833,36.204444,0.599857029,29.09270827
SierraCarbonera,7,2044,-5.360833,36.204444,0.083888649,30.46781065
SierraCarbonera,7,2045,-5.360833,36.204444,0.12021193,29.803821
SierraCarbonera,7,2046,-5.360833,36.204444,0.007723843,29.18478079
SierraCarbonera,7,2047,-5.360833,36.204444,0.33484687,30.77358202
SierraCarbonera,7,2048,-5.360833,36.204444,0.12229728,30.72184389
SierraCarbonera,7,2049,-5.360833,36.204444,0.312241812,30.71612824
SierraCarbonera,7,2050,-5.360833,36.204444,0.195405632,30.60319647
SierraCarbonera,7,2051,-5.360833,36.204444,2.099406929,29.35382257
SierraCarbonera,7,2052,-5.360833,36.204444,1.808501501,30.66458898
SierraCarbonera,7,2053,-5.360833,36.204444,0.12792167,29.7812498
SierraCarbonera,7,2054,-5.360833,36.204444,0.061662894,30.50989636
SierraCarbonera,7,2055,-5.360833,36.204444,0.479517283,30.00206614
SierraCarbonera,7,2056,-5.360833,36.204444,0.132429613,30.1634175
SierraCarbonera,7,2057,-5.360833,36.204444,0.092066689,31.30837796
SierraCarbonera,7,2058,-5.360833,36.204444,0.066162639,30.58237758
SierraCarbonera,7,2059,-5.360833,36.204444,0.040969837,29.47762943
SierraCarbonera,7,2060,-5.360833,36.204444,0.006766311,30.94343596
SierraCarbonera,7,2061,-5.360833,36.204444,0.569059187,31.55014412
SierraCarbonera,7,2062,-5.360833,36.204444,2.319892108,31.38023012
SierraCarbonera,7,2063,-5.360833,36.204444,4.03538793013835e-11,31.11959524
SierraCarbonera,7,2064,-5.360833,36.204444,0.00057411,30.29004576
SierraCarbonera,7,2065,-5.360833,36.204444,9.200567602,29.08401666
SierraCarbonera,7,2066,-5.360833,36.204444,0.000454108,30.02580488
SierraCarbonera,7,2067,-5.360833,36.204444,0.001261142,30.42966171
SierraCarbonera,7,2068,-5.360833,36.204444,0.304050088,30.98381663
SierraCarbonera,7,2069,-5.360833,36.204444,1.39888304891325e-06,31.01014837
SierraCarbonera,7,2070,-5.360833,36.204444,4.610611563,31.56715521
SierraCarbonera,7,2071,-5.360833,36.204444,0.007129923,30.6840779
SierraCarbonera,7,2072,-5.360833,36.204444,1.664366326,30.50783593
SierraCarbonera,7,2073,-5.360833,36.204444,0.224409088,30.61330074
SierraCarbonera,7,2074,-5.360833,36.204444,0.327329823,29.70745436
SierraCarbonera,7,2075,-5.360833,36.204444,0.011326281,31.56604969
SierraCarbonera,7,2076,-5.360833,36.204444,0.506799192,31.05211792
SierraCarbonera,7,2077,-5.360833,36.204444,0.057407557,30.71904809
SierraCarbonera,7,2078,-5.360833,36.204444,1.400739392,29.80148
SierraCarbonera,7,2079,-5.360833,36.204444,0.71231133,29.45623858
SierraCarbonera,7,2080,-5.360833,36.204444,0.149023932,31.35041642
SierraCarbonera,7,2081,-5.360833,36.204444,0.001223106,32.22121976
SierraCarbonera,7,2082,-5.360833,36.204444,0.037938268,31.65726673
SierraCarbonera,7,2083,-5.360833,36.204444,0.004939857,31.1365069
SierraCarbonera,7,2084,-5.360833,36.204444,0.041861402,30.26938339
SierraCarbonera,7,2085,-5.360833,36.204444,0.039542546,31.67758848
SierraCarbonera,7,2086,-5.360833,36.204444,0.021297171,30.12402127
SierraCarbonera,7,2087,-5.360833,36.204444,0.000136064,32.09339048
SierraCarbonera,7,2088,-5.360833,36.204444,2.475295123,30.36777206
SierraCarbonera,7,2089,-5.360833,36.204444,0.276395003,31.01610324
SierraCarbonera,7,2090,-5.360833,36.204444,3.766668793,30.1777962
SierraCarbonera,7,2091,-5.360833,36.204444,0.403741162,31.0736397
SierraCarbonera,7,2092,-5.360833,36.204444,0.002927769,30.85677195
SierraCarbonera,7,2093,-5.360833,36.204444,1.054016201,30.62860875
SierraCarbonera,7,2094,-5.360833,36.204444,1.01733128869706e-08,29.78077727
SierraCarbonera,7,2095,-5.360833,36.204444,5.110948905,31.67808956
SierraCarbonera,7,2096,-5.360833,36.204444,0.016118979,30.89410479
SierraCarbonera,7,2097,-5.360833,36.204444,1.371944772,31.1160552
SierraCarbonera,7,2098,-5.360833,36.204444,0.188219875,30.5796684
SierraCarbonera,7,2099,-5.360833,36.204444,0.151329436,31.59036924
SierraCarbonera,7,2100,-5.360833,36.204444,2.06042769582113e-09,30.72657215
SierraCarbonera,8,2015,-5.360833,36.204444,0.004956272,28.03072904
SierraCarbonera,8,2016,-5.360833,36.204444,0.077222697,29.02712993
SierraCarbonera,8,2017,-5.360833,36.204444,7.075613086,28.85467017
SierraCarbonera,8,2018,-5.360833,36.204444,5.774638421,30.03302376
SierraCarbonera,8,2019,-5.360833,36.204444,23.37135327,29.74709177
SierraCarbonera,8,2020,-5.360833,36.204444,0.013345354,30.57475212
SierraCarbonera,8,2021,-5.360833,36.204444,2.080827717,28.94568934
SierraCarbonera,8,2022,-5.360833,36.204444,3.424505413,29.32490963
SierraCarbonera,8,2023,-5.360833,36.204444,4.636300438,30.85282238
SierraCarbonera,8,2024,-5.360833,36.204444,0.539697384,28.52708169
SierraCarbonera,8,2025,-5.360833,36.204444,4.083920135,29.87602165
SierraCarbonera,8,2026,-5.360833,36.204444,1.666536346,28.6133096
SierraCarbonera,8,2027,-5.360833,36.204444,0.488244572,30.83639704
SierraCarbonera,8,2028,-5.360833,36.204444,7.175412716,30.60238431
SierraCarbonera,8,2029,-5.360833,36.204444,0.039007893,30.17986549
SierraCarbonera,8,2030,-5.360833,36.204444,0.181131036,28.73894949
SierraCarbonera,8,2031,-5.360833,36.204444,14.64317701,28.93106945
SierraCarbonera,8,2032,-5.360833,36.204444,7.438535148,30.31238955
SierraCarbonera,8,2033,-5.360833,36.204444,0.002512204,29.48697864
SierraCarbonera,8,2034,-5.360833,36.204444,0.154747526,30.62387754
SierraCarbonera,8,2035,-5.360833,36.204444,0.719287503,28.29960268
SierraCarbonera,8,2036,-5.360833,36.204444,11.44729455,29.62714686
SierraCarbonera,8,2037,-5.360833,36.204444,2.334524905,29.45806668
SierraCarbonera,8,2038,-5.360833,36.204444,0.001282789,31.01940012
SierraCarbonera,8,2039,-5.360833,36.204444,1.934413776,30.368598
SierraCarbonera,8,2040,-5.360833,36.204444,0.001996882,29.29278939
SierraCarbonera,8,2041,-5.360833,36.204444,14.96224327,29.40333587
SierraCarbonera,8,2042,-5.360833,36.204444,12.57105645,30.77577042
SierraCarbonera,8,2043,-5.360833,36.204444,0.424910034,28.99837646
SierraCarbonera,8,2044,-5.360833,36.204444,0.381060602,30.93758151
SierraCarbonera,8,2045,-5.360833,36.204444,3.048323709,30.92242904
SierraCarbonera,8,2046,-5.360833,36.204444,14.8172407,30.71932964
SierraCarbonera,8,2047,-5.360833,36.204444,0.128308299,31.06736785
SierraCarbonera,8,2048,-5.360833,36.204444,1.69974653,30.14361257
SierraCarbonera,8,2049,-5.360833,36.204444,4.158838371,31.1090588
SierraCarbonera,8,2050,-5.360833,36.204444,16.81818399,30.23236261
SierraCarbonera,8,2051,-5.360833,36.204444,0.005628323,30.35786664
SierraCarbonera,8,2052,-5.360833,36.204444,0.007099053,30.21697289
SierraCarbonera,8,2053,-5.360833,36.204444,0.243951432,31.67793894
SierraCarbonera,8,2054,-5.360833,36.204444,0.253635994,30.81787877
SierraCarbonera,8,2055,-5.360833,36.204444,0.287838206,29.83283829
SierraCarbonera,8,2056,-5.360833,36.204444,0.001797601,31.12881844
SierraCarbonera,8,2057,-5.360833,36.204444,16.02572578,31.45109095
SierraCarbonera,8,2058,-5.360833,36.204444,0.052302127,31.06798903
SierraCarbonera,8,2059,-5.360833,36.204444,3.60955474,31.06858068
SierraCarbonera,8,2060,-5.360833,36.204444,0.285191839,31.12647646
SierraCarbonera,8,2061,-5.360833,36.204444,29.45859986,31.51838025
SierraCarbonera,8,2062,-5.360833,36.204444,0.361919035,30.93451696
SierraCarbonera,8,2063,-5.360833,36.204444,0.000113228,30.7146447
SierraCarbonera,8,2064,-5.360833,36.204444,1.692127824,31.20835315
SierraCarbonera,8,2065,-5.360833,36.204444,12.12647507,29.42635006
SierraCarbonera,8,2066,-5.360833,36.204444,1.439157769,30.66662676
SierraCarbonera,8,2067,-5.360833,36.204444,1.010716083,31.23519287
SierraCarbonera,8,2068,-5.360833,36.204444,0.013457723,30.03412141
SierraCarbonera,8,2069,-5.360833,36.204444,0.434328804,29.39701774
SierraCarbonera,8,2070,-5.360833,36.204444,0.001978666,30.92003194
SierraCarbonera,8,2071,-5.360833,36.204444,2.745327982,31.91486757
SierraCarbonera,8,2072,-5.360833,36.204444,0.440473998,30.19409751
SierraCarbonera,8,2073,-5.360833,36.204444,1.214954274,31.18129883
SierraCarbonera,8,2074,-5.360833,36.204444,0.002462269,31.03871578
SierraCarbonera,8,2075,-5.360833,36.204444,0.17268121,31.9851781
SierraCarbonera,8,2076,-5.360833,36.204444,0.133849606,31.56267405
SierraCarbonera,8,2077,-5.360833,36.204444,0.004273209,31.45606433
SierraCarbonera,8,2078,-5.360833,36.204444,1.019522309,29.67223019
SierraCarbonera,8,2079,-5.360833,36.204444,0.773237687,29.64996614
SierraCarbonera,8,2080,-5.360833,36.204444,0.014031402,31.17963316
SierraCarbonera,8,2081,-5.360833,36.204444,9.190188495,32.55523859
SierraCarbonera,8,2082,-5.360833,36.204444,8.175699466,33.28140633
SierraCarbonera,8,2083,-5.360833,36.204444,0.065729563,30.60939055
SierraCarbonera,8,2084,-5.360833,36.204444,0.316181422,31.39227767
SierraCarbonera,8,2085,-5.360833,36.204444,0.050472132,30.45302734
SierraCarbonera,8,2086,-5.360833,36.204444,5.81288813851131e-06,31.39035211
SierraCarbonera,8,2087,-5.360833,36.204444,2.252708054,31.31390361
SierraCarbonera,8,2088,-5.360833,36.204444,0.102754547,29.96212158
SierraCarbonera,8,2089,-5.360833,36.204444,0.720386864,30.39036393
SierraCarbonera,8,2090,-5.360833,36.204444,2.422317356,30.24217057
SierraCarbonera,8,2091,-5.360833,36.204444,0.81991623,31.15497003
SierraCarbonera,8,2092,-5.360833,36.204444,0.309606089,33.73634466
SierraCarbonera,8,2093,-5.360833,36.204444,1.554460289,32.14801203
SierraCarbonera,8,2094,-5.360833,36.204444,0.071006972,29.95440556
SierraCarbonera,8,2095,-5.360833,36.204444,0.257714248,30.2135815
SierraCarbonera,8,2096,-5.360833,36.204444,7.267262857,31.34145705
SierraCarbonera,8,2097,-5.360833,36.204444,0.362356771,31.90498283
SierraCarbonera,8,2098,-5.360833,36.204444,0.036998866,29.42546899
SierraCarbonera,8,2099,-5.360833,36.204444,15.13448793,33.22097759
SierraCarbonera,8,2100,-5.360833,36.204444,8.31325894609877e-05,31.74273071
SierraCarbonera,9,2015,-5.360833,36.204444,29.12937109,27.32610474
SierraCarbonera,9,2016,-5.360833,36.204444,44.30022504,26.35695089
SierraCarbonera,9,2017,-5.360833,36.204444,2.324904913,26.44309998
SierraCarbonera,9,2018,-5.360833,36.204444,5.796000252,27.12048848
SierraCarbonera,9,2019,-5.360833,36.204444,3.415535468,27.61777445
SierraCarbonera,9,2020,-5.360833,36.204444,16.4640742,27.09382935
SierraCarbonera,9,2021,-5.360833,36.204444,6.914782138,26.79198507
SierraCarbonera,9,2022,-5.360833,36.204444,0.404390417,27.58780009
SierraCarbonera,9,2023,-5.360833,36.204444,7.222372281,28.42845866
SierraCarbonera,9,2024,-5.360833,36.204444,8.139687637,27.13101705
SierraCarbonera,9,2025,-5.360833,36.204444,24.87498267,26.48693848
SierraCarbonera,9,2026,-5.360833,36.204444,0.956368385,26.32383931
SierraCarbonera,9,2027,-5.360833,36.204444,1.876135875,28.90427043
SierraCarbonera,9,2028,-5.360833,36.204444,29.16072391,27.39449666
SierraCarbonera,9,2029,-5.360833,36.204444,1.179299383,26.59941508
SierraCarbonera,9,2030,-5.360833,36.204444,0.041128124,26.65032959
SierraCarbonera,9,2031,-5.360833,36.204444,10.56388616,27.72082621
SierraCarbonera,9,2032,-5.360833,36.204444,4.663424678,27.54966329
SierraCarbonera,9,2033,-5.360833,36.204444,79.60428836,27.09714457
SierraCarbonera,9,2034,-5.360833,36.204444,54.25101184,28.05728048
SierraCarbonera,9,2035,-5.360833,36.204444,8.115130383,27.62609456
SierraCarbonera,9,2036,-5.360833,36.204444,0.795903659,27.85401204
SierraCarbonera,9,2037,-5.360833,36.204444,0.796852355,28.79805501
SierraCarbonera,9,2038,-5.360833,36.204444,0.115822424,28.63207092
SierraCarbonera,9,2039,-5.360833,36.204444,8.499336093,26.17639567
SierraCarbonera,9,2040,-5.360833,36.204444,0.26806817,27.70439555
SierraCarbonera,9,2041,-5.360833,36.204444,12.93943215,27.64101766
SierraCarbonera,9,2042,-5.360833,36.204444,11.21009506,26.48235982
SierraCarbonera,9,2043,-5.360833,36.204444,14.83199768,26.81336873
SierraCarbonera,9,2044,-5.360833,36.204444,11.80940845,27.9426534
SierraCarbonera,9,2045,-5.360833,36.204444,0.138767982,28.28710124
SierraCarbonera,9,2046,-5.360833,36.204444,0.750637459,29.25112508
SierraCarbonera,9,2047,-5.360833,36.204444,0.383041399,27.3411143
SierraCarbonera,9,2048,-5.360833,36.204444,0.094654914,29.22688802
SierraCarbonera,9,2049,-5.360833,36.204444,0.105280643,27.46331075
SierraCarbonera,9,2050,-5.360833,36.204444,0.120390227,28.62963664
SierraCarbonera,9,2051,-5.360833,36.204444,12.03753095,27.47367655
SierraCarbonera,9,2052,-5.360833,36.204444,12.85870606,27.97700094
SierraCarbonera,9,2053,-5.360833,36.204444,0.176472369,28.11407979
SierraCarbonera,9,2054,-5.360833,36.204444,0.482936997,28.62812602
SierraCarbonera,9,2055,-5.360833,36.204444,20.96663654,27.79888916
SierraCarbonera,9,2056,-5.360833,36.204444,18.20506595,28.30365092
SierraCarbonera,9,2057,-5.360833,36.204444,16.6533924,28.91573486
SierraCarbonera,9,2058,-5.360833,36.204444,1.974134931,28.62518412
SierraCarbonera,9,2059,-5.360833,36.204444,1.326554388,26.58623556
SierraCarbonera,9,2060,-5.360833,36.204444,2.813280998,28.23268229
SierraCarbonera,9,2061,-5.360833,36.204444,4.725536202,28.77483724
SierraCarbonera,9,2062,-5.360833,36.204444,0.044519707,28.67111511
SierraCarbonera,9,2063,-5.360833,36.204444,7.162842476,29.06372477
SierraCarbonera,9,2064,-5.360833,36.204444,5.352112017,27.74447123
SierraCarbonera,9,2065,-5.360833,36.204444,6.574727615,27.20939331
SierraCarbonera,9,2066,-5.360833,36.204444,0.489707261,29.11855774
SierraCarbonera,9,2067,-5.360833,36.204444,0.246740888,28.28807882
SierraCarbonera,9,2068,-5.360833,36.204444,5.987670181,26.07259216
SierraCarbonera,9,2069,-5.360833,36.204444,0.615491611,28.77567647
SierraCarbonera,9,2070,-5.360833,36.204444,6.268805548,28.35209147
SierraCarbonera,9,2071,-5.360833,36.204444,16.53606441,28.13183695
SierraCarbonera,9,2072,-5.360833,36.204444,20.35283024,27.06451314
SierraCarbonera,9,2073,-5.360833,36.204444,4.607779814,28.70525614
SierraCarbonera,9,2074,-5.360833,36.204444,0.008303737,28.77179057
SierraCarbonera,9,2075,-5.360833,36.204444,1.826174456,28.60557353
SierraCarbonera,9,2076,-5.360833,36.204444,6.462319906,28.10228475
SierraCarbonera,9,2077,-5.360833,36.204444,0.648988957,29.05864461
SierraCarbonera,9,2078,-5.360833,36.204444,17.44214146,27.94238078
SierraCarbonera,9,2079,-5.360833,36.204444,2.316786703,27.97945455
SierraCarbonera,9,2080,-5.360833,36.204444,2.638578547,27.84676412
SierraCarbonera,9,2081,-5.360833,36.204444,2.865899212,29.27524109
SierraCarbonera,9,2082,-5.360833,36.204444,37.82425857,28.58473511
SierraCarbonera,9,2083,-5.360833,36.204444,0.043870957,30.2013265
SierraCarbonera,9,2084,-5.360833,36.204444,0.890850352,27.92000732
SierraCarbonera,9,2085,-5.360833,36.204444,2.56564906,28.13406677
SierraCarbonera,9,2086,-5.360833,36.204444,0.420845533,29.44381816
SierraCarbonera,9,2087,-5.360833,36.204444,0.200715604,27.54230245
SierraCarbonera,9,2088,-5.360833,36.204444,6.349533087,28.08921712
SierraCarbonera,9,2089,-5.360833,36.204444,10.17893968,29.10918884
SierraCarbonera,9,2090,-5.360833,36.204444,20.37555536,29.81142375
SierraCarbonera,9,2091,-5.360833,36.204444,1.76286395,29.85695903
SierraCarbonera,9,2092,-5.360833,36.204444,6.124628618,28.06978251
SierraCarbonera,9,2093,-5.360833,36.204444,0.197588189,28.7176005
SierraCarbonera,9,2094,-5.360833,36.204444,4.742229791,28.59842936
SierraCarbonera,9,2095,-5.360833,36.204444,2.386672537,27.72009277
SierraCarbonera,9,2096,-5.360833,36.204444,0.158347184,29.72107646
SierraCarbonera,9,2097,-5.360833,36.204444,0.621944337,28.44599304
SierraCarbonera,9,2098,-5.360833,36.204444,4.828093619,27.20791423
SierraCarbonera,9,2099,-5.360833,36.204444,0.331839385,29.22779541
SierraCarbonera,9,2100,-5.360833,36.204444,10.8246076,29.10358683
SierraCarboneraY5,1,2015,-5.36,36.209722,76.57260123,17.25153257
SierraCarboneraY5,1,2016,-5.36,36.209722,3.614561159,16.50898575
SierraCarboneraY5,1,2017,-5.36,36.209722,89.52406118,17.28918437
SierraCarboneraY5,1,2018,-5.36,36.209722,104.1987704,16.68461638
SierraCarboneraY5,1,2019,-5.36,36.209722,147.6005488,15.92342628
SierraCarboneraY5,1,2020,-5.36,36.209722,39.04104478,16.92858572
SierraCarboneraY5,1,2021,-5.36,36.209722,35.79884246,15.31246043
SierraCarboneraY5,1,2022,-5.36,36.209722,55.78613545,17.18375599
SierraCarboneraY5,1,2023,-5.36,36.209722,45.14623737,16.33959252
SierraCarboneraY5,1,2024,-5.36,36.209722,82.40841153,17.48243251
SierraCarboneraY5,1,2025,-5.36,36.209722,28.97296565,15.85975283
SierraCarboneraY5,1,2026,-5.36,36.209722,52.0880877,16.41220172
SierraCarboneraY5,1,2027,-5.36,36.209722,143.9015197,17.64272067
SierraCarboneraY5,1,2028,-5.36,36.209722,6.4234016,15.72231445
SierraCarboneraY5,1,2029,-5.36,36.209722,29.56063766,16.94173682
SierraCarboneraY5,1,2030,-5.36,36.209722,3.413813901,15.1318003
SierraCarboneraY5,1,2031,-5.36,36.209722,41.21420319,17.4766893
SierraCarboneraY5,1,2032,-5.36,36.209722,23.281343,17.22043811
SierraCarboneraY5,1,2033,-5.36,36.209722,92.665339,17.0908083
SierraCarboneraY5,1,2034,-5.36,36.209722,46.14519721,17.46324679
SierraCarboneraY5,1,2035,-5.36,36.209722,150.596329,18.29667496
SierraCarboneraY5,1,2036,-5.36,36.209722,143.6419909,16.39873657
SierraCarboneraY5,1,2037,-5.36,36.209722,35.21851011,16.86317867
SierraCarboneraY5,1,2038,-5.36,36.209722,38.29437726,18.27298643
SierraCarboneraY5,1,2039,-5.36,36.209722,33.415544,17.35922615
SierraCarboneraY5,1,2040,-5.36,36.209722,94.97539795,15.39039838
SierraCarboneraY5,1,2041,-5.36,36.209722,81.22581122,16.39800513
SierraCarboneraY5,1,2042,-5.36,36.209722,33.05947142,16.82676037
SierraCarboneraY5,1,2043,-5.36,36.209722,2.002999484,17.23554825
SierraCarboneraY5,1,2044,-5.36,36.209722,21.08942535,16.31865057
SierraCarboneraY5,1,2045,-5.36,36.209722,40.13337987,15.45559082
SierraCarboneraY5,1,2046,-5.36,36.209722,64.83188797,18.53998964
SierraCarboneraY5,1,2047,-5.36,36.209722,24.52039152,17.68543051
SierraCarboneraY5,1,2048,-5.36,36.209722,150.228366,16.86245216
SierraCarboneraY5,1,2049,-5.36,36.209722,21.63385684,15.72509943
SierraCarboneraY5,1,2050,-5.36,36.209722,42.85229541,16.30973845
SierraCarboneraY5,1,2051,-5.36,36.209722,143.6216509,17.24973007
SierraCarboneraY5,1,2052,-5.36,36.209722,32.69153665,18.33091667
SierraCarboneraY5,1,2053,-5.36,36.209722,72.25314373,17.11069592
SierraCarboneraY5,1,2054,-5.36,36.209722,93.92443264,17.72262357
SierraCarboneraY5,1,2055,-5.36,36.209722,51.95270932,16.50153553
SierraCarboneraY5,1,2056,-5.36,36.209722,18.80968115,17.52319907
SierraCarboneraY5,1,2057,-5.36,36.209722,26.25140585,17.50545851
SierraCarboneraY5,1,2058,-5.36,36.209722,52.98701689,18.03965986
SierraCarboneraY5,1,2059,-5.36,36.209722,155.7878138,18.49801321
SierraCarboneraY5,1,2060,-5.36,36.209722,125.1715688,16.19454543
SierraCarboneraY5,1,2061,-5.36,36.209722,188.9796364,17.77102641
SierraCarboneraY5,1,2062,-5.36,36.209722,135.0491322,17.23545178
SierraCarboneraY5,1,2063,-5.36,36.209722,80.66327273,17.71232831
SierraCarboneraY5,1,2064,-5.36,36.209722,8.334388212,17.9284538
SierraCarboneraY5,1,2065,-5.36,36.209722,78.01389723,15.70826455
SierraCarboneraY5,1,2066,-5.36,36.209722,66.44533475,18.10857446
SierraCarboneraY5,1,2067,-5.36,36.209722,102.4519093,15.63454295
SierraCarboneraY5,1,2068,-5.36,36.209722,44.56169011,17.40460382
SierraCarboneraY5,1,2069,-5.36,36.209722,12.98014512,17.03936748
SierraCarboneraY5,1,2070,-5.36,36.209722,39.33567745,16.15997885
SierraCarboneraY5,1,2071,-5.36,36.209722,12.78010306,17.69682145
SierraCarboneraY5,1,2072,-5.36,36.209722,103.006606,17.16384966
SierraCarboneraY5,1,2073,-5.36,36.209722,220.1454051,17.87522229
SierraCarboneraY5,1,2074,-5.36,36.209722,34.8348747,17.14419044
SierraCarboneraY5,1,2075,-5.36,36.209722,17.17090899,16.88550966
SierraCarboneraY5,1,2076,-5.36,36.209722,24.09596854,16.22151115
SierraCarboneraY5,1,2077,-5.36,36.209722,103.0009394,16.35221695
SierraCarboneraY5,1,2078,-5.36,36.209722,117.9865649,18.47037806
SierraCarboneraY5,1,2079,-5.36,36.209722,56.57907654,18.07597282
SierraCarboneraY5,1,2080,-5.36,36.209722,93.20342934,18.68176644
SierraCarboneraY5,1,2081,-5.36,36.209722,102.4475987,17.30760026
SierraCarboneraY5,1,2082,-5.36,36.209722,7.066840859,16.29007529
SierraCarboneraY5,1,2083,-5.36,36.209722,144.9775585,15.86531293
SierraCarboneraY5,1,2084,-5.36,36.209722,128.7598211,19.21744739
SierraCarboneraY5,1,2085,-5.36,36.209722,44.17767919,18.09788838
SierraCarboneraY5,1,2086,-5.36,36.209722,157.7611052,16.32740518
SierraCarboneraY5,1,2087,-5.36,36.209722,2.502083697,17.90641322
SierraCarboneraY5,1,2088,-5.36,36.209722,166.1519459,16.55574459
SierraCarboneraY5,1,2089,-5.36,36.209722,67.28029599,16.05651245
SierraCarboneraY5,1,2090,-5.36,36.209722,7.068992244,19.20686961
SierraCarboneraY5,1,2091,-5.36,36.209722,4.150940957,17.94765133
SierraCarboneraY5,1,2092,-5.36,36.209722,10.86770331,17.81270161
SierraCarboneraY5,1,2093,-5.36,36.209722,74.04307964,15.60251032
SierraCarboneraY5,1,2094,-5.36,36.209722,18.98148953,18.84201719
SierraCarboneraY5,1,2095,-5.36,36.209722,39.63717395,17.82999031
SierraCarboneraY5,1,2096,-5.36,36.209722,45.63410659,17.34480414
SierraCarboneraY5,1,2097,-5.36,36.209722,62.04702624,17.37046548
SierraCarboneraY5,1,2098,-5.36,36.209722,56.58359685,15.3740951
SierraCarboneraY5,1,2099,-5.36,36.209722,96.28368355,17.00945927
SierraCarboneraY5,1,2100,-5.36,36.209722,37.5221465,17.91258663
SierraCarboneraY5,10,2015,-5.36,36.209722,2.098624886,24.09055136
SierraCarboneraY5,10,2016,-5.36,36.209722,21.57149793,22.40680896
SierraCarboneraY5,10,2017,-5.36,36.209722,66.35566611,22.87604725
SierraCarboneraY5,10,2018,-5.36,36.209722,57.32680469,22.62103744
SierraCarboneraY5,10,2019,-5.36,36.209722,8.734254365,21.56045513
SierraCarboneraY5,10,2020,-5.36,36.209722,5.548195937,22.73967699
SierraCarboneraY5,10,2021,-5.36,36.209722,24.711444,23.84710969
SierraCarboneraY5,10,2022,-5.36,36.209722,20.91010353,22.83739821
SierraCarboneraY5,10,2023,-5.36,36.209722,74.83783798,22.61503926
SierraCarboneraY5,10,2024,-5.36,36.209722,36.64517255,22.04966962
SierraCarboneraY5,10,2025,-5.36,36.209722,51.57108171,22.61271697
SierraCarboneraY5,10,2026,-5.36,36.209722,4.584870339,24.03941473
SierraCarboneraY5,10,2027,-5.36,36.209722,3.440305268,25.81968915
SierraCarboneraY5,10,2028,-5.36,36.209722,35.49869364,22.90502418
SierraCarboneraY5,10,2029,-5.36,36.209722,42.71932302,22.0083252
SierraCarboneraY5,10,2030,-5.36,36.209722,11.8306583,23.02404569
SierraCarboneraY5,10,2031,-5.36,36.209722,8.72727078,23.59052675
SierraCarboneraY5,10,2032,-5.36,36.209722,19.56567059,23.95118644
SierraCarboneraY5,10,2033,-5.36,36.209722,18.86797766,23.75556975
SierraCarboneraY5,10,2034,-5.36,36.209722,31.35968285,21.75923875
SierraCarboneraY5,10,2035,-5.36,36.209722,83.47746787,23.97686453
SierraCarboneraY5,10,2036,-5.36,36.209722,9.917358278,23.04331015
SierraCarboneraY5,10,2037,-5.36,36.209722,1.787402267,24.2775749
SierraCarboneraY5,10,2038,-5.36,36.209722,23.43619219,24.1983995
SierraCarboneraY5,10,2039,-5.36,36.209722,35.79511708,22.58302829
SierraCarboneraY5,10,2040,-5.36,36.209722,8.686045694,22.84906675
SierraCarboneraY5,10,2041,-5.36,36.209722,12.95704569,23.24811264
SierraCarboneraY5,10,2042,-5.36,36.209722,61.34189913,22.22720022
SierraCarboneraY5,10,2043,-5.36,36.209722,1.078221941,23.83255281
SierraCarboneraY5,10,2044,-5.36,36.209722,18.04515298,24.62452334
SierraCarboneraY5,10,2045,-5.36,36.209722,12.92145204,23.87729551
SierraCarboneraY5,10,2046,-5.36,36.209722,2.694324462,25.75140755
SierraCarboneraY5,10,2047,-5.36,36.209722,26.37771606,22.70786684
SierraCarboneraY5,10,2048,-5.36,36.209722,36.47868245,24.79690335
SierraCarboneraY5,10,2049,-5.36,36.209722,18.11357585,23.95372728
SierraCarboneraY5,10,2050,-5.36,36.209722,18.60143545,25.00646756
SierraCarboneraY5,10,2051,-5.36,36.209722,18.94520196,23.87506871
SierraCarboneraY5,10,2052,-5.36,36.209722,52.09264254,22.63547816
SierraCarboneraY5,10,2053,-5.36,36.209722,17.29631209,24.47300454
SierraCarboneraY5,10,2054,-5.36,36.209722,53.01547483,24.06869389
SierraCarboneraY5,10,2055,-5.36,36.209722,38.85067367,23.68111375
SierraCarboneraY5,10,2056,-5.36,36.209722,1.410109527,23.98612415
SierraCarboneraY5,10,2057,-5.36,36.209722,7.806596256,23.51948577
SierraCarboneraY5,10,2058,-5.36,36.209722,32.95765327,24.17007033
SierraCarboneraY5,10,2059,-5.36,36.209722,1.028029124,24.11337261
SierraCarboneraY5,10,2060,-5.36,36.209722,6.086249891,22.59317194
SierraCarboneraY5,10,2061,-5.36,36.209722,35.87948882,23.1451483
SierraCarboneraY5,10,2062,-5.36,36.209722,28.86146952,24.67742703
SierraCarboneraY5,10,2063,-5.36,36.209722,5.089138482,25.28666815
SierraCarboneraY5,10,2064,-5.36,36.209722,10.98498401,23.34114006
SierraCarboneraY5,10,2065,-5.36,36.209722,26.14922769,23.7887778
SierraCarboneraY5,10,2066,-5.36,36.209722,24.50100531,23.75871799
SierraCarboneraY5,10,2067,-5.36,36.209722,0.661599962,25.78903769
SierraCarboneraY5,10,2068,-5.36,36.209722,6.994050226,24.52382813
SierraCarboneraY5,10,2069,-5.36,36.209722,25.42713642,24.12234379
SierraCarboneraY5,10,2070,-5.36,36.209722,6.528700165,25.72288444
SierraCarboneraY5,10,2071,-5.36,36.209722,46.92062398,23.19612151
SierraCarboneraY5,10,2072,-5.36,36.209722,2.212543481,24.26335961
SierraCarboneraY5,10,2073,-5.36,36.209722,9.12642691,25.22292087
SierraCarboneraY5,10,2074,-5.36,36.209722,35.44417076,25.36332831
SierraCarboneraY5,10,2075,-5.36,36.209722,34.07396746,24.07851661
SierraCarboneraY5,10,2076,-5.36,36.209722,23.2583379,24.70049537
SierraCarboneraY5,10,2077,-5.36,36.209722,2.14081078,26.12992298
SierraCarboneraY5,10,2078,-5.36,36.209722,8.660297604,23.97558673
SierraCarboneraY5,10,2079,-5.36,36.209722,47.05463999,24.7290864
SierraCarboneraY5,10,2080,-5.36,36.209722,15.52828961,25.47487202
SierraCarboneraY5,10,2081,-5.36,36.209722,1.390134629,24.22454519
SierraCarboneraY5,10,2082,-5.36,36.209722,47.54369266,23.27587871
SierraCarboneraY5,10,2083,-5.36,36.209722,12.81586098,26.14986671
SierraCarboneraY5,10,2084,-5.36,36.209722,22.14663953,23.57395669
SierraCarboneraY5,10,2085,-5.36,36.209722,16.16238506,23.8873358
SierraCarboneraY5,10,2086,-5.36,36.209722,28.29956757,23.40925135
SierraCarboneraY5,10,2087,-5.36,36.209722,11.48940165,24.11007966
SierraCarboneraY5,10,2088,-5.36,36.209722,17.85704225,25.2555924
SierraCarboneraY5,10,2089,-5.36,36.209722,0.134828836,25.44586162
SierraCarboneraY5,10,2090,-5.36,36.209722,7.808895884,23.73211946
SierraCarboneraY5,10,2091,-5.36,36.209722,31.60901068,24.09294946
SierraCarboneraY5,10,2092,-5.36,36.209722,1.344760238,24.26247263
SierraCarboneraY5,10,2093,-5.36,36.209722,2.309835789,24.57171217
SierraCarboneraY5,10,2094,-5.36,36.209722,18.9742488,21.64537078
SierraCarboneraY5,10,2095,-5.36,36.209722,7.57551019,24.47414157
SierraCarboneraY5,10,2096,-5.36,36.209722,0.899398544,25.61462383
SierraCarboneraY5,10,2097,-5.36,36.209722,4.758642858,24.33969097
SierraCarboneraY5,10,2098,-5.36,36.209722,0.07095748,22.90077337
SierraCarboneraY5,10,2099,-5.36,36.209722,15.16759777,22.7909918
SierraCarboneraY5,10,2100,-5.36,36.209722,5.470867054,24.79553203
SierraCarboneraY5,11,2015,-5.36,36.209722,14.86424606,19.77042033
SierraCarboneraY5,11,2016,-5.36,36.209722,101.7871273,19.4322937
SierraCarboneraY5,11,2017,-5.36,36.209722,95.64438344,20.28737386
SierraCarboneraY5,11,2018,-5.36,36.209722,30.28487784,19.98256429
SierraCarboneraY5,11,2019,-5.36,36.209722,32.77707789,17.68028158
SierraCarboneraY5,11,2020,-5.36,36.209722,29.68645361,20.76786906
SierraCarboneraY5,11,2021,-5.36,36.209722,6.951308884,20.53946431
SierraCarboneraY5,11,2022,-5.36,36.209722,35.48829725,18.9813385
SierraCarboneraY5,11,2023,-5.36,36.209722,82.23034655,17.73959554
SierraCarboneraY5,11,2024,-5.36,36.209722,8.875324309,18.31747538
SierraCarboneraY5,11,2025,-5.36,36.209722,79.86324433,20.00676066
SierraCarboneraY5,11,2026,-5.36,36.209722,29.04387112,20.1388682
SierraCarboneraY5,11,2027,-5.36,36.209722,37.90569744,19.50891317
SierraCarboneraY5,11,2028,-5.36,36.209722,66.08352156,18.25063273
SierraCarboneraY5,11,2029,-5.36,36.209722,13.89665404,21.67103068
SierraCarboneraY5,11,2030,-5.36,36.209722,13.45958843,19.17119853
SierraCarboneraY5,11,2031,-5.36,36.209722,8.758510764,19.15321554
SierraCarboneraY5,11,2032,-5.36,36.209722,109.7762825,19.90732727
SierraCarboneraY5,11,2033,-5.36,36.209722,6.760043686,19.82070109
SierraCarboneraY5,11,2034,-5.36,36.209722,21.65667304,18.57483927
SierraCarboneraY5,11,2035,-5.36,36.209722,77.62677067,18.89415487
SierraCarboneraY5,11,2036,-5.36,36.209722,40.22463864,19.95669454
SierraCarboneraY5,11,2037,-5.36,36.209722,12.17507855,18.53497009
SierraCarboneraY5,11,2038,-5.36,36.209722,79.88536745,20.66576843
SierraCarboneraY5,11,2039,-5.36,36.209722,6.165758363,20.46057434
SierraCarboneraY5,11,2040,-5.36,36.209722,70.74308132,21.15758057
SierraCarboneraY5,11,2041,-5.36,36.209722,213.1394264,19.6525177
SierraCarboneraY5,11,2042,-5.36,36.209722,1.589781725,19.88500366
SierraCarboneraY5,11,2043,-5.36,36.209722,27.06375809,18.32193807
SierraCarboneraY5,11,2044,-5.36,36.209722,11.85274502,19.48823039
SierraCarboneraY5,11,2045,-5.36,36.209722,108.047772,20.26787313
SierraCarboneraY5,11,2046,-5.36,36.209722,37.15711443,20.68721619
SierraCarboneraY5,11,2047,-5.36,36.209722,74.11156136,17.71591492
SierraCarboneraY5,11,2048,-5.36,36.209722,50.24056971,19.85657349
SierraCarboneraY5,11,2049,-5.36,36.209722,24.93994833,20.45651652
SierraCarboneraY5,11,2050,-5.36,36.209722,102.4317967,19.83886515
SierraCarboneraY5,11,2051,-5.36,36.209722,5.692158373,21.13688354
SierraCarboneraY5,11,2052,-5.36,36.209722,9.091169039,21.21131592
SierraCarboneraY5,11,2053,-5.36,36.209722,0.096778091,20.95170898
SierraCarboneraY5,11,2054,-5.36,36.209722,15.20295855,20.07376099
SierraCarboneraY5,11,2055,-5.36,36.209722,12.68359382,19.55184224
SierraCarboneraY5,11,2056,-5.36,36.209722,119.687389,19.63467
SierraCarboneraY5,11,2057,-5.36,36.209722,72.86378077,20.06214701
SierraCarboneraY5,11,2058,-5.36,36.209722,8.866797709,21.44128927
SierraCarboneraY5,11,2059,-5.36,36.209722,13.42978676,19.73961995
SierraCarboneraY5,11,2060,-5.36,36.209722,12.20127736,18.11060791
SierraCarboneraY5,11,2061,-5.36,36.209722,80.85857464,20.17513224
SierraCarboneraY5,11,2062,-5.36,36.209722,14.69619799,21.63190715
SierraCarboneraY5,11,2063,-5.36,36.209722,2.477587991,20.17040812
SierraCarboneraY5,11,2064,-5.36,36.209722,39.05069803,19.54102987
SierraCarboneraY5,11,2065,-5.36,36.209722,24.75055492,18.83398743
SierraCarboneraY5,11,2066,-5.36,36.209722,52.85313648,19.05762126
SierraCarboneraY5,11,2067,-5.36,36.209722,19.90846266,18.46661377
SierraCarboneraY5,11,2068,-5.36,36.209722,63.23566786,20.14367879
SierraCarboneraY5,11,2069,-5.36,36.209722,78.02835193,20.1725179
SierraCarboneraY5,11,2070,-5.36,36.209722,58.52411809,20.63167013
SierraCarboneraY5,11,2071,-5.36,36.209722,58.77093048,20.8425649
SierraCarboneraY5,11,2072,-5.36,36.209722,45.86046145,21.10908203
SierraCarboneraY5,11,2073,-5.36,36.209722,20.96615113,21.33433329
SierraCarboneraY5,11,2074,-5.36,36.209722,120.7004002,20.97707825
SierraCarboneraY5,11,2075,-5.36,36.209722,59.7215176,20.53737183
SierraCarboneraY5,11,2076,-5.36,36.209722,68.0727301,21.49441121
SierraCarboneraY5,11,2077,-5.36,36.209722,38.65616068,20.95514018
SierraCarboneraY5,11,2078,-5.36,36.209722,24.50763159,19.85910136
SierraCarboneraY5,11,2079,-5.36,36.209722,58.26584407,21.31007894
SierraCarboneraY5,11,2080,-5.36,36.209722,63.10332607,20.96224772
SierraCarboneraY5,11,2081,-5.36,36.209722,3.945457983,19.24268697
SierraCarboneraY5,11,2082,-5.36,36.209722,14.10011006,20.31559448
SierraCarboneraY5,11,2083,-5.36,36.209722,143.2699781,21.24202983
SierraCarboneraY5,11,2084,-5.36,36.209722,10.19084769,20.46029867
SierraCarboneraY5,11,2085,-5.36,36.209722,20.54938354,19.88868917
SierraCarboneraY5,11,2086,-5.36,36.209722,26.79706899,19.23114522
SierraCarboneraY5,11,2087,-5.36,36.209722,1.464352814,20.64314779
SierraCarboneraY5,11,2088,-5.36,36.209722,39.07878481,19.45205282
SierraCarboneraY5,11,2089,-5.36,36.209722,14.94246987,21.33349915
SierraCarboneraY5,11,2090,-5.36,36.209722,25.11852033,22.35602926
SierraCarboneraY5,11,2091,-5.36,36.209722,40.30769545,18.65000203
SierraCarboneraY5,11,2092,-5.36,36.209722,12.26526159,19.92464396
SierraCarboneraY5,11,2093,-5.36,36.209722,103.2738832,21.26404521
SierraCarboneraY5,11,2094,-5.36,36.209722,8.384240862,21.44437358
SierraCarboneraY5,11,2095,-5.36,36.209722,44.74770657,20.49407145
SierraCarboneraY5,11,2096,-5.36,36.209722,0.355242563,20.26130269
SierraCarboneraY5,11,2097,-5.36,36.209722,58.05557876,19.54697367
SierraCarboneraY5,11,2098,-5.36,36.209722,56.86585935,19.7050649
SierraCarboneraY5,11,2099,-5.36,36.209722,45.2197526,20.83935547
SierraCarboneraY5,11,2100,-5.36,36.209722,67.88898791,19.64582926
SierraCarboneraY5,12,2015,-5.36,36.209722,125.4669033,17.36177979
SierraCarboneraY5,12,2016,-5.36,36.209722,15.94428391,17.39975281
SierraCarboneraY5,12,2017,-5.36,36.209722,25.35877718,18.54032534
SierraCarboneraY5,12,2018,-5.36,36.209722,43.20242657,17.39112785
SierraCarboneraY5,12,2019,-5.36,36.209722,59.06331358,16.23550888
SierraCarboneraY5,12,2020,-5.36,36.209722,24.03033175,17.15133899
SierraCarboneraY5,12,2021,-5.36,36.209722,51.84717548,19.33011927
SierraCarboneraY5,12,2022,-5.36,36.209722,230.0734209,17.12519177
SierraCarboneraY5,12,2023,-5.36,36.209722,142.6981041,17.04553695
SierraCarboneraY5,12,2024,-5.36,36.209722,15.77311867,16.21632792
SierraCarboneraY5,12,2025,-5.36,36.209722,23.87713469,16.2080716
SierraCarboneraY5,12,2026,-5.36,36.209722,66.48478628,17.98244826
SierraCarboneraY5,12,2027,-5.36,36.209722,35.18520127,16.0419851
SierraCarboneraY5,12,2028,-5.36,36.209722,70.2797137,19.22625936
SierraCarboneraY5,12,2029,-5.36,36.209722,164.1604792,17.65243904
SierraCarboneraY5,12,2030,-5.36,36.209722,36.46965576,18.22530009
SierraCarboneraY5,12,2031,-5.36,36.209722,64.60127762,18.16577326
SierraCarboneraY5,12,2032,-5.36,36.209722,137.0196488,16.93303324
SierraCarboneraY5,12,2033,-5.36,36.209722,101.6319039,18.21033876
SierraCarboneraY5,12,2034,-5.36,36.209722,68.12307488,17.28669768
SierraCarboneraY5,12,2035,-5.36,36.209722,14.95601807,17.05718974
SierraCarboneraY5,12,2036,-5.36,36.209722,71.42940139,16.7392039
SierraCarboneraY5,12,2037,-5.36,36.209722,72.42587374,17.48691367
SierraCarboneraY5,12,2038,-5.36,36.209722,16.87153873,17.42442844
SierraCarboneraY5,12,2039,-5.36,36.209722,4.220219963,18.05927872
SierraCarboneraY5,12,2040,-5.36,36.209722,2.817611365,17.71951946
SierraCarboneraY5,12,2041,-5.36,36.209722,85.33155346,16.0889044
SierraCarboneraY5,12,2042,-5.36,36.209722,80.95957361,16.80985068
SierraCarboneraY5,12,2043,-5.36,36.209722,7.027915023,16.99571356
SierraCarboneraY5,12,2044,-5.36,36.209722,44.17570499,16.32581787
SierraCarboneraY5,12,2045,-5.36,36.209722,98.87380747,18.35423505
SierraCarboneraY5,12,2046,-5.36,36.209722,38.78706826,19.76001252
SierraCarboneraY5,12,2047,-5.36,36.209722,36.55624978,18.52565032
SierraCarboneraY5,12,2048,-5.36,36.209722,104.6490111,18.72230733
SierraCarboneraY5,12,2049,-5.36,36.209722,119.9071394,19.05129198
SierraCarboneraY5,12,2050,-5.36,36.209722,84.23012744,17.19179077
SierraCarboneraY5,12,2051,-5.36,36.209722,24.63951251,18.77994247
SierraCarboneraY5,12,2052,-5.36,36.209722,10.40492055,18.30295003
SierraCarboneraY5,12,2053,-5.36,36.209722,44.48902687,19.98914145
SierraCarboneraY5,12,2054,-5.36,36.209722,35.69842031,18.25737915
SierraCarboneraY5,12,2055,-5.36,36.209722,4.746149096,18.2897711
SierraCarboneraY5,12,2056,-5.36,36.209722,141.1553379,19.50075582
SierraCarboneraY5,12,2057,-5.36,36.209722,105.246088,18.56211292
SierraCarboneraY5,12,2058,-5.36,36.209722,59.63477838,18.82890251
SierraCarboneraY5,12,2059,-5.36,36.209722,8.32142789,17.82396752
SierraCarboneraY5,12,2060,-5.36,36.209722,48.81089386,17.69124651
SierraCarboneraY5,12,2061,-5.36,36.209722,208.2902406,18.37147748
SierraCarboneraY5,12,2062,-5.36,36.209722,20.31904108,19.29773225
SierraCarboneraY5,12,2063,-5.36,36.209722,59.941848,18.82395079
SierraCarboneraY5,12,2064,-5.36,36.209722,8.460559078,17.14226888
SierraCarboneraY5,12,2065,-5.36,36.209722,133.0830381,18.25824841
SierraCarboneraY5,12,2066,-5.36,36.209722,12.10478622,17.40760931
SierraCarboneraY5,12,2067,-5.36,36.209722,92.18139693,17.41563445
SierraCarboneraY5,12,2068,-5.36,36.209722,2.866585322,17.07944031
SierraCarboneraY5,12,2069,-5.36,36.209722,20.13118589,17.37741758
SierraCarboneraY5,12,2070,-5.36,36.209722,180.2898897,18.15870158
SierraCarboneraY5,12,2071,-5.36,36.209722,1.102487244,16.62657786
SierraCarboneraY5,12,2072,-5.36,36.209722,75.20978737,17.96652527
SierraCarboneraY5,12,2073,-5.36,36.209722,41.26118903,17.33393299
SierraCarboneraY5,12,2074,-5.36,36.209722,138.7164613,18.4096599
SierraCarboneraY5,12,2075,-5.36,36.209722,290.9707942,19.67408979
SierraCarboneraY5,12,2076,-5.36,36.209722,53.10864224,17.78769124
SierraCarboneraY5,12,2077,-5.36,36.209722,55.06204572,16.52959792
SierraCarboneraY5,12,2078,-5.36,36.209722,144.2720506,17.71035058
SierraCarboneraY5,12,2079,-5.36,36.209722,41.95226485,18.42978279
SierraCarboneraY5,12,2080,-5.36,36.209722,44.46033618,17.23056157
SierraCarboneraY5,12,2081,-5.36,36.209722,41.03666915,19.58733914
SierraCarboneraY5,12,2082,-5.36,36.209722,11.14821291,18.18766125
SierraCarboneraY5,12,2083,-5.36,36.209722,174.5798528,18.2042067
SierraCarboneraY5,12,2084,-5.36,36.209722,43.19166081,18.89568583
SierraCarboneraY5,12,2085,-5.36,36.209722,46.84619234,17.52136703
SierraCarboneraY5,12,2086,-5.36,36.209722,26.75757313,18.67920887
SierraCarboneraY5,12,2087,-5.36,36.209722,48.1178122,18.07198486
SierraCarboneraY5,12,2088,-5.36,36.209722,35.88146557,17.1398468
SierraCarboneraY5,12,2089,-5.36,36.209722,42.13693559,17.85888258
SierraCarboneraY5,12,2090,-5.36,36.209722,77.06383491,18.12321879
SierraCarboneraY5,12,2091,-5.36,36.209722,38.69237085,18.36048131
SierraCarboneraY5,12,2092,-5.36,36.209722,99.68320071,17.63884989
SierraCarboneraY5,12,2093,-5.36,36.209722,92.29826941,19.113917
SierraCarboneraY5,12,2094,-5.36,36.209722,212.7423584,17.92049462
SierraCarboneraY5,12,2095,-5.36,36.209722,1.624673746,19.90914504
SierraCarboneraY5,12,2096,-5.36,36.209722,85.65398673,18.17029114
SierraCarboneraY5,12,2097,-5.36,36.209722,87.3431583,18.00978709
SierraCarboneraY5,12,2098,-5.36,36.209722,40.15425276,19.60584362
SierraCarboneraY5,12,2099,-5.36,36.209722,19.68704772,19.05018547
SierraCarboneraY5,12,2100,-5.36,36.209722,11.22051359,18.46367086
SierraCarboneraY5,2,2015,-5.36,36.209722,39.1677054,17.6867375
SierraCarboneraY5,2,2016,-5.36,36.209722,26.15230688,17.84619477
SierraCarboneraY5,2,2017,-5.36,36.209722,153.3394981,16.64302979
SierraCarboneraY5,2,2018,-5.36,36.209722,83.67854333,17.85629316
SierraCarboneraY5,2,2019,-5.36,36.209722,171.1851887,16.12071599
SierraCarboneraY5,2,2020,-5.36,36.209722,113.7160045,16.39262148
SierraCarboneraY5,2,2021,-5.36,36.209722,4.288327495,18.33633793
SierraCarboneraY5,2,2022,-5.36,36.209722,102.9832394,18.1548063
SierraCarboneraY5,2,2023,-5.36,36.209722,53.9871156,16.83173305
SierraCarboneraY5,2,2024,-5.36,36.209722,89.39986211,17.05681342
SierraCarboneraY5,2,2025,-5.36,36.209722,47.1672305,15.73068608
SierraCarboneraY5,2,2026,-5.36,36.209722,40.36546812,15.17344382
SierraCarboneraY5,2,2027,-5.36,36.209722,17.6314392,19.34157388
SierraCarboneraY5,2,2028,-5.36,36.209722,136.8278407,15.33901262
SierraCarboneraY5,2,2029,-5.36,36.209722,19.53896298,16.99483534
SierraCarboneraY5,2,2030,-5.36,36.209722,123.1212021,18.25028817
SierraCarboneraY5,2,2031,-5.36,36.209722,6.282754707,16.06341705
SierraCarboneraY5,2,2032,-5.36,36.209722,9.146862671,17.17678538
SierraCarboneraY5,2,2033,-5.36,36.209722,163.9046084,16.8569155
SierraCarboneraY5,2,2034,-5.36,36.209722,10.85776103,17.92409886
SierraCarboneraY5,2,2035,-5.36,36.209722,49.92935937,16.9599265
SierraCarboneraY5,2,2036,-5.36,36.209722,17.53203426,18.09540026
SierraCarboneraY5,2,2037,-5.36,36.209722,15.02958523,18.58859624
SierraCarboneraY5,2,2038,-5.36,36.209722,70.38232626,17.90709621
SierraCarboneraY5,2,2039,-5.36,36.209722,16.76097288,16.35090681
SierraCarboneraY5,2,2040,-5.36,36.209722,31.77385708,16.7107746
SierraCarboneraY5,2,2041,-5.36,36.209722,1.38101657,17.45574668
SierraCarboneraY5,2,2042,-5.36,36.209722,42.055653,18.70341208
SierraCarboneraY5,2,2043,-5.36,36.209722,192.1187926,17.40161939
SierraCarboneraY5,2,2044,-5.36,36.209722,16.96397185,16.65778556
SierraCarboneraY5,2,2045,-5.36,36.209722,37.442414,16.70508728
SierraCarboneraY5,2,2046,-5.36,36.209722,26.67624197,17.57283064
SierraCarboneraY5,2,2047,-5.36,36.209722,34.39776408,17.50836116
SierraCarboneraY5,2,2048,-5.36,36.209722,54.44159206,17.91879083
SierraCarboneraY5,2,2049,-5.36,36.209722,10.83054252,18.09231502
SierraCarboneraY5,2,2050,-5.36,36.209722,17.05766403,17.56959795
SierraCarboneraY5,2,2051,-5.36,36.209722,2.35735214,17.26856493
SierraCarboneraY5,2,2052,-5.36,36.209722,73.60781398,16.93456631
SierraCarboneraY5,2,2053,-5.36,36.209722,23.11621077,18.22410845
SierraCarboneraY5,2,2054,-5.36,36.209722,20.80148642,17.72106214
SierraCarboneraY5,2,2055,-5.36,36.209722,20.3123114,16.33171997
SierraCarboneraY5,2,2056,-5.36,36.209722,144.248085,17.51976297
SierraCarboneraY5,2,2057,-5.36,36.209722,27.91156163,18.79403076
SierraCarboneraY5,2,2058,-5.36,36.209722,25.44172045,18.70491071
SierraCarboneraY5,2,2059,-5.36,36.209722,77.11679302,17.60602613
SierraCarboneraY5,2,2060,-5.36,36.209722,17.85770555,18.66655252
SierraCarboneraY5,2,2061,-5.36,36.209722,98.01952091,17.05127542
SierraCarboneraY5,2,2062,-5.36,36.209722,112.0581965,18.86190513
SierraCarboneraY5,2,2063,-5.36,36.209722,64.87610623,18.02471749
SierraCarboneraY5,2,2064,-5.36,36.209722,37.17307406,17.31857426
SierraCarboneraY5,2,2065,-5.36,36.209722,19.27408568,17.24851379
SierraCarboneraY5,2,2066,-5.36,36.209722,40.06174662,16.60227792
SierraCarboneraY5,2,2067,-5.36,36.209722,6.28035156,17.70655757
SierraCarboneraY5,2,2068,-5.36,36.209722,45.44902752,16.36643319
SierraCarboneraY5,2,2069,-5.36,36.209722,159.7111211,16.98304792
SierraCarboneraY5,2,2070,-5.36,36.209722,21.21882543,17.2842586
SierraCarboneraY5,2,2071,-5.36,36.209722,6.328401614,17.754359
SierraCarboneraY5,2,2072,-5.36,36.209722,84.11636764,18.27751865
SierraCarboneraY5,2,2073,-5.36,36.209722,30.5002421,18.61450784
SierraCarboneraY5,2,2074,-5.36,36.209722,6.58731494,17.72890843
SierraCarboneraY5,2,2075,-5.36,36.209722,45.85257578,18.59562182
SierraCarboneraY5,2,2076,-5.36,36.209722,46.13445616,16.974819
SierraCarboneraY5,2,2077,-5.36,36.209722,3.354638542,16.25440914
SierraCarboneraY5,2,2078,-5.36,36.209722,35.25808534,18.97421199
SierraCarboneraY5,2,2079,-5.36,36.209722,32.02912438,17.32339085
SierraCarboneraY5,2,2080,-5.36,36.209722,79.88503507,18.65727202
SierraCarboneraY5,2,2081,-5.36,36.209722,5.153713215,18.37661351
SierraCarboneraY5,2,2082,-5.36,36.209722,11.76572385,18.46550576
SierraCarboneraY5,2,2083,-5.36,36.209722,32.59404067,17.06077074
SierraCarboneraY5,2,2084,-5.36,36.209722,41.90227793,18.55545696
SierraCarboneraY5,2,2085,-5.36,36.209722,20.01732562,16.88190068
SierraCarboneraY5,2,2086,-5.36,36.209722,10.60600939,17.37034215
SierraCarboneraY5,2,2087,-5.36,36.209722,52.98231871,17.45990579
SierraCarboneraY5,2,2088,-5.36,36.209722,11.18582462,19.37146543
SierraCarboneraY5,2,2089,-5.36,36.209722,92.75557433,18.34182129
SierraCarboneraY5,2,2090,-5.36,36.209722,3.271739631,17.19642247
SierraCarboneraY5,2,2091,-5.36,36.209722,41.57245774,17.61109096
SierraCarboneraY5,2,2092,-5.36,36.209722,70.92446059,18.19441613
SierraCarboneraY5,2,2093,-5.36,36.209722,66.90757339,17.22100983
SierraCarboneraY5,2,2094,-5.36,36.209722,25.13339598,18.09181693
SierraCarboneraY5,2,2095,-5.36,36.209722,15.82109495,17.30267269
SierraCarboneraY5,2,2096,-5.36,36.209722,45.26817541,18.81247601
SierraCarboneraY5,2,2097,-5.36,36.209722,5.458182743,17.44235491
SierraCarboneraY5,2,2098,-5.36,36.209722,53.09012353,17.71682347
SierraCarboneraY5,2,2099,-5.36,36.209722,78.80124384,16.06647535
SierraCarboneraY5,2,2100,-5.36,36.209722,158.439077,18.19970965
SierraCarboneraY5,3,2015,-5.36,36.209722,67.05900505,18.59103472
SierraCarboneraY5,3,2016,-5.36,36.209722,10.65783987,18.43116888
SierraCarboneraY5,3,2017,-5.36,36.209722,7.623030797,18.3608741
SierraCarboneraY5,3,2018,-5.36,36.209722,50.92479776,19.26744306
SierraCarboneraY5,3,2019,-5.36,36.209722,50.27946406,17.76884687
SierraCarboneraY5,3,2020,-5.36,36.209722,52.89111877,17.91106272
SierraCarboneraY5,3,2021,-5.36,36.209722,5.224525631,20.10524902
SierraCarboneraY5,3,2022,-5.36,36.209722,59.77708763,19.00835276
SierraCarboneraY5,3,2023,-5.36,36.209722,5.488328403,17.46718159
SierraCarboneraY5,3,2024,-5.36,36.209722,6.762658961,17.00690957
SierraCarboneraY5,3,2025,-5.36,36.209722,49.27843036,17.31400993
SierraCarboneraY5,3,2026,-5.36,36.209722,11.93302431,17.67012841
SierraCarboneraY5,3,2027,-5.36,36.209722,4.984747747,19.25427226
SierraCarboneraY5,3,2028,-5.36,36.209722,15.29148469,18.87500768
SierraCarboneraY5,3,2029,-5.36,36.209722,27.28098383,17.56954641
SierraCarboneraY5,3,2030,-5.36,36.209722,13.24363127,19.85868373
SierraCarboneraY5,3,2031,-5.36,36.209722,27.644537,18.13366089
SierraCarboneraY5,3,2032,-5.36,36.209722,10.62417793,19.41518456
SierraCarboneraY5,3,2033,-5.36,36.209722,5.529966364,20.02411952
SierraCarboneraY5,3,2034,-5.36,36.209722,16.90920811,18.74129343
SierraCarboneraY5,3,2035,-5.36,36.209722,130.275785,17.04499748
SierraCarboneraY5,3,2036,-5.36,36.209722,12.59790051,19.10570186
SierraCarboneraY5,3,2037,-5.36,36.209722,1.971947845,20.47092541
SierraCarboneraY5,3,2038,-5.36,36.209722,41.11621825,18.68661972
SierraCarboneraY5,3,2039,-5.36,36.209722,74.01952711,18.97763436
SierraCarboneraY5,3,2040,-5.36,36.209722,19.93348678,19.8332744
SierraCarboneraY5,3,2041,-5.36,36.209722,46.27232445,18.3743422
SierraCarboneraY5,3,2042,-5.36,36.209722,45.76624531,17.61745212
SierraCarboneraY5,3,2043,-5.36,36.209722,16.21350519,18.52649989
SierraCarboneraY5,3,2044,-5.36,36.209722,67.50483924,17.56863581
SierraCarboneraY5,3,2045,-5.36,36.209722,37.06448148,18.78076152
SierraCarboneraY5,3,2046,-5.36,36.209722,70.8961851,19.63944348
SierraCarboneraY5,3,2047,-5.36,36.209722,46.90175693,18.80559102
SierraCarboneraY5,3,2048,-5.36,36.209722,8.174629961,19.2378036
SierraCarboneraY5,3,2049,-5.36,36.209722,18.14521742,19.04213769
SierraCarboneraY5,3,2050,-5.36,36.209722,4.573737487,19.8323697
SierraCarboneraY5,3,2051,-5.36,36.209722,27.47328465,18.72656132
SierraCarboneraY5,3,2052,-5.36,36.209722,71.36056421,20.03209839
SierraCarboneraY5,3,2053,-5.36,36.209722,20.84287903,18.04384963
SierraCarboneraY5,3,2054,-5.36,36.209722,73.79947989,18.30330712
SierraCarboneraY5,3,2055,-5.36,36.209722,90.81120581,17.1083185
SierraCarboneraY5,3,2056,-5.36,36.209722,24.14366291,18.82284625
SierraCarboneraY5,3,2057,-5.36,36.209722,12.18742192,19.81701739
SierraCarboneraY5,3,2058,-5.36,36.209722,65.34203055,18.62288425
SierraCarboneraY5,3,2059,-5.36,36.209722,83.19070885,18.76483725
SierraCarboneraY5,3,2060,-5.36,36.209722,74.83004389,19.66263093
SierraCarboneraY5,3,2061,-5.36,36.209722,44.75774676,17.72701219
SierraCarboneraY5,3,2062,-5.36,36.209722,9.851739997,18.98224251
SierraCarboneraY5,3,2063,-5.36,36.209722,0.600141038,19.29364092
SierraCarboneraY5,3,2064,-5.36,36.209722,15.63126381,19.17522977
SierraCarboneraY5,3,2065,-5.36,36.209722,30.54999448,18.18849015
SierraCarboneraY5,3,2066,-5.36,36.209722,2.661771234,19.16844207
SierraCarboneraY5,3,2067,-5.36,36.209722,15.65308093,19.86178471
SierraCarboneraY5,3,2068,-5.36,36.209722,74.91139376,19.36804475
SierraCarboneraY5,3,2069,-5.36,36.209722,115.429414,17.38697549
SierraCarboneraY5,3,2070,-5.36,36.209722,1.487554561,19.91127339
SierraCarboneraY5,3,2071,-5.36,36.209722,4.193699174,18.94265924
SierraCarboneraY5,3,2072,-5.36,36.209722,12.34871188,19.56009482
SierraCarboneraY5,3,2073,-5.36,36.209722,73.87940753,18.88792154
SierraCarboneraY5,3,2074,-5.36,36.209722,2.812334696,19.77733568
SierraCarboneraY5,3,2075,-5.36,36.209722,21.62463296,19.28932909
SierraCarboneraY5,3,2076,-5.36,36.209722,60.60632015,20.34025111
SierraCarboneraY5,3,2077,-5.36,36.209722,3.408576425,20.23222774
SierraCarboneraY5,3,2078,-5.36,36.209722,50.09523592,18.80874713
SierraCarboneraY5,3,2079,-5.36,36.209722,5.289788425,19.28064339
SierraCarboneraY5,3,2080,-5.36,36.209722,19.33359382,19.05363691
SierraCarboneraY5,3,2081,-5.36,36.209722,14.20574784,18.2107857
SierraCarboneraY5,3,2082,-5.36,36.209722,86.27590313,18.13360182
SierraCarboneraY5,3,2083,-5.36,36.209722,17.79153859,16.91105091
SierraCarboneraY5,3,2084,-5.36,36.209722,66.45820827,19.40002422
SierraCarboneraY5,3,2085,-5.36,36.209722,3.862472045,20.40484796
SierraCarboneraY5,3,2086,-5.36,36.209722,44.14189585,17.31805006
SierraCarboneraY5,3,2087,-5.36,36.209722,2.03767388,20.37342372
SierraCarboneraY5,3,2088,-5.36,36.209722,5.73091537,20.69613037
SierraCarboneraY5,3,2089,-5.36,36.209722,96.17888069,19.27221463
SierraCarboneraY5,3,2090,-5.36,36.209722,5.896381391,21.39100972
SierraCarboneraY5,3,2091,-5.36,36.209722,9.860539669,21.07969203
SierraCarboneraY5,3,2092,-5.36,36.209722,25.9422521,20.2087548
SierraCarboneraY5,3,2093,-5.36,36.209722,52.07426879,18.17931223
SierraCarboneraY5,3,2094,-5.36,36.209722,21.73869216,18.56472168
SierraCarboneraY5,3,2095,-5.36,36.209722,45.50084732,18.55784243
SierraCarboneraY5,3,2096,-5.36,36.209722,80.58156486,18.98841494
SierraCarboneraY5,3,2097,-5.36,36.209722,24.10460154,17.96952357
SierraCarboneraY5,3,2098,-5.36,36.209722,30.92338447,18.99292366
SierraCarboneraY5,3,2099,-5.36,36.209722,137.1349361,18.31512924
SierraCarboneraY5,3,2100,-5.36,36.209722,10.17320966,18.96477956
SierraCarboneraY5,4,2015,-5.36,36.209722,19.14988633,20.90034485
SierraCarboneraY5,4,2016,-5.36,36.209722,1.770788673,20.02556864
SierraCarboneraY5,4,2017,-5.36,36.209722,27.43767667,19.2776886
SierraCarboneraY5,4,2018,-5.36,36.209722,17.75032159,19.97425741
SierraCarboneraY5,4,2019,-5.36,36.209722,7.730804134,19.95571289
SierraCarboneraY5,4,2020,-5.36,36.209722,15.90538698,20.9677419
SierraCarboneraY5,4,2021,-5.36,36.209722,5.990967084,19.84891357
SierraCarboneraY5,4,2022,-5.36,36.209722,38.85594387,19.91819763
SierraCarboneraY5,4,2023,-5.36,36.209722,11.69857262,21.09731445
SierraCarboneraY5,4,2024,-5.36,36.209722,1.664591357,19.20473735
SierraCarboneraY5,4,2025,-5.36,36.209722,21.64139862,18.79019165
SierraCarboneraY5,4,2026,-5.36,36.209722,11.74415114,19.57736816
SierraCarboneraY5,4,2027,-5.36,36.209722,34.58322278,20.08526103
SierraCarboneraY5,4,2028,-5.36,36.209722,5.119764534,20.94820251
SierraCarboneraY5,4,2029,-5.36,36.209722,54.38403116,18.70542399
SierraCarboneraY5,4,2030,-5.36,36.209722,66.54969414,19.6692159
SierraCarboneraY5,4,2031,-5.36,36.209722,29.24705453,20.2896993
SierraCarboneraY5,4,2032,-5.36,36.209722,38.63547837,19.79051005
SierraCarboneraY5,4,2033,-5.36,36.209722,7.052768459,21.90958455
SierraCarboneraY5,4,2034,-5.36,36.209722,71.22633114,20.57022909
SierraCarboneraY5,4,2035,-5.36,36.209722,31.16820508,20.66778768
SierraCarboneraY5,4,2036,-5.36,36.209722,4.635821202,20.9877889
SierraCarboneraY5,4,2037,-5.36,36.209722,0.384440956,23.04914449
SierraCarboneraY5,4,2038,-5.36,36.209722,42.24792571,19.05046794
SierraCarboneraY5,4,2039,-5.36,36.209722,17.69405557,21.47379252
SierraCarboneraY5,4,2040,-5.36,36.209722,34.15824846,20.85536702
SierraCarboneraY5,4,2041,-5.36,36.209722,25.37443626,19.45994364
SierraCarboneraY5,4,2042,-5.36,36.209722,3.2837871,20.80542196
SierraCarboneraY5,4,2043,-5.36,36.209722,39.99159648,18.7437205
SierraCarboneraY5,4,2044,-5.36,36.209722,12.65455556,19.63114624
SierraCarboneraY5,4,2045,-5.36,36.209722,29.03095628,20.19950765
SierraCarboneraY5,4,2046,-5.36,36.209722,32.83694951,19.77155355
SierraCarboneraY5,4,2047,-5.36,36.209722,23.16143312,19.90939229
SierraCarboneraY5,4,2048,-5.36,36.209722,36.71592664,20.28931173
SierraCarboneraY5,4,2049,-5.36,36.209722,2.0261983,21.50121867
SierraCarboneraY5,4,2050,-5.36,36.209722,24.23045081,20.16742757
SierraCarboneraY5,4,2051,-5.36,36.209722,10.11528753,21.52635498
SierraCarboneraY5,4,2052,-5.36,36.209722,21.75899698,20.9295461
SierraCarboneraY5,4,2053,-5.36,36.209722,19.52653645,21.86052551
SierraCarboneraY5,4,2054,-5.36,36.209722,45.2942295,21.27167765
SierraCarboneraY5,4,2055,-5.36,36.209722,21.02125658,19.54173177
SierraCarboneraY5,4,2056,-5.36,36.209722,67.67769471,21.59237061
SierraCarboneraY5,4,2057,-5.36,36.209722,26.21903282,21.5098877
SierraCarboneraY5,4,2058,-5.36,36.209722,14.43816506,21.91769307
SierraCarboneraY5,4,2059,-5.36,36.209722,9.369693683,20.88336385
SierraCarboneraY5,4,2060,-5.36,36.209722,66.82270423,19.82178345
SierraCarboneraY5,4,2061,-5.36,36.209722,31.71600011,20.80514221
SierraCarboneraY5,4,2062,-5.36,36.209722,6.205091471,20.76406352
SierraCarboneraY5,4,2063,-5.36,36.209722,24.21131751,20.301356
SierraCarboneraY5,4,2064,-5.36,36.209722,0.494195473,21.78172099
SierraCarboneraY5,4,2065,-5.36,36.209722,13.00083107,19.89191386
SierraCarboneraY5,4,2066,-5.36,36.209722,2.121819303,21.41815491
SierraCarboneraY5,4,2067,-5.36,36.209722,43.1742122,20.68005981
SierraCarboneraY5,4,2068,-5.36,36.209722,2.315460513,20.0706075
SierraCarboneraY5,4,2069,-5.36,36.209722,0.550474352,21.66205953
SierraCarboneraY5,4,2070,-5.36,36.209722,9.940462824,21.45394084
SierraCarboneraY5,4,2071,-5.36,36.209722,6.769213012,20.95086161
SierraCarboneraY5,4,2072,-5.36,36.209722,7.517157381,19.91616211
SierraCarboneraY5,4,2073,-5.36,36.209722,47.92430434,18.59336853
SierraCarboneraY5,4,2074,-5.36,36.209722,12.32714956,22.40590719
SierraCarboneraY5,4,2075,-5.36,36.209722,4.515040983,22.31783651
SierraCarboneraY5,4,2076,-5.36,36.209722,3.771616017,22.33157857
SierraCarboneraY5,4,2077,-5.36,36.209722,20.50389524,19.96139832
SierraCarboneraY5,4,2078,-5.36,36.209722,6.996875556,19.13348083
SierraCarboneraY5,4,2079,-5.36,36.209722,6.585412264,22.33785706
SierraCarboneraY5,4,2080,-5.36,36.209722,10.47330234,20.37891439
SierraCarboneraY5,4,2081,-5.36,36.209722,2.619876257,22.11139933
SierraCarboneraY5,4,2082,-5.36,36.209722,1.592685986,20.81955668
SierraCarboneraY5,4,2083,-5.36,36.209722,6.085133685,20.08558655
SierraCarboneraY5,4,2084,-5.36,36.209722,5.551622394,21.89000753
SierraCarboneraY5,4,2085,-5.36,36.209722,14.39590331,21.25871073
SierraCarboneraY5,4,2086,-5.36,36.209722,1.690507401,21.24211731
SierraCarboneraY5,4,2087,-5.36,36.209722,2.629922237,23.23283488
SierraCarboneraY5,4,2088,-5.36,36.209722,1.135122669,22.05500488
SierraCarboneraY5,4,2089,-5.36,36.209722,4.982673202,21.09267782
SierraCarboneraY5,4,2090,-5.36,36.209722,17.21280811,22.26715088
SierraCarboneraY5,4,2091,-5.36,36.209722,22.56720963,21.21988525
SierraCarboneraY5,4,2092,-5.36,36.209722,60.39297303,21.34099325
SierraCarboneraY5,4,2093,-5.36,36.209722,17.72988061,20.81468608
SierraCarboneraY5,4,2094,-5.36,36.209722,4.019686033,19.74826864
SierraCarboneraY5,4,2095,-5.36,36.209722,74.90797825,20.49025269
SierraCarboneraY5,4,2096,-5.36,36.209722,32.48157671,18.7463206
SierraCarboneraY5,4,2097,-5.36,36.209722,66.59870641,19.54340515
SierraCarboneraY5,4,2098,-5.36,36.209722,13.32770216,22.53571167
SierraCarboneraY5,4,2099,-5.36,36.209722,8.948511914,21.70256348
SierraCarboneraY5,4,2100,-5.36,36.209722,56.65837419,20.73226725
SierraCarboneraY5,5,2015,-5.36,36.209722,26.56930497,23.04343911
SierraCarboneraY5,5,2016,-5.36,36.209722,50.66333875,19.7801807
SierraCarboneraY5,5,2017,-5.36,36.209722,1.890598274,22.80272138
SierraCarboneraY5,5,2018,-5.36,36.209722,12.5906802,21.74139188
SierraCarboneraY5,5,2019,-5.36,36.209722,0.933399007,22.17701751
SierraCarboneraY5,5,2020,-5.36,36.209722,14.32144813,22.19920083
SierraCarboneraY5,5,2021,-5.36,36.209722,27.69862547,21.57829216
SierraCarboneraY5,5,2022,-5.36,36.209722,36.54641134,21.98989455
SierraCarboneraY5,5,2023,-5.36,36.209722,22.99621124,23.07518921
SierraCarboneraY5,5,2024,-5.36,36.209722,12.4107722,21.97186752
SierraCarboneraY5,5,2025,-5.36,36.209722,25.19609818,20.14840875
SierraCarboneraY5,5,2026,-5.36,36.209722,12.57757179,22.04739852
SierraCarboneraY5,5,2027,-5.36,36.209722,17.55428438,21.83620212
SierraCarboneraY5,5,2028,-5.36,36.209722,13.12726525,20.93542756
SierraCarboneraY5,5,2029,-5.36,36.209722,5.07632687,23.377897
SierraCarboneraY5,5,2030,-5.36,36.209722,14.17875963,23.0049909
SierraCarboneraY5,5,2031,-5.36,36.209722,94.19254875,21.92348731
SierraCarboneraY5,5,2032,-5.36,36.209722,2.162326655,23.40240754
SierraCarboneraY5,5,2033,-5.36,36.209722,12.43703225,22.17746247
SierraCarboneraY5,5,2034,-5.36,36.209722,50.79922169,22.09956193
SierraCarboneraY5,5,2035,-5.36,36.209722,52.49350657,19.37573616
SierraCarboneraY5,5,2036,-5.36,36.209722,7.596863161,22.12198644
SierraCarboneraY5,5,2037,-5.36,36.209722,9.418500007,23.30892531
SierraCarboneraY5,5,2038,-5.36,36.209722,17.80935576,21.85324963
SierraCarboneraY5,5,2039,-5.36,36.209722,3.109495048,23.02096833
SierraCarboneraY5,5,2040,-5.36,36.209722,19.89184847,20.10980303
SierraCarboneraY5,5,2041,-5.36,36.209722,3.13079718,22.05249693
SierraCarboneraY5,5,2042,-5.36,36.209722,37.81259842,22.72450483
SierraCarboneraY5,5,2043,-5.36,36.209722,12.62271276,22.53364789
SierraCarboneraY5,5,2044,-5.36,36.209722,1.577369945,22.50469754
SierraCarboneraY5,5,2045,-5.36,36.209722,15.10378885,22.71756946
SierraCarboneraY5,5,2046,-5.36,36.209722,36.24896092,22.4600454
SierraCarboneraY5,5,2047,-5.36,36.209722,12.04478186,22.5653596
SierraCarboneraY5,5,2048,-5.36,36.209722,7.877808505,21.65636498
SierraCarboneraY5,5,2049,-5.36,36.209722,6.773319979,23.69693367
SierraCarboneraY5,5,2050,-5.36,36.209722,12.45624519,22.80486746
SierraCarboneraY5,5,2051,-5.36,36.209722,17.35114649,23.14828176
SierraCarboneraY5,5,2052,-5.36,36.209722,2.382551308,24.92996491
SierraCarboneraY5,5,2053,-5.36,36.209722,21.05307309,24.0289344
SierraCarboneraY5,5,2054,-5.36,36.209722,36.27298053,22.81256478
SierraCarboneraY5,5,2055,-5.36,36.209722,0.762744687,22.21349389
SierraCarboneraY5,5,2056,-5.36,36.209722,16.38297889,22.54302565
SierraCarboneraY5,5,2057,-5.36,36.209722,15.97083914,21.33255084
SierraCarboneraY5,5,2058,-5.36,36.209722,37.86876615,23.11293355
SierraCarboneraY5,5,2059,-5.36,36.209722,1.284750686,23.33314445
SierraCarboneraY5,5,2060,-5.36,36.209722,21.220363,22.91872559
SierraCarboneraY5,5,2061,-5.36,36.209722,2.04790318,23.46695419
SierraCarboneraY5,5,2062,-5.36,36.209722,13.90862318,22.73864333
SierraCarboneraY5,5,2063,-5.36,36.209722,2.043918175,22.91285834
SierraCarboneraY5,5,2064,-5.36,36.209722,18.45646266,24.22816201
SierraCarboneraY5,5,2065,-5.36,36.209722,4.501250928,22.89704039
SierraCarboneraY5,5,2066,-5.36,36.209722,5.214389999,20.70138825
SierraCarboneraY5,5,2067,-5.36,36.209722,12.93389035,23.92408684
SierraCarboneraY5,5,2068,-5.36,36.209722,24.14066874,22.34037318
SierraCarboneraY5,5,2069,-5.36,36.209722,3.515681766,24.38815386
SierraCarboneraY5,5,2070,-5.36,36.209722,1.737324116,23.38064654
SierraCarboneraY5,5,2071,-5.36,36.209722,14.65642974,23.09894271
SierraCarboneraY5,5,2072,-5.36,36.209722,53.84799986,20.91089537
SierraCarboneraY5,5,2073,-5.36,36.209722,3.413815517,23.79836623
SierraCarboneraY5,5,2074,-5.36,36.209722,9.13776583,22.56059393
SierraCarboneraY5,5,2075,-5.36,36.209722,40.99188391,23.24972613
SierraCarboneraY5,5,2076,-5.36,36.209722,11.73494689,24.90388814
SierraCarboneraY5,5,2077,-5.36,36.209722,21.02361483,23.08212654
SierraCarboneraY5,5,2078,-5.36,36.209722,75.47152563,20.41593175
SierraCarboneraY5,5,2079,-5.36,36.209722,0.813532337,24.94841328
SierraCarboneraY5,5,2080,-5.36,36.209722,62.83454243,22.1581921
SierraCarboneraY5,5,2081,-5.36,36.209722,8.720531451,23.62607973
SierraCarboneraY5,5,2082,-5.36,36.209722,31.12926352,22.82800864
SierraCarboneraY5,5,2083,-5.36,36.209722,0.33889949,24.22876941
SierraCarboneraY5,5,2084,-5.36,36.209722,43.77438158,21.97322998
SierraCarboneraY5,5,2085,-5.36,36.209722,7.865289288,23.61215682
SierraCarboneraY5,5,2086,-5.36,36.209722,6.737011035,22.93715623
SierraCarboneraY5,5,2087,-5.36,36.209722,2.33793517,24.90849924
SierraCarboneraY5,5,2088,-5.36,36.209722,8.731813497,25.1641322
SierraCarboneraY5,5,2089,-5.36,36.209722,19.970951,24.38343644
SierraCarboneraY5,5,2090,-5.36,36.209722,38.88745431,23.26903785
SierraCarboneraY5,5,2091,-5.36,36.209722,0.775963104,22.97943194
SierraCarboneraY5,5,2092,-5.36,36.209722,3.172738591,23.52152257
SierraCarboneraY5,5,2093,-5.36,36.209722,26.34441225,23.98325943
SierraCarboneraY5,5,2094,-5.36,36.209722,6.281627991,22.74229067
SierraCarboneraY5,5,2095,-5.36,36.209722,1.656750358,23.92986352
SierraCarboneraY5,5,2096,-5.36,36.209722,3.2699138,22.15860163
SierraCarboneraY5,5,2097,-5.36,36.209722,1.931670198,22.77556664
SierraCarboneraY5,5,2098,-5.36,36.209722,24.75615453,22.58609088
SierraCarboneraY5,5,2099,-5.36,36.209722,21.56599228,26.54742215
SierraCarboneraY5,5,2100,-5.36,36.209722,58.18598587,20.48987978
SierraCarboneraY5,6,2015,-5.36,36.209722,11.43268896,25.12388916
SierraCarboneraY5,6,2016,-5.36,36.209722,10.81014302,24.80907694
SierraCarboneraY5,6,2017,-5.36,36.209722,16.62687798,24.1956309
SierraCarboneraY5,6,2018,-5.36,36.209722,2.304504936,24.2989624
SierraCarboneraY5,6,2019,-5.36,36.209722,3.023009041,24.34342753
SierraCarboneraY5,6,2020,-5.36,36.209722,0.478482365,25.54847107
SierraCarboneraY5,6,2021,-5.36,36.209722,0.02017984,26.51384989
SierraCarboneraY5,6,2022,-5.36,36.209722,0.993663544,26.08105469
SierraCarboneraY5,6,2023,-5.36,36.209722,11.26840505,25.25273539
SierraCarboneraY5,6,2024,-5.36,36.209722,2.390418131,25.38369039
SierraCarboneraY5,6,2025,-5.36,36.209722,2.337492551,24.6648468
SierraCarboneraY5,6,2026,-5.36,36.209722,8.822102186,26.37143555
SierraCarboneraY5,6,2027,-5.36,36.209722,0.599258648,25.43178202
SierraCarboneraY5,6,2028,-5.36,36.209722,9.814566931,24.5489329
SierraCarboneraY5,6,2029,-5.36,36.209722,6.930660113,24.4731781
SierraCarboneraY5,6,2030,-5.36,36.209722,24.25920891,25.08228048
SierraCarboneraY5,6,2031,-5.36,36.209722,12.41802929,27.23867798
SierraCarboneraY5,6,2032,-5.36,36.209722,1.566589425,28.56979472
SierraCarboneraY5,6,2033,-5.36,36.209722,2.638046695,25.42724915
SierraCarboneraY5,6,2034,-5.36,36.209722,2.650109309,25.36330872
SierraCarboneraY5,6,2035,-5.36,36.209722,8.320560526,24.95092672
SierraCarboneraY5,6,2036,-5.36,36.209722,0.397846737,25.97727865
SierraCarboneraY5,6,2037,-5.36,36.209722,14.33881449,25.78631185
SierraCarboneraY5,6,2038,-5.36,36.209722,16.76449401,24.92771403
SierraCarboneraY5,6,2039,-5.36,36.209722,3.771068652,27.69979757
SierraCarboneraY5,6,2040,-5.36,36.209722,0.51192737,25.33442586
SierraCarboneraY5,6,2041,-5.36,36.209722,10.82130155,25.82947795
SierraCarboneraY5,6,2042,-5.36,36.209722,1.751711844,25.29752604
SierraCarboneraY5,6,2043,-5.36,36.209722,0.941310968,27.10895386
SierraCarboneraY5,6,2044,-5.36,36.209722,1.213394558,26.49813232
SierraCarboneraY5,6,2045,-5.36,36.209722,26.88163826,25.33018188
SierraCarboneraY5,6,2046,-5.36,36.209722,0.49910211,25.38109334
SierraCarboneraY5,6,2047,-5.36,36.209722,9.666042533,26.98004659
SierraCarboneraY5,6,2048,-5.36,36.209722,1.006344081,26.51602376
SierraCarboneraY5,6,2049,-5.36,36.209722,14.55230319,28.05231425
SierraCarboneraY5,6,2050,-5.36,36.209722,15.16865688,26.50661825
SierraCarboneraY5,6,2051,-5.36,36.209722,3.104553684,25.16821187
SierraCarboneraY5,6,2052,-5.36,36.209722,1.76718888,27.30794373
SierraCarboneraY5,6,2053,-5.36,36.209722,0.254846509,26.73312683
SierraCarboneraY5,6,2054,-5.36,36.209722,0.456883148,28.19003398
SierraCarboneraY5,6,2055,-5.36,36.209722,1.209925887,27.12475688
SierraCarboneraY5,6,2056,-5.36,36.209722,3.030629706,25.87258199
SierraCarboneraY5,6,2057,-5.36,36.209722,4.84590146519069e-05,26.8999644
SierraCarboneraY5,6,2058,-5.36,36.209722,4.704721687,26.16756185
SierraCarboneraY5,6,2059,-5.36,36.209722,0.960171361,25.51121318
SierraCarboneraY5,6,2060,-5.36,36.209722,11.05198057,26.01917521
SierraCarboneraY5,6,2061,-5.36,36.209722,15.70103987,28.12191874
SierraCarboneraY5,6,2062,-5.36,36.209722,2.601603554,27.39697876
SierraCarboneraY5,6,2063,-5.36,36.209722,0.348523703,27.14226074
SierraCarboneraY5,6,2064,-5.36,36.209722,0.63016109,27.27336629
SierraCarboneraY5,6,2065,-5.36,36.209722,0.104875218,27.33616028
SierraCarboneraY5,6,2066,-5.36,36.209722,0.709014296,25.64184163
SierraCarboneraY5,6,2067,-5.36,36.209722,3.019206835,28.2691213
SierraCarboneraY5,6,2068,-5.36,36.209722,3.315462154,27.18213603
SierraCarboneraY5,6,2069,-5.36,36.209722,21.21958365,28.33490906
SierraCarboneraY5,6,2070,-5.36,36.209722,91.59643305,26.7995697
SierraCarboneraY5,6,2071,-5.36,36.209722,0.001830084,27.07820231
SierraCarboneraY5,6,2072,-5.36,36.209722,15.42091199,24.8008606
SierraCarboneraY5,6,2073,-5.36,36.209722,7.895733969,24.98627014
SierraCarboneraY5,6,2074,-5.36,36.209722,1.371368999,26.36082865
SierraCarboneraY5,6,2075,-5.36,36.209722,3.746494285,26.51497701
SierraCarboneraY5,6,2076,-5.36,36.209722,3.180161847,26.93838603
SierraCarboneraY5,6,2077,-5.36,36.209722,1.307937471,27.82612305
SierraCarboneraY5,6,2078,-5.36,36.209722,2.823300062,27.59452311
SierraCarboneraY5,6,2079,-5.36,36.209722,2.13514284,26.71493937
SierraCarboneraY5,6,2080,-5.36,36.209722,5.572613972,26.21239115
SierraCarboneraY5,6,2081,-5.36,36.209722,12.81441042,28.58234965
SierraCarboneraY5,6,2082,-5.36,36.209722,0.4702046,27.60872904
SierraCarboneraY5,6,2083,-5.36,36.209722,2.177852853,27.59689331
SierraCarboneraY5,6,2084,-5.36,36.209722,10.64418371,23.7426768
SierraCarboneraY5,6,2085,-5.36,36.209722,0.343573164,27.93795471
SierraCarboneraY5,6,2086,-5.36,36.209722,4.347732537,25.46571248
SierraCarboneraY5,6,2087,-5.36,36.209722,13.43060142,30.0597758
SierraCarboneraY5,6,2088,-5.36,36.209722,8.182372427,25.66917013
SierraCarboneraY5,6,2089,-5.36,36.209722,0.184517942,26.19928487
SierraCarboneraY5,6,2090,-5.36,36.209722,0.325486239,27.97330017
SierraCarboneraY5,6,2091,-5.36,36.209722,1.048406812,26.64950053
SierraCarboneraY5,6,2092,-5.36,36.209722,14.20700736,27.45508321
SierraCarboneraY5,6,2093,-5.36,36.209722,0.000732555,27.72221069
SierraCarboneraY5,6,2094,-5.36,36.209722,0.442529092,26.65974426
SierraCarboneraY5,6,2095,-5.36,36.209722,2.871266809,28.5549408
SierraCarboneraY5,6,2096,-5.36,36.209722,0.574908591,25.75739136
SierraCarboneraY5,6,2097,-5.36,36.209722,0.006117933,27.44307658
SierraCarboneraY5,6,2098,-5.36,36.209722,3.497213348,26.23625183
SierraCarboneraY5,6,2099,-5.36,36.209722,3.104839783,27.84369609
SierraCarboneraY5,6,2100,-5.36,36.209722,11.79775413,26.05668132
SierraCarboneraY5,7,2015,-5.36,36.209722,1.270525445,28.23426061
SierraCarboneraY5,7,2016,-5.36,36.209722,0.839149164,28.58280777
SierraCarboneraY5,7,2017,-5.36,36.209722,0.018923604,29.04676061
SierraCarboneraY5,7,2018,-5.36,36.209722,0.181754462,27.91979567
SierraCarboneraY5,7,2019,-5.36,36.209722,0.008473229,29.11276718
SierraCarboneraY5,7,2020,-5.36,36.209722,0.088216272,29.76330153
SierraCarboneraY5,7,2021,-5.36,36.209722,0.064162216,29.2646384
SierraCarboneraY5,7,2022,-5.36,36.209722,5.91371619582378e-07,30.16904454
SierraCarboneraY5,7,2023,-5.36,36.209722,0.367394544,28.52981252
SierraCarboneraY5,7,2024,-5.36,36.209722,0.191780271,28.70127504
SierraCarboneraY5,7,2025,-5.36,36.209722,0.094232305,28.48884021
SierraCarboneraY5,7,2026,-5.36,36.209722,18.00778257,29.43356993
SierraCarboneraY5,7,2027,-5.36,36.209722,0.37384859,28.43671225
SierraCarboneraY5,7,2028,-5.36,36.209722,1.568060921,29.41521213
SierraCarboneraY5,7,2029,-5.36,36.209722,0.754268841,28.96728201
SierraCarboneraY5,7,2030,-5.36,36.209722,0.13518314,27.60246503
SierraCarboneraY5,7,2031,-5.36,36.209722,1.020030272,29.9985005
SierraCarboneraY5,7,2032,-5.36,36.209722,0.0808702,29.88949073
SierraCarboneraY5,7,2033,-5.36,36.209722,3.249720493,28.38462564
SierraCarboneraY5,7,2034,-5.36,36.209722,0.02505485,29.04826975
SierraCarboneraY5,7,2035,-5.36,36.209722,0.001054398,28.64778167
SierraCarboneraY5,7,2036,-5.36,36.209722,0.000516296,29.40328763
SierraCarboneraY5,7,2037,-5.36,36.209722,13.35642669,29.34382856
SierraCarboneraY5,7,2038,-5.36,36.209722,0.058405403,27.94303234
SierraCarboneraY5,7,2039,-5.36,36.209722,0.277634874,31.37012093
SierraCarboneraY5,7,2040,-5.36,36.209722,0.000684164,29.94543733
SierraCarboneraY5,7,2041,-5.36,36.209722,2.949886231,30.09375177
SierraCarboneraY5,7,2042,-5.36,36.209722,0.003580904,30.10781053
SierraCarboneraY5,7,2043,-5.36,36.209722,0.599857029,29.09270827
SierraCarboneraY5,7,2044,-5.36,36.209722,0.083888649,30.46781065
SierraCarboneraY5,7,2045,-5.36,36.209722,0.12021193,29.803821
SierraCarboneraY5,7,2046,-5.36,36.209722,0.007723843,29.18478079
SierraCarboneraY5,7,2047,-5.36,36.209722,0.33484687,30.77358202
SierraCarboneraY5,7,2048,-5.36,36.209722,0.12229728,30.72184389
SierraCarboneraY5,7,2049,-5.36,36.209722,0.312241812,30.71612824
SierraCarboneraY5,7,2050,-5.36,36.209722,0.195405632,30.60319647
SierraCarboneraY5,7,2051,-5.36,36.209722,2.099406929,29.35382257
SierraCarboneraY5,7,2052,-5.36,36.209722,1.808501501,30.66458898
SierraCarboneraY5,7,2053,-5.36,36.209722,0.12792167,29.7812498
SierraCarboneraY5,7,2054,-5.36,36.209722,0.061662894,30.50989636
SierraCarboneraY5,7,2055,-5.36,36.209722,0.479517283,30.00206614
SierraCarboneraY5,7,2056,-5.36,36.209722,0.132429613,30.1634175
SierraCarboneraY5,7,2057,-5.36,36.209722,0.092066689,31.30837796
SierraCarboneraY5,7,2058,-5.36,36.209722,0.066162639,30.58237758
SierraCarboneraY5,7,2059,-5.36,36.209722,0.040969837,29.47762943
SierraCarboneraY5,7,2060,-5.36,36.209722,0.006766311,30.94343596
SierraCarboneraY5,7,2061,-5.36,36.209722,0.569059187,31.55014412
SierraCarboneraY5,7,2062,-5.36,36.209722,2.319892108,31.38023012
SierraCarboneraY5,7,2063,-5.36,36.209722,4.03538793013835e-11,31.11959524
SierraCarboneraY5,7,2064,-5.36,36.209722,0.00057411,30.29004576
SierraCarboneraY5,7,2065,-5.36,36.209722,9.200567602,29.08401666
SierraCarboneraY5,7,2066,-5.36,36.209722,0.000454108,30.02580488
SierraCarboneraY5,7,2067,-5.36,36.209722,0.001261142,30.42966171
SierraCarboneraY5,7,2068,-5.36,36.209722,0.304050088,30.98381663
SierraCarboneraY5,7,2069,-5.36,36.209722,1.39888304891325e-06,31.01014837
SierraCarboneraY5,7,2070,-5.36,36.209722,4.610611563,31.56715521
SierraCarboneraY5,7,2071,-5.36,36.209722,0.007129923,30.6840779
SierraCarboneraY5,7,2072,-5.36,36.209722,1.664366326,30.50783593
SierraCarboneraY5,7,2073,-5.36,36.209722,0.224409088,30.61330074
SierraCarboneraY5,7,2074,-5.36,36.209722,0.327329823,29.70745436
SierraCarboneraY5,7,2075,-5.36,36.209722,0.011326281,31.56604969
SierraCarboneraY5,7,2076,-5.36,36.209722,0.506799192,31.05211792
SierraCarboneraY5,7,2077,-5.36,36.209722,0.057407557,30.71904809
SierraCarboneraY5,7,2078,-5.36,36.209722,1.400739392,29.80148
SierraCarboneraY5,7,2079,-5.36,36.209722,0.71231133,29.45623858
SierraCarboneraY5,7,2080,-5.36,36.209722,0.149023932,31.35041642
SierraCarboneraY5,7,2081,-5.36,36.209722,0.001223106,32.22121976
SierraCarboneraY5,7,2082,-5.36,36.209722,0.037938268,31.65726673
SierraCarboneraY5,7,2083,-5.36,36.209722,0.004939857,31.1365069
SierraCarboneraY5,7,2084,-5.36,36.209722,0.041861402,30.26938339
SierraCarboneraY5,7,2085,-5.36,36.209722,0.039542546,31.67758848
SierraCarboneraY5,7,2086,-5.36,36.209722,0.021297171,30.12402127
SierraCarboneraY5,7,2087,-5.36,36.209722,0.000136064,32.09339048
SierraCarboneraY5,7,2088,-5.36,36.209722,2.475295123,30.36777206
SierraCarboneraY5,7,2089,-5.36,36.209722,0.276395003,31.01610324
SierraCarboneraY5,7,2090,-5.36,36.209722,3.766668793,30.1777962
SierraCarboneraY5,7,2091,-5.36,36.209722,0.403741162,31.0736397
SierraCarboneraY5,7,2092,-5.36,36.209722,0.002927769,30.85677195
SierraCarboneraY5,7,2093,-5.36,36.209722,1.054016201,30.62860875
SierraCarboneraY5,7,2094,-5.36,36.209722,1.01733128869706e-08,29.78077727
SierraCarboneraY5,7,2095,-5.36,36.209722,5.110948905,31.67808956
SierraCarboneraY5,7,2096,-5.36,36.209722,0.016118979,30.89410479
SierraCarboneraY5,7,2097,-5.36,36.209722,1.371944772,31.1160552
SierraCarboneraY5,7,2098,-5.36,36.209722,0.188219875,30.5796684
SierraCarboneraY5,7,2099,-5.36,36.209722,0.151329436,31.59036924
SierraCarboneraY5,7,2100,-5.36,36.209722,2.06042769582113e-09,30.72657215
SierraCarboneraY5,8,2015,-5.36,36.209722,0.004956272,28.03072904
SierraCarboneraY5,8,2016,-5.36,36.209722,0.077222697,29.02712993
SierraCarboneraY5,8,2017,-5.36,36.209722,7.075613086,28.85467017
SierraCarboneraY5,8,2018,-5.36,36.209722,5.774638421,30.03302376
SierraCarboneraY5,8,2019,-5.36,36.209722,23.37135327,29.74709177
SierraCarboneraY5,8,2020,-5.36,36.209722,0.013345354,30.57475212
SierraCarboneraY5,8,2021,-5.36,36.209722,2.080827717,28.94568934
SierraCarboneraY5,8,2022,-5.36,36.209722,3.424505413,29.32490963
SierraCarboneraY5,8,2023,-5.36,36.209722,4.636300438,30.85282238
SierraCarboneraY5,8,2024,-5.36,36.209722,0.539697384,28.52708169
SierraCarboneraY5,8,2025,-5.36,36.209722,4.083920135,29.87602165
SierraCarboneraY5,8,2026,-5.36,36.209722,1.666536346,28.6133096
SierraCarboneraY5,8,2027,-5.36,36.209722,0.488244572,30.83639704
SierraCarboneraY5,8,2028,-5.36,36.209722,7.175412716,30.60238431
SierraCarboneraY5,8,2029,-5.36,36.209722,0.039007893,30.17986549
SierraCarboneraY5,8,2030,-5.36,36.209722,0.181131036,28.73894949
SierraCarboneraY5,8,2031,-5.36,36.209722,14.64317701,28.93106945
SierraCarboneraY5,8,2032,-5.36,36.209722,7.438535148,30.31238955
SierraCarboneraY5,8,2033,-5.36,36.209722,0.002512204,29.48697864
SierraCarboneraY5,8,2034,-5.36,36.209722,0.154747526,30.62387754
SierraCarboneraY5,8,2035,-5.36,36.209722,0.719287503,28.29960268
SierraCarboneraY5,8,2036,-5.36,36.209722,11.44729455,29.62714686
SierraCarboneraY5,8,2037,-5.36,36.209722,2.334524905,29.45806668
SierraCarboneraY5,8,2038,-5.36,36.209722,0.001282789,31.01940012
SierraCarboneraY5,8,2039,-5.36,36.209722,1.934413776,30.368598
SierraCarboneraY5,8,2040,-5.36,36.209722,0.001996882,29.29278939
SierraCarboneraY5,8,2041,-5.36,36.209722,14.96224327,29.40333587
SierraCarboneraY5,8,2042,-5.36,36.209722,12.57105645,30.77577042
SierraCarboneraY5,8,2043,-5.36,36.209722,0.424910034,28.99837646
SierraCarboneraY5,8,2044,-5.36,36.209722,0.381060602,30.93758151
SierraCarboneraY5,8,2045,-5.36,36.209722,3.048323709,30.92242904
SierraCarboneraY5,8,2046,-5.36,36.209722,14.8172407,30.71932964
SierraCarboneraY5,8,2047,-5.36,36.209722,0.128308299,31.06736785
SierraCarboneraY5,8,2048,-5.36,36.209722,1.69974653,30.14361257
SierraCarboneraY5,8,2049,-5.36,36.209722,4.158838371,31.1090588
SierraCarboneraY5,8,2050,-5.36,36.209722,16.81818399,30.23236261
SierraCarboneraY5,8,2051,-5.36,36.209722,0.005628323,30.35786664
SierraCarboneraY5,8,2052,-5.36,36.209722,0.007099053,30.21697289
SierraCarboneraY5,8,2053,-5.36,36.209722,0.243951432,31.67793894
SierraCarboneraY5,8,2054,-5.36,36.209722,0.253635994,30.81787877
SierraCarboneraY5,8,2055,-5.36,36.209722,0.287838206,29.83283829
SierraCarboneraY5,8,2056,-5.36,36.209722,0.001797601,31.12881844
SierraCarboneraY5,8,2057,-5.36,36.209722,16.02572578,31.45109095
SierraCarboneraY5,8,2058,-5.36,36.209722,0.052302127,31.06798903
SierraCarboneraY5,8,2059,-5.36,36.209722,3.60955474,31.06858068
SierraCarboneraY5,8,2060,-5.36,36.209722,0.285191839,31.12647646
SierraCarboneraY5,8,2061,-5.36,36.209722,29.45859986,31.51838025
SierraCarboneraY5,8,2062,-5.36,36.209722,0.361919035,30.93451696
SierraCarboneraY5,8,2063,-5.36,36.209722,0.000113228,30.7146447
SierraCarboneraY5,8,2064,-5.36,36.209722,1.692127824,31.20835315
SierraCarboneraY5,8,2065,-5.36,36.209722,12.12647507,29.42635006
SierraCarboneraY5,8,2066,-5.36,36.209722,1.439157769,30.66662676
SierraCarboneraY5,8,2067,-5.36,36.209722,1.010716083,31.23519287
SierraCarboneraY5,8,2068,-5.36,36.209722,0.013457723,30.03412141
SierraCarboneraY5,8,2069,-5.36,36.209722,0.434328804,29.39701774
SierraCarboneraY5,8,2070,-5.36,36.209722,0.001978666,30.92003194
SierraCarboneraY5,8,2071,-5.36,36.209722,2.745327982,31.91486757
SierraCarboneraY5,8,2072,-5.36,36.209722,0.440473998,30.19409751
SierraCarboneraY5,8,2073,-5.36,36.209722,1.214954274,31.18129883
SierraCarboneraY5,8,2074,-5.36,36.209722,0.002462269,31.03871578
SierraCarboneraY5,8,2075,-5.36,36.209722,0.17268121,31.9851781
SierraCarboneraY5,8,2076,-5.36,36.209722,0.133849606,31.56267405
SierraCarboneraY5,8,2077,-5.36,36.209722,0.004273209,31.45606433
SierraCarboneraY5,8,2078,-5.36,36.209722,1.019522309,29.67223019
SierraCarboneraY5,8,2079,-5.36,36.209722,0.773237687,29.64996614
SierraCarboneraY5,8,2080,-5.36,36.209722,0.014031402,31.17963316
SierraCarboneraY5,8,2081,-5.36,36.209722,9.190188495,32.55523859
SierraCarboneraY5,8,2082,-5.36,36.209722,8.175699466,33.28140633
SierraCarboneraY5,8,2083,-5.36,36.209722,0.065729563,30.60939055
SierraCarboneraY5,8,2084,-5.36,36.209722,0.316181422,31.39227767
SierraCarboneraY5,8,2085,-5.36,36.209722,0.050472132,30.45302734
SierraCarboneraY5,8,2086,-5.36,36.209722,5.81288813851131e-06,31.39035211
SierraCarboneraY5,8,2087,-5.36,36.209722,2.252708054,31.31390361
SierraCarboneraY5,8,2088,-5.36,36.209722,0.102754547,29.96212158
SierraCarboneraY5,8,2089,-5.36,36.209722,0.720386864,30.39036393
SierraCarboneraY5,8,2090,-5.36,36.209722,2.422317356,30.24217057
SierraCarboneraY5,8,2091,-5.36,36.209722,0.81991623,31.15497003
SierraCarboneraY5,8,2092,-5.36,36.209722,0.309606089,33.73634466
SierraCarboneraY5,8,2093,-5.36,36.209722,1.554460289,32.14801203
SierraCarboneraY5,8,2094,-5.36,36.209722,0.071006972,29.95440556
SierraCarboneraY5,8,2095,-5.36,36.209722,0.257714248,30.2135815
SierraCarboneraY5,8,2096,-5.36,36.209722,7.267262857,31.34145705
SierraCarboneraY5,8,2097,-5.36,36.209722,0.362356771,31.90498283
SierraCarboneraY5,8,2098,-5.36,36.209722,0.036998866,29.42546899
SierraCarboneraY5,8,2099,-5.36,36.209722,15.13448793,33.22097759
SierraCarboneraY5,8,2100,-5.36,36.209722,8.31325894609877e-05,31.74273071
SierraCarboneraY5,9,2015,-5.36,36.209722,29.12937109,27.32610474
SierraCarboneraY5,9,2016,-5.36,36.209722,44.30022504,26.35695089
SierraCarboneraY5,9,2017,-5.36,36.209722,2.324904913,26.44309998
SierraCarboneraY5,9,2018,-5.36,36.209722,5.796000252,27.12048848
SierraCarboneraY5,9,2019,-5.36,36.209722,3.415535468,27.61777445
SierraCarboneraY5,9,2020,-5.36,36.209722,16.4640742,27.09382935
SierraCarboneraY5,9,2021,-5.36,36.209722,6.914782138,26.79198507
SierraCarboneraY5,9,2022,-5.36,36.209722,0.404390417,27.58780009
SierraCarboneraY5,9,2023,-5.36,36.209722,7.222372281,28.42845866
SierraCarboneraY5,9,2024,-5.36,36.209722,8.139687637,27.13101705
SierraCarboneraY5,9,2025,-5.36,36.209722,24.87498267,26.48693848
SierraCarboneraY5,9,2026,-5.36,36.209722,0.956368385,26.32383931
SierraCarboneraY5,9,2027,-5.36,36.209722,1.876135875,28.90427043
SierraCarboneraY5,9,2028,-5.36,36.209722,29.16072391,27.39449666
SierraCarboneraY5,9,2029,-5.36,36.209722,1.179299383,26.59941508
SierraCarboneraY5,9,2030,-5.36,36.209722,0.041128124,26.65032959
SierraCarboneraY5,9,2031,-5.36,36.209722,10.56388616,27.72082621
SierraCarboneraY5,9,2032,-5.36,36.209722,4.663424678,27.54966329
SierraCarboneraY5,9,2033,-5.36,36.209722,79.60428836,27.09714457
SierraCarboneraY5,9,2034,-5.36,36.209722,54.25101184,28.05728048
SierraCarboneraY5,9,2035,-5.36,36.209722,8.115130383,27.62609456
SierraCarboneraY5,9,2036,-5.36,36.209722,0.795903659,27.85401204
SierraCarboneraY5,9,2037,-5.36,36.209722,0.796852355,28.79805501
SierraCarboneraY5,9,2038,-5.36,36.209722,0.115822424,28.63207092
SierraCarboneraY5,9,2039,-5.36,36.209722,8.499336093,26.17639567
SierraCarboneraY5,9,2040,-5.36,36.209722,0.26806817,27.70439555
SierraCarboneraY5,9,2041,-5.36,36.209722,12.93943215,27.64101766
SierraCarboneraY5,9,2042,-5.36,36.209722,11.21009506,26.48235982
SierraCarboneraY5,9,2043,-5.36,36.209722,14.83199768,26.81336873
SierraCarboneraY5,9,2044,-5.36,36.209722,11.80940845,27.9426534
SierraCarboneraY5,9,2045,-5.36,36.209722,0.138767982,28.28710124
SierraCarboneraY5,9,2046,-5.36,36.209722,0.750637459,29.25112508
SierraCarboneraY5,9,2047,-5.36,36.209722,0.383041399,27.3411143
SierraCarboneraY5,9,2048,-5.36,36.209722,0.094654914,29.22688802
SierraCarboneraY5,9,2049,-5.36,36.209722,0.105280643,27.46331075
SierraCarboneraY5,9,2050,-5.36,36.209722,0.120390227,28.62963664
SierraCarboneraY5,9,2051,-5.36,36.209722,12.03753095,27.47367655
SierraCarboneraY5,9,2052,-5.36,36.209722,12.85870606,27.97700094
SierraCarboneraY5,9,2053,-5.36,36.209722,0.176472369,28.11407979
SierraCarboneraY5,9,2054,-5.36,36.209722,0.482936997,28.62812602
SierraCarboneraY5,9,2055,-5.36,36.209722,20.96663654,27.79888916
SierraCarboneraY5,9,2056,-5.36,36.209722,18.20506595,28.30365092
SierraCarboneraY5,9,2057,-5.36,36.209722,16.6533924,28.91573486
SierraCarboneraY5,9,2058,-5.36,36.209722,1.974134931,28.62518412
SierraCarboneraY5,9,2059,-5.36,36.209722,1.326554388,26.58623556
SierraCarboneraY5,9,2060,-5.36,36.209722,2.813280998,28.23268229
SierraCarboneraY5,9,2061,-5.36,36.209722,4.725536202,28.77483724
SierraCarboneraY5,9,2062,-5.36,36.209722,0.044519707,28.67111511
SierraCarboneraY5,9,2063,-5.36,36.209722,7.162842476,29.06372477
SierraCarboneraY5,9,2064,-5.36,36.209722,5.352112017,27.74447123
SierraCarboneraY5,9,2065,-5.36,36.209722,6.574727615,27.20939331
SierraCarboneraY5,9,2066,-5.36,36.209722,0.489707261,29.11855774
SierraCarboneraY5,9,2067,-5.36,36.209722,0.246740888,28.28807882
SierraCarboneraY5,9,2068,-5.36,36.209722,5.987670181,26.07259216
SierraCarboneraY5,9,2069,-5.36,36.209722,0.615491611,28.77567647
SierraCarboneraY5,9,2070,-5.36,36.209722,6.268805548,28.35209147
SierraCarboneraY5,9,2071,-5.36,36.209722,16.53606441,28.13183695
SierraCarboneraY5,9,2072,-5.36,36.209722,20.35283024,27.06451314
SierraCarboneraY5,9,2073,-5.36,36.209722,4.607779814,28.70525614
SierraCarboneraY5,9,2074,-5.36,36.209722,0.008303737,28.77179057
SierraCarboneraY5,9,2075,-5.36,36.209722,1.826174456,28.60557353
SierraCarboneraY5,9,2076,-5.36,36.209722,6.462319906,28.10228475
SierraCarboneraY5,9,2077,-5.36,36.209722,0.648988957,29.05864461
SierraCarboneraY5,9,2078,-5.36,36.209722,17.44214146,27.94238078
SierraCarboneraY5,9,2079,-5.36,36.209722,2.316786703,27.97945455
SierraCarboneraY5,9,2080,-5.36,36.209722,2.638578547,27.84676412
SierraCarboneraY5,9,2081,-5.36,36.209722,2.865899212,29.27524109
SierraCarboneraY5,9,2082,-5.36,36.209722,37.82425857,28.58473511
SierraCarboneraY5,9,2083,-5.36,36.209722,0.043870957,30.2013265
SierraCarboneraY5,9,2084,-5.36,36.209722,0.890850352,27.92000732
SierraCarboneraY5,9,2085,-5.36,36.209722,2.56564906,28.13406677
SierraCarboneraY5,9,2086,-5.36,36.209722,0.420845533,29.44381816
SierraCarboneraY5,9,2087,-5.36,36.209722,0.200715604,27.54230245
SierraCarboneraY5,9,2088,-5.36,36.209722,6.349533087,28.08921712
SierraCarboneraY5,9,2089,-5.36,36.209722,10.17893968,29.10918884
SierraCarboneraY5,9,2090,-5.36,36.209722,20.37555536,29.81142375
SierraCarboneraY5,9,2091,-5.36,36.209722,1.76286395,29.85695903
SierraCarboneraY5,9,2092,-5.36,36.209722,6.124628618,28.06978251
SierraCarboneraY5,9,2093,-5.36,36.209722,0.197588189,28.7176005
SierraCarboneraY5,9,2094,-5.36,36.209722,4.742229791,28.59842936
SierraCarboneraY5,9,2095,-5.36,36.209722,2.386672537,27.72009277
SierraCarboneraY5,9,2096,-5.36,36.209722,0.158347184,29.72107646
SierraCarboneraY5,9,2097,-5.36,36.209722,0.621944337,28.44599304
SierraCarboneraY5,9,2098,-5.36,36.209722,4.828093619,27.20791423
SierraCarboneraY5,9,2099,-5.36,36.209722,0.331839385,29.22779541
SierraCarboneraY5,9,2100,-5.36,36.209722,10.8246076,29.10358683
SierraPlata,1,2015,-5.788333,36.107778,80.21220432,18.06096605
SierraPlata,1,2016,-5.788333,36.107778,4.093030658,17.85621476
SierraPlata,1,2017,-5.788333,36.107778,120.3443202,18.39565036
SierraPlata,1,2018,-5.788333,36.107778,105.3689043,17.4066613
SierraPlata,1,2019,-5.788333,36.107778,140.5155962,16.88256521
SierraPlata,1,2020,-5.788333,36.107778,53.13945783,18.1687689
SierraPlata,1,2021,-5.788333,36.107778,33.72849344,16.45859926
SierraPlata,1,2022,-5.788333,36.107778,57.81294465,18.13337048
SierraPlata,1,2023,-5.788333,36.107778,57.4601177,17.59615675
SierraPlata,1,2024,-5.788333,36.107778,100.8612858,18.41235627
SierraPlata,1,2025,-5.788333,36.107778,29.52174237,16.85220711
SierraPlata,1,2026,-5.788333,36.107778,54.34136575,17.26788606
SierraPlata,1,2027,-5.788333,36.107778,161.7761647,18.22693147
SierraPlata,1,2028,-5.788333,36.107778,8.835550672,17.07706555
SierraPlata,1,2029,-5.788333,36.107778,33.76214663,17.92356902
SierraPlata,1,2030,-5.788333,36.107778,3.64493001,16.20317009
SierraPlata,1,2031,-5.788333,36.107778,46.75957407,18.13648918
SierraPlata,1,2032,-5.788333,36.107778,22.58343598,18.25377512
SierraPlata,1,2033,-5.788333,36.107778,106.552296,17.91654309
SierraPlata,1,2034,-5.788333,36.107778,33.171735,18.59123555
SierraPlata,1,2035,-5.788333,36.107778,202.9247425,18.98425569
SierraPlata,1,2036,-5.788333,36.107778,174.2739783,17.33669138
SierraPlata,1,2037,-5.788333,36.107778,68.01661249,17.84738632
SierraPlata,1,2038,-5.788333,36.107778,51.72778455,19.02609627
SierraPlata,1,2039,-5.788333,36.107778,40.3595195,18.26056184
SierraPlata,1,2040,-5.788333,36.107778,96.43333545,16.61619302
SierraPlata,1,2041,-5.788333,36.107778,81.9313089,17.38450751
SierraPlata,1,2042,-5.788333,36.107778,36.03324579,17.90251386
SierraPlata,1,2043,-5.788333,36.107778,3.352120565,18.42765641
SierraPlata,1,2044,-5.788333,36.107778,28.72707014,17.39462654
SierraPlata,1,2045,-5.788333,36.107778,51.44102959,16.72416717
SierraPlata,1,2046,-5.788333,36.107778,85.2072837,19.397191
SierraPlata,1,2047,-5.788333,36.107778,26.60464527,18.55316142
SierraPlata,1,2048,-5.788333,36.107778,154.7905217,17.633907
SierraPlata,1,2049,-5.788333,36.107778,19.45278281,17.03138467
SierraPlata,1,2050,-5.788333,36.107778,40.87629753,17.52570939
SierraPlata,1,2051,-5.788333,36.107778,189.2260651,18.23481189
SierraPlata,1,2052,-5.788333,36.107778,45.69842511,19.02707185
SierraPlata,1,2053,-5.788333,36.107778,79.17507416,17.89897874
SierraPlata,1,2054,-5.788333,36.107778,111.6634613,18.76296288
SierraPlata,1,2055,-5.788333,36.107778,45.74557082,17.95886998
SierraPlata,1,2056,-5.788333,36.107778,23.79963657,18.51785948
SierraPlata,1,2057,-5.788333,36.107778,22.08211158,18.38804951
SierraPlata,1,2058,-5.788333,36.107778,70.23143285,18.79605772
SierraPlata,1,2059,-5.788333,36.107778,183.3902048,19.38399954
SierraPlata,1,2060,-5.788333,36.107778,144.4208878,17.09440544
SierraPlata,1,2061,-5.788333,36.107778,173.3387126,18.7196545
SierraPlata,1,2062,-5.788333,36.107778,142.9981547,18.2382151
SierraPlata,1,2063,-5.788333,36.107778,100.6867294,18.46857851
SierraPlata,1,2064,-5.788333,36.107778,9.581177391,18.70688929
SierraPlata,1,2065,-5.788333,36.107778,92.2686262,16.59747689
SierraPlata,1,2066,-5.788333,36.107778,89.85934554,18.77591907
SierraPlata,1,2067,-5.788333,36.107778,99.85582885,16.77473676
SierraPlata,1,2068,-5.788333,36.107778,78.35279463,18.14390298
SierraPlata,1,2069,-5.788333,36.107778,16.10803648,17.98526572
SierraPlata,1,2070,-5.788333,36.107778,39.12167255,17.28324329
SierraPlata,1,2071,-5.788333,36.107778,13.55832063,18.79278249
SierraPlata,1,2072,-5.788333,36.107778,123.4069994,18.0596912
SierraPlata,1,2073,-5.788333,36.107778,263.4920408,18.84602976
SierraPlata,1,2074,-5.788333,36.107778,37.23215572,18.1238549
SierraPlata,1,2075,-5.788333,36.107778,7.911740425,18.07764932
SierraPlata,1,2076,-5.788333,36.107778,33.16617791,17.65764574
SierraPlata,1,2077,-5.788333,36.107778,87.49152108,17.29167008
SierraPlata,1,2078,-5.788333,36.107778,105.0148552,19.16337615
SierraPlata,1,2079,-5.788333,36.107778,60.17042315,19.08000902
SierraPlata,1,2080,-5.788333,36.107778,104.9684408,19.54366947
SierraPlata,1,2081,-5.788333,36.107778,111.5770245,18.39582362
SierraPlata,1,2082,-5.788333,36.107778,3.625766421,17.56483587
SierraPlata,1,2083,-5.788333,36.107778,148.3178502,16.7507086
SierraPlata,1,2084,-5.788333,36.107778,159.4024945,20.07674167
SierraPlata,1,2085,-5.788333,36.107778,41.60708732,19.18461737
SierraPlata,1,2086,-5.788333,36.107778,178.72614,17.38857619
SierraPlata,1,2087,-5.788333,36.107778,4.156164647,18.9230453
SierraPlata,1,2088,-5.788333,36.107778,159.5824713,17.31369688
SierraPlata,1,2089,-5.788333,36.107778,73.42475908,16.99945344
SierraPlata,1,2090,-5.788333,36.107778,8.048940521,19.99182405
SierraPlata,1,2091,-5.788333,36.107778,3.260906109,19.22098842
SierraPlata,1,2092,-5.788333,36.107778,12.48365827,18.62961682
SierraPlata,1,2093,-5.788333,36.107778,64.94711073,16.70186374
SierraPlata,1,2094,-5.788333,36.107778,24.40732014,19.79491282
SierraPlata,1,2095,-5.788333,36.107778,29.15501102,18.58970376
SierraPlata,1,2096,-5.788333,36.107778,35.81810642,18.27454578
SierraPlata,1,2097,-5.788333,36.107778,72.61459817,18.06511349
SierraPlata,1,2098,-5.788333,36.107778,51.67060218,16.57084488
SierraPlata,1,2099,-5.788333,36.107778,118.7290886,17.60020476
SierraPlata,1,2100,-5.788333,36.107778,44.43852491,18.82875091
SierraPlata,10,2015,-5.788333,36.107778,1.803368569,24.86087213
SierraPlata,10,2016,-5.788333,36.107778,12.86146601,23.26373173
SierraPlata,10,2017,-5.788333,36.107778,69.37929594,23.19826069
SierraPlata,10,2018,-5.788333,36.107778,47.28852481,23.63834977
SierraPlata,10,2019,-5.788333,36.107778,9.576400416,22.51860076
SierraPlata,10,2020,-5.788333,36.107778,2.942594488,23.37381356
SierraPlata,10,2021,-5.788333,36.107778,22.2832093,24.26549092
SierraPlata,10,2022,-5.788333,36.107778,29.37539207,23.44751843
SierraPlata,10,2023,-5.788333,36.107778,81.1151999,23.22581905
SierraPlata,10,2024,-5.788333,36.107778,37.8230678,22.22202109
SierraPlata,10,2025,-5.788333,36.107778,38.91470736,23.1477482
SierraPlata,10,2026,-5.788333,36.107778,8.723613242,24.30406908
SierraPlata,10,2027,-5.788333,36.107778,3.68301934,25.36748362
SierraPlata,10,2028,-5.788333,36.107778,35.69264773,23.30101929
SierraPlata,10,2029,-5.788333,36.107778,50.57393439,22.31724676
SierraPlata,10,2030,-5.788333,36.107778,5.963031006,23.78986364
SierraPlata,10,2031,-5.788333,36.107778,5.907972489,24.9874876
SierraPlata,10,2032,-5.788333,36.107778,21.08285074,24.45793477
SierraPlata,10,2033,-5.788333,36.107778,10.67192777,24.61670296
SierraPlata,10,2034,-5.788333,36.107778,35.18729505,22.13769315
SierraPlata,10,2035,-5.788333,36.107778,87.89352115,24.74235269
SierraPlata,10,2036,-5.788333,36.107778,7.9420278,24.19776355
SierraPlata,10,2037,-5.788333,36.107778,3.367202411,25.21322415
SierraPlata,10,2038,-5.788333,36.107778,25.03797854,25.28778746
SierraPlata,10,2039,-5.788333,36.107778,44.20027003,23.09804097
SierraPlata,10,2040,-5.788333,36.107778,20.81223566,22.96889156
SierraPlata,10,2041,-5.788333,36.107778,11.96366979,23.89290771
SierraPlata,10,2042,-5.788333,36.107778,65.50068424,22.54593466
SierraPlata,10,2043,-5.788333,36.107778,1.466867302,23.898267
SierraPlata,10,2044,-5.788333,36.107778,25.56683849,24.89541606
SierraPlata,10,2045,-5.788333,36.107778,25.18097092,24.72102779
SierraPlata,10,2046,-5.788333,36.107778,3.903449554,26.31366735
SierraPlata,10,2047,-5.788333,36.107778,19.96122179,24.00029513
SierraPlata,10,2048,-5.788333,36.107778,41.90045305,25.51652753
SierraPlata,10,2049,-5.788333,36.107778,17.43769573,24.39994842
SierraPlata,10,2050,-5.788333,36.107778,18.41895873,24.87611123
SierraPlata,10,2051,-5.788333,36.107778,21.00270576,24.49844045
SierraPlata,10,2052,-5.788333,36.107778,62.54061356,23.04858871
SierraPlata,10,2053,-5.788333,36.107778,10.4368067,25.24355961
SierraPlata,10,2054,-5.788333,36.107778,42.41800699,24.66374039
SierraPlata,10,2055,-5.788333,36.107778,27.70125762,24.18613734
SierraPlata,10,2056,-5.788333,36.107778,1.321315037,25.09725539
SierraPlata,10,2057,-5.788333,36.107778,10.68155076,24.71480122
SierraPlata,10,2058,-5.788333,36.107778,45.78189091,24.16323931
SierraPlata,10,2059,-5.788333,36.107778,2.270489269,25.03099286
SierraPlata,10,2060,-5.788333,36.107778,7.686302062,23.44669052
SierraPlata,10,2061,-5.788333,36.107778,31.25445124,23.33847617
SierraPlata,10,2062,-5.788333,36.107778,31.67340254,25.78279537
SierraPlata,10,2063,-5.788333,36.107778,3.69090171,25.86614872
SierraPlata,10,2064,-5.788333,36.107778,15.14336748,24.02852389
SierraPlata,10,2065,-5.788333,36.107778,25.82481102,24.5544786
SierraPlata,10,2066,-5.788333,36.107778,25.60960398,24.44302152
SierraPlata,10,2067,-5.788333,36.107778,0.628603567,25.83939268
SierraPlata,10,2068,-5.788333,36.107778,9.059019587,24.84489864
SierraPlata,10,2069,-5.788333,36.107778,30.56788402,24.85899481
SierraPlata,10,2070,-5.788333,36.107778,8.914821359,26.1407134
SierraPlata,10,2071,-5.788333,36.107778,26.29805864,23.86498905
SierraPlata,10,2072,-5.788333,36.107778,10.64409155,25.30950711
SierraPlata,10,2073,-5.788333,36.107778,22.9425955,25.71877441
SierraPlata,10,2074,-5.788333,36.107778,26.85107765,25.865119
SierraPlata,10,2075,-5.788333,36.107778,24.08234081,25.17230008
SierraPlata,10,2076,-5.788333,36.107778,42.38593398,24.92595825
SierraPlata,10,2077,-5.788333,36.107778,1.486623648,26.47741581
SierraPlata,10,2078,-5.788333,36.107778,11.63394646,24.05188264
SierraPlata,10,2079,-5.788333,36.107778,32.28514134,25.31082134
SierraPlata,10,2080,-5.788333,36.107778,14.17125853,26.24423198
SierraPlata,10,2081,-5.788333,36.107778,4.355818631,24.74174923
SierraPlata,10,2082,-5.788333,36.107778,53.49867208,23.73261561
SierraPlata,10,2083,-5.788333,36.107778,10.14791355,27.16269393
SierraPlata,10,2084,-5.788333,36.107778,7.268277333,24.57362986
SierraPlata,10,2085,-5.788333,36.107778,17.50093473,24.40864199
SierraPlata,10,2086,-5.788333,36.107778,40.64991308,23.547432
SierraPlata,10,2087,-5.788333,36.107778,5.435127311,25.20941044
SierraPlata,10,2088,-5.788333,36.107778,29.89814558,25.29378957
SierraPlata,10,2089,-5.788333,36.107778,0.344353546,25.94126134
SierraPlata,10,2090,-5.788333,36.107778,8.736160453,24.32207149
SierraPlata,10,2091,-5.788333,36.107778,32.10134777,24.99503134
SierraPlata,10,2092,-5.788333,36.107778,0.972827108,25.34407467
SierraPlata,10,2093,-5.788333,36.107778,1.998482215,25.25839607
SierraPlata,10,2094,-5.788333,36.107778,18.84554482,21.80802652
SierraPlata,10,2095,-5.788333,36.107778,8.097075091,25.04334953
SierraPlata,10,2096,-5.788333,36.107778,0.513334005,26.05917732
SierraPlata,10,2097,-5.788333,36.107778,6.564815679,24.98608674
SierraPlata,10,2098,-5.788333,36.107778,0.116642224,23.64038263
SierraPlata,10,2099,-5.788333,36.107778,13.21302126,23.47285983
SierraPlata,10,2100,-5.788333,36.107778,3.064680245,25.74292268
SierraPlata,11,2015,-5.788333,36.107778,16.89515557,20.85000814
SierraPlata,11,2016,-5.788333,36.107778,94.77805368,20.16343994
SierraPlata,11,2017,-5.788333,36.107778,98.2106688,21.22579753
SierraPlata,11,2018,-5.788333,36.107778,36.7217909,20.90046692
SierraPlata,11,2019,-5.788333,36.107778,19.49702062,19.06013896
SierraPlata,11,2020,-5.788333,36.107778,43.12159354,21.15737305
SierraPlata,11,2021,-5.788333,36.107778,8.890589885,21.5927358
SierraPlata,11,2022,-5.788333,36.107778,39.63381966,20.18311564
SierraPlata,11,2023,-5.788333,36.107778,78.19241734,18.60612183
SierraPlata,11,2024,-5.788333,36.107778,7.70487135,19.310849
SierraPlata,11,2025,-5.788333,36.107778,83.62001969,20.6441335
SierraPlata,11,2026,-5.788333,36.107778,29.87243286,20.84513957
SierraPlata,11,2027,-5.788333,36.107778,41.15846935,20.83516134
SierraPlata,11,2028,-5.788333,36.107778,67.43707643,19.15064189
SierraPlata,11,2029,-5.788333,36.107778,26.66894749,22.13392131
SierraPlata,11,2030,-5.788333,36.107778,12.40482249,20.0427714
SierraPlata,11,2031,-5.788333,36.107778,9.609457243,20.24851685
SierraPlata,11,2032,-5.788333,36.107778,109.3062302,20.97074992
SierraPlata,11,2033,-5.788333,36.107778,8.989251841,20.63510234
SierraPlata,11,2034,-5.788333,36.107778,20.55543628,19.64532267
SierraPlata,11,2035,-5.788333,36.107778,87.90937251,19.71043803
SierraPlata,11,2036,-5.788333,36.107778,37.11396028,20.83991801
SierraPlata,11,2037,-5.788333,36.107778,8.292577393,19.91552734
SierraPlata,11,2038,-5.788333,36.107778,91.53823996,21.44842326
SierraPlata,11,2039,-5.788333,36.107778,8.399957139,21.14234924
SierraPlata,11,2040,-5.788333,36.107778,86.92641435,21.63510946
SierraPlata,11,2041,-5.788333,36.107778,224.7675072,20.39171041
SierraPlata,11,2042,-5.788333,36.107778,0.828651766,20.90050964
SierraPlata,11,2043,-5.788333,36.107778,20.61219525,18.93650309
SierraPlata,11,2044,-5.788333,36.107778,10.08624827,20.23341166
SierraPlata,11,2045,-5.788333,36.107778,127.5987891,21.4543691
SierraPlata,11,2046,-5.788333,36.107778,66.47282937,21.42358602
SierraPlata,11,2047,-5.788333,36.107778,85.71166322,18.68465068
SierraPlata,11,2048,-5.788333,36.107778,36.37836202,20.71701253
SierraPlata,11,2049,-5.788333,36.107778,27.40369927,21.2021637
SierraPlata,11,2050,-5.788333,36.107778,108.6164774,20.46986491
SierraPlata,11,2051,-5.788333,36.107778,6.077243063,21.8777181
SierraPlata,11,2052,-5.788333,36.107778,8.559473267,22.23519897
SierraPlata,11,2053,-5.788333,36.107778,0.006582863,21.70326945
SierraPlata,11,2054,-5.788333,36.107778,15.42103713,21.22999573
SierraPlata,11,2055,-5.788333,36.107778,13.44461725,20.58080241
SierraPlata,11,2056,-5.788333,36.107778,123.719834,20.72814026
SierraPlata,11,2057,-5.788333,36.107778,79.36767494,20.83526408
SierraPlata,11,2058,-5.788333,36.107778,11.32089502,21.87411702
SierraPlata,11,2059,-5.788333,36.107778,13.31267824,20.56946513
SierraPlata,11,2060,-5.788333,36.107778,9.096151912,19.18287964
SierraPlata,11,2061,-5.788333,36.107778,80.81891029,20.83272807
SierraPlata,11,2062,-5.788333,36.107778,24.31681506,22.68057658
SierraPlata,11,2063,-5.788333,36.107778,1.803178279,21.43980509
SierraPlata,11,2064,-5.788333,36.107778,40.04041613,20.35165507
SierraPlata,11,2065,-5.788333,36.107778,24.78233791,19.86380819
SierraPlata,11,2066,-5.788333,36.107778,60.58429787,19.67865601
SierraPlata,11,2067,-5.788333,36.107778,21.5276694,19.19671427
SierraPlata,11,2068,-5.788333,36.107778,72.03174356,20.88417053
SierraPlata,11,2069,-5.788333,36.107778,67.32097528,21.00096944
SierraPlata,11,2070,-5.788333,36.107778,62.93237117,21.6293101
SierraPlata,11,2071,-5.788333,36.107778,58.02002523,21.72049357
SierraPlata,11,2072,-5.788333,36.107778,36.74103174,21.72012838
SierraPlata,11,2073,-5.788333,36.107778,21.20558834,21.95863749
SierraPlata,11,2074,-5.788333,36.107778,147.2826604,21.27412008
SierraPlata,11,2075,-5.788333,36.107778,63.92969184,21.5412557
SierraPlata,11,2076,-5.788333,36.107778,64.92088821,21.97369385
SierraPlata,11,2077,-5.788333,36.107778,29.48947727,21.83085938
SierraPlata,11,2078,-5.788333,36.107778,26.40857559,20.7597758
SierraPlata,11,2079,-5.788333,36.107778,29.04668663,22.22772013
SierraPlata,11,2080,-5.788333,36.107778,63.93330182,21.98390096
SierraPlata,11,2081,-5.788333,36.107778,6.808768215,19.99611206
SierraPlata,11,2082,-5.788333,36.107778,20.930799,21.28901672
SierraPlata,11,2083,-5.788333,36.107778,146.2004233,22.00539347
SierraPlata,11,2084,-5.788333,36.107778,12.22289693,21.04249878
SierraPlata,11,2085,-5.788333,36.107778,26.72847068,20.89166768
SierraPlata,11,2086,-5.788333,36.107778,28.10952043,20.27065226
SierraPlata,11,2087,-5.788333,36.107778,0.298059672,22.03633525
SierraPlata,11,2088,-5.788333,36.107778,39.61175524,20.30138245
SierraPlata,11,2089,-5.788333,36.107778,14.62397656,22.0510376
SierraPlata,11,2090,-5.788333,36.107778,30.97421747,23.069988
SierraPlata,11,2091,-5.788333,36.107778,47.83246018,19.53575033
SierraPlata,11,2092,-5.788333,36.107778,13.00639588,20.87885132
SierraPlata,11,2093,-5.788333,36.107778,112.8903367,21.98552755
SierraPlata,11,2094,-5.788333,36.107778,12.79252339,21.99379781
SierraPlata,11,2095,-5.788333,36.107778,47.43877935,21.27786357
SierraPlata,11,2096,-5.788333,36.107778,0.335125019,21.30255229
SierraPlata,11,2097,-5.788333,36.107778,45.03012595,20.47791443
SierraPlata,11,2098,-5.788333,36.107778,49.25798406,20.62807414
SierraPlata,11,2099,-5.788333,36.107778,44.75379075,21.09270426
SierraPlata,11,2100,-5.788333,36.107778,69.23986562,20.70878092
SierraPlata,12,2015,-5.788333,36.107778,132.010709,18.53697136
SierraPlata,12,2016,-5.788333,36.107778,14.11545532,18.40091858
SierraPlata,12,2017,-5.788333,36.107778,33.84210771,19.44534774
SierraPlata,12,2018,-5.788333,36.107778,32.24879074,18.42916654
SierraPlata,12,2019,-5.788333,36.107778,62.46363691,17.39627843
SierraPlata,12,2020,-5.788333,36.107778,27.84958093,17.92564781
SierraPlata,12,2021,-5.788333,36.107778,105.0502614,19.84293272
SierraPlata,12,2022,-5.788333,36.107778,222.2386185,18.00556188
SierraPlata,12,2023,-5.788333,36.107778,152.1959535,18.2754426
SierraPlata,12,2024,-5.788333,36.107778,38.138767,17.3069814
SierraPlata,12,2025,-5.788333,36.107778,30.80196855,17.38397689
SierraPlata,12,2026,-5.788333,36.107778,90.24238408,19.11547537
SierraPlata,12,2027,-5.788333,36.107778,35.48665234,17.34611049
SierraPlata,12,2028,-5.788333,36.107778,102.1498254,19.75917155
SierraPlata,12,2029,-5.788333,36.107778,160.725723,18.82465564
SierraPlata,12,2030,-5.788333,36.107778,43.09007618,19.18247782
SierraPlata,12,2031,-5.788333,36.107778,73.50663556,19.21133994
SierraPlata,12,2032,-5.788333,36.107778,150.4129518,17.85224813
SierraPlata,12,2033,-5.788333,36.107778,121.0401395,19.05579972
SierraPlata,12,2034,-5.788333,36.107778,107.9481192,18.4621836
SierraPlata,12,2035,-5.788333,36.107778,18.79438818,17.98948404
SierraPlata,12,2036,-5.788333,36.107778,78.64566281,17.70748596
SierraPlata,12,2037,-5.788333,36.107778,85.87148642,18.48837261
SierraPlata,12,2038,-5.788333,36.107778,11.60958439,18.60488773
SierraPlata,12,2039,-5.788333,36.107778,4.081254754,19.15122425
SierraPlata,12,2040,-5.788333,36.107778,3.418053021,18.45493838
SierraPlata,12,2041,-5.788333,36.107778,84.77853609,17.06318202
SierraPlata,12,2042,-5.788333,36.107778,87.78684743,18.07395472
SierraPlata,12,2043,-5.788333,36.107778,8.764818541,18.25999677
SierraPlata,12,2044,-5.788333,36.107778,44.2382082,17.48557841
SierraPlata,12,2045,-5.788333,36.107778,92.4470941,19.53560988
SierraPlata,12,2046,-5.788333,36.107778,49.99752614,20.51666043
SierraPlata,12,2047,-5.788333,36.107778,41.55782713,19.52199116
SierraPlata,12,2048,-5.788333,36.107778,115.3176723,19.74551799
SierraPlata,12,2049,-5.788333,36.107778,142.192833,19.80631655
SierraPlata,12,2050,-5.788333,36.107778,84.87816635,18.30179036
SierraPlata,12,2051,-5.788333,36.107778,30.10622106,19.6236718
SierraPlata,12,2052,-5.788333,36.107778,9.017354874,19.42168681
SierraPlata,12,2053,-5.788333,36.107778,65.83229095,20.50772863
SierraPlata,12,2054,-5.788333,36.107778,36.82941218,19.09962394
SierraPlata,12,2055,-5.788333,36.107778,5.55130806,19.5267145
SierraPlata,12,2056,-5.788333,36.107778,182.5889833,20.08622538
SierraPlata,12,2057,-5.788333,36.107778,103.1785899,19.34593427
SierraPlata,12,2058,-5.788333,36.107778,82.98670051,19.69547277
SierraPlata,12,2059,-5.788333,36.107778,6.694562348,18.95515964
SierraPlata,12,2060,-5.788333,36.107778,58.66170531,18.79419387
SierraPlata,12,2061,-5.788333,36.107778,224.5061825,19.34516149
SierraPlata,12,2062,-5.788333,36.107778,46.03448766,20.19867711
SierraPlata,12,2063,-5.788333,36.107778,81.24076892,19.45417914
SierraPlata,12,2064,-5.788333,36.107778,10.20374001,18.2947286
SierraPlata,12,2065,-5.788333,36.107778,153.4367713,19.11852712
SierraPlata,12,2066,-5.788333,36.107778,15.66941831,18.39460882
SierraPlata,12,2067,-5.788333,36.107778,92.34254602,18.33037228
SierraPlata,12,2068,-5.788333,36.107778,0.771912586,18.34416097
SierraPlata,12,2069,-5.788333,36.107778,31.98197157,18.23206826
SierraPlata,12,2070,-5.788333,36.107778,182.978268,19.11218669
SierraPlata,12,2071,-5.788333,36.107778,0.598741935,17.81243581
SierraPlata,12,2072,-5.788333,36.107778,68.99446045,19.01409912
SierraPlata,12,2073,-5.788333,36.107778,46.44051944,18.36245413
SierraPlata,12,2074,-5.788333,36.107778,140.547487,19.49870822
SierraPlata,12,2075,-5.788333,36.107778,339.453947,20.29540405
SierraPlata,12,2076,-5.788333,36.107778,41.3703712,18.8488505
SierraPlata,12,2077,-5.788333,36.107778,56.3886319,17.66131375
SierraPlata,12,2078,-5.788333,36.107778,142.2315459,18.4651507
SierraPlata,12,2079,-5.788333,36.107778,43.8993805,19.53285247
SierraPlata,12,2080,-5.788333,36.107778,43.10592649,18.37794358
SierraPlata,12,2081,-5.788333,36.107778,49.05678633,20.32027686
SierraPlata,12,2082,-5.788333,36.107778,18.89325476,19.07063717
SierraPlata,12,2083,-5.788333,36.107778,180.1018209,19.13486486
SierraPlata,12,2084,-5.788333,36.107778,79.05610578,19.48726196
SierraPlata,12,2085,-5.788333,36.107778,49.43483814,18.63888235
SierraPlata,12,2086,-5.788333,36.107778,22.03036844,19.54597404
SierraPlata,12,2087,-5.788333,36.107778,88.98487414,19.35622559
SierraPlata,12,2088,-5.788333,36.107778,44.01820537,18.47909648
SierraPlata,12,2089,-5.788333,36.107778,26.04639272,18.85792866
SierraPlata,12,2090,-5.788333,36.107778,91.13055489,19.08733114
SierraPlata,12,2091,-5.788333,36.107778,49.34382762,19.14106682
SierraPlata,12,2092,-5.788333,36.107778,98.61122575,18.71495768
SierraPlata,12,2093,-5.788333,36.107778,88.39129553,19.96748972
SierraPlata,12,2094,-5.788333,36.107778,222.6573083,18.75136522
SierraPlata,12,2095,-5.788333,36.107778,2.100476936,20.77070253
SierraPlata,12,2096,-5.788333,36.107778,107.1430976,19.0635966
SierraPlata,12,2097,-5.788333,36.107778,109.393191,18.77536089
SierraPlata,12,2098,-5.788333,36.107778,58.91395738,20.22148753
SierraPlata,12,2099,-5.788333,36.107778,15.7807108,19.83729681
SierraPlata,12,2100,-5.788333,36.107778,11.53274239,19.72041423
SierraPlata,2,2015,-5.788333,36.107778,41.82114967,18.37600534
SierraPlata,2,2016,-5.788333,36.107778,44.68002479,18.36256903
SierraPlata,2,2017,-5.788333,36.107778,156.3156813,17.43622088
SierraPlata,2,2018,-5.788333,36.107778,79.41274986,18.64613168
SierraPlata,2,2019,-5.788333,36.107778,172.67723,17.06566445
SierraPlata,2,2020,-5.788333,36.107778,132.9694783,17.33050453
SierraPlata,2,2021,-5.788333,36.107778,5.96295239,18.79120353
SierraPlata,2,2022,-5.788333,36.107778,156.9843608,18.83156847
SierraPlata,2,2023,-5.788333,36.107778,72.32687206,17.9284923
SierraPlata,2,2024,-5.788333,36.107778,92.14339386,17.92166159
SierraPlata,2,2025,-5.788333,36.107778,45.43939096,16.63152139
SierraPlata,2,2026,-5.788333,36.107778,41.68123792,16.04731794
SierraPlata,2,2027,-5.788333,36.107778,20.7737923,19.68266885
SierraPlata,2,2028,-5.788333,36.107778,141.1999022,16.32590585
SierraPlata,2,2029,-5.788333,36.107778,23.96560834,17.98272858
SierraPlata,2,2030,-5.788333,36.107778,147.8795063,18.92633645
SierraPlata,2,2031,-5.788333,36.107778,6.554323695,16.98163975
SierraPlata,2,2032,-5.788333,36.107778,5.784563942,18.19536112
SierraPlata,2,2033,-5.788333,36.107778,158.4606882,17.67825252
SierraPlata,2,2034,-5.788333,36.107778,11.60643589,18.7376103
SierraPlata,2,2035,-5.788333,36.107778,48.87066276,18.06480451
SierraPlata,2,2036,-5.788333,36.107778,19.14499741,18.73732279
SierraPlata,2,2037,-5.788333,36.107778,18.46484772,18.92856533
SierraPlata,2,2038,-5.788333,36.107778,96.65619484,18.52745754
SierraPlata,2,2039,-5.788333,36.107778,19.41247105,17.70968236
SierraPlata,2,2040,-5.788333,36.107778,47.01634794,17.51286811
SierraPlata,2,2041,-5.788333,36.107778,0.250334718,18.4730545
SierraPlata,2,2042,-5.788333,36.107778,36.97037306,19.40151803
SierraPlata,2,2043,-5.788333,36.107778,207.3000436,18.19077454
SierraPlata,2,2044,-5.788333,36.107778,21.61429696,17.48838143
SierraPlata,2,2045,-5.788333,36.107778,43.34353411,17.72218911
SierraPlata,2,2046,-5.788333,36.107778,27.37099114,18.2781104
SierraPlata,2,2047,-5.788333,36.107778,41.32893748,18.44318651
SierraPlata,2,2048,-5.788333,36.107778,61.15752786,19.10155745
SierraPlata,2,2049,-5.788333,36.107778,10.61007538,19.00258244
SierraPlata,2,2050,-5.788333,36.107778,16.57943332,18.62817535
SierraPlata,2,2051,-5.788333,36.107778,2.177536651,18.71147853
SierraPlata,2,2052,-5.788333,36.107778,88.57406779,17.72298689
SierraPlata,2,2053,-5.788333,36.107778,25.50072538,19.0628394
SierraPlata,2,2054,-5.788333,36.107778,19.5439608,18.39208374
SierraPlata,2,2055,-5.788333,36.107778,17.62126235,17.51295079
SierraPlata,2,2056,-5.788333,36.107778,135.1117894,18.41222218
SierraPlata,2,2057,-5.788333,36.107778,30.83090476,19.62505493
SierraPlata,2,2058,-5.788333,36.107778,26.71078562,19.01672189
SierraPlata,2,2059,-5.788333,36.107778,60.48361283,18.10034659
SierraPlata,2,2060,-5.788333,36.107778,19.6105859,19.61979749
SierraPlata,2,2061,-5.788333,36.107778,107.0580186,17.73142831
SierraPlata,2,2062,-5.788333,36.107778,101.7526854,19.27267827
SierraPlata,2,2063,-5.788333,36.107778,83.51749872,18.86891327
SierraPlata,2,2064,-5.788333,36.107778,43.0798635,17.84486463
SierraPlata,2,2065,-5.788333,36.107778,31.90784798,17.73573238
SierraPlata,2,2066,-5.788333,36.107778,37.20870065,17.1947658
SierraPlata,2,2067,-5.788333,36.107778,6.904859111,18.64173388
SierraPlata,2,2068,-5.788333,36.107778,46.57486483,16.83096755
SierraPlata,2,2069,-5.788333,36.107778,160.2260463,17.85977761
SierraPlata,2,2070,-5.788333,36.107778,24.56506934,18.60502123
SierraPlata,2,2071,-5.788333,36.107778,8.123222408,18.32528839
SierraPlata,2,2072,-5.788333,36.107778,83.53666003,18.73433101
SierraPlata,2,2073,-5.788333,36.107778,32.20089236,19.18651297
SierraPlata,2,2074,-5.788333,36.107778,7.645727885,18.72742942
SierraPlata,2,2075,-5.788333,36.107778,40.22182219,19.29009617
SierraPlata,2,2076,-5.788333,36.107778,51.37086961,17.76765831
SierraPlata,2,2077,-5.788333,36.107778,2.922053619,17.61207297
SierraPlata,2,2078,-5.788333,36.107778,39.44634968,19.55238822
SierraPlata,2,2079,-5.788333,36.107778,30.34820185,18.24019448
SierraPlata,2,2080,-5.788333,36.107778,71.68950236,19.64288246
SierraPlata,2,2081,-5.788333,36.107778,6.325946073,19.35323922
SierraPlata,2,2082,-5.788333,36.107778,10.58602153,19.27826734
SierraPlata,2,2083,-5.788333,36.107778,35.53987682,17.50445491
SierraPlata,2,2084,-5.788333,36.107778,42.81699311,19.21235204
SierraPlata,2,2085,-5.788333,36.107778,22.13492805,17.53127114
SierraPlata,2,2086,-5.788333,36.107778,4.900074415,18.9199561
SierraPlata,2,2087,-5.788333,36.107778,55.68478612,18.34359458
SierraPlata,2,2088,-5.788333,36.107778,15.46242068,19.73534651
SierraPlata,2,2089,-5.788333,36.107778,104.392899,19.04001988
SierraPlata,2,2090,-5.788333,36.107778,0.802984507,18.39204123
SierraPlata,2,2091,-5.788333,36.107778,37.30183271,18.59346052
SierraPlata,2,2092,-5.788333,36.107778,81.58924251,18.96016635
SierraPlata,2,2093,-5.788333,36.107778,67.2082657,18.2105957
SierraPlata,2,2094,-5.788333,36.107778,36.03967103,19.01540091
SierraPlata,2,2095,-5.788333,36.107778,13.80054032,18.38048379
SierraPlata,2,2096,-5.788333,36.107778,46.00202537,19.23018588
SierraPlata,2,2097,-5.788333,36.107778,8.91397373,17.98774872
SierraPlata,2,2098,-5.788333,36.107778,69.089009,17.88892299
SierraPlata,2,2099,-5.788333,36.107778,79.44200644,17.08939296
SierraPlata,2,2100,-5.788333,36.107778,175.777249,18.92764435
SierraPlata,3,2015,-5.788333,36.107778,74.20685184,18.8308517
SierraPlata,3,2016,-5.788333,36.107778,11.32096212,19.25246877
SierraPlata,3,2017,-5.788333,36.107778,9.184962248,18.93706665
SierraPlata,3,2018,-5.788333,36.107778,65.79986847,19.17202345
SierraPlata,3,2019,-5.788333,36.107778,29.88988647,19.0017777
SierraPlata,3,2020,-5.788333,36.107778,45.74539551,18.84018023
SierraPlata,3,2021,-5.788333,36.107778,5.034363812,20.5475836
SierraPlata,3,2022,-5.788333,36.107778,52.54381091,19.73635549
SierraPlata,3,2023,-5.788333,36.107778,5.101987935,18.53276387
SierraPlata,3,2024,-5.788333,36.107778,3.816614441,17.95560854
SierraPlata,3,2025,-5.788333,36.107778,62.29585121,17.66022398
SierraPlata,3,2026,-5.788333,36.107778,9.623447147,18.38818635
SierraPlata,3,2027,-5.788333,36.107778,1.521211397,19.55477295
SierraPlata,3,2028,-5.788333,36.107778,16.69394926,19.21264924
SierraPlata,3,2029,-5.788333,36.107778,27.99959444,18.46108792
SierraPlata,3,2030,-5.788333,36.107778,18.15520127,20.29907404
SierraPlata,3,2031,-5.788333,36.107778,14.15723536,19.19224775
SierraPlata,3,2032,-5.788333,36.107778,4.904204851,20.46587721
SierraPlata,3,2033,-5.788333,36.107778,6.031911014,19.96486029
SierraPlata,3,2034,-5.788333,36.107778,18.28684818,19.53394618
SierraPlata,3,2035,-5.788333,36.107778,140.7918908,18.22870346
SierraPlata,3,2036,-5.788333,36.107778,14.93748358,19.60977744
SierraPlata,3,2037,-5.788333,36.107778,3.619766137,20.15192221
SierraPlata,3,2038,-5.788333,36.107778,48.87199321,19.07085473
SierraPlata,3,2039,-5.788333,36.107778,40.13720962,20.03392846
SierraPlata,3,2040,-5.788333,36.107778,14.93981015,20.59014774
SierraPlata,3,2041,-5.788333,36.107778,47.15252239,18.64291362
SierraPlata,3,2042,-5.788333,36.107778,44.20339634,17.70946163
SierraPlata,3,2043,-5.788333,36.107778,11.7185509,19.21229189
SierraPlata,3,2044,-5.788333,36.107778,49.12101967,18.16957811
SierraPlata,3,2045,-5.788333,36.107778,23.01378676,19.39246964
SierraPlata,3,2046,-5.788333,36.107778,71.80480919,19.83377351
SierraPlata,3,2047,-5.788333,36.107778,32.3160577,19.61182212
SierraPlata,3,2048,-5.788333,36.107778,7.004737372,20.52963631
SierraPlata,3,2049,-5.788333,36.107778,18.42156342,19.89672044
SierraPlata,3,2050,-5.788333,36.107778,5.577417177,20.54066005
SierraPlata,3,2051,-5.788333,36.107778,28.89918853,19.74123732
SierraPlata,3,2052,-5.788333,36.107778,82.5634129,20.36247677
SierraPlata,3,2053,-5.788333,36.107778,20.05299771,18.63956949
SierraPlata,3,2054,-5.788333,36.107778,78.98172275,18.85014373
SierraPlata,3,2055,-5.788333,36.107778,87.84846465,18.24205244
SierraPlata,3,2056,-5.788333,36.107778,16.79807881,19.20216104
SierraPlata,3,2057,-5.788333,36.107778,8.310010355,20.49942391
SierraPlata,3,2058,-5.788333,36.107778,60.55410289,19.27320399
SierraPlata,3,2059,-5.788333,36.107778,63.253856,19.56600736
SierraPlata,3,2060,-5.788333,36.107778,73.02573453,20.3444586
SierraPlata,3,2061,-5.788333,36.107778,46.5044407,18.30145835
SierraPlata,3,2062,-5.788333,36.107778,10.08466346,19.67164149
SierraPlata,3,2063,-5.788333,36.107778,0.738705131,20.04425423
SierraPlata,3,2064,-5.788333,36.107778,14.07210546,19.7727984
SierraPlata,3,2065,-5.788333,36.107778,23.30255353,18.57512522
SierraPlata,3,2066,-5.788333,36.107778,2.589890327,19.7219443
SierraPlata,3,2067,-5.788333,36.107778,18.00665885,20.52459697
SierraPlata,3,2068,-5.788333,36.107778,69.37271671,19.37332626
SierraPlata,3,2069,-5.788333,36.107778,108.5097197,17.99828983
SierraPlata,3,2070,-5.788333,36.107778,0.531333781,20.33728992
SierraPlata,3,2071,-5.788333,36.107778,5.966062713,19.30441166
SierraPlata,3,2072,-5.788333,36.107778,12.26667744,19.97301144
SierraPlata,3,2073,-5.788333,36.107778,78.8884865,19.45632718
SierraPlata,3,2074,-5.788333,36.107778,3.31746308,20.4743168
SierraPlata,3,2075,-5.788333,36.107778,21.50002397,19.79245763
SierraPlata,3,2076,-5.788333,36.107778,76.17159021,20.39054408
SierraPlata,3,2077,-5.788333,36.107778,1.818957964,20.97108391
SierraPlata,3,2078,-5.788333,36.107778,49.44039616,19.45289248
SierraPlata,3,2079,-5.788333,36.107778,5.241114117,19.68715131
SierraPlata,3,2080,-5.788333,36.107778,20.32141181,19.25260659
SierraPlata,3,2081,-5.788333,36.107778,12.62075775,18.69885333
SierraPlata,3,2082,-5.788333,36.107778,67.7231784,18.96340037
SierraPlata,3,2083,-5.788333,36.107778,15.04816825,17.58917807
SierraPlata,3,2084,-5.788333,36.107778,71.57660439,19.9353872
SierraPlata,3,2085,-5.788333,36.107778,2.518196295,21.0693318
SierraPlata,3,2086,-5.788333,36.107778,40.32805658,17.91305916
SierraPlata,3,2087,-5.788333,36.107778,2.267320928,21.18904931
SierraPlata,3,2088,-5.788333,36.107778,8.691996044,21.05503776
SierraPlata,3,2089,-5.788333,36.107778,106.9577941,19.85433153
SierraPlata,3,2090,-5.788333,36.107778,5.891133432,21.51035412
SierraPlata,3,2091,-5.788333,36.107778,7.361666474,21.45400292
SierraPlata,3,2092,-5.788333,36.107778,21.42081107,20.34760289
SierraPlata,3,2093,-5.788333,36.107778,40.02862553,18.83291705
SierraPlata,3,2094,-5.788333,36.107778,19.60892455,19.39072029
SierraPlata,3,2095,-5.788333,36.107778,20.98598496,19.0439461
SierraPlata,3,2096,-5.788333,36.107778,75.67153306,19.38814796
SierraPlata,3,2097,-5.788333,36.107778,23.64008112,18.83209898
SierraPlata,3,2098,-5.788333,36.107778,19.95022227,19.77625575
SierraPlata,3,2099,-5.788333,36.107778,145.7085754,18.99105421
SierraPlata,3,2100,-5.788333,36.107778,8.410061209,19.30797729
SierraPlata,4,2015,-5.788333,36.107778,10.67638287,21.12623698
SierraPlata,4,2016,-5.788333,36.107778,1.584460895,21.04933879
SierraPlata,4,2017,-5.788333,36.107778,37.80388544,19.81787008
SierraPlata,4,2018,-5.788333,36.107778,9.216589581,20.14411926
SierraPlata,4,2019,-5.788333,36.107778,11.59211753,20.33976339
SierraPlata,4,2020,-5.788333,36.107778,12.88336698,21.13977051
SierraPlata,4,2021,-5.788333,36.107778,10.07354516,20.32275798
SierraPlata,4,2022,-5.788333,36.107778,25.55381517,20.59703064
SierraPlata,4,2023,-5.788333,36.107778,14.82569,21.07220764
SierraPlata,4,2024,-5.788333,36.107778,2.909946653,19.9987498
SierraPlata,4,2025,-5.788333,36.107778,19.75810952,19.14472555
SierraPlata,4,2026,-5.788333,36.107778,2.722560437,19.59160767
SierraPlata,4,2027,-5.788333,36.107778,36.70088353,20.68689168
SierraPlata,4,2028,-5.788333,36.107778,6.498881448,20.84480693
SierraPlata,4,2029,-5.788333,36.107778,44.33135266,19.32819621
SierraPlata,4,2030,-5.788333,36.107778,91.04549938,19.84445597
SierraPlata,4,2031,-5.788333,36.107778,19.14774809,20.96447449
SierraPlata,4,2032,-5.788333,36.107778,32.87367952,19.75101725
SierraPlata,4,2033,-5.788333,36.107778,7.776304581,22.38696187
SierraPlata,4,2034,-5.788333,36.107778,89.59012839,20.56028748
SierraPlata,4,2035,-5.788333,36.107778,41.95954185,20.52013143
SierraPlata,4,2036,-5.788333,36.107778,22.1156462,21.18709615
SierraPlata,4,2037,-5.788333,36.107778,1.216886017,22.83715312
SierraPlata,4,2038,-5.788333,36.107778,40.71606556,19.03232524
SierraPlata,4,2039,-5.788333,36.107778,14.87928428,22.2487498
SierraPlata,4,2040,-5.788333,36.107778,27.52909963,21.36758219
SierraPlata,4,2041,-5.788333,36.107778,18.13133748,20.66074626
SierraPlata,4,2042,-5.788333,36.107778,4.317293093,20.73244425
SierraPlata,4,2043,-5.788333,36.107778,22.40750805,19.36189168
SierraPlata,4,2044,-5.788333,36.107778,21.88931699,20.27235514
SierraPlata,4,2045,-5.788333,36.107778,30.50973884,20.46107483
SierraPlata,4,2046,-5.788333,36.107778,34.06045146,19.9101237
SierraPlata,4,2047,-5.788333,36.107778,13.88863525,20.41307576
SierraPlata,4,2048,-5.788333,36.107778,37.64080917,20.55793762
SierraPlata,4,2049,-5.788333,36.107778,1.979437681,21.65305074
SierraPlata,4,2050,-5.788333,36.107778,29.57996207,20.78478699
SierraPlata,4,2051,-5.788333,36.107778,10.31257716,21.21235453
SierraPlata,4,2052,-5.788333,36.107778,21.30963629,20.80608317
SierraPlata,4,2053,-5.788333,36.107778,23.63619946,21.853066
SierraPlata,4,2054,-5.788333,36.107778,43.6429438,21.73808492
SierraPlata,4,2055,-5.788333,36.107778,22.21977623,20.25409749
SierraPlata,4,2056,-5.788333,36.107778,72.13058428,21.3395518
SierraPlata,4,2057,-5.788333,36.107778,38.84411474,21.59912821
SierraPlata,4,2058,-5.788333,36.107778,8.846961813,22.1385081
SierraPlata,4,2059,-5.788333,36.107778,7.045663615,21.14902751
SierraPlata,4,2060,-5.788333,36.107778,60.00396843,19.84313253
SierraPlata,4,2061,-5.788333,36.107778,36.20327443,20.91103414
SierraPlata,4,2062,-5.788333,36.107778,5.994525473,20.94582011
SierraPlata,4,2063,-5.788333,36.107778,21.63423323,20.85545553
SierraPlata,4,2064,-5.788333,36.107778,0.020912067,22.56630249
SierraPlata,4,2065,-5.788333,36.107778,9.621166142,20.37371419
SierraPlata,4,2066,-5.788333,36.107778,5.276883295,21.59620361
SierraPlata,4,2067,-5.788333,36.107778,43.1309814,21.10457255
SierraPlata,4,2068,-5.788333,36.107778,5.973807959,20.13964742
SierraPlata,4,2069,-5.788333,36.107778,0.668456664,21.81633504
SierraPlata,4,2070,-5.788333,36.107778,10.5549168,21.6108846
SierraPlata,4,2071,-5.788333,36.107778,2.158402944,21.82460531
SierraPlata,4,2072,-5.788333,36.107778,6.322821151,20.41801656
SierraPlata,4,2073,-5.788333,36.107778,37.41647114,18.75504456
SierraPlata,4,2074,-5.788333,36.107778,7.430704913,22.79830729
SierraPlata,4,2075,-5.788333,36.107778,5.578122162,22.33265788
SierraPlata,4,2076,-5.788333,36.107778,2.178396288,23.05609131
SierraPlata,4,2077,-5.788333,36.107778,16.06805854,20.40619202
SierraPlata,4,2078,-5.788333,36.107778,5.50790577,20.02064921
SierraPlata,4,2079,-5.788333,36.107778,9.72344613,22.32193909
SierraPlata,4,2080,-5.788333,36.107778,7.118482799,21.09522705
SierraPlata,4,2081,-5.788333,36.107778,2.410498483,22.30288391
SierraPlata,4,2082,-5.788333,36.107778,1.040689302,21.65749512
SierraPlata,4,2083,-5.788333,36.107778,11.58938126,19.99726257
SierraPlata,4,2084,-5.788333,36.107778,6.513694471,22.37523092
SierraPlata,4,2085,-5.788333,36.107778,8.899806446,21.37431335
SierraPlata,4,2086,-5.788333,36.107778,1.744852238,21.56924845
SierraPlata,4,2087,-5.788333,36.107778,3.893647659,22.57929484
SierraPlata,4,2088,-5.788333,36.107778,0.850635797,21.75294291
SierraPlata,4,2089,-5.788333,36.107778,3.855302625,21.21770325
SierraPlata,4,2090,-5.788333,36.107778,8.428173084,21.88203532
SierraPlata,4,2091,-5.788333,36.107778,15.92107241,21.54178467
SierraPlata,4,2092,-5.788333,36.107778,48.48522992,21.36782735
SierraPlata,4,2093,-5.788333,36.107778,18.8591037,20.80455831
SierraPlata,4,2094,-5.788333,36.107778,5.043698104,19.88396403
SierraPlata,4,2095,-5.788333,36.107778,63.39045148,20.44449768
SierraPlata,4,2096,-5.788333,36.107778,30.10288319,19.48202108
SierraPlata,4,2097,-5.788333,36.107778,64.54226156,20.14651489
SierraPlata,4,2098,-5.788333,36.107778,9.867827357,22.06889547
SierraPlata,4,2099,-5.788333,36.107778,10.66608894,21.86751404
SierraPlata,4,2100,-5.788333,36.107778,51.3356164,21.30665181
SierraPlata,5,2015,-5.788333,36.107778,37.10353703,22.94346451
SierraPlata,5,2016,-5.788333,36.107778,52.66466024,19.97607698
SierraPlata,5,2017,-5.788333,36.107778,0.494441427,22.71953243
SierraPlata,5,2018,-5.788333,36.107778,8.077228316,21.81867321
SierraPlata,5,2019,-5.788333,36.107778,0.276097909,22.92220754
SierraPlata,5,2020,-5.788333,36.107778,12.34515445,21.53956338
SierraPlata,5,2021,-5.788333,36.107778,17.39239704,21.67542666
SierraPlata,5,2022,-5.788333,36.107778,33.36412712,21.69330011
SierraPlata,5,2023,-5.788333,36.107778,21.05974173,23.14796674
SierraPlata,5,2024,-5.788333,36.107778,13.30567151,21.9690855
SierraPlata,5,2025,-5.788333,36.107778,26.3436063,19.58141086
SierraPlata,5,2026,-5.788333,36.107778,6.100500668,21.38260557
SierraPlata,5,2027,-5.788333,36.107778,4.501893661,21.99690079
SierraPlata,5,2028,-5.788333,36.107778,10.20890787,21.23529328
SierraPlata,5,2029,-5.788333,36.107778,8.08521834,22.52410672
SierraPlata,5,2030,-5.788333,36.107778,18.88633193,22.53110804
SierraPlata,5,2031,-5.788333,36.107778,97.54416313,22.0749116
SierraPlata,5,2032,-5.788333,36.107778,4.32412124,23.37562492
SierraPlata,5,2033,-5.788333,36.107778,13.54420636,22.50346502
SierraPlata,5,2034,-5.788333,36.107778,36.64865926,21.64634931
SierraPlata,5,2035,-5.788333,36.107778,53.82794688,19.13140948
SierraPlata,5,2036,-5.788333,36.107778,6.903368859,22.45989281
SierraPlata,5,2037,-5.788333,36.107778,4.688164946,22.80930826
SierraPlata,5,2038,-5.788333,36.107778,13.37099076,21.50601767
SierraPlata,5,2039,-5.788333,36.107778,0.485929014,23.70333055
SierraPlata,5,2040,-5.788333,36.107778,26.17632193,19.93542658
SierraPlata,5,2041,-5.788333,36.107778,4.84617277,21.54315855
SierraPlata,5,2042,-5.788333,36.107778,25.45349405,22.47802026
SierraPlata,5,2043,-5.788333,36.107778,10.17653636,22.42703326
SierraPlata,5,2044,-5.788333,36.107778,4.486534845,21.44695927
SierraPlata,5,2045,-5.788333,36.107778,12.19850608,22.17272831
SierraPlata,5,2046,-5.788333,36.107778,18.77629352,22.70058495
SierraPlata,5,2047,-5.788333,36.107778,6.933513668,22.04544245
SierraPlata,5,2048,-5.788333,36.107778,10.04348477,21.43024056
SierraPlata,5,2049,-5.788333,36.107778,2.495595056,23.45917024
SierraPlata,5,2050,-5.788333,36.107778,7.440058557,23.08829503
SierraPlata,5,2051,-5.788333,36.107778,9.23760733,23.28760435
SierraPlata,5,2052,-5.788333,36.107778,1.663597476,23.96537023
SierraPlata,5,2053,-5.788333,36.107778,26.8797383,23.6743861
SierraPlata,5,2054,-5.788333,36.107778,32.08147581,22.80759435
SierraPlata,5,2055,-5.788333,36.107778,1.314877832,21.91931526
SierraPlata,5,2056,-5.788333,36.107778,13.78302338,22.28879158
SierraPlata,5,2057,-5.788333,36.107778,12.70113736,21.84449699
SierraPlata,5,2058,-5.788333,36.107778,28.4164724,23.0531506
SierraPlata,5,2059,-5.788333,36.107778,5.397987299,23.80001516
SierraPlata,5,2060,-5.788333,36.107778,30.06726337,22.46803412
SierraPlata,5,2061,-5.788333,36.107778,2.344915784,22.82770051
SierraPlata,5,2062,-5.788333,36.107778,17.44289359,22.19528966
SierraPlata,5,2063,-5.788333,36.107778,2.265132404,22.46147678
SierraPlata,5,2064,-5.788333,36.107778,18.38609178,24.02326896
SierraPlata,5,2065,-5.788333,36.107778,6.380711941,22.30527895
SierraPlata,5,2066,-5.788333,36.107778,2.607524588,20.92097995
SierraPlata,5,2067,-5.788333,36.107778,2.853773732,23.36666063
SierraPlata,5,2068,-5.788333,36.107778,23.57560945,21.54578306
SierraPlata,5,2069,-5.788333,36.107778,0.797237176,24.30689048
SierraPlata,5,2070,-5.788333,36.107778,2.367694534,23.54999449
SierraPlata,5,2071,-5.788333,36.107778,9.671447229,23.31756671
SierraPlata,5,2072,-5.788333,36.107778,58.54275454,20.49748555
SierraPlata,5,2073,-5.788333,36.107778,3.95786808,23.74288822
SierraPlata,5,2074,-5.788333,36.107778,9.943351806,22.3339704
SierraPlata,5,2075,-5.788333,36.107778,35.67451757,23.12580015
SierraPlata,5,2076,-5.788333,36.107778,11.11695754,25.24355173
SierraPlata,5,2077,-5.788333,36.107778,9.73999306,22.62155525
SierraPlata,5,2078,-5.788333,36.107778,74.01058103,20.24768047
SierraPlata,5,2079,-5.788333,36.107778,1.958215792,24.32604075
SierraPlata,5,2080,-5.788333,36.107778,73.16692071,21.74213808
SierraPlata,5,2081,-5.788333,36.107778,3.254647402,23.83934641
SierraPlata,5,2082,-5.788333,36.107778,24.41794111,22.64205519
SierraPlata,5,2083,-5.788333,36.107778,0.441434816,24.14290082
SierraPlata,5,2084,-5.788333,36.107778,40.49294653,21.82944198
SierraPlata,5,2085,-5.788333,36.107778,3.731917391,22.82740616
SierraPlata,5,2086,-5.788333,36.107778,7.902178152,22.98795225
SierraPlata,5,2087,-5.788333,36.107778,1.842866564,24.38737124
SierraPlata,5,2088,-5.788333,36.107778,7.133939795,24.86716663
SierraPlata,5,2089,-5.788333,36.107778,15.89273349,23.8382842
SierraPlata,5,2090,-5.788333,36.107778,32.44331281,22.95108013
SierraPlata,5,2091,-5.788333,36.107778,1.335829986,22.39509317
SierraPlata,5,2092,-5.788333,36.107778,7.922527324,23.19247909
SierraPlata,5,2093,-5.788333,36.107778,19.58589788,23.29491183
SierraPlata,5,2094,-5.788333,36.107778,3.242814603,22.58016948
SierraPlata,5,2095,-5.788333,36.107778,1.889537123,23.62939827
SierraPlata,5,2096,-5.788333,36.107778,2.38974993,22.37526954
SierraPlata,5,2097,-5.788333,36.107778,1.41521282,22.30567273
SierraPlata,5,2098,-5.788333,36.107778,17.24263104,22.04525343
SierraPlata,5,2099,-5.788333,36.107778,10.13229326,26.01182192
SierraPlata,5,2100,-5.788333,36.107778,64.39699616,20.17481138
SierraPlata,6,2015,-5.788333,36.107778,2.386556439,24.38606771
SierraPlata,6,2016,-5.788333,36.107778,9.5980811,24.36053162
SierraPlata,6,2017,-5.788333,36.107778,9.896865135,23.55810445
SierraPlata,6,2018,-5.788333,36.107778,0.005384207,24.37198486
SierraPlata,6,2019,-5.788333,36.107778,3.09715182,25.01913147
SierraPlata,6,2020,-5.788333,36.107778,0.786798349,24.91200562
SierraPlata,6,2021,-5.788333,36.107778,0.649813957,25.18579203
SierraPlata,6,2022,-5.788333,36.107778,6.370471806,26.2209788
SierraPlata,6,2023,-5.788333,36.107778,16.31564055,24.65616455
SierraPlata,6,2024,-5.788333,36.107778,0.16666305,25.73194784
SierraPlata,6,2025,-5.788333,36.107778,2.668705696,23.40130107
SierraPlata,6,2026,-5.788333,36.107778,10.05820931,26.11006673
SierraPlata,6,2027,-5.788333,36.107778,0.681491397,24.00135396
SierraPlata,6,2028,-5.788333,36.107778,10.87258337,24.42867432
SierraPlata,6,2029,-5.788333,36.107778,3.777336083,23.52245076
SierraPlata,6,2030,-5.788333,36.107778,16.56937016,24.77409159
SierraPlata,6,2031,-5.788333,36.107778,3.312944161,27.2623586
SierraPlata,6,2032,-5.788333,36.107778,2.251485762,27.15068156
SierraPlata,6,2033,-5.788333,36.107778,1.968794211,25.09421794
SierraPlata,6,2034,-5.788333,36.107778,2.242798987,24.75919698
SierraPlata,6,2035,-5.788333,36.107778,13.71319831,24.08741353
SierraPlata,6,2036,-5.788333,36.107778,1.192166871,24.85311381
SierraPlata,6,2037,-5.788333,36.107778,20.03354741,25.2783193
SierraPlata,6,2038,-5.788333,36.107778,10.67426616,24.14497375
SierraPlata,6,2039,-5.788333,36.107778,3.388225964,27.44824422
SierraPlata,6,2040,-5.788333,36.107778,3.784670204,24.17464498
SierraPlata,6,2041,-5.788333,36.107778,2.536012331,24.837854
SierraPlata,6,2042,-5.788333,36.107778,1.15569607,24.86572876
SierraPlata,6,2043,-5.788333,36.107778,0.591163621,26.5739563
SierraPlata,6,2044,-5.788333,36.107778,1.858234256,25.63618469
SierraPlata,6,2045,-5.788333,36.107778,25.04882212,24.69551493
SierraPlata,6,2046,-5.788333,36.107778,1.657897294,24.7845815
SierraPlata,6,2047,-5.788333,36.107778,12.62374299,26.46273193
SierraPlata,6,2048,-5.788333,36.107778,2.866077442,26.74478048
SierraPlata,6,2049,-5.788333,36.107778,11.66634076,26.82177429
SierraPlata,6,2050,-5.788333,36.107778,14.24349324,25.45560811
SierraPlata,6,2051,-5.788333,36.107778,2.99360942,24.44995626
SierraPlata,6,2052,-5.788333,36.107778,2.499148692,26.85981547
SierraPlata,6,2053,-5.788333,36.107778,1.050788301,25.49899699
SierraPlata,6,2054,-5.788333,36.107778,2.535739082,27.74797567
SierraPlata,6,2055,-5.788333,36.107778,2.162180494,25.96574809
SierraPlata,6,2056,-5.788333,36.107778,2.873819242,25.33465271
SierraPlata,6,2057,-5.788333,36.107778,0.477220522,26.37729289
SierraPlata,6,2058,-5.788333,36.107778,1.762015494,25.76585592
SierraPlata,6,2059,-5.788333,36.107778,0.862666919,25.69827983
SierraPlata,6,2060,-5.788333,36.107778,12.3898493,24.90838623
SierraPlata,6,2061,-5.788333,36.107778,10.12239847,28.37172546
SierraPlata,6,2062,-5.788333,36.107778,1.177279576,26.98676961
SierraPlata,6,2063,-5.788333,36.107778,0.80680905,26.57501526
SierraPlata,6,2064,-5.788333,36.107778,0.985338693,26.35435893
SierraPlata,6,2065,-5.788333,36.107778,0.323042912,26.7728007
SierraPlata,6,2066,-5.788333,36.107778,1.809514493,25.39113363
SierraPlata,6,2067,-5.788333,36.107778,2.838857377,28.52485352
SierraPlata,6,2068,-5.788333,36.107778,2.343033725,26.34004618
SierraPlata,6,2069,-5.788333,36.107778,19.34872891,27.23269348
SierraPlata,6,2070,-5.788333,36.107778,101.8890223,26.47226461
SierraPlata,6,2071,-5.788333,36.107778,0.155060868,26.1340922
SierraPlata,6,2072,-5.788333,36.107778,16.25763707,24.23524679
SierraPlata,6,2073,-5.788333,36.107778,11.68917835,25.14749146
SierraPlata,6,2074,-5.788333,36.107778,1.932863213,25.60352783
SierraPlata,6,2075,-5.788333,36.107778,5.529626796,25.86636759
SierraPlata,6,2076,-5.788333,36.107778,3.987541899,26.63648071
SierraPlata,6,2077,-5.788333,36.107778,0.031820101,27.20309448
SierraPlata,6,2078,-5.788333,36.107778,1.845044488,26.60203756
SierraPlata,6,2079,-5.788333,36.107778,2.329185972,25.79715474
SierraPlata,6,2080,-5.788333,36.107778,6.371713711,24.82960205
SierraPlata,6,2081,-5.788333,36.107778,9.780865343,28.51313477
SierraPlata,6,2082,-5.788333,36.107778,1.068479932,27.01133931
SierraPlata,6,2083,-5.788333,36.107778,2.432357433,27.46293335
SierraPlata,6,2084,-5.788333,36.107778,14.21004611,22.80892029
SierraPlata,6,2085,-5.788333,36.107778,0.160112953,26.60691732
SierraPlata,6,2086,-5.788333,36.107778,6.100316378,24.21611125
SierraPlata,6,2087,-5.788333,36.107778,9.741535944,30.17606506
SierraPlata,6,2088,-5.788333,36.107778,10.35299562,24.60228068
SierraPlata,6,2089,-5.788333,36.107778,0.461550053,25.20075887
SierraPlata,6,2090,-5.788333,36.107778,1.930289505,27.06762085
SierraPlata,6,2091,-5.788333,36.107778,1.306863377,25.61158346
SierraPlata,6,2092,-5.788333,36.107778,18.72567712,26.999941
SierraPlata,6,2093,-5.788333,36.107778,0.041956355,27.05195211
SierraPlata,6,2094,-5.788333,36.107778,2.970495257,25.30676778
SierraPlata,6,2095,-5.788333,36.107778,3.697247038,26.52075907
SierraPlata,6,2096,-5.788333,36.107778,0.899788851,25.57396342
SierraPlata,6,2097,-5.788333,36.107778,2.18291277315316e-05,26.7915446
SierraPlata,6,2098,-5.788333,36.107778,3.570880723,24.84163411
SierraPlata,6,2099,-5.788333,36.107778,6.729827572,26.91000875
SierraPlata,6,2100,-5.788333,36.107778,0.953795644,25.47911784
SierraPlata,7,2015,-5.788333,36.107778,1.561747536,27.30535869
SierraPlata,7,2016,-5.788333,36.107778,0.300975914,29.04582244
SierraPlata,7,2017,-5.788333,36.107778,0.003360225,28.25381942
SierraPlata,7,2018,-5.788333,36.107778,0.422734926,27.81874409
SierraPlata,7,2019,-5.788333,36.107778,0.261756045,28.93285424
SierraPlata,7,2020,-5.788333,36.107778,0.014459079,29.06964781
SierraPlata,7,2021,-5.788333,36.107778,2.862450196,28.04847451
SierraPlata,7,2022,-5.788333,36.107778,3.10218602190049e-06,28.87255643
SierraPlata,7,2023,-5.788333,36.107778,0.052562574,28.53130296
SierraPlata,7,2024,-5.788333,36.107778,0.004206734,28.4978744
SierraPlata,7,2025,-5.788333,36.107778,3.258256772,27.15881919
SierraPlata,7,2026,-5.788333,36.107778,20.99722829,27.91176955
SierraPlata,7,2027,-5.788333,36.107778,0.715858753,28.08624149
SierraPlata,7,2028,-5.788333,36.107778,2.245283699,29.06514794
SierraPlata,7,2029,-5.788333,36.107778,3.963127158,27.17677041
SierraPlata,7,2030,-5.788333,36.107778,1.782505645,26.3174722
SierraPlata,7,2031,-5.788333,36.107778,1.315918314,30.06223696
SierraPlata,7,2032,-5.788333,36.107778,1.00532654,27.819446
SierraPlata,7,2033,-5.788333,36.107778,3.866217339,28.3154226
SierraPlata,7,2034,-5.788333,36.107778,0.548774216,29.53201077
SierraPlata,7,2035,-5.788333,36.107778,0.042736029,28.16351299
SierraPlata,7,2036,-5.788333,36.107778,1.965926604,28.646432
SierraPlata,7,2037,-5.788333,36.107778,7.69646655,28.78755021
SierraPlata,7,2038,-5.788333,36.107778,0.228010329,27.67496397
SierraPlata,7,2039,-5.788333,36.107778,1.505786631,30.20287771
SierraPlata,7,2040,-5.788333,36.107778,1.046151871,29.62074309
SierraPlata,7,2041,-5.788333,36.107778,6.257905659,29.2916307
SierraPlata,7,2042,-5.788333,36.107778,1.896243293,29.47318076
SierraPlata,7,2043,-5.788333,36.107778,0.646684667,29.14074786
SierraPlata,7,2044,-5.788333,36.107778,1.41341341,29.42844002
SierraPlata,7,2045,-5.788333,36.107778,2.19319597267979e-08,29.06248011
SierraPlata,7,2046,-5.788333,36.107778,1.92595275,27.41701955
SierraPlata,7,2047,-5.788333,36.107778,1.811398354,29.67680684
SierraPlata,7,2048,-5.788333,36.107778,2.197463768,28.97865817
SierraPlata,7,2049,-5.788333,36.107778,0.036317649,29.67583028
SierraPlata,7,2050,-5.788333,36.107778,0.338770153,30.18029569
SierraPlata,7,2051,-5.788333,36.107778,1.17728226,29.03941867
SierraPlata,7,2052,-5.788333,36.107778,3.533192897,29.89242731
SierraPlata,7,2053,-5.788333,36.107778,0.239338684,28.55137959
SierraPlata,7,2054,-5.788333,36.107778,2.34338576,29.38482745
SierraPlata,7,2055,-5.788333,36.107778,2.48874796,27.38972306
SierraPlata,7,2056,-5.788333,36.107778,2.914455908,29.76984509
SierraPlata,7,2057,-5.788333,36.107778,0.267023484,31.17085985
SierraPlata,7,2058,-5.788333,36.107778,1.561756258,29.07820946
SierraPlata,7,2059,-5.788333,36.107778,0.246327009,29.51910479
SierraPlata,7,2060,-5.788333,36.107778,2.761913685,29.7221343
SierraPlata,7,2061,-5.788333,36.107778,0.507983679,31.17371275
SierraPlata,7,2062,-5.788333,36.107778,3.624390982,31.00408522
SierraPlata,7,2063,-5.788333,36.107778,0.9298508,29.8944139
SierraPlata,7,2064,-5.788333,36.107778,0.082728742,29.50707299
SierraPlata,7,2065,-5.788333,36.107778,2.935411703,28.85308031
SierraPlata,7,2066,-5.788333,36.107778,0.060002106,30.19459169
SierraPlata,7,2067,-5.788333,36.107778,0.001369567,30.07023256
SierraPlata,7,2068,-5.788333,36.107778,4.123628906,29.74612309
SierraPlata,7,2069,-5.788333,36.107778,4.96668160276824e-08,30.6215336
SierraPlata,7,2070,-5.788333,36.107778,6.775264131,30.45731162
SierraPlata,7,2071,-5.788333,36.107778,2.903154937,29.47242471
SierraPlata,7,2072,-5.788333,36.107778,3.181070461,28.86564174
SierraPlata,7,2073,-5.788333,36.107778,0.564209412,28.86205346
SierraPlata,7,2074,-5.788333,36.107778,0.577668828,28.96401269
SierraPlata,7,2075,-5.788333,36.107778,2.849619471,29.84193253
SierraPlata,7,2076,-5.788333,36.107778,3.321037803,29.70153198
SierraPlata,7,2077,-5.788333,36.107778,0.02739368,29.50046938
SierraPlata,7,2078,-5.788333,36.107778,2.650200549,30.212538
SierraPlata,7,2079,-5.788333,36.107778,1.16921716,28.56331
SierraPlata,7,2080,-5.788333,36.107778,1.626546522,28.78788393
SierraPlata,7,2081,-5.788333,36.107778,2.254689604,30.83519011
SierraPlata,7,2082,-5.788333,36.107778,0.84667919,29.73622062
SierraPlata,7,2083,-5.788333,36.107778,0.119474761,31.21236671
SierraPlata,7,2084,-5.788333,36.107778,0.585921681,29.52952211
SierraPlata,7,2085,-5.788333,36.107778,1.086267095,30.8555414
SierraPlata,7,2086,-5.788333,36.107778,1.204358928,29.43620133
SierraPlata,7,2087,-5.788333,36.107778,0.611455304,30.59036727
SierraPlata,7,2088,-5.788333,36.107778,1.49521957,29.05652426
SierraPlata,7,2089,-5.788333,36.107778,2.872661596,29.06514105
SierraPlata,7,2090,-5.788333,36.107778,3.90240611,29.21592053
SierraPlata,7,2091,-5.788333,36.107778,1.573886328,29.89406935
SierraPlata,7,2092,-5.788333,36.107778,0.334210053,29.5962611
SierraPlata,7,2093,-5.788333,36.107778,3.698422452,28.91601247
SierraPlata,7,2094,-5.788333,36.107778,3.77112590585564e-09,29.19517251
SierraPlata,7,2095,-5.788333,36.107778,4.43500444,29.33953346
SierraPlata,7,2096,-5.788333,36.107778,0.889466572,30.14954873
SierraPlata,7,2097,-5.788333,36.107778,4.330065167,29.70525316
SierraPlata,7,2098,-5.788333,36.107778,0.466175394,28.7864624
SierraPlata,7,2099,-5.788333,36.107778,1.813428935,30.21615482
SierraPlata,7,2100,-5.788333,36.107778,2.80315116127542e-10,29.5971658
SierraPlata,8,2015,-5.788333,36.107778,3.47303549469564e-06,28.551101
SierraPlata,8,2016,-5.788333,36.107778,1.759186315,29.38573313
SierraPlata,8,2017,-5.788333,36.107778,6.154460831,27.82435047
SierraPlata,8,2018,-5.788333,36.107778,1.228779111,29.60153671
SierraPlata,8,2019,-5.788333,36.107778,13.67578731,29.23709973
SierraPlata,8,2020,-5.788333,36.107778,0.403147122,29.72665878
SierraPlata,8,2021,-5.788333,36.107778,2.210437437,28.3552441
SierraPlata,8,2022,-5.788333,36.107778,1.784649608,28.87623134
SierraPlata,8,2023,-5.788333,36.107778,6.770241081,30.29820379
SierraPlata,8,2024,-5.788333,36.107778,0.438765823,28.64337828
SierraPlata,8,2025,-5.788333,36.107778,1.520916046,29.2737789
SierraPlata,8,2026,-5.788333,36.107778,2.186477559,28.35303207
SierraPlata,8,2027,-5.788333,36.107778,0.946500532,30.49585827
SierraPlata,8,2028,-5.788333,36.107778,17.70372238,30.63074301
SierraPlata,8,2029,-5.788333,36.107778,0.175108554,29.26802585
SierraPlata,8,2030,-5.788333,36.107778,0.888644243,28.20162846
SierraPlata,8,2031,-5.788333,36.107778,16.95317665,28.18512632
SierraPlata,8,2032,-5.788333,36.107778,2.584711337,29.49279667
SierraPlata,8,2033,-5.788333,36.107778,0.000487383,30.12271886
SierraPlata,8,2034,-5.788333,36.107778,0.677437619,30.2119749
SierraPlata,8,2035,-5.788333,36.107778,1.131359477,28.55137172
SierraPlata,8,2036,-5.788333,36.107778,3.988255524,28.55125555
SierraPlata,8,2037,-5.788333,36.107778,1.406253627,29.58688532
SierraPlata,8,2038,-5.788333,36.107778,0.000797247,31.23201511
SierraPlata,8,2039,-5.788333,36.107778,3.259317126,29.86774745
SierraPlata,8,2040,-5.788333,36.107778,0.016685926,28.4196864
SierraPlata,8,2041,-5.788333,36.107778,20.91970275,29.12219514
SierraPlata,8,2042,-5.788333,36.107778,10.67251027,29.72159286
SierraPlata,8,2043,-5.788333,36.107778,1.861114827,28.70493814
SierraPlata,8,2044,-5.788333,36.107778,0.410859368,30.70618837
SierraPlata,8,2045,-5.788333,36.107778,0.851137877,30.47026092
SierraPlata,8,2046,-5.788333,36.107778,10.30986317,31.08566658
SierraPlata,8,2047,-5.788333,36.107778,0.120839661,30.39430463
SierraPlata,8,2048,-5.788333,36.107778,4.12334074,28.77703247
SierraPlata,8,2049,-5.788333,36.107778,0.933141305,31.40990108
SierraPlata,8,2050,-5.788333,36.107778,9.866212031,30.43200861
SierraPlata,8,2051,-5.788333,36.107778,0.005344592,29.83907963
SierraPlata,8,2052,-5.788333,36.107778,0.394831026,29.27501634
SierraPlata,8,2053,-5.788333,36.107778,2.820658325,30.04845384
SierraPlata,8,2054,-5.788333,36.107778,1.835586461,29.9118739
SierraPlata,8,2055,-5.788333,36.107778,0.160732609,29.50846597
SierraPlata,8,2056,-5.788333,36.107778,1.02873497,30.345382
SierraPlata,8,2057,-5.788333,36.107778,9.7742826,31.57753217
SierraPlata,8,2058,-5.788333,36.107778,0.174790288,31.01437654
SierraPlata,8,2059,-5.788333,36.107778,3.223459541,31.36671477
SierraPlata,8,2060,-5.788333,36.107778,0.135995047,30.14187504
SierraPlata,8,2061,-5.788333,36.107778,32.2309188,30.62401537
SierraPlata,8,2062,-5.788333,36.107778,0.544191474,30.10677293
SierraPlata,8,2063,-5.788333,36.107778,2.369114172,30.23998512
SierraPlata,8,2064,-5.788333,36.107778,4.635285679,29.33186961
SierraPlata,8,2065,-5.788333,36.107778,18.19684769,28.91905931
SierraPlata,8,2066,-5.788333,36.107778,1.112916677,30.34428435
SierraPlata,8,2067,-5.788333,36.107778,7.379736855,30.21752221
SierraPlata,8,2068,-5.788333,36.107778,0.00067627,29.92086674
SierraPlata,8,2069,-5.788333,36.107778,0.097930072,29.32589997
SierraPlata,8,2070,-5.788333,36.107778,0.861294337,30.41027025
SierraPlata,8,2071,-5.788333,36.107778,6.06782568,31.08341616
SierraPlata,8,2072,-5.788333,36.107778,1.354183511,30.17617483
SierraPlata,8,2073,-5.788333,36.107778,0.657512036,31.98067233
SierraPlata,8,2074,-5.788333,36.107778,0.727288302,30.68335729
SierraPlata,8,2075,-5.788333,36.107778,0.660206242,31.33692568
SierraPlata,8,2076,-5.788333,36.107778,3.540732849,30.09061437
SierraPlata,8,2077,-5.788333,36.107778,5.672721387,29.27150682
SierraPlata,8,2078,-5.788333,36.107778,4.551252176,29.25032565
SierraPlata,8,2079,-5.788333,36.107778,1.757922877,28.49946328
SierraPlata,8,2080,-5.788333,36.107778,0.007059102,30.49201503
SierraPlata,8,2081,-5.788333,36.107778,6.396196579,32.48975377
SierraPlata,8,2082,-5.788333,36.107778,0.281998573,32.02711123
SierraPlata,8,2083,-5.788333,36.107778,1.64652698,28.89130308
SierraPlata,8,2084,-5.788333,36.107778,1.294419331,31.59779978
SierraPlata,8,2085,-5.788333,36.107778,2.078010391,28.78585205
SierraPlata,8,2086,-5.788333,36.107778,3.51178111127673e-08,31.19611954
SierraPlata,8,2087,-5.788333,36.107778,1.580227121,30.2424974
SierraPlata,8,2088,-5.788333,36.107778,0.734956697,28.73663212
SierraPlata,8,2089,-5.788333,36.107778,2.332528043,29.70654376
SierraPlata,8,2090,-5.788333,36.107778,1.073012085,30.09467616
SierraPlata,8,2091,-5.788333,36.107778,2.739472792,28.58758525
SierraPlata,8,2092,-5.788333,36.107778,0.511414649,31.60980205
SierraPlata,8,2093,-5.788333,36.107778,0.843254918,32.53468352
SierraPlata,8,2094,-5.788333,36.107778,1.68381717,28.89090045
SierraPlata,8,2095,-5.788333,36.107778,0.540991553,28.8699644
SierraPlata,8,2096,-5.788333,36.107778,12.67432415,30.17584701
SierraPlata,8,2097,-5.788333,36.107778,0.324106244,31.33470872
SierraPlata,8,2098,-5.788333,36.107778,0.856176191,28.51154529
SierraPlata,8,2099,-5.788333,36.107778,5.560067766,31.40303266
SierraPlata,8,2100,-5.788333,36.107778,3.044128092,30.17303152
SierraPlata,9,2015,-5.788333,36.107778,10.50358309,28.05815226
SierraPlata,9,2016,-5.788333,36.107778,26.83713103,26.73633728
SierraPlata,9,2017,-5.788333,36.107778,1.711284884,26.88273824
SierraPlata,9,2018,-5.788333,36.107778,10.01841356,27.42757568
SierraPlata,9,2019,-5.788333,36.107778,2.353131653,27.68755798
SierraPlata,9,2020,-5.788333,36.107778,23.12494871,27.1580658
SierraPlata,9,2021,-5.788333,36.107778,1.766808753,27.32572123
SierraPlata,9,2022,-5.788333,36.107778,0.260039378,28.14585673
SierraPlata,9,2023,-5.788333,36.107778,2.702056107,29.16323446
SierraPlata,9,2024,-5.788333,36.107778,5.43456314,26.77276001
SierraPlata,9,2025,-5.788333,36.107778,22.72388048,26.54698079
SierraPlata,9,2026,-5.788333,36.107778,0.956376322,26.85542704
SierraPlata,9,2027,-5.788333,36.107778,0.86329343,28.86500448
SierraPlata,9,2028,-5.788333,36.107778,18.58187262,27.57531128
SierraPlata,9,2029,-5.788333,36.107778,0.953010762,26.50964559
SierraPlata,9,2030,-5.788333,36.107778,0.023886566,27.21111247
SierraPlata,9,2031,-5.788333,36.107778,16.23616518,28.69030558
SierraPlata,9,2032,-5.788333,36.107778,5.041101373,28.02892456
SierraPlata,9,2033,-5.788333,36.107778,58.5018923,27.43568726
SierraPlata,9,2034,-5.788333,36.107778,36.63721529,28.55582072
SierraPlata,9,2035,-5.788333,36.107778,1.422302108,28.35199788
SierraPlata,9,2036,-5.788333,36.107778,0.765675035,28.34882406
SierraPlata,9,2037,-5.788333,36.107778,1.053746723,29.0299174
SierraPlata,9,2038,-5.788333,36.107778,0.243032199,28.51942647
SierraPlata,9,2039,-5.788333,36.107778,5.980036633,26.67650146
SierraPlata,9,2040,-5.788333,36.107778,0.335391012,28.35811157
SierraPlata,9,2041,-5.788333,36.107778,16.70074666,27.24128316
SierraPlata,9,2042,-5.788333,36.107778,4.838487169,26.3830424
SierraPlata,9,2043,-5.788333,36.107778,5.305521673,27.64773661
SierraPlata,9,2044,-5.788333,36.107778,16.60303597,27.86151632
SierraPlata,9,2045,-5.788333,36.107778,3.191296062,27.89427389
SierraPlata,9,2046,-5.788333,36.107778,0.158620518,29.52103373
SierraPlata,9,2047,-5.788333,36.107778,0.665245033,27.87171224
SierraPlata,9,2048,-5.788333,36.107778,0.06040994,29.83073324
SierraPlata,9,2049,-5.788333,36.107778,0.258663591,28.01940613
SierraPlata,9,2050,-5.788333,36.107778,0.347311123,28.71688538
SierraPlata,9,2051,-5.788333,36.107778,14.14283486,27.87830098
SierraPlata,9,2052,-5.788333,36.107778,4.072214731,27.96262716
SierraPlata,9,2053,-5.788333,36.107778,0.070301558,28.7497345
SierraPlata,9,2054,-5.788333,36.107778,1.151005713,29.15400899
SierraPlata,9,2055,-5.788333,36.107778,9.246519955,28.29227702
SierraPlata,9,2056,-5.788333,36.107778,23.14254787,28.46956278
SierraPlata,9,2057,-5.788333,36.107778,7.197117033,29.42743123
SierraPlata,9,2058,-5.788333,36.107778,3.229965698,28.6691274
SierraPlata,9,2059,-5.788333,36.107778,2.699534962,26.83097839
SierraPlata,9,2060,-5.788333,36.107778,0.666253435,28.80585938
SierraPlata,9,2061,-5.788333,36.107778,4.412477856,28.74677429
SierraPlata,9,2062,-5.788333,36.107778,0.013228681,28.63265889
SierraPlata,9,2063,-5.788333,36.107778,5.474329306,29.27969564
SierraPlata,9,2064,-5.788333,36.107778,5.182459996,27.79947815
SierraPlata,9,2065,-5.788333,36.107778,11.71621178,27.10376282
SierraPlata,9,2066,-5.788333,36.107778,0.130231643,29.36464844
SierraPlata,9,2067,-5.788333,36.107778,0.872180963,26.90102743
SierraPlata,9,2068,-5.788333,36.107778,13.72565911,25.71889852
SierraPlata,9,2069,-5.788333,36.107778,0.54970469,28.7908488
SierraPlata,9,2070,-5.788333,36.107778,6.559109528,28.5317922
SierraPlata,9,2071,-5.788333,36.107778,15.65702983,27.92404073
SierraPlata,9,2072,-5.788333,36.107778,25.94686679,27.78770142
SierraPlata,9,2073,-5.788333,36.107778,0.55877053,29.4217509
SierraPlata,9,2074,-5.788333,36.107778,0.015934858,29.28970642
SierraPlata,9,2075,-5.788333,36.107778,2.219604624,29.65240173
SierraPlata,9,2076,-5.788333,36.107778,3.142285844,28.72941589
SierraPlata,9,2077,-5.788333,36.107778,0.564096926,28.87419128
SierraPlata,9,2078,-5.788333,36.107778,6.285437732,27.99446513
SierraPlata,9,2079,-5.788333,36.107778,2.335318485,28.98614197
SierraPlata,9,2080,-5.788333,36.107778,3.158249251,28.21018372
SierraPlata,9,2081,-5.788333,36.107778,0.600253569,29.11870829
SierraPlata,9,2082,-5.788333,36.107778,41.9328138,29.24727783
SierraPlata,9,2083,-5.788333,36.107778,0.00211228,30.5080485
SierraPlata,9,2084,-5.788333,36.107778,0.763180533,28.66806335
SierraPlata,9,2085,-5.788333,36.107778,8.151875646,28.40599264
SierraPlata,9,2086,-5.788333,36.107778,0.80190383,29.69563904
SierraPlata,9,2087,-5.788333,36.107778,0.128001043,28.42469889
SierraPlata,9,2088,-5.788333,36.107778,1.753953226,28.52845154
SierraPlata,9,2089,-5.788333,36.107778,6.174905283,28.89524434
SierraPlata,9,2090,-5.788333,36.107778,17.60185327,29.99926249
SierraPlata,9,2091,-5.788333,36.107778,0.454874758,29.41945496
SierraPlata,9,2092,-5.788333,36.107778,6.348069239,28.28683065
SierraPlata,9,2093,-5.788333,36.107778,0.369854332,28.98315531
SierraPlata,9,2094,-5.788333,36.107778,7.17763833,27.94658508
SierraPlata,9,2095,-5.788333,36.107778,3.53115833,27.14391785
SierraPlata,9,2096,-5.788333,36.107778,0.047914816,29.57128499
SierraPlata,9,2097,-5.788333,36.107778,0.93136086,28.2813741
SierraPlata,9,2098,-5.788333,36.107778,7.250309688,27.51220907
SierraPlata,9,2099,-5.788333,36.107778,0.678439443,28.73160502
SierraPlata,9,2100,-5.788333,36.107778,11.17286103,29.33322754
SierraRetinY4,1,2015,-5.848056,36.173056,80.21220432,18.06096605
SierraRetinY4,1,2016,-5.848056,36.173056,4.093030658,17.85621476
SierraRetinY4,1,2017,-5.848056,36.173056,120.3443202,18.39565036
SierraRetinY4,1,2018,-5.848056,36.173056,105.3689043,17.4066613
SierraRetinY4,1,2019,-5.848056,36.173056,140.5155962,16.88256521
SierraRetinY4,1,2020,-5.848056,36.173056,53.13945783,18.1687689
SierraRetinY4,1,2021,-5.848056,36.173056,33.72849344,16.45859926
SierraRetinY4,1,2022,-5.848056,36.173056,57.81294465,18.13337048
SierraRetinY4,1,2023,-5.848056,36.173056,57.4601177,17.59615675
SierraRetinY4,1,2024,-5.848056,36.173056,100.8612858,18.41235627
SierraRetinY4,1,2025,-5.848056,36.173056,29.52174237,16.85220711
SierraRetinY4,1,2026,-5.848056,36.173056,54.34136575,17.26788606
SierraRetinY4,1,2027,-5.848056,36.173056,161.7761647,18.22693147
SierraRetinY4,1,2028,-5.848056,36.173056,8.835550672,17.07706555
SierraRetinY4,1,2029,-5.848056,36.173056,33.76214663,17.92356902
SierraRetinY4,1,2030,-5.848056,36.173056,3.64493001,16.20317009
SierraRetinY4,1,2031,-5.848056,36.173056,46.75957407,18.13648918
SierraRetinY4,1,2032,-5.848056,36.173056,22.58343598,18.25377512
SierraRetinY4,1,2033,-5.848056,36.173056,106.552296,17.91654309
SierraRetinY4,1,2034,-5.848056,36.173056,33.171735,18.59123555
SierraRetinY4,1,2035,-5.848056,36.173056,202.9247425,18.98425569
SierraRetinY4,1,2036,-5.848056,36.173056,174.2739783,17.33669138
SierraRetinY4,1,2037,-5.848056,36.173056,68.01661249,17.84738632
SierraRetinY4,1,2038,-5.848056,36.173056,51.72778455,19.02609627
SierraRetinY4,1,2039,-5.848056,36.173056,40.3595195,18.26056184
SierraRetinY4,1,2040,-5.848056,36.173056,96.43333545,16.61619302
SierraRetinY4,1,2041,-5.848056,36.173056,81.9313089,17.38450751
SierraRetinY4,1,2042,-5.848056,36.173056,36.03324579,17.90251386
SierraRetinY4,1,2043,-5.848056,36.173056,3.352120565,18.42765641
SierraRetinY4,1,2044,-5.848056,36.173056,28.72707014,17.39462654
SierraRetinY4,1,2045,-5.848056,36.173056,51.44102959,16.72416717
SierraRetinY4,1,2046,-5.848056,36.173056,85.2072837,19.397191
SierraRetinY4,1,2047,-5.848056,36.173056,26.60464527,18.55316142
SierraRetinY4,1,2048,-5.848056,36.173056,154.7905217,17.633907
SierraRetinY4,1,2049,-5.848056,36.173056,19.45278281,17.03138467
SierraRetinY4,1,2050,-5.848056,36.173056,40.87629753,17.52570939
SierraRetinY4,1,2051,-5.848056,36.173056,189.2260651,18.23481189
SierraRetinY4,1,2052,-5.848056,36.173056,45.69842511,19.02707185
SierraRetinY4,1,2053,-5.848056,36.173056,79.17507416,17.89897874
SierraRetinY4,1,2054,-5.848056,36.173056,111.6634613,18.76296288
SierraRetinY4,1,2055,-5.848056,36.173056,45.74557082,17.95886998
SierraRetinY4,1,2056,-5.848056,36.173056,23.79963657,18.51785948
SierraRetinY4,1,2057,-5.848056,36.173056,22.08211158,18.38804951
SierraRetinY4,1,2058,-5.848056,36.173056,70.23143285,18.79605772
SierraRetinY4,1,2059,-5.848056,36.173056,183.3902048,19.38399954
SierraRetinY4,1,2060,-5.848056,36.173056,144.4208878,17.09440544
SierraRetinY4,1,2061,-5.848056,36.173056,173.3387126,18.7196545
SierraRetinY4,1,2062,-5.848056,36.173056,142.9981547,18.2382151
SierraRetinY4,1,2063,-5.848056,36.173056,100.6867294,18.46857851
SierraRetinY4,1,2064,-5.848056,36.173056,9.581177391,18.70688929
SierraRetinY4,1,2065,-5.848056,36.173056,92.2686262,16.59747689
SierraRetinY4,1,2066,-5.848056,36.173056,89.85934554,18.77591907
SierraRetinY4,1,2067,-5.848056,36.173056,99.85582885,16.77473676
SierraRetinY4,1,2068,-5.848056,36.173056,78.35279463,18.14390298
SierraRetinY4,1,2069,-5.848056,36.173056,16.10803648,17.98526572
SierraRetinY4,1,2070,-5.848056,36.173056,39.12167255,17.28324329
SierraRetinY4,1,2071,-5.848056,36.173056,13.55832063,18.79278249
SierraRetinY4,1,2072,-5.848056,36.173056,123.4069994,18.0596912
SierraRetinY4,1,2073,-5.848056,36.173056,263.4920408,18.84602976
SierraRetinY4,1,2074,-5.848056,36.173056,37.23215572,18.1238549
SierraRetinY4,1,2075,-5.848056,36.173056,7.911740425,18.07764932
SierraRetinY4,1,2076,-5.848056,36.173056,33.16617791,17.65764574
SierraRetinY4,1,2077,-5.848056,36.173056,87.49152108,17.29167008
SierraRetinY4,1,2078,-5.848056,36.173056,105.0148552,19.16337615
SierraRetinY4,1,2079,-5.848056,36.173056,60.17042315,19.08000902
SierraRetinY4,1,2080,-5.848056,36.173056,104.9684408,19.54366947
SierraRetinY4,1,2081,-5.848056,36.173056,111.5770245,18.39582362
SierraRetinY4,1,2082,-5.848056,36.173056,3.625766421,17.56483587
SierraRetinY4,1,2083,-5.848056,36.173056,148.3178502,16.7507086
SierraRetinY4,1,2084,-5.848056,36.173056,159.4024945,20.07674167
SierraRetinY4,1,2085,-5.848056,36.173056,41.60708732,19.18461737
SierraRetinY4,1,2086,-5.848056,36.173056,178.72614,17.38857619
SierraRetinY4,1,2087,-5.848056,36.173056,4.156164647,18.9230453
SierraRetinY4,1,2088,-5.848056,36.173056,159.5824713,17.31369688
SierraRetinY4,1,2089,-5.848056,36.173056,73.42475908,16.99945344
SierraRetinY4,1,2090,-5.848056,36.173056,8.048940521,19.99182405
SierraRetinY4,1,2091,-5.848056,36.173056,3.260906109,19.22098842
SierraRetinY4,1,2092,-5.848056,36.173056,12.48365827,18.62961682
SierraRetinY4,1,2093,-5.848056,36.173056,64.94711073,16.70186374
SierraRetinY4,1,2094,-5.848056,36.173056,24.40732014,19.79491282
SierraRetinY4,1,2095,-5.848056,36.173056,29.15501102,18.58970376
SierraRetinY4,1,2096,-5.848056,36.173056,35.81810642,18.27454578
SierraRetinY4,1,2097,-5.848056,36.173056,72.61459817,18.06511349
SierraRetinY4,1,2098,-5.848056,36.173056,51.67060218,16.57084488
SierraRetinY4,1,2099,-5.848056,36.173056,118.7290886,17.60020476
SierraRetinY4,1,2100,-5.848056,36.173056,44.43852491,18.82875091
SierraRetinY4,10,2015,-5.848056,36.173056,1.803368569,24.86087213
SierraRetinY4,10,2016,-5.848056,36.173056,12.86146601,23.26373173
SierraRetinY4,10,2017,-5.848056,36.173056,69.37929594,23.19826069
SierraRetinY4,10,2018,-5.848056,36.173056,47.28852481,23.63834977
SierraRetinY4,10,2019,-5.848056,36.173056,9.576400416,22.51860076
SierraRetinY4,10,2020,-5.848056,36.173056,2.942594488,23.37381356
SierraRetinY4,10,2021,-5.848056,36.173056,22.2832093,24.26549092
SierraRetinY4,10,2022,-5.848056,36.173056,29.37539207,23.44751843
SierraRetinY4,10,2023,-5.848056,36.173056,81.1151999,23.22581905
SierraRetinY4,10,2024,-5.848056,36.173056,37.8230678,22.22202109
SierraRetinY4,10,2025,-5.848056,36.173056,38.91470736,23.1477482
SierraRetinY4,10,2026,-5.848056,36.173056,8.723613242,24.30406908
SierraRetinY4,10,2027,-5.848056,36.173056,3.68301934,25.36748362
SierraRetinY4,10,2028,-5.848056,36.173056,35.69264773,23.30101929
SierraRetinY4,10,2029,-5.848056,36.173056,50.57393439,22.31724676
SierraRetinY4,10,2030,-5.848056,36.173056,5.963031006,23.78986364
SierraRetinY4,10,2031,-5.848056,36.173056,5.907972489,24.9874876
SierraRetinY4,10,2032,-5.848056,36.173056,21.08285074,24.45793477
SierraRetinY4,10,2033,-5.848056,36.173056,10.67192777,24.61670296
SierraRetinY4,10,2034,-5.848056,36.173056,35.18729505,22.13769315
SierraRetinY4,10,2035,-5.848056,36.173056,87.89352115,24.74235269
SierraRetinY4,10,2036,-5.848056,36.173056,7.9420278,24.19776355
SierraRetinY4,10,2037,-5.848056,36.173056,3.367202411,25.21322415
SierraRetinY4,10,2038,-5.848056,36.173056,25.03797854,25.28778746
SierraRetinY4,10,2039,-5.848056,36.173056,44.20027003,23.09804097
SierraRetinY4,10,2040,-5.848056,36.173056,20.81223566,22.96889156
SierraRetinY4,10,2041,-5.848056,36.173056,11.96366979,23.89290771
SierraRetinY4,10,2042,-5.848056,36.173056,65.50068424,22.54593466
SierraRetinY4,10,2043,-5.848056,36.173056,1.466867302,23.898267
SierraRetinY4,10,2044,-5.848056,36.173056,25.56683849,24.89541606
SierraRetinY4,10,2045,-5.848056,36.173056,25.18097092,24.72102779
SierraRetinY4,10,2046,-5.848056,36.173056,3.903449554,26.31366735
SierraRetinY4,10,2047,-5.848056,36.173056,19.96122179,24.00029513
SierraRetinY4,10,2048,-5.848056,36.173056,41.90045305,25.51652753
SierraRetinY4,10,2049,-5.848056,36.173056,17.43769573,24.39994842
SierraRetinY4,10,2050,-5.848056,36.173056,18.41895873,24.87611123
SierraRetinY4,10,2051,-5.848056,36.173056,21.00270576,24.49844045
SierraRetinY4,10,2052,-5.848056,36.173056,62.54061356,23.04858871
SierraRetinY4,10,2053,-5.848056,36.173056,10.4368067,25.24355961
SierraRetinY4,10,2054,-5.848056,36.173056,42.41800699,24.66374039
SierraRetinY4,10,2055,-5.848056,36.173056,27.70125762,24.18613734
SierraRetinY4,10,2056,-5.848056,36.173056,1.321315037,25.09725539
SierraRetinY4,10,2057,-5.848056,36.173056,10.68155076,24.71480122
SierraRetinY4,10,2058,-5.848056,36.173056,45.78189091,24.16323931
SierraRetinY4,10,2059,-5.848056,36.173056,2.270489269,25.03099286
SierraRetinY4,10,2060,-5.848056,36.173056,7.686302062,23.44669052
SierraRetinY4,10,2061,-5.848056,36.173056,31.25445124,23.33847617
SierraRetinY4,10,2062,-5.848056,36.173056,31.67340254,25.78279537
SierraRetinY4,10,2063,-5.848056,36.173056,3.69090171,25.86614872
SierraRetinY4,10,2064,-5.848056,36.173056,15.14336748,24.02852389
SierraRetinY4,10,2065,-5.848056,36.173056,25.82481102,24.5544786
SierraRetinY4,10,2066,-5.848056,36.173056,25.60960398,24.44302152
SierraRetinY4,10,2067,-5.848056,36.173056,0.628603567,25.83939268
SierraRetinY4,10,2068,-5.848056,36.173056,9.059019587,24.84489864
SierraRetinY4,10,2069,-5.848056,36.173056,30.56788402,24.85899481
SierraRetinY4,10,2070,-5.848056,36.173056,8.914821359,26.1407134
SierraRetinY4,10,2071,-5.848056,36.173056,26.29805864,23.86498905
SierraRetinY4,10,2072,-5.848056,36.173056,10.64409155,25.30950711
SierraRetinY4,10,2073,-5.848056,36.173056,22.9425955,25.71877441
SierraRetinY4,10,2074,-5.848056,36.173056,26.85107765,25.865119
SierraRetinY4,10,2075,-5.848056,36.173056,24.08234081,25.17230008
SierraRetinY4,10,2076,-5.848056,36.173056,42.38593398,24.92595825
SierraRetinY4,10,2077,-5.848056,36.173056,1.486623648,26.47741581
SierraRetinY4,10,2078,-5.848056,36.173056,11.63394646,24.05188264
SierraRetinY4,10,2079,-5.848056,36.173056,32.28514134,25.31082134
SierraRetinY4,10,2080,-5.848056,36.173056,14.17125853,26.24423198
SierraRetinY4,10,2081,-5.848056,36.173056,4.355818631,24.74174923
SierraRetinY4,10,2082,-5.848056,36.173056,53.49867208,23.73261561
SierraRetinY4,10,2083,-5.848056,36.173056,10.14791355,27.16269393
SierraRetinY4,10,2084,-5.848056,36.173056,7.268277333,24.57362986
SierraRetinY4,10,2085,-5.848056,36.173056,17.50093473,24.40864199
SierraRetinY4,10,2086,-5.848056,36.173056,40.64991308,23.547432
SierraRetinY4,10,2087,-5.848056,36.173056,5.435127311,25.20941044
SierraRetinY4,10,2088,-5.848056,36.173056,29.89814558,25.29378957
SierraRetinY4,10,2089,-5.848056,36.173056,0.344353546,25.94126134
SierraRetinY4,10,2090,-5.848056,36.173056,8.736160453,24.32207149
SierraRetinY4,10,2091,-5.848056,36.173056,32.10134777,24.99503134
SierraRetinY4,10,2092,-5.848056,36.173056,0.972827108,25.34407467
SierraRetinY4,10,2093,-5.848056,36.173056,1.998482215,25.25839607
SierraRetinY4,10,2094,-5.848056,36.173056,18.84554482,21.80802652
SierraRetinY4,10,2095,-5.848056,36.173056,8.097075091,25.04334953
SierraRetinY4,10,2096,-5.848056,36.173056,0.513334005,26.05917732
SierraRetinY4,10,2097,-5.848056,36.173056,6.564815679,24.98608674
SierraRetinY4,10,2098,-5.848056,36.173056,0.116642224,23.64038263
SierraRetinY4,10,2099,-5.848056,36.173056,13.21302126,23.47285983
SierraRetinY4,10,2100,-5.848056,36.173056,3.064680245,25.74292268
SierraRetinY4,11,2015,-5.848056,36.173056,16.89515557,20.85000814
SierraRetinY4,11,2016,-5.848056,36.173056,94.77805368,20.16343994
SierraRetinY4,11,2017,-5.848056,36.173056,98.2106688,21.22579753
SierraRetinY4,11,2018,-5.848056,36.173056,36.7217909,20.90046692
SierraRetinY4,11,2019,-5.848056,36.173056,19.49702062,19.06013896
SierraRetinY4,11,2020,-5.848056,36.173056,43.12159354,21.15737305
SierraRetinY4,11,2021,-5.848056,36.173056,8.890589885,21.5927358
SierraRetinY4,11,2022,-5.848056,36.173056,39.63381966,20.18311564
SierraRetinY4,11,2023,-5.848056,36.173056,78.19241734,18.60612183
SierraRetinY4,11,2024,-5.848056,36.173056,7.70487135,19.310849
SierraRetinY4,11,2025,-5.848056,36.173056,83.62001969,20.6441335
SierraRetinY4,11,2026,-5.848056,36.173056,29.87243286,20.84513957
SierraRetinY4,11,2027,-5.848056,36.173056,41.15846935,20.83516134
SierraRetinY4,11,2028,-5.848056,36.173056,67.43707643,19.15064189
SierraRetinY4,11,2029,-5.848056,36.173056,26.66894749,22.13392131
SierraRetinY4,11,2030,-5.848056,36.173056,12.40482249,20.0427714
SierraRetinY4,11,2031,-5.848056,36.173056,9.609457243,20.24851685
SierraRetinY4,11,2032,-5.848056,36.173056,109.3062302,20.97074992
SierraRetinY4,11,2033,-5.848056,36.173056,8.989251841,20.63510234
SierraRetinY4,11,2034,-5.848056,36.173056,20.55543628,19.64532267
SierraRetinY4,11,2035,-5.848056,36.173056,87.90937251,19.71043803
SierraRetinY4,11,2036,-5.848056,36.173056,37.11396028,20.83991801
SierraRetinY4,11,2037,-5.848056,36.173056,8.292577393,19.91552734
SierraRetinY4,11,2038,-5.848056,36.173056,91.53823996,21.44842326
SierraRetinY4,11,2039,-5.848056,36.173056,8.399957139,21.14234924
SierraRetinY4,11,2040,-5.848056,36.173056,86.92641435,21.63510946
SierraRetinY4,11,2041,-5.848056,36.173056,224.7675072,20.39171041
SierraRetinY4,11,2042,-5.848056,36.173056,0.828651766,20.90050964
SierraRetinY4,11,2043,-5.848056,36.173056,20.61219525,18.93650309
SierraRetinY4,11,2044,-5.848056,36.173056,10.08624827,20.23341166
SierraRetinY4,11,2045,-5.848056,36.173056,127.5987891,21.4543691
SierraRetinY4,11,2046,-5.848056,36.173056,66.47282937,21.42358602
SierraRetinY4,11,2047,-5.848056,36.173056,85.71166322,18.68465068
SierraRetinY4,11,2048,-5.848056,36.173056,36.37836202,20.71701253
SierraRetinY4,11,2049,-5.848056,36.173056,27.40369927,21.2021637
SierraRetinY4,11,2050,-5.848056,36.173056,108.6164774,20.46986491
SierraRetinY4,11,2051,-5.848056,36.173056,6.077243063,21.8777181
SierraRetinY4,11,2052,-5.848056,36.173056,8.559473267,22.23519897
SierraRetinY4,11,2053,-5.848056,36.173056,0.006582863,21.70326945
SierraRetinY4,11,2054,-5.848056,36.173056,15.42103713,21.22999573
SierraRetinY4,11,2055,-5.848056,36.173056,13.44461725,20.58080241
SierraRetinY4,11,2056,-5.848056,36.173056,123.719834,20.72814026
SierraRetinY4,11,2057,-5.848056,36.173056,79.36767494,20.83526408
SierraRetinY4,11,2058,-5.848056,36.173056,11.32089502,21.87411702
SierraRetinY4,11,2059,-5.848056,36.173056,13.31267824,20.56946513
SierraRetinY4,11,2060,-5.848056,36.173056,9.096151912,19.18287964
SierraRetinY4,11,2061,-5.848056,36.173056,80.81891029,20.83272807
SierraRetinY4,11,2062,-5.848056,36.173056,24.31681506,22.68057658
SierraRetinY4,11,2063,-5.848056,36.173056,1.803178279,21.43980509
SierraRetinY4,11,2064,-5.848056,36.173056,40.04041613,20.35165507
SierraRetinY4,11,2065,-5.848056,36.173056,24.78233791,19.86380819
SierraRetinY4,11,2066,-5.848056,36.173056,60.58429787,19.67865601
SierraRetinY4,11,2067,-5.848056,36.173056,21.5276694,19.19671427
SierraRetinY4,11,2068,-5.848056,36.173056,72.03174356,20.88417053
SierraRetinY4,11,2069,-5.848056,36.173056,67.32097528,21.00096944
SierraRetinY4,11,2070,-5.848056,36.173056,62.93237117,21.6293101
SierraRetinY4,11,2071,-5.848056,36.173056,58.02002523,21.72049357
SierraRetinY4,11,2072,-5.848056,36.173056,36.74103174,21.72012838
SierraRetinY4,11,2073,-5.848056,36.173056,21.20558834,21.95863749
SierraRetinY4,11,2074,-5.848056,36.173056,147.2826604,21.27412008
SierraRetinY4,11,2075,-5.848056,36.173056,63.92969184,21.5412557
SierraRetinY4,11,2076,-5.848056,36.173056,64.92088821,21.97369385
SierraRetinY4,11,2077,-5.848056,36.173056,29.48947727,21.83085938
SierraRetinY4,11,2078,-5.848056,36.173056,26.40857559,20.7597758
SierraRetinY4,11,2079,-5.848056,36.173056,29.04668663,22.22772013
SierraRetinY4,11,2080,-5.848056,36.173056,63.93330182,21.98390096
SierraRetinY4,11,2081,-5.848056,36.173056,6.808768215,19.99611206
SierraRetinY4,11,2082,-5.848056,36.173056,20.930799,21.28901672
SierraRetinY4,11,2083,-5.848056,36.173056,146.2004233,22.00539347
SierraRetinY4,11,2084,-5.848056,36.173056,12.22289693,21.04249878
SierraRetinY4,11,2085,-5.848056,36.173056,26.72847068,20.89166768
SierraRetinY4,11,2086,-5.848056,36.173056,28.10952043,20.27065226
SierraRetinY4,11,2087,-5.848056,36.173056,0.298059672,22.03633525
SierraRetinY4,11,2088,-5.848056,36.173056,39.61175524,20.30138245
SierraRetinY4,11,2089,-5.848056,36.173056,14.62397656,22.0510376
SierraRetinY4,11,2090,-5.848056,36.173056,30.97421747,23.069988
SierraRetinY4,11,2091,-5.848056,36.173056,47.83246018,19.53575033
SierraRetinY4,11,2092,-5.848056,36.173056,13.00639588,20.87885132
SierraRetinY4,11,2093,-5.848056,36.173056,112.8903367,21.98552755
SierraRetinY4,11,2094,-5.848056,36.173056,12.79252339,21.99379781
SierraRetinY4,11,2095,-5.848056,36.173056,47.43877935,21.27786357
SierraRetinY4,11,2096,-5.848056,36.173056,0.335125019,21.30255229
SierraRetinY4,11,2097,-5.848056,36.173056,45.03012595,20.47791443
SierraRetinY4,11,2098,-5.848056,36.173056,49.25798406,20.62807414
SierraRetinY4,11,2099,-5.848056,36.173056,44.75379075,21.09270426
SierraRetinY4,11,2100,-5.848056,36.173056,69.23986562,20.70878092
SierraRetinY4,12,2015,-5.848056,36.173056,132.010709,18.53697136
SierraRetinY4,12,2016,-5.848056,36.173056,14.11545532,18.40091858
SierraRetinY4,12,2017,-5.848056,36.173056,33.84210771,19.44534774
SierraRetinY4,12,2018,-5.848056,36.173056,32.24879074,18.42916654
SierraRetinY4,12,2019,-5.848056,36.173056,62.46363691,17.39627843
SierraRetinY4,12,2020,-5.848056,36.173056,27.84958093,17.92564781
SierraRetinY4,12,2021,-5.848056,36.173056,105.0502614,19.84293272
SierraRetinY4,12,2022,-5.848056,36.173056,222.2386185,18.00556188
SierraRetinY4,12,2023,-5.848056,36.173056,152.1959535,18.2754426
SierraRetinY4,12,2024,-5.848056,36.173056,38.138767,17.3069814
SierraRetinY4,12,2025,-5.848056,36.173056,30.80196855,17.38397689
SierraRetinY4,12,2026,-5.848056,36.173056,90.24238408,19.11547537
SierraRetinY4,12,2027,-5.848056,36.173056,35.48665234,17.34611049
SierraRetinY4,12,2028,-5.848056,36.173056,102.1498254,19.75917155
SierraRetinY4,12,2029,-5.848056,36.173056,160.725723,18.82465564
SierraRetinY4,12,2030,-5.848056,36.173056,43.09007618,19.18247782
SierraRetinY4,12,2031,-5.848056,36.173056,73.50663556,19.21133994
SierraRetinY4,12,2032,-5.848056,36.173056,150.4129518,17.85224813
SierraRetinY4,12,2033,-5.848056,36.173056,121.0401395,19.05579972
SierraRetinY4,12,2034,-5.848056,36.173056,107.9481192,18.4621836
SierraRetinY4,12,2035,-5.848056,36.173056,18.79438818,17.98948404
SierraRetinY4,12,2036,-5.848056,36.173056,78.64566281,17.70748596
SierraRetinY4,12,2037,-5.848056,36.173056,85.87148642,18.48837261
SierraRetinY4,12,2038,-5.848056,36.173056,11.60958439,18.60488773
SierraRetinY4,12,2039,-5.848056,36.173056,4.081254754,19.15122425
SierraRetinY4,12,2040,-5.848056,36.173056,3.418053021,18.45493838
SierraRetinY4,12,2041,-5.848056,36.173056,84.77853609,17.06318202
SierraRetinY4,12,2042,-5.848056,36.173056,87.78684743,18.07395472
SierraRetinY4,12,2043,-5.848056,36.173056,8.764818541,18.25999677
SierraRetinY4,12,2044,-5.848056,36.173056,44.2382082,17.48557841
SierraRetinY4,12,2045,-5.848056,36.173056,92.4470941,19.53560988
SierraRetinY4,12,2046,-5.848056,36.173056,49.99752614,20.51666043
SierraRetinY4,12,2047,-5.848056,36.173056,41.55782713,19.52199116
SierraRetinY4,12,2048,-5.848056,36.173056,115.3176723,19.74551799
SierraRetinY4,12,2049,-5.848056,36.173056,142.192833,19.80631655
SierraRetinY4,12,2050,-5.848056,36.173056,84.87816635,18.30179036
SierraRetinY4,12,2051,-5.848056,36.173056,30.10622106,19.6236718
SierraRetinY4,12,2052,-5.848056,36.173056,9.017354874,19.42168681
SierraRetinY4,12,2053,-5.848056,36.173056,65.83229095,20.50772863
SierraRetinY4,12,2054,-5.848056,36.173056,36.82941218,19.09962394
SierraRetinY4,12,2055,-5.848056,36.173056,5.55130806,19.5267145
SierraRetinY4,12,2056,-5.848056,36.173056,182.5889833,20.08622538
SierraRetinY4,12,2057,-5.848056,36.173056,103.1785899,19.34593427
SierraRetinY4,12,2058,-5.848056,36.173056,82.98670051,19.69547277
SierraRetinY4,12,2059,-5.848056,36.173056,6.694562348,18.95515964
SierraRetinY4,12,2060,-5.848056,36.173056,58.66170531,18.79419387
SierraRetinY4,12,2061,-5.848056,36.173056,224.5061825,19.34516149
SierraRetinY4,12,2062,-5.848056,36.173056,46.03448766,20.19867711
SierraRetinY4,12,2063,-5.848056,36.173056,81.24076892,19.45417914
SierraRetinY4,12,2064,-5.848056,36.173056,10.20374001,18.2947286
SierraRetinY4,12,2065,-5.848056,36.173056,153.4367713,19.11852712
SierraRetinY4,12,2066,-5.848056,36.173056,15.66941831,18.39460882
SierraRetinY4,12,2067,-5.848056,36.173056,92.34254602,18.33037228
SierraRetinY4,12,2068,-5.848056,36.173056,0.771912586,18.34416097
SierraRetinY4,12,2069,-5.848056,36.173056,31.98197157,18.23206826
SierraRetinY4,12,2070,-5.848056,36.173056,182.978268,19.11218669
SierraRetinY4,12,2071,-5.848056,36.173056,0.598741935,17.81243581
SierraRetinY4,12,2072,-5.848056,36.173056,68.99446045,19.01409912
SierraRetinY4,12,2073,-5.848056,36.173056,46.44051944,18.36245413
SierraRetinY4,12,2074,-5.848056,36.173056,140.547487,19.49870822
SierraRetinY4,12,2075,-5.848056,36.173056,339.453947,20.29540405
SierraRetinY4,12,2076,-5.848056,36.173056,41.3703712,18.8488505
SierraRetinY4,12,2077,-5.848056,36.173056,56.3886319,17.66131375
SierraRetinY4,12,2078,-5.848056,36.173056,142.2315459,18.4651507
SierraRetinY4,12,2079,-5.848056,36.173056,43.8993805,19.53285247
SierraRetinY4,12,2080,-5.848056,36.173056,43.10592649,18.37794358
SierraRetinY4,12,2081,-5.848056,36.173056,49.05678633,20.32027686
SierraRetinY4,12,2082,-5.848056,36.173056,18.89325476,19.07063717
SierraRetinY4,12,2083,-5.848056,36.173056,180.1018209,19.13486486
SierraRetinY4,12,2084,-5.848056,36.173056,79.05610578,19.48726196
SierraRetinY4,12,2085,-5.848056,36.173056,49.43483814,18.63888235
SierraRetinY4,12,2086,-5.848056,36.173056,22.03036844,19.54597404
SierraRetinY4,12,2087,-5.848056,36.173056,88.98487414,19.35622559
SierraRetinY4,12,2088,-5.848056,36.173056,44.01820537,18.47909648
SierraRetinY4,12,2089,-5.848056,36.173056,26.04639272,18.85792866
SierraRetinY4,12,2090,-5.848056,36.173056,91.13055489,19.08733114
SierraRetinY4,12,2091,-5.848056,36.173056,49.34382762,19.14106682
SierraRetinY4,12,2092,-5.848056,36.173056,98.61122575,18.71495768
SierraRetinY4,12,2093,-5.848056,36.173056,88.39129553,19.96748972
SierraRetinY4,12,2094,-5.848056,36.173056,222.6573083,18.75136522
SierraRetinY4,12,2095,-5.848056,36.173056,2.100476936,20.77070253
SierraRetinY4,12,2096,-5.848056,36.173056,107.1430976,19.0635966
SierraRetinY4,12,2097,-5.848056,36.173056,109.393191,18.77536089
SierraRetinY4,12,2098,-5.848056,36.173056,58.91395738,20.22148753
SierraRetinY4,12,2099,-5.848056,36.173056,15.7807108,19.83729681
SierraRetinY4,12,2100,-5.848056,36.173056,11.53274239,19.72041423
SierraRetinY4,2,2015,-5.848056,36.173056,41.82114967,18.37600534
SierraRetinY4,2,2016,-5.848056,36.173056,44.68002479,18.36256903
SierraRetinY4,2,2017,-5.848056,36.173056,156.3156813,17.43622088
SierraRetinY4,2,2018,-5.848056,36.173056,79.41274986,18.64613168
SierraRetinY4,2,2019,-5.848056,36.173056,172.67723,17.06566445
SierraRetinY4,2,2020,-5.848056,36.173056,132.9694783,17.33050453
SierraRetinY4,2,2021,-5.848056,36.173056,5.96295239,18.79120353
SierraRetinY4,2,2022,-5.848056,36.173056,156.9843608,18.83156847
SierraRetinY4,2,2023,-5.848056,36.173056,72.32687206,17.9284923
SierraRetinY4,2,2024,-5.848056,36.173056,92.14339386,17.92166159
SierraRetinY4,2,2025,-5.848056,36.173056,45.43939096,16.63152139
SierraRetinY4,2,2026,-5.848056,36.173056,41.68123792,16.04731794
SierraRetinY4,2,2027,-5.848056,36.173056,20.7737923,19.68266885
SierraRetinY4,2,2028,-5.848056,36.173056,141.1999022,16.32590585
SierraRetinY4,2,2029,-5.848056,36.173056,23.96560834,17.98272858
SierraRetinY4,2,2030,-5.848056,36.173056,147.8795063,18.92633645
SierraRetinY4,2,2031,-5.848056,36.173056,6.554323695,16.98163975
SierraRetinY4,2,2032,-5.848056,36.173056,5.784563942,18.19536112
SierraRetinY4,2,2033,-5.848056,36.173056,158.4606882,17.67825252
SierraRetinY4,2,2034,-5.848056,36.173056,11.60643589,18.7376103
SierraRetinY4,2,2035,-5.848056,36.173056,48.87066276,18.06480451
SierraRetinY4,2,2036,-5.848056,36.173056,19.14499741,18.73732279
SierraRetinY4,2,2037,-5.848056,36.173056,18.46484772,18.92856533
SierraRetinY4,2,2038,-5.848056,36.173056,96.65619484,18.52745754
SierraRetinY4,2,2039,-5.848056,36.173056,19.41247105,17.70968236
SierraRetinY4,2,2040,-5.848056,36.173056,47.01634794,17.51286811
SierraRetinY4,2,2041,-5.848056,36.173056,0.250334718,18.4730545
SierraRetinY4,2,2042,-5.848056,36.173056,36.97037306,19.40151803
SierraRetinY4,2,2043,-5.848056,36.173056,207.3000436,18.19077454
SierraRetinY4,2,2044,-5.848056,36.173056,21.61429696,17.48838143
SierraRetinY4,2,2045,-5.848056,36.173056,43.34353411,17.72218911
SierraRetinY4,2,2046,-5.848056,36.173056,27.37099114,18.2781104
SierraRetinY4,2,2047,-5.848056,36.173056,41.32893748,18.44318651
SierraRetinY4,2,2048,-5.848056,36.173056,61.15752786,19.10155745
SierraRetinY4,2,2049,-5.848056,36.173056,10.61007538,19.00258244
SierraRetinY4,2,2050,-5.848056,36.173056,16.57943332,18.62817535
SierraRetinY4,2,2051,-5.848056,36.173056,2.177536651,18.71147853
SierraRetinY4,2,2052,-5.848056,36.173056,88.57406779,17.72298689
SierraRetinY4,2,2053,-5.848056,36.173056,25.50072538,19.0628394
SierraRetinY4,2,2054,-5.848056,36.173056,19.5439608,18.39208374
SierraRetinY4,2,2055,-5.848056,36.173056,17.62126235,17.51295079
SierraRetinY4,2,2056,-5.848056,36.173056,135.1117894,18.41222218
SierraRetinY4,2,2057,-5.848056,36.173056,30.83090476,19.62505493
SierraRetinY4,2,2058,-5.848056,36.173056,26.71078562,19.01672189
SierraRetinY4,2,2059,-5.848056,36.173056,60.48361283,18.10034659
SierraRetinY4,2,2060,-5.848056,36.173056,19.6105859,19.61979749
SierraRetinY4,2,2061,-5.848056,36.173056,107.0580186,17.73142831
SierraRetinY4,2,2062,-5.848056,36.173056,101.7526854,19.27267827
SierraRetinY4,2,2063,-5.848056,36.173056,83.51749872,18.86891327
SierraRetinY4,2,2064,-5.848056,36.173056,43.0798635,17.84486463
SierraRetinY4,2,2065,-5.848056,36.173056,31.90784798,17.73573238
SierraRetinY4,2,2066,-5.848056,36.173056,37.20870065,17.1947658
SierraRetinY4,2,2067,-5.848056,36.173056,6.904859111,18.64173388
SierraRetinY4,2,2068,-5.848056,36.173056,46.57486483,16.83096755
SierraRetinY4,2,2069,-5.848056,36.173056,160.2260463,17.85977761
SierraRetinY4,2,2070,-5.848056,36.173056,24.56506934,18.60502123
SierraRetinY4,2,2071,-5.848056,36.173056,8.123222408,18.32528839
SierraRetinY4,2,2072,-5.848056,36.173056,83.53666003,18.73433101
SierraRetinY4,2,2073,-5.848056,36.173056,32.20089236,19.18651297
SierraRetinY4,2,2074,-5.848056,36.173056,7.645727885,18.72742942
SierraRetinY4,2,2075,-5.848056,36.173056,40.22182219,19.29009617
SierraRetinY4,2,2076,-5.848056,36.173056,51.37086961,17.76765831
SierraRetinY4,2,2077,-5.848056,36.173056,2.922053619,17.61207297
SierraRetinY4,2,2078,-5.848056,36.173056,39.44634968,19.55238822
SierraRetinY4,2,2079,-5.848056,36.173056,30.34820185,18.24019448
SierraRetinY4,2,2080,-5.848056,36.173056,71.68950236,19.64288246
SierraRetinY4,2,2081,-5.848056,36.173056,6.325946073,19.35323922
SierraRetinY4,2,2082,-5.848056,36.173056,10.58602153,19.27826734
SierraRetinY4,2,2083,-5.848056,36.173056,35.53987682,17.50445491
SierraRetinY4,2,2084,-5.848056,36.173056,42.81699311,19.21235204
SierraRetinY4,2,2085,-5.848056,36.173056,22.13492805,17.53127114
SierraRetinY4,2,2086,-5.848056,36.173056,4.900074415,18.9199561
SierraRetinY4,2,2087,-5.848056,36.173056,55.68478612,18.34359458
SierraRetinY4,2,2088,-5.848056,36.173056,15.46242068,19.73534651
SierraRetinY4,2,2089,-5.848056,36.173056,104.392899,19.04001988
SierraRetinY4,2,2090,-5.848056,36.173056,0.802984507,18.39204123
SierraRetinY4,2,2091,-5.848056,36.173056,37.30183271,18.59346052
SierraRetinY4,2,2092,-5.848056,36.173056,81.58924251,18.96016635
SierraRetinY4,2,2093,-5.848056,36.173056,67.2082657,18.2105957
SierraRetinY4,2,2094,-5.848056,36.173056,36.03967103,19.01540091
SierraRetinY4,2,2095,-5.848056,36.173056,13.80054032,18.38048379
SierraRetinY4,2,2096,-5.848056,36.173056,46.00202537,19.23018588
SierraRetinY4,2,2097,-5.848056,36.173056,8.91397373,17.98774872
SierraRetinY4,2,2098,-5.848056,36.173056,69.089009,17.88892299
SierraRetinY4,2,2099,-5.848056,36.173056,79.44200644,17.08939296
SierraRetinY4,2,2100,-5.848056,36.173056,175.777249,18.92764435
SierraRetinY4,3,2015,-5.848056,36.173056,74.20685184,18.8308517
SierraRetinY4,3,2016,-5.848056,36.173056,11.32096212,19.25246877
SierraRetinY4,3,2017,-5.848056,36.173056,9.184962248,18.93706665
SierraRetinY4,3,2018,-5.848056,36.173056,65.79986847,19.17202345
SierraRetinY4,3,2019,-5.848056,36.173056,29.88988647,19.0017777
SierraRetinY4,3,2020,-5.848056,36.173056,45.74539551,18.84018023
SierraRetinY4,3,2021,-5.848056,36.173056,5.034363812,20.5475836
SierraRetinY4,3,2022,-5.848056,36.173056,52.54381091,19.73635549
SierraRetinY4,3,2023,-5.848056,36.173056,5.101987935,18.53276387
SierraRetinY4,3,2024,-5.848056,36.173056,3.816614441,17.95560854
SierraRetinY4,3,2025,-5.848056,36.173056,62.29585121,17.66022398
SierraRetinY4,3,2026,-5.848056,36.173056,9.623447147,18.38818635
SierraRetinY4,3,2027,-5.848056,36.173056,1.521211397,19.55477295
SierraRetinY4,3,2028,-5.848056,36.173056,16.69394926,19.21264924
SierraRetinY4,3,2029,-5.848056,36.173056,27.99959444,18.46108792
SierraRetinY4,3,2030,-5.848056,36.173056,18.15520127,20.29907404
SierraRetinY4,3,2031,-5.848056,36.173056,14.15723536,19.19224775
SierraRetinY4,3,2032,-5.848056,36.173056,4.904204851,20.46587721
SierraRetinY4,3,2033,-5.848056,36.173056,6.031911014,19.96486029
SierraRetinY4,3,2034,-5.848056,36.173056,18.28684818,19.53394618
SierraRetinY4,3,2035,-5.848056,36.173056,140.7918908,18.22870346
SierraRetinY4,3,2036,-5.848056,36.173056,14.93748358,19.60977744
SierraRetinY4,3,2037,-5.848056,36.173056,3.619766137,20.15192221
SierraRetinY4,3,2038,-5.848056,36.173056,48.87199321,19.07085473
SierraRetinY4,3,2039,-5.848056,36.173056,40.13720962,20.03392846
SierraRetinY4,3,2040,-5.848056,36.173056,14.93981015,20.59014774
SierraRetinY4,3,2041,-5.848056,36.173056,47.15252239,18.64291362
SierraRetinY4,3,2042,-5.848056,36.173056,44.20339634,17.70946163
SierraRetinY4,3,2043,-5.848056,36.173056,11.7185509,19.21229189
SierraRetinY4,3,2044,-5.848056,36.173056,49.12101967,18.16957811
SierraRetinY4,3,2045,-5.848056,36.173056,23.01378676,19.39246964
SierraRetinY4,3,2046,-5.848056,36.173056,71.80480919,19.83377351
SierraRetinY4,3,2047,-5.848056,36.173056,32.3160577,19.61182212
SierraRetinY4,3,2048,-5.848056,36.173056,7.004737372,20.52963631
SierraRetinY4,3,2049,-5.848056,36.173056,18.42156342,19.89672044
SierraRetinY4,3,2050,-5.848056,36.173056,5.577417177,20.54066005
SierraRetinY4,3,2051,-5.848056,36.173056,28.89918853,19.74123732
SierraRetinY4,3,2052,-5.848056,36.173056,82.5634129,20.36247677
SierraRetinY4,3,2053,-5.848056,36.173056,20.05299771,18.63956949
SierraRetinY4,3,2054,-5.848056,36.173056,78.98172275,18.85014373
SierraRetinY4,3,2055,-5.848056,36.173056,87.84846465,18.24205244
SierraRetinY4,3,2056,-5.848056,36.173056,16.79807881,19.20216104
SierraRetinY4,3,2057,-5.848056,36.173056,8.310010355,20.49942391
SierraRetinY4,3,2058,-5.848056,36.173056,60.55410289,19.27320399
SierraRetinY4,3,2059,-5.848056,36.173056,63.253856,19.56600736
SierraRetinY4,3,2060,-5.848056,36.173056,73.02573453,20.3444586
SierraRetinY4,3,2061,-5.848056,36.173056,46.5044407,18.30145835
SierraRetinY4,3,2062,-5.848056,36.173056,10.08466346,19.67164149
SierraRetinY4,3,2063,-5.848056,36.173056,0.738705131,20.04425423
SierraRetinY4,3,2064,-5.848056,36.173056,14.07210546,19.7727984
SierraRetinY4,3,2065,-5.848056,36.173056,23.30255353,18.57512522
SierraRetinY4,3,2066,-5.848056,36.173056,2.589890327,19.7219443
SierraRetinY4,3,2067,-5.848056,36.173056,18.00665885,20.52459697
SierraRetinY4,3,2068,-5.848056,36.173056,69.37271671,19.37332626
SierraRetinY4,3,2069,-5.848056,36.173056,108.5097197,17.99828983
SierraRetinY4,3,2070,-5.848056,36.173056,0.531333781,20.33728992
SierraRetinY4,3,2071,-5.848056,36.173056,5.966062713,19.30441166
SierraRetinY4,3,2072,-5.848056,36.173056,12.26667744,19.97301144
SierraRetinY4,3,2073,-5.848056,36.173056,78.8884865,19.45632718
SierraRetinY4,3,2074,-5.848056,36.173056,3.31746308,20.4743168
SierraRetinY4,3,2075,-5.848056,36.173056,21.50002397,19.79245763
SierraRetinY4,3,2076,-5.848056,36.173056,76.17159021,20.39054408
SierraRetinY4,3,2077,-5.848056,36.173056,1.818957964,20.97108391
SierraRetinY4,3,2078,-5.848056,36.173056,49.44039616,19.45289248
SierraRetinY4,3,2079,-5.848056,36.173056,5.241114117,19.68715131
SierraRetinY4,3,2080,-5.848056,36.173056,20.32141181,19.25260659
SierraRetinY4,3,2081,-5.848056,36.173056,12.62075775,18.69885333
SierraRetinY4,3,2082,-5.848056,36.173056,67.7231784,18.96340037
SierraRetinY4,3,2083,-5.848056,36.173056,15.04816825,17.58917807
SierraRetinY4,3,2084,-5.848056,36.173056,71.57660439,19.9353872
SierraRetinY4,3,2085,-5.848056,36.173056,2.518196295,21.0693318
SierraRetinY4,3,2086,-5.848056,36.173056,40.32805658,17.91305916
SierraRetinY4,3,2087,-5.848056,36.173056,2.267320928,21.18904931
SierraRetinY4,3,2088,-5.848056,36.173056,8.691996044,21.05503776
SierraRetinY4,3,2089,-5.848056,36.173056,106.9577941,19.85433153
SierraRetinY4,3,2090,-5.848056,36.173056,5.891133432,21.51035412
SierraRetinY4,3,2091,-5.848056,36.173056,7.361666474,21.45400292
SierraRetinY4,3,2092,-5.848056,36.173056,21.42081107,20.34760289
SierraRetinY4,3,2093,-5.848056,36.173056,40.02862553,18.83291705
SierraRetinY4,3,2094,-5.848056,36.173056,19.60892455,19.39072029
SierraRetinY4,3,2095,-5.848056,36.173056,20.98598496,19.0439461
SierraRetinY4,3,2096,-5.848056,36.173056,75.67153306,19.38814796
SierraRetinY4,3,2097,-5.848056,36.173056,23.64008112,18.83209898
SierraRetinY4,3,2098,-5.848056,36.173056,19.95022227,19.77625575
SierraRetinY4,3,2099,-5.848056,36.173056,145.7085754,18.99105421
SierraRetinY4,3,2100,-5.848056,36.173056,8.410061209,19.30797729
SierraRetinY4,4,2015,-5.848056,36.173056,10.67638287,21.12623698
SierraRetinY4,4,2016,-5.848056,36.173056,1.584460895,21.04933879
SierraRetinY4,4,2017,-5.848056,36.173056,37.80388544,19.81787008
SierraRetinY4,4,2018,-5.848056,36.173056,9.216589581,20.14411926
SierraRetinY4,4,2019,-5.848056,36.173056,11.59211753,20.33976339
SierraRetinY4,4,2020,-5.848056,36.173056,12.88336698,21.13977051
SierraRetinY4,4,2021,-5.848056,36.173056,10.07354516,20.32275798
SierraRetinY4,4,2022,-5.848056,36.173056,25.55381517,20.59703064
SierraRetinY4,4,2023,-5.848056,36.173056,14.82569,21.07220764
SierraRetinY4,4,2024,-5.848056,36.173056,2.909946653,19.9987498
SierraRetinY4,4,2025,-5.848056,36.173056,19.75810952,19.14472555
SierraRetinY4,4,2026,-5.848056,36.173056,2.722560437,19.59160767
SierraRetinY4,4,2027,-5.848056,36.173056,36.70088353,20.68689168
SierraRetinY4,4,2028,-5.848056,36.173056,6.498881448,20.84480693
SierraRetinY4,4,2029,-5.848056,36.173056,44.33135266,19.32819621
SierraRetinY4,4,2030,-5.848056,36.173056,91.04549938,19.84445597
SierraRetinY4,4,2031,-5.848056,36.173056,19.14774809,20.96447449
SierraRetinY4,4,2032,-5.848056,36.173056,32.87367952,19.75101725
SierraRetinY4,4,2033,-5.848056,36.173056,7.776304581,22.38696187
SierraRetinY4,4,2034,-5.848056,36.173056,89.59012839,20.56028748
SierraRetinY4,4,2035,-5.848056,36.173056,41.95954185,20.52013143
SierraRetinY4,4,2036,-5.848056,36.173056,22.1156462,21.18709615
SierraRetinY4,4,2037,-5.848056,36.173056,1.216886017,22.83715312
SierraRetinY4,4,2038,-5.848056,36.173056,40.71606556,19.03232524
SierraRetinY4,4,2039,-5.848056,36.173056,14.87928428,22.2487498
SierraRetinY4,4,2040,-5.848056,36.173056,27.52909963,21.36758219
SierraRetinY4,4,2041,-5.848056,36.173056,18.13133748,20.66074626
SierraRetinY4,4,2042,-5.848056,36.173056,4.317293093,20.73244425
SierraRetinY4,4,2043,-5.848056,36.173056,22.40750805,19.36189168
SierraRetinY4,4,2044,-5.848056,36.173056,21.88931699,20.27235514
SierraRetinY4,4,2045,-5.848056,36.173056,30.50973884,20.46107483
SierraRetinY4,4,2046,-5.848056,36.173056,34.06045146,19.9101237
SierraRetinY4,4,2047,-5.848056,36.173056,13.88863525,20.41307576
SierraRetinY4,4,2048,-5.848056,36.173056,37.64080917,20.55793762
SierraRetinY4,4,2049,-5.848056,36.173056,1.979437681,21.65305074
SierraRetinY4,4,2050,-5.848056,36.173056,29.57996207,20.78478699
SierraRetinY4,4,2051,-5.848056,36.173056,10.31257716,21.21235453
SierraRetinY4,4,2052,-5.848056,36.173056,21.30963629,20.80608317
SierraRetinY4,4,2053,-5.848056,36.173056,23.63619946,21.853066
SierraRetinY4,4,2054,-5.848056,36.173056,43.6429438,21.73808492
SierraRetinY4,4,2055,-5.848056,36.173056,22.21977623,20.25409749
SierraRetinY4,4,2056,-5.848056,36.173056,72.13058428,21.3395518
SierraRetinY4,4,2057,-5.848056,36.173056,38.84411474,21.59912821
SierraRetinY4,4,2058,-5.848056,36.173056,8.846961813,22.1385081
SierraRetinY4,4,2059,-5.848056,36.173056,7.045663615,21.14902751
SierraRetinY4,4,2060,-5.848056,36.173056,60.00396843,19.84313253
SierraRetinY4,4,2061,-5.848056,36.173056,36.20327443,20.91103414
SierraRetinY4,4,2062,-5.848056,36.173056,5.994525473,20.94582011
SierraRetinY4,4,2063,-5.848056,36.173056,21.63423323,20.85545553
SierraRetinY4,4,2064,-5.848056,36.173056,0.020912067,22.56630249
SierraRetinY4,4,2065,-5.848056,36.173056,9.621166142,20.37371419
SierraRetinY4,4,2066,-5.848056,36.173056,5.276883295,21.59620361
SierraRetinY4,4,2067,-5.848056,36.173056,43.1309814,21.10457255
SierraRetinY4,4,2068,-5.848056,36.173056,5.973807959,20.13964742
SierraRetinY4,4,2069,-5.848056,36.173056,0.668456664,21.81633504
SierraRetinY4,4,2070,-5.848056,36.173056,10.5549168,21.6108846
SierraRetinY4,4,2071,-5.848056,36.173056,2.158402944,21.82460531
SierraRetinY4,4,2072,-5.848056,36.173056,6.322821151,20.41801656
SierraRetinY4,4,2073,-5.848056,36.173056,37.41647114,18.75504456
SierraRetinY4,4,2074,-5.848056,36.173056,7.430704913,22.79830729
SierraRetinY4,4,2075,-5.848056,36.173056,5.578122162,22.33265788
SierraRetinY4,4,2076,-5.848056,36.173056,2.178396288,23.05609131
SierraRetinY4,4,2077,-5.848056,36.173056,16.06805854,20.40619202
SierraRetinY4,4,2078,-5.848056,36.173056,5.50790577,20.02064921
SierraRetinY4,4,2079,-5.848056,36.173056,9.72344613,22.32193909
SierraRetinY4,4,2080,-5.848056,36.173056,7.118482799,21.09522705
SierraRetinY4,4,2081,-5.848056,36.173056,2.410498483,22.30288391
SierraRetinY4,4,2082,-5.848056,36.173056,1.040689302,21.65749512
SierraRetinY4,4,2083,-5.848056,36.173056,11.58938126,19.99726257
SierraRetinY4,4,2084,-5.848056,36.173056,6.513694471,22.37523092
SierraRetinY4,4,2085,-5.848056,36.173056,8.899806446,21.37431335
SierraRetinY4,4,2086,-5.848056,36.173056,1.744852238,21.56924845
SierraRetinY4,4,2087,-5.848056,36.173056,3.893647659,22.57929484
SierraRetinY4,4,2088,-5.848056,36.173056,0.850635797,21.75294291
SierraRetinY4,4,2089,-5.848056,36.173056,3.855302625,21.21770325
SierraRetinY4,4,2090,-5.848056,36.173056,8.428173084,21.88203532
SierraRetinY4,4,2091,-5.848056,36.173056,15.92107241,21.54178467
SierraRetinY4,4,2092,-5.848056,36.173056,48.48522992,21.36782735
SierraRetinY4,4,2093,-5.848056,36.173056,18.8591037,20.80455831
SierraRetinY4,4,2094,-5.848056,36.173056,5.043698104,19.88396403
SierraRetinY4,4,2095,-5.848056,36.173056,63.39045148,20.44449768
SierraRetinY4,4,2096,-5.848056,36.173056,30.10288319,19.48202108
SierraRetinY4,4,2097,-5.848056,36.173056,64.54226156,20.14651489
SierraRetinY4,4,2098,-5.848056,36.173056,9.867827357,22.06889547
SierraRetinY4,4,2099,-5.848056,36.173056,10.66608894,21.86751404
SierraRetinY4,4,2100,-5.848056,36.173056,51.3356164,21.30665181
SierraRetinY4,5,2015,-5.848056,36.173056,37.10353703,22.94346451
SierraRetinY4,5,2016,-5.848056,36.173056,52.66466024,19.97607698
SierraRetinY4,5,2017,-5.848056,36.173056,0.494441427,22.71953243
SierraRetinY4,5,2018,-5.848056,36.173056,8.077228316,21.81867321
SierraRetinY4,5,2019,-5.848056,36.173056,0.276097909,22.92220754
SierraRetinY4,5,2020,-5.848056,36.173056,12.34515445,21.53956338
SierraRetinY4,5,2021,-5.848056,36.173056,17.39239704,21.67542666
SierraRetinY4,5,2022,-5.848056,36.173056,33.36412712,21.69330011
SierraRetinY4,5,2023,-5.848056,36.173056,21.05974173,23.14796674
SierraRetinY4,5,2024,-5.848056,36.173056,13.30567151,21.9690855
SierraRetinY4,5,2025,-5.848056,36.173056,26.3436063,19.58141086
SierraRetinY4,5,2026,-5.848056,36.173056,6.100500668,21.38260557
SierraRetinY4,5,2027,-5.848056,36.173056,4.501893661,21.99690079
SierraRetinY4,5,2028,-5.848056,36.173056,10.20890787,21.23529328
SierraRetinY4,5,2029,-5.848056,36.173056,8.08521834,22.52410672
SierraRetinY4,5,2030,-5.848056,36.173056,18.88633193,22.53110804
SierraRetinY4,5,2031,-5.848056,36.173056,97.54416313,22.0749116
SierraRetinY4,5,2032,-5.848056,36.173056,4.32412124,23.37562492
SierraRetinY4,5,2033,-5.848056,36.173056,13.54420636,22.50346502
SierraRetinY4,5,2034,-5.848056,36.173056,36.64865926,21.64634931
SierraRetinY4,5,2035,-5.848056,36.173056,53.82794688,19.13140948
SierraRetinY4,5,2036,-5.848056,36.173056,6.903368859,22.45989281
SierraRetinY4,5,2037,-5.848056,36.173056,4.688164946,22.80930826
SierraRetinY4,5,2038,-5.848056,36.173056,13.37099076,21.50601767
SierraRetinY4,5,2039,-5.848056,36.173056,0.485929014,23.70333055
SierraRetinY4,5,2040,-5.848056,36.173056,26.17632193,19.93542658
SierraRetinY4,5,2041,-5.848056,36.173056,4.84617277,21.54315855
SierraRetinY4,5,2042,-5.848056,36.173056,25.45349405,22.47802026
SierraRetinY4,5,2043,-5.848056,36.173056,10.17653636,22.42703326
SierraRetinY4,5,2044,-5.848056,36.173056,4.486534845,21.44695927
SierraRetinY4,5,2045,-5.848056,36.173056,12.19850608,22.17272831
SierraRetinY4,5,2046,-5.848056,36.173056,18.77629352,22.70058495
SierraRetinY4,5,2047,-5.848056,36.173056,6.933513668,22.04544245
SierraRetinY4,5,2048,-5.848056,36.173056,10.04348477,21.43024056
SierraRetinY4,5,2049,-5.848056,36.173056,2.495595056,23.45917024
SierraRetinY4,5,2050,-5.848056,36.173056,7.440058557,23.08829503
SierraRetinY4,5,2051,-5.848056,36.173056,9.23760733,23.28760435
SierraRetinY4,5,2052,-5.848056,36.173056,1.663597476,23.96537023
SierraRetinY4,5,2053,-5.848056,36.173056,26.8797383,23.6743861
SierraRetinY4,5,2054,-5.848056,36.173056,32.08147581,22.80759435
SierraRetinY4,5,2055,-5.848056,36.173056,1.314877832,21.91931526
SierraRetinY4,5,2056,-5.848056,36.173056,13.78302338,22.28879158
SierraRetinY4,5,2057,-5.848056,36.173056,12.70113736,21.84449699
SierraRetinY4,5,2058,-5.848056,36.173056,28.4164724,23.0531506
SierraRetinY4,5,2059,-5.848056,36.173056,5.397987299,23.80001516
SierraRetinY4,5,2060,-5.848056,36.173056,30.06726337,22.46803412
SierraRetinY4,5,2061,-5.848056,36.173056,2.344915784,22.82770051
SierraRetinY4,5,2062,-5.848056,36.173056,17.44289359,22.19528966
SierraRetinY4,5,2063,-5.848056,36.173056,2.265132404,22.46147678
SierraRetinY4,5,2064,-5.848056,36.173056,18.38609178,24.02326896
SierraRetinY4,5,2065,-5.848056,36.173056,6.380711941,22.30527895
SierraRetinY4,5,2066,-5.848056,36.173056,2.607524588,20.92097995
SierraRetinY4,5,2067,-5.848056,36.173056,2.853773732,23.36666063
SierraRetinY4,5,2068,-5.848056,36.173056,23.57560945,21.54578306
SierraRetinY4,5,2069,-5.848056,36.173056,0.797237176,24.30689048
SierraRetinY4,5,2070,-5.848056,36.173056,2.367694534,23.54999449
SierraRetinY4,5,2071,-5.848056,36.173056,9.671447229,23.31756671
SierraRetinY4,5,2072,-5.848056,36.173056,58.54275454,20.49748555
SierraRetinY4,5,2073,-5.848056,36.173056,3.95786808,23.74288822
SierraRetinY4,5,2074,-5.848056,36.173056,9.943351806,22.3339704
SierraRetinY4,5,2075,-5.848056,36.173056,35.67451757,23.12580015
SierraRetinY4,5,2076,-5.848056,36.173056,11.11695754,25.24355173
SierraRetinY4,5,2077,-5.848056,36.173056,9.73999306,22.62155525
SierraRetinY4,5,2078,-5.848056,36.173056,74.01058103,20.24768047
SierraRetinY4,5,2079,-5.848056,36.173056,1.958215792,24.32604075
SierraRetinY4,5,2080,-5.848056,36.173056,73.16692071,21.74213808
SierraRetinY4,5,2081,-5.848056,36.173056,3.254647402,23.83934641
SierraRetinY4,5,2082,-5.848056,36.173056,24.41794111,22.64205519
SierraRetinY4,5,2083,-5.848056,36.173056,0.441434816,24.14290082
SierraRetinY4,5,2084,-5.848056,36.173056,40.49294653,21.82944198
SierraRetinY4,5,2085,-5.848056,36.173056,3.731917391,22.82740616
SierraRetinY4,5,2086,-5.848056,36.173056,7.902178152,22.98795225
SierraRetinY4,5,2087,-5.848056,36.173056,1.842866564,24.38737124
SierraRetinY4,5,2088,-5.848056,36.173056,7.133939795,24.86716663
SierraRetinY4,5,2089,-5.848056,36.173056,15.89273349,23.8382842
SierraRetinY4,5,2090,-5.848056,36.173056,32.44331281,22.95108013
SierraRetinY4,5,2091,-5.848056,36.173056,1.335829986,22.39509317
SierraRetinY4,5,2092,-5.848056,36.173056,7.922527324,23.19247909
SierraRetinY4,5,2093,-5.848056,36.173056,19.58589788,23.29491183
SierraRetinY4,5,2094,-5.848056,36.173056,3.242814603,22.58016948
SierraRetinY4,5,2095,-5.848056,36.173056,1.889537123,23.62939827
SierraRetinY4,5,2096,-5.848056,36.173056,2.38974993,22.37526954
SierraRetinY4,5,2097,-5.848056,36.173056,1.41521282,22.30567273
SierraRetinY4,5,2098,-5.848056,36.173056,17.24263104,22.04525343
SierraRetinY4,5,2099,-5.848056,36.173056,10.13229326,26.01182192
SierraRetinY4,5,2100,-5.848056,36.173056,64.39699616,20.17481138
SierraRetinY4,6,2015,-5.848056,36.173056,2.386556439,24.38606771
SierraRetinY4,6,2016,-5.848056,36.173056,9.5980811,24.36053162
SierraRetinY4,6,2017,-5.848056,36.173056,9.896865135,23.55810445
SierraRetinY4,6,2018,-5.848056,36.173056,0.005384207,24.37198486
SierraRetinY4,6,2019,-5.848056,36.173056,3.09715182,25.01913147
SierraRetinY4,6,2020,-5.848056,36.173056,0.786798349,24.91200562
SierraRetinY4,6,2021,-5.848056,36.173056,0.649813957,25.18579203
SierraRetinY4,6,2022,-5.848056,36.173056,6.370471806,26.2209788
SierraRetinY4,6,2023,-5.848056,36.173056,16.31564055,24.65616455
SierraRetinY4,6,2024,-5.848056,36.173056,0.16666305,25.73194784
SierraRetinY4,6,2025,-5.848056,36.173056,2.668705696,23.40130107
SierraRetinY4,6,2026,-5.848056,36.173056,10.05820931,26.11006673
SierraRetinY4,6,2027,-5.848056,36.173056,0.681491397,24.00135396
SierraRetinY4,6,2028,-5.848056,36.173056,10.87258337,24.42867432
SierraRetinY4,6,2029,-5.848056,36.173056,3.777336083,23.52245076
SierraRetinY4,6,2030,-5.848056,36.173056,16.56937016,24.77409159
SierraRetinY4,6,2031,-5.848056,36.173056,3.312944161,27.2623586
SierraRetinY4,6,2032,-5.848056,36.173056,2.251485762,27.15068156
SierraRetinY4,6,2033,-5.848056,36.173056,1.968794211,25.09421794
SierraRetinY4,6,2034,-5.848056,36.173056,2.242798987,24.75919698
SierraRetinY4,6,2035,-5.848056,36.173056,13.71319831,24.08741353
SierraRetinY4,6,2036,-5.848056,36.173056,1.192166871,24.85311381
SierraRetinY4,6,2037,-5.848056,36.173056,20.03354741,25.2783193
SierraRetinY4,6,2038,-5.848056,36.173056,10.67426616,24.14497375
SierraRetinY4,6,2039,-5.848056,36.173056,3.388225964,27.44824422
SierraRetinY4,6,2040,-5.848056,36.173056,3.784670204,24.17464498
SierraRetinY4,6,2041,-5.848056,36.173056,2.536012331,24.837854
SierraRetinY4,6,2042,-5.848056,36.173056,1.15569607,24.86572876
SierraRetinY4,6,2043,-5.848056,36.173056,0.591163621,26.5739563
SierraRetinY4,6,2044,-5.848056,36.173056,1.858234256,25.63618469
SierraRetinY4,6,2045,-5.848056,36.173056,25.04882212,24.69551493
SierraRetinY4,6,2046,-5.848056,36.173056,1.657897294,24.7845815
SierraRetinY4,6,2047,-5.848056,36.173056,12.62374299,26.46273193
SierraRetinY4,6,2048,-5.848056,36.173056,2.866077442,26.74478048
SierraRetinY4,6,2049,-5.848056,36.173056,11.66634076,26.82177429
SierraRetinY4,6,2050,-5.848056,36.173056,14.24349324,25.45560811
SierraRetinY4,6,2051,-5.848056,36.173056,2.99360942,24.44995626
SierraRetinY4,6,2052,-5.848056,36.173056,2.499148692,26.85981547
SierraRetinY4,6,2053,-5.848056,36.173056,1.050788301,25.49899699
SierraRetinY4,6,2054,-5.848056,36.173056,2.535739082,27.74797567
SierraRetinY4,6,2055,-5.848056,36.173056,2.162180494,25.96574809
SierraRetinY4,6,2056,-5.848056,36.173056,2.873819242,25.33465271
SierraRetinY4,6,2057,-5.848056,36.173056,0.477220522,26.37729289
SierraRetinY4,6,2058,-5.848056,36.173056,1.762015494,25.76585592
SierraRetinY4,6,2059,-5.848056,36.173056,0.862666919,25.69827983
SierraRetinY4,6,2060,-5.848056,36.173056,12.3898493,24.90838623
SierraRetinY4,6,2061,-5.848056,36.173056,10.12239847,28.37172546
SierraRetinY4,6,2062,-5.848056,36.173056,1.177279576,26.98676961
SierraRetinY4,6,2063,-5.848056,36.173056,0.80680905,26.57501526
SierraRetinY4,6,2064,-5.848056,36.173056,0.985338693,26.35435893
SierraRetinY4,6,2065,-5.848056,36.173056,0.323042912,26.7728007
SierraRetinY4,6,2066,-5.848056,36.173056,1.809514493,25.39113363
SierraRetinY4,6,2067,-5.848056,36.173056,2.838857377,28.52485352
SierraRetinY4,6,2068,-5.848056,36.173056,2.343033725,26.34004618
SierraRetinY4,6,2069,-5.848056,36.173056,19.34872891,27.23269348
SierraRetinY4,6,2070,-5.848056,36.173056,101.8890223,26.47226461
SierraRetinY4,6,2071,-5.848056,36.173056,0.155060868,26.1340922
SierraRetinY4,6,2072,-5.848056,36.173056,16.25763707,24.23524679
SierraRetinY4,6,2073,-5.848056,36.173056,11.68917835,25.14749146
SierraRetinY4,6,2074,-5.848056,36.173056,1.932863213,25.60352783
SierraRetinY4,6,2075,-5.848056,36.173056,5.529626796,25.86636759
SierraRetinY4,6,2076,-5.848056,36.173056,3.987541899,26.63648071
SierraRetinY4,6,2077,-5.848056,36.173056,0.031820101,27.20309448
SierraRetinY4,6,2078,-5.848056,36.173056,1.845044488,26.60203756
SierraRetinY4,6,2079,-5.848056,36.173056,2.329185972,25.79715474
SierraRetinY4,6,2080,-5.848056,36.173056,6.371713711,24.82960205
SierraRetinY4,6,2081,-5.848056,36.173056,9.780865343,28.51313477
SierraRetinY4,6,2082,-5.848056,36.173056,1.068479932,27.01133931
SierraRetinY4,6,2083,-5.848056,36.173056,2.432357433,27.46293335
SierraRetinY4,6,2084,-5.848056,36.173056,14.21004611,22.80892029
SierraRetinY4,6,2085,-5.848056,36.173056,0.160112953,26.60691732
SierraRetinY4,6,2086,-5.848056,36.173056,6.100316378,24.21611125
SierraRetinY4,6,2087,-5.848056,36.173056,9.741535944,30.17606506
SierraRetinY4,6,2088,-5.848056,36.173056,10.35299562,24.60228068
SierraRetinY4,6,2089,-5.848056,36.173056,0.461550053,25.20075887
SierraRetinY4,6,2090,-5.848056,36.173056,1.930289505,27.06762085
SierraRetinY4,6,2091,-5.848056,36.173056,1.306863377,25.61158346
SierraRetinY4,6,2092,-5.848056,36.173056,18.72567712,26.999941
SierraRetinY4,6,2093,-5.848056,36.173056,0.041956355,27.05195211
SierraRetinY4,6,2094,-5.848056,36.173056,2.970495257,25.30676778
SierraRetinY4,6,2095,-5.848056,36.173056,3.697247038,26.52075907
SierraRetinY4,6,2096,-5.848056,36.173056,0.899788851,25.57396342
SierraRetinY4,6,2097,-5.848056,36.173056,2.18291277315316e-05,26.7915446
SierraRetinY4,6,2098,-5.848056,36.173056,3.570880723,24.84163411
SierraRetinY4,6,2099,-5.848056,36.173056,6.729827572,26.91000875
SierraRetinY4,6,2100,-5.848056,36.173056,0.953795644,25.47911784
SierraRetinY4,7,2015,-5.848056,36.173056,1.561747536,27.30535869
SierraRetinY4,7,2016,-5.848056,36.173056,0.300975914,29.04582244
SierraRetinY4,7,2017,-5.848056,36.173056,0.003360225,28.25381942
SierraRetinY4,7,2018,-5.848056,36.173056,0.422734926,27.81874409
SierraRetinY4,7,2019,-5.848056,36.173056,0.261756045,28.93285424
SierraRetinY4,7,2020,-5.848056,36.173056,0.014459079,29.06964781
SierraRetinY4,7,2021,-5.848056,36.173056,2.862450196,28.04847451
SierraRetinY4,7,2022,-5.848056,36.173056,3.10218602190049e-06,28.87255643
SierraRetinY4,7,2023,-5.848056,36.173056,0.052562574,28.53130296
SierraRetinY4,7,2024,-5.848056,36.173056,0.004206734,28.4978744
SierraRetinY4,7,2025,-5.848056,36.173056,3.258256772,27.15881919
SierraRetinY4,7,2026,-5.848056,36.173056,20.99722829,27.91176955
SierraRetinY4,7,2027,-5.848056,36.173056,0.715858753,28.08624149
SierraRetinY4,7,2028,-5.848056,36.173056,2.245283699,29.06514794
SierraRetinY4,7,2029,-5.848056,36.173056,3.963127158,27.17677041
SierraRetinY4,7,2030,-5.848056,36.173056,1.782505645,26.3174722
SierraRetinY4,7,2031,-5.848056,36.173056,1.315918314,30.06223696
SierraRetinY4,7,2032,-5.848056,36.173056,1.00532654,27.819446
SierraRetinY4,7,2033,-5.848056,36.173056,3.866217339,28.3154226
SierraRetinY4,7,2034,-5.848056,36.173056,0.548774216,29.53201077
SierraRetinY4,7,2035,-5.848056,36.173056,0.042736029,28.16351299
SierraRetinY4,7,2036,-5.848056,36.173056,1.965926604,28.646432
SierraRetinY4,7,2037,-5.848056,36.173056,7.69646655,28.78755021
SierraRetinY4,7,2038,-5.848056,36.173056,0.228010329,27.67496397
SierraRetinY4,7,2039,-5.848056,36.173056,1.505786631,30.20287771
SierraRetinY4,7,2040,-5.848056,36.173056,1.046151871,29.62074309
SierraRetinY4,7,2041,-5.848056,36.173056,6.257905659,29.2916307
SierraRetinY4,7,2042,-5.848056,36.173056,1.896243293,29.47318076
SierraRetinY4,7,2043,-5.848056,36.173056,0.646684667,29.14074786
SierraRetinY4,7,2044,-5.848056,36.173056,1.41341341,29.42844002
SierraRetinY4,7,2045,-5.848056,36.173056,2.19319597267979e-08,29.06248011
SierraRetinY4,7,2046,-5.848056,36.173056,1.92595275,27.41701955
SierraRetinY4,7,2047,-5.848056,36.173056,1.811398354,29.67680684
SierraRetinY4,7,2048,-5.848056,36.173056,2.197463768,28.97865817
SierraRetinY4,7,2049,-5.848056,36.173056,0.036317649,29.67583028
SierraRetinY4,7,2050,-5.848056,36.173056,0.338770153,30.18029569
SierraRetinY4,7,2051,-5.848056,36.173056,1.17728226,29.03941867
SierraRetinY4,7,2052,-5.848056,36.173056,3.533192897,29.89242731
SierraRetinY4,7,2053,-5.848056,36.173056,0.239338684,28.55137959
SierraRetinY4,7,2054,-5.848056,36.173056,2.34338576,29.38482745
SierraRetinY4,7,2055,-5.848056,36.173056,2.48874796,27.38972306
SierraRetinY4,7,2056,-5.848056,36.173056,2.914455908,29.76984509
SierraRetinY4,7,2057,-5.848056,36.173056,0.267023484,31.17085985
SierraRetinY4,7,2058,-5.848056,36.173056,1.561756258,29.07820946
SierraRetinY4,7,2059,-5.848056,36.173056,0.246327009,29.51910479
SierraRetinY4,7,2060,-5.848056,36.173056,2.761913685,29.7221343
SierraRetinY4,7,2061,-5.848056,36.173056,0.507983679,31.17371275
SierraRetinY4,7,2062,-5.848056,36.173056,3.624390982,31.00408522
SierraRetinY4,7,2063,-5.848056,36.173056,0.9298508,29.8944139
SierraRetinY4,7,2064,-5.848056,36.173056,0.082728742,29.50707299
SierraRetinY4,7,2065,-5.848056,36.173056,2.935411703,28.85308031
SierraRetinY4,7,2066,-5.848056,36.173056,0.060002106,30.19459169
SierraRetinY4,7,2067,-5.848056,36.173056,0.001369567,30.07023256
SierraRetinY4,7,2068,-5.848056,36.173056,4.123628906,29.74612309
SierraRetinY4,7,2069,-5.848056,36.173056,4.96668160276824e-08,30.6215336
SierraRetinY4,7,2070,-5.848056,36.173056,6.775264131,30.45731162
SierraRetinY4,7,2071,-5.848056,36.173056,2.903154937,29.47242471
SierraRetinY4,7,2072,-5.848056,36.173056,3.181070461,28.86564174
SierraRetinY4,7,2073,-5.848056,36.173056,0.564209412,28.86205346
SierraRetinY4,7,2074,-5.848056,36.173056,0.577668828,28.96401269
SierraRetinY4,7,2075,-5.848056,36.173056,2.849619471,29.84193253
SierraRetinY4,7,2076,-5.848056,36.173056,3.321037803,29.70153198
SierraRetinY4,7,2077,-5.848056,36.173056,0.02739368,29.50046938
SierraRetinY4,7,2078,-5.848056,36.173056,2.650200549,30.212538
SierraRetinY4,7,2079,-5.848056,36.173056,1.16921716,28.56331
SierraRetinY4,7,2080,-5.848056,36.173056,1.626546522,28.78788393
SierraRetinY4,7,2081,-5.848056,36.173056,2.254689604,30.83519011
SierraRetinY4,7,2082,-5.848056,36.173056,0.84667919,29.73622062
SierraRetinY4,7,2083,-5.848056,36.173056,0.119474761,31.21236671
SierraRetinY4,7,2084,-5.848056,36.173056,0.585921681,29.52952211
SierraRetinY4,7,2085,-5.848056,36.173056,1.086267095,30.8555414
SierraRetinY4,7,2086,-5.848056,36.173056,1.204358928,29.43620133
SierraRetinY4,7,2087,-5.848056,36.173056,0.611455304,30.59036727
SierraRetinY4,7,2088,-5.848056,36.173056,1.49521957,29.05652426
SierraRetinY4,7,2089,-5.848056,36.173056,2.872661596,29.06514105
SierraRetinY4,7,2090,-5.848056,36.173056,3.90240611,29.21592053
SierraRetinY4,7,2091,-5.848056,36.173056,1.573886328,29.89406935
SierraRetinY4,7,2092,-5.848056,36.173056,0.334210053,29.5962611
SierraRetinY4,7,2093,-5.848056,36.173056,3.698422452,28.91601247
SierraRetinY4,7,2094,-5.848056,36.173056,3.77112590585564e-09,29.19517251
SierraRetinY4,7,2095,-5.848056,36.173056,4.43500444,29.33953346
SierraRetinY4,7,2096,-5.848056,36.173056,0.889466572,30.14954873
SierraRetinY4,7,2097,-5.848056,36.173056,4.330065167,29.70525316
SierraRetinY4,7,2098,-5.848056,36.173056,0.466175394,28.7864624
SierraRetinY4,7,2099,-5.848056,36.173056,1.813428935,30.21615482
SierraRetinY4,7,2100,-5.848056,36.173056,2.80315116127542e-10,29.5971658
SierraRetinY4,8,2015,-5.848056,36.173056,3.47303549469564e-06,28.551101
SierraRetinY4,8,2016,-5.848056,36.173056,1.759186315,29.38573313
SierraRetinY4,8,2017,-5.848056,36.173056,6.154460831,27.82435047
SierraRetinY4,8,2018,-5.848056,36.173056,1.228779111,29.60153671
SierraRetinY4,8,2019,-5.848056,36.173056,13.67578731,29.23709973
SierraRetinY4,8,2020,-5.848056,36.173056,0.403147122,29.72665878
SierraRetinY4,8,2021,-5.848056,36.173056,2.210437437,28.3552441
SierraRetinY4,8,2022,-5.848056,36.173056,1.784649608,28.87623134
SierraRetinY4,8,2023,-5.848056,36.173056,6.770241081,30.29820379
SierraRetinY4,8,2024,-5.848056,36.173056,0.438765823,28.64337828
SierraRetinY4,8,2025,-5.848056,36.173056,1.520916046,29.2737789
SierraRetinY4,8,2026,-5.848056,36.173056,2.186477559,28.35303207
SierraRetinY4,8,2027,-5.848056,36.173056,0.946500532,30.49585827
SierraRetinY4,8,2028,-5.848056,36.173056,17.70372238,30.63074301
SierraRetinY4,8,2029,-5.848056,36.173056,0.175108554,29.26802585
SierraRetinY4,8,2030,-5.848056,36.173056,0.888644243,28.20162846
SierraRetinY4,8,2031,-5.848056,36.173056,16.95317665,28.18512632
SierraRetinY4,8,2032,-5.848056,36.173056,2.584711337,29.49279667
SierraRetinY4,8,2033,-5.848056,36.173056,0.000487383,30.12271886
SierraRetinY4,8,2034,-5.848056,36.173056,0.677437619,30.2119749
SierraRetinY4,8,2035,-5.848056,36.173056,1.131359477,28.55137172
SierraRetinY4,8,2036,-5.848056,36.173056,3.988255524,28.55125555
SierraRetinY4,8,2037,-5.848056,36.173056,1.406253627,29.58688532
SierraRetinY4,8,2038,-5.848056,36.173056,0.000797247,31.23201511
SierraRetinY4,8,2039,-5.848056,36.173056,3.259317126,29.86774745
SierraRetinY4,8,2040,-5.848056,36.173056,0.016685926,28.4196864
SierraRetinY4,8,2041,-5.848056,36.173056,20.91970275,29.12219514
SierraRetinY4,8,2042,-5.848056,36.173056,10.67251027,29.72159286
SierraRetinY4,8,2043,-5.848056,36.173056,1.861114827,28.70493814
SierraRetinY4,8,2044,-5.848056,36.173056,0.410859368,30.70618837
SierraRetinY4,8,2045,-5.848056,36.173056,0.851137877,30.47026092
SierraRetinY4,8,2046,-5.848056,36.173056,10.30986317,31.08566658
SierraRetinY4,8,2047,-5.848056,36.173056,0.120839661,30.39430463
SierraRetinY4,8,2048,-5.848056,36.173056,4.12334074,28.77703247
SierraRetinY4,8,2049,-5.848056,36.173056,0.933141305,31.40990108
SierraRetinY4,8,2050,-5.848056,36.173056,9.866212031,30.43200861
SierraRetinY4,8,2051,-5.848056,36.173056,0.005344592,29.83907963
SierraRetinY4,8,2052,-5.848056,36.173056,0.394831026,29.27501634
SierraRetinY4,8,2053,-5.848056,36.173056,2.820658325,30.04845384
SierraRetinY4,8,2054,-5.848056,36.173056,1.835586461,29.9118739
SierraRetinY4,8,2055,-5.848056,36.173056,0.160732609,29.50846597
SierraRetinY4,8,2056,-5.848056,36.173056,1.02873497,30.345382
SierraRetinY4,8,2057,-5.848056,36.173056,9.7742826,31.57753217
SierraRetinY4,8,2058,-5.848056,36.173056,0.174790288,31.01437654
SierraRetinY4,8,2059,-5.848056,36.173056,3.223459541,31.36671477
SierraRetinY4,8,2060,-5.848056,36.173056,0.135995047,30.14187504
SierraRetinY4,8,2061,-5.848056,36.173056,32.2309188,30.62401537
SierraRetinY4,8,2062,-5.848056,36.173056,0.544191474,30.10677293
SierraRetinY4,8,2063,-5.848056,36.173056,2.369114172,30.23998512
SierraRetinY4,8,2064,-5.848056,36.173056,4.635285679,29.33186961
SierraRetinY4,8,2065,-5.848056,36.173056,18.19684769,28.91905931
SierraRetinY4,8,2066,-5.848056,36.173056,1.112916677,30.34428435
SierraRetinY4,8,2067,-5.848056,36.173056,7.379736855,30.21752221
SierraRetinY4,8,2068,-5.848056,36.173056,0.00067627,29.92086674
SierraRetinY4,8,2069,-5.848056,36.173056,0.097930072,29.32589997
SierraRetinY4,8,2070,-5.848056,36.173056,0.861294337,30.41027025
SierraRetinY4,8,2071,-5.848056,36.173056,6.06782568,31.08341616
SierraRetinY4,8,2072,-5.848056,36.173056,1.354183511,30.17617483
SierraRetinY4,8,2073,-5.848056,36.173056,0.657512036,31.98067233
SierraRetinY4,8,2074,-5.848056,36.173056,0.727288302,30.68335729
SierraRetinY4,8,2075,-5.848056,36.173056,0.660206242,31.33692568
SierraRetinY4,8,2076,-5.848056,36.173056,3.540732849,30.09061437
SierraRetinY4,8,2077,-5.848056,36.173056,5.672721387,29.27150682
SierraRetinY4,8,2078,-5.848056,36.173056,4.551252176,29.25032565
SierraRetinY4,8,2079,-5.848056,36.173056,1.757922877,28.49946328
SierraRetinY4,8,2080,-5.848056,36.173056,0.007059102,30.49201503
SierraRetinY4,8,2081,-5.848056,36.173056,6.396196579,32.48975377
SierraRetinY4,8,2082,-5.848056,36.173056,0.281998573,32.02711123
SierraRetinY4,8,2083,-5.848056,36.173056,1.64652698,28.89130308
SierraRetinY4,8,2084,-5.848056,36.173056,1.294419331,31.59779978
SierraRetinY4,8,2085,-5.848056,36.173056,2.078010391,28.78585205
SierraRetinY4,8,2086,-5.848056,36.173056,3.51178111127673e-08,31.19611954
SierraRetinY4,8,2087,-5.848056,36.173056,1.580227121,30.2424974
SierraRetinY4,8,2088,-5.848056,36.173056,0.734956697,28.73663212
SierraRetinY4,8,2089,-5.848056,36.173056,2.332528043,29.70654376
SierraRetinY4,8,2090,-5.848056,36.173056,1.073012085,30.09467616
SierraRetinY4,8,2091,-5.848056,36.173056,2.739472792,28.58758525
SierraRetinY4,8,2092,-5.848056,36.173056,0.511414649,31.60980205
SierraRetinY4,8,2093,-5.848056,36.173056,0.843254918,32.53468352
SierraRetinY4,8,2094,-5.848056,36.173056,1.68381717,28.89090045
SierraRetinY4,8,2095,-5.848056,36.173056,0.540991553,28.8699644
SierraRetinY4,8,2096,-5.848056,36.173056,12.67432415,30.17584701
SierraRetinY4,8,2097,-5.848056,36.173056,0.324106244,31.33470872
SierraRetinY4,8,2098,-5.848056,36.173056,0.856176191,28.51154529
SierraRetinY4,8,2099,-5.848056,36.173056,5.560067766,31.40303266
SierraRetinY4,8,2100,-5.848056,36.173056,3.044128092,30.17303152
SierraRetinY4,9,2015,-5.848056,36.173056,10.50358309,28.05815226
SierraRetinY4,9,2016,-5.848056,36.173056,26.83713103,26.73633728
SierraRetinY4,9,2017,-5.848056,36.173056,1.711284884,26.88273824
SierraRetinY4,9,2018,-5.848056,36.173056,10.01841356,27.42757568
SierraRetinY4,9,2019,-5.848056,36.173056,2.353131653,27.68755798
SierraRetinY4,9,2020,-5.848056,36.173056,23.12494871,27.1580658
SierraRetinY4,9,2021,-5.848056,36.173056,1.766808753,27.32572123
SierraRetinY4,9,2022,-5.848056,36.173056,0.260039378,28.14585673
SierraRetinY4,9,2023,-5.848056,36.173056,2.702056107,29.16323446
SierraRetinY4,9,2024,-5.848056,36.173056,5.43456314,26.77276001
SierraRetinY4,9,2025,-5.848056,36.173056,22.72388048,26.54698079
SierraRetinY4,9,2026,-5.848056,36.173056,0.956376322,26.85542704
SierraRetinY4,9,2027,-5.848056,36.173056,0.86329343,28.86500448
SierraRetinY4,9,2028,-5.848056,36.173056,18.58187262,27.57531128
SierraRetinY4,9,2029,-5.848056,36.173056,0.953010762,26.50964559
SierraRetinY4,9,2030,-5.848056,36.173056,0.023886566,27.21111247
SierraRetinY4,9,2031,-5.848056,36.173056,16.23616518,28.69030558
SierraRetinY4,9,2032,-5.848056,36.173056,5.041101373,28.02892456
SierraRetinY4,9,2033,-5.848056,36.173056,58.5018923,27.43568726
SierraRetinY4,9,2034,-5.848056,36.173056,36.63721529,28.55582072
SierraRetinY4,9,2035,-5.848056,36.173056,1.422302108,28.35199788
SierraRetinY4,9,2036,-5.848056,36.173056,0.765675035,28.34882406
SierraRetinY4,9,2037,-5.848056,36.173056,1.053746723,29.0299174
SierraRetinY4,9,2038,-5.848056,36.173056,0.243032199,28.51942647
SierraRetinY4,9,2039,-5.848056,36.173056,5.980036633,26.67650146
SierraRetinY4,9,2040,-5.848056,36.173056,0.335391012,28.35811157
SierraRetinY4,9,2041,-5.848056,36.173056,16.70074666,27.24128316
SierraRetinY4,9,2042,-5.848056,36.173056,4.838487169,26.3830424
SierraRetinY4,9,2043,-5.848056,36.173056,5.305521673,27.64773661
SierraRetinY4,9,2044,-5.848056,36.173056,16.60303597,27.86151632
SierraRetinY4,9,2045,-5.848056,36.173056,3.191296062,27.89427389
SierraRetinY4,9,2046,-5.848056,36.173056,0.158620518,29.52103373
SierraRetinY4,9,2047,-5.848056,36.173056,0.665245033,27.87171224
SierraRetinY4,9,2048,-5.848056,36.173056,0.06040994,29.83073324
SierraRetinY4,9,2049,-5.848056,36.173056,0.258663591,28.01940613
SierraRetinY4,9,2050,-5.848056,36.173056,0.347311123,28.71688538
SierraRetinY4,9,2051,-5.848056,36.173056,14.14283486,27.87830098
SierraRetinY4,9,2052,-5.848056,36.173056,4.072214731,27.96262716
SierraRetinY4,9,2053,-5.848056,36.173056,0.070301558,28.7497345
SierraRetinY4,9,2054,-5.848056,36.173056,1.151005713,29.15400899
SierraRetinY4,9,2055,-5.848056,36.173056,9.246519955,28.29227702
SierraRetinY4,9,2056,-5.848056,36.173056,23.14254787,28.46956278
SierraRetinY4,9,2057,-5.848056,36.173056,7.197117033,29.42743123
SierraRetinY4,9,2058,-5.848056,36.173056,3.229965698,28.6691274
SierraRetinY4,9,2059,-5.848056,36.173056,2.699534962,26.83097839
SierraRetinY4,9,2060,-5.848056,36.173056,0.666253435,28.80585938
SierraRetinY4,9,2061,-5.848056,36.173056,4.412477856,28.74677429
SierraRetinY4,9,2062,-5.848056,36.173056,0.013228681,28.63265889
SierraRetinY4,9,2063,-5.848056,36.173056,5.474329306,29.27969564
SierraRetinY4,9,2064,-5.848056,36.173056,5.182459996,27.79947815
SierraRetinY4,9,2065,-5.848056,36.173056,11.71621178,27.10376282
SierraRetinY4,9,2066,-5.848056,36.173056,0.130231643,29.36464844
SierraRetinY4,9,2067,-5.848056,36.173056,0.872180963,26.90102743
SierraRetinY4,9,2068,-5.848056,36.173056,13.72565911,25.71889852
SierraRetinY4,9,2069,-5.848056,36.173056,0.54970469,28.7908488
SierraRetinY4,9,2070,-5.848056,36.173056,6.559109528,28.5317922
SierraRetinY4,9,2071,-5.848056,36.173056,15.65702983,27.92404073
SierraRetinY4,9,2072,-5.848056,36.173056,25.94686679,27.78770142
SierraRetinY4,9,2073,-5.848056,36.173056,0.55877053,29.4217509
SierraRetinY4,9,2074,-5.848056,36.173056,0.015934858,29.28970642
SierraRetinY4,9,2075,-5.848056,36.173056,2.219604624,29.65240173
SierraRetinY4,9,2076,-5.848056,36.173056,3.142285844,28.72941589
SierraRetinY4,9,2077,-5.848056,36.173056,0.564096926,28.87419128
SierraRetinY4,9,2078,-5.848056,36.173056,6.285437732,27.99446513
SierraRetinY4,9,2079,-5.848056,36.173056,2.335318485,28.98614197
SierraRetinY4,9,2080,-5.848056,36.173056,3.158249251,28.21018372
SierraRetinY4,9,2081,-5.848056,36.173056,0.600253569,29.11870829
SierraRetinY4,9,2082,-5.848056,36.173056,41.9328138,29.24727783
SierraRetinY4,9,2083,-5.848056,36.173056,0.00211228,30.5080485
SierraRetinY4,9,2084,-5.848056,36.173056,0.763180533,28.66806335
SierraRetinY4,9,2085,-5.848056,36.173056,8.151875646,28.40599264
SierraRetinY4,9,2086,-5.848056,36.173056,0.80190383,29.69563904
SierraRetinY4,9,2087,-5.848056,36.173056,0.128001043,28.42469889
SierraRetinY4,9,2088,-5.848056,36.173056,1.753953226,28.52845154
SierraRetinY4,9,2089,-5.848056,36.173056,6.174905283,28.89524434
SierraRetinY4,9,2090,-5.848056,36.173056,17.60185327,29.99926249
SierraRetinY4,9,2091,-5.848056,36.173056,0.454874758,29.41945496
SierraRetinY4,9,2092,-5.848056,36.173056,6.348069239,28.28683065
SierraRetinY4,9,2093,-5.848056,36.173056,0.369854332,28.98315531
SierraRetinY4,9,2094,-5.848056,36.173056,7.17763833,27.94658508
SierraRetinY4,9,2095,-5.848056,36.173056,3.53115833,27.14391785
SierraRetinY4,9,2096,-5.848056,36.173056,0.047914816,29.57128499
SierraRetinY4,9,2097,-5.848056,36.173056,0.93136086,28.2813741
SierraRetinY4,9,2098,-5.848056,36.173056,7.250309688,27.51220907
SierraRetinY4,9,2099,-5.848056,36.173056,0.678439443,28.73160502
SierraRetinY4,9,2100,-5.848056,36.173056,11.17286103,29.33322754
SierraRetinY5,1,2015,-5.833055556,36.17694444,80.21220432,18.06096605
SierraRetinY5,1,2016,-5.833055556,36.17694444,4.093030658,17.85621476
SierraRetinY5,1,2017,-5.833055556,36.17694444,120.3443202,18.39565036
SierraRetinY5,1,2018,-5.833055556,36.17694444,105.3689043,17.4066613
SierraRetinY5,1,2019,-5.833055556,36.17694444,140.5155962,16.88256521
SierraRetinY5,1,2020,-5.833055556,36.17694444,53.13945783,18.1687689
SierraRetinY5,1,2021,-5.833055556,36.17694444,33.72849344,16.45859926
SierraRetinY5,1,2022,-5.833055556,36.17694444,57.81294465,18.13337048
SierraRetinY5,1,2023,-5.833055556,36.17694444,57.4601177,17.59615675
SierraRetinY5,1,2024,-5.833055556,36.17694444,100.8612858,18.41235627
SierraRetinY5,1,2025,-5.833055556,36.17694444,29.52174237,16.85220711
SierraRetinY5,1,2026,-5.833055556,36.17694444,54.34136575,17.26788606
SierraRetinY5,1,2027,-5.833055556,36.17694444,161.7761647,18.22693147
SierraRetinY5,1,2028,-5.833055556,36.17694444,8.835550672,17.07706555
SierraRetinY5,1,2029,-5.833055556,36.17694444,33.76214663,17.92356902
SierraRetinY5,1,2030,-5.833055556,36.17694444,3.64493001,16.20317009
SierraRetinY5,1,2031,-5.833055556,36.17694444,46.75957407,18.13648918
SierraRetinY5,1,2032,-5.833055556,36.17694444,22.58343598,18.25377512
SierraRetinY5,1,2033,-5.833055556,36.17694444,106.552296,17.91654309
SierraRetinY5,1,2034,-5.833055556,36.17694444,33.171735,18.59123555
SierraRetinY5,1,2035,-5.833055556,36.17694444,202.9247425,18.98425569
SierraRetinY5,1,2036,-5.833055556,36.17694444,174.2739783,17.33669138
SierraRetinY5,1,2037,-5.833055556,36.17694444,68.01661249,17.84738632
SierraRetinY5,1,2038,-5.833055556,36.17694444,51.72778455,19.02609627
SierraRetinY5,1,2039,-5.833055556,36.17694444,40.3595195,18.26056184
SierraRetinY5,1,2040,-5.833055556,36.17694444,96.43333545,16.61619302
SierraRetinY5,1,2041,-5.833055556,36.17694444,81.9313089,17.38450751
SierraRetinY5,1,2042,-5.833055556,36.17694444,36.03324579,17.90251386
SierraRetinY5,1,2043,-5.833055556,36.17694444,3.352120565,18.42765641
SierraRetinY5,1,2044,-5.833055556,36.17694444,28.72707014,17.39462654
SierraRetinY5,1,2045,-5.833055556,36.17694444,51.44102959,16.72416717
SierraRetinY5,1,2046,-5.833055556,36.17694444,85.2072837,19.397191
SierraRetinY5,1,2047,-5.833055556,36.17694444,26.60464527,18.55316142
SierraRetinY5,1,2048,-5.833055556,36.17694444,154.7905217,17.633907
SierraRetinY5,1,2049,-5.833055556,36.17694444,19.45278281,17.03138467
SierraRetinY5,1,2050,-5.833055556,36.17694444,40.87629753,17.52570939
SierraRetinY5,1,2051,-5.833055556,36.17694444,189.2260651,18.23481189
SierraRetinY5,1,2052,-5.833055556,36.17694444,45.69842511,19.02707185
SierraRetinY5,1,2053,-5.833055556,36.17694444,79.17507416,17.89897874
SierraRetinY5,1,2054,-5.833055556,36.17694444,111.6634613,18.76296288
SierraRetinY5,1,2055,-5.833055556,36.17694444,45.74557082,17.95886998
SierraRetinY5,1,2056,-5.833055556,36.17694444,23.79963657,18.51785948
SierraRetinY5,1,2057,-5.833055556,36.17694444,22.08211158,18.38804951
SierraRetinY5,1,2058,-5.833055556,36.17694444,70.23143285,18.79605772
SierraRetinY5,1,2059,-5.833055556,36.17694444,183.3902048,19.38399954
SierraRetinY5,1,2060,-5.833055556,36.17694444,144.4208878,17.09440544
SierraRetinY5,1,2061,-5.833055556,36.17694444,173.3387126,18.7196545
SierraRetinY5,1,2062,-5.833055556,36.17694444,142.9981547,18.2382151
SierraRetinY5,1,2063,-5.833055556,36.17694444,100.6867294,18.46857851
SierraRetinY5,1,2064,-5.833055556,36.17694444,9.581177391,18.70688929
SierraRetinY5,1,2065,-5.833055556,36.17694444,92.2686262,16.59747689
SierraRetinY5,1,2066,-5.833055556,36.17694444,89.85934554,18.77591907
SierraRetinY5,1,2067,-5.833055556,36.17694444,99.85582885,16.77473676
SierraRetinY5,1,2068,-5.833055556,36.17694444,78.35279463,18.14390298
SierraRetinY5,1,2069,-5.833055556,36.17694444,16.10803648,17.98526572
SierraRetinY5,1,2070,-5.833055556,36.17694444,39.12167255,17.28324329
SierraRetinY5,1,2071,-5.833055556,36.17694444,13.55832063,18.79278249
SierraRetinY5,1,2072,-5.833055556,36.17694444,123.4069994,18.0596912
SierraRetinY5,1,2073,-5.833055556,36.17694444,263.4920408,18.84602976
SierraRetinY5,1,2074,-5.833055556,36.17694444,37.23215572,18.1238549
SierraRetinY5,1,2075,-5.833055556,36.17694444,7.911740425,18.07764932
SierraRetinY5,1,2076,-5.833055556,36.17694444,33.16617791,17.65764574
SierraRetinY5,1,2077,-5.833055556,36.17694444,87.49152108,17.29167008
SierraRetinY5,1,2078,-5.833055556,36.17694444,105.0148552,19.16337615
SierraRetinY5,1,2079,-5.833055556,36.17694444,60.17042315,19.08000902
SierraRetinY5,1,2080,-5.833055556,36.17694444,104.9684408,19.54366947
SierraRetinY5,1,2081,-5.833055556,36.17694444,111.5770245,18.39582362
SierraRetinY5,1,2082,-5.833055556,36.17694444,3.625766421,17.56483587
SierraRetinY5,1,2083,-5.833055556,36.17694444,148.3178502,16.7507086
SierraRetinY5,1,2084,-5.833055556,36.17694444,159.4024945,20.07674167
SierraRetinY5,1,2085,-5.833055556,36.17694444,41.60708732,19.18461737
SierraRetinY5,1,2086,-5.833055556,36.17694444,178.72614,17.38857619
SierraRetinY5,1,2087,-5.833055556,36.17694444,4.156164647,18.9230453
SierraRetinY5,1,2088,-5.833055556,36.17694444,159.5824713,17.31369688
SierraRetinY5,1,2089,-5.833055556,36.17694444,73.42475908,16.99945344
SierraRetinY5,1,2090,-5.833055556,36.17694444,8.048940521,19.99182405
SierraRetinY5,1,2091,-5.833055556,36.17694444,3.260906109,19.22098842
SierraRetinY5,1,2092,-5.833055556,36.17694444,12.48365827,18.62961682
SierraRetinY5,1,2093,-5.833055556,36.17694444,64.94711073,16.70186374
SierraRetinY5,1,2094,-5.833055556,36.17694444,24.40732014,19.79491282
SierraRetinY5,1,2095,-5.833055556,36.17694444,29.15501102,18.58970376
SierraRetinY5,1,2096,-5.833055556,36.17694444,35.81810642,18.27454578
SierraRetinY5,1,2097,-5.833055556,36.17694444,72.61459817,18.06511349
SierraRetinY5,1,2098,-5.833055556,36.17694444,51.67060218,16.57084488
SierraRetinY5,1,2099,-5.833055556,36.17694444,118.7290886,17.60020476
SierraRetinY5,1,2100,-5.833055556,36.17694444,44.43852491,18.82875091
SierraRetinY5,10,2015,-5.833055556,36.17694444,1.803368569,24.86087213
SierraRetinY5,10,2016,-5.833055556,36.17694444,12.86146601,23.26373173
SierraRetinY5,10,2017,-5.833055556,36.17694444,69.37929594,23.19826069
SierraRetinY5,10,2018,-5.833055556,36.17694444,47.28852481,23.63834977
SierraRetinY5,10,2019,-5.833055556,36.17694444,9.576400416,22.51860076
SierraRetinY5,10,2020,-5.833055556,36.17694444,2.942594488,23.37381356
SierraRetinY5,10,2021,-5.833055556,36.17694444,22.2832093,24.26549092
SierraRetinY5,10,2022,-5.833055556,36.17694444,29.37539207,23.44751843
SierraRetinY5,10,2023,-5.833055556,36.17694444,81.1151999,23.22581905
SierraRetinY5,10,2024,-5.833055556,36.17694444,37.8230678,22.22202109
SierraRetinY5,10,2025,-5.833055556,36.17694444,38.91470736,23.1477482
SierraRetinY5,10,2026,-5.833055556,36.17694444,8.723613242,24.30406908
SierraRetinY5,10,2027,-5.833055556,36.17694444,3.68301934,25.36748362
SierraRetinY5,10,2028,-5.833055556,36.17694444,35.69264773,23.30101929
SierraRetinY5,10,2029,-5.833055556,36.17694444,50.57393439,22.31724676
SierraRetinY5,10,2030,-5.833055556,36.17694444,5.963031006,23.78986364
SierraRetinY5,10,2031,-5.833055556,36.17694444,5.907972489,24.9874876
SierraRetinY5,10,2032,-5.833055556,36.17694444,21.08285074,24.45793477
SierraRetinY5,10,2033,-5.833055556,36.17694444,10.67192777,24.61670296
SierraRetinY5,10,2034,-5.833055556,36.17694444,35.18729505,22.13769315
SierraRetinY5,10,2035,-5.833055556,36.17694444,87.89352115,24.74235269
SierraRetinY5,10,2036,-5.833055556,36.17694444,7.9420278,24.19776355
SierraRetinY5,10,2037,-5.833055556,36.17694444,3.367202411,25.21322415
SierraRetinY5,10,2038,-5.833055556,36.17694444,25.03797854,25.28778746
SierraRetinY5,10,2039,-5.833055556,36.17694444,44.20027003,23.09804097
SierraRetinY5,10,2040,-5.833055556,36.17694444,20.81223566,22.96889156
SierraRetinY5,10,2041,-5.833055556,36.17694444,11.96366979,23.89290771
SierraRetinY5,10,2042,-5.833055556,36.17694444,65.50068424,22.54593466
SierraRetinY5,10,2043,-5.833055556,36.17694444,1.466867302,23.898267
SierraRetinY5,10,2044,-5.833055556,36.17694444,25.56683849,24.89541606
SierraRetinY5,10,2045,-5.833055556,36.17694444,25.18097092,24.72102779
SierraRetinY5,10,2046,-5.833055556,36.17694444,3.903449554,26.31366735
SierraRetinY5,10,2047,-5.833055556,36.17694444,19.96122179,24.00029513
SierraRetinY5,10,2048,-5.833055556,36.17694444,41.90045305,25.51652753
SierraRetinY5,10,2049,-5.833055556,36.17694444,17.43769573,24.39994842
SierraRetinY5,10,2050,-5.833055556,36.17694444,18.41895873,24.87611123
SierraRetinY5,10,2051,-5.833055556,36.17694444,21.00270576,24.49844045
SierraRetinY5,10,2052,-5.833055556,36.17694444,62.54061356,23.04858871
SierraRetinY5,10,2053,-5.833055556,36.17694444,10.4368067,25.24355961
SierraRetinY5,10,2054,-5.833055556,36.17694444,42.41800699,24.66374039
SierraRetinY5,10,2055,-5.833055556,36.17694444,27.70125762,24.18613734
SierraRetinY5,10,2056,-5.833055556,36.17694444,1.321315037,25.09725539
SierraRetinY5,10,2057,-5.833055556,36.17694444,10.68155076,24.71480122
SierraRetinY5,10,2058,-5.833055556,36.17694444,45.78189091,24.16323931
SierraRetinY5,10,2059,-5.833055556,36.17694444,2.270489269,25.03099286
SierraRetinY5,10,2060,-5.833055556,36.17694444,7.686302062,23.44669052
SierraRetinY5,10,2061,-5.833055556,36.17694444,31.25445124,23.33847617
SierraRetinY5,10,2062,-5.833055556,36.17694444,31.67340254,25.78279537
SierraRetinY5,10,2063,-5.833055556,36.17694444,3.69090171,25.86614872
SierraRetinY5,10,2064,-5.833055556,36.17694444,15.14336748,24.02852389
SierraRetinY5,10,2065,-5.833055556,36.17694444,25.82481102,24.5544786
SierraRetinY5,10,2066,-5.833055556,36.17694444,25.60960398,24.44302152
SierraRetinY5,10,2067,-5.833055556,36.17694444,0.628603567,25.83939268
SierraRetinY5,10,2068,-5.833055556,36.17694444,9.059019587,24.84489864
SierraRetinY5,10,2069,-5.833055556,36.17694444,30.56788402,24.85899481
SierraRetinY5,10,2070,-5.833055556,36.17694444,8.914821359,26.1407134
SierraRetinY5,10,2071,-5.833055556,36.17694444,26.29805864,23.86498905
SierraRetinY5,10,2072,-5.833055556,36.17694444,10.64409155,25.30950711
SierraRetinY5,10,2073,-5.833055556,36.17694444,22.9425955,25.71877441
SierraRetinY5,10,2074,-5.833055556,36.17694444,26.85107765,25.865119
SierraRetinY5,10,2075,-5.833055556,36.17694444,24.08234081,25.17230008
SierraRetinY5,10,2076,-5.833055556,36.17694444,42.38593398,24.92595825
SierraRetinY5,10,2077,-5.833055556,36.17694444,1.486623648,26.47741581
SierraRetinY5,10,2078,-5.833055556,36.17694444,11.63394646,24.05188264
SierraRetinY5,10,2079,-5.833055556,36.17694444,32.28514134,25.31082134
SierraRetinY5,10,2080,-5.833055556,36.17694444,14.17125853,26.24423198
SierraRetinY5,10,2081,-5.833055556,36.17694444,4.355818631,24.74174923
SierraRetinY5,10,2082,-5.833055556,36.17694444,53.49867208,23.73261561
SierraRetinY5,10,2083,-5.833055556,36.17694444,10.14791355,27.16269393
SierraRetinY5,10,2084,-5.833055556,36.17694444,7.268277333,24.57362986
SierraRetinY5,10,2085,-5.833055556,36.17694444,17.50093473,24.40864199
SierraRetinY5,10,2086,-5.833055556,36.17694444,40.64991308,23.547432
SierraRetinY5,10,2087,-5.833055556,36.17694444,5.435127311,25.20941044
SierraRetinY5,10,2088,-5.833055556,36.17694444,29.89814558,25.29378957
SierraRetinY5,10,2089,-5.833055556,36.17694444,0.344353546,25.94126134
SierraRetinY5,10,2090,-5.833055556,36.17694444,8.736160453,24.32207149
SierraRetinY5,10,2091,-5.833055556,36.17694444,32.10134777,24.99503134
SierraRetinY5,10,2092,-5.833055556,36.17694444,0.972827108,25.34407467
SierraRetinY5,10,2093,-5.833055556,36.17694444,1.998482215,25.25839607
SierraRetinY5,10,2094,-5.833055556,36.17694444,18.84554482,21.80802652
SierraRetinY5,10,2095,-5.833055556,36.17694444,8.097075091,25.04334953
SierraRetinY5,10,2096,-5.833055556,36.17694444,0.513334005,26.05917732
SierraRetinY5,10,2097,-5.833055556,36.17694444,6.564815679,24.98608674
SierraRetinY5,10,2098,-5.833055556,36.17694444,0.116642224,23.64038263
SierraRetinY5,10,2099,-5.833055556,36.17694444,13.21302126,23.47285983
SierraRetinY5,10,2100,-5.833055556,36.17694444,3.064680245,25.74292268
SierraRetinY5,11,2015,-5.833055556,36.17694444,16.89515557,20.85000814
SierraRetinY5,11,2016,-5.833055556,36.17694444,94.77805368,20.16343994
SierraRetinY5,11,2017,-5.833055556,36.17694444,98.2106688,21.22579753
SierraRetinY5,11,2018,-5.833055556,36.17694444,36.7217909,20.90046692
SierraRetinY5,11,2019,-5.833055556,36.17694444,19.49702062,19.06013896
SierraRetinY5,11,2020,-5.833055556,36.17694444,43.12159354,21.15737305
SierraRetinY5,11,2021,-5.833055556,36.17694444,8.890589885,21.5927358
SierraRetinY5,11,2022,-5.833055556,36.17694444,39.63381966,20.18311564
SierraRetinY5,11,2023,-5.833055556,36.17694444,78.19241734,18.60612183
SierraRetinY5,11,2024,-5.833055556,36.17694444,7.70487135,19.310849
SierraRetinY5,11,2025,-5.833055556,36.17694444,83.62001969,20.6441335
SierraRetinY5,11,2026,-5.833055556,36.17694444,29.87243286,20.84513957
SierraRetinY5,11,2027,-5.833055556,36.17694444,41.15846935,20.83516134
SierraRetinY5,11,2028,-5.833055556,36.17694444,67.43707643,19.15064189
SierraRetinY5,11,2029,-5.833055556,36.17694444,26.66894749,22.13392131
SierraRetinY5,11,2030,-5.833055556,36.17694444,12.40482249,20.0427714
SierraRetinY5,11,2031,-5.833055556,36.17694444,9.609457243,20.24851685
SierraRetinY5,11,2032,-5.833055556,36.17694444,109.3062302,20.97074992
SierraRetinY5,11,2033,-5.833055556,36.17694444,8.989251841,20.63510234
SierraRetinY5,11,2034,-5.833055556,36.17694444,20.55543628,19.64532267
SierraRetinY5,11,2035,-5.833055556,36.17694444,87.90937251,19.71043803
SierraRetinY5,11,2036,-5.833055556,36.17694444,37.11396028,20.83991801
SierraRetinY5,11,2037,-5.833055556,36.17694444,8.292577393,19.91552734
SierraRetinY5,11,2038,-5.833055556,36.17694444,91.53823996,21.44842326
SierraRetinY5,11,2039,-5.833055556,36.17694444,8.399957139,21.14234924
SierraRetinY5,11,2040,-5.833055556,36.17694444,86.92641435,21.63510946
SierraRetinY5,11,2041,-5.833055556,36.17694444,224.7675072,20.39171041
SierraRetinY5,11,2042,-5.833055556,36.17694444,0.828651766,20.90050964
SierraRetinY5,11,2043,-5.833055556,36.17694444,20.61219525,18.93650309
SierraRetinY5,11,2044,-5.833055556,36.17694444,10.08624827,20.23341166
SierraRetinY5,11,2045,-5.833055556,36.17694444,127.5987891,21.4543691
SierraRetinY5,11,2046,-5.833055556,36.17694444,66.47282937,21.42358602
SierraRetinY5,11,2047,-5.833055556,36.17694444,85.71166322,18.68465068
SierraRetinY5,11,2048,-5.833055556,36.17694444,36.37836202,20.71701253
SierraRetinY5,11,2049,-5.833055556,36.17694444,27.40369927,21.2021637
SierraRetinY5,11,2050,-5.833055556,36.17694444,108.6164774,20.46986491
SierraRetinY5,11,2051,-5.833055556,36.17694444,6.077243063,21.8777181
SierraRetinY5,11,2052,-5.833055556,36.17694444,8.559473267,22.23519897
SierraRetinY5,11,2053,-5.833055556,36.17694444,0.006582863,21.70326945
SierraRetinY5,11,2054,-5.833055556,36.17694444,15.42103713,21.22999573
SierraRetinY5,11,2055,-5.833055556,36.17694444,13.44461725,20.58080241
SierraRetinY5,11,2056,-5.833055556,36.17694444,123.719834,20.72814026
SierraRetinY5,11,2057,-5.833055556,36.17694444,79.36767494,20.83526408
SierraRetinY5,11,2058,-5.833055556,36.17694444,11.32089502,21.87411702
SierraRetinY5,11,2059,-5.833055556,36.17694444,13.31267824,20.56946513
SierraRetinY5,11,2060,-5.833055556,36.17694444,9.096151912,19.18287964
SierraRetinY5,11,2061,-5.833055556,36.17694444,80.81891029,20.83272807
SierraRetinY5,11,2062,-5.833055556,36.17694444,24.31681506,22.68057658
SierraRetinY5,11,2063,-5.833055556,36.17694444,1.803178279,21.43980509
SierraRetinY5,11,2064,-5.833055556,36.17694444,40.04041613,20.35165507
SierraRetinY5,11,2065,-5.833055556,36.17694444,24.78233791,19.86380819
SierraRetinY5,11,2066,-5.833055556,36.17694444,60.58429787,19.67865601
SierraRetinY5,11,2067,-5.833055556,36.17694444,21.5276694,19.19671427
SierraRetinY5,11,2068,-5.833055556,36.17694444,72.03174356,20.88417053
SierraRetinY5,11,2069,-5.833055556,36.17694444,67.32097528,21.00096944
SierraRetinY5,11,2070,-5.833055556,36.17694444,62.93237117,21.6293101
SierraRetinY5,11,2071,-5.833055556,36.17694444,58.02002523,21.72049357
SierraRetinY5,11,2072,-5.833055556,36.17694444,36.74103174,21.72012838
SierraRetinY5,11,2073,-5.833055556,36.17694444,21.20558834,21.95863749
SierraRetinY5,11,2074,-5.833055556,36.17694444,147.2826604,21.27412008
SierraRetinY5,11,2075,-5.833055556,36.17694444,63.92969184,21.5412557
SierraRetinY5,11,2076,-5.833055556,36.17694444,64.92088821,21.97369385
SierraRetinY5,11,2077,-5.833055556,36.17694444,29.48947727,21.83085938
SierraRetinY5,11,2078,-5.833055556,36.17694444,26.40857559,20.7597758
SierraRetinY5,11,2079,-5.833055556,36.17694444,29.04668663,22.22772013
SierraRetinY5,11,2080,-5.833055556,36.17694444,63.93330182,21.98390096
SierraRetinY5,11,2081,-5.833055556,36.17694444,6.808768215,19.99611206
SierraRetinY5,11,2082,-5.833055556,36.17694444,20.930799,21.28901672
SierraRetinY5,11,2083,-5.833055556,36.17694444,146.2004233,22.00539347
SierraRetinY5,11,2084,-5.833055556,36.17694444,12.22289693,21.04249878
SierraRetinY5,11,2085,-5.833055556,36.17694444,26.72847068,20.89166768
SierraRetinY5,11,2086,-5.833055556,36.17694444,28.10952043,20.27065226
SierraRetinY5,11,2087,-5.833055556,36.17694444,0.298059672,22.03633525
SierraRetinY5,11,2088,-5.833055556,36.17694444,39.61175524,20.30138245
SierraRetinY5,11,2089,-5.833055556,36.17694444,14.62397656,22.0510376
SierraRetinY5,11,2090,-5.833055556,36.17694444,30.97421747,23.069988
SierraRetinY5,11,2091,-5.833055556,36.17694444,47.83246018,19.53575033
SierraRetinY5,11,2092,-5.833055556,36.17694444,13.00639588,20.87885132
SierraRetinY5,11,2093,-5.833055556,36.17694444,112.8903367,21.98552755
SierraRetinY5,11,2094,-5.833055556,36.17694444,12.79252339,21.99379781
SierraRetinY5,11,2095,-5.833055556,36.17694444,47.43877935,21.27786357
SierraRetinY5,11,2096,-5.833055556,36.17694444,0.335125019,21.30255229
SierraRetinY5,11,2097,-5.833055556,36.17694444,45.03012595,20.47791443
SierraRetinY5,11,2098,-5.833055556,36.17694444,49.25798406,20.62807414
SierraRetinY5,11,2099,-5.833055556,36.17694444,44.75379075,21.09270426
SierraRetinY5,11,2100,-5.833055556,36.17694444,69.23986562,20.70878092
SierraRetinY5,12,2015,-5.833055556,36.17694444,132.010709,18.53697136
SierraRetinY5,12,2016,-5.833055556,36.17694444,14.11545532,18.40091858
SierraRetinY5,12,2017,-5.833055556,36.17694444,33.84210771,19.44534774
SierraRetinY5,12,2018,-5.833055556,36.17694444,32.24879074,18.42916654
SierraRetinY5,12,2019,-5.833055556,36.17694444,62.46363691,17.39627843
SierraRetinY5,12,2020,-5.833055556,36.17694444,27.84958093,17.92564781
SierraRetinY5,12,2021,-5.833055556,36.17694444,105.0502614,19.84293272
SierraRetinY5,12,2022,-5.833055556,36.17694444,222.2386185,18.00556188
SierraRetinY5,12,2023,-5.833055556,36.17694444,152.1959535,18.2754426
SierraRetinY5,12,2024,-5.833055556,36.17694444,38.138767,17.3069814
SierraRetinY5,12,2025,-5.833055556,36.17694444,30.80196855,17.38397689
SierraRetinY5,12,2026,-5.833055556,36.17694444,90.24238408,19.11547537
SierraRetinY5,12,2027,-5.833055556,36.17694444,35.48665234,17.34611049
SierraRetinY5,12,2028,-5.833055556,36.17694444,102.1498254,19.75917155
SierraRetinY5,12,2029,-5.833055556,36.17694444,160.725723,18.82465564
SierraRetinY5,12,2030,-5.833055556,36.17694444,43.09007618,19.18247782
SierraRetinY5,12,2031,-5.833055556,36.17694444,73.50663556,19.21133994
SierraRetinY5,12,2032,-5.833055556,36.17694444,150.4129518,17.85224813
SierraRetinY5,12,2033,-5.833055556,36.17694444,121.0401395,19.05579972
SierraRetinY5,12,2034,-5.833055556,36.17694444,107.9481192,18.4621836
SierraRetinY5,12,2035,-5.833055556,36.17694444,18.79438818,17.98948404
SierraRetinY5,12,2036,-5.833055556,36.17694444,78.64566281,17.70748596
SierraRetinY5,12,2037,-5.833055556,36.17694444,85.87148642,18.48837261
SierraRetinY5,12,2038,-5.833055556,36.17694444,11.60958439,18.60488773
SierraRetinY5,12,2039,-5.833055556,36.17694444,4.081254754,19.15122425
SierraRetinY5,12,2040,-5.833055556,36.17694444,3.418053021,18.45493838
SierraRetinY5,12,2041,-5.833055556,36.17694444,84.77853609,17.06318202
SierraRetinY5,12,2042,-5.833055556,36.17694444,87.78684743,18.07395472
SierraRetinY5,12,2043,-5.833055556,36.17694444,8.764818541,18.25999677
SierraRetinY5,12,2044,-5.833055556,36.17694444,44.2382082,17.48557841
SierraRetinY5,12,2045,-5.833055556,36.17694444,92.4470941,19.53560988
SierraRetinY5,12,2046,-5.833055556,36.17694444,49.99752614,20.51666043
SierraRetinY5,12,2047,-5.833055556,36.17694444,41.55782713,19.52199116
SierraRetinY5,12,2048,-5.833055556,36.17694444,115.3176723,19.74551799
SierraRetinY5,12,2049,-5.833055556,36.17694444,142.192833,19.80631655
SierraRetinY5,12,2050,-5.833055556,36.17694444,84.87816635,18.30179036
SierraRetinY5,12,2051,-5.833055556,36.17694444,30.10622106,19.6236718
SierraRetinY5,12,2052,-5.833055556,36.17694444,9.017354874,19.42168681
SierraRetinY5,12,2053,-5.833055556,36.17694444,65.83229095,20.50772863
SierraRetinY5,12,2054,-5.833055556,36.17694444,36.82941218,19.09962394
SierraRetinY5,12,2055,-5.833055556,36.17694444,5.55130806,19.5267145
SierraRetinY5,12,2056,-5.833055556,36.17694444,182.5889833,20.08622538
SierraRetinY5,12,2057,-5.833055556,36.17694444,103.1785899,19.34593427
SierraRetinY5,12,2058,-5.833055556,36.17694444,82.98670051,19.69547277
SierraRetinY5,12,2059,-5.833055556,36.17694444,6.694562348,18.95515964
SierraRetinY5,12,2060,-5.833055556,36.17694444,58.66170531,18.79419387
SierraRetinY5,12,2061,-5.833055556,36.17694444,224.5061825,19.34516149
SierraRetinY5,12,2062,-5.833055556,36.17694444,46.03448766,20.19867711
SierraRetinY5,12,2063,-5.833055556,36.17694444,81.24076892,19.45417914
SierraRetinY5,12,2064,-5.833055556,36.17694444,10.20374001,18.2947286
SierraRetinY5,12,2065,-5.833055556,36.17694444,153.4367713,19.11852712
SierraRetinY5,12,2066,-5.833055556,36.17694444,15.66941831,18.39460882
SierraRetinY5,12,2067,-5.833055556,36.17694444,92.34254602,18.33037228
SierraRetinY5,12,2068,-5.833055556,36.17694444,0.771912586,18.34416097
SierraRetinY5,12,2069,-5.833055556,36.17694444,31.98197157,18.23206826
SierraRetinY5,12,2070,-5.833055556,36.17694444,182.978268,19.11218669
SierraRetinY5,12,2071,-5.833055556,36.17694444,0.598741935,17.81243581
SierraRetinY5,12,2072,-5.833055556,36.17694444,68.99446045,19.01409912
SierraRetinY5,12,2073,-5.833055556,36.17694444,46.44051944,18.36245413
SierraRetinY5,12,2074,-5.833055556,36.17694444,140.547487,19.49870822
SierraRetinY5,12,2075,-5.833055556,36.17694444,339.453947,20.29540405
SierraRetinY5,12,2076,-5.833055556,36.17694444,41.3703712,18.8488505
SierraRetinY5,12,2077,-5.833055556,36.17694444,56.3886319,17.66131375
SierraRetinY5,12,2078,-5.833055556,36.17694444,142.2315459,18.4651507
SierraRetinY5,12,2079,-5.833055556,36.17694444,43.8993805,19.53285247
SierraRetinY5,12,2080,-5.833055556,36.17694444,43.10592649,18.37794358
SierraRetinY5,12,2081,-5.833055556,36.17694444,49.05678633,20.32027686
SierraRetinY5,12,2082,-5.833055556,36.17694444,18.89325476,19.07063717
SierraRetinY5,12,2083,-5.833055556,36.17694444,180.1018209,19.13486486
SierraRetinY5,12,2084,-5.833055556,36.17694444,79.05610578,19.48726196
SierraRetinY5,12,2085,-5.833055556,36.17694444,49.43483814,18.63888235
SierraRetinY5,12,2086,-5.833055556,36.17694444,22.03036844,19.54597404
SierraRetinY5,12,2087,-5.833055556,36.17694444,88.98487414,19.35622559
SierraRetinY5,12,2088,-5.833055556,36.17694444,44.01820537,18.47909648
SierraRetinY5,12,2089,-5.833055556,36.17694444,26.04639272,18.85792866
SierraRetinY5,12,2090,-5.833055556,36.17694444,91.13055489,19.08733114
SierraRetinY5,12,2091,-5.833055556,36.17694444,49.34382762,19.14106682
SierraRetinY5,12,2092,-5.833055556,36.17694444,98.61122575,18.71495768
SierraRetinY5,12,2093,-5.833055556,36.17694444,88.39129553,19.96748972
SierraRetinY5,12,2094,-5.833055556,36.17694444,222.6573083,18.75136522
SierraRetinY5,12,2095,-5.833055556,36.17694444,2.100476936,20.77070253
SierraRetinY5,12,2096,-5.833055556,36.17694444,107.1430976,19.0635966
SierraRetinY5,12,2097,-5.833055556,36.17694444,109.393191,18.77536089
SierraRetinY5,12,2098,-5.833055556,36.17694444,58.91395738,20.22148753
SierraRetinY5,12,2099,-5.833055556,36.17694444,15.7807108,19.83729681
SierraRetinY5,12,2100,-5.833055556,36.17694444,11.53274239,19.72041423
SierraRetinY5,2,2015,-5.833055556,36.17694444,41.82114967,18.37600534
SierraRetinY5,2,2016,-5.833055556,36.17694444,44.68002479,18.36256903
SierraRetinY5,2,2017,-5.833055556,36.17694444,156.3156813,17.43622088
SierraRetinY5,2,2018,-5.833055556,36.17694444,79.41274986,18.64613168
SierraRetinY5,2,2019,-5.833055556,36.17694444,172.67723,17.06566445
SierraRetinY5,2,2020,-5.833055556,36.17694444,132.9694783,17.33050453
SierraRetinY5,2,2021,-5.833055556,36.17694444,5.96295239,18.79120353
SierraRetinY5,2,2022,-5.833055556,36.17694444,156.9843608,18.83156847
SierraRetinY5,2,2023,-5.833055556,36.17694444,72.32687206,17.9284923
SierraRetinY5,2,2024,-5.833055556,36.17694444,92.14339386,17.92166159
SierraRetinY5,2,2025,-5.833055556,36.17694444,45.43939096,16.63152139
SierraRetinY5,2,2026,-5.833055556,36.17694444,41.68123792,16.04731794
SierraRetinY5,2,2027,-5.833055556,36.17694444,20.7737923,19.68266885
SierraRetinY5,2,2028,-5.833055556,36.17694444,141.1999022,16.32590585
SierraRetinY5,2,2029,-5.833055556,36.17694444,23.96560834,17.98272858
SierraRetinY5,2,2030,-5.833055556,36.17694444,147.8795063,18.92633645
SierraRetinY5,2,2031,-5.833055556,36.17694444,6.554323695,16.98163975
SierraRetinY5,2,2032,-5.833055556,36.17694444,5.784563942,18.19536112
SierraRetinY5,2,2033,-5.833055556,36.17694444,158.4606882,17.67825252
SierraRetinY5,2,2034,-5.833055556,36.17694444,11.60643589,18.7376103
SierraRetinY5,2,2035,-5.833055556,36.17694444,48.87066276,18.06480451
SierraRetinY5,2,2036,-5.833055556,36.17694444,19.14499741,18.73732279
SierraRetinY5,2,2037,-5.833055556,36.17694444,18.46484772,18.92856533
SierraRetinY5,2,2038,-5.833055556,36.17694444,96.65619484,18.52745754
SierraRetinY5,2,2039,-5.833055556,36.17694444,19.41247105,17.70968236
SierraRetinY5,2,2040,-5.833055556,36.17694444,47.01634794,17.51286811
SierraRetinY5,2,2041,-5.833055556,36.17694444,0.250334718,18.4730545
SierraRetinY5,2,2042,-5.833055556,36.17694444,36.97037306,19.40151803
SierraRetinY5,2,2043,-5.833055556,36.17694444,207.3000436,18.19077454
SierraRetinY5,2,2044,-5.833055556,36.17694444,21.61429696,17.48838143
SierraRetinY5,2,2045,-5.833055556,36.17694444,43.34353411,17.72218911
SierraRetinY5,2,2046,-5.833055556,36.17694444,27.37099114,18.2781104
SierraRetinY5,2,2047,-5.833055556,36.17694444,41.32893748,18.44318651
SierraRetinY5,2,2048,-5.833055556,36.17694444,61.15752786,19.10155745
SierraRetinY5,2,2049,-5.833055556,36.17694444,10.61007538,19.00258244
SierraRetinY5,2,2050,-5.833055556,36.17694444,16.57943332,18.62817535
SierraRetinY5,2,2051,-5.833055556,36.17694444,2.177536651,18.71147853
SierraRetinY5,2,2052,-5.833055556,36.17694444,88.57406779,17.72298689
SierraRetinY5,2,2053,-5.833055556,36.17694444,25.50072538,19.0628394
SierraRetinY5,2,2054,-5.833055556,36.17694444,19.5439608,18.39208374
SierraRetinY5,2,2055,-5.833055556,36.17694444,17.62126235,17.51295079
SierraRetinY5,2,2056,-5.833055556,36.17694444,135.1117894,18.41222218
SierraRetinY5,2,2057,-5.833055556,36.17694444,30.83090476,19.62505493
SierraRetinY5,2,2058,-5.833055556,36.17694444,26.71078562,19.01672189
SierraRetinY5,2,2059,-5.833055556,36.17694444,60.48361283,18.10034659
SierraRetinY5,2,2060,-5.833055556,36.17694444,19.6105859,19.61979749
SierraRetinY5,2,2061,-5.833055556,36.17694444,107.0580186,17.73142831
SierraRetinY5,2,2062,-5.833055556,36.17694444,101.7526854,19.27267827
SierraRetinY5,2,2063,-5.833055556,36.17694444,83.51749872,18.86891327
SierraRetinY5,2,2064,-5.833055556,36.17694444,43.0798635,17.84486463
SierraRetinY5,2,2065,-5.833055556,36.17694444,31.90784798,17.73573238
SierraRetinY5,2,2066,-5.833055556,36.17694444,37.20870065,17.1947658
SierraRetinY5,2,2067,-5.833055556,36.17694444,6.904859111,18.64173388
SierraRetinY5,2,2068,-5.833055556,36.17694444,46.57486483,16.83096755
SierraRetinY5,2,2069,-5.833055556,36.17694444,160.2260463,17.85977761
SierraRetinY5,2,2070,-5.833055556,36.17694444,24.56506934,18.60502123
SierraRetinY5,2,2071,-5.833055556,36.17694444,8.123222408,18.32528839
SierraRetinY5,2,2072,-5.833055556,36.17694444,83.53666003,18.73433101
SierraRetinY5,2,2073,-5.833055556,36.17694444,32.20089236,19.18651297
SierraRetinY5,2,2074,-5.833055556,36.17694444,7.645727885,18.72742942
SierraRetinY5,2,2075,-5.833055556,36.17694444,40.22182219,19.29009617
SierraRetinY5,2,2076,-5.833055556,36.17694444,51.37086961,17.76765831
SierraRetinY5,2,2077,-5.833055556,36.17694444,2.922053619,17.61207297
SierraRetinY5,2,2078,-5.833055556,36.17694444,39.44634968,19.55238822
SierraRetinY5,2,2079,-5.833055556,36.17694444,30.34820185,18.24019448
SierraRetinY5,2,2080,-5.833055556,36.17694444,71.68950236,19.64288246
SierraRetinY5,2,2081,-5.833055556,36.17694444,6.325946073,19.35323922
SierraRetinY5,2,2082,-5.833055556,36.17694444,10.58602153,19.27826734
SierraRetinY5,2,2083,-5.833055556,36.17694444,35.53987682,17.50445491
SierraRetinY5,2,2084,-5.833055556,36.17694444,42.81699311,19.21235204
SierraRetinY5,2,2085,-5.833055556,36.17694444,22.13492805,17.53127114
SierraRetinY5,2,2086,-5.833055556,36.17694444,4.900074415,18.9199561
SierraRetinY5,2,2087,-5.833055556,36.17694444,55.68478612,18.34359458
SierraRetinY5,2,2088,-5.833055556,36.17694444,15.46242068,19.73534651
SierraRetinY5,2,2089,-5.833055556,36.17694444,104.392899,19.04001988
SierraRetinY5,2,2090,-5.833055556,36.17694444,0.802984507,18.39204123
SierraRetinY5,2,2091,-5.833055556,36.17694444,37.30183271,18.59346052
SierraRetinY5,2,2092,-5.833055556,36.17694444,81.58924251,18.96016635
SierraRetinY5,2,2093,-5.833055556,36.17694444,67.2082657,18.2105957
SierraRetinY5,2,2094,-5.833055556,36.17694444,36.03967103,19.01540091
SierraRetinY5,2,2095,-5.833055556,36.17694444,13.80054032,18.38048379
SierraRetinY5,2,2096,-5.833055556,36.17694444,46.00202537,19.23018588
SierraRetinY5,2,2097,-5.833055556,36.17694444,8.91397373,17.98774872
SierraRetinY5,2,2098,-5.833055556,36.17694444,69.089009,17.88892299
SierraRetinY5,2,2099,-5.833055556,36.17694444,79.44200644,17.08939296
SierraRetinY5,2,2100,-5.833055556,36.17694444,175.777249,18.92764435
SierraRetinY5,3,2015,-5.833055556,36.17694444,74.20685184,18.8308517
SierraRetinY5,3,2016,-5.833055556,36.17694444,11.32096212,19.25246877
SierraRetinY5,3,2017,-5.833055556,36.17694444,9.184962248,18.93706665
SierraRetinY5,3,2018,-5.833055556,36.17694444,65.79986847,19.17202345
SierraRetinY5,3,2019,-5.833055556,36.17694444,29.88988647,19.0017777
SierraRetinY5,3,2020,-5.833055556,36.17694444,45.74539551,18.84018023
SierraRetinY5,3,2021,-5.833055556,36.17694444,5.034363812,20.5475836
SierraRetinY5,3,2022,-5.833055556,36.17694444,52.54381091,19.73635549
SierraRetinY5,3,2023,-5.833055556,36.17694444,5.101987935,18.53276387
SierraRetinY5,3,2024,-5.833055556,36.17694444,3.816614441,17.95560854
SierraRetinY5,3,2025,-5.833055556,36.17694444,62.29585121,17.66022398
SierraRetinY5,3,2026,-5.833055556,36.17694444,9.623447147,18.38818635
SierraRetinY5,3,2027,-5.833055556,36.17694444,1.521211397,19.55477295
SierraRetinY5,3,2028,-5.833055556,36.17694444,16.69394926,19.21264924
SierraRetinY5,3,2029,-5.833055556,36.17694444,27.99959444,18.46108792
SierraRetinY5,3,2030,-5.833055556,36.17694444,18.15520127,20.29907404
SierraRetinY5,3,2031,-5.833055556,36.17694444,14.15723536,19.19224775
SierraRetinY5,3,2032,-5.833055556,36.17694444,4.904204851,20.46587721
SierraRetinY5,3,2033,-5.833055556,36.17694444,6.031911014,19.96486029
SierraRetinY5,3,2034,-5.833055556,36.17694444,18.28684818,19.53394618
SierraRetinY5,3,2035,-5.833055556,36.17694444,140.7918908,18.22870346
SierraRetinY5,3,2036,-5.833055556,36.17694444,14.93748358,19.60977744
SierraRetinY5,3,2037,-5.833055556,36.17694444,3.619766137,20.15192221
SierraRetinY5,3,2038,-5.833055556,36.17694444,48.87199321,19.07085473
SierraRetinY5,3,2039,-5.833055556,36.17694444,40.13720962,20.03392846
SierraRetinY5,3,2040,-5.833055556,36.17694444,14.93981015,20.59014774
SierraRetinY5,3,2041,-5.833055556,36.17694444,47.15252239,18.64291362
SierraRetinY5,3,2042,-5.833055556,36.17694444,44.20339634,17.70946163
SierraRetinY5,3,2043,-5.833055556,36.17694444,11.7185509,19.21229189
SierraRetinY5,3,2044,-5.833055556,36.17694444,49.12101967,18.16957811
SierraRetinY5,3,2045,-5.833055556,36.17694444,23.01378676,19.39246964
SierraRetinY5,3,2046,-5.833055556,36.17694444,71.80480919,19.83377351
SierraRetinY5,3,2047,-5.833055556,36.17694444,32.3160577,19.61182212
SierraRetinY5,3,2048,-5.833055556,36.17694444,7.004737372,20.52963631
SierraRetinY5,3,2049,-5.833055556,36.17694444,18.42156342,19.89672044
SierraRetinY5,3,2050,-5.833055556,36.17694444,5.577417177,20.54066005
SierraRetinY5,3,2051,-5.833055556,36.17694444,28.89918853,19.74123732
SierraRetinY5,3,2052,-5.833055556,36.17694444,82.5634129,20.36247677
SierraRetinY5,3,2053,-5.833055556,36.17694444,20.05299771,18.63956949
SierraRetinY5,3,2054,-5.833055556,36.17694444,78.98172275,18.85014373
SierraRetinY5,3,2055,-5.833055556,36.17694444,87.84846465,18.24205244
SierraRetinY5,3,2056,-5.833055556,36.17694444,16.79807881,19.20216104
SierraRetinY5,3,2057,-5.833055556,36.17694444,8.310010355,20.49942391
SierraRetinY5,3,2058,-5.833055556,36.17694444,60.55410289,19.27320399
SierraRetinY5,3,2059,-5.833055556,36.17694444,63.253856,19.56600736
SierraRetinY5,3,2060,-5.833055556,36.17694444,73.02573453,20.3444586
SierraRetinY5,3,2061,-5.833055556,36.17694444,46.5044407,18.30145835
SierraRetinY5,3,2062,-5.833055556,36.17694444,10.08466346,19.67164149
SierraRetinY5,3,2063,-5.833055556,36.17694444,0.738705131,20.04425423
SierraRetinY5,3,2064,-5.833055556,36.17694444,14.07210546,19.7727984
SierraRetinY5,3,2065,-5.833055556,36.17694444,23.30255353,18.57512522
SierraRetinY5,3,2066,-5.833055556,36.17694444,2.589890327,19.7219443
SierraRetinY5,3,2067,-5.833055556,36.17694444,18.00665885,20.52459697
SierraRetinY5,3,2068,-5.833055556,36.17694444,69.37271671,19.37332626
SierraRetinY5,3,2069,-5.833055556,36.17694444,108.5097197,17.99828983
SierraRetinY5,3,2070,-5.833055556,36.17694444,0.531333781,20.33728992
SierraRetinY5,3,2071,-5.833055556,36.17694444,5.966062713,19.30441166
SierraRetinY5,3,2072,-5.833055556,36.17694444,12.26667744,19.97301144
SierraRetinY5,3,2073,-5.833055556,36.17694444,78.8884865,19.45632718
SierraRetinY5,3,2074,-5.833055556,36.17694444,3.31746308,20.4743168
SierraRetinY5,3,2075,-5.833055556,36.17694444,21.50002397,19.79245763
SierraRetinY5,3,2076,-5.833055556,36.17694444,76.17159021,20.39054408
SierraRetinY5,3,2077,-5.833055556,36.17694444,1.818957964,20.97108391
SierraRetinY5,3,2078,-5.833055556,36.17694444,49.44039616,19.45289248
SierraRetinY5,3,2079,-5.833055556,36.17694444,5.241114117,19.68715131
SierraRetinY5,3,2080,-5.833055556,36.17694444,20.32141181,19.25260659
SierraRetinY5,3,2081,-5.833055556,36.17694444,12.62075775,18.69885333
SierraRetinY5,3,2082,-5.833055556,36.17694444,67.7231784,18.96340037
SierraRetinY5,3,2083,-5.833055556,36.17694444,15.04816825,17.58917807
SierraRetinY5,3,2084,-5.833055556,36.17694444,71.57660439,19.9353872
SierraRetinY5,3,2085,-5.833055556,36.17694444,2.518196295,21.0693318
SierraRetinY5,3,2086,-5.833055556,36.17694444,40.32805658,17.91305916
SierraRetinY5,3,2087,-5.833055556,36.17694444,2.267320928,21.18904931
SierraRetinY5,3,2088,-5.833055556,36.17694444,8.691996044,21.05503776
SierraRetinY5,3,2089,-5.833055556,36.17694444,106.9577941,19.85433153
SierraRetinY5,3,2090,-5.833055556,36.17694444,5.891133432,21.51035412
SierraRetinY5,3,2091,-5.833055556,36.17694444,7.361666474,21.45400292
SierraRetinY5,3,2092,-5.833055556,36.17694444,21.42081107,20.34760289
SierraRetinY5,3,2093,-5.833055556,36.17694444,40.02862553,18.83291705
SierraRetinY5,3,2094,-5.833055556,36.17694444,19.60892455,19.39072029
SierraRetinY5,3,2095,-5.833055556,36.17694444,20.98598496,19.0439461
SierraRetinY5,3,2096,-5.833055556,36.17694444,75.67153306,19.38814796
SierraRetinY5,3,2097,-5.833055556,36.17694444,23.64008112,18.83209898
SierraRetinY5,3,2098,-5.833055556,36.17694444,19.95022227,19.77625575
SierraRetinY5,3,2099,-5.833055556,36.17694444,145.7085754,18.99105421
SierraRetinY5,3,2100,-5.833055556,36.17694444,8.410061209,19.30797729
SierraRetinY5,4,2015,-5.833055556,36.17694444,10.67638287,21.12623698
SierraRetinY5,4,2016,-5.833055556,36.17694444,1.584460895,21.04933879
SierraRetinY5,4,2017,-5.833055556,36.17694444,37.80388544,19.81787008
SierraRetinY5,4,2018,-5.833055556,36.17694444,9.216589581,20.14411926
SierraRetinY5,4,2019,-5.833055556,36.17694444,11.59211753,20.33976339
SierraRetinY5,4,2020,-5.833055556,36.17694444,12.88336698,21.13977051
SierraRetinY5,4,2021,-5.833055556,36.17694444,10.07354516,20.32275798
SierraRetinY5,4,2022,-5.833055556,36.17694444,25.55381517,20.59703064
SierraRetinY5,4,2023,-5.833055556,36.17694444,14.82569,21.07220764
SierraRetinY5,4,2024,-5.833055556,36.17694444,2.909946653,19.9987498
SierraRetinY5,4,2025,-5.833055556,36.17694444,19.75810952,19.14472555
SierraRetinY5,4,2026,-5.833055556,36.17694444,2.722560437,19.59160767
SierraRetinY5,4,2027,-5.833055556,36.17694444,36.70088353,20.68689168
SierraRetinY5,4,2028,-5.833055556,36.17694444,6.498881448,20.84480693
SierraRetinY5,4,2029,-5.833055556,36.17694444,44.33135266,19.32819621
SierraRetinY5,4,2030,-5.833055556,36.17694444,91.04549938,19.84445597
SierraRetinY5,4,2031,-5.833055556,36.17694444,19.14774809,20.96447449
SierraRetinY5,4,2032,-5.833055556,36.17694444,32.87367952,19.75101725
SierraRetinY5,4,2033,-5.833055556,36.17694444,7.776304581,22.38696187
SierraRetinY5,4,2034,-5.833055556,36.17694444,89.59012839,20.56028748
SierraRetinY5,4,2035,-5.833055556,36.17694444,41.95954185,20.52013143
SierraRetinY5,4,2036,-5.833055556,36.17694444,22.1156462,21.18709615
SierraRetinY5,4,2037,-5.833055556,36.17694444,1.216886017,22.83715312
SierraRetinY5,4,2038,-5.833055556,36.17694444,40.71606556,19.03232524
SierraRetinY5,4,2039,-5.833055556,36.17694444,14.87928428,22.2487498
SierraRetinY5,4,2040,-5.833055556,36.17694444,27.52909963,21.36758219
SierraRetinY5,4,2041,-5.833055556,36.17694444,18.13133748,20.66074626
SierraRetinY5,4,2042,-5.833055556,36.17694444,4.317293093,20.73244425
SierraRetinY5,4,2043,-5.833055556,36.17694444,22.40750805,19.36189168
SierraRetinY5,4,2044,-5.833055556,36.17694444,21.88931699,20.27235514
SierraRetinY5,4,2045,-5.833055556,36.17694444,30.50973884,20.46107483
SierraRetinY5,4,2046,-5.833055556,36.17694444,34.06045146,19.9101237
SierraRetinY5,4,2047,-5.833055556,36.17694444,13.88863525,20.41307576
SierraRetinY5,4,2048,-5.833055556,36.17694444,37.64080917,20.55793762
SierraRetinY5,4,2049,-5.833055556,36.17694444,1.979437681,21.65305074
SierraRetinY5,4,2050,-5.833055556,36.17694444,29.57996207,20.78478699
SierraRetinY5,4,2051,-5.833055556,36.17694444,10.31257716,21.21235453
SierraRetinY5,4,2052,-5.833055556,36.17694444,21.30963629,20.80608317
SierraRetinY5,4,2053,-5.833055556,36.17694444,23.63619946,21.853066
SierraRetinY5,4,2054,-5.833055556,36.17694444,43.6429438,21.73808492
SierraRetinY5,4,2055,-5.833055556,36.17694444,22.21977623,20.25409749
SierraRetinY5,4,2056,-5.833055556,36.17694444,72.13058428,21.3395518
SierraRetinY5,4,2057,-5.833055556,36.17694444,38.84411474,21.59912821
SierraRetinY5,4,2058,-5.833055556,36.17694444,8.846961813,22.1385081
SierraRetinY5,4,2059,-5.833055556,36.17694444,7.045663615,21.14902751
SierraRetinY5,4,2060,-5.833055556,36.17694444,60.00396843,19.84313253
SierraRetinY5,4,2061,-5.833055556,36.17694444,36.20327443,20.91103414
SierraRetinY5,4,2062,-5.833055556,36.17694444,5.994525473,20.94582011
SierraRetinY5,4,2063,-5.833055556,36.17694444,21.63423323,20.85545553
SierraRetinY5,4,2064,-5.833055556,36.17694444,0.020912067,22.56630249
SierraRetinY5,4,2065,-5.833055556,36.17694444,9.621166142,20.37371419
SierraRetinY5,4,2066,-5.833055556,36.17694444,5.276883295,21.59620361
SierraRetinY5,4,2067,-5.833055556,36.17694444,43.1309814,21.10457255
SierraRetinY5,4,2068,-5.833055556,36.17694444,5.973807959,20.13964742
SierraRetinY5,4,2069,-5.833055556,36.17694444,0.668456664,21.81633504
SierraRetinY5,4,2070,-5.833055556,36.17694444,10.5549168,21.6108846
SierraRetinY5,4,2071,-5.833055556,36.17694444,2.158402944,21.82460531
SierraRetinY5,4,2072,-5.833055556,36.17694444,6.322821151,20.41801656
SierraRetinY5,4,2073,-5.833055556,36.17694444,37.41647114,18.75504456
SierraRetinY5,4,2074,-5.833055556,36.17694444,7.430704913,22.79830729
SierraRetinY5,4,2075,-5.833055556,36.17694444,5.578122162,22.33265788
SierraRetinY5,4,2076,-5.833055556,36.17694444,2.178396288,23.05609131
SierraRetinY5,4,2077,-5.833055556,36.17694444,16.06805854,20.40619202
SierraRetinY5,4,2078,-5.833055556,36.17694444,5.50790577,20.02064921
SierraRetinY5,4,2079,-5.833055556,36.17694444,9.72344613,22.32193909
SierraRetinY5,4,2080,-5.833055556,36.17694444,7.118482799,21.09522705
SierraRetinY5,4,2081,-5.833055556,36.17694444,2.410498483,22.30288391
SierraRetinY5,4,2082,-5.833055556,36.17694444,1.040689302,21.65749512
SierraRetinY5,4,2083,-5.833055556,36.17694444,11.58938126,19.99726257
SierraRetinY5,4,2084,-5.833055556,36.17694444,6.513694471,22.37523092
SierraRetinY5,4,2085,-5.833055556,36.17694444,8.899806446,21.37431335
SierraRetinY5,4,2086,-5.833055556,36.17694444,1.744852238,21.56924845
SierraRetinY5,4,2087,-5.833055556,36.17694444,3.893647659,22.57929484
SierraRetinY5,4,2088,-5.833055556,36.17694444,0.850635797,21.75294291
SierraRetinY5,4,2089,-5.833055556,36.17694444,3.855302625,21.21770325
SierraRetinY5,4,2090,-5.833055556,36.17694444,8.428173084,21.88203532
SierraRetinY5,4,2091,-5.833055556,36.17694444,15.92107241,21.54178467
SierraRetinY5,4,2092,-5.833055556,36.17694444,48.48522992,21.36782735
SierraRetinY5,4,2093,-5.833055556,36.17694444,18.8591037,20.80455831
SierraRetinY5,4,2094,-5.833055556,36.17694444,5.043698104,19.88396403
SierraRetinY5,4,2095,-5.833055556,36.17694444,63.39045148,20.44449768
SierraRetinY5,4,2096,-5.833055556,36.17694444,30.10288319,19.48202108
SierraRetinY5,4,2097,-5.833055556,36.17694444,64.54226156,20.14651489
SierraRetinY5,4,2098,-5.833055556,36.17694444,9.867827357,22.06889547
SierraRetinY5,4,2099,-5.833055556,36.17694444,10.66608894,21.86751404
SierraRetinY5,4,2100,-5.833055556,36.17694444,51.3356164,21.30665181
SierraRetinY5,5,2015,-5.833055556,36.17694444,37.10353703,22.94346451
SierraRetinY5,5,2016,-5.833055556,36.17694444,52.66466024,19.97607698
SierraRetinY5,5,2017,-5.833055556,36.17694444,0.494441427,22.71953243
SierraRetinY5,5,2018,-5.833055556,36.17694444,8.077228316,21.81867321
SierraRetinY5,5,2019,-5.833055556,36.17694444,0.276097909,22.92220754
SierraRetinY5,5,2020,-5.833055556,36.17694444,12.34515445,21.53956338
SierraRetinY5,5,2021,-5.833055556,36.17694444,17.39239704,21.67542666
SierraRetinY5,5,2022,-5.833055556,36.17694444,33.36412712,21.69330011
SierraRetinY5,5,2023,-5.833055556,36.17694444,21.05974173,23.14796674
SierraRetinY5,5,2024,-5.833055556,36.17694444,13.30567151,21.9690855
SierraRetinY5,5,2025,-5.833055556,36.17694444,26.3436063,19.58141086
SierraRetinY5,5,2026,-5.833055556,36.17694444,6.100500668,21.38260557
SierraRetinY5,5,2027,-5.833055556,36.17694444,4.501893661,21.99690079
SierraRetinY5,5,2028,-5.833055556,36.17694444,10.20890787,21.23529328
SierraRetinY5,5,2029,-5.833055556,36.17694444,8.08521834,22.52410672
SierraRetinY5,5,2030,-5.833055556,36.17694444,18.88633193,22.53110804
SierraRetinY5,5,2031,-5.833055556,36.17694444,97.54416313,22.0749116
SierraRetinY5,5,2032,-5.833055556,36.17694444,4.32412124,23.37562492
SierraRetinY5,5,2033,-5.833055556,36.17694444,13.54420636,22.50346502
SierraRetinY5,5,2034,-5.833055556,36.17694444,36.64865926,21.64634931
SierraRetinY5,5,2035,-5.833055556,36.17694444,53.82794688,19.13140948
SierraRetinY5,5,2036,-5.833055556,36.17694444,6.903368859,22.45989281
SierraRetinY5,5,2037,-5.833055556,36.17694444,4.688164946,22.80930826
SierraRetinY5,5,2038,-5.833055556,36.17694444,13.37099076,21.50601767
SierraRetinY5,5,2039,-5.833055556,36.17694444,0.485929014,23.70333055
SierraRetinY5,5,2040,-5.833055556,36.17694444,26.17632193,19.93542658
SierraRetinY5,5,2041,-5.833055556,36.17694444,4.84617277,21.54315855
SierraRetinY5,5,2042,-5.833055556,36.17694444,25.45349405,22.47802026
SierraRetinY5,5,2043,-5.833055556,36.17694444,10.17653636,22.42703326
SierraRetinY5,5,2044,-5.833055556,36.17694444,4.486534845,21.44695927
SierraRetinY5,5,2045,-5.833055556,36.17694444,12.19850608,22.17272831
SierraRetinY5,5,2046,-5.833055556,36.17694444,18.77629352,22.70058495
SierraRetinY5,5,2047,-5.833055556,36.17694444,6.933513668,22.04544245
SierraRetinY5,5,2048,-5.833055556,36.17694444,10.04348477,21.43024056
SierraRetinY5,5,2049,-5.833055556,36.17694444,2.495595056,23.45917024
SierraRetinY5,5,2050,-5.833055556,36.17694444,7.440058557,23.08829503
SierraRetinY5,5,2051,-5.833055556,36.17694444,9.23760733,23.28760435
SierraRetinY5,5,2052,-5.833055556,36.17694444,1.663597476,23.96537023
SierraRetinY5,5,2053,-5.833055556,36.17694444,26.8797383,23.6743861
SierraRetinY5,5,2054,-5.833055556,36.17694444,32.08147581,22.80759435
SierraRetinY5,5,2055,-5.833055556,36.17694444,1.314877832,21.91931526
SierraRetinY5,5,2056,-5.833055556,36.17694444,13.78302338,22.28879158
SierraRetinY5,5,2057,-5.833055556,36.17694444,12.70113736,21.84449699
SierraRetinY5,5,2058,-5.833055556,36.17694444,28.4164724,23.0531506
SierraRetinY5,5,2059,-5.833055556,36.17694444,5.397987299,23.80001516
SierraRetinY5,5,2060,-5.833055556,36.17694444,30.06726337,22.46803412
SierraRetinY5,5,2061,-5.833055556,36.17694444,2.344915784,22.82770051
SierraRetinY5,5,2062,-5.833055556,36.17694444,17.44289359,22.19528966
SierraRetinY5,5,2063,-5.833055556,36.17694444,2.265132404,22.46147678
SierraRetinY5,5,2064,-5.833055556,36.17694444,18.38609178,24.02326896
SierraRetinY5,5,2065,-5.833055556,36.17694444,6.380711941,22.30527895
SierraRetinY5,5,2066,-5.833055556,36.17694444,2.607524588,20.92097995
SierraRetinY5,5,2067,-5.833055556,36.17694444,2.853773732,23.36666063
SierraRetinY5,5,2068,-5.833055556,36.17694444,23.57560945,21.54578306
SierraRetinY5,5,2069,-5.833055556,36.17694444,0.797237176,24.30689048
SierraRetinY5,5,2070,-5.833055556,36.17694444,2.367694534,23.54999449
SierraRetinY5,5,2071,-5.833055556,36.17694444,9.671447229,23.31756671
SierraRetinY5,5,2072,-5.833055556,36.17694444,58.54275454,20.49748555
SierraRetinY5,5,2073,-5.833055556,36.17694444,3.95786808,23.74288822
SierraRetinY5,5,2074,-5.833055556,36.17694444,9.943351806,22.3339704
SierraRetinY5,5,2075,-5.833055556,36.17694444,35.67451757,23.12580015
SierraRetinY5,5,2076,-5.833055556,36.17694444,11.11695754,25.24355173
SierraRetinY5,5,2077,-5.833055556,36.17694444,9.73999306,22.62155525
SierraRetinY5,5,2078,-5.833055556,36.17694444,74.01058103,20.24768047
SierraRetinY5,5,2079,-5.833055556,36.17694444,1.958215792,24.32604075
SierraRetinY5,5,2080,-5.833055556,36.17694444,73.16692071,21.74213808
SierraRetinY5,5,2081,-5.833055556,36.17694444,3.254647402,23.83934641
SierraRetinY5,5,2082,-5.833055556,36.17694444,24.41794111,22.64205519
SierraRetinY5,5,2083,-5.833055556,36.17694444,0.441434816,24.14290082
SierraRetinY5,5,2084,-5.833055556,36.17694444,40.49294653,21.82944198
SierraRetinY5,5,2085,-5.833055556,36.17694444,3.731917391,22.82740616
SierraRetinY5,5,2086,-5.833055556,36.17694444,7.902178152,22.98795225
SierraRetinY5,5,2087,-5.833055556,36.17694444,1.842866564,24.38737124
SierraRetinY5,5,2088,-5.833055556,36.17694444,7.133939795,24.86716663
SierraRetinY5,5,2089,-5.833055556,36.17694444,15.89273349,23.8382842
SierraRetinY5,5,2090,-5.833055556,36.17694444,32.44331281,22.95108013
SierraRetinY5,5,2091,-5.833055556,36.17694444,1.335829986,22.39509317
SierraRetinY5,5,2092,-5.833055556,36.17694444,7.922527324,23.19247909
SierraRetinY5,5,2093,-5.833055556,36.17694444,19.58589788,23.29491183
SierraRetinY5,5,2094,-5.833055556,36.17694444,3.242814603,22.58016948
SierraRetinY5,5,2095,-5.833055556,36.17694444,1.889537123,23.62939827
SierraRetinY5,5,2096,-5.833055556,36.17694444,2.38974993,22.37526954
SierraRetinY5,5,2097,-5.833055556,36.17694444,1.41521282,22.30567273
SierraRetinY5,5,2098,-5.833055556,36.17694444,17.24263104,22.04525343
SierraRetinY5,5,2099,-5.833055556,36.17694444,10.13229326,26.01182192
SierraRetinY5,5,2100,-5.833055556,36.17694444,64.39699616,20.17481138
SierraRetinY5,6,2015,-5.833055556,36.17694444,2.386556439,24.38606771
SierraRetinY5,6,2016,-5.833055556,36.17694444,9.5980811,24.36053162
SierraRetinY5,6,2017,-5.833055556,36.17694444,9.896865135,23.55810445
SierraRetinY5,6,2018,-5.833055556,36.17694444,0.005384207,24.37198486
SierraRetinY5,6,2019,-5.833055556,36.17694444,3.09715182,25.01913147
SierraRetinY5,6,2020,-5.833055556,36.17694444,0.786798349,24.91200562
SierraRetinY5,6,2021,-5.833055556,36.17694444,0.649813957,25.18579203
SierraRetinY5,6,2022,-5.833055556,36.17694444,6.370471806,26.2209788
SierraRetinY5,6,2023,-5.833055556,36.17694444,16.31564055,24.65616455
SierraRetinY5,6,2024,-5.833055556,36.17694444,0.16666305,25.73194784
SierraRetinY5,6,2025,-5.833055556,36.17694444,2.668705696,23.40130107
SierraRetinY5,6,2026,-5.833055556,36.17694444,10.05820931,26.11006673
SierraRetinY5,6,2027,-5.833055556,36.17694444,0.681491397,24.00135396
SierraRetinY5,6,2028,-5.833055556,36.17694444,10.87258337,24.42867432
SierraRetinY5,6,2029,-5.833055556,36.17694444,3.777336083,23.52245076
SierraRetinY5,6,2030,-5.833055556,36.17694444,16.56937016,24.77409159
SierraRetinY5,6,2031,-5.833055556,36.17694444,3.312944161,27.2623586
SierraRetinY5,6,2032,-5.833055556,36.17694444,2.251485762,27.15068156
SierraRetinY5,6,2033,-5.833055556,36.17694444,1.968794211,25.09421794
SierraRetinY5,6,2034,-5.833055556,36.17694444,2.242798987,24.75919698
SierraRetinY5,6,2035,-5.833055556,36.17694444,13.71319831,24.08741353
SierraRetinY5,6,2036,-5.833055556,36.17694444,1.192166871,24.85311381
SierraRetinY5,6,2037,-5.833055556,36.17694444,20.03354741,25.2783193
SierraRetinY5,6,2038,-5.833055556,36.17694444,10.67426616,24.14497375
SierraRetinY5,6,2039,-5.833055556,36.17694444,3.388225964,27.44824422
SierraRetinY5,6,2040,-5.833055556,36.17694444,3.784670204,24.17464498
SierraRetinY5,6,2041,-5.833055556,36.17694444,2.536012331,24.837854
SierraRetinY5,6,2042,-5.833055556,36.17694444,1.15569607,24.86572876
SierraRetinY5,6,2043,-5.833055556,36.17694444,0.591163621,26.5739563
SierraRetinY5,6,2044,-5.833055556,36.17694444,1.858234256,25.63618469
SierraRetinY5,6,2045,-5.833055556,36.17694444,25.04882212,24.69551493
SierraRetinY5,6,2046,-5.833055556,36.17694444,1.657897294,24.7845815
SierraRetinY5,6,2047,-5.833055556,36.17694444,12.62374299,26.46273193
SierraRetinY5,6,2048,-5.833055556,36.17694444,2.866077442,26.74478048
SierraRetinY5,6,2049,-5.833055556,36.17694444,11.66634076,26.82177429
SierraRetinY5,6,2050,-5.833055556,36.17694444,14.24349324,25.45560811
SierraRetinY5,6,2051,-5.833055556,36.17694444,2.99360942,24.44995626
SierraRetinY5,6,2052,-5.833055556,36.17694444,2.499148692,26.85981547
SierraRetinY5,6,2053,-5.833055556,36.17694444,1.050788301,25.49899699
SierraRetinY5,6,2054,-5.833055556,36.17694444,2.535739082,27.74797567
SierraRetinY5,6,2055,-5.833055556,36.17694444,2.162180494,25.96574809
SierraRetinY5,6,2056,-5.833055556,36.17694444,2.873819242,25.33465271
SierraRetinY5,6,2057,-5.833055556,36.17694444,0.477220522,26.37729289
SierraRetinY5,6,2058,-5.833055556,36.17694444,1.762015494,25.76585592
SierraRetinY5,6,2059,-5.833055556,36.17694444,0.862666919,25.69827983
SierraRetinY5,6,2060,-5.833055556,36.17694444,12.3898493,24.90838623
SierraRetinY5,6,2061,-5.833055556,36.17694444,10.12239847,28.37172546
SierraRetinY5,6,2062,-5.833055556,36.17694444,1.177279576,26.98676961
SierraRetinY5,6,2063,-5.833055556,36.17694444,0.80680905,26.57501526
SierraRetinY5,6,2064,-5.833055556,36.17694444,0.985338693,26.35435893
SierraRetinY5,6,2065,-5.833055556,36.17694444,0.323042912,26.7728007
SierraRetinY5,6,2066,-5.833055556,36.17694444,1.809514493,25.39113363
SierraRetinY5,6,2067,-5.833055556,36.17694444,2.838857377,28.52485352
SierraRetinY5,6,2068,-5.833055556,36.17694444,2.343033725,26.34004618
SierraRetinY5,6,2069,-5.833055556,36.17694444,19.34872891,27.23269348
SierraRetinY5,6,2070,-5.833055556,36.17694444,101.8890223,26.47226461
SierraRetinY5,6,2071,-5.833055556,36.17694444,0.155060868,26.1340922
SierraRetinY5,6,2072,-5.833055556,36.17694444,16.25763707,24.23524679
SierraRetinY5,6,2073,-5.833055556,36.17694444,11.68917835,25.14749146
SierraRetinY5,6,2074,-5.833055556,36.17694444,1.932863213,25.60352783
SierraRetinY5,6,2075,-5.833055556,36.17694444,5.529626796,25.86636759
SierraRetinY5,6,2076,-5.833055556,36.17694444,3.987541899,26.63648071
SierraRetinY5,6,2077,-5.833055556,36.17694444,0.031820101,27.20309448
SierraRetinY5,6,2078,-5.833055556,36.17694444,1.845044488,26.60203756
SierraRetinY5,6,2079,-5.833055556,36.17694444,2.329185972,25.79715474
SierraRetinY5,6,2080,-5.833055556,36.17694444,6.371713711,24.82960205
SierraRetinY5,6,2081,-5.833055556,36.17694444,9.780865343,28.51313477
SierraRetinY5,6,2082,-5.833055556,36.17694444,1.068479932,27.01133931
SierraRetinY5,6,2083,-5.833055556,36.17694444,2.432357433,27.46293335
SierraRetinY5,6,2084,-5.833055556,36.17694444,14.21004611,22.80892029
SierraRetinY5,6,2085,-5.833055556,36.17694444,0.160112953,26.60691732
SierraRetinY5,6,2086,-5.833055556,36.17694444,6.100316378,24.21611125
SierraRetinY5,6,2087,-5.833055556,36.17694444,9.741535944,30.17606506
SierraRetinY5,6,2088,-5.833055556,36.17694444,10.35299562,24.60228068
SierraRetinY5,6,2089,-5.833055556,36.17694444,0.461550053,25.20075887
SierraRetinY5,6,2090,-5.833055556,36.17694444,1.930289505,27.06762085
SierraRetinY5,6,2091,-5.833055556,36.17694444,1.306863377,25.61158346
SierraRetinY5,6,2092,-5.833055556,36.17694444,18.72567712,26.999941
SierraRetinY5,6,2093,-5.833055556,36.17694444,0.041956355,27.05195211
SierraRetinY5,6,2094,-5.833055556,36.17694444,2.970495257,25.30676778
SierraRetinY5,6,2095,-5.833055556,36.17694444,3.697247038,26.52075907
SierraRetinY5,6,2096,-5.833055556,36.17694444,0.899788851,25.57396342
SierraRetinY5,6,2097,-5.833055556,36.17694444,2.18291277315316e-05,26.7915446
SierraRetinY5,6,2098,-5.833055556,36.17694444,3.570880723,24.84163411
SierraRetinY5,6,2099,-5.833055556,36.17694444,6.729827572,26.91000875
SierraRetinY5,6,2100,-5.833055556,36.17694444,0.953795644,25.47911784
SierraRetinY5,7,2015,-5.833055556,36.17694444,1.561747536,27.30535869
SierraRetinY5,7,2016,-5.833055556,36.17694444,0.300975914,29.04582244
SierraRetinY5,7,2017,-5.833055556,36.17694444,0.003360225,28.25381942
SierraRetinY5,7,2018,-5.833055556,36.17694444,0.422734926,27.81874409
SierraRetinY5,7,2019,-5.833055556,36.17694444,0.261756045,28.93285424
SierraRetinY5,7,2020,-5.833055556,36.17694444,0.014459079,29.06964781
SierraRetinY5,7,2021,-5.833055556,36.17694444,2.862450196,28.04847451
SierraRetinY5,7,2022,-5.833055556,36.17694444,3.10218602190049e-06,28.87255643
SierraRetinY5,7,2023,-5.833055556,36.17694444,0.052562574,28.53130296
SierraRetinY5,7,2024,-5.833055556,36.17694444,0.004206734,28.4978744
SierraRetinY5,7,2025,-5.833055556,36.17694444,3.258256772,27.15881919
SierraRetinY5,7,2026,-5.833055556,36.17694444,20.99722829,27.91176955
SierraRetinY5,7,2027,-5.833055556,36.17694444,0.715858753,28.08624149
SierraRetinY5,7,2028,-5.833055556,36.17694444,2.245283699,29.06514794
SierraRetinY5,7,2029,-5.833055556,36.17694444,3.963127158,27.17677041
SierraRetinY5,7,2030,-5.833055556,36.17694444,1.782505645,26.3174722
SierraRetinY5,7,2031,-5.833055556,36.17694444,1.315918314,30.06223696
SierraRetinY5,7,2032,-5.833055556,36.17694444,1.00532654,27.819446
SierraRetinY5,7,2033,-5.833055556,36.17694444,3.866217339,28.3154226
SierraRetinY5,7,2034,-5.833055556,36.17694444,0.548774216,29.53201077
SierraRetinY5,7,2035,-5.833055556,36.17694444,0.042736029,28.16351299
SierraRetinY5,7,2036,-5.833055556,36.17694444,1.965926604,28.646432
SierraRetinY5,7,2037,-5.833055556,36.17694444,7.69646655,28.78755021
SierraRetinY5,7,2038,-5.833055556,36.17694444,0.228010329,27.67496397
SierraRetinY5,7,2039,-5.833055556,36.17694444,1.505786631,30.20287771
SierraRetinY5,7,2040,-5.833055556,36.17694444,1.046151871,29.62074309
SierraRetinY5,7,2041,-5.833055556,36.17694444,6.257905659,29.2916307
SierraRetinY5,7,2042,-5.833055556,36.17694444,1.896243293,29.47318076
SierraRetinY5,7,2043,-5.833055556,36.17694444,0.646684667,29.14074786
SierraRetinY5,7,2044,-5.833055556,36.17694444,1.41341341,29.42844002
SierraRetinY5,7,2045,-5.833055556,36.17694444,2.19319597267979e-08,29.06248011
SierraRetinY5,7,2046,-5.833055556,36.17694444,1.92595275,27.41701955
SierraRetinY5,7,2047,-5.833055556,36.17694444,1.811398354,29.67680684
SierraRetinY5,7,2048,-5.833055556,36.17694444,2.197463768,28.97865817
SierraRetinY5,7,2049,-5.833055556,36.17694444,0.036317649,29.67583028
SierraRetinY5,7,2050,-5.833055556,36.17694444,0.338770153,30.18029569
SierraRetinY5,7,2051,-5.833055556,36.17694444,1.17728226,29.03941867
SierraRetinY5,7,2052,-5.833055556,36.17694444,3.533192897,29.89242731
SierraRetinY5,7,2053,-5.833055556,36.17694444,0.239338684,28.55137959
SierraRetinY5,7,2054,-5.833055556,36.17694444,2.34338576,29.38482745
SierraRetinY5,7,2055,-5.833055556,36.17694444,2.48874796,27.38972306
SierraRetinY5,7,2056,-5.833055556,36.17694444,2.914455908,29.76984509
SierraRetinY5,7,2057,-5.833055556,36.17694444,0.267023484,31.17085985
SierraRetinY5,7,2058,-5.833055556,36.17694444,1.561756258,29.07820946
SierraRetinY5,7,2059,-5.833055556,36.17694444,0.246327009,29.51910479
SierraRetinY5,7,2060,-5.833055556,36.17694444,2.761913685,29.7221343
SierraRetinY5,7,2061,-5.833055556,36.17694444,0.507983679,31.17371275
SierraRetinY5,7,2062,-5.833055556,36.17694444,3.624390982,31.00408522
SierraRetinY5,7,2063,-5.833055556,36.17694444,0.9298508,29.8944139
SierraRetinY5,7,2064,-5.833055556,36.17694444,0.082728742,29.50707299
SierraRetinY5,7,2065,-5.833055556,36.17694444,2.935411703,28.85308031
SierraRetinY5,7,2066,-5.833055556,36.17694444,0.060002106,30.19459169
SierraRetinY5,7,2067,-5.833055556,36.17694444,0.001369567,30.07023256
SierraRetinY5,7,2068,-5.833055556,36.17694444,4.123628906,29.74612309
SierraRetinY5,7,2069,-5.833055556,36.17694444,4.96668160276824e-08,30.6215336
SierraRetinY5,7,2070,-5.833055556,36.17694444,6.775264131,30.45731162
SierraRetinY5,7,2071,-5.833055556,36.17694444,2.903154937,29.47242471
SierraRetinY5,7,2072,-5.833055556,36.17694444,3.181070461,28.86564174
SierraRetinY5,7,2073,-5.833055556,36.17694444,0.564209412,28.86205346
SierraRetinY5,7,2074,-5.833055556,36.17694444,0.577668828,28.96401269
SierraRetinY5,7,2075,-5.833055556,36.17694444,2.849619471,29.84193253
SierraRetinY5,7,2076,-5.833055556,36.17694444,3.321037803,29.70153198
SierraRetinY5,7,2077,-5.833055556,36.17694444,0.02739368,29.50046938
SierraRetinY5,7,2078,-5.833055556,36.17694444,2.650200549,30.212538
SierraRetinY5,7,2079,-5.833055556,36.17694444,1.16921716,28.56331
SierraRetinY5,7,2080,-5.833055556,36.17694444,1.626546522,28.78788393
SierraRetinY5,7,2081,-5.833055556,36.17694444,2.254689604,30.83519011
SierraRetinY5,7,2082,-5.833055556,36.17694444,0.84667919,29.73622062
SierraRetinY5,7,2083,-5.833055556,36.17694444,0.119474761,31.21236671
SierraRetinY5,7,2084,-5.833055556,36.17694444,0.585921681,29.52952211
SierraRetinY5,7,2085,-5.833055556,36.17694444,1.086267095,30.8555414
SierraRetinY5,7,2086,-5.833055556,36.17694444,1.204358928,29.43620133
SierraRetinY5,7,2087,-5.833055556,36.17694444,0.611455304,30.59036727
SierraRetinY5,7,2088,-5.833055556,36.17694444,1.49521957,29.05652426
SierraRetinY5,7,2089,-5.833055556,36.17694444,2.872661596,29.06514105
SierraRetinY5,7,2090,-5.833055556,36.17694444,3.90240611,29.21592053
SierraRetinY5,7,2091,-5.833055556,36.17694444,1.573886328,29.89406935
SierraRetinY5,7,2092,-5.833055556,36.17694444,0.334210053,29.5962611
SierraRetinY5,7,2093,-5.833055556,36.17694444,3.698422452,28.91601247
SierraRetinY5,7,2094,-5.833055556,36.17694444,3.77112590585564e-09,29.19517251
SierraRetinY5,7,2095,-5.833055556,36.17694444,4.43500444,29.33953346
SierraRetinY5,7,2096,-5.833055556,36.17694444,0.889466572,30.14954873
SierraRetinY5,7,2097,-5.833055556,36.17694444,4.330065167,29.70525316
SierraRetinY5,7,2098,-5.833055556,36.17694444,0.466175394,28.7864624
SierraRetinY5,7,2099,-5.833055556,36.17694444,1.813428935,30.21615482
SierraRetinY5,7,2100,-5.833055556,36.17694444,2.80315116127542e-10,29.5971658
SierraRetinY5,8,2015,-5.833055556,36.17694444,3.47303549469564e-06,28.551101
SierraRetinY5,8,2016,-5.833055556,36.17694444,1.759186315,29.38573313
SierraRetinY5,8,2017,-5.833055556,36.17694444,6.154460831,27.82435047
SierraRetinY5,8,2018,-5.833055556,36.17694444,1.228779111,29.60153671
SierraRetinY5,8,2019,-5.833055556,36.17694444,13.67578731,29.23709973
SierraRetinY5,8,2020,-5.833055556,36.17694444,0.403147122,29.72665878
SierraRetinY5,8,2021,-5.833055556,36.17694444,2.210437437,28.3552441
SierraRetinY5,8,2022,-5.833055556,36.17694444,1.784649608,28.87623134
SierraRetinY5,8,2023,-5.833055556,36.17694444,6.770241081,30.29820379
SierraRetinY5,8,2024,-5.833055556,36.17694444,0.438765823,28.64337828
SierraRetinY5,8,2025,-5.833055556,36.17694444,1.520916046,29.2737789
SierraRetinY5,8,2026,-5.833055556,36.17694444,2.186477559,28.35303207
SierraRetinY5,8,2027,-5.833055556,36.17694444,0.946500532,30.49585827
SierraRetinY5,8,2028,-5.833055556,36.17694444,17.70372238,30.63074301
SierraRetinY5,8,2029,-5.833055556,36.17694444,0.175108554,29.26802585
SierraRetinY5,8,2030,-5.833055556,36.17694444,0.888644243,28.20162846
SierraRetinY5,8,2031,-5.833055556,36.17694444,16.95317665,28.18512632
SierraRetinY5,8,2032,-5.833055556,36.17694444,2.584711337,29.49279667
SierraRetinY5,8,2033,-5.833055556,36.17694444,0.000487383,30.12271886
SierraRetinY5,8,2034,-5.833055556,36.17694444,0.677437619,30.2119749
SierraRetinY5,8,2035,-5.833055556,36.17694444,1.131359477,28.55137172
SierraRetinY5,8,2036,-5.833055556,36.17694444,3.988255524,28.55125555
SierraRetinY5,8,2037,-5.833055556,36.17694444,1.406253627,29.58688532
SierraRetinY5,8,2038,-5.833055556,36.17694444,0.000797247,31.23201511
SierraRetinY5,8,2039,-5.833055556,36.17694444,3.259317126,29.86774745
SierraRetinY5,8,2040,-5.833055556,36.17694444,0.016685926,28.4196864
SierraRetinY5,8,2041,-5.833055556,36.17694444,20.91970275,29.12219514
SierraRetinY5,8,2042,-5.833055556,36.17694444,10.67251027,29.72159286
SierraRetinY5,8,2043,-5.833055556,36.17694444,1.861114827,28.70493814
SierraRetinY5,8,2044,-5.833055556,36.17694444,0.410859368,30.70618837
SierraRetinY5,8,2045,-5.833055556,36.17694444,0.851137877,30.47026092
SierraRetinY5,8,2046,-5.833055556,36.17694444,10.30986317,31.08566658
SierraRetinY5,8,2047,-5.833055556,36.17694444,0.120839661,30.39430463
SierraRetinY5,8,2048,-5.833055556,36.17694444,4.12334074,28.77703247
SierraRetinY5,8,2049,-5.833055556,36.17694444,0.933141305,31.40990108
SierraRetinY5,8,2050,-5.833055556,36.17694444,9.866212031,30.43200861
SierraRetinY5,8,2051,-5.833055556,36.17694444,0.005344592,29.83907963
SierraRetinY5,8,2052,-5.833055556,36.17694444,0.394831026,29.27501634
SierraRetinY5,8,2053,-5.833055556,36.17694444,2.820658325,30.04845384
SierraRetinY5,8,2054,-5.833055556,36.17694444,1.835586461,29.9118739
SierraRetinY5,8,2055,-5.833055556,36.17694444,0.160732609,29.50846597
SierraRetinY5,8,2056,-5.833055556,36.17694444,1.02873497,30.345382
SierraRetinY5,8,2057,-5.833055556,36.17694444,9.7742826,31.57753217
SierraRetinY5,8,2058,-5.833055556,36.17694444,0.174790288,31.01437654
SierraRetinY5,8,2059,-5.833055556,36.17694444,3.223459541,31.36671477
SierraRetinY5,8,2060,-5.833055556,36.17694444,0.135995047,30.14187504
SierraRetinY5,8,2061,-5.833055556,36.17694444,32.2309188,30.62401537
SierraRetinY5,8,2062,-5.833055556,36.17694444,0.544191474,30.10677293
SierraRetinY5,8,2063,-5.833055556,36.17694444,2.369114172,30.23998512
SierraRetinY5,8,2064,-5.833055556,36.17694444,4.635285679,29.33186961
SierraRetinY5,8,2065,-5.833055556,36.17694444,18.19684769,28.91905931
SierraRetinY5,8,2066,-5.833055556,36.17694444,1.112916677,30.34428435
SierraRetinY5,8,2067,-5.833055556,36.17694444,7.379736855,30.21752221
SierraRetinY5,8,2068,-5.833055556,36.17694444,0.00067627,29.92086674
SierraRetinY5,8,2069,-5.833055556,36.17694444,0.097930072,29.32589997
SierraRetinY5,8,2070,-5.833055556,36.17694444,0.861294337,30.41027025
SierraRetinY5,8,2071,-5.833055556,36.17694444,6.06782568,31.08341616
SierraRetinY5,8,2072,-5.833055556,36.17694444,1.354183511,30.17617483
SierraRetinY5,8,2073,-5.833055556,36.17694444,0.657512036,31.98067233
SierraRetinY5,8,2074,-5.833055556,36.17694444,0.727288302,30.68335729
SierraRetinY5,8,2075,-5.833055556,36.17694444,0.660206242,31.33692568
SierraRetinY5,8,2076,-5.833055556,36.17694444,3.540732849,30.09061437
SierraRetinY5,8,2077,-5.833055556,36.17694444,5.672721387,29.27150682
SierraRetinY5,8,2078,-5.833055556,36.17694444,4.551252176,29.25032565
SierraRetinY5,8,2079,-5.833055556,36.17694444,1.757922877,28.49946328
SierraRetinY5,8,2080,-5.833055556,36.17694444,0.007059102,30.49201503
SierraRetinY5,8,2081,-5.833055556,36.17694444,6.396196579,32.48975377
SierraRetinY5,8,2082,-5.833055556,36.17694444,0.281998573,32.02711123
SierraRetinY5,8,2083,-5.833055556,36.17694444,1.64652698,28.89130308
SierraRetinY5,8,2084,-5.833055556,36.17694444,1.294419331,31.59779978
SierraRetinY5,8,2085,-5.833055556,36.17694444,2.078010391,28.78585205
SierraRetinY5,8,2086,-5.833055556,36.17694444,3.51178111127673e-08,31.19611954
SierraRetinY5,8,2087,-5.833055556,36.17694444,1.580227121,30.2424974
SierraRetinY5,8,2088,-5.833055556,36.17694444,0.734956697,28.73663212
SierraRetinY5,8,2089,-5.833055556,36.17694444,2.332528043,29.70654376
SierraRetinY5,8,2090,-5.833055556,36.17694444,1.073012085,30.09467616
SierraRetinY5,8,2091,-5.833055556,36.17694444,2.739472792,28.58758525
SierraRetinY5,8,2092,-5.833055556,36.17694444,0.511414649,31.60980205
SierraRetinY5,8,2093,-5.833055556,36.17694444,0.843254918,32.53468352
SierraRetinY5,8,2094,-5.833055556,36.17694444,1.68381717,28.89090045
SierraRetinY5,8,2095,-5.833055556,36.17694444,0.540991553,28.8699644
SierraRetinY5,8,2096,-5.833055556,36.17694444,12.67432415,30.17584701
SierraRetinY5,8,2097,-5.833055556,36.17694444,0.324106244,31.33470872
SierraRetinY5,8,2098,-5.833055556,36.17694444,0.856176191,28.51154529
SierraRetinY5,8,2099,-5.833055556,36.17694444,5.560067766,31.40303266
SierraRetinY5,8,2100,-5.833055556,36.17694444,3.044128092,30.17303152
SierraRetinY5,9,2015,-5.833055556,36.17694444,10.50358309,28.05815226
SierraRetinY5,9,2016,-5.833055556,36.17694444,26.83713103,26.73633728
SierraRetinY5,9,2017,-5.833055556,36.17694444,1.711284884,26.88273824
SierraRetinY5,9,2018,-5.833055556,36.17694444,10.01841356,27.42757568
SierraRetinY5,9,2019,-5.833055556,36.17694444,2.353131653,27.68755798
SierraRetinY5,9,2020,-5.833055556,36.17694444,23.12494871,27.1580658
SierraRetinY5,9,2021,-5.833055556,36.17694444,1.766808753,27.32572123
SierraRetinY5,9,2022,-5.833055556,36.17694444,0.260039378,28.14585673
SierraRetinY5,9,2023,-5.833055556,36.17694444,2.702056107,29.16323446
SierraRetinY5,9,2024,-5.833055556,36.17694444,5.43456314,26.77276001
SierraRetinY5,9,2025,-5.833055556,36.17694444,22.72388048,26.54698079
SierraRetinY5,9,2026,-5.833055556,36.17694444,0.956376322,26.85542704
SierraRetinY5,9,2027,-5.833055556,36.17694444,0.86329343,28.86500448
SierraRetinY5,9,2028,-5.833055556,36.17694444,18.58187262,27.57531128
SierraRetinY5,9,2029,-5.833055556,36.17694444,0.953010762,26.50964559
SierraRetinY5,9,2030,-5.833055556,36.17694444,0.023886566,27.21111247
SierraRetinY5,9,2031,-5.833055556,36.17694444,16.23616518,28.69030558
SierraRetinY5,9,2032,-5.833055556,36.17694444,5.041101373,28.02892456
SierraRetinY5,9,2033,-5.833055556,36.17694444,58.5018923,27.43568726
SierraRetinY5,9,2034,-5.833055556,36.17694444,36.63721529,28.55582072
SierraRetinY5,9,2035,-5.833055556,36.17694444,1.422302108,28.35199788
SierraRetinY5,9,2036,-5.833055556,36.17694444,0.765675035,28.34882406
SierraRetinY5,9,2037,-5.833055556,36.17694444,1.053746723,29.0299174
SierraRetinY5,9,2038,-5.833055556,36.17694444,0.243032199,28.51942647
SierraRetinY5,9,2039,-5.833055556,36.17694444,5.980036633,26.67650146
SierraRetinY5,9,2040,-5.833055556,36.17694444,0.335391012,28.35811157
SierraRetinY5,9,2041,-5.833055556,36.17694444,16.70074666,27.24128316
SierraRetinY5,9,2042,-5.833055556,36.17694444,4.838487169,26.3830424
SierraRetinY5,9,2043,-5.833055556,36.17694444,5.305521673,27.64773661
SierraRetinY5,9,2044,-5.833055556,36.17694444,16.60303597,27.86151632
SierraRetinY5,9,2045,-5.833055556,36.17694444,3.191296062,27.89427389
SierraRetinY5,9,2046,-5.833055556,36.17694444,0.158620518,29.52103373
SierraRetinY5,9,2047,-5.833055556,36.17694444,0.665245033,27.87171224
SierraRetinY5,9,2048,-5.833055556,36.17694444,0.06040994,29.83073324
SierraRetinY5,9,2049,-5.833055556,36.17694444,0.258663591,28.01940613
SierraRetinY5,9,2050,-5.833055556,36.17694444,0.347311123,28.71688538
SierraRetinY5,9,2051,-5.833055556,36.17694444,14.14283486,27.87830098
SierraRetinY5,9,2052,-5.833055556,36.17694444,4.072214731,27.96262716
SierraRetinY5,9,2053,-5.833055556,36.17694444,0.070301558,28.7497345
SierraRetinY5,9,2054,-5.833055556,36.17694444,1.151005713,29.15400899
SierraRetinY5,9,2055,-5.833055556,36.17694444,9.246519955,28.29227702
SierraRetinY5,9,2056,-5.833055556,36.17694444,23.14254787,28.46956278
SierraRetinY5,9,2057,-5.833055556,36.17694444,7.197117033,29.42743123
SierraRetinY5,9,2058,-5.833055556,36.17694444,3.229965698,28.6691274
SierraRetinY5,9,2059,-5.833055556,36.17694444,2.699534962,26.83097839
SierraRetinY5,9,2060,-5.833055556,36.17694444,0.666253435,28.80585938
SierraRetinY5,9,2061,-5.833055556,36.17694444,4.412477856,28.74677429
SierraRetinY5,9,2062,-5.833055556,36.17694444,0.013228681,28.63265889
SierraRetinY5,9,2063,-5.833055556,36.17694444,5.474329306,29.27969564
SierraRetinY5,9,2064,-5.833055556,36.17694444,5.182459996,27.79947815
SierraRetinY5,9,2065,-5.833055556,36.17694444,11.71621178,27.10376282
SierraRetinY5,9,2066,-5.833055556,36.17694444,0.130231643,29.36464844
SierraRetinY5,9,2067,-5.833055556,36.17694444,0.872180963,26.90102743
SierraRetinY5,9,2068,-5.833055556,36.17694444,13.72565911,25.71889852
SierraRetinY5,9,2069,-5.833055556,36.17694444,0.54970469,28.7908488
SierraRetinY5,9,2070,-5.833055556,36.17694444,6.559109528,28.5317922
SierraRetinY5,9,2071,-5.833055556,36.17694444,15.65702983,27.92404073
SierraRetinY5,9,2072,-5.833055556,36.17694444,25.94686679,27.78770142
SierraRetinY5,9,2073,-5.833055556,36.17694444,0.55877053,29.4217509
SierraRetinY5,9,2074,-5.833055556,36.17694444,0.015934858,29.28970642
SierraRetinY5,9,2075,-5.833055556,36.17694444,2.219604624,29.65240173
SierraRetinY5,9,2076,-5.833055556,36.17694444,3.142285844,28.72941589
SierraRetinY5,9,2077,-5.833055556,36.17694444,0.564096926,28.87419128
SierraRetinY5,9,2078,-5.833055556,36.17694444,6.285437732,27.99446513
SierraRetinY5,9,2079,-5.833055556,36.17694444,2.335318485,28.98614197
SierraRetinY5,9,2080,-5.833055556,36.17694444,3.158249251,28.21018372
SierraRetinY5,9,2081,-5.833055556,36.17694444,0.600253569,29.11870829
SierraRetinY5,9,2082,-5.833055556,36.17694444,41.9328138,29.24727783
SierraRetinY5,9,2083,-5.833055556,36.17694444,0.00211228,30.5080485
SierraRetinY5,9,2084,-5.833055556,36.17694444,0.763180533,28.66806335
SierraRetinY5,9,2085,-5.833055556,36.17694444,8.151875646,28.40599264
SierraRetinY5,9,2086,-5.833055556,36.17694444,0.80190383,29.69563904
SierraRetinY5,9,2087,-5.833055556,36.17694444,0.128001043,28.42469889
SierraRetinY5,9,2088,-5.833055556,36.17694444,1.753953226,28.52845154
SierraRetinY5,9,2089,-5.833055556,36.17694444,6.174905283,28.89524434
SierraRetinY5,9,2090,-5.833055556,36.17694444,17.60185327,29.99926249
SierraRetinY5,9,2091,-5.833055556,36.17694444,0.454874758,29.41945496
SierraRetinY5,9,2092,-5.833055556,36.17694444,6.348069239,28.28683065
SierraRetinY5,9,2093,-5.833055556,36.17694444,0.369854332,28.98315531
SierraRetinY5,9,2094,-5.833055556,36.17694444,7.17763833,27.94658508
SierraRetinY5,9,2095,-5.833055556,36.17694444,3.53115833,27.14391785
SierraRetinY5,9,2096,-5.833055556,36.17694444,0.047914816,29.57128499
SierraRetinY5,9,2097,-5.833055556,36.17694444,0.93136086,28.2813741
SierraRetinY5,9,2098,-5.833055556,36.17694444,7.250309688,27.51220907
SierraRetinY5,9,2099,-5.833055556,36.17694444,0.678439443,28.73160502
SierraRetinY5,9,2100,-5.833055556,36.17694444,11.17286103,29.33322754
Tarifa,1,2015,-5.655556,36.083889,80.21220432,18.06096605
Tarifa,1,2016,-5.655556,36.083889,4.093030658,17.85621476
Tarifa,1,2017,-5.655556,36.083889,120.3443202,18.39565036
Tarifa,1,2018,-5.655556,36.083889,105.3689043,17.4066613
Tarifa,1,2019,-5.655556,36.083889,140.5155962,16.88256521
Tarifa,1,2020,-5.655556,36.083889,53.13945783,18.1687689
Tarifa,1,2021,-5.655556,36.083889,33.72849344,16.45859926
Tarifa,1,2022,-5.655556,36.083889,57.81294465,18.13337048
Tarifa,1,2023,-5.655556,36.083889,57.4601177,17.59615675
Tarifa,1,2024,-5.655556,36.083889,100.8612858,18.41235627
Tarifa,1,2025,-5.655556,36.083889,29.52174237,16.85220711
Tarifa,1,2026,-5.655556,36.083889,54.34136575,17.26788606
Tarifa,1,2027,-5.655556,36.083889,161.7761647,18.22693147
Tarifa,1,2028,-5.655556,36.083889,8.835550672,17.07706555
Tarifa,1,2029,-5.655556,36.083889,33.76214663,17.92356902
Tarifa,1,2030,-5.655556,36.083889,3.64493001,16.20317009
Tarifa,1,2031,-5.655556,36.083889,46.75957407,18.13648918
Tarifa,1,2032,-5.655556,36.083889,22.58343598,18.25377512
Tarifa,1,2033,-5.655556,36.083889,106.552296,17.91654309
Tarifa,1,2034,-5.655556,36.083889,33.171735,18.59123555
Tarifa,1,2035,-5.655556,36.083889,202.9247425,18.98425569
Tarifa,1,2036,-5.655556,36.083889,174.2739783,17.33669138
Tarifa,1,2037,-5.655556,36.083889,68.01661249,17.84738632
Tarifa,1,2038,-5.655556,36.083889,51.72778455,19.02609627
Tarifa,1,2039,-5.655556,36.083889,40.3595195,18.26056184
Tarifa,1,2040,-5.655556,36.083889,96.43333545,16.61619302
Tarifa,1,2041,-5.655556,36.083889,81.9313089,17.38450751
Tarifa,1,2042,-5.655556,36.083889,36.03324579,17.90251386
Tarifa,1,2043,-5.655556,36.083889,3.352120565,18.42765641
Tarifa,1,2044,-5.655556,36.083889,28.72707014,17.39462654
Tarifa,1,2045,-5.655556,36.083889,51.44102959,16.72416717
Tarifa,1,2046,-5.655556,36.083889,85.2072837,19.397191
Tarifa,1,2047,-5.655556,36.083889,26.60464527,18.55316142
Tarifa,1,2048,-5.655556,36.083889,154.7905217,17.633907
Tarifa,1,2049,-5.655556,36.083889,19.45278281,17.03138467
Tarifa,1,2050,-5.655556,36.083889,40.87629753,17.52570939
Tarifa,1,2051,-5.655556,36.083889,189.2260651,18.23481189
Tarifa,1,2052,-5.655556,36.083889,45.69842511,19.02707185
Tarifa,1,2053,-5.655556,36.083889,79.17507416,17.89897874
Tarifa,1,2054,-5.655556,36.083889,111.6634613,18.76296288
Tarifa,1,2055,-5.655556,36.083889,45.74557082,17.95886998
Tarifa,1,2056,-5.655556,36.083889,23.79963657,18.51785948
Tarifa,1,2057,-5.655556,36.083889,22.08211158,18.38804951
Tarifa,1,2058,-5.655556,36.083889,70.23143285,18.79605772
Tarifa,1,2059,-5.655556,36.083889,183.3902048,19.38399954
Tarifa,1,2060,-5.655556,36.083889,144.4208878,17.09440544
Tarifa,1,2061,-5.655556,36.083889,173.3387126,18.7196545
Tarifa,1,2062,-5.655556,36.083889,142.9981547,18.2382151
Tarifa,1,2063,-5.655556,36.083889,100.6867294,18.46857851
Tarifa,1,2064,-5.655556,36.083889,9.581177391,18.70688929
Tarifa,1,2065,-5.655556,36.083889,92.2686262,16.59747689
Tarifa,1,2066,-5.655556,36.083889,89.85934554,18.77591907
Tarifa,1,2067,-5.655556,36.083889,99.85582885,16.77473676
Tarifa,1,2068,-5.655556,36.083889,78.35279463,18.14390298
Tarifa,1,2069,-5.655556,36.083889,16.10803648,17.98526572
Tarifa,1,2070,-5.655556,36.083889,39.12167255,17.28324329
Tarifa,1,2071,-5.655556,36.083889,13.55832063,18.79278249
Tarifa,1,2072,-5.655556,36.083889,123.4069994,18.0596912
Tarifa,1,2073,-5.655556,36.083889,263.4920408,18.84602976
Tarifa,1,2074,-5.655556,36.083889,37.23215572,18.1238549
Tarifa,1,2075,-5.655556,36.083889,7.911740425,18.07764932
Tarifa,1,2076,-5.655556,36.083889,33.16617791,17.65764574
Tarifa,1,2077,-5.655556,36.083889,87.49152108,17.29167008
Tarifa,1,2078,-5.655556,36.083889,105.0148552,19.16337615
Tarifa,1,2079,-5.655556,36.083889,60.17042315,19.08000902
Tarifa,1,2080,-5.655556,36.083889,104.9684408,19.54366947
Tarifa,1,2081,-5.655556,36.083889,111.5770245,18.39582362
Tarifa,1,2082,-5.655556,36.083889,3.625766421,17.56483587
Tarifa,1,2083,-5.655556,36.083889,148.3178502,16.7507086
Tarifa,1,2084,-5.655556,36.083889,159.4024945,20.07674167
Tarifa,1,2085,-5.655556,36.083889,41.60708732,19.18461737
Tarifa,1,2086,-5.655556,36.083889,178.72614,17.38857619
Tarifa,1,2087,-5.655556,36.083889,4.156164647,18.9230453
Tarifa,1,2088,-5.655556,36.083889,159.5824713,17.31369688
Tarifa,1,2089,-5.655556,36.083889,73.42475908,16.99945344
Tarifa,1,2090,-5.655556,36.083889,8.048940521,19.99182405
Tarifa,1,2091,-5.655556,36.083889,3.260906109,19.22098842
Tarifa,1,2092,-5.655556,36.083889,12.48365827,18.62961682
Tarifa,1,2093,-5.655556,36.083889,64.94711073,16.70186374
Tarifa,1,2094,-5.655556,36.083889,24.40732014,19.79491282
Tarifa,1,2095,-5.655556,36.083889,29.15501102,18.58970376
Tarifa,1,2096,-5.655556,36.083889,35.81810642,18.27454578
Tarifa,1,2097,-5.655556,36.083889,72.61459817,18.06511349
Tarifa,1,2098,-5.655556,36.083889,51.67060218,16.57084488
Tarifa,1,2099,-5.655556,36.083889,118.7290886,17.60020476
Tarifa,1,2100,-5.655556,36.083889,44.43852491,18.82875091
Tarifa,10,2015,-5.655556,36.083889,1.803368569,24.86087213
Tarifa,10,2016,-5.655556,36.083889,12.86146601,23.26373173
Tarifa,10,2017,-5.655556,36.083889,69.37929594,23.19826069
Tarifa,10,2018,-5.655556,36.083889,47.28852481,23.63834977
Tarifa,10,2019,-5.655556,36.083889,9.576400416,22.51860076
Tarifa,10,2020,-5.655556,36.083889,2.942594488,23.37381356
Tarifa,10,2021,-5.655556,36.083889,22.2832093,24.26549092
Tarifa,10,2022,-5.655556,36.083889,29.37539207,23.44751843
Tarifa,10,2023,-5.655556,36.083889,81.1151999,23.22581905
Tarifa,10,2024,-5.655556,36.083889,37.8230678,22.22202109
Tarifa,10,2025,-5.655556,36.083889,38.91470736,23.1477482
Tarifa,10,2026,-5.655556,36.083889,8.723613242,24.30406908
Tarifa,10,2027,-5.655556,36.083889,3.68301934,25.36748362
Tarifa,10,2028,-5.655556,36.083889,35.69264773,23.30101929
Tarifa,10,2029,-5.655556,36.083889,50.57393439,22.31724676
Tarifa,10,2030,-5.655556,36.083889,5.963031006,23.78986364
Tarifa,10,2031,-5.655556,36.083889,5.907972489,24.9874876
Tarifa,10,2032,-5.655556,36.083889,21.08285074,24.45793477
Tarifa,10,2033,-5.655556,36.083889,10.67192777,24.61670296
Tarifa,10,2034,-5.655556,36.083889,35.18729505,22.13769315
Tarifa,10,2035,-5.655556,36.083889,87.89352115,24.74235269
Tarifa,10,2036,-5.655556,36.083889,7.9420278,24.19776355
Tarifa,10,2037,-5.655556,36.083889,3.367202411,25.21322415
Tarifa,10,2038,-5.655556,36.083889,25.03797854,25.28778746
Tarifa,10,2039,-5.655556,36.083889,44.20027003,23.09804097
Tarifa,10,2040,-5.655556,36.083889,20.81223566,22.96889156
Tarifa,10,2041,-5.655556,36.083889,11.96366979,23.89290771
Tarifa,10,2042,-5.655556,36.083889,65.50068424,22.54593466
Tarifa,10,2043,-5.655556,36.083889,1.466867302,23.898267
Tarifa,10,2044,-5.655556,36.083889,25.56683849,24.89541606
Tarifa,10,2045,-5.655556,36.083889,25.18097092,24.72102779
Tarifa,10,2046,-5.655556,36.083889,3.903449554,26.31366735
Tarifa,10,2047,-5.655556,36.083889,19.96122179,24.00029513
Tarifa,10,2048,-5.655556,36.083889,41.90045305,25.51652753
Tarifa,10,2049,-5.655556,36.083889,17.43769573,24.39994842
Tarifa,10,2050,-5.655556,36.083889,18.41895873,24.87611123
Tarifa,10,2051,-5.655556,36.083889,21.00270576,24.49844045
Tarifa,10,2052,-5.655556,36.083889,62.54061356,23.04858871
Tarifa,10,2053,-5.655556,36.083889,10.4368067,25.24355961
Tarifa,10,2054,-5.655556,36.083889,42.41800699,24.66374039
Tarifa,10,2055,-5.655556,36.083889,27.70125762,24.18613734
Tarifa,10,2056,-5.655556,36.083889,1.321315037,25.09725539
Tarifa,10,2057,-5.655556,36.083889,10.68155076,24.71480122
Tarifa,10,2058,-5.655556,36.083889,45.78189091,24.16323931
Tarifa,10,2059,-5.655556,36.083889,2.270489269,25.03099286
Tarifa,10,2060,-5.655556,36.083889,7.686302062,23.44669052
Tarifa,10,2061,-5.655556,36.083889,31.25445124,23.33847617
Tarifa,10,2062,-5.655556,36.083889,31.67340254,25.78279537
Tarifa,10,2063,-5.655556,36.083889,3.69090171,25.86614872
Tarifa,10,2064,-5.655556,36.083889,15.14336748,24.02852389
Tarifa,10,2065,-5.655556,36.083889,25.82481102,24.5544786
Tarifa,10,2066,-5.655556,36.083889,25.60960398,24.44302152
Tarifa,10,2067,-5.655556,36.083889,0.628603567,25.83939268
Tarifa,10,2068,-5.655556,36.083889,9.059019587,24.84489864
Tarifa,10,2069,-5.655556,36.083889,30.56788402,24.85899481
Tarifa,10,2070,-5.655556,36.083889,8.914821359,26.1407134
Tarifa,10,2071,-5.655556,36.083889,26.29805864,23.86498905
Tarifa,10,2072,-5.655556,36.083889,10.64409155,25.30950711
Tarifa,10,2073,-5.655556,36.083889,22.9425955,25.71877441
Tarifa,10,2074,-5.655556,36.083889,26.85107765,25.865119
Tarifa,10,2075,-5.655556,36.083889,24.08234081,25.17230008
Tarifa,10,2076,-5.655556,36.083889,42.38593398,24.92595825
Tarifa,10,2077,-5.655556,36.083889,1.486623648,26.47741581
Tarifa,10,2078,-5.655556,36.083889,11.63394646,24.05188264
Tarifa,10,2079,-5.655556,36.083889,32.28514134,25.31082134
Tarifa,10,2080,-5.655556,36.083889,14.17125853,26.24423198
Tarifa,10,2081,-5.655556,36.083889,4.355818631,24.74174923
Tarifa,10,2082,-5.655556,36.083889,53.49867208,23.73261561
Tarifa,10,2083,-5.655556,36.083889,10.14791355,27.16269393
Tarifa,10,2084,-5.655556,36.083889,7.268277333,24.57362986
Tarifa,10,2085,-5.655556,36.083889,17.50093473,24.40864199
Tarifa,10,2086,-5.655556,36.083889,40.64991308,23.547432
Tarifa,10,2087,-5.655556,36.083889,5.435127311,25.20941044
Tarifa,10,2088,-5.655556,36.083889,29.89814558,25.29378957
Tarifa,10,2089,-5.655556,36.083889,0.344353546,25.94126134
Tarifa,10,2090,-5.655556,36.083889,8.736160453,24.32207149
Tarifa,10,2091,-5.655556,36.083889,32.10134777,24.99503134
Tarifa,10,2092,-5.655556,36.083889,0.972827108,25.34407467
Tarifa,10,2093,-5.655556,36.083889,1.998482215,25.25839607
Tarifa,10,2094,-5.655556,36.083889,18.84554482,21.80802652
Tarifa,10,2095,-5.655556,36.083889,8.097075091,25.04334953
Tarifa,10,2096,-5.655556,36.083889,0.513334005,26.05917732
Tarifa,10,2097,-5.655556,36.083889,6.564815679,24.98608674
Tarifa,10,2098,-5.655556,36.083889,0.116642224,23.64038263
Tarifa,10,2099,-5.655556,36.083889,13.21302126,23.47285983
Tarifa,10,2100,-5.655556,36.083889,3.064680245,25.74292268
Tarifa,11,2015,-5.655556,36.083889,16.89515557,20.85000814
Tarifa,11,2016,-5.655556,36.083889,94.77805368,20.16343994
Tarifa,11,2017,-5.655556,36.083889,98.2106688,21.22579753
Tarifa,11,2018,-5.655556,36.083889,36.7217909,20.90046692
Tarifa,11,2019,-5.655556,36.083889,19.49702062,19.06013896
Tarifa,11,2020,-5.655556,36.083889,43.12159354,21.15737305
Tarifa,11,2021,-5.655556,36.083889,8.890589885,21.5927358
Tarifa,11,2022,-5.655556,36.083889,39.63381966,20.18311564
Tarifa,11,2023,-5.655556,36.083889,78.19241734,18.60612183
Tarifa,11,2024,-5.655556,36.083889,7.70487135,19.310849
Tarifa,11,2025,-5.655556,36.083889,83.62001969,20.6441335
Tarifa,11,2026,-5.655556,36.083889,29.87243286,20.84513957
Tarifa,11,2027,-5.655556,36.083889,41.15846935,20.83516134
Tarifa,11,2028,-5.655556,36.083889,67.43707643,19.15064189
Tarifa,11,2029,-5.655556,36.083889,26.66894749,22.13392131
Tarifa,11,2030,-5.655556,36.083889,12.40482249,20.0427714
Tarifa,11,2031,-5.655556,36.083889,9.609457243,20.24851685
Tarifa,11,2032,-5.655556,36.083889,109.3062302,20.97074992
Tarifa,11,2033,-5.655556,36.083889,8.989251841,20.63510234
Tarifa,11,2034,-5.655556,36.083889,20.55543628,19.64532267
Tarifa,11,2035,-5.655556,36.083889,87.90937251,19.71043803
Tarifa,11,2036,-5.655556,36.083889,37.11396028,20.83991801
Tarifa,11,2037,-5.655556,36.083889,8.292577393,19.91552734
Tarifa,11,2038,-5.655556,36.083889,91.53823996,21.44842326
Tarifa,11,2039,-5.655556,36.083889,8.399957139,21.14234924
Tarifa,11,2040,-5.655556,36.083889,86.92641435,21.63510946
Tarifa,11,2041,-5.655556,36.083889,224.7675072,20.39171041
Tarifa,11,2042,-5.655556,36.083889,0.828651766,20.90050964
Tarifa,11,2043,-5.655556,36.083889,20.61219525,18.93650309
Tarifa,11,2044,-5.655556,36.083889,10.08624827,20.23341166
Tarifa,11,2045,-5.655556,36.083889,127.5987891,21.4543691
Tarifa,11,2046,-5.655556,36.083889,66.47282937,21.42358602
Tarifa,11,2047,-5.655556,36.083889,85.71166322,18.68465068
Tarifa,11,2048,-5.655556,36.083889,36.37836202,20.71701253
Tarifa,11,2049,-5.655556,36.083889,27.40369927,21.2021637
Tarifa,11,2050,-5.655556,36.083889,108.6164774,20.46986491
Tarifa,11,2051,-5.655556,36.083889,6.077243063,21.8777181
Tarifa,11,2052,-5.655556,36.083889,8.559473267,22.23519897
Tarifa,11,2053,-5.655556,36.083889,0.006582863,21.70326945
Tarifa,11,2054,-5.655556,36.083889,15.42103713,21.22999573
Tarifa,11,2055,-5.655556,36.083889,13.44461725,20.58080241
Tarifa,11,2056,-5.655556,36.083889,123.719834,20.72814026
Tarifa,11,2057,-5.655556,36.083889,79.36767494,20.83526408
Tarifa,11,2058,-5.655556,36.083889,11.32089502,21.87411702
Tarifa,11,2059,-5.655556,36.083889,13.31267824,20.56946513
Tarifa,11,2060,-5.655556,36.083889,9.096151912,19.18287964
Tarifa,11,2061,-5.655556,36.083889,80.81891029,20.83272807
Tarifa,11,2062,-5.655556,36.083889,24.31681506,22.68057658
Tarifa,11,2063,-5.655556,36.083889,1.803178279,21.43980509
Tarifa,11,2064,-5.655556,36.083889,40.04041613,20.35165507
Tarifa,11,2065,-5.655556,36.083889,24.78233791,19.86380819
Tarifa,11,2066,-5.655556,36.083889,60.58429787,19.67865601
Tarifa,11,2067,-5.655556,36.083889,21.5276694,19.19671427
Tarifa,11,2068,-5.655556,36.083889,72.03174356,20.88417053
Tarifa,11,2069,-5.655556,36.083889,67.32097528,21.00096944
Tarifa,11,2070,-5.655556,36.083889,62.93237117,21.6293101
Tarifa,11,2071,-5.655556,36.083889,58.02002523,21.72049357
Tarifa,11,2072,-5.655556,36.083889,36.74103174,21.72012838
Tarifa,11,2073,-5.655556,36.083889,21.20558834,21.95863749
Tarifa,11,2074,-5.655556,36.083889,147.2826604,21.27412008
Tarifa,11,2075,-5.655556,36.083889,63.92969184,21.5412557
Tarifa,11,2076,-5.655556,36.083889,64.92088821,21.97369385
Tarifa,11,2077,-5.655556,36.083889,29.48947727,21.83085938
Tarifa,11,2078,-5.655556,36.083889,26.40857559,20.7597758
Tarifa,11,2079,-5.655556,36.083889,29.04668663,22.22772013
Tarifa,11,2080,-5.655556,36.083889,63.93330182,21.98390096
Tarifa,11,2081,-5.655556,36.083889,6.808768215,19.99611206
Tarifa,11,2082,-5.655556,36.083889,20.930799,21.28901672
Tarifa,11,2083,-5.655556,36.083889,146.2004233,22.00539347
Tarifa,11,2084,-5.655556,36.083889,12.22289693,21.04249878
Tarifa,11,2085,-5.655556,36.083889,26.72847068,20.89166768
Tarifa,11,2086,-5.655556,36.083889,28.10952043,20.27065226
Tarifa,11,2087,-5.655556,36.083889,0.298059672,22.03633525
Tarifa,11,2088,-5.655556,36.083889,39.61175524,20.30138245
Tarifa,11,2089,-5.655556,36.083889,14.62397656,22.0510376
Tarifa,11,2090,-5.655556,36.083889,30.97421747,23.069988
Tarifa,11,2091,-5.655556,36.083889,47.83246018,19.53575033
Tarifa,11,2092,-5.655556,36.083889,13.00639588,20.87885132
Tarifa,11,2093,-5.655556,36.083889,112.8903367,21.98552755
Tarifa,11,2094,-5.655556,36.083889,12.79252339,21.99379781
Tarifa,11,2095,-5.655556,36.083889,47.43877935,21.27786357
Tarifa,11,2096,-5.655556,36.083889,0.335125019,21.30255229
Tarifa,11,2097,-5.655556,36.083889,45.03012595,20.47791443
Tarifa,11,2098,-5.655556,36.083889,49.25798406,20.62807414
Tarifa,11,2099,-5.655556,36.083889,44.75379075,21.09270426
Tarifa,11,2100,-5.655556,36.083889,69.23986562,20.70878092
Tarifa,12,2015,-5.655556,36.083889,132.010709,18.53697136
Tarifa,12,2016,-5.655556,36.083889,14.11545532,18.40091858
Tarifa,12,2017,-5.655556,36.083889,33.84210771,19.44534774
Tarifa,12,2018,-5.655556,36.083889,32.24879074,18.42916654
Tarifa,12,2019,-5.655556,36.083889,62.46363691,17.39627843
Tarifa,12,2020,-5.655556,36.083889,27.84958093,17.92564781
Tarifa,12,2021,-5.655556,36.083889,105.0502614,19.84293272
Tarifa,12,2022,-5.655556,36.083889,222.2386185,18.00556188
Tarifa,12,2023,-5.655556,36.083889,152.1959535,18.2754426
Tarifa,12,2024,-5.655556,36.083889,38.138767,17.3069814
Tarifa,12,2025,-5.655556,36.083889,30.80196855,17.38397689
Tarifa,12,2026,-5.655556,36.083889,90.24238408,19.11547537
Tarifa,12,2027,-5.655556,36.083889,35.48665234,17.34611049
Tarifa,12,2028,-5.655556,36.083889,102.1498254,19.75917155
Tarifa,12,2029,-5.655556,36.083889,160.725723,18.82465564
Tarifa,12,2030,-5.655556,36.083889,43.09007618,19.18247782
Tarifa,12,2031,-5.655556,36.083889,73.50663556,19.21133994
Tarifa,12,2032,-5.655556,36.083889,150.4129518,17.85224813
Tarifa,12,2033,-5.655556,36.083889,121.0401395,19.05579972
Tarifa,12,2034,-5.655556,36.083889,107.9481192,18.4621836
Tarifa,12,2035,-5.655556,36.083889,18.79438818,17.98948404
Tarifa,12,2036,-5.655556,36.083889,78.64566281,17.70748596
Tarifa,12,2037,-5.655556,36.083889,85.87148642,18.48837261
Tarifa,12,2038,-5.655556,36.083889,11.60958439,18.60488773
Tarifa,12,2039,-5.655556,36.083889,4.081254754,19.15122425
Tarifa,12,2040,-5.655556,36.083889,3.418053021,18.45493838
Tarifa,12,2041,-5.655556,36.083889,84.77853609,17.06318202
Tarifa,12,2042,-5.655556,36.083889,87.78684743,18.07395472
Tarifa,12,2043,-5.655556,36.083889,8.764818541,18.25999677
Tarifa,12,2044,-5.655556,36.083889,44.2382082,17.48557841
Tarifa,12,2045,-5.655556,36.083889,92.4470941,19.53560988
Tarifa,12,2046,-5.655556,36.083889,49.99752614,20.51666043
Tarifa,12,2047,-5.655556,36.083889,41.55782713,19.52199116
Tarifa,12,2048,-5.655556,36.083889,115.3176723,19.74551799
Tarifa,12,2049,-5.655556,36.083889,142.192833,19.80631655
Tarifa,12,2050,-5.655556,36.083889,84.87816635,18.30179036
Tarifa,12,2051,-5.655556,36.083889,30.10622106,19.6236718
Tarifa,12,2052,-5.655556,36.083889,9.017354874,19.42168681
Tarifa,12,2053,-5.655556,36.083889,65.83229095,20.50772863
Tarifa,12,2054,-5.655556,36.083889,36.82941218,19.09962394
Tarifa,12,2055,-5.655556,36.083889,5.55130806,19.5267145
Tarifa,12,2056,-5.655556,36.083889,182.5889833,20.08622538
Tarifa,12,2057,-5.655556,36.083889,103.1785899,19.34593427
Tarifa,12,2058,-5.655556,36.083889,82.98670051,19.69547277
Tarifa,12,2059,-5.655556,36.083889,6.694562348,18.95515964
Tarifa,12,2060,-5.655556,36.083889,58.66170531,18.79419387
Tarifa,12,2061,-5.655556,36.083889,224.5061825,19.34516149
Tarifa,12,2062,-5.655556,36.083889,46.03448766,20.19867711
Tarifa,12,2063,-5.655556,36.083889,81.24076892,19.45417914
Tarifa,12,2064,-5.655556,36.083889,10.20374001,18.2947286
Tarifa,12,2065,-5.655556,36.083889,153.4367713,19.11852712
Tarifa,12,2066,-5.655556,36.083889,15.66941831,18.39460882
Tarifa,12,2067,-5.655556,36.083889,92.34254602,18.33037228
Tarifa,12,2068,-5.655556,36.083889,0.771912586,18.34416097
Tarifa,12,2069,-5.655556,36.083889,31.98197157,18.23206826
Tarifa,12,2070,-5.655556,36.083889,182.978268,19.11218669
Tarifa,12,2071,-5.655556,36.083889,0.598741935,17.81243581
Tarifa,12,2072,-5.655556,36.083889,68.99446045,19.01409912
Tarifa,12,2073,-5.655556,36.083889,46.44051944,18.36245413
Tarifa,12,2074,-5.655556,36.083889,140.547487,19.49870822
Tarifa,12,2075,-5.655556,36.083889,339.453947,20.29540405
Tarifa,12,2076,-5.655556,36.083889,41.3703712,18.8488505
Tarifa,12,2077,-5.655556,36.083889,56.3886319,17.66131375
Tarifa,12,2078,-5.655556,36.083889,142.2315459,18.4651507
Tarifa,12,2079,-5.655556,36.083889,43.8993805,19.53285247
Tarifa,12,2080,-5.655556,36.083889,43.10592649,18.37794358
Tarifa,12,2081,-5.655556,36.083889,49.05678633,20.32027686
Tarifa,12,2082,-5.655556,36.083889,18.89325476,19.07063717
Tarifa,12,2083,-5.655556,36.083889,180.1018209,19.13486486
Tarifa,12,2084,-5.655556,36.083889,79.05610578,19.48726196
Tarifa,12,2085,-5.655556,36.083889,49.43483814,18.63888235
Tarifa,12,2086,-5.655556,36.083889,22.03036844,19.54597404
Tarifa,12,2087,-5.655556,36.083889,88.98487414,19.35622559
Tarifa,12,2088,-5.655556,36.083889,44.01820537,18.47909648
Tarifa,12,2089,-5.655556,36.083889,26.04639272,18.85792866
Tarifa,12,2090,-5.655556,36.083889,91.13055489,19.08733114
Tarifa,12,2091,-5.655556,36.083889,49.34382762,19.14106682
Tarifa,12,2092,-5.655556,36.083889,98.61122575,18.71495768
Tarifa,12,2093,-5.655556,36.083889,88.39129553,19.96748972
Tarifa,12,2094,-5.655556,36.083889,222.6573083,18.75136522
Tarifa,12,2095,-5.655556,36.083889,2.100476936,20.77070253
Tarifa,12,2096,-5.655556,36.083889,107.1430976,19.0635966
Tarifa,12,2097,-5.655556,36.083889,109.393191,18.77536089
Tarifa,12,2098,-5.655556,36.083889,58.91395738,20.22148753
Tarifa,12,2099,-5.655556,36.083889,15.7807108,19.83729681
Tarifa,12,2100,-5.655556,36.083889,11.53274239,19.72041423
Tarifa,2,2015,-5.655556,36.083889,41.82114967,18.37600534
Tarifa,2,2016,-5.655556,36.083889,44.68002479,18.36256903
Tarifa,2,2017,-5.655556,36.083889,156.3156813,17.43622088
Tarifa,2,2018,-5.655556,36.083889,79.41274986,18.64613168
Tarifa,2,2019,-5.655556,36.083889,172.67723,17.06566445
Tarifa,2,2020,-5.655556,36.083889,132.9694783,17.33050453
Tarifa,2,2021,-5.655556,36.083889,5.96295239,18.79120353
Tarifa,2,2022,-5.655556,36.083889,156.9843608,18.83156847
Tarifa,2,2023,-5.655556,36.083889,72.32687206,17.9284923
Tarifa,2,2024,-5.655556,36.083889,92.14339386,17.92166159
Tarifa,2,2025,-5.655556,36.083889,45.43939096,16.63152139
Tarifa,2,2026,-5.655556,36.083889,41.68123792,16.04731794
Tarifa,2,2027,-5.655556,36.083889,20.7737923,19.68266885
Tarifa,2,2028,-5.655556,36.083889,141.1999022,16.32590585
Tarifa,2,2029,-5.655556,36.083889,23.96560834,17.98272858
Tarifa,2,2030,-5.655556,36.083889,147.8795063,18.92633645
Tarifa,2,2031,-5.655556,36.083889,6.554323695,16.98163975
Tarifa,2,2032,-5.655556,36.083889,5.784563942,18.19536112
Tarifa,2,2033,-5.655556,36.083889,158.4606882,17.67825252
Tarifa,2,2034,-5.655556,36.083889,11.60643589,18.7376103
Tarifa,2,2035,-5.655556,36.083889,48.87066276,18.06480451
Tarifa,2,2036,-5.655556,36.083889,19.14499741,18.73732279
Tarifa,2,2037,-5.655556,36.083889,18.46484772,18.92856533
Tarifa,2,2038,-5.655556,36.083889,96.65619484,18.52745754
Tarifa,2,2039,-5.655556,36.083889,19.41247105,17.70968236
Tarifa,2,2040,-5.655556,36.083889,47.01634794,17.51286811
Tarifa,2,2041,-5.655556,36.083889,0.250334718,18.4730545
Tarifa,2,2042,-5.655556,36.083889,36.97037306,19.40151803
Tarifa,2,2043,-5.655556,36.083889,207.3000436,18.19077454
Tarifa,2,2044,-5.655556,36.083889,21.61429696,17.48838143
Tarifa,2,2045,-5.655556,36.083889,43.34353411,17.72218911
Tarifa,2,2046,-5.655556,36.083889,27.37099114,18.2781104
Tarifa,2,2047,-5.655556,36.083889,41.32893748,18.44318651
Tarifa,2,2048,-5.655556,36.083889,61.15752786,19.10155745
Tarifa,2,2049,-5.655556,36.083889,10.61007538,19.00258244
Tarifa,2,2050,-5.655556,36.083889,16.57943332,18.62817535
Tarifa,2,2051,-5.655556,36.083889,2.177536651,18.71147853
Tarifa,2,2052,-5.655556,36.083889,88.57406779,17.72298689
Tarifa,2,2053,-5.655556,36.083889,25.50072538,19.0628394
Tarifa,2,2054,-5.655556,36.083889,19.5439608,18.39208374
Tarifa,2,2055,-5.655556,36.083889,17.62126235,17.51295079
Tarifa,2,2056,-5.655556,36.083889,135.1117894,18.41222218
Tarifa,2,2057,-5.655556,36.083889,30.83090476,19.62505493
Tarifa,2,2058,-5.655556,36.083889,26.71078562,19.01672189
Tarifa,2,2059,-5.655556,36.083889,60.48361283,18.10034659
Tarifa,2,2060,-5.655556,36.083889,19.6105859,19.61979749
Tarifa,2,2061,-5.655556,36.083889,107.0580186,17.73142831
Tarifa,2,2062,-5.655556,36.083889,101.7526854,19.27267827
Tarifa,2,2063,-5.655556,36.083889,83.51749872,18.86891327
Tarifa,2,2064,-5.655556,36.083889,43.0798635,17.84486463
Tarifa,2,2065,-5.655556,36.083889,31.90784798,17.73573238
Tarifa,2,2066,-5.655556,36.083889,37.20870065,17.1947658
Tarifa,2,2067,-5.655556,36.083889,6.904859111,18.64173388
Tarifa,2,2068,-5.655556,36.083889,46.57486483,16.83096755
Tarifa,2,2069,-5.655556,36.083889,160.2260463,17.85977761
Tarifa,2,2070,-5.655556,36.083889,24.56506934,18.60502123
Tarifa,2,2071,-5.655556,36.083889,8.123222408,18.32528839
Tarifa,2,2072,-5.655556,36.083889,83.53666003,18.73433101
Tarifa,2,2073,-5.655556,36.083889,32.20089236,19.18651297
Tarifa,2,2074,-5.655556,36.083889,7.645727885,18.72742942
Tarifa,2,2075,-5.655556,36.083889,40.22182219,19.29009617
Tarifa,2,2076,-5.655556,36.083889,51.37086961,17.76765831
Tarifa,2,2077,-5.655556,36.083889,2.922053619,17.61207297
Tarifa,2,2078,-5.655556,36.083889,39.44634968,19.55238822
Tarifa,2,2079,-5.655556,36.083889,30.34820185,18.24019448
Tarifa,2,2080,-5.655556,36.083889,71.68950236,19.64288246
Tarifa,2,2081,-5.655556,36.083889,6.325946073,19.35323922
Tarifa,2,2082,-5.655556,36.083889,10.58602153,19.27826734
Tarifa,2,2083,-5.655556,36.083889,35.53987682,17.50445491
Tarifa,2,2084,-5.655556,36.083889,42.81699311,19.21235204
Tarifa,2,2085,-5.655556,36.083889,22.13492805,17.53127114
Tarifa,2,2086,-5.655556,36.083889,4.900074415,18.9199561
Tarifa,2,2087,-5.655556,36.083889,55.68478612,18.34359458
Tarifa,2,2088,-5.655556,36.083889,15.46242068,19.73534651
Tarifa,2,2089,-5.655556,36.083889,104.392899,19.04001988
Tarifa,2,2090,-5.655556,36.083889,0.802984507,18.39204123
Tarifa,2,2091,-5.655556,36.083889,37.30183271,18.59346052
Tarifa,2,2092,-5.655556,36.083889,81.58924251,18.96016635
Tarifa,2,2093,-5.655556,36.083889,67.2082657,18.2105957
Tarifa,2,2094,-5.655556,36.083889,36.03967103,19.01540091
Tarifa,2,2095,-5.655556,36.083889,13.80054032,18.38048379
Tarifa,2,2096,-5.655556,36.083889,46.00202537,19.23018588
Tarifa,2,2097,-5.655556,36.083889,8.91397373,17.98774872
Tarifa,2,2098,-5.655556,36.083889,69.089009,17.88892299
Tarifa,2,2099,-5.655556,36.083889,79.44200644,17.08939296
Tarifa,2,2100,-5.655556,36.083889,175.777249,18.92764435
Tarifa,3,2015,-5.655556,36.083889,74.20685184,18.8308517
Tarifa,3,2016,-5.655556,36.083889,11.32096212,19.25246877
Tarifa,3,2017,-5.655556,36.083889,9.184962248,18.93706665
Tarifa,3,2018,-5.655556,36.083889,65.79986847,19.17202345
Tarifa,3,2019,-5.655556,36.083889,29.88988647,19.0017777
Tarifa,3,2020,-5.655556,36.083889,45.74539551,18.84018023
Tarifa,3,2021,-5.655556,36.083889,5.034363812,20.5475836
Tarifa,3,2022,-5.655556,36.083889,52.54381091,19.73635549
Tarifa,3,2023,-5.655556,36.083889,5.101987935,18.53276387
Tarifa,3,2024,-5.655556,36.083889,3.816614441,17.95560854
Tarifa,3,2025,-5.655556,36.083889,62.29585121,17.66022398
Tarifa,3,2026,-5.655556,36.083889,9.623447147,18.38818635
Tarifa,3,2027,-5.655556,36.083889,1.521211397,19.55477295
Tarifa,3,2028,-5.655556,36.083889,16.69394926,19.21264924
Tarifa,3,2029,-5.655556,36.083889,27.99959444,18.46108792
Tarifa,3,2030,-5.655556,36.083889,18.15520127,20.29907404
Tarifa,3,2031,-5.655556,36.083889,14.15723536,19.19224775
Tarifa,3,2032,-5.655556,36.083889,4.904204851,20.46587721
Tarifa,3,2033,-5.655556,36.083889,6.031911014,19.96486029
Tarifa,3,2034,-5.655556,36.083889,18.28684818,19.53394618
Tarifa,3,2035,-5.655556,36.083889,140.7918908,18.22870346
Tarifa,3,2036,-5.655556,36.083889,14.93748358,19.60977744
Tarifa,3,2037,-5.655556,36.083889,3.619766137,20.15192221
Tarifa,3,2038,-5.655556,36.083889,48.87199321,19.07085473
Tarifa,3,2039,-5.655556,36.083889,40.13720962,20.03392846
Tarifa,3,2040,-5.655556,36.083889,14.93981015,20.59014774
Tarifa,3,2041,-5.655556,36.083889,47.15252239,18.64291362
Tarifa,3,2042,-5.655556,36.083889,44.20339634,17.70946163
Tarifa,3,2043,-5.655556,36.083889,11.7185509,19.21229189
Tarifa,3,2044,-5.655556,36.083889,49.12101967,18.16957811
Tarifa,3,2045,-5.655556,36.083889,23.01378676,19.39246964
Tarifa,3,2046,-5.655556,36.083889,71.80480919,19.83377351
Tarifa,3,2047,-5.655556,36.083889,32.3160577,19.61182212
Tarifa,3,2048,-5.655556,36.083889,7.004737372,20.52963631
Tarifa,3,2049,-5.655556,36.083889,18.42156342,19.89672044
Tarifa,3,2050,-5.655556,36.083889,5.577417177,20.54066005
Tarifa,3,2051,-5.655556,36.083889,28.89918853,19.74123732
Tarifa,3,2052,-5.655556,36.083889,82.5634129,20.36247677
Tarifa,3,2053,-5.655556,36.083889,20.05299771,18.63956949
Tarifa,3,2054,-5.655556,36.083889,78.98172275,18.85014373
Tarifa,3,2055,-5.655556,36.083889,87.84846465,18.24205244
Tarifa,3,2056,-5.655556,36.083889,16.79807881,19.20216104
Tarifa,3,2057,-5.655556,36.083889,8.310010355,20.49942391
Tarifa,3,2058,-5.655556,36.083889,60.55410289,19.27320399
Tarifa,3,2059,-5.655556,36.083889,63.253856,19.56600736
Tarifa,3,2060,-5.655556,36.083889,73.02573453,20.3444586
Tarifa,3,2061,-5.655556,36.083889,46.5044407,18.30145835
Tarifa,3,2062,-5.655556,36.083889,10.08466346,19.67164149
Tarifa,3,2063,-5.655556,36.083889,0.738705131,20.04425423
Tarifa,3,2064,-5.655556,36.083889,14.07210546,19.7727984
Tarifa,3,2065,-5.655556,36.083889,23.30255353,18.57512522
Tarifa,3,2066,-5.655556,36.083889,2.589890327,19.7219443
Tarifa,3,2067,-5.655556,36.083889,18.00665885,20.52459697
Tarifa,3,2068,-5.655556,36.083889,69.37271671,19.37332626
Tarifa,3,2069,-5.655556,36.083889,108.5097197,17.99828983
Tarifa,3,2070,-5.655556,36.083889,0.531333781,20.33728992
Tarifa,3,2071,-5.655556,36.083889,5.966062713,19.30441166
Tarifa,3,2072,-5.655556,36.083889,12.26667744,19.97301144
Tarifa,3,2073,-5.655556,36.083889,78.8884865,19.45632718
Tarifa,3,2074,-5.655556,36.083889,3.31746308,20.4743168
Tarifa,3,2075,-5.655556,36.083889,21.50002397,19.79245763
Tarifa,3,2076,-5.655556,36.083889,76.17159021,20.39054408
Tarifa,3,2077,-5.655556,36.083889,1.818957964,20.97108391
Tarifa,3,2078,-5.655556,36.083889,49.44039616,19.45289248
Tarifa,3,2079,-5.655556,36.083889,5.241114117,19.68715131
Tarifa,3,2080,-5.655556,36.083889,20.32141181,19.25260659
Tarifa,3,2081,-5.655556,36.083889,12.62075775,18.69885333
Tarifa,3,2082,-5.655556,36.083889,67.7231784,18.96340037
Tarifa,3,2083,-5.655556,36.083889,15.04816825,17.58917807
Tarifa,3,2084,-5.655556,36.083889,71.57660439,19.9353872
Tarifa,3,2085,-5.655556,36.083889,2.518196295,21.0693318
Tarifa,3,2086,-5.655556,36.083889,40.32805658,17.91305916
Tarifa,3,2087,-5.655556,36.083889,2.267320928,21.18904931
Tarifa,3,2088,-5.655556,36.083889,8.691996044,21.05503776
Tarifa,3,2089,-5.655556,36.083889,106.9577941,19.85433153
Tarifa,3,2090,-5.655556,36.083889,5.891133432,21.51035412
Tarifa,3,2091,-5.655556,36.083889,7.361666474,21.45400292
Tarifa,3,2092,-5.655556,36.083889,21.42081107,20.34760289
Tarifa,3,2093,-5.655556,36.083889,40.02862553,18.83291705
Tarifa,3,2094,-5.655556,36.083889,19.60892455,19.39072029
Tarifa,3,2095,-5.655556,36.083889,20.98598496,19.0439461
Tarifa,3,2096,-5.655556,36.083889,75.67153306,19.38814796
Tarifa,3,2097,-5.655556,36.083889,23.64008112,18.83209898
Tarifa,3,2098,-5.655556,36.083889,19.95022227,19.77625575
Tarifa,3,2099,-5.655556,36.083889,145.7085754,18.99105421
Tarifa,3,2100,-5.655556,36.083889,8.410061209,19.30797729
Tarifa,4,2015,-5.655556,36.083889,10.67638287,21.12623698
Tarifa,4,2016,-5.655556,36.083889,1.584460895,21.04933879
Tarifa,4,2017,-5.655556,36.083889,37.80388544,19.81787008
Tarifa,4,2018,-5.655556,36.083889,9.216589581,20.14411926
Tarifa,4,2019,-5.655556,36.083889,11.59211753,20.33976339
Tarifa,4,2020,-5.655556,36.083889,12.88336698,21.13977051
Tarifa,4,2021,-5.655556,36.083889,10.07354516,20.32275798
Tarifa,4,2022,-5.655556,36.083889,25.55381517,20.59703064
Tarifa,4,2023,-5.655556,36.083889,14.82569,21.07220764
Tarifa,4,2024,-5.655556,36.083889,2.909946653,19.9987498
Tarifa,4,2025,-5.655556,36.083889,19.75810952,19.14472555
Tarifa,4,2026,-5.655556,36.083889,2.722560437,19.59160767
Tarifa,4,2027,-5.655556,36.083889,36.70088353,20.68689168
Tarifa,4,2028,-5.655556,36.083889,6.498881448,20.84480693
Tarifa,4,2029,-5.655556,36.083889,44.33135266,19.32819621
Tarifa,4,2030,-5.655556,36.083889,91.04549938,19.84445597
Tarifa,4,2031,-5.655556,36.083889,19.14774809,20.96447449
Tarifa,4,2032,-5.655556,36.083889,32.87367952,19.75101725
Tarifa,4,2033,-5.655556,36.083889,7.776304581,22.38696187
Tarifa,4,2034,-5.655556,36.083889,89.59012839,20.56028748
Tarifa,4,2035,-5.655556,36.083889,41.95954185,20.52013143
Tarifa,4,2036,-5.655556,36.083889,22.1156462,21.18709615
Tarifa,4,2037,-5.655556,36.083889,1.216886017,22.83715312
Tarifa,4,2038,-5.655556,36.083889,40.71606556,19.03232524
Tarifa,4,2039,-5.655556,36.083889,14.87928428,22.2487498
Tarifa,4,2040,-5.655556,36.083889,27.52909963,21.36758219
Tarifa,4,2041,-5.655556,36.083889,18.13133748,20.66074626
Tarifa,4,2042,-5.655556,36.083889,4.317293093,20.73244425
Tarifa,4,2043,-5.655556,36.083889,22.40750805,19.36189168
Tarifa,4,2044,-5.655556,36.083889,21.88931699,20.27235514
Tarifa,4,2045,-5.655556,36.083889,30.50973884,20.46107483
Tarifa,4,2046,-5.655556,36.083889,34.06045146,19.9101237
Tarifa,4,2047,-5.655556,36.083889,13.88863525,20.41307576
Tarifa,4,2048,-5.655556,36.083889,37.64080917,20.55793762
Tarifa,4,2049,-5.655556,36.083889,1.979437681,21.65305074
Tarifa,4,2050,-5.655556,36.083889,29.57996207,20.78478699
Tarifa,4,2051,-5.655556,36.083889,10.31257716,21.21235453
Tarifa,4,2052,-5.655556,36.083889,21.30963629,20.80608317
Tarifa,4,2053,-5.655556,36.083889,23.63619946,21.853066
Tarifa,4,2054,-5.655556,36.083889,43.6429438,21.73808492
Tarifa,4,2055,-5.655556,36.083889,22.21977623,20.25409749
Tarifa,4,2056,-5.655556,36.083889,72.13058428,21.3395518
Tarifa,4,2057,-5.655556,36.083889,38.84411474,21.59912821
Tarifa,4,2058,-5.655556,36.083889,8.846961813,22.1385081
Tarifa,4,2059,-5.655556,36.083889,7.045663615,21.14902751
Tarifa,4,2060,-5.655556,36.083889,60.00396843,19.84313253
Tarifa,4,2061,-5.655556,36.083889,36.20327443,20.91103414
Tarifa,4,2062,-5.655556,36.083889,5.994525473,20.94582011
Tarifa,4,2063,-5.655556,36.083889,21.63423323,20.85545553
Tarifa,4,2064,-5.655556,36.083889,0.020912067,22.56630249
Tarifa,4,2065,-5.655556,36.083889,9.621166142,20.37371419
Tarifa,4,2066,-5.655556,36.083889,5.276883295,21.59620361
Tarifa,4,2067,-5.655556,36.083889,43.1309814,21.10457255
Tarifa,4,2068,-5.655556,36.083889,5.973807959,20.13964742
Tarifa,4,2069,-5.655556,36.083889,0.668456664,21.81633504
Tarifa,4,2070,-5.655556,36.083889,10.5549168,21.6108846
Tarifa,4,2071,-5.655556,36.083889,2.158402944,21.82460531
Tarifa,4,2072,-5.655556,36.083889,6.322821151,20.41801656
Tarifa,4,2073,-5.655556,36.083889,37.41647114,18.75504456
Tarifa,4,2074,-5.655556,36.083889,7.430704913,22.79830729
Tarifa,4,2075,-5.655556,36.083889,5.578122162,22.33265788
Tarifa,4,2076,-5.655556,36.083889,2.178396288,23.05609131
Tarifa,4,2077,-5.655556,36.083889,16.06805854,20.40619202
Tarifa,4,2078,-5.655556,36.083889,5.50790577,20.02064921
Tarifa,4,2079,-5.655556,36.083889,9.72344613,22.32193909
Tarifa,4,2080,-5.655556,36.083889,7.118482799,21.09522705
Tarifa,4,2081,-5.655556,36.083889,2.410498483,22.30288391
Tarifa,4,2082,-5.655556,36.083889,1.040689302,21.65749512
Tarifa,4,2083,-5.655556,36.083889,11.58938126,19.99726257
Tarifa,4,2084,-5.655556,36.083889,6.513694471,22.37523092
Tarifa,4,2085,-5.655556,36.083889,8.899806446,21.37431335
Tarifa,4,2086,-5.655556,36.083889,1.744852238,21.56924845
Tarifa,4,2087,-5.655556,36.083889,3.893647659,22.57929484
Tarifa,4,2088,-5.655556,36.083889,0.850635797,21.75294291
Tarifa,4,2089,-5.655556,36.083889,3.855302625,21.21770325
Tarifa,4,2090,-5.655556,36.083889,8.428173084,21.88203532
Tarifa,4,2091,-5.655556,36.083889,15.92107241,21.54178467
Tarifa,4,2092,-5.655556,36.083889,48.48522992,21.36782735
Tarifa,4,2093,-5.655556,36.083889,18.8591037,20.80455831
Tarifa,4,2094,-5.655556,36.083889,5.043698104,19.88396403
Tarifa,4,2095,-5.655556,36.083889,63.39045148,20.44449768
Tarifa,4,2096,-5.655556,36.083889,30.10288319,19.48202108
Tarifa,4,2097,-5.655556,36.083889,64.54226156,20.14651489
Tarifa,4,2098,-5.655556,36.083889,9.867827357,22.06889547
Tarifa,4,2099,-5.655556,36.083889,10.66608894,21.86751404
Tarifa,4,2100,-5.655556,36.083889,51.3356164,21.30665181
Tarifa,5,2015,-5.655556,36.083889,37.10353703,22.94346451
Tarifa,5,2016,-5.655556,36.083889,52.66466024,19.97607698
Tarifa,5,2017,-5.655556,36.083889,0.494441427,22.71953243
Tarifa,5,2018,-5.655556,36.083889,8.077228316,21.81867321
Tarifa,5,2019,-5.655556,36.083889,0.276097909,22.92220754
Tarifa,5,2020,-5.655556,36.083889,12.34515445,21.53956338
Tarifa,5,2021,-5.655556,36.083889,17.39239704,21.67542666
Tarifa,5,2022,-5.655556,36.083889,33.36412712,21.69330011
Tarifa,5,2023,-5.655556,36.083889,21.05974173,23.14796674
Tarifa,5,2024,-5.655556,36.083889,13.30567151,21.9690855
Tarifa,5,2025,-5.655556,36.083889,26.3436063,19.58141086
Tarifa,5,2026,-5.655556,36.083889,6.100500668,21.38260557
Tarifa,5,2027,-5.655556,36.083889,4.501893661,21.99690079
Tarifa,5,2028,-5.655556,36.083889,10.20890787,21.23529328
Tarifa,5,2029,-5.655556,36.083889,8.08521834,22.52410672
Tarifa,5,2030,-5.655556,36.083889,18.88633193,22.53110804
Tarifa,5,2031,-5.655556,36.083889,97.54416313,22.0749116
Tarifa,5,2032,-5.655556,36.083889,4.32412124,23.37562492
Tarifa,5,2033,-5.655556,36.083889,13.54420636,22.50346502
Tarifa,5,2034,-5.655556,36.083889,36.64865926,21.64634931
Tarifa,5,2035,-5.655556,36.083889,53.82794688,19.13140948
Tarifa,5,2036,-5.655556,36.083889,6.903368859,22.45989281
Tarifa,5,2037,-5.655556,36.083889,4.688164946,22.80930826
Tarifa,5,2038,-5.655556,36.083889,13.37099076,21.50601767
Tarifa,5,2039,-5.655556,36.083889,0.485929014,23.70333055
Tarifa,5,2040,-5.655556,36.083889,26.17632193,19.93542658
Tarifa,5,2041,-5.655556,36.083889,4.84617277,21.54315855
Tarifa,5,2042,-5.655556,36.083889,25.45349405,22.47802026
Tarifa,5,2043,-5.655556,36.083889,10.17653636,22.42703326
Tarifa,5,2044,-5.655556,36.083889,4.486534845,21.44695927
Tarifa,5,2045,-5.655556,36.083889,12.19850608,22.17272831
Tarifa,5,2046,-5.655556,36.083889,18.77629352,22.70058495
Tarifa,5,2047,-5.655556,36.083889,6.933513668,22.04544245
Tarifa,5,2048,-5.655556,36.083889,10.04348477,21.43024056
Tarifa,5,2049,-5.655556,36.083889,2.495595056,23.45917024
Tarifa,5,2050,-5.655556,36.083889,7.440058557,23.08829503
Tarifa,5,2051,-5.655556,36.083889,9.23760733,23.28760435
Tarifa,5,2052,-5.655556,36.083889,1.663597476,23.96537023
Tarifa,5,2053,-5.655556,36.083889,26.8797383,23.6743861
Tarifa,5,2054,-5.655556,36.083889,32.08147581,22.80759435
Tarifa,5,2055,-5.655556,36.083889,1.314877832,21.91931526
Tarifa,5,2056,-5.655556,36.083889,13.78302338,22.28879158
Tarifa,5,2057,-5.655556,36.083889,12.70113736,21.84449699
Tarifa,5,2058,-5.655556,36.083889,28.4164724,23.0531506
Tarifa,5,2059,-5.655556,36.083889,5.397987299,23.80001516
Tarifa,5,2060,-5.655556,36.083889,30.06726337,22.46803412
Tarifa,5,2061,-5.655556,36.083889,2.344915784,22.82770051
Tarifa,5,2062,-5.655556,36.083889,17.44289359,22.19528966
Tarifa,5,2063,-5.655556,36.083889,2.265132404,22.46147678
Tarifa,5,2064,-5.655556,36.083889,18.38609178,24.02326896
Tarifa,5,2065,-5.655556,36.083889,6.380711941,22.30527895
Tarifa,5,2066,-5.655556,36.083889,2.607524588,20.92097995
Tarifa,5,2067,-5.655556,36.083889,2.853773732,23.36666063
Tarifa,5,2068,-5.655556,36.083889,23.57560945,21.54578306
Tarifa,5,2069,-5.655556,36.083889,0.797237176,24.30689048
Tarifa,5,2070,-5.655556,36.083889,2.367694534,23.54999449
Tarifa,5,2071,-5.655556,36.083889,9.671447229,23.31756671
Tarifa,5,2072,-5.655556,36.083889,58.54275454,20.49748555
Tarifa,5,2073,-5.655556,36.083889,3.95786808,23.74288822
Tarifa,5,2074,-5.655556,36.083889,9.943351806,22.3339704
Tarifa,5,2075,-5.655556,36.083889,35.67451757,23.12580015
Tarifa,5,2076,-5.655556,36.083889,11.11695754,25.24355173
Tarifa,5,2077,-5.655556,36.083889,9.73999306,22.62155525
Tarifa,5,2078,-5.655556,36.083889,74.01058103,20.24768047
Tarifa,5,2079,-5.655556,36.083889,1.958215792,24.32604075
Tarifa,5,2080,-5.655556,36.083889,73.16692071,21.74213808
Tarifa,5,2081,-5.655556,36.083889,3.254647402,23.83934641
Tarifa,5,2082,-5.655556,36.083889,24.41794111,22.64205519
Tarifa,5,2083,-5.655556,36.083889,0.441434816,24.14290082
Tarifa,5,2084,-5.655556,36.083889,40.49294653,21.82944198
Tarifa,5,2085,-5.655556,36.083889,3.731917391,22.82740616
Tarifa,5,2086,-5.655556,36.083889,7.902178152,22.98795225
Tarifa,5,2087,-5.655556,36.083889,1.842866564,24.38737124
Tarifa,5,2088,-5.655556,36.083889,7.133939795,24.86716663
Tarifa,5,2089,-5.655556,36.083889,15.89273349,23.8382842
Tarifa,5,2090,-5.655556,36.083889,32.44331281,22.95108013
Tarifa,5,2091,-5.655556,36.083889,1.335829986,22.39509317
Tarifa,5,2092,-5.655556,36.083889,7.922527324,23.19247909
Tarifa,5,2093,-5.655556,36.083889,19.58589788,23.29491183
Tarifa,5,2094,-5.655556,36.083889,3.242814603,22.58016948
Tarifa,5,2095,-5.655556,36.083889,1.889537123,23.62939827
Tarifa,5,2096,-5.655556,36.083889,2.38974993,22.37526954
Tarifa,5,2097,-5.655556,36.083889,1.41521282,22.30567273
Tarifa,5,2098,-5.655556,36.083889,17.24263104,22.04525343
Tarifa,5,2099,-5.655556,36.083889,10.13229326,26.01182192
Tarifa,5,2100,-5.655556,36.083889,64.39699616,20.17481138
Tarifa,6,2015,-5.655556,36.083889,2.386556439,24.38606771
Tarifa,6,2016,-5.655556,36.083889,9.5980811,24.36053162
Tarifa,6,2017,-5.655556,36.083889,9.896865135,23.55810445
Tarifa,6,2018,-5.655556,36.083889,0.005384207,24.37198486
Tarifa,6,2019,-5.655556,36.083889,3.09715182,25.01913147
Tarifa,6,2020,-5.655556,36.083889,0.786798349,24.91200562
Tarifa,6,2021,-5.655556,36.083889,0.649813957,25.18579203
Tarifa,6,2022,-5.655556,36.083889,6.370471806,26.2209788
Tarifa,6,2023,-5.655556,36.083889,16.31564055,24.65616455
Tarifa,6,2024,-5.655556,36.083889,0.16666305,25.73194784
Tarifa,6,2025,-5.655556,36.083889,2.668705696,23.40130107
Tarifa,6,2026,-5.655556,36.083889,10.05820931,26.11006673
Tarifa,6,2027,-5.655556,36.083889,0.681491397,24.00135396
Tarifa,6,2028,-5.655556,36.083889,10.87258337,24.42867432
Tarifa,6,2029,-5.655556,36.083889,3.777336083,23.52245076
Tarifa,6,2030,-5.655556,36.083889,16.56937016,24.77409159
Tarifa,6,2031,-5.655556,36.083889,3.312944161,27.2623586
Tarifa,6,2032,-5.655556,36.083889,2.251485762,27.15068156
Tarifa,6,2033,-5.655556,36.083889,1.968794211,25.09421794
Tarifa,6,2034,-5.655556,36.083889,2.242798987,24.75919698
Tarifa,6,2035,-5.655556,36.083889,13.71319831,24.08741353
Tarifa,6,2036,-5.655556,36.083889,1.192166871,24.85311381
Tarifa,6,2037,-5.655556,36.083889,20.03354741,25.2783193
Tarifa,6,2038,-5.655556,36.083889,10.67426616,24.14497375
Tarifa,6,2039,-5.655556,36.083889,3.388225964,27.44824422
Tarifa,6,2040,-5.655556,36.083889,3.784670204,24.17464498
Tarifa,6,2041,-5.655556,36.083889,2.536012331,24.837854
Tarifa,6,2042,-5.655556,36.083889,1.15569607,24.86572876
Tarifa,6,2043,-5.655556,36.083889,0.591163621,26.5739563
Tarifa,6,2044,-5.655556,36.083889,1.858234256,25.63618469
Tarifa,6,2045,-5.655556,36.083889,25.04882212,24.69551493
Tarifa,6,2046,-5.655556,36.083889,1.657897294,24.7845815
Tarifa,6,2047,-5.655556,36.083889,12.62374299,26.46273193
Tarifa,6,2048,-5.655556,36.083889,2.866077442,26.74478048
Tarifa,6,2049,-5.655556,36.083889,11.66634076,26.82177429
Tarifa,6,2050,-5.655556,36.083889,14.24349324,25.45560811
Tarifa,6,2051,-5.655556,36.083889,2.99360942,24.44995626
Tarifa,6,2052,-5.655556,36.083889,2.499148692,26.85981547
Tarifa,6,2053,-5.655556,36.083889,1.050788301,25.49899699
Tarifa,6,2054,-5.655556,36.083889,2.535739082,27.74797567
Tarifa,6,2055,-5.655556,36.083889,2.162180494,25.96574809
Tarifa,6,2056,-5.655556,36.083889,2.873819242,25.33465271
Tarifa,6,2057,-5.655556,36.083889,0.477220522,26.37729289
Tarifa,6,2058,-5.655556,36.083889,1.762015494,25.76585592
Tarifa,6,2059,-5.655556,36.083889,0.862666919,25.69827983
Tarifa,6,2060,-5.655556,36.083889,12.3898493,24.90838623
Tarifa,6,2061,-5.655556,36.083889,10.12239847,28.37172546
Tarifa,6,2062,-5.655556,36.083889,1.177279576,26.98676961
Tarifa,6,2063,-5.655556,36.083889,0.80680905,26.57501526
Tarifa,6,2064,-5.655556,36.083889,0.985338693,26.35435893
Tarifa,6,2065,-5.655556,36.083889,0.323042912,26.7728007
Tarifa,6,2066,-5.655556,36.083889,1.809514493,25.39113363
Tarifa,6,2067,-5.655556,36.083889,2.838857377,28.52485352
Tarifa,6,2068,-5.655556,36.083889,2.343033725,26.34004618
Tarifa,6,2069,-5.655556,36.083889,19.34872891,27.23269348
Tarifa,6,2070,-5.655556,36.083889,101.8890223,26.47226461
Tarifa,6,2071,-5.655556,36.083889,0.155060868,26.1340922
Tarifa,6,2072,-5.655556,36.083889,16.25763707,24.23524679
Tarifa,6,2073,-5.655556,36.083889,11.68917835,25.14749146
Tarifa,6,2074,-5.655556,36.083889,1.932863213,25.60352783
Tarifa,6,2075,-5.655556,36.083889,5.529626796,25.86636759
Tarifa,6,2076,-5.655556,36.083889,3.987541899,26.63648071
Tarifa,6,2077,-5.655556,36.083889,0.031820101,27.20309448
Tarifa,6,2078,-5.655556,36.083889,1.845044488,26.60203756
Tarifa,6,2079,-5.655556,36.083889,2.329185972,25.79715474
Tarifa,6,2080,-5.655556,36.083889,6.371713711,24.82960205
Tarifa,6,2081,-5.655556,36.083889,9.780865343,28.51313477
Tarifa,6,2082,-5.655556,36.083889,1.068479932,27.01133931
Tarifa,6,2083,-5.655556,36.083889,2.432357433,27.46293335
Tarifa,6,2084,-5.655556,36.083889,14.21004611,22.80892029
Tarifa,6,2085,-5.655556,36.083889,0.160112953,26.60691732
Tarifa,6,2086,-5.655556,36.083889,6.100316378,24.21611125
Tarifa,6,2087,-5.655556,36.083889,9.741535944,30.17606506
Tarifa,6,2088,-5.655556,36.083889,10.35299562,24.60228068
Tarifa,6,2089,-5.655556,36.083889,0.461550053,25.20075887
Tarifa,6,2090,-5.655556,36.083889,1.930289505,27.06762085
Tarifa,6,2091,-5.655556,36.083889,1.306863377,25.61158346
Tarifa,6,2092,-5.655556,36.083889,18.72567712,26.999941
Tarifa,6,2093,-5.655556,36.083889,0.041956355,27.05195211
Tarifa,6,2094,-5.655556,36.083889,2.970495257,25.30676778
Tarifa,6,2095,-5.655556,36.083889,3.697247038,26.52075907
Tarifa,6,2096,-5.655556,36.083889,0.899788851,25.57396342
Tarifa,6,2097,-5.655556,36.083889,2.18291277315316e-05,26.7915446
Tarifa,6,2098,-5.655556,36.083889,3.570880723,24.84163411
Tarifa,6,2099,-5.655556,36.083889,6.729827572,26.91000875
Tarifa,6,2100,-5.655556,36.083889,0.953795644,25.47911784
Tarifa,7,2015,-5.655556,36.083889,1.561747536,27.30535869
Tarifa,7,2016,-5.655556,36.083889,0.300975914,29.04582244
Tarifa,7,2017,-5.655556,36.083889,0.003360225,28.25381942
Tarifa,7,2018,-5.655556,36.083889,0.422734926,27.81874409
Tarifa,7,2019,-5.655556,36.083889,0.261756045,28.93285424
Tarifa,7,2020,-5.655556,36.083889,0.014459079,29.06964781
Tarifa,7,2021,-5.655556,36.083889,2.862450196,28.04847451
Tarifa,7,2022,-5.655556,36.083889,3.10218602190049e-06,28.87255643
Tarifa,7,2023,-5.655556,36.083889,0.052562574,28.53130296
Tarifa,7,2024,-5.655556,36.083889,0.004206734,28.4978744
Tarifa,7,2025,-5.655556,36.083889,3.258256772,27.15881919
Tarifa,7,2026,-5.655556,36.083889,20.99722829,27.91176955
Tarifa,7,2027,-5.655556,36.083889,0.715858753,28.08624149
Tarifa,7,2028,-5.655556,36.083889,2.245283699,29.06514794
Tarifa,7,2029,-5.655556,36.083889,3.963127158,27.17677041
Tarifa,7,2030,-5.655556,36.083889,1.782505645,26.3174722
Tarifa,7,2031,-5.655556,36.083889,1.315918314,30.06223696
Tarifa,7,2032,-5.655556,36.083889,1.00532654,27.819446
Tarifa,7,2033,-5.655556,36.083889,3.866217339,28.3154226
Tarifa,7,2034,-5.655556,36.083889,0.548774216,29.53201077
Tarifa,7,2035,-5.655556,36.083889,0.042736029,28.16351299
Tarifa,7,2036,-5.655556,36.083889,1.965926604,28.646432
Tarifa,7,2037,-5.655556,36.083889,7.69646655,28.78755021
Tarifa,7,2038,-5.655556,36.083889,0.228010329,27.67496397
Tarifa,7,2039,-5.655556,36.083889,1.505786631,30.20287771
Tarifa,7,2040,-5.655556,36.083889,1.046151871,29.62074309
Tarifa,7,2041,-5.655556,36.083889,6.257905659,29.2916307
Tarifa,7,2042,-5.655556,36.083889,1.896243293,29.47318076
Tarifa,7,2043,-5.655556,36.083889,0.646684667,29.14074786
Tarifa,7,2044,-5.655556,36.083889,1.41341341,29.42844002
Tarifa,7,2045,-5.655556,36.083889,2.19319597267979e-08,29.06248011
Tarifa,7,2046,-5.655556,36.083889,1.92595275,27.41701955
Tarifa,7,2047,-5.655556,36.083889,1.811398354,29.67680684
Tarifa,7,2048,-5.655556,36.083889,2.197463768,28.97865817
Tarifa,7,2049,-5.655556,36.083889,0.036317649,29.67583028
Tarifa,7,2050,-5.655556,36.083889,0.338770153,30.18029569
Tarifa,7,2051,-5.655556,36.083889,1.17728226,29.03941867
Tarifa,7,2052,-5.655556,36.083889,3.533192897,29.89242731
Tarifa,7,2053,-5.655556,36.083889,0.239338684,28.55137959
Tarifa,7,2054,-5.655556,36.083889,2.34338576,29.38482745
Tarifa,7,2055,-5.655556,36.083889,2.48874796,27.38972306
Tarifa,7,2056,-5.655556,36.083889,2.914455908,29.76984509
Tarifa,7,2057,-5.655556,36.083889,0.267023484,31.17085985
Tarifa,7,2058,-5.655556,36.083889,1.561756258,29.07820946
Tarifa,7,2059,-5.655556,36.083889,0.246327009,29.51910479
Tarifa,7,2060,-5.655556,36.083889,2.761913685,29.7221343
Tarifa,7,2061,-5.655556,36.083889,0.507983679,31.17371275
Tarifa,7,2062,-5.655556,36.083889,3.624390982,31.00408522
Tarifa,7,2063,-5.655556,36.083889,0.9298508,29.8944139
Tarifa,7,2064,-5.655556,36.083889,0.082728742,29.50707299
Tarifa,7,2065,-5.655556,36.083889,2.935411703,28.85308031
Tarifa,7,2066,-5.655556,36.083889,0.060002106,30.19459169
Tarifa,7,2067,-5.655556,36.083889,0.001369567,30.07023256
Tarifa,7,2068,-5.655556,36.083889,4.123628906,29.74612309
Tarifa,7,2069,-5.655556,36.083889,4.96668160276824e-08,30.6215336
Tarifa,7,2070,-5.655556,36.083889,6.775264131,30.45731162
Tarifa,7,2071,-5.655556,36.083889,2.903154937,29.47242471
Tarifa,7,2072,-5.655556,36.083889,3.181070461,28.86564174
Tarifa,7,2073,-5.655556,36.083889,0.564209412,28.86205346
Tarifa,7,2074,-5.655556,36.083889,0.577668828,28.96401269
Tarifa,7,2075,-5.655556,36.083889,2.849619471,29.84193253
Tarifa,7,2076,-5.655556,36.083889,3.321037803,29.70153198
Tarifa,7,2077,-5.655556,36.083889,0.02739368,29.50046938
Tarifa,7,2078,-5.655556,36.083889,2.650200549,30.212538
Tarifa,7,2079,-5.655556,36.083889,1.16921716,28.56331
Tarifa,7,2080,-5.655556,36.083889,1.626546522,28.78788393
Tarifa,7,2081,-5.655556,36.083889,2.254689604,30.83519011
Tarifa,7,2082,-5.655556,36.083889,0.84667919,29.73622062
Tarifa,7,2083,-5.655556,36.083889,0.119474761,31.21236671
Tarifa,7,2084,-5.655556,36.083889,0.585921681,29.52952211
Tarifa,7,2085,-5.655556,36.083889,1.086267095,30.8555414
Tarifa,7,2086,-5.655556,36.083889,1.204358928,29.43620133
Tarifa,7,2087,-5.655556,36.083889,0.611455304,30.59036727
Tarifa,7,2088,-5.655556,36.083889,1.49521957,29.05652426
Tarifa,7,2089,-5.655556,36.083889,2.872661596,29.06514105
Tarifa,7,2090,-5.655556,36.083889,3.90240611,29.21592053
Tarifa,7,2091,-5.655556,36.083889,1.573886328,29.89406935
Tarifa,7,2092,-5.655556,36.083889,0.334210053,29.5962611
Tarifa,7,2093,-5.655556,36.083889,3.698422452,28.91601247
Tarifa,7,2094,-5.655556,36.083889,3.77112590585564e-09,29.19517251
Tarifa,7,2095,-5.655556,36.083889,4.43500444,29.33953346
Tarifa,7,2096,-5.655556,36.083889,0.889466572,30.14954873
Tarifa,7,2097,-5.655556,36.083889,4.330065167,29.70525316
Tarifa,7,2098,-5.655556,36.083889,0.466175394,28.7864624
Tarifa,7,2099,-5.655556,36.083889,1.813428935,30.21615482
Tarifa,7,2100,-5.655556,36.083889,2.80315116127542e-10,29.5971658
Tarifa,8,2015,-5.655556,36.083889,3.47303549469564e-06,28.551101
Tarifa,8,2016,-5.655556,36.083889,1.759186315,29.38573313
Tarifa,8,2017,-5.655556,36.083889,6.154460831,27.82435047
Tarifa,8,2018,-5.655556,36.083889,1.228779111,29.60153671
Tarifa,8,2019,-5.655556,36.083889,13.67578731,29.23709973
Tarifa,8,2020,-5.655556,36.083889,0.403147122,29.72665878
Tarifa,8,2021,-5.655556,36.083889,2.210437437,28.3552441
Tarifa,8,2022,-5.655556,36.083889,1.784649608,28.87623134
Tarifa,8,2023,-5.655556,36.083889,6.770241081,30.29820379
Tarifa,8,2024,-5.655556,36.083889,0.438765823,28.64337828
Tarifa,8,2025,-5.655556,36.083889,1.520916046,29.2737789
Tarifa,8,2026,-5.655556,36.083889,2.186477559,28.35303207
Tarifa,8,2027,-5.655556,36.083889,0.946500532,30.49585827
Tarifa,8,2028,-5.655556,36.083889,17.70372238,30.63074301
Tarifa,8,2029,-5.655556,36.083889,0.175108554,29.26802585
Tarifa,8,2030,-5.655556,36.083889,0.888644243,28.20162846
Tarifa,8,2031,-5.655556,36.083889,16.95317665,28.18512632
Tarifa,8,2032,-5.655556,36.083889,2.584711337,29.49279667
Tarifa,8,2033,-5.655556,36.083889,0.000487383,30.12271886
Tarifa,8,2034,-5.655556,36.083889,0.677437619,30.2119749
Tarifa,8,2035,-5.655556,36.083889,1.131359477,28.55137172
Tarifa,8,2036,-5.655556,36.083889,3.988255524,28.55125555
Tarifa,8,2037,-5.655556,36.083889,1.406253627,29.58688532
Tarifa,8,2038,-5.655556,36.083889,0.000797247,31.23201511
Tarifa,8,2039,-5.655556,36.083889,3.259317126,29.86774745
Tarifa,8,2040,-5.655556,36.083889,0.016685926,28.4196864
Tarifa,8,2041,-5.655556,36.083889,20.91970275,29.12219514
Tarifa,8,2042,-5.655556,36.083889,10.67251027,29.72159286
Tarifa,8,2043,-5.655556,36.083889,1.861114827,28.70493814
Tarifa,8,2044,-5.655556,36.083889,0.410859368,30.70618837
Tarifa,8,2045,-5.655556,36.083889,0.851137877,30.47026092
Tarifa,8,2046,-5.655556,36.083889,10.30986317,31.08566658
Tarifa,8,2047,-5.655556,36.083889,0.120839661,30.39430463
Tarifa,8,2048,-5.655556,36.083889,4.12334074,28.77703247
Tarifa,8,2049,-5.655556,36.083889,0.933141305,31.40990108
Tarifa,8,2050,-5.655556,36.083889,9.866212031,30.43200861
Tarifa,8,2051,-5.655556,36.083889,0.005344592,29.83907963
Tarifa,8,2052,-5.655556,36.083889,0.394831026,29.27501634
Tarifa,8,2053,-5.655556,36.083889,2.820658325,30.04845384
Tarifa,8,2054,-5.655556,36.083889,1.835586461,29.9118739
Tarifa,8,2055,-5.655556,36.083889,0.160732609,29.50846597
Tarifa,8,2056,-5.655556,36.083889,1.02873497,30.345382
Tarifa,8,2057,-5.655556,36.083889,9.7742826,31.57753217
Tarifa,8,2058,-5.655556,36.083889,0.174790288,31.01437654
Tarifa,8,2059,-5.655556,36.083889,3.223459541,31.36671477
Tarifa,8,2060,-5.655556,36.083889,0.135995047,30.14187504
Tarifa,8,2061,-5.655556,36.083889,32.2309188,30.62401537
Tarifa,8,2062,-5.655556,36.083889,0.544191474,30.10677293
Tarifa,8,2063,-5.655556,36.083889,2.369114172,30.23998512
Tarifa,8,2064,-5.655556,36.083889,4.635285679,29.33186961
Tarifa,8,2065,-5.655556,36.083889,18.19684769,28.91905931
Tarifa,8,2066,-5.655556,36.083889,1.112916677,30.34428435
Tarifa,8,2067,-5.655556,36.083889,7.379736855,30.21752221
Tarifa,8,2068,-5.655556,36.083889,0.00067627,29.92086674
Tarifa,8,2069,-5.655556,36.083889,0.097930072,29.32589997
Tarifa,8,2070,-5.655556,36.083889,0.861294337,30.41027025
Tarifa,8,2071,-5.655556,36.083889,6.06782568,31.08341616
Tarifa,8,2072,-5.655556,36.083889,1.354183511,30.17617483
Tarifa,8,2073,-5.655556,36.083889,0.657512036,31.98067233
Tarifa,8,2074,-5.655556,36.083889,0.727288302,30.68335729
Tarifa,8,2075,-5.655556,36.083889,0.660206242,31.33692568
Tarifa,8,2076,-5.655556,36.083889,3.540732849,30.09061437
Tarifa,8,2077,-5.655556,36.083889,5.672721387,29.27150682
Tarifa,8,2078,-5.655556,36.083889,4.551252176,29.25032565
Tarifa,8,2079,-5.655556,36.083889,1.757922877,28.49946328
Tarifa,8,2080,-5.655556,36.083889,0.007059102,30.49201503
Tarifa,8,2081,-5.655556,36.083889,6.396196579,32.48975377
Tarifa,8,2082,-5.655556,36.083889,0.281998573,32.02711123
Tarifa,8,2083,-5.655556,36.083889,1.64652698,28.89130308
Tarifa,8,2084,-5.655556,36.083889,1.294419331,31.59779978
Tarifa,8,2085,-5.655556,36.083889,2.078010391,28.78585205
Tarifa,8,2086,-5.655556,36.083889,3.51178111127673e-08,31.19611954
Tarifa,8,2087,-5.655556,36.083889,1.580227121,30.2424974
Tarifa,8,2088,-5.655556,36.083889,0.734956697,28.73663212
Tarifa,8,2089,-5.655556,36.083889,2.332528043,29.70654376
Tarifa,8,2090,-5.655556,36.083889,1.073012085,30.09467616
Tarifa,8,2091,-5.655556,36.083889,2.739472792,28.58758525
Tarifa,8,2092,-5.655556,36.083889,0.511414649,31.60980205
Tarifa,8,2093,-5.655556,36.083889,0.843254918,32.53468352
Tarifa,8,2094,-5.655556,36.083889,1.68381717,28.89090045
Tarifa,8,2095,-5.655556,36.083889,0.540991553,28.8699644
Tarifa,8,2096,-5.655556,36.083889,12.67432415,30.17584701
Tarifa,8,2097,-5.655556,36.083889,0.324106244,31.33470872
Tarifa,8,2098,-5.655556,36.083889,0.856176191,28.51154529
Tarifa,8,2099,-5.655556,36.083889,5.560067766,31.40303266
Tarifa,8,2100,-5.655556,36.083889,3.044128092,30.17303152
Tarifa,9,2015,-5.655556,36.083889,10.50358309,28.05815226
Tarifa,9,2016,-5.655556,36.083889,26.83713103,26.73633728
Tarifa,9,2017,-5.655556,36.083889,1.711284884,26.88273824
Tarifa,9,2018,-5.655556,36.083889,10.01841356,27.42757568
Tarifa,9,2019,-5.655556,36.083889,2.353131653,27.68755798
Tarifa,9,2020,-5.655556,36.083889,23.12494871,27.1580658
Tarifa,9,2021,-5.655556,36.083889,1.766808753,27.32572123
Tarifa,9,2022,-5.655556,36.083889,0.260039378,28.14585673
Tarifa,9,2023,-5.655556,36.083889,2.702056107,29.16323446
Tarifa,9,2024,-5.655556,36.083889,5.43456314,26.77276001
Tarifa,9,2025,-5.655556,36.083889,22.72388048,26.54698079
Tarifa,9,2026,-5.655556,36.083889,0.956376322,26.85542704
Tarifa,9,2027,-5.655556,36.083889,0.86329343,28.86500448
Tarifa,9,2028,-5.655556,36.083889,18.58187262,27.57531128
Tarifa,9,2029,-5.655556,36.083889,0.953010762,26.50964559
Tarifa,9,2030,-5.655556,36.083889,0.023886566,27.21111247
Tarifa,9,2031,-5.655556,36.083889,16.23616518,28.69030558
Tarifa,9,2032,-5.655556,36.083889,5.041101373,28.02892456
Tarifa,9,2033,-5.655556,36.083889,58.5018923,27.43568726
Tarifa,9,2034,-5.655556,36.083889,36.63721529,28.55582072
Tarifa,9,2035,-5.655556,36.083889,1.422302108,28.35199788
Tarifa,9,2036,-5.655556,36.083889,0.765675035,28.34882406
Tarifa,9,2037,-5.655556,36.083889,1.053746723,29.0299174
Tarifa,9,2038,-5.655556,36.083889,0.243032199,28.51942647
Tarifa,9,2039,-5.655556,36.083889,5.980036633,26.67650146
Tarifa,9,2040,-5.655556,36.083889,0.335391012,28.35811157
Tarifa,9,2041,-5.655556,36.083889,16.70074666,27.24128316
Tarifa,9,2042,-5.655556,36.083889,4.838487169,26.3830424
Tarifa,9,2043,-5.655556,36.083889,5.305521673,27.64773661
Tarifa,9,2044,-5.655556,36.083889,16.60303597,27.86151632
Tarifa,9,2045,-5.655556,36.083889,3.191296062,27.89427389
Tarifa,9,2046,-5.655556,36.083889,0.158620518,29.52103373
Tarifa,9,2047,-5.655556,36.083889,0.665245033,27.87171224
Tarifa,9,2048,-5.655556,36.083889,0.06040994,29.83073324
Tarifa,9,2049,-5.655556,36.083889,0.258663591,28.01940613
Tarifa,9,2050,-5.655556,36.083889,0.347311123,28.71688538
Tarifa,9,2051,-5.655556,36.083889,14.14283486,27.87830098
Tarifa,9,2052,-5.655556,36.083889,4.072214731,27.96262716
Tarifa,9,2053,-5.655556,36.083889,0.070301558,28.7497345
Tarifa,9,2054,-5.655556,36.083889,1.151005713,29.15400899
Tarifa,9,2055,-5.655556,36.083889,9.246519955,28.29227702
Tarifa,9,2056,-5.655556,36.083889,23.14254787,28.46956278
Tarifa,9,2057,-5.655556,36.083889,7.197117033,29.42743123
Tarifa,9,2058,-5.655556,36.083889,3.229965698,28.6691274
Tarifa,9,2059,-5.655556,36.083889,2.699534962,26.83097839
Tarifa,9,2060,-5.655556,36.083889,0.666253435,28.80585938
Tarifa,9,2061,-5.655556,36.083889,4.412477856,28.74677429
Tarifa,9,2062,-5.655556,36.083889,0.013228681,28.63265889
Tarifa,9,2063,-5.655556,36.083889,5.474329306,29.27969564
Tarifa,9,2064,-5.655556,36.083889,5.182459996,27.79947815
Tarifa,9,2065,-5.655556,36.083889,11.71621178,27.10376282
Tarifa,9,2066,-5.655556,36.083889,0.130231643,29.36464844
Tarifa,9,2067,-5.655556,36.083889,0.872180963,26.90102743
Tarifa,9,2068,-5.655556,36.083889,13.72565911,25.71889852
Tarifa,9,2069,-5.655556,36.083889,0.54970469,28.7908488
Tarifa,9,2070,-5.655556,36.083889,6.559109528,28.5317922
Tarifa,9,2071,-5.655556,36.083889,15.65702983,27.92404073
Tarifa,9,2072,-5.655556,36.083889,25.94686679,27.78770142
Tarifa,9,2073,-5.655556,36.083889,0.55877053,29.4217509
Tarifa,9,2074,-5.655556,36.083889,0.015934858,29.28970642
Tarifa,9,2075,-5.655556,36.083889,2.219604624,29.65240173
Tarifa,9,2076,-5.655556,36.083889,3.142285844,28.72941589
Tarifa,9,2077,-5.655556,36.083889,0.564096926,28.87419128
Tarifa,9,2078,-5.655556,36.083889,6.285437732,27.99446513
Tarifa,9,2079,-5.655556,36.083889,2.335318485,28.98614197
Tarifa,9,2080,-5.655556,36.083889,3.158249251,28.21018372
Tarifa,9,2081,-5.655556,36.083889,0.600253569,29.11870829
Tarifa,9,2082,-5.655556,36.083889,41.9328138,29.24727783
Tarifa,9,2083,-5.655556,36.083889,0.00211228,30.5080485
Tarifa,9,2084,-5.655556,36.083889,0.763180533,28.66806335
Tarifa,9,2085,-5.655556,36.083889,8.151875646,28.40599264
Tarifa,9,2086,-5.655556,36.083889,0.80190383,29.69563904
Tarifa,9,2087,-5.655556,36.083889,0.128001043,28.42469889
Tarifa,9,2088,-5.655556,36.083889,1.753953226,28.52845154
Tarifa,9,2089,-5.655556,36.083889,6.174905283,28.89524434
Tarifa,9,2090,-5.655556,36.083889,17.60185327,29.99926249
Tarifa,9,2091,-5.655556,36.083889,0.454874758,29.41945496
Tarifa,9,2092,-5.655556,36.083889,6.348069239,28.28683065
Tarifa,9,2093,-5.655556,36.083889,0.369854332,28.98315531
Tarifa,9,2094,-5.655556,36.083889,7.17763833,27.94658508
Tarifa,9,2095,-5.655556,36.083889,3.53115833,27.14391785
Tarifa,9,2096,-5.655556,36.083889,0.047914816,29.57128499
Tarifa,9,2097,-5.655556,36.083889,0.93136086,28.2813741
Tarifa,9,2098,-5.655556,36.083889,7.250309688,27.51220907
Tarifa,9,2099,-5.655556,36.083889,0.678439443,28.73160502
Tarifa,9,2100,-5.655556,36.083889,11.17286103,29.33322754
TarifaY2,1,2015,-5.656944,36.081111,80.21220432,18.06096605
TarifaY2,1,2016,-5.656944,36.081111,4.093030658,17.85621476
TarifaY2,1,2017,-5.656944,36.081111,120.3443202,18.39565036
TarifaY2,1,2018,-5.656944,36.081111,105.3689043,17.4066613
TarifaY2,1,2019,-5.656944,36.081111,140.5155962,16.88256521
TarifaY2,1,2020,-5.656944,36.081111,53.13945783,18.1687689
TarifaY2,1,2021,-5.656944,36.081111,33.72849344,16.45859926
TarifaY2,1,2022,-5.656944,36.081111,57.81294465,18.13337048
TarifaY2,1,2023,-5.656944,36.081111,57.4601177,17.59615675
TarifaY2,1,2024,-5.656944,36.081111,100.8612858,18.41235627
TarifaY2,1,2025,-5.656944,36.081111,29.52174237,16.85220711
TarifaY2,1,2026,-5.656944,36.081111,54.34136575,17.26788606
TarifaY2,1,2027,-5.656944,36.081111,161.7761647,18.22693147
TarifaY2,1,2028,-5.656944,36.081111,8.835550672,17.07706555
TarifaY2,1,2029,-5.656944,36.081111,33.76214663,17.92356902
TarifaY2,1,2030,-5.656944,36.081111,3.64493001,16.20317009
TarifaY2,1,2031,-5.656944,36.081111,46.75957407,18.13648918
TarifaY2,1,2032,-5.656944,36.081111,22.58343598,18.25377512
TarifaY2,1,2033,-5.656944,36.081111,106.552296,17.91654309
TarifaY2,1,2034,-5.656944,36.081111,33.171735,18.59123555
TarifaY2,1,2035,-5.656944,36.081111,202.9247425,18.98425569
TarifaY2,1,2036,-5.656944,36.081111,174.2739783,17.33669138
TarifaY2,1,2037,-5.656944,36.081111,68.01661249,17.84738632
TarifaY2,1,2038,-5.656944,36.081111,51.72778455,19.02609627
TarifaY2,1,2039,-5.656944,36.081111,40.3595195,18.26056184
TarifaY2,1,2040,-5.656944,36.081111,96.43333545,16.61619302
TarifaY2,1,2041,-5.656944,36.081111,81.9313089,17.38450751
TarifaY2,1,2042,-5.656944,36.081111,36.03324579,17.90251386
TarifaY2,1,2043,-5.656944,36.081111,3.352120565,18.42765641
TarifaY2,1,2044,-5.656944,36.081111,28.72707014,17.39462654
TarifaY2,1,2045,-5.656944,36.081111,51.44102959,16.72416717
TarifaY2,1,2046,-5.656944,36.081111,85.2072837,19.397191
TarifaY2,1,2047,-5.656944,36.081111,26.60464527,18.55316142
TarifaY2,1,2048,-5.656944,36.081111,154.7905217,17.633907
TarifaY2,1,2049,-5.656944,36.081111,19.45278281,17.03138467
TarifaY2,1,2050,-5.656944,36.081111,40.87629753,17.52570939
TarifaY2,1,2051,-5.656944,36.081111,189.2260651,18.23481189
TarifaY2,1,2052,-5.656944,36.081111,45.69842511,19.02707185
TarifaY2,1,2053,-5.656944,36.081111,79.17507416,17.89897874
TarifaY2,1,2054,-5.656944,36.081111,111.6634613,18.76296288
TarifaY2,1,2055,-5.656944,36.081111,45.74557082,17.95886998
TarifaY2,1,2056,-5.656944,36.081111,23.79963657,18.51785948
TarifaY2,1,2057,-5.656944,36.081111,22.08211158,18.38804951
TarifaY2,1,2058,-5.656944,36.081111,70.23143285,18.79605772
TarifaY2,1,2059,-5.656944,36.081111,183.3902048,19.38399954
TarifaY2,1,2060,-5.656944,36.081111,144.4208878,17.09440544
TarifaY2,1,2061,-5.656944,36.081111,173.3387126,18.7196545
TarifaY2,1,2062,-5.656944,36.081111,142.9981547,18.2382151
TarifaY2,1,2063,-5.656944,36.081111,100.6867294,18.46857851
TarifaY2,1,2064,-5.656944,36.081111,9.581177391,18.70688929
TarifaY2,1,2065,-5.656944,36.081111,92.2686262,16.59747689
TarifaY2,1,2066,-5.656944,36.081111,89.85934554,18.77591907
TarifaY2,1,2067,-5.656944,36.081111,99.85582885,16.77473676
TarifaY2,1,2068,-5.656944,36.081111,78.35279463,18.14390298
TarifaY2,1,2069,-5.656944,36.081111,16.10803648,17.98526572
TarifaY2,1,2070,-5.656944,36.081111,39.12167255,17.28324329
TarifaY2,1,2071,-5.656944,36.081111,13.55832063,18.79278249
TarifaY2,1,2072,-5.656944,36.081111,123.4069994,18.0596912
TarifaY2,1,2073,-5.656944,36.081111,263.4920408,18.84602976
TarifaY2,1,2074,-5.656944,36.081111,37.23215572,18.1238549
TarifaY2,1,2075,-5.656944,36.081111,7.911740425,18.07764932
TarifaY2,1,2076,-5.656944,36.081111,33.16617791,17.65764574
TarifaY2,1,2077,-5.656944,36.081111,87.49152108,17.29167008
TarifaY2,1,2078,-5.656944,36.081111,105.0148552,19.16337615
TarifaY2,1,2079,-5.656944,36.081111,60.17042315,19.08000902
TarifaY2,1,2080,-5.656944,36.081111,104.9684408,19.54366947
TarifaY2,1,2081,-5.656944,36.081111,111.5770245,18.39582362
TarifaY2,1,2082,-5.656944,36.081111,3.625766421,17.56483587
TarifaY2,1,2083,-5.656944,36.081111,148.3178502,16.7507086
TarifaY2,1,2084,-5.656944,36.081111,159.4024945,20.07674167
TarifaY2,1,2085,-5.656944,36.081111,41.60708732,19.18461737
TarifaY2,1,2086,-5.656944,36.081111,178.72614,17.38857619
TarifaY2,1,2087,-5.656944,36.081111,4.156164647,18.9230453
TarifaY2,1,2088,-5.656944,36.081111,159.5824713,17.31369688
TarifaY2,1,2089,-5.656944,36.081111,73.42475908,16.99945344
TarifaY2,1,2090,-5.656944,36.081111,8.048940521,19.99182405
TarifaY2,1,2091,-5.656944,36.081111,3.260906109,19.22098842
TarifaY2,1,2092,-5.656944,36.081111,12.48365827,18.62961682
TarifaY2,1,2093,-5.656944,36.081111,64.94711073,16.70186374
TarifaY2,1,2094,-5.656944,36.081111,24.40732014,19.79491282
TarifaY2,1,2095,-5.656944,36.081111,29.15501102,18.58970376
TarifaY2,1,2096,-5.656944,36.081111,35.81810642,18.27454578
TarifaY2,1,2097,-5.656944,36.081111,72.61459817,18.06511349
TarifaY2,1,2098,-5.656944,36.081111,51.67060218,16.57084488
TarifaY2,1,2099,-5.656944,36.081111,118.7290886,17.60020476
TarifaY2,1,2100,-5.656944,36.081111,44.43852491,18.82875091
TarifaY2,10,2015,-5.656944,36.081111,1.803368569,24.86087213
TarifaY2,10,2016,-5.656944,36.081111,12.86146601,23.26373173
TarifaY2,10,2017,-5.656944,36.081111,69.37929594,23.19826069
TarifaY2,10,2018,-5.656944,36.081111,47.28852481,23.63834977
TarifaY2,10,2019,-5.656944,36.081111,9.576400416,22.51860076
TarifaY2,10,2020,-5.656944,36.081111,2.942594488,23.37381356
TarifaY2,10,2021,-5.656944,36.081111,22.2832093,24.26549092
TarifaY2,10,2022,-5.656944,36.081111,29.37539207,23.44751843
TarifaY2,10,2023,-5.656944,36.081111,81.1151999,23.22581905
TarifaY2,10,2024,-5.656944,36.081111,37.8230678,22.22202109
TarifaY2,10,2025,-5.656944,36.081111,38.91470736,23.1477482
TarifaY2,10,2026,-5.656944,36.081111,8.723613242,24.30406908
TarifaY2,10,2027,-5.656944,36.081111,3.68301934,25.36748362
TarifaY2,10,2028,-5.656944,36.081111,35.69264773,23.30101929
TarifaY2,10,2029,-5.656944,36.081111,50.57393439,22.31724676
TarifaY2,10,2030,-5.656944,36.081111,5.963031006,23.78986364
TarifaY2,10,2031,-5.656944,36.081111,5.907972489,24.9874876
TarifaY2,10,2032,-5.656944,36.081111,21.08285074,24.45793477
TarifaY2,10,2033,-5.656944,36.081111,10.67192777,24.61670296
TarifaY2,10,2034,-5.656944,36.081111,35.18729505,22.13769315
TarifaY2,10,2035,-5.656944,36.081111,87.89352115,24.74235269
TarifaY2,10,2036,-5.656944,36.081111,7.9420278,24.19776355
TarifaY2,10,2037,-5.656944,36.081111,3.367202411,25.21322415
TarifaY2,10,2038,-5.656944,36.081111,25.03797854,25.28778746
TarifaY2,10,2039,-5.656944,36.081111,44.20027003,23.09804097
TarifaY2,10,2040,-5.656944,36.081111,20.81223566,22.96889156
TarifaY2,10,2041,-5.656944,36.081111,11.96366979,23.89290771
TarifaY2,10,2042,-5.656944,36.081111,65.50068424,22.54593466
TarifaY2,10,2043,-5.656944,36.081111,1.466867302,23.898267
TarifaY2,10,2044,-5.656944,36.081111,25.56683849,24.89541606
TarifaY2,10,2045,-5.656944,36.081111,25.18097092,24.72102779
TarifaY2,10,2046,-5.656944,36.081111,3.903449554,26.31366735
TarifaY2,10,2047,-5.656944,36.081111,19.96122179,24.00029513
TarifaY2,10,2048,-5.656944,36.081111,41.90045305,25.51652753
TarifaY2,10,2049,-5.656944,36.081111,17.43769573,24.39994842
TarifaY2,10,2050,-5.656944,36.081111,18.41895873,24.87611123
TarifaY2,10,2051,-5.656944,36.081111,21.00270576,24.49844045
TarifaY2,10,2052,-5.656944,36.081111,62.54061356,23.04858871
TarifaY2,10,2053,-5.656944,36.081111,10.4368067,25.24355961
TarifaY2,10,2054,-5.656944,36.081111,42.41800699,24.66374039
TarifaY2,10,2055,-5.656944,36.081111,27.70125762,24.18613734
TarifaY2,10,2056,-5.656944,36.081111,1.321315037,25.09725539
TarifaY2,10,2057,-5.656944,36.081111,10.68155076,24.71480122
TarifaY2,10,2058,-5.656944,36.081111,45.78189091,24.16323931
TarifaY2,10,2059,-5.656944,36.081111,2.270489269,25.03099286
TarifaY2,10,2060,-5.656944,36.081111,7.686302062,23.44669052
TarifaY2,10,2061,-5.656944,36.081111,31.25445124,23.33847617
TarifaY2,10,2062,-5.656944,36.081111,31.67340254,25.78279537
TarifaY2,10,2063,-5.656944,36.081111,3.69090171,25.86614872
TarifaY2,10,2064,-5.656944,36.081111,15.14336748,24.02852389
TarifaY2,10,2065,-5.656944,36.081111,25.82481102,24.5544786
TarifaY2,10,2066,-5.656944,36.081111,25.60960398,24.44302152
TarifaY2,10,2067,-5.656944,36.081111,0.628603567,25.83939268
TarifaY2,10,2068,-5.656944,36.081111,9.059019587,24.84489864
TarifaY2,10,2069,-5.656944,36.081111,30.56788402,24.85899481
TarifaY2,10,2070,-5.656944,36.081111,8.914821359,26.1407134
TarifaY2,10,2071,-5.656944,36.081111,26.29805864,23.86498905
TarifaY2,10,2072,-5.656944,36.081111,10.64409155,25.30950711
TarifaY2,10,2073,-5.656944,36.081111,22.9425955,25.71877441
TarifaY2,10,2074,-5.656944,36.081111,26.85107765,25.865119
TarifaY2,10,2075,-5.656944,36.081111,24.08234081,25.17230008
TarifaY2,10,2076,-5.656944,36.081111,42.38593398,24.92595825
TarifaY2,10,2077,-5.656944,36.081111,1.486623648,26.47741581
TarifaY2,10,2078,-5.656944,36.081111,11.63394646,24.05188264
TarifaY2,10,2079,-5.656944,36.081111,32.28514134,25.31082134
TarifaY2,10,2080,-5.656944,36.081111,14.17125853,26.24423198
TarifaY2,10,2081,-5.656944,36.081111,4.355818631,24.74174923
TarifaY2,10,2082,-5.656944,36.081111,53.49867208,23.73261561
TarifaY2,10,2083,-5.656944,36.081111,10.14791355,27.16269393
TarifaY2,10,2084,-5.656944,36.081111,7.268277333,24.57362986
TarifaY2,10,2085,-5.656944,36.081111,17.50093473,24.40864199
TarifaY2,10,2086,-5.656944,36.081111,40.64991308,23.547432
TarifaY2,10,2087,-5.656944,36.081111,5.435127311,25.20941044
TarifaY2,10,2088,-5.656944,36.081111,29.89814558,25.29378957
TarifaY2,10,2089,-5.656944,36.081111,0.344353546,25.94126134
TarifaY2,10,2090,-5.656944,36.081111,8.736160453,24.32207149
TarifaY2,10,2091,-5.656944,36.081111,32.10134777,24.99503134
TarifaY2,10,2092,-5.656944,36.081111,0.972827108,25.34407467
TarifaY2,10,2093,-5.656944,36.081111,1.998482215,25.25839607
TarifaY2,10,2094,-5.656944,36.081111,18.84554482,21.80802652
TarifaY2,10,2095,-5.656944,36.081111,8.097075091,25.04334953
TarifaY2,10,2096,-5.656944,36.081111,0.513334005,26.05917732
TarifaY2,10,2097,-5.656944,36.081111,6.564815679,24.98608674
TarifaY2,10,2098,-5.656944,36.081111,0.116642224,23.64038263
TarifaY2,10,2099,-5.656944,36.081111,13.21302126,23.47285983
TarifaY2,10,2100,-5.656944,36.081111,3.064680245,25.74292268
TarifaY2,11,2015,-5.656944,36.081111,16.89515557,20.85000814
TarifaY2,11,2016,-5.656944,36.081111,94.77805368,20.16343994
TarifaY2,11,2017,-5.656944,36.081111,98.2106688,21.22579753
TarifaY2,11,2018,-5.656944,36.081111,36.7217909,20.90046692
TarifaY2,11,2019,-5.656944,36.081111,19.49702062,19.06013896
TarifaY2,11,2020,-5.656944,36.081111,43.12159354,21.15737305
TarifaY2,11,2021,-5.656944,36.081111,8.890589885,21.5927358
TarifaY2,11,2022,-5.656944,36.081111,39.63381966,20.18311564
TarifaY2,11,2023,-5.656944,36.081111,78.19241734,18.60612183
TarifaY2,11,2024,-5.656944,36.081111,7.70487135,19.310849
TarifaY2,11,2025,-5.656944,36.081111,83.62001969,20.6441335
TarifaY2,11,2026,-5.656944,36.081111,29.87243286,20.84513957
TarifaY2,11,2027,-5.656944,36.081111,41.15846935,20.83516134
TarifaY2,11,2028,-5.656944,36.081111,67.43707643,19.15064189
TarifaY2,11,2029,-5.656944,36.081111,26.66894749,22.13392131
TarifaY2,11,2030,-5.656944,36.081111,12.40482249,20.0427714
TarifaY2,11,2031,-5.656944,36.081111,9.609457243,20.24851685
TarifaY2,11,2032,-5.656944,36.081111,109.3062302,20.97074992
TarifaY2,11,2033,-5.656944,36.081111,8.989251841,20.63510234
TarifaY2,11,2034,-5.656944,36.081111,20.55543628,19.64532267
TarifaY2,11,2035,-5.656944,36.081111,87.90937251,19.71043803
TarifaY2,11,2036,-5.656944,36.081111,37.11396028,20.83991801
TarifaY2,11,2037,-5.656944,36.081111,8.292577393,19.91552734
TarifaY2,11,2038,-5.656944,36.081111,91.53823996,21.44842326
TarifaY2,11,2039,-5.656944,36.081111,8.399957139,21.14234924
TarifaY2,11,2040,-5.656944,36.081111,86.92641435,21.63510946
TarifaY2,11,2041,-5.656944,36.081111,224.7675072,20.39171041
TarifaY2,11,2042,-5.656944,36.081111,0.828651766,20.90050964
TarifaY2,11,2043,-5.656944,36.081111,20.61219525,18.93650309
TarifaY2,11,2044,-5.656944,36.081111,10.08624827,20.23341166
TarifaY2,11,2045,-5.656944,36.081111,127.5987891,21.4543691
TarifaY2,11,2046,-5.656944,36.081111,66.47282937,21.42358602
TarifaY2,11,2047,-5.656944,36.081111,85.71166322,18.68465068
TarifaY2,11,2048,-5.656944,36.081111,36.37836202,20.71701253
TarifaY2,11,2049,-5.656944,36.081111,27.40369927,21.2021637
TarifaY2,11,2050,-5.656944,36.081111,108.6164774,20.46986491
TarifaY2,11,2051,-5.656944,36.081111,6.077243063,21.8777181
TarifaY2,11,2052,-5.656944,36.081111,8.559473267,22.23519897
TarifaY2,11,2053,-5.656944,36.081111,0.006582863,21.70326945
TarifaY2,11,2054,-5.656944,36.081111,15.42103713,21.22999573
TarifaY2,11,2055,-5.656944,36.081111,13.44461725,20.58080241
TarifaY2,11,2056,-5.656944,36.081111,123.719834,20.72814026
TarifaY2,11,2057,-5.656944,36.081111,79.36767494,20.83526408
TarifaY2,11,2058,-5.656944,36.081111,11.32089502,21.87411702
TarifaY2,11,2059,-5.656944,36.081111,13.31267824,20.56946513
TarifaY2,11,2060,-5.656944,36.081111,9.096151912,19.18287964
TarifaY2,11,2061,-5.656944,36.081111,80.81891029,20.83272807
TarifaY2,11,2062,-5.656944,36.081111,24.31681506,22.68057658
TarifaY2,11,2063,-5.656944,36.081111,1.803178279,21.43980509
TarifaY2,11,2064,-5.656944,36.081111,40.04041613,20.35165507
TarifaY2,11,2065,-5.656944,36.081111,24.78233791,19.86380819
TarifaY2,11,2066,-5.656944,36.081111,60.58429787,19.67865601
TarifaY2,11,2067,-5.656944,36.081111,21.5276694,19.19671427
TarifaY2,11,2068,-5.656944,36.081111,72.03174356,20.88417053
TarifaY2,11,2069,-5.656944,36.081111,67.32097528,21.00096944
TarifaY2,11,2070,-5.656944,36.081111,62.93237117,21.6293101
TarifaY2,11,2071,-5.656944,36.081111,58.02002523,21.72049357
TarifaY2,11,2072,-5.656944,36.081111,36.74103174,21.72012838
TarifaY2,11,2073,-5.656944,36.081111,21.20558834,21.95863749
TarifaY2,11,2074,-5.656944,36.081111,147.2826604,21.27412008
TarifaY2,11,2075,-5.656944,36.081111,63.92969184,21.5412557
TarifaY2,11,2076,-5.656944,36.081111,64.92088821,21.97369385
TarifaY2,11,2077,-5.656944,36.081111,29.48947727,21.83085938
TarifaY2,11,2078,-5.656944,36.081111,26.40857559,20.7597758
TarifaY2,11,2079,-5.656944,36.081111,29.04668663,22.22772013
TarifaY2,11,2080,-5.656944,36.081111,63.93330182,21.98390096
TarifaY2,11,2081,-5.656944,36.081111,6.808768215,19.99611206
TarifaY2,11,2082,-5.656944,36.081111,20.930799,21.28901672
TarifaY2,11,2083,-5.656944,36.081111,146.2004233,22.00539347
TarifaY2,11,2084,-5.656944,36.081111,12.22289693,21.04249878
TarifaY2,11,2085,-5.656944,36.081111,26.72847068,20.89166768
TarifaY2,11,2086,-5.656944,36.081111,28.10952043,20.27065226
TarifaY2,11,2087,-5.656944,36.081111,0.298059672,22.03633525
TarifaY2,11,2088,-5.656944,36.081111,39.61175524,20.30138245
TarifaY2,11,2089,-5.656944,36.081111,14.62397656,22.0510376
TarifaY2,11,2090,-5.656944,36.081111,30.97421747,23.069988
TarifaY2,11,2091,-5.656944,36.081111,47.83246018,19.53575033
TarifaY2,11,2092,-5.656944,36.081111,13.00639588,20.87885132
TarifaY2,11,2093,-5.656944,36.081111,112.8903367,21.98552755
TarifaY2,11,2094,-5.656944,36.081111,12.79252339,21.99379781
TarifaY2,11,2095,-5.656944,36.081111,47.43877935,21.27786357
TarifaY2,11,2096,-5.656944,36.081111,0.335125019,21.30255229
TarifaY2,11,2097,-5.656944,36.081111,45.03012595,20.47791443
TarifaY2,11,2098,-5.656944,36.081111,49.25798406,20.62807414
TarifaY2,11,2099,-5.656944,36.081111,44.75379075,21.09270426
TarifaY2,11,2100,-5.656944,36.081111,69.23986562,20.70878092
TarifaY2,12,2015,-5.656944,36.081111,132.010709,18.53697136
TarifaY2,12,2016,-5.656944,36.081111,14.11545532,18.40091858
TarifaY2,12,2017,-5.656944,36.081111,33.84210771,19.44534774
TarifaY2,12,2018,-5.656944,36.081111,32.24879074,18.42916654
TarifaY2,12,2019,-5.656944,36.081111,62.46363691,17.39627843
TarifaY2,12,2020,-5.656944,36.081111,27.84958093,17.92564781
TarifaY2,12,2021,-5.656944,36.081111,105.0502614,19.84293272
TarifaY2,12,2022,-5.656944,36.081111,222.2386185,18.00556188
TarifaY2,12,2023,-5.656944,36.081111,152.1959535,18.2754426
TarifaY2,12,2024,-5.656944,36.081111,38.138767,17.3069814
TarifaY2,12,2025,-5.656944,36.081111,30.80196855,17.38397689
TarifaY2,12,2026,-5.656944,36.081111,90.24238408,19.11547537
TarifaY2,12,2027,-5.656944,36.081111,35.48665234,17.34611049
TarifaY2,12,2028,-5.656944,36.081111,102.1498254,19.75917155
TarifaY2,12,2029,-5.656944,36.081111,160.725723,18.82465564
TarifaY2,12,2030,-5.656944,36.081111,43.09007618,19.18247782
TarifaY2,12,2031,-5.656944,36.081111,73.50663556,19.21133994
TarifaY2,12,2032,-5.656944,36.081111,150.4129518,17.85224813
TarifaY2,12,2033,-5.656944,36.081111,121.0401395,19.05579972
TarifaY2,12,2034,-5.656944,36.081111,107.9481192,18.4621836
TarifaY2,12,2035,-5.656944,36.081111,18.79438818,17.98948404
TarifaY2,12,2036,-5.656944,36.081111,78.64566281,17.70748596
TarifaY2,12,2037,-5.656944,36.081111,85.87148642,18.48837261
TarifaY2,12,2038,-5.656944,36.081111,11.60958439,18.60488773
TarifaY2,12,2039,-5.656944,36.081111,4.081254754,19.15122425
TarifaY2,12,2040,-5.656944,36.081111,3.418053021,18.45493838
TarifaY2,12,2041,-5.656944,36.081111,84.77853609,17.06318202
TarifaY2,12,2042,-5.656944,36.081111,87.78684743,18.07395472
TarifaY2,12,2043,-5.656944,36.081111,8.764818541,18.25999677
TarifaY2,12,2044,-5.656944,36.081111,44.2382082,17.48557841
TarifaY2,12,2045,-5.656944,36.081111,92.4470941,19.53560988
TarifaY2,12,2046,-5.656944,36.081111,49.99752614,20.51666043
TarifaY2,12,2047,-5.656944,36.081111,41.55782713,19.52199116
TarifaY2,12,2048,-5.656944,36.081111,115.3176723,19.74551799
TarifaY2,12,2049,-5.656944,36.081111,142.192833,19.80631655
TarifaY2,12,2050,-5.656944,36.081111,84.87816635,18.30179036
TarifaY2,12,2051,-5.656944,36.081111,30.10622106,19.6236718
TarifaY2,12,2052,-5.656944,36.081111,9.017354874,19.42168681
TarifaY2,12,2053,-5.656944,36.081111,65.83229095,20.50772863
TarifaY2,12,2054,-5.656944,36.081111,36.82941218,19.09962394
TarifaY2,12,2055,-5.656944,36.081111,5.55130806,19.5267145
TarifaY2,12,2056,-5.656944,36.081111,182.5889833,20.08622538
TarifaY2,12,2057,-5.656944,36.081111,103.1785899,19.34593427
TarifaY2,12,2058,-5.656944,36.081111,82.98670051,19.69547277
TarifaY2,12,2059,-5.656944,36.081111,6.694562348,18.95515964
TarifaY2,12,2060,-5.656944,36.081111,58.66170531,18.79419387
TarifaY2,12,2061,-5.656944,36.081111,224.5061825,19.34516149
TarifaY2,12,2062,-5.656944,36.081111,46.03448766,20.19867711
TarifaY2,12,2063,-5.656944,36.081111,81.24076892,19.45417914
TarifaY2,12,2064,-5.656944,36.081111,10.20374001,18.2947286
TarifaY2,12,2065,-5.656944,36.081111,153.4367713,19.11852712
TarifaY2,12,2066,-5.656944,36.081111,15.66941831,18.39460882
TarifaY2,12,2067,-5.656944,36.081111,92.34254602,18.33037228
TarifaY2,12,2068,-5.656944,36.081111,0.771912586,18.34416097
TarifaY2,12,2069,-5.656944,36.081111,31.98197157,18.23206826
TarifaY2,12,2070,-5.656944,36.081111,182.978268,19.11218669
TarifaY2,12,2071,-5.656944,36.081111,0.598741935,17.81243581
TarifaY2,12,2072,-5.656944,36.081111,68.99446045,19.01409912
TarifaY2,12,2073,-5.656944,36.081111,46.44051944,18.36245413
TarifaY2,12,2074,-5.656944,36.081111,140.547487,19.49870822
TarifaY2,12,2075,-5.656944,36.081111,339.453947,20.29540405
TarifaY2,12,2076,-5.656944,36.081111,41.3703712,18.8488505
TarifaY2,12,2077,-5.656944,36.081111,56.3886319,17.66131375
TarifaY2,12,2078,-5.656944,36.081111,142.2315459,18.4651507
TarifaY2,12,2079,-5.656944,36.081111,43.8993805,19.53285247
TarifaY2,12,2080,-5.656944,36.081111,43.10592649,18.37794358
TarifaY2,12,2081,-5.656944,36.081111,49.05678633,20.32027686
TarifaY2,12,2082,-5.656944,36.081111,18.89325476,19.07063717
TarifaY2,12,2083,-5.656944,36.081111,180.1018209,19.13486486
TarifaY2,12,2084,-5.656944,36.081111,79.05610578,19.48726196
TarifaY2,12,2085,-5.656944,36.081111,49.43483814,18.63888235
TarifaY2,12,2086,-5.656944,36.081111,22.03036844,19.54597404
TarifaY2,12,2087,-5.656944,36.081111,88.98487414,19.35622559
TarifaY2,12,2088,-5.656944,36.081111,44.01820537,18.47909648
TarifaY2,12,2089,-5.656944,36.081111,26.04639272,18.85792866
TarifaY2,12,2090,-5.656944,36.081111,91.13055489,19.08733114
TarifaY2,12,2091,-5.656944,36.081111,49.34382762,19.14106682
TarifaY2,12,2092,-5.656944,36.081111,98.61122575,18.71495768
TarifaY2,12,2093,-5.656944,36.081111,88.39129553,19.96748972
TarifaY2,12,2094,-5.656944,36.081111,222.6573083,18.75136522
TarifaY2,12,2095,-5.656944,36.081111,2.100476936,20.77070253
TarifaY2,12,2096,-5.656944,36.081111,107.1430976,19.0635966
TarifaY2,12,2097,-5.656944,36.081111,109.393191,18.77536089
TarifaY2,12,2098,-5.656944,36.081111,58.91395738,20.22148753
TarifaY2,12,2099,-5.656944,36.081111,15.7807108,19.83729681
TarifaY2,12,2100,-5.656944,36.081111,11.53274239,19.72041423
TarifaY2,2,2015,-5.656944,36.081111,41.82114967,18.37600534
TarifaY2,2,2016,-5.656944,36.081111,44.68002479,18.36256903
TarifaY2,2,2017,-5.656944,36.081111,156.3156813,17.43622088
TarifaY2,2,2018,-5.656944,36.081111,79.41274986,18.64613168
TarifaY2,2,2019,-5.656944,36.081111,172.67723,17.06566445
TarifaY2,2,2020,-5.656944,36.081111,132.9694783,17.33050453
TarifaY2,2,2021,-5.656944,36.081111,5.96295239,18.79120353
TarifaY2,2,2022,-5.656944,36.081111,156.9843608,18.83156847
TarifaY2,2,2023,-5.656944,36.081111,72.32687206,17.9284923
TarifaY2,2,2024,-5.656944,36.081111,92.14339386,17.92166159
TarifaY2,2,2025,-5.656944,36.081111,45.43939096,16.63152139
TarifaY2,2,2026,-5.656944,36.081111,41.68123792,16.04731794
TarifaY2,2,2027,-5.656944,36.081111,20.7737923,19.68266885
TarifaY2,2,2028,-5.656944,36.081111,141.1999022,16.32590585
TarifaY2,2,2029,-5.656944,36.081111,23.96560834,17.98272858
TarifaY2,2,2030,-5.656944,36.081111,147.8795063,18.92633645
TarifaY2,2,2031,-5.656944,36.081111,6.554323695,16.98163975
TarifaY2,2,2032,-5.656944,36.081111,5.784563942,18.19536112
TarifaY2,2,2033,-5.656944,36.081111,158.4606882,17.67825252
TarifaY2,2,2034,-5.656944,36.081111,11.60643589,18.7376103
TarifaY2,2,2035,-5.656944,36.081111,48.87066276,18.06480451
TarifaY2,2,2036,-5.656944,36.081111,19.14499741,18.73732279
TarifaY2,2,2037,-5.656944,36.081111,18.46484772,18.92856533
TarifaY2,2,2038,-5.656944,36.081111,96.65619484,18.52745754
TarifaY2,2,2039,-5.656944,36.081111,19.41247105,17.70968236
TarifaY2,2,2040,-5.656944,36.081111,47.01634794,17.51286811
TarifaY2,2,2041,-5.656944,36.081111,0.250334718,18.4730545
TarifaY2,2,2042,-5.656944,36.081111,36.97037306,19.40151803
TarifaY2,2,2043,-5.656944,36.081111,207.3000436,18.19077454
TarifaY2,2,2044,-5.656944,36.081111,21.61429696,17.48838143
TarifaY2,2,2045,-5.656944,36.081111,43.34353411,17.72218911
TarifaY2,2,2046,-5.656944,36.081111,27.37099114,18.2781104
TarifaY2,2,2047,-5.656944,36.081111,41.32893748,18.44318651
TarifaY2,2,2048,-5.656944,36.081111,61.15752786,19.10155745
TarifaY2,2,2049,-5.656944,36.081111,10.61007538,19.00258244
TarifaY2,2,2050,-5.656944,36.081111,16.57943332,18.62817535
TarifaY2,2,2051,-5.656944,36.081111,2.177536651,18.71147853
TarifaY2,2,2052,-5.656944,36.081111,88.57406779,17.72298689
TarifaY2,2,2053,-5.656944,36.081111,25.50072538,19.0628394
TarifaY2,2,2054,-5.656944,36.081111,19.5439608,18.39208374
TarifaY2,2,2055,-5.656944,36.081111,17.62126235,17.51295079
TarifaY2,2,2056,-5.656944,36.081111,135.1117894,18.41222218
TarifaY2,2,2057,-5.656944,36.081111,30.83090476,19.62505493
TarifaY2,2,2058,-5.656944,36.081111,26.71078562,19.01672189
TarifaY2,2,2059,-5.656944,36.081111,60.48361283,18.10034659
TarifaY2,2,2060,-5.656944,36.081111,19.6105859,19.61979749
TarifaY2,2,2061,-5.656944,36.081111,107.0580186,17.73142831
TarifaY2,2,2062,-5.656944,36.081111,101.7526854,19.27267827
TarifaY2,2,2063,-5.656944,36.081111,83.51749872,18.86891327
TarifaY2,2,2064,-5.656944,36.081111,43.0798635,17.84486463
TarifaY2,2,2065,-5.656944,36.081111,31.90784798,17.73573238
TarifaY2,2,2066,-5.656944,36.081111,37.20870065,17.1947658
TarifaY2,2,2067,-5.656944,36.081111,6.904859111,18.64173388
TarifaY2,2,2068,-5.656944,36.081111,46.57486483,16.83096755
TarifaY2,2,2069,-5.656944,36.081111,160.2260463,17.85977761
TarifaY2,2,2070,-5.656944,36.081111,24.56506934,18.60502123
TarifaY2,2,2071,-5.656944,36.081111,8.123222408,18.32528839
TarifaY2,2,2072,-5.656944,36.081111,83.53666003,18.73433101
TarifaY2,2,2073,-5.656944,36.081111,32.20089236,19.18651297
TarifaY2,2,2074,-5.656944,36.081111,7.645727885,18.72742942
TarifaY2,2,2075,-5.656944,36.081111,40.22182219,19.29009617
TarifaY2,2,2076,-5.656944,36.081111,51.37086961,17.76765831
TarifaY2,2,2077,-5.656944,36.081111,2.922053619,17.61207297
TarifaY2,2,2078,-5.656944,36.081111,39.44634968,19.55238822
TarifaY2,2,2079,-5.656944,36.081111,30.34820185,18.24019448
TarifaY2,2,2080,-5.656944,36.081111,71.68950236,19.64288246
TarifaY2,2,2081,-5.656944,36.081111,6.325946073,19.35323922
TarifaY2,2,2082,-5.656944,36.081111,10.58602153,19.27826734
TarifaY2,2,2083,-5.656944,36.081111,35.53987682,17.50445491
TarifaY2,2,2084,-5.656944,36.081111,42.81699311,19.21235204
TarifaY2,2,2085,-5.656944,36.081111,22.13492805,17.53127114
TarifaY2,2,2086,-5.656944,36.081111,4.900074415,18.9199561
TarifaY2,2,2087,-5.656944,36.081111,55.68478612,18.34359458
TarifaY2,2,2088,-5.656944,36.081111,15.46242068,19.73534651
TarifaY2,2,2089,-5.656944,36.081111,104.392899,19.04001988
TarifaY2,2,2090,-5.656944,36.081111,0.802984507,18.39204123
TarifaY2,2,2091,-5.656944,36.081111,37.30183271,18.59346052
TarifaY2,2,2092,-5.656944,36.081111,81.58924251,18.96016635
TarifaY2,2,2093,-5.656944,36.081111,67.2082657,18.2105957
TarifaY2,2,2094,-5.656944,36.081111,36.03967103,19.01540091
TarifaY2,2,2095,-5.656944,36.081111,13.80054032,18.38048379
TarifaY2,2,2096,-5.656944,36.081111,46.00202537,19.23018588
TarifaY2,2,2097,-5.656944,36.081111,8.91397373,17.98774872
TarifaY2,2,2098,-5.656944,36.081111,69.089009,17.88892299
TarifaY2,2,2099,-5.656944,36.081111,79.44200644,17.08939296
TarifaY2,2,2100,-5.656944,36.081111,175.777249,18.92764435
TarifaY2,3,2015,-5.656944,36.081111,74.20685184,18.8308517
TarifaY2,3,2016,-5.656944,36.081111,11.32096212,19.25246877
TarifaY2,3,2017,-5.656944,36.081111,9.184962248,18.93706665
TarifaY2,3,2018,-5.656944,36.081111,65.79986847,19.17202345
TarifaY2,3,2019,-5.656944,36.081111,29.88988647,19.0017777
TarifaY2,3,2020,-5.656944,36.081111,45.74539551,18.84018023
TarifaY2,3,2021,-5.656944,36.081111,5.034363812,20.5475836
TarifaY2,3,2022,-5.656944,36.081111,52.54381091,19.73635549
TarifaY2,3,2023,-5.656944,36.081111,5.101987935,18.53276387
TarifaY2,3,2024,-5.656944,36.081111,3.816614441,17.95560854
TarifaY2,3,2025,-5.656944,36.081111,62.29585121,17.66022398
TarifaY2,3,2026,-5.656944,36.081111,9.623447147,18.38818635
TarifaY2,3,2027,-5.656944,36.081111,1.521211397,19.55477295
TarifaY2,3,2028,-5.656944,36.081111,16.69394926,19.21264924
TarifaY2,3,2029,-5.656944,36.081111,27.99959444,18.46108792
TarifaY2,3,2030,-5.656944,36.081111,18.15520127,20.29907404
TarifaY2,3,2031,-5.656944,36.081111,14.15723536,19.19224775
TarifaY2,3,2032,-5.656944,36.081111,4.904204851,20.46587721
TarifaY2,3,2033,-5.656944,36.081111,6.031911014,19.96486029
TarifaY2,3,2034,-5.656944,36.081111,18.28684818,19.53394618
TarifaY2,3,2035,-5.656944,36.081111,140.7918908,18.22870346
TarifaY2,3,2036,-5.656944,36.081111,14.93748358,19.60977744
TarifaY2,3,2037,-5.656944,36.081111,3.619766137,20.15192221
TarifaY2,3,2038,-5.656944,36.081111,48.87199321,19.07085473
TarifaY2,3,2039,-5.656944,36.081111,40.13720962,20.03392846
TarifaY2,3,2040,-5.656944,36.081111,14.93981015,20.59014774
TarifaY2,3,2041,-5.656944,36.081111,47.15252239,18.64291362
TarifaY2,3,2042,-5.656944,36.081111,44.20339634,17.70946163
TarifaY2,3,2043,-5.656944,36.081111,11.7185509,19.21229189
TarifaY2,3,2044,-5.656944,36.081111,49.12101967,18.16957811
TarifaY2,3,2045,-5.656944,36.081111,23.01378676,19.39246964
TarifaY2,3,2046,-5.656944,36.081111,71.80480919,19.83377351
TarifaY2,3,2047,-5.656944,36.081111,32.3160577,19.61182212
TarifaY2,3,2048,-5.656944,36.081111,7.004737372,20.52963631
TarifaY2,3,2049,-5.656944,36.081111,18.42156342,19.89672044
TarifaY2,3,2050,-5.656944,36.081111,5.577417177,20.54066005
TarifaY2,3,2051,-5.656944,36.081111,28.89918853,19.74123732
TarifaY2,3,2052,-5.656944,36.081111,82.5634129,20.36247677
TarifaY2,3,2053,-5.656944,36.081111,20.05299771,18.63956949
TarifaY2,3,2054,-5.656944,36.081111,78.98172275,18.85014373
TarifaY2,3,2055,-5.656944,36.081111,87.84846465,18.24205244
TarifaY2,3,2056,-5.656944,36.081111,16.79807881,19.20216104
TarifaY2,3,2057,-5.656944,36.081111,8.310010355,20.49942391
TarifaY2,3,2058,-5.656944,36.081111,60.55410289,19.27320399
TarifaY2,3,2059,-5.656944,36.081111,63.253856,19.56600736
TarifaY2,3,2060,-5.656944,36.081111,73.02573453,20.3444586
TarifaY2,3,2061,-5.656944,36.081111,46.5044407,18.30145835
TarifaY2,3,2062,-5.656944,36.081111,10.08466346,19.67164149
TarifaY2,3,2063,-5.656944,36.081111,0.738705131,20.04425423
TarifaY2,3,2064,-5.656944,36.081111,14.07210546,19.7727984
TarifaY2,3,2065,-5.656944,36.081111,23.30255353,18.57512522
TarifaY2,3,2066,-5.656944,36.081111,2.589890327,19.7219443
TarifaY2,3,2067,-5.656944,36.081111,18.00665885,20.52459697
TarifaY2,3,2068,-5.656944,36.081111,69.37271671,19.37332626
TarifaY2,3,2069,-5.656944,36.081111,108.5097197,17.99828983
TarifaY2,3,2070,-5.656944,36.081111,0.531333781,20.33728992
TarifaY2,3,2071,-5.656944,36.081111,5.966062713,19.30441166
TarifaY2,3,2072,-5.656944,36.081111,12.26667744,19.97301144
TarifaY2,3,2073,-5.656944,36.081111,78.8884865,19.45632718
TarifaY2,3,2074,-5.656944,36.081111,3.31746308,20.4743168
TarifaY2,3,2075,-5.656944,36.081111,21.50002397,19.79245763
TarifaY2,3,2076,-5.656944,36.081111,76.17159021,20.39054408
TarifaY2,3,2077,-5.656944,36.081111,1.818957964,20.97108391
TarifaY2,3,2078,-5.656944,36.081111,49.44039616,19.45289248
TarifaY2,3,2079,-5.656944,36.081111,5.241114117,19.68715131
TarifaY2,3,2080,-5.656944,36.081111,20.32141181,19.25260659
TarifaY2,3,2081,-5.656944,36.081111,12.62075775,18.69885333
TarifaY2,3,2082,-5.656944,36.081111,67.7231784,18.96340037
TarifaY2,3,2083,-5.656944,36.081111,15.04816825,17.58917807
TarifaY2,3,2084,-5.656944,36.081111,71.57660439,19.9353872
TarifaY2,3,2085,-5.656944,36.081111,2.518196295,21.0693318
TarifaY2,3,2086,-5.656944,36.081111,40.32805658,17.91305916
TarifaY2,3,2087,-5.656944,36.081111,2.267320928,21.18904931
TarifaY2,3,2088,-5.656944,36.081111,8.691996044,21.05503776
TarifaY2,3,2089,-5.656944,36.081111,106.9577941,19.85433153
TarifaY2,3,2090,-5.656944,36.081111,5.891133432,21.51035412
TarifaY2,3,2091,-5.656944,36.081111,7.361666474,21.45400292
TarifaY2,3,2092,-5.656944,36.081111,21.42081107,20.34760289
TarifaY2,3,2093,-5.656944,36.081111,40.02862553,18.83291705
TarifaY2,3,2094,-5.656944,36.081111,19.60892455,19.39072029
TarifaY2,3,2095,-5.656944,36.081111,20.98598496,19.0439461
TarifaY2,3,2096,-5.656944,36.081111,75.67153306,19.38814796
TarifaY2,3,2097,-5.656944,36.081111,23.64008112,18.83209898
TarifaY2,3,2098,-5.656944,36.081111,19.95022227,19.77625575
TarifaY2,3,2099,-5.656944,36.081111,145.7085754,18.99105421
TarifaY2,3,2100,-5.656944,36.081111,8.410061209,19.30797729
TarifaY2,4,2015,-5.656944,36.081111,10.67638287,21.12623698
TarifaY2,4,2016,-5.656944,36.081111,1.584460895,21.04933879
TarifaY2,4,2017,-5.656944,36.081111,37.80388544,19.81787008
TarifaY2,4,2018,-5.656944,36.081111,9.216589581,20.14411926
TarifaY2,4,2019,-5.656944,36.081111,11.59211753,20.33976339
TarifaY2,4,2020,-5.656944,36.081111,12.88336698,21.13977051
TarifaY2,4,2021,-5.656944,36.081111,10.07354516,20.32275798
TarifaY2,4,2022,-5.656944,36.081111,25.55381517,20.59703064
TarifaY2,4,2023,-5.656944,36.081111,14.82569,21.07220764
TarifaY2,4,2024,-5.656944,36.081111,2.909946653,19.9987498
TarifaY2,4,2025,-5.656944,36.081111,19.75810952,19.14472555
TarifaY2,4,2026,-5.656944,36.081111,2.722560437,19.59160767
TarifaY2,4,2027,-5.656944,36.081111,36.70088353,20.68689168
TarifaY2,4,2028,-5.656944,36.081111,6.498881448,20.84480693
TarifaY2,4,2029,-5.656944,36.081111,44.33135266,19.32819621
TarifaY2,4,2030,-5.656944,36.081111,91.04549938,19.84445597
TarifaY2,4,2031,-5.656944,36.081111,19.14774809,20.96447449
TarifaY2,4,2032,-5.656944,36.081111,32.87367952,19.75101725
TarifaY2,4,2033,-5.656944,36.081111,7.776304581,22.38696187
TarifaY2,4,2034,-5.656944,36.081111,89.59012839,20.56028748
TarifaY2,4,2035,-5.656944,36.081111,41.95954185,20.52013143
TarifaY2,4,2036,-5.656944,36.081111,22.1156462,21.18709615
TarifaY2,4,2037,-5.656944,36.081111,1.216886017,22.83715312
TarifaY2,4,2038,-5.656944,36.081111,40.71606556,19.03232524
TarifaY2,4,2039,-5.656944,36.081111,14.87928428,22.2487498
TarifaY2,4,2040,-5.656944,36.081111,27.52909963,21.36758219
TarifaY2,4,2041,-5.656944,36.081111,18.13133748,20.66074626
TarifaY2,4,2042,-5.656944,36.081111,4.317293093,20.73244425
TarifaY2,4,2043,-5.656944,36.081111,22.40750805,19.36189168
TarifaY2,4,2044,-5.656944,36.081111,21.88931699,20.27235514
TarifaY2,4,2045,-5.656944,36.081111,30.50973884,20.46107483
TarifaY2,4,2046,-5.656944,36.081111,34.06045146,19.9101237
TarifaY2,4,2047,-5.656944,36.081111,13.88863525,20.41307576
TarifaY2,4,2048,-5.656944,36.081111,37.64080917,20.55793762
TarifaY2,4,2049,-5.656944,36.081111,1.979437681,21.65305074
TarifaY2,4,2050,-5.656944,36.081111,29.57996207,20.78478699
TarifaY2,4,2051,-5.656944,36.081111,10.31257716,21.21235453
TarifaY2,4,2052,-5.656944,36.081111,21.30963629,20.80608317
TarifaY2,4,2053,-5.656944,36.081111,23.63619946,21.853066
TarifaY2,4,2054,-5.656944,36.081111,43.6429438,21.73808492
TarifaY2,4,2055,-5.656944,36.081111,22.21977623,20.25409749
TarifaY2,4,2056,-5.656944,36.081111,72.13058428,21.3395518
TarifaY2,4,2057,-5.656944,36.081111,38.84411474,21.59912821
TarifaY2,4,2058,-5.656944,36.081111,8.846961813,22.1385081
TarifaY2,4,2059,-5.656944,36.081111,7.045663615,21.14902751
TarifaY2,4,2060,-5.656944,36.081111,60.00396843,19.84313253
TarifaY2,4,2061,-5.656944,36.081111,36.20327443,20.91103414
TarifaY2,4,2062,-5.656944,36.081111,5.994525473,20.94582011
TarifaY2,4,2063,-5.656944,36.081111,21.63423323,20.85545553
TarifaY2,4,2064,-5.656944,36.081111,0.020912067,22.56630249
TarifaY2,4,2065,-5.656944,36.081111,9.621166142,20.37371419
TarifaY2,4,2066,-5.656944,36.081111,5.276883295,21.59620361
TarifaY2,4,2067,-5.656944,36.081111,43.1309814,21.10457255
TarifaY2,4,2068,-5.656944,36.081111,5.973807959,20.13964742
TarifaY2,4,2069,-5.656944,36.081111,0.668456664,21.81633504
TarifaY2,4,2070,-5.656944,36.081111,10.5549168,21.6108846
TarifaY2,4,2071,-5.656944,36.081111,2.158402944,21.82460531
TarifaY2,4,2072,-5.656944,36.081111,6.322821151,20.41801656
TarifaY2,4,2073,-5.656944,36.081111,37.41647114,18.75504456
TarifaY2,4,2074,-5.656944,36.081111,7.430704913,22.79830729
TarifaY2,4,2075,-5.656944,36.081111,5.578122162,22.33265788
TarifaY2,4,2076,-5.656944,36.081111,2.178396288,23.05609131
TarifaY2,4,2077,-5.656944,36.081111,16.06805854,20.40619202
TarifaY2,4,2078,-5.656944,36.081111,5.50790577,20.02064921
TarifaY2,4,2079,-5.656944,36.081111,9.72344613,22.32193909
TarifaY2,4,2080,-5.656944,36.081111,7.118482799,21.09522705
TarifaY2,4,2081,-5.656944,36.081111,2.410498483,22.30288391
TarifaY2,4,2082,-5.656944,36.081111,1.040689302,21.65749512
TarifaY2,4,2083,-5.656944,36.081111,11.58938126,19.99726257
TarifaY2,4,2084,-5.656944,36.081111,6.513694471,22.37523092
TarifaY2,4,2085,-5.656944,36.081111,8.899806446,21.37431335
TarifaY2,4,2086,-5.656944,36.081111,1.744852238,21.56924845
TarifaY2,4,2087,-5.656944,36.081111,3.893647659,22.57929484
TarifaY2,4,2088,-5.656944,36.081111,0.850635797,21.75294291
TarifaY2,4,2089,-5.656944,36.081111,3.855302625,21.21770325
TarifaY2,4,2090,-5.656944,36.081111,8.428173084,21.88203532
TarifaY2,4,2091,-5.656944,36.081111,15.92107241,21.54178467
TarifaY2,4,2092,-5.656944,36.081111,48.48522992,21.36782735
TarifaY2,4,2093,-5.656944,36.081111,18.8591037,20.80455831
TarifaY2,4,2094,-5.656944,36.081111,5.043698104,19.88396403
TarifaY2,4,2095,-5.656944,36.081111,63.39045148,20.44449768
TarifaY2,4,2096,-5.656944,36.081111,30.10288319,19.48202108
TarifaY2,4,2097,-5.656944,36.081111,64.54226156,20.14651489
TarifaY2,4,2098,-5.656944,36.081111,9.867827357,22.06889547
TarifaY2,4,2099,-5.656944,36.081111,10.66608894,21.86751404
TarifaY2,4,2100,-5.656944,36.081111,51.3356164,21.30665181
TarifaY2,5,2015,-5.656944,36.081111,37.10353703,22.94346451
TarifaY2,5,2016,-5.656944,36.081111,52.66466024,19.97607698
TarifaY2,5,2017,-5.656944,36.081111,0.494441427,22.71953243
TarifaY2,5,2018,-5.656944,36.081111,8.077228316,21.81867321
TarifaY2,5,2019,-5.656944,36.081111,0.276097909,22.92220754
TarifaY2,5,2020,-5.656944,36.081111,12.34515445,21.53956338
TarifaY2,5,2021,-5.656944,36.081111,17.39239704,21.67542666
TarifaY2,5,2022,-5.656944,36.081111,33.36412712,21.69330011
TarifaY2,5,2023,-5.656944,36.081111,21.05974173,23.14796674
TarifaY2,5,2024,-5.656944,36.081111,13.30567151,21.9690855
TarifaY2,5,2025,-5.656944,36.081111,26.3436063,19.58141086
TarifaY2,5,2026,-5.656944,36.081111,6.100500668,21.38260557
TarifaY2,5,2027,-5.656944,36.081111,4.501893661,21.99690079
TarifaY2,5,2028,-5.656944,36.081111,10.20890787,21.23529328
TarifaY2,5,2029,-5.656944,36.081111,8.08521834,22.52410672
TarifaY2,5,2030,-5.656944,36.081111,18.88633193,22.53110804
TarifaY2,5,2031,-5.656944,36.081111,97.54416313,22.0749116
TarifaY2,5,2032,-5.656944,36.081111,4.32412124,23.37562492
TarifaY2,5,2033,-5.656944,36.081111,13.54420636,22.50346502
TarifaY2,5,2034,-5.656944,36.081111,36.64865926,21.64634931
TarifaY2,5,2035,-5.656944,36.081111,53.82794688,19.13140948
TarifaY2,5,2036,-5.656944,36.081111,6.903368859,22.45989281
TarifaY2,5,2037,-5.656944,36.081111,4.688164946,22.80930826
TarifaY2,5,2038,-5.656944,36.081111,13.37099076,21.50601767
TarifaY2,5,2039,-5.656944,36.081111,0.485929014,23.70333055
TarifaY2,5,2040,-5.656944,36.081111,26.17632193,19.93542658
TarifaY2,5,2041,-5.656944,36.081111,4.84617277,21.54315855
TarifaY2,5,2042,-5.656944,36.081111,25.45349405,22.47802026
TarifaY2,5,2043,-5.656944,36.081111,10.17653636,22.42703326
TarifaY2,5,2044,-5.656944,36.081111,4.486534845,21.44695927
TarifaY2,5,2045,-5.656944,36.081111,12.19850608,22.17272831
TarifaY2,5,2046,-5.656944,36.081111,18.77629352,22.70058495
TarifaY2,5,2047,-5.656944,36.081111,6.933513668,22.04544245
TarifaY2,5,2048,-5.656944,36.081111,10.04348477,21.43024056
TarifaY2,5,2049,-5.656944,36.081111,2.495595056,23.45917024
TarifaY2,5,2050,-5.656944,36.081111,7.440058557,23.08829503
TarifaY2,5,2051,-5.656944,36.081111,9.23760733,23.28760435
TarifaY2,5,2052,-5.656944,36.081111,1.663597476,23.96537023
TarifaY2,5,2053,-5.656944,36.081111,26.8797383,23.6743861
TarifaY2,5,2054,-5.656944,36.081111,32.08147581,22.80759435
TarifaY2,5,2055,-5.656944,36.081111,1.314877832,21.91931526
TarifaY2,5,2056,-5.656944,36.081111,13.78302338,22.28879158
TarifaY2,5,2057,-5.656944,36.081111,12.70113736,21.84449699
TarifaY2,5,2058,-5.656944,36.081111,28.4164724,23.0531506
TarifaY2,5,2059,-5.656944,36.081111,5.397987299,23.80001516
TarifaY2,5,2060,-5.656944,36.081111,30.06726337,22.46803412
TarifaY2,5,2061,-5.656944,36.081111,2.344915784,22.82770051
TarifaY2,5,2062,-5.656944,36.081111,17.44289359,22.19528966
TarifaY2,5,2063,-5.656944,36.081111,2.265132404,22.46147678
TarifaY2,5,2064,-5.656944,36.081111,18.38609178,24.02326896
TarifaY2,5,2065,-5.656944,36.081111,6.380711941,22.30527895
TarifaY2,5,2066,-5.656944,36.081111,2.607524588,20.92097995
TarifaY2,5,2067,-5.656944,36.081111,2.853773732,23.36666063
TarifaY2,5,2068,-5.656944,36.081111,23.57560945,21.54578306
TarifaY2,5,2069,-5.656944,36.081111,0.797237176,24.30689048
TarifaY2,5,2070,-5.656944,36.081111,2.367694534,23.54999449
TarifaY2,5,2071,-5.656944,36.081111,9.671447229,23.31756671
TarifaY2,5,2072,-5.656944,36.081111,58.54275454,20.49748555
TarifaY2,5,2073,-5.656944,36.081111,3.95786808,23.74288822
TarifaY2,5,2074,-5.656944,36.081111,9.943351806,22.3339704
TarifaY2,5,2075,-5.656944,36.081111,35.67451757,23.12580015
TarifaY2,5,2076,-5.656944,36.081111,11.11695754,25.24355173
TarifaY2,5,2077,-5.656944,36.081111,9.73999306,22.62155525
TarifaY2,5,2078,-5.656944,36.081111,74.01058103,20.24768047
TarifaY2,5,2079,-5.656944,36.081111,1.958215792,24.32604075
TarifaY2,5,2080,-5.656944,36.081111,73.16692071,21.74213808
TarifaY2,5,2081,-5.656944,36.081111,3.254647402,23.83934641
TarifaY2,5,2082,-5.656944,36.081111,24.41794111,22.64205519
TarifaY2,5,2083,-5.656944,36.081111,0.441434816,24.14290082
TarifaY2,5,2084,-5.656944,36.081111,40.49294653,21.82944198
TarifaY2,5,2085,-5.656944,36.081111,3.731917391,22.82740616
TarifaY2,5,2086,-5.656944,36.081111,7.902178152,22.98795225
TarifaY2,5,2087,-5.656944,36.081111,1.842866564,24.38737124
TarifaY2,5,2088,-5.656944,36.081111,7.133939795,24.86716663
TarifaY2,5,2089,-5.656944,36.081111,15.89273349,23.8382842
TarifaY2,5,2090,-5.656944,36.081111,32.44331281,22.95108013
TarifaY2,5,2091,-5.656944,36.081111,1.335829986,22.39509317
TarifaY2,5,2092,-5.656944,36.081111,7.922527324,23.19247909
TarifaY2,5,2093,-5.656944,36.081111,19.58589788,23.29491183
TarifaY2,5,2094,-5.656944,36.081111,3.242814603,22.58016948
TarifaY2,5,2095,-5.656944,36.081111,1.889537123,23.62939827
TarifaY2,5,2096,-5.656944,36.081111,2.38974993,22.37526954
TarifaY2,5,2097,-5.656944,36.081111,1.41521282,22.30567273
TarifaY2,5,2098,-5.656944,36.081111,17.24263104,22.04525343
TarifaY2,5,2099,-5.656944,36.081111,10.13229326,26.01182192
TarifaY2,5,2100,-5.656944,36.081111,64.39699616,20.17481138
TarifaY2,6,2015,-5.656944,36.081111,2.386556439,24.38606771
TarifaY2,6,2016,-5.656944,36.081111,9.5980811,24.36053162
TarifaY2,6,2017,-5.656944,36.081111,9.896865135,23.55810445
TarifaY2,6,2018,-5.656944,36.081111,0.005384207,24.37198486
TarifaY2,6,2019,-5.656944,36.081111,3.09715182,25.01913147
TarifaY2,6,2020,-5.656944,36.081111,0.786798349,24.91200562
TarifaY2,6,2021,-5.656944,36.081111,0.649813957,25.18579203
TarifaY2,6,2022,-5.656944,36.081111,6.370471806,26.2209788
TarifaY2,6,2023,-5.656944,36.081111,16.31564055,24.65616455
TarifaY2,6,2024,-5.656944,36.081111,0.16666305,25.73194784
TarifaY2,6,2025,-5.656944,36.081111,2.668705696,23.40130107
TarifaY2,6,2026,-5.656944,36.081111,10.05820931,26.11006673
TarifaY2,6,2027,-5.656944,36.081111,0.681491397,24.00135396
TarifaY2,6,2028,-5.656944,36.081111,10.87258337,24.42867432
TarifaY2,6,2029,-5.656944,36.081111,3.777336083,23.52245076
TarifaY2,6,2030,-5.656944,36.081111,16.56937016,24.77409159
TarifaY2,6,2031,-5.656944,36.081111,3.312944161,27.2623586
TarifaY2,6,2032,-5.656944,36.081111,2.251485762,27.15068156
TarifaY2,6,2033,-5.656944,36.081111,1.968794211,25.09421794
TarifaY2,6,2034,-5.656944,36.081111,2.242798987,24.75919698
TarifaY2,6,2035,-5.656944,36.081111,13.71319831,24.08741353
TarifaY2,6,2036,-5.656944,36.081111,1.192166871,24.85311381
TarifaY2,6,2037,-5.656944,36.081111,20.03354741,25.2783193
TarifaY2,6,2038,-5.656944,36.081111,10.67426616,24.14497375
TarifaY2,6,2039,-5.656944,36.081111,3.388225964,27.44824422
TarifaY2,6,2040,-5.656944,36.081111,3.784670204,24.17464498
TarifaY2,6,2041,-5.656944,36.081111,2.536012331,24.837854
TarifaY2,6,2042,-5.656944,36.081111,1.15569607,24.86572876
TarifaY2,6,2043,-5.656944,36.081111,0.591163621,26.5739563
TarifaY2,6,2044,-5.656944,36.081111,1.858234256,25.63618469
TarifaY2,6,2045,-5.656944,36.081111,25.04882212,24.69551493
TarifaY2,6,2046,-5.656944,36.081111,1.657897294,24.7845815
TarifaY2,6,2047,-5.656944,36.081111,12.62374299,26.46273193
TarifaY2,6,2048,-5.656944,36.081111,2.866077442,26.74478048
TarifaY2,6,2049,-5.656944,36.081111,11.66634076,26.82177429
TarifaY2,6,2050,-5.656944,36.081111,14.24349324,25.45560811
TarifaY2,6,2051,-5.656944,36.081111,2.99360942,24.44995626
TarifaY2,6,2052,-5.656944,36.081111,2.499148692,26.85981547
TarifaY2,6,2053,-5.656944,36.081111,1.050788301,25.49899699
TarifaY2,6,2054,-5.656944,36.081111,2.535739082,27.74797567
TarifaY2,6,2055,-5.656944,36.081111,2.162180494,25.96574809
TarifaY2,6,2056,-5.656944,36.081111,2.873819242,25.33465271
TarifaY2,6,2057,-5.656944,36.081111,0.477220522,26.37729289
TarifaY2,6,2058,-5.656944,36.081111,1.762015494,25.76585592
TarifaY2,6,2059,-5.656944,36.081111,0.862666919,25.69827983
TarifaY2,6,2060,-5.656944,36.081111,12.3898493,24.90838623
TarifaY2,6,2061,-5.656944,36.081111,10.12239847,28.37172546
TarifaY2,6,2062,-5.656944,36.081111,1.177279576,26.98676961
TarifaY2,6,2063,-5.656944,36.081111,0.80680905,26.57501526
TarifaY2,6,2064,-5.656944,36.081111,0.985338693,26.35435893
TarifaY2,6,2065,-5.656944,36.081111,0.323042912,26.7728007
TarifaY2,6,2066,-5.656944,36.081111,1.809514493,25.39113363
TarifaY2,6,2067,-5.656944,36.081111,2.838857377,28.52485352
TarifaY2,6,2068,-5.656944,36.081111,2.343033725,26.34004618
TarifaY2,6,2069,-5.656944,36.081111,19.34872891,27.23269348
TarifaY2,6,2070,-5.656944,36.081111,101.8890223,26.47226461
TarifaY2,6,2071,-5.656944,36.081111,0.155060868,26.1340922
TarifaY2,6,2072,-5.656944,36.081111,16.25763707,24.23524679
TarifaY2,6,2073,-5.656944,36.081111,11.68917835,25.14749146
TarifaY2,6,2074,-5.656944,36.081111,1.932863213,25.60352783
TarifaY2,6,2075,-5.656944,36.081111,5.529626796,25.86636759
TarifaY2,6,2076,-5.656944,36.081111,3.987541899,26.63648071
TarifaY2,6,2077,-5.656944,36.081111,0.031820101,27.20309448
TarifaY2,6,2078,-5.656944,36.081111,1.845044488,26.60203756
TarifaY2,6,2079,-5.656944,36.081111,2.329185972,25.79715474
TarifaY2,6,2080,-5.656944,36.081111,6.371713711,24.82960205
TarifaY2,6,2081,-5.656944,36.081111,9.780865343,28.51313477
TarifaY2,6,2082,-5.656944,36.081111,1.068479932,27.01133931
TarifaY2,6,2083,-5.656944,36.081111,2.432357433,27.46293335
TarifaY2,6,2084,-5.656944,36.081111,14.21004611,22.80892029
TarifaY2,6,2085,-5.656944,36.081111,0.160112953,26.60691732
TarifaY2,6,2086,-5.656944,36.081111,6.100316378,24.21611125
TarifaY2,6,2087,-5.656944,36.081111,9.741535944,30.17606506
TarifaY2,6,2088,-5.656944,36.081111,10.35299562,24.60228068
TarifaY2,6,2089,-5.656944,36.081111,0.461550053,25.20075887
TarifaY2,6,2090,-5.656944,36.081111,1.930289505,27.06762085
TarifaY2,6,2091,-5.656944,36.081111,1.306863377,25.61158346
TarifaY2,6,2092,-5.656944,36.081111,18.72567712,26.999941
TarifaY2,6,2093,-5.656944,36.081111,0.041956355,27.05195211
TarifaY2,6,2094,-5.656944,36.081111,2.970495257,25.30676778
TarifaY2,6,2095,-5.656944,36.081111,3.697247038,26.52075907
TarifaY2,6,2096,-5.656944,36.081111,0.899788851,25.57396342
TarifaY2,6,2097,-5.656944,36.081111,2.18291277315316e-05,26.7915446
TarifaY2,6,2098,-5.656944,36.081111,3.570880723,24.84163411
TarifaY2,6,2099,-5.656944,36.081111,6.729827572,26.91000875
TarifaY2,6,2100,-5.656944,36.081111,0.953795644,25.47911784
TarifaY2,7,2015,-5.656944,36.081111,1.561747536,27.30535869
TarifaY2,7,2016,-5.656944,36.081111,0.300975914,29.04582244
TarifaY2,7,2017,-5.656944,36.081111,0.003360225,28.25381942
TarifaY2,7,2018,-5.656944,36.081111,0.422734926,27.81874409
TarifaY2,7,2019,-5.656944,36.081111,0.261756045,28.93285424
TarifaY2,7,2020,-5.656944,36.081111,0.014459079,29.06964781
TarifaY2,7,2021,-5.656944,36.081111,2.862450196,28.04847451
TarifaY2,7,2022,-5.656944,36.081111,3.10218602190049e-06,28.87255643
TarifaY2,7,2023,-5.656944,36.081111,0.052562574,28.53130296
TarifaY2,7,2024,-5.656944,36.081111,0.004206734,28.4978744
TarifaY2,7,2025,-5.656944,36.081111,3.258256772,27.15881919
TarifaY2,7,2026,-5.656944,36.081111,20.99722829,27.91176955
TarifaY2,7,2027,-5.656944,36.081111,0.715858753,28.08624149
TarifaY2,7,2028,-5.656944,36.081111,2.245283699,29.06514794
TarifaY2,7,2029,-5.656944,36.081111,3.963127158,27.17677041
TarifaY2,7,2030,-5.656944,36.081111,1.782505645,26.3174722
TarifaY2,7,2031,-5.656944,36.081111,1.315918314,30.06223696
TarifaY2,7,2032,-5.656944,36.081111,1.00532654,27.819446
TarifaY2,7,2033,-5.656944,36.081111,3.866217339,28.3154226
TarifaY2,7,2034,-5.656944,36.081111,0.548774216,29.53201077
TarifaY2,7,2035,-5.656944,36.081111,0.042736029,28.16351299
TarifaY2,7,2036,-5.656944,36.081111,1.965926604,28.646432
TarifaY2,7,2037,-5.656944,36.081111,7.69646655,28.78755021
TarifaY2,7,2038,-5.656944,36.081111,0.228010329,27.67496397
TarifaY2,7,2039,-5.656944,36.081111,1.505786631,30.20287771
TarifaY2,7,2040,-5.656944,36.081111,1.046151871,29.62074309
TarifaY2,7,2041,-5.656944,36.081111,6.257905659,29.2916307
TarifaY2,7,2042,-5.656944,36.081111,1.896243293,29.47318076
TarifaY2,7,2043,-5.656944,36.081111,0.646684667,29.14074786
TarifaY2,7,2044,-5.656944,36.081111,1.41341341,29.42844002
TarifaY2,7,2045,-5.656944,36.081111,2.19319597267979e-08,29.06248011
TarifaY2,7,2046,-5.656944,36.081111,1.92595275,27.41701955
TarifaY2,7,2047,-5.656944,36.081111,1.811398354,29.67680684
TarifaY2,7,2048,-5.656944,36.081111,2.197463768,28.97865817
TarifaY2,7,2049,-5.656944,36.081111,0.036317649,29.67583028
TarifaY2,7,2050,-5.656944,36.081111,0.338770153,30.18029569
TarifaY2,7,2051,-5.656944,36.081111,1.17728226,29.03941867
TarifaY2,7,2052,-5.656944,36.081111,3.533192897,29.89242731
TarifaY2,7,2053,-5.656944,36.081111,0.239338684,28.55137959
TarifaY2,7,2054,-5.656944,36.081111,2.34338576,29.38482745
TarifaY2,7,2055,-5.656944,36.081111,2.48874796,27.38972306
TarifaY2,7,2056,-5.656944,36.081111,2.914455908,29.76984509
TarifaY2,7,2057,-5.656944,36.081111,0.267023484,31.17085985
TarifaY2,7,2058,-5.656944,36.081111,1.561756258,29.07820946
TarifaY2,7,2059,-5.656944,36.081111,0.246327009,29.51910479
TarifaY2,7,2060,-5.656944,36.081111,2.761913685,29.7221343
TarifaY2,7,2061,-5.656944,36.081111,0.507983679,31.17371275
TarifaY2,7,2062,-5.656944,36.081111,3.624390982,31.00408522
TarifaY2,7,2063,-5.656944,36.081111,0.9298508,29.8944139
TarifaY2,7,2064,-5.656944,36.081111,0.082728742,29.50707299
TarifaY2,7,2065,-5.656944,36.081111,2.935411703,28.85308031
TarifaY2,7,2066,-5.656944,36.081111,0.060002106,30.19459169
TarifaY2,7,2067,-5.656944,36.081111,0.001369567,30.07023256
TarifaY2,7,2068,-5.656944,36.081111,4.123628906,29.74612309
TarifaY2,7,2069,-5.656944,36.081111,4.96668160276824e-08,30.6215336
TarifaY2,7,2070,-5.656944,36.081111,6.775264131,30.45731162
TarifaY2,7,2071,-5.656944,36.081111,2.903154937,29.47242471
TarifaY2,7,2072,-5.656944,36.081111,3.181070461,28.86564174
TarifaY2,7,2073,-5.656944,36.081111,0.564209412,28.86205346
TarifaY2,7,2074,-5.656944,36.081111,0.577668828,28.96401269
TarifaY2,7,2075,-5.656944,36.081111,2.849619471,29.84193253
TarifaY2,7,2076,-5.656944,36.081111,3.321037803,29.70153198
TarifaY2,7,2077,-5.656944,36.081111,0.02739368,29.50046938
TarifaY2,7,2078,-5.656944,36.081111,2.650200549,30.212538
TarifaY2,7,2079,-5.656944,36.081111,1.16921716,28.56331
TarifaY2,7,2080,-5.656944,36.081111,1.626546522,28.78788393
TarifaY2,7,2081,-5.656944,36.081111,2.254689604,30.83519011
TarifaY2,7,2082,-5.656944,36.081111,0.84667919,29.73622062
TarifaY2,7,2083,-5.656944,36.081111,0.119474761,31.21236671
TarifaY2,7,2084,-5.656944,36.081111,0.585921681,29.52952211
TarifaY2,7,2085,-5.656944,36.081111,1.086267095,30.8555414
TarifaY2,7,2086,-5.656944,36.081111,1.204358928,29.43620133
TarifaY2,7,2087,-5.656944,36.081111,0.611455304,30.59036727
TarifaY2,7,2088,-5.656944,36.081111,1.49521957,29.05652426
TarifaY2,7,2089,-5.656944,36.081111,2.872661596,29.06514105
TarifaY2,7,2090,-5.656944,36.081111,3.90240611,29.21592053
TarifaY2,7,2091,-5.656944,36.081111,1.573886328,29.89406935
TarifaY2,7,2092,-5.656944,36.081111,0.334210053,29.5962611
TarifaY2,7,2093,-5.656944,36.081111,3.698422452,28.91601247
TarifaY2,7,2094,-5.656944,36.081111,3.77112590585564e-09,29.19517251
TarifaY2,7,2095,-5.656944,36.081111,4.43500444,29.33953346
TarifaY2,7,2096,-5.656944,36.081111,0.889466572,30.14954873
TarifaY2,7,2097,-5.656944,36.081111,4.330065167,29.70525316
TarifaY2,7,2098,-5.656944,36.081111,0.466175394,28.7864624
TarifaY2,7,2099,-5.656944,36.081111,1.813428935,30.21615482
TarifaY2,7,2100,-5.656944,36.081111,2.80315116127542e-10,29.5971658
TarifaY2,8,2015,-5.656944,36.081111,3.47303549469564e-06,28.551101
TarifaY2,8,2016,-5.656944,36.081111,1.759186315,29.38573313
TarifaY2,8,2017,-5.656944,36.081111,6.154460831,27.82435047
TarifaY2,8,2018,-5.656944,36.081111,1.228779111,29.60153671
TarifaY2,8,2019,-5.656944,36.081111,13.67578731,29.23709973
TarifaY2,8,2020,-5.656944,36.081111,0.403147122,29.72665878
TarifaY2,8,2021,-5.656944,36.081111,2.210437437,28.3552441
TarifaY2,8,2022,-5.656944,36.081111,1.784649608,28.87623134
TarifaY2,8,2023,-5.656944,36.081111,6.770241081,30.29820379
TarifaY2,8,2024,-5.656944,36.081111,0.438765823,28.64337828
TarifaY2,8,2025,-5.656944,36.081111,1.520916046,29.2737789
TarifaY2,8,2026,-5.656944,36.081111,2.186477559,28.35303207
TarifaY2,8,2027,-5.656944,36.081111,0.946500532,30.49585827
TarifaY2,8,2028,-5.656944,36.081111,17.70372238,30.63074301
TarifaY2,8,2029,-5.656944,36.081111,0.175108554,29.26802585
TarifaY2,8,2030,-5.656944,36.081111,0.888644243,28.20162846
TarifaY2,8,2031,-5.656944,36.081111,16.95317665,28.18512632
TarifaY2,8,2032,-5.656944,36.081111,2.584711337,29.49279667
TarifaY2,8,2033,-5.656944,36.081111,0.000487383,30.12271886
TarifaY2,8,2034,-5.656944,36.081111,0.677437619,30.2119749
TarifaY2,8,2035,-5.656944,36.081111,1.131359477,28.55137172
TarifaY2,8,2036,-5.656944,36.081111,3.988255524,28.55125555
TarifaY2,8,2037,-5.656944,36.081111,1.406253627,29.58688532
TarifaY2,8,2038,-5.656944,36.081111,0.000797247,31.23201511
TarifaY2,8,2039,-5.656944,36.081111,3.259317126,29.86774745
TarifaY2,8,2040,-5.656944,36.081111,0.016685926,28.4196864
TarifaY2,8,2041,-5.656944,36.081111,20.91970275,29.12219514
TarifaY2,8,2042,-5.656944,36.081111,10.67251027,29.72159286
TarifaY2,8,2043,-5.656944,36.081111,1.861114827,28.70493814
TarifaY2,8,2044,-5.656944,36.081111,0.410859368,30.70618837
TarifaY2,8,2045,-5.656944,36.081111,0.851137877,30.47026092
TarifaY2,8,2046,-5.656944,36.081111,10.30986317,31.08566658
TarifaY2,8,2047,-5.656944,36.081111,0.120839661,30.39430463
TarifaY2,8,2048,-5.656944,36.081111,4.12334074,28.77703247
TarifaY2,8,2049,-5.656944,36.081111,0.933141305,31.40990108
TarifaY2,8,2050,-5.656944,36.081111,9.866212031,30.43200861
TarifaY2,8,2051,-5.656944,36.081111,0.005344592,29.83907963
TarifaY2,8,2052,-5.656944,36.081111,0.394831026,29.27501634
TarifaY2,8,2053,-5.656944,36.081111,2.820658325,30.04845384
TarifaY2,8,2054,-5.656944,36.081111,1.835586461,29.9118739
TarifaY2,8,2055,-5.656944,36.081111,0.160732609,29.50846597
TarifaY2,8,2056,-5.656944,36.081111,1.02873497,30.345382
TarifaY2,8,2057,-5.656944,36.081111,9.7742826,31.57753217
TarifaY2,8,2058,-5.656944,36.081111,0.174790288,31.01437654
TarifaY2,8,2059,-5.656944,36.081111,3.223459541,31.36671477
TarifaY2,8,2060,-5.656944,36.081111,0.135995047,30.14187504
TarifaY2,8,2061,-5.656944,36.081111,32.2309188,30.62401537
TarifaY2,8,2062,-5.656944,36.081111,0.544191474,30.10677293
TarifaY2,8,2063,-5.656944,36.081111,2.369114172,30.23998512
TarifaY2,8,2064,-5.656944,36.081111,4.635285679,29.33186961
TarifaY2,8,2065,-5.656944,36.081111,18.19684769,28.91905931
TarifaY2,8,2066,-5.656944,36.081111,1.112916677,30.34428435
TarifaY2,8,2067,-5.656944,36.081111,7.379736855,30.21752221
TarifaY2,8,2068,-5.656944,36.081111,0.00067627,29.92086674
TarifaY2,8,2069,-5.656944,36.081111,0.097930072,29.32589997
TarifaY2,8,2070,-5.656944,36.081111,0.861294337,30.41027025
TarifaY2,8,2071,-5.656944,36.081111,6.06782568,31.08341616
TarifaY2,8,2072,-5.656944,36.081111,1.354183511,30.17617483
TarifaY2,8,2073,-5.656944,36.081111,0.657512036,31.98067233
TarifaY2,8,2074,-5.656944,36.081111,0.727288302,30.68335729
TarifaY2,8,2075,-5.656944,36.081111,0.660206242,31.33692568
TarifaY2,8,2076,-5.656944,36.081111,3.540732849,30.09061437
TarifaY2,8,2077,-5.656944,36.081111,5.672721387,29.27150682
TarifaY2,8,2078,-5.656944,36.081111,4.551252176,29.25032565
TarifaY2,8,2079,-5.656944,36.081111,1.757922877,28.49946328
TarifaY2,8,2080,-5.656944,36.081111,0.007059102,30.49201503
TarifaY2,8,2081,-5.656944,36.081111,6.396196579,32.48975377
TarifaY2,8,2082,-5.656944,36.081111,0.281998573,32.02711123
TarifaY2,8,2083,-5.656944,36.081111,1.64652698,28.89130308
TarifaY2,8,2084,-5.656944,36.081111,1.294419331,31.59779978
TarifaY2,8,2085,-5.656944,36.081111,2.078010391,28.78585205
TarifaY2,8,2086,-5.656944,36.081111,3.51178111127673e-08,31.19611954
TarifaY2,8,2087,-5.656944,36.081111,1.580227121,30.2424974
TarifaY2,8,2088,-5.656944,36.081111,0.734956697,28.73663212
TarifaY2,8,2089,-5.656944,36.081111,2.332528043,29.70654376
TarifaY2,8,2090,-5.656944,36.081111,1.073012085,30.09467616
TarifaY2,8,2091,-5.656944,36.081111,2.739472792,28.58758525
TarifaY2,8,2092,-5.656944,36.081111,0.511414649,31.60980205
TarifaY2,8,2093,-5.656944,36.081111,0.843254918,32.53468352
TarifaY2,8,2094,-5.656944,36.081111,1.68381717,28.89090045
TarifaY2,8,2095,-5.656944,36.081111,0.540991553,28.8699644
TarifaY2,8,2096,-5.656944,36.081111,12.67432415,30.17584701
TarifaY2,8,2097,-5.656944,36.081111,0.324106244,31.33470872
TarifaY2,8,2098,-5.656944,36.081111,0.856176191,28.51154529
TarifaY2,8,2099,-5.656944,36.081111,5.560067766,31.40303266
TarifaY2,8,2100,-5.656944,36.081111,3.044128092,30.17303152
TarifaY2,9,2015,-5.656944,36.081111,10.50358309,28.05815226
TarifaY2,9,2016,-5.656944,36.081111,26.83713103,26.73633728
TarifaY2,9,2017,-5.656944,36.081111,1.711284884,26.88273824
TarifaY2,9,2018,-5.656944,36.081111,10.01841356,27.42757568
TarifaY2,9,2019,-5.656944,36.081111,2.353131653,27.68755798
TarifaY2,9,2020,-5.656944,36.081111,23.12494871,27.1580658
TarifaY2,9,2021,-5.656944,36.081111,1.766808753,27.32572123
TarifaY2,9,2022,-5.656944,36.081111,0.260039378,28.14585673
TarifaY2,9,2023,-5.656944,36.081111,2.702056107,29.16323446
TarifaY2,9,2024,-5.656944,36.081111,5.43456314,26.77276001
TarifaY2,9,2025,-5.656944,36.081111,22.72388048,26.54698079
TarifaY2,9,2026,-5.656944,36.081111,0.956376322,26.85542704
TarifaY2,9,2027,-5.656944,36.081111,0.86329343,28.86500448
TarifaY2,9,2028,-5.656944,36.081111,18.58187262,27.57531128
TarifaY2,9,2029,-5.656944,36.081111,0.953010762,26.50964559
TarifaY2,9,2030,-5.656944,36.081111,0.023886566,27.21111247
TarifaY2,9,2031,-5.656944,36.081111,16.23616518,28.69030558
TarifaY2,9,2032,-5.656944,36.081111,5.041101373,28.02892456
TarifaY2,9,2033,-5.656944,36.081111,58.5018923,27.43568726
TarifaY2,9,2034,-5.656944,36.081111,36.63721529,28.55582072
TarifaY2,9,2035,-5.656944,36.081111,1.422302108,28.35199788
TarifaY2,9,2036,-5.656944,36.081111,0.765675035,28.34882406
TarifaY2,9,2037,-5.656944,36.081111,1.053746723,29.0299174
TarifaY2,9,2038,-5.656944,36.081111,0.243032199,28.51942647
TarifaY2,9,2039,-5.656944,36.081111,5.980036633,26.67650146
TarifaY2,9,2040,-5.656944,36.081111,0.335391012,28.35811157
TarifaY2,9,2041,-5.656944,36.081111,16.70074666,27.24128316
TarifaY2,9,2042,-5.656944,36.081111,4.838487169,26.3830424
TarifaY2,9,2043,-5.656944,36.081111,5.305521673,27.64773661
TarifaY2,9,2044,-5.656944,36.081111,16.60303597,27.86151632
TarifaY2,9,2045,-5.656944,36.081111,3.191296062,27.89427389
TarifaY2,9,2046,-5.656944,36.081111,0.158620518,29.52103373
TarifaY2,9,2047,-5.656944,36.081111,0.665245033,27.87171224
TarifaY2,9,2048,-5.656944,36.081111,0.06040994,29.83073324
TarifaY2,9,2049,-5.656944,36.081111,0.258663591,28.01940613
TarifaY2,9,2050,-5.656944,36.081111,0.347311123,28.71688538
TarifaY2,9,2051,-5.656944,36.081111,14.14283486,27.87830098
TarifaY2,9,2052,-5.656944,36.081111,4.072214731,27.96262716
TarifaY2,9,2053,-5.656944,36.081111,0.070301558,28.7497345
TarifaY2,9,2054,-5.656944,36.081111,1.151005713,29.15400899
TarifaY2,9,2055,-5.656944,36.081111,9.246519955,28.29227702
TarifaY2,9,2056,-5.656944,36.081111,23.14254787,28.46956278
TarifaY2,9,2057,-5.656944,36.081111,7.197117033,29.42743123
TarifaY2,9,2058,-5.656944,36.081111,3.229965698,28.6691274
TarifaY2,9,2059,-5.656944,36.081111,2.699534962,26.83097839
TarifaY2,9,2060,-5.656944,36.081111,0.666253435,28.80585938
TarifaY2,9,2061,-5.656944,36.081111,4.412477856,28.74677429
TarifaY2,9,2062,-5.656944,36.081111,0.013228681,28.63265889
TarifaY2,9,2063,-5.656944,36.081111,5.474329306,29.27969564
TarifaY2,9,2064,-5.656944,36.081111,5.182459996,27.79947815
TarifaY2,9,2065,-5.656944,36.081111,11.71621178,27.10376282
TarifaY2,9,2066,-5.656944,36.081111,0.130231643,29.36464844
TarifaY2,9,2067,-5.656944,36.081111,0.872180963,26.90102743
TarifaY2,9,2068,-5.656944,36.081111,13.72565911,25.71889852
TarifaY2,9,2069,-5.656944,36.081111,0.54970469,28.7908488
TarifaY2,9,2070,-5.656944,36.081111,6.559109528,28.5317922
TarifaY2,9,2071,-5.656944,36.081111,15.65702983,27.92404073
TarifaY2,9,2072,-5.656944,36.081111,25.94686679,27.78770142
TarifaY2,9,2073,-5.656944,36.081111,0.55877053,29.4217509
TarifaY2,9,2074,-5.656944,36.081111,0.015934858,29.28970642
TarifaY2,9,2075,-5.656944,36.081111,2.219604624,29.65240173
TarifaY2,9,2076,-5.656944,36.081111,3.142285844,28.72941589
TarifaY2,9,2077,-5.656944,36.081111,0.564096926,28.87419128
TarifaY2,9,2078,-5.656944,36.081111,6.285437732,27.99446513
TarifaY2,9,2079,-5.656944,36.081111,2.335318485,28.98614197
TarifaY2,9,2080,-5.656944,36.081111,3.158249251,28.21018372
TarifaY2,9,2081,-5.656944,36.081111,0.600253569,29.11870829
TarifaY2,9,2082,-5.656944,36.081111,41.9328138,29.24727783
TarifaY2,9,2083,-5.656944,36.081111,0.00211228,30.5080485
TarifaY2,9,2084,-5.656944,36.081111,0.763180533,28.66806335
TarifaY2,9,2085,-5.656944,36.081111,8.151875646,28.40599264
TarifaY2,9,2086,-5.656944,36.081111,0.80190383,29.69563904
TarifaY2,9,2087,-5.656944,36.081111,0.128001043,28.42469889
TarifaY2,9,2088,-5.656944,36.081111,1.753953226,28.52845154
TarifaY2,9,2089,-5.656944,36.081111,6.174905283,28.89524434
TarifaY2,9,2090,-5.656944,36.081111,17.60185327,29.99926249
TarifaY2,9,2091,-5.656944,36.081111,0.454874758,29.41945496
TarifaY2,9,2092,-5.656944,36.081111,6.348069239,28.28683065
TarifaY2,9,2093,-5.656944,36.081111,0.369854332,28.98315531
TarifaY2,9,2094,-5.656944,36.081111,7.17763833,27.94658508
TarifaY2,9,2095,-5.656944,36.081111,3.53115833,27.14391785
TarifaY2,9,2096,-5.656944,36.081111,0.047914816,29.57128499
TarifaY2,9,2097,-5.656944,36.081111,0.93136086,28.2813741
TarifaY2,9,2098,-5.656944,36.081111,7.250309688,27.51220907
TarifaY2,9,2099,-5.656944,36.081111,0.678439443,28.73160502
TarifaY2,9,2100,-5.656944,36.081111,11.17286103,29.33322754
Vertedero,1,2015,-5.49,36.121667,76.57260123,17.25153257
Vertedero,1,2016,-5.49,36.121667,3.614561159,16.50898575
Vertedero,1,2017,-5.49,36.121667,89.52406118,17.28918437
Vertedero,1,2018,-5.49,36.121667,104.1987704,16.68461638
Vertedero,1,2019,-5.49,36.121667,147.6005488,15.92342628
Vertedero,1,2020,-5.49,36.121667,39.04104478,16.92858572
Vertedero,1,2021,-5.49,36.121667,35.79884246,15.31246043
Vertedero,1,2022,-5.49,36.121667,55.78613545,17.18375599
Vertedero,1,2023,-5.49,36.121667,45.14623737,16.33959252
Vertedero,1,2024,-5.49,36.121667,82.40841153,17.48243251
Vertedero,1,2025,-5.49,36.121667,28.97296565,15.85975283
Vertedero,1,2026,-5.49,36.121667,52.0880877,16.41220172
Vertedero,1,2027,-5.49,36.121667,143.9015197,17.64272067
Vertedero,1,2028,-5.49,36.121667,6.4234016,15.72231445
Vertedero,1,2029,-5.49,36.121667,29.56063766,16.94173682
Vertedero,1,2030,-5.49,36.121667,3.413813901,15.1318003
Vertedero,1,2031,-5.49,36.121667,41.21420319,17.4766893
Vertedero,1,2032,-5.49,36.121667,23.281343,17.22043811
Vertedero,1,2033,-5.49,36.121667,92.665339,17.0908083
Vertedero,1,2034,-5.49,36.121667,46.14519721,17.46324679
Vertedero,1,2035,-5.49,36.121667,150.596329,18.29667496
Vertedero,1,2036,-5.49,36.121667,143.6419909,16.39873657
Vertedero,1,2037,-5.49,36.121667,35.21851011,16.86317867
Vertedero,1,2038,-5.49,36.121667,38.29437726,18.27298643
Vertedero,1,2039,-5.49,36.121667,33.415544,17.35922615
Vertedero,1,2040,-5.49,36.121667,94.97539795,15.39039838
Vertedero,1,2041,-5.49,36.121667,81.22581122,16.39800513
Vertedero,1,2042,-5.49,36.121667,33.05947142,16.82676037
Vertedero,1,2043,-5.49,36.121667,2.002999484,17.23554825
Vertedero,1,2044,-5.49,36.121667,21.08942535,16.31865057
Vertedero,1,2045,-5.49,36.121667,40.13337987,15.45559082
Vertedero,1,2046,-5.49,36.121667,64.83188797,18.53998964
Vertedero,1,2047,-5.49,36.121667,24.52039152,17.68543051
Vertedero,1,2048,-5.49,36.121667,150.228366,16.86245216
Vertedero,1,2049,-5.49,36.121667,21.63385684,15.72509943
Vertedero,1,2050,-5.49,36.121667,42.85229541,16.30973845
Vertedero,1,2051,-5.49,36.121667,143.6216509,17.24973007
Vertedero,1,2052,-5.49,36.121667,32.69153665,18.33091667
Vertedero,1,2053,-5.49,36.121667,72.25314373,17.11069592
Vertedero,1,2054,-5.49,36.121667,93.92443264,17.72262357
Vertedero,1,2055,-5.49,36.121667,51.95270932,16.50153553
Vertedero,1,2056,-5.49,36.121667,18.80968115,17.52319907
Vertedero,1,2057,-5.49,36.121667,26.25140585,17.50545851
Vertedero,1,2058,-5.49,36.121667,52.98701689,18.03965986
Vertedero,1,2059,-5.49,36.121667,155.7878138,18.49801321
Vertedero,1,2060,-5.49,36.121667,125.1715688,16.19454543
Vertedero,1,2061,-5.49,36.121667,188.9796364,17.77102641
Vertedero,1,2062,-5.49,36.121667,135.0491322,17.23545178
Vertedero,1,2063,-5.49,36.121667,80.66327273,17.71232831
Vertedero,1,2064,-5.49,36.121667,8.334388212,17.9284538
Vertedero,1,2065,-5.49,36.121667,78.01389723,15.70826455
Vertedero,1,2066,-5.49,36.121667,66.44533475,18.10857446
Vertedero,1,2067,-5.49,36.121667,102.4519093,15.63454295
Vertedero,1,2068,-5.49,36.121667,44.56169011,17.40460382
Vertedero,1,2069,-5.49,36.121667,12.98014512,17.03936748
Vertedero,1,2070,-5.49,36.121667,39.33567745,16.15997885
Vertedero,1,2071,-5.49,36.121667,12.78010306,17.69682145
Vertedero,1,2072,-5.49,36.121667,103.006606,17.16384966
Vertedero,1,2073,-5.49,36.121667,220.1454051,17.87522229
Vertedero,1,2074,-5.49,36.121667,34.8348747,17.14419044
Vertedero,1,2075,-5.49,36.121667,17.17090899,16.88550966
Vertedero,1,2076,-5.49,36.121667,24.09596854,16.22151115
Vertedero,1,2077,-5.49,36.121667,103.0009394,16.35221695
Vertedero,1,2078,-5.49,36.121667,117.9865649,18.47037806
Vertedero,1,2079,-5.49,36.121667,56.57907654,18.07597282
Vertedero,1,2080,-5.49,36.121667,93.20342934,18.68176644
Vertedero,1,2081,-5.49,36.121667,102.4475987,17.30760026
Vertedero,1,2082,-5.49,36.121667,7.066840859,16.29007529
Vertedero,1,2083,-5.49,36.121667,144.9775585,15.86531293
Vertedero,1,2084,-5.49,36.121667,128.7598211,19.21744739
Vertedero,1,2085,-5.49,36.121667,44.17767919,18.09788838
Vertedero,1,2086,-5.49,36.121667,157.7611052,16.32740518
Vertedero,1,2087,-5.49,36.121667,2.502083697,17.90641322
Vertedero,1,2088,-5.49,36.121667,166.1519459,16.55574459
Vertedero,1,2089,-5.49,36.121667,67.28029599,16.05651245
Vertedero,1,2090,-5.49,36.121667,7.068992244,19.20686961
Vertedero,1,2091,-5.49,36.121667,4.150940957,17.94765133
Vertedero,1,2092,-5.49,36.121667,10.86770331,17.81270161
Vertedero,1,2093,-5.49,36.121667,74.04307964,15.60251032
Vertedero,1,2094,-5.49,36.121667,18.98148953,18.84201719
Vertedero,1,2095,-5.49,36.121667,39.63717395,17.82999031
Vertedero,1,2096,-5.49,36.121667,45.63410659,17.34480414
Vertedero,1,2097,-5.49,36.121667,62.04702624,17.37046548
Vertedero,1,2098,-5.49,36.121667,56.58359685,15.3740951
Vertedero,1,2099,-5.49,36.121667,96.28368355,17.00945927
Vertedero,1,2100,-5.49,36.121667,37.5221465,17.91258663
Vertedero,10,2015,-5.49,36.121667,2.098624886,24.09055136
Vertedero,10,2016,-5.49,36.121667,21.57149793,22.40680896
Vertedero,10,2017,-5.49,36.121667,66.35566611,22.87604725
Vertedero,10,2018,-5.49,36.121667,57.32680469,22.62103744
Vertedero,10,2019,-5.49,36.121667,8.734254365,21.56045513
Vertedero,10,2020,-5.49,36.121667,5.548195937,22.73967699
Vertedero,10,2021,-5.49,36.121667,24.711444,23.84710969
Vertedero,10,2022,-5.49,36.121667,20.91010353,22.83739821
Vertedero,10,2023,-5.49,36.121667,74.83783798,22.61503926
Vertedero,10,2024,-5.49,36.121667,36.64517255,22.04966962
Vertedero,10,2025,-5.49,36.121667,51.57108171,22.61271697
Vertedero,10,2026,-5.49,36.121667,4.584870339,24.03941473
Vertedero,10,2027,-5.49,36.121667,3.440305268,25.81968915
Vertedero,10,2028,-5.49,36.121667,35.49869364,22.90502418
Vertedero,10,2029,-5.49,36.121667,42.71932302,22.0083252
Vertedero,10,2030,-5.49,36.121667,11.8306583,23.02404569
Vertedero,10,2031,-5.49,36.121667,8.72727078,23.59052675
Vertedero,10,2032,-5.49,36.121667,19.56567059,23.95118644
Vertedero,10,2033,-5.49,36.121667,18.86797766,23.75556975
Vertedero,10,2034,-5.49,36.121667,31.35968285,21.75923875
Vertedero,10,2035,-5.49,36.121667,83.47746787,23.97686453
Vertedero,10,2036,-5.49,36.121667,9.917358278,23.04331015
Vertedero,10,2037,-5.49,36.121667,1.787402267,24.2775749
Vertedero,10,2038,-5.49,36.121667,23.43619219,24.1983995
Vertedero,10,2039,-5.49,36.121667,35.79511708,22.58302829
Vertedero,10,2040,-5.49,36.121667,8.686045694,22.84906675
Vertedero,10,2041,-5.49,36.121667,12.95704569,23.24811264
Vertedero,10,2042,-5.49,36.121667,61.34189913,22.22720022
Vertedero,10,2043,-5.49,36.121667,1.078221941,23.83255281
Vertedero,10,2044,-5.49,36.121667,18.04515298,24.62452334
Vertedero,10,2045,-5.49,36.121667,12.92145204,23.87729551
Vertedero,10,2046,-5.49,36.121667,2.694324462,25.75140755
Vertedero,10,2047,-5.49,36.121667,26.37771606,22.70786684
Vertedero,10,2048,-5.49,36.121667,36.47868245,24.79690335
Vertedero,10,2049,-5.49,36.121667,18.11357585,23.95372728
Vertedero,10,2050,-5.49,36.121667,18.60143545,25.00646756
Vertedero,10,2051,-5.49,36.121667,18.94520196,23.87506871
Vertedero,10,2052,-5.49,36.121667,52.09264254,22.63547816
Vertedero,10,2053,-5.49,36.121667,17.29631209,24.47300454
Vertedero,10,2054,-5.49,36.121667,53.01547483,24.06869389
Vertedero,10,2055,-5.49,36.121667,38.85067367,23.68111375
Vertedero,10,2056,-5.49,36.121667,1.410109527,23.98612415
Vertedero,10,2057,-5.49,36.121667,7.806596256,23.51948577
Vertedero,10,2058,-5.49,36.121667,32.95765327,24.17007033
Vertedero,10,2059,-5.49,36.121667,1.028029124,24.11337261
Vertedero,10,2060,-5.49,36.121667,6.086249891,22.59317194
Vertedero,10,2061,-5.49,36.121667,35.87948882,23.1451483
Vertedero,10,2062,-5.49,36.121667,28.86146952,24.67742703
Vertedero,10,2063,-5.49,36.121667,5.089138482,25.28666815
Vertedero,10,2064,-5.49,36.121667,10.98498401,23.34114006
Vertedero,10,2065,-5.49,36.121667,26.14922769,23.7887778
Vertedero,10,2066,-5.49,36.121667,24.50100531,23.75871799
Vertedero,10,2067,-5.49,36.121667,0.661599962,25.78903769
Vertedero,10,2068,-5.49,36.121667,6.994050226,24.52382813
Vertedero,10,2069,-5.49,36.121667,25.42713642,24.12234379
Vertedero,10,2070,-5.49,36.121667,6.528700165,25.72288444
Vertedero,10,2071,-5.49,36.121667,46.92062398,23.19612151
Vertedero,10,2072,-5.49,36.121667,2.212543481,24.26335961
Vertedero,10,2073,-5.49,36.121667,9.12642691,25.22292087
Vertedero,10,2074,-5.49,36.121667,35.44417076,25.36332831
Vertedero,10,2075,-5.49,36.121667,34.07396746,24.07851661
Vertedero,10,2076,-5.49,36.121667,23.2583379,24.70049537
Vertedero,10,2077,-5.49,36.121667,2.14081078,26.12992298
Vertedero,10,2078,-5.49,36.121667,8.660297604,23.97558673
Vertedero,10,2079,-5.49,36.121667,47.05463999,24.7290864
Vertedero,10,2080,-5.49,36.121667,15.52828961,25.47487202
Vertedero,10,2081,-5.49,36.121667,1.390134629,24.22454519
Vertedero,10,2082,-5.49,36.121667,47.54369266,23.27587871
Vertedero,10,2083,-5.49,36.121667,12.81586098,26.14986671
Vertedero,10,2084,-5.49,36.121667,22.14663953,23.57395669
Vertedero,10,2085,-5.49,36.121667,16.16238506,23.8873358
Vertedero,10,2086,-5.49,36.121667,28.29956757,23.40925135
Vertedero,10,2087,-5.49,36.121667,11.48940165,24.11007966
Vertedero,10,2088,-5.49,36.121667,17.85704225,25.2555924
Vertedero,10,2089,-5.49,36.121667,0.134828836,25.44586162
Vertedero,10,2090,-5.49,36.121667,7.808895884,23.73211946
Vertedero,10,2091,-5.49,36.121667,31.60901068,24.09294946
Vertedero,10,2092,-5.49,36.121667,1.344760238,24.26247263
Vertedero,10,2093,-5.49,36.121667,2.309835789,24.57171217
Vertedero,10,2094,-5.49,36.121667,18.9742488,21.64537078
Vertedero,10,2095,-5.49,36.121667,7.57551019,24.47414157
Vertedero,10,2096,-5.49,36.121667,0.899398544,25.61462383
Vertedero,10,2097,-5.49,36.121667,4.758642858,24.33969097
Vertedero,10,2098,-5.49,36.121667,0.07095748,22.90077337
Vertedero,10,2099,-5.49,36.121667,15.16759777,22.7909918
Vertedero,10,2100,-5.49,36.121667,5.470867054,24.79553203
Vertedero,11,2015,-5.49,36.121667,14.86424606,19.77042033
Vertedero,11,2016,-5.49,36.121667,101.7871273,19.4322937
Vertedero,11,2017,-5.49,36.121667,95.64438344,20.28737386
Vertedero,11,2018,-5.49,36.121667,30.28487784,19.98256429
Vertedero,11,2019,-5.49,36.121667,32.77707789,17.68028158
Vertedero,11,2020,-5.49,36.121667,29.68645361,20.76786906
Vertedero,11,2021,-5.49,36.121667,6.951308884,20.53946431
Vertedero,11,2022,-5.49,36.121667,35.48829725,18.9813385
Vertedero,11,2023,-5.49,36.121667,82.23034655,17.73959554
Vertedero,11,2024,-5.49,36.121667,8.875324309,18.31747538
Vertedero,11,2025,-5.49,36.121667,79.86324433,20.00676066
Vertedero,11,2026,-5.49,36.121667,29.04387112,20.1388682
Vertedero,11,2027,-5.49,36.121667,37.90569744,19.50891317
Vertedero,11,2028,-5.49,36.121667,66.08352156,18.25063273
Vertedero,11,2029,-5.49,36.121667,13.89665404,21.67103068
Vertedero,11,2030,-5.49,36.121667,13.45958843,19.17119853
Vertedero,11,2031,-5.49,36.121667,8.758510764,19.15321554
Vertedero,11,2032,-5.49,36.121667,109.7762825,19.90732727
Vertedero,11,2033,-5.49,36.121667,6.760043686,19.82070109
Vertedero,11,2034,-5.49,36.121667,21.65667304,18.57483927
Vertedero,11,2035,-5.49,36.121667,77.62677067,18.89415487
Vertedero,11,2036,-5.49,36.121667,40.22463864,19.95669454
Vertedero,11,2037,-5.49,36.121667,12.17507855,18.53497009
Vertedero,11,2038,-5.49,36.121667,79.88536745,20.66576843
Vertedero,11,2039,-5.49,36.121667,6.165758363,20.46057434
Vertedero,11,2040,-5.49,36.121667,70.74308132,21.15758057
Vertedero,11,2041,-5.49,36.121667,213.1394264,19.6525177
Vertedero,11,2042,-5.49,36.121667,1.589781725,19.88500366
Vertedero,11,2043,-5.49,36.121667,27.06375809,18.32193807
Vertedero,11,2044,-5.49,36.121667,11.85274502,19.48823039
Vertedero,11,2045,-5.49,36.121667,108.047772,20.26787313
Vertedero,11,2046,-5.49,36.121667,37.15711443,20.68721619
Vertedero,11,2047,-5.49,36.121667,74.11156136,17.71591492
Vertedero,11,2048,-5.49,36.121667,50.24056971,19.85657349
Vertedero,11,2049,-5.49,36.121667,24.93994833,20.45651652
Vertedero,11,2050,-5.49,36.121667,102.4317967,19.83886515
Vertedero,11,2051,-5.49,36.121667,5.692158373,21.13688354
Vertedero,11,2052,-5.49,36.121667,9.091169039,21.21131592
Vertedero,11,2053,-5.49,36.121667,0.096778091,20.95170898
Vertedero,11,2054,-5.49,36.121667,15.20295855,20.07376099
Vertedero,11,2055,-5.49,36.121667,12.68359382,19.55184224
Vertedero,11,2056,-5.49,36.121667,119.687389,19.63467
Vertedero,11,2057,-5.49,36.121667,72.86378077,20.06214701
Vertedero,11,2058,-5.49,36.121667,8.866797709,21.44128927
Vertedero,11,2059,-5.49,36.121667,13.42978676,19.73961995
Vertedero,11,2060,-5.49,36.121667,12.20127736,18.11060791
Vertedero,11,2061,-5.49,36.121667,80.85857464,20.17513224
Vertedero,11,2062,-5.49,36.121667,14.69619799,21.63190715
Vertedero,11,2063,-5.49,36.121667,2.477587991,20.17040812
Vertedero,11,2064,-5.49,36.121667,39.05069803,19.54102987
Vertedero,11,2065,-5.49,36.121667,24.75055492,18.83398743
Vertedero,11,2066,-5.49,36.121667,52.85313648,19.05762126
Vertedero,11,2067,-5.49,36.121667,19.90846266,18.46661377
Vertedero,11,2068,-5.49,36.121667,63.23566786,20.14367879
Vertedero,11,2069,-5.49,36.121667,78.02835193,20.1725179
Vertedero,11,2070,-5.49,36.121667,58.52411809,20.63167013
Vertedero,11,2071,-5.49,36.121667,58.77093048,20.8425649
Vertedero,11,2072,-5.49,36.121667,45.86046145,21.10908203
Vertedero,11,2073,-5.49,36.121667,20.96615113,21.33433329
Vertedero,11,2074,-5.49,36.121667,120.7004002,20.97707825
Vertedero,11,2075,-5.49,36.121667,59.7215176,20.53737183
Vertedero,11,2076,-5.49,36.121667,68.0727301,21.49441121
Vertedero,11,2077,-5.49,36.121667,38.65616068,20.95514018
Vertedero,11,2078,-5.49,36.121667,24.50763159,19.85910136
Vertedero,11,2079,-5.49,36.121667,58.26584407,21.31007894
Vertedero,11,2080,-5.49,36.121667,63.10332607,20.96224772
Vertedero,11,2081,-5.49,36.121667,3.945457983,19.24268697
Vertedero,11,2082,-5.49,36.121667,14.10011006,20.31559448
Vertedero,11,2083,-5.49,36.121667,143.2699781,21.24202983
Vertedero,11,2084,-5.49,36.121667,10.19084769,20.46029867
Vertedero,11,2085,-5.49,36.121667,20.54938354,19.88868917
Vertedero,11,2086,-5.49,36.121667,26.79706899,19.23114522
Vertedero,11,2087,-5.49,36.121667,1.464352814,20.64314779
Vertedero,11,2088,-5.49,36.121667,39.07878481,19.45205282
Vertedero,11,2089,-5.49,36.121667,14.94246987,21.33349915
Vertedero,11,2090,-5.49,36.121667,25.11852033,22.35602926
Vertedero,11,2091,-5.49,36.121667,40.30769545,18.65000203
Vertedero,11,2092,-5.49,36.121667,12.26526159,19.92464396
Vertedero,11,2093,-5.49,36.121667,103.2738832,21.26404521
Vertedero,11,2094,-5.49,36.121667,8.384240862,21.44437358
Vertedero,11,2095,-5.49,36.121667,44.74770657,20.49407145
Vertedero,11,2096,-5.49,36.121667,0.355242563,20.26130269
Vertedero,11,2097,-5.49,36.121667,58.05557876,19.54697367
Vertedero,11,2098,-5.49,36.121667,56.86585935,19.7050649
Vertedero,11,2099,-5.49,36.121667,45.2197526,20.83935547
Vertedero,11,2100,-5.49,36.121667,67.88898791,19.64582926
Vertedero,12,2015,-5.49,36.121667,125.4669033,17.36177979
Vertedero,12,2016,-5.49,36.121667,15.94428391,17.39975281
Vertedero,12,2017,-5.49,36.121667,25.35877718,18.54032534
Vertedero,12,2018,-5.49,36.121667,43.20242657,17.39112785
Vertedero,12,2019,-5.49,36.121667,59.06331358,16.23550888
Vertedero,12,2020,-5.49,36.121667,24.03033175,17.15133899
Vertedero,12,2021,-5.49,36.121667,51.84717548,19.33011927
Vertedero,12,2022,-5.49,36.121667,230.0734209,17.12519177
Vertedero,12,2023,-5.49,36.121667,142.6981041,17.04553695
Vertedero,12,2024,-5.49,36.121667,15.77311867,16.21632792
Vertedero,12,2025,-5.49,36.121667,23.87713469,16.2080716
Vertedero,12,2026,-5.49,36.121667,66.48478628,17.98244826
Vertedero,12,2027,-5.49,36.121667,35.18520127,16.0419851
Vertedero,12,2028,-5.49,36.121667,70.2797137,19.22625936
Vertedero,12,2029,-5.49,36.121667,164.1604792,17.65243904
Vertedero,12,2030,-5.49,36.121667,36.46965576,18.22530009
Vertedero,12,2031,-5.49,36.121667,64.60127762,18.16577326
Vertedero,12,2032,-5.49,36.121667,137.0196488,16.93303324
Vertedero,12,2033,-5.49,36.121667,101.6319039,18.21033876
Vertedero,12,2034,-5.49,36.121667,68.12307488,17.28669768
Vertedero,12,2035,-5.49,36.121667,14.95601807,17.05718974
Vertedero,12,2036,-5.49,36.121667,71.42940139,16.7392039
Vertedero,12,2037,-5.49,36.121667,72.42587374,17.48691367
Vertedero,12,2038,-5.49,36.121667,16.87153873,17.42442844
Vertedero,12,2039,-5.49,36.121667,4.220219963,18.05927872
Vertedero,12,2040,-5.49,36.121667,2.817611365,17.71951946
Vertedero,12,2041,-5.49,36.121667,85.33155346,16.0889044
Vertedero,12,2042,-5.49,36.121667,80.95957361,16.80985068
Vertedero,12,2043,-5.49,36.121667,7.027915023,16.99571356
Vertedero,12,2044,-5.49,36.121667,44.17570499,16.32581787
Vertedero,12,2045,-5.49,36.121667,98.87380747,18.35423505
Vertedero,12,2046,-5.49,36.121667,38.78706826,19.76001252
Vertedero,12,2047,-5.49,36.121667,36.55624978,18.52565032
Vertedero,12,2048,-5.49,36.121667,104.6490111,18.72230733
Vertedero,12,2049,-5.49,36.121667,119.9071394,19.05129198
Vertedero,12,2050,-5.49,36.121667,84.23012744,17.19179077
Vertedero,12,2051,-5.49,36.121667,24.63951251,18.77994247
Vertedero,12,2052,-5.49,36.121667,10.40492055,18.30295003
Vertedero,12,2053,-5.49,36.121667,44.48902687,19.98914145
Vertedero,12,2054,-5.49,36.121667,35.69842031,18.25737915
Vertedero,12,2055,-5.49,36.121667,4.746149096,18.2897711
Vertedero,12,2056,-5.49,36.121667,141.1553379,19.50075582
Vertedero,12,2057,-5.49,36.121667,105.246088,18.56211292
Vertedero,12,2058,-5.49,36.121667,59.63477838,18.82890251
Vertedero,12,2059,-5.49,36.121667,8.32142789,17.82396752
Vertedero,12,2060,-5.49,36.121667,48.81089386,17.69124651
Vertedero,12,2061,-5.49,36.121667,208.2902406,18.37147748
Vertedero,12,2062,-5.49,36.121667,20.31904108,19.29773225
Vertedero,12,2063,-5.49,36.121667,59.941848,18.82395079
Vertedero,12,2064,-5.49,36.121667,8.460559078,17.14226888
Vertedero,12,2065,-5.49,36.121667,133.0830381,18.25824841
Vertedero,12,2066,-5.49,36.121667,12.10478622,17.40760931
Vertedero,12,2067,-5.49,36.121667,92.18139693,17.41563445
Vertedero,12,2068,-5.49,36.121667,2.866585322,17.07944031
Vertedero,12,2069,-5.49,36.121667,20.13118589,17.37741758
Vertedero,12,2070,-5.49,36.121667,180.2898897,18.15870158
Vertedero,12,2071,-5.49,36.121667,1.102487244,16.62657786
Vertedero,12,2072,-5.49,36.121667,75.20978737,17.96652527
Vertedero,12,2073,-5.49,36.121667,41.26118903,17.33393299
Vertedero,12,2074,-5.49,36.121667,138.7164613,18.4096599
Vertedero,12,2075,-5.49,36.121667,290.9707942,19.67408979
Vertedero,12,2076,-5.49,36.121667,53.10864224,17.78769124
Vertedero,12,2077,-5.49,36.121667,55.06204572,16.52959792
Vertedero,12,2078,-5.49,36.121667,144.2720506,17.71035058
Vertedero,12,2079,-5.49,36.121667,41.95226485,18.42978279
Vertedero,12,2080,-5.49,36.121667,44.46033618,17.23056157
Vertedero,12,2081,-5.49,36.121667,41.03666915,19.58733914
Vertedero,12,2082,-5.49,36.121667,11.14821291,18.18766125
Vertedero,12,2083,-5.49,36.121667,174.5798528,18.2042067
Vertedero,12,2084,-5.49,36.121667,43.19166081,18.89568583
Vertedero,12,2085,-5.49,36.121667,46.84619234,17.52136703
Vertedero,12,2086,-5.49,36.121667,26.75757313,18.67920887
Vertedero,12,2087,-5.49,36.121667,48.1178122,18.07198486
Vertedero,12,2088,-5.49,36.121667,35.88146557,17.1398468
Vertedero,12,2089,-5.49,36.121667,42.13693559,17.85888258
Vertedero,12,2090,-5.49,36.121667,77.06383491,18.12321879
Vertedero,12,2091,-5.49,36.121667,38.69237085,18.36048131
Vertedero,12,2092,-5.49,36.121667,99.68320071,17.63884989
Vertedero,12,2093,-5.49,36.121667,92.29826941,19.113917
Vertedero,12,2094,-5.49,36.121667,212.7423584,17.92049462
Vertedero,12,2095,-5.49,36.121667,1.624673746,19.90914504
Vertedero,12,2096,-5.49,36.121667,85.65398673,18.17029114
Vertedero,12,2097,-5.49,36.121667,87.3431583,18.00978709
Vertedero,12,2098,-5.49,36.121667,40.15425276,19.60584362
Vertedero,12,2099,-5.49,36.121667,19.68704772,19.05018547
Vertedero,12,2100,-5.49,36.121667,11.22051359,18.46367086
Vertedero,2,2015,-5.49,36.121667,39.1677054,17.6867375
Vertedero,2,2016,-5.49,36.121667,26.15230688,17.84619477
Vertedero,2,2017,-5.49,36.121667,153.3394981,16.64302979
Vertedero,2,2018,-5.49,36.121667,83.67854333,17.85629316
Vertedero,2,2019,-5.49,36.121667,171.1851887,16.12071599
Vertedero,2,2020,-5.49,36.121667,113.7160045,16.39262148
Vertedero,2,2021,-5.49,36.121667,4.288327495,18.33633793
Vertedero,2,2022,-5.49,36.121667,102.9832394,18.1548063
Vertedero,2,2023,-5.49,36.121667,53.9871156,16.83173305
Vertedero,2,2024,-5.49,36.121667,89.39986211,17.05681342
Vertedero,2,2025,-5.49,36.121667,47.1672305,15.73068608
Vertedero,2,2026,-5.49,36.121667,40.36546812,15.17344382
Vertedero,2,2027,-5.49,36.121667,17.6314392,19.34157388
Vertedero,2,2028,-5.49,36.121667,136.8278407,15.33901262
Vertedero,2,2029,-5.49,36.121667,19.53896298,16.99483534
Vertedero,2,2030,-5.49,36.121667,123.1212021,18.25028817
Vertedero,2,2031,-5.49,36.121667,6.282754707,16.06341705
Vertedero,2,2032,-5.49,36.121667,9.146862671,17.17678538
Vertedero,2,2033,-5.49,36.121667,163.9046084,16.8569155
Vertedero,2,2034,-5.49,36.121667,10.85776103,17.92409886
Vertedero,2,2035,-5.49,36.121667,49.92935937,16.9599265
Vertedero,2,2036,-5.49,36.121667,17.53203426,18.09540026
Vertedero,2,2037,-5.49,36.121667,15.02958523,18.58859624
Vertedero,2,2038,-5.49,36.121667,70.38232626,17.90709621
Vertedero,2,2039,-5.49,36.121667,16.76097288,16.35090681
Vertedero,2,2040,-5.49,36.121667,31.77385708,16.7107746
Vertedero,2,2041,-5.49,36.121667,1.38101657,17.45574668
Vertedero,2,2042,-5.49,36.121667,42.055653,18.70341208
Vertedero,2,2043,-5.49,36.121667,192.1187926,17.40161939
Vertedero,2,2044,-5.49,36.121667,16.96397185,16.65778556
Vertedero,2,2045,-5.49,36.121667,37.442414,16.70508728
Vertedero,2,2046,-5.49,36.121667,26.67624197,17.57283064
Vertedero,2,2047,-5.49,36.121667,34.39776408,17.50836116
Vertedero,2,2048,-5.49,36.121667,54.44159206,17.91879083
Vertedero,2,2049,-5.49,36.121667,10.83054252,18.09231502
Vertedero,2,2050,-5.49,36.121667,17.05766403,17.56959795
Vertedero,2,2051,-5.49,36.121667,2.35735214,17.26856493
Vertedero,2,2052,-5.49,36.121667,73.60781398,16.93456631
Vertedero,2,2053,-5.49,36.121667,23.11621077,18.22410845
Vertedero,2,2054,-5.49,36.121667,20.80148642,17.72106214
Vertedero,2,2055,-5.49,36.121667,20.3123114,16.33171997
Vertedero,2,2056,-5.49,36.121667,144.248085,17.51976297
Vertedero,2,2057,-5.49,36.121667,27.91156163,18.79403076
Vertedero,2,2058,-5.49,36.121667,25.44172045,18.70491071
Vertedero,2,2059,-5.49,36.121667,77.11679302,17.60602613
Vertedero,2,2060,-5.49,36.121667,17.85770555,18.66655252
Vertedero,2,2061,-5.49,36.121667,98.01952091,17.05127542
Vertedero,2,2062,-5.49,36.121667,112.0581965,18.86190513
Vertedero,2,2063,-5.49,36.121667,64.87610623,18.02471749
Vertedero,2,2064,-5.49,36.121667,37.17307406,17.31857426
Vertedero,2,2065,-5.49,36.121667,19.27408568,17.24851379
Vertedero,2,2066,-5.49,36.121667,40.06174662,16.60227792
Vertedero,2,2067,-5.49,36.121667,6.28035156,17.70655757
Vertedero,2,2068,-5.49,36.121667,45.44902752,16.36643319
Vertedero,2,2069,-5.49,36.121667,159.7111211,16.98304792
Vertedero,2,2070,-5.49,36.121667,21.21882543,17.2842586
Vertedero,2,2071,-5.49,36.121667,6.328401614,17.754359
Vertedero,2,2072,-5.49,36.121667,84.11636764,18.27751865
Vertedero,2,2073,-5.49,36.121667,30.5002421,18.61450784
Vertedero,2,2074,-5.49,36.121667,6.58731494,17.72890843
Vertedero,2,2075,-5.49,36.121667,45.85257578,18.59562182
Vertedero,2,2076,-5.49,36.121667,46.13445616,16.974819
Vertedero,2,2077,-5.49,36.121667,3.354638542,16.25440914
Vertedero,2,2078,-5.49,36.121667,35.25808534,18.97421199
Vertedero,2,2079,-5.49,36.121667,32.02912438,17.32339085
Vertedero,2,2080,-5.49,36.121667,79.88503507,18.65727202
Vertedero,2,2081,-5.49,36.121667,5.153713215,18.37661351
Vertedero,2,2082,-5.49,36.121667,11.76572385,18.46550576
Vertedero,2,2083,-5.49,36.121667,32.59404067,17.06077074
Vertedero,2,2084,-5.49,36.121667,41.90227793,18.55545696
Vertedero,2,2085,-5.49,36.121667,20.01732562,16.88190068
Vertedero,2,2086,-5.49,36.121667,10.60600939,17.37034215
Vertedero,2,2087,-5.49,36.121667,52.98231871,17.45990579
Vertedero,2,2088,-5.49,36.121667,11.18582462,19.37146543
Vertedero,2,2089,-5.49,36.121667,92.75557433,18.34182129
Vertedero,2,2090,-5.49,36.121667,3.271739631,17.19642247
Vertedero,2,2091,-5.49,36.121667,41.57245774,17.61109096
Vertedero,2,2092,-5.49,36.121667,70.92446059,18.19441613
Vertedero,2,2093,-5.49,36.121667,66.90757339,17.22100983
Vertedero,2,2094,-5.49,36.121667,25.13339598,18.09181693
Vertedero,2,2095,-5.49,36.121667,15.82109495,17.30267269
Vertedero,2,2096,-5.49,36.121667,45.26817541,18.81247601
Vertedero,2,2097,-5.49,36.121667,5.458182743,17.44235491
Vertedero,2,2098,-5.49,36.121667,53.09012353,17.71682347
Vertedero,2,2099,-5.49,36.121667,78.80124384,16.06647535
Vertedero,2,2100,-5.49,36.121667,158.439077,18.19970965
Vertedero,3,2015,-5.49,36.121667,67.05900505,18.59103472
Vertedero,3,2016,-5.49,36.121667,10.65783987,18.43116888
Vertedero,3,2017,-5.49,36.121667,7.623030797,18.3608741
Vertedero,3,2018,-5.49,36.121667,50.92479776,19.26744306
Vertedero,3,2019,-5.49,36.121667,50.27946406,17.76884687
Vertedero,3,2020,-5.49,36.121667,52.89111877,17.91106272
Vertedero,3,2021,-5.49,36.121667,5.224525631,20.10524902
Vertedero,3,2022,-5.49,36.121667,59.77708763,19.00835276
Vertedero,3,2023,-5.49,36.121667,5.488328403,17.46718159
Vertedero,3,2024,-5.49,36.121667,6.762658961,17.00690957
Vertedero,3,2025,-5.49,36.121667,49.27843036,17.31400993
Vertedero,3,2026,-5.49,36.121667,11.93302431,17.67012841
Vertedero,3,2027,-5.49,36.121667,4.984747747,19.25427226
Vertedero,3,2028,-5.49,36.121667,15.29148469,18.87500768
Vertedero,3,2029,-5.49,36.121667,27.28098383,17.56954641
Vertedero,3,2030,-5.49,36.121667,13.24363127,19.85868373
Vertedero,3,2031,-5.49,36.121667,27.644537,18.13366089
Vertedero,3,2032,-5.49,36.121667,10.62417793,19.41518456
Vertedero,3,2033,-5.49,36.121667,5.529966364,20.02411952
Vertedero,3,2034,-5.49,36.121667,16.90920811,18.74129343
Vertedero,3,2035,-5.49,36.121667,130.275785,17.04499748
Vertedero,3,2036,-5.49,36.121667,12.59790051,19.10570186
Vertedero,3,2037,-5.49,36.121667,1.971947845,20.47092541
Vertedero,3,2038,-5.49,36.121667,41.11621825,18.68661972
Vertedero,3,2039,-5.49,36.121667,74.01952711,18.97763436
Vertedero,3,2040,-5.49,36.121667,19.93348678,19.8332744
Vertedero,3,2041,-5.49,36.121667,46.27232445,18.3743422
Vertedero,3,2042,-5.49,36.121667,45.76624531,17.61745212
Vertedero,3,2043,-5.49,36.121667,16.21350519,18.52649989
Vertedero,3,2044,-5.49,36.121667,67.50483924,17.56863581
Vertedero,3,2045,-5.49,36.121667,37.06448148,18.78076152
Vertedero,3,2046,-5.49,36.121667,70.8961851,19.63944348
Vertedero,3,2047,-5.49,36.121667,46.90175693,18.80559102
Vertedero,3,2048,-5.49,36.121667,8.174629961,19.2378036
Vertedero,3,2049,-5.49,36.121667,18.14521742,19.04213769
Vertedero,3,2050,-5.49,36.121667,4.573737487,19.8323697
Vertedero,3,2051,-5.49,36.121667,27.47328465,18.72656132
Vertedero,3,2052,-5.49,36.121667,71.36056421,20.03209839
Vertedero,3,2053,-5.49,36.121667,20.84287903,18.04384963
Vertedero,3,2054,-5.49,36.121667,73.79947989,18.30330712
Vertedero,3,2055,-5.49,36.121667,90.81120581,17.1083185
Vertedero,3,2056,-5.49,36.121667,24.14366291,18.82284625
Vertedero,3,2057,-5.49,36.121667,12.18742192,19.81701739
Vertedero,3,2058,-5.49,36.121667,65.34203055,18.62288425
Vertedero,3,2059,-5.49,36.121667,83.19070885,18.76483725
Vertedero,3,2060,-5.49,36.121667,74.83004389,19.66263093
Vertedero,3,2061,-5.49,36.121667,44.75774676,17.72701219
Vertedero,3,2062,-5.49,36.121667,9.851739997,18.98224251
Vertedero,3,2063,-5.49,36.121667,0.600141038,19.29364092
Vertedero,3,2064,-5.49,36.121667,15.63126381,19.17522977
Vertedero,3,2065,-5.49,36.121667,30.54999448,18.18849015
Vertedero,3,2066,-5.49,36.121667,2.661771234,19.16844207
Vertedero,3,2067,-5.49,36.121667,15.65308093,19.86178471
Vertedero,3,2068,-5.49,36.121667,74.91139376,19.36804475
Vertedero,3,2069,-5.49,36.121667,115.429414,17.38697549
Vertedero,3,2070,-5.49,36.121667,1.487554561,19.91127339
Vertedero,3,2071,-5.49,36.121667,4.193699174,18.94265924
Vertedero,3,2072,-5.49,36.121667,12.34871188,19.56009482
Vertedero,3,2073,-5.49,36.121667,73.87940753,18.88792154
Vertedero,3,2074,-5.49,36.121667,2.812334696,19.77733568
Vertedero,3,2075,-5.49,36.121667,21.62463296,19.28932909
Vertedero,3,2076,-5.49,36.121667,60.60632015,20.34025111
Vertedero,3,2077,-5.49,36.121667,3.408576425,20.23222774
Vertedero,3,2078,-5.49,36.121667,50.09523592,18.80874713
Vertedero,3,2079,-5.49,36.121667,5.289788425,19.28064339
Vertedero,3,2080,-5.49,36.121667,19.33359382,19.05363691
Vertedero,3,2081,-5.49,36.121667,14.20574784,18.2107857
Vertedero,3,2082,-5.49,36.121667,86.27590313,18.13360182
Vertedero,3,2083,-5.49,36.121667,17.79153859,16.91105091
Vertedero,3,2084,-5.49,36.121667,66.45820827,19.40002422
Vertedero,3,2085,-5.49,36.121667,3.862472045,20.40484796
Vertedero,3,2086,-5.49,36.121667,44.14189585,17.31805006
Vertedero,3,2087,-5.49,36.121667,2.03767388,20.37342372
Vertedero,3,2088,-5.49,36.121667,5.73091537,20.69613037
Vertedero,3,2089,-5.49,36.121667,96.17888069,19.27221463
Vertedero,3,2090,-5.49,36.121667,5.896381391,21.39100972
Vertedero,3,2091,-5.49,36.121667,9.860539669,21.07969203
Vertedero,3,2092,-5.49,36.121667,25.9422521,20.2087548
Vertedero,3,2093,-5.49,36.121667,52.07426879,18.17931223
Vertedero,3,2094,-5.49,36.121667,21.73869216,18.56472168
Vertedero,3,2095,-5.49,36.121667,45.50084732,18.55784243
Vertedero,3,2096,-5.49,36.121667,80.58156486,18.98841494
Vertedero,3,2097,-5.49,36.121667,24.10460154,17.96952357
Vertedero,3,2098,-5.49,36.121667,30.92338447,18.99292366
Vertedero,3,2099,-5.49,36.121667,137.1349361,18.31512924
Vertedero,3,2100,-5.49,36.121667,10.17320966,18.96477956
Vertedero,4,2015,-5.49,36.121667,19.14988633,20.90034485
Vertedero,4,2016,-5.49,36.121667,1.770788673,20.02556864
Vertedero,4,2017,-5.49,36.121667,27.43767667,19.2776886
Vertedero,4,2018,-5.49,36.121667,17.75032159,19.97425741
Vertedero,4,2019,-5.49,36.121667,7.730804134,19.95571289
Vertedero,4,2020,-5.49,36.121667,15.90538698,20.9677419
Vertedero,4,2021,-5.49,36.121667,5.990967084,19.84891357
Vertedero,4,2022,-5.49,36.121667,38.85594387,19.91819763
Vertedero,4,2023,-5.49,36.121667,11.69857262,21.09731445
Vertedero,4,2024,-5.49,36.121667,1.664591357,19.20473735
Vertedero,4,2025,-5.49,36.121667,21.64139862,18.79019165
Vertedero,4,2026,-5.49,36.121667,11.74415114,19.57736816
Vertedero,4,2027,-5.49,36.121667,34.58322278,20.08526103
Vertedero,4,2028,-5.49,36.121667,5.119764534,20.94820251
Vertedero,4,2029,-5.49,36.121667,54.38403116,18.70542399
Vertedero,4,2030,-5.49,36.121667,66.54969414,19.6692159
Vertedero,4,2031,-5.49,36.121667,29.24705453,20.2896993
Vertedero,4,2032,-5.49,36.121667,38.63547837,19.79051005
Vertedero,4,2033,-5.49,36.121667,7.052768459,21.90958455
Vertedero,4,2034,-5.49,36.121667,71.22633114,20.57022909
Vertedero,4,2035,-5.49,36.121667,31.16820508,20.66778768
Vertedero,4,2036,-5.49,36.121667,4.635821202,20.9877889
Vertedero,4,2037,-5.49,36.121667,0.384440956,23.04914449
Vertedero,4,2038,-5.49,36.121667,42.24792571,19.05046794
Vertedero,4,2039,-5.49,36.121667,17.69405557,21.47379252
Vertedero,4,2040,-5.49,36.121667,34.15824846,20.85536702
Vertedero,4,2041,-5.49,36.121667,25.37443626,19.45994364
Vertedero,4,2042,-5.49,36.121667,3.2837871,20.80542196
Vertedero,4,2043,-5.49,36.121667,39.99159648,18.7437205
Vertedero,4,2044,-5.49,36.121667,12.65455556,19.63114624
Vertedero,4,2045,-5.49,36.121667,29.03095628,20.19950765
Vertedero,4,2046,-5.49,36.121667,32.83694951,19.77155355
Vertedero,4,2047,-5.49,36.121667,23.16143312,19.90939229
Vertedero,4,2048,-5.49,36.121667,36.71592664,20.28931173
Vertedero,4,2049,-5.49,36.121667,2.0261983,21.50121867
Vertedero,4,2050,-5.49,36.121667,24.23045081,20.16742757
Vertedero,4,2051,-5.49,36.121667,10.11528753,21.52635498
Vertedero,4,2052,-5.49,36.121667,21.75899698,20.9295461
Vertedero,4,2053,-5.49,36.121667,19.52653645,21.86052551
Vertedero,4,2054,-5.49,36.121667,45.2942295,21.27167765
Vertedero,4,2055,-5.49,36.121667,21.02125658,19.54173177
Vertedero,4,2056,-5.49,36.121667,67.67769471,21.59237061
Vertedero,4,2057,-5.49,36.121667,26.21903282,21.5098877
Vertedero,4,2058,-5.49,36.121667,14.43816506,21.91769307
Vertedero,4,2059,-5.49,36.121667,9.369693683,20.88336385
Vertedero,4,2060,-5.49,36.121667,66.82270423,19.82178345
Vertedero,4,2061,-5.49,36.121667,31.71600011,20.80514221
Vertedero,4,2062,-5.49,36.121667,6.205091471,20.76406352
Vertedero,4,2063,-5.49,36.121667,24.21131751,20.301356
Vertedero,4,2064,-5.49,36.121667,0.494195473,21.78172099
Vertedero,4,2065,-5.49,36.121667,13.00083107,19.89191386
Vertedero,4,2066,-5.49,36.121667,2.121819303,21.41815491
Vertedero,4,2067,-5.49,36.121667,43.1742122,20.68005981
Vertedero,4,2068,-5.49,36.121667,2.315460513,20.0706075
Vertedero,4,2069,-5.49,36.121667,0.550474352,21.66205953
Vertedero,4,2070,-5.49,36.121667,9.940462824,21.45394084
Vertedero,4,2071,-5.49,36.121667,6.769213012,20.95086161
Vertedero,4,2072,-5.49,36.121667,7.517157381,19.91616211
Vertedero,4,2073,-5.49,36.121667,47.92430434,18.59336853
Vertedero,4,2074,-5.49,36.121667,12.32714956,22.40590719
Vertedero,4,2075,-5.49,36.121667,4.515040983,22.31783651
Vertedero,4,2076,-5.49,36.121667,3.771616017,22.33157857
Vertedero,4,2077,-5.49,36.121667,20.50389524,19.96139832
Vertedero,4,2078,-5.49,36.121667,6.996875556,19.13348083
Vertedero,4,2079,-5.49,36.121667,6.585412264,22.33785706
Vertedero,4,2080,-5.49,36.121667,10.47330234,20.37891439
Vertedero,4,2081,-5.49,36.121667,2.619876257,22.11139933
Vertedero,4,2082,-5.49,36.121667,1.592685986,20.81955668
Vertedero,4,2083,-5.49,36.121667,6.085133685,20.08558655
Vertedero,4,2084,-5.49,36.121667,5.551622394,21.89000753
Vertedero,4,2085,-5.49,36.121667,14.39590331,21.25871073
Vertedero,4,2086,-5.49,36.121667,1.690507401,21.24211731
Vertedero,4,2087,-5.49,36.121667,2.629922237,23.23283488
Vertedero,4,2088,-5.49,36.121667,1.135122669,22.05500488
Vertedero,4,2089,-5.49,36.121667,4.982673202,21.09267782
Vertedero,4,2090,-5.49,36.121667,17.21280811,22.26715088
Vertedero,4,2091,-5.49,36.121667,22.56720963,21.21988525
Vertedero,4,2092,-5.49,36.121667,60.39297303,21.34099325
Vertedero,4,2093,-5.49,36.121667,17.72988061,20.81468608
Vertedero,4,2094,-5.49,36.121667,4.019686033,19.74826864
Vertedero,4,2095,-5.49,36.121667,74.90797825,20.49025269
Vertedero,4,2096,-5.49,36.121667,32.48157671,18.7463206
Vertedero,4,2097,-5.49,36.121667,66.59870641,19.54340515
Vertedero,4,2098,-5.49,36.121667,13.32770216,22.53571167
Vertedero,4,2099,-5.49,36.121667,8.948511914,21.70256348
Vertedero,4,2100,-5.49,36.121667,56.65837419,20.73226725
Vertedero,5,2015,-5.49,36.121667,26.56930497,23.04343911
Vertedero,5,2016,-5.49,36.121667,50.66333875,19.7801807
Vertedero,5,2017,-5.49,36.121667,1.890598274,22.80272138
Vertedero,5,2018,-5.49,36.121667,12.5906802,21.74139188
Vertedero,5,2019,-5.49,36.121667,0.933399007,22.17701751
Vertedero,5,2020,-5.49,36.121667,14.32144813,22.19920083
Vertedero,5,2021,-5.49,36.121667,27.69862547,21.57829216
Vertedero,5,2022,-5.49,36.121667,36.54641134,21.98989455
Vertedero,5,2023,-5.49,36.121667,22.99621124,23.07518921
Vertedero,5,2024,-5.49,36.121667,12.4107722,21.97186752
Vertedero,5,2025,-5.49,36.121667,25.19609818,20.14840875
Vertedero,5,2026,-5.49,36.121667,12.57757179,22.04739852
Vertedero,5,2027,-5.49,36.121667,17.55428438,21.83620212
Vertedero,5,2028,-5.49,36.121667,13.12726525,20.93542756
Vertedero,5,2029,-5.49,36.121667,5.07632687,23.377897
Vertedero,5,2030,-5.49,36.121667,14.17875963,23.0049909
Vertedero,5,2031,-5.49,36.121667,94.19254875,21.92348731
Vertedero,5,2032,-5.49,36.121667,2.162326655,23.40240754
Vertedero,5,2033,-5.49,36.121667,12.43703225,22.17746247
Vertedero,5,2034,-5.49,36.121667,50.79922169,22.09956193
Vertedero,5,2035,-5.49,36.121667,52.49350657,19.37573616
Vertedero,5,2036,-5.49,36.121667,7.596863161,22.12198644
Vertedero,5,2037,-5.49,36.121667,9.418500007,23.30892531
Vertedero,5,2038,-5.49,36.121667,17.80935576,21.85324963
Vertedero,5,2039,-5.49,36.121667,3.109495048,23.02096833
Vertedero,5,2040,-5.49,36.121667,19.89184847,20.10980303
Vertedero,5,2041,-5.49,36.121667,3.13079718,22.05249693
Vertedero,5,2042,-5.49,36.121667,37.81259842,22.72450483
Vertedero,5,2043,-5.49,36.121667,12.62271276,22.53364789
Vertedero,5,2044,-5.49,36.121667,1.577369945,22.50469754
Vertedero,5,2045,-5.49,36.121667,15.10378885,22.71756946
Vertedero,5,2046,-5.49,36.121667,36.24896092,22.4600454
Vertedero,5,2047,-5.49,36.121667,12.04478186,22.5653596
Vertedero,5,2048,-5.49,36.121667,7.877808505,21.65636498
Vertedero,5,2049,-5.49,36.121667,6.773319979,23.69693367
Vertedero,5,2050,-5.49,36.121667,12.45624519,22.80486746
Vertedero,5,2051,-5.49,36.121667,17.35114649,23.14828176
Vertedero,5,2052,-5.49,36.121667,2.382551308,24.92996491
Vertedero,5,2053,-5.49,36.121667,21.05307309,24.0289344
Vertedero,5,2054,-5.49,36.121667,36.27298053,22.81256478
Vertedero,5,2055,-5.49,36.121667,0.762744687,22.21349389
Vertedero,5,2056,-5.49,36.121667,16.38297889,22.54302565
Vertedero,5,2057,-5.49,36.121667,15.97083914,21.33255084
Vertedero,5,2058,-5.49,36.121667,37.86876615,23.11293355
Vertedero,5,2059,-5.49,36.121667,1.284750686,23.33314445
Vertedero,5,2060,-5.49,36.121667,21.220363,22.91872559
Vertedero,5,2061,-5.49,36.121667,2.04790318,23.46695419
Vertedero,5,2062,-5.49,36.121667,13.90862318,22.73864333
Vertedero,5,2063,-5.49,36.121667,2.043918175,22.91285834
Vertedero,5,2064,-5.49,36.121667,18.45646266,24.22816201
Vertedero,5,2065,-5.49,36.121667,4.501250928,22.89704039
Vertedero,5,2066,-5.49,36.121667,5.214389999,20.70138825
Vertedero,5,2067,-5.49,36.121667,12.93389035,23.92408684
Vertedero,5,2068,-5.49,36.121667,24.14066874,22.34037318
Vertedero,5,2069,-5.49,36.121667,3.515681766,24.38815386
Vertedero,5,2070,-5.49,36.121667,1.737324116,23.38064654
Vertedero,5,2071,-5.49,36.121667,14.65642974,23.09894271
Vertedero,5,2072,-5.49,36.121667,53.84799986,20.91089537
Vertedero,5,2073,-5.49,36.121667,3.413815517,23.79836623
Vertedero,5,2074,-5.49,36.121667,9.13776583,22.56059393
Vertedero,5,2075,-5.49,36.121667,40.99188391,23.24972613
Vertedero,5,2076,-5.49,36.121667,11.73494689,24.90388814
Vertedero,5,2077,-5.49,36.121667,21.02361483,23.08212654
Vertedero,5,2078,-5.49,36.121667,75.47152563,20.41593175
Vertedero,5,2079,-5.49,36.121667,0.813532337,24.94841328
Vertedero,5,2080,-5.49,36.121667,62.83454243,22.1581921
Vertedero,5,2081,-5.49,36.121667,8.720531451,23.62607973
Vertedero,5,2082,-5.49,36.121667,31.12926352,22.82800864
Vertedero,5,2083,-5.49,36.121667,0.33889949,24.22876941
Vertedero,5,2084,-5.49,36.121667,43.77438158,21.97322998
Vertedero,5,2085,-5.49,36.121667,7.865289288,23.61215682
Vertedero,5,2086,-5.49,36.121667,6.737011035,22.93715623
Vertedero,5,2087,-5.49,36.121667,2.33793517,24.90849924
Vertedero,5,2088,-5.49,36.121667,8.731813497,25.1641322
Vertedero,5,2089,-5.49,36.121667,19.970951,24.38343644
Vertedero,5,2090,-5.49,36.121667,38.88745431,23.26903785
Vertedero,5,2091,-5.49,36.121667,0.775963104,22.97943194
Vertedero,5,2092,-5.49,36.121667,3.172738591,23.52152257
Vertedero,5,2093,-5.49,36.121667,26.34441225,23.98325943
Vertedero,5,2094,-5.49,36.121667,6.281627991,22.74229067
Vertedero,5,2095,-5.49,36.121667,1.656750358,23.92986352
Vertedero,5,2096,-5.49,36.121667,3.2699138,22.15860163
Vertedero,5,2097,-5.49,36.121667,1.931670198,22.77556664
Vertedero,5,2098,-5.49,36.121667,24.75615453,22.58609088
Vertedero,5,2099,-5.49,36.121667,21.56599228,26.54742215
Vertedero,5,2100,-5.49,36.121667,58.18598587,20.48987978
Vertedero,6,2015,-5.49,36.121667,11.43268896,25.12388916
Vertedero,6,2016,-5.49,36.121667,10.81014302,24.80907694
Vertedero,6,2017,-5.49,36.121667,16.62687798,24.1956309
Vertedero,6,2018,-5.49,36.121667,2.304504936,24.2989624
Vertedero,6,2019,-5.49,36.121667,3.023009041,24.34342753
Vertedero,6,2020,-5.49,36.121667,0.478482365,25.54847107
Vertedero,6,2021,-5.49,36.121667,0.02017984,26.51384989
Vertedero,6,2022,-5.49,36.121667,0.993663544,26.08105469
Vertedero,6,2023,-5.49,36.121667,11.26840505,25.25273539
Vertedero,6,2024,-5.49,36.121667,2.390418131,25.38369039
Vertedero,6,2025,-5.49,36.121667,2.337492551,24.6648468
Vertedero,6,2026,-5.49,36.121667,8.822102186,26.37143555
Vertedero,6,2027,-5.49,36.121667,0.599258648,25.43178202
Vertedero,6,2028,-5.49,36.121667,9.814566931,24.5489329
Vertedero,6,2029,-5.49,36.121667,6.930660113,24.4731781
Vertedero,6,2030,-5.49,36.121667,24.25920891,25.08228048
Vertedero,6,2031,-5.49,36.121667,12.41802929,27.23867798
Vertedero,6,2032,-5.49,36.121667,1.566589425,28.56979472
Vertedero,6,2033,-5.49,36.121667,2.638046695,25.42724915
Vertedero,6,2034,-5.49,36.121667,2.650109309,25.36330872
Vertedero,6,2035,-5.49,36.121667,8.320560526,24.95092672
Vertedero,6,2036,-5.49,36.121667,0.397846737,25.97727865
Vertedero,6,2037,-5.49,36.121667,14.33881449,25.78631185
Vertedero,6,2038,-5.49,36.121667,16.76449401,24.92771403
Vertedero,6,2039,-5.49,36.121667,3.771068652,27.69979757
Vertedero,6,2040,-5.49,36.121667,0.51192737,25.33442586
Vertedero,6,2041,-5.49,36.121667,10.82130155,25.82947795
Vertedero,6,2042,-5.49,36.121667,1.751711844,25.29752604
Vertedero,6,2043,-5.49,36.121667,0.941310968,27.10895386
Vertedero,6,2044,-5.49,36.121667,1.213394558,26.49813232
Vertedero,6,2045,-5.49,36.121667,26.88163826,25.33018188
Vertedero,6,2046,-5.49,36.121667,0.49910211,25.38109334
Vertedero,6,2047,-5.49,36.121667,9.666042533,26.98004659
Vertedero,6,2048,-5.49,36.121667,1.006344081,26.51602376
Vertedero,6,2049,-5.49,36.121667,14.55230319,28.05231425
Vertedero,6,2050,-5.49,36.121667,15.16865688,26.50661825
Vertedero,6,2051,-5.49,36.121667,3.104553684,25.16821187
Vertedero,6,2052,-5.49,36.121667,1.76718888,27.30794373
Vertedero,6,2053,-5.49,36.121667,0.254846509,26.73312683
Vertedero,6,2054,-5.49,36.121667,0.456883148,28.19003398
Vertedero,6,2055,-5.49,36.121667,1.209925887,27.12475688
Vertedero,6,2056,-5.49,36.121667,3.030629706,25.87258199
Vertedero,6,2057,-5.49,36.121667,4.84590146519069e-05,26.8999644
Vertedero,6,2058,-5.49,36.121667,4.704721687,26.16756185
Vertedero,6,2059,-5.49,36.121667,0.960171361,25.51121318
Vertedero,6,2060,-5.49,36.121667,11.05198057,26.01917521
Vertedero,6,2061,-5.49,36.121667,15.70103987,28.12191874
Vertedero,6,2062,-5.49,36.121667,2.601603554,27.39697876
Vertedero,6,2063,-5.49,36.121667,0.348523703,27.14226074
Vertedero,6,2064,-5.49,36.121667,0.63016109,27.27336629
Vertedero,6,2065,-5.49,36.121667,0.104875218,27.33616028
Vertedero,6,2066,-5.49,36.121667,0.709014296,25.64184163
Vertedero,6,2067,-5.49,36.121667,3.019206835,28.2691213
Vertedero,6,2068,-5.49,36.121667,3.315462154,27.18213603
Vertedero,6,2069,-5.49,36.121667,21.21958365,28.33490906
Vertedero,6,2070,-5.49,36.121667,91.59643305,26.7995697
Vertedero,6,2071,-5.49,36.121667,0.001830084,27.07820231
Vertedero,6,2072,-5.49,36.121667,15.42091199,24.8008606
Vertedero,6,2073,-5.49,36.121667,7.895733969,24.98627014
Vertedero,6,2074,-5.49,36.121667,1.371368999,26.36082865
Vertedero,6,2075,-5.49,36.121667,3.746494285,26.51497701
Vertedero,6,2076,-5.49,36.121667,3.180161847,26.93838603
Vertedero,6,2077,-5.49,36.121667,1.307937471,27.82612305
Vertedero,6,2078,-5.49,36.121667,2.823300062,27.59452311
Vertedero,6,2079,-5.49,36.121667,2.13514284,26.71493937
Vertedero,6,2080,-5.49,36.121667,5.572613972,26.21239115
Vertedero,6,2081,-5.49,36.121667,12.81441042,28.58234965
Vertedero,6,2082,-5.49,36.121667,0.4702046,27.60872904
Vertedero,6,2083,-5.49,36.121667,2.177852853,27.59689331
Vertedero,6,2084,-5.49,36.121667,10.64418371,23.7426768
Vertedero,6,2085,-5.49,36.121667,0.343573164,27.93795471
Vertedero,6,2086,-5.49,36.121667,4.347732537,25.46571248
Vertedero,6,2087,-5.49,36.121667,13.43060142,30.0597758
Vertedero,6,2088,-5.49,36.121667,8.182372427,25.66917013
Vertedero,6,2089,-5.49,36.121667,0.184517942,26.19928487
Vertedero,6,2090,-5.49,36.121667,0.325486239,27.97330017
Vertedero,6,2091,-5.49,36.121667,1.048406812,26.64950053
Vertedero,6,2092,-5.49,36.121667,14.20700736,27.45508321
Vertedero,6,2093,-5.49,36.121667,0.000732555,27.72221069
Vertedero,6,2094,-5.49,36.121667,0.442529092,26.65974426
Vertedero,6,2095,-5.49,36.121667,2.871266809,28.5549408
Vertedero,6,2096,-5.49,36.121667,0.574908591,25.75739136
Vertedero,6,2097,-5.49,36.121667,0.006117933,27.44307658
Vertedero,6,2098,-5.49,36.121667,3.497213348,26.23625183
Vertedero,6,2099,-5.49,36.121667,3.104839783,27.84369609
Vertedero,6,2100,-5.49,36.121667,11.79775413,26.05668132
Vertedero,7,2015,-5.49,36.121667,1.270525445,28.23426061
Vertedero,7,2016,-5.49,36.121667,0.839149164,28.58280777
Vertedero,7,2017,-5.49,36.121667,0.018923604,29.04676061
Vertedero,7,2018,-5.49,36.121667,0.181754462,27.91979567
Vertedero,7,2019,-5.49,36.121667,0.008473229,29.11276718
Vertedero,7,2020,-5.49,36.121667,0.088216272,29.76330153
Vertedero,7,2021,-5.49,36.121667,0.064162216,29.2646384
Vertedero,7,2022,-5.49,36.121667,5.91371619582378e-07,30.16904454
Vertedero,7,2023,-5.49,36.121667,0.367394544,28.52981252
Vertedero,7,2024,-5.49,36.121667,0.191780271,28.70127504
Vertedero,7,2025,-5.49,36.121667,0.094232305,28.48884021
Vertedero,7,2026,-5.49,36.121667,18.00778257,29.43356993
Vertedero,7,2027,-5.49,36.121667,0.37384859,28.43671225
Vertedero,7,2028,-5.49,36.121667,1.568060921,29.41521213
Vertedero,7,2029,-5.49,36.121667,0.754268841,28.96728201
Vertedero,7,2030,-5.49,36.121667,0.13518314,27.60246503
Vertedero,7,2031,-5.49,36.121667,1.020030272,29.9985005
Vertedero,7,2032,-5.49,36.121667,0.0808702,29.88949073
Vertedero,7,2033,-5.49,36.121667,3.249720493,28.38462564
Vertedero,7,2034,-5.49,36.121667,0.02505485,29.04826975
Vertedero,7,2035,-5.49,36.121667,0.001054398,28.64778167
Vertedero,7,2036,-5.49,36.121667,0.000516296,29.40328763
Vertedero,7,2037,-5.49,36.121667,13.35642669,29.34382856
Vertedero,7,2038,-5.49,36.121667,0.058405403,27.94303234
Vertedero,7,2039,-5.49,36.121667,0.277634874,31.37012093
Vertedero,7,2040,-5.49,36.121667,0.000684164,29.94543733
Vertedero,7,2041,-5.49,36.121667,2.949886231,30.09375177
Vertedero,7,2042,-5.49,36.121667,0.003580904,30.10781053
Vertedero,7,2043,-5.49,36.121667,0.599857029,29.09270827
Vertedero,7,2044,-5.49,36.121667,0.083888649,30.46781065
Vertedero,7,2045,-5.49,36.121667,0.12021193,29.803821
Vertedero,7,2046,-5.49,36.121667,0.007723843,29.18478079
Vertedero,7,2047,-5.49,36.121667,0.33484687,30.77358202
Vertedero,7,2048,-5.49,36.121667,0.12229728,30.72184389
Vertedero,7,2049,-5.49,36.121667,0.312241812,30.71612824
Vertedero,7,2050,-5.49,36.121667,0.195405632,30.60319647
Vertedero,7,2051,-5.49,36.121667,2.099406929,29.35382257
Vertedero,7,2052,-5.49,36.121667,1.808501501,30.66458898
Vertedero,7,2053,-5.49,36.121667,0.12792167,29.7812498
Vertedero,7,2054,-5.49,36.121667,0.061662894,30.50989636
Vertedero,7,2055,-5.49,36.121667,0.479517283,30.00206614
Vertedero,7,2056,-5.49,36.121667,0.132429613,30.1634175
Vertedero,7,2057,-5.49,36.121667,0.092066689,31.30837796
Vertedero,7,2058,-5.49,36.121667,0.066162639,30.58237758
Vertedero,7,2059,-5.49,36.121667,0.040969837,29.47762943
Vertedero,7,2060,-5.49,36.121667,0.006766311,30.94343596
Vertedero,7,2061,-5.49,36.121667,0.569059187,31.55014412
Vertedero,7,2062,-5.49,36.121667,2.319892108,31.38023012
Vertedero,7,2063,-5.49,36.121667,4.03538793013835e-11,31.11959524
Vertedero,7,2064,-5.49,36.121667,0.00057411,30.29004576
Vertedero,7,2065,-5.49,36.121667,9.200567602,29.08401666
Vertedero,7,2066,-5.49,36.121667,0.000454108,30.02580488
Vertedero,7,2067,-5.49,36.121667,0.001261142,30.42966171
Vertedero,7,2068,-5.49,36.121667,0.304050088,30.98381663
Vertedero,7,2069,-5.49,36.121667,1.39888304891325e-06,31.01014837
Vertedero,7,2070,-5.49,36.121667,4.610611563,31.56715521
Vertedero,7,2071,-5.49,36.121667,0.007129923,30.6840779
Vertedero,7,2072,-5.49,36.121667,1.664366326,30.50783593
Vertedero,7,2073,-5.49,36.121667,0.224409088,30.61330074
Vertedero,7,2074,-5.49,36.121667,0.327329823,29.70745436
Vertedero,7,2075,-5.49,36.121667,0.011326281,31.56604969
Vertedero,7,2076,-5.49,36.121667,0.506799192,31.05211792
Vertedero,7,2077,-5.49,36.121667,0.057407557,30.71904809
Vertedero,7,2078,-5.49,36.121667,1.400739392,29.80148
Vertedero,7,2079,-5.49,36.121667,0.71231133,29.45623858
Vertedero,7,2080,-5.49,36.121667,0.149023932,31.35041642
Vertedero,7,2081,-5.49,36.121667,0.001223106,32.22121976
Vertedero,7,2082,-5.49,36.121667,0.037938268,31.65726673
Vertedero,7,2083,-5.49,36.121667,0.004939857,31.1365069
Vertedero,7,2084,-5.49,36.121667,0.041861402,30.26938339
Vertedero,7,2085,-5.49,36.121667,0.039542546,31.67758848
Vertedero,7,2086,-5.49,36.121667,0.021297171,30.12402127
Vertedero,7,2087,-5.49,36.121667,0.000136064,32.09339048
Vertedero,7,2088,-5.49,36.121667,2.475295123,30.36777206
Vertedero,7,2089,-5.49,36.121667,0.276395003,31.01610324
Vertedero,7,2090,-5.49,36.121667,3.766668793,30.1777962
Vertedero,7,2091,-5.49,36.121667,0.403741162,31.0736397
Vertedero,7,2092,-5.49,36.121667,0.002927769,30.85677195
Vertedero,7,2093,-5.49,36.121667,1.054016201,30.62860875
Vertedero,7,2094,-5.49,36.121667,1.01733128869706e-08,29.78077727
Vertedero,7,2095,-5.49,36.121667,5.110948905,31.67808956
Vertedero,7,2096,-5.49,36.121667,0.016118979,30.89410479
Vertedero,7,2097,-5.49,36.121667,1.371944772,31.1160552
Vertedero,7,2098,-5.49,36.121667,0.188219875,30.5796684
Vertedero,7,2099,-5.49,36.121667,0.151329436,31.59036924
Vertedero,7,2100,-5.49,36.121667,2.06042769582113e-09,30.72657215
Vertedero,8,2015,-5.49,36.121667,0.004956272,28.03072904
Vertedero,8,2016,-5.49,36.121667,0.077222697,29.02712993
Vertedero,8,2017,-5.49,36.121667,7.075613086,28.85467017
Vertedero,8,2018,-5.49,36.121667,5.774638421,30.03302376
Vertedero,8,2019,-5.49,36.121667,23.37135327,29.74709177
Vertedero,8,2020,-5.49,36.121667,0.013345354,30.57475212
Vertedero,8,2021,-5.49,36.121667,2.080827717,28.94568934
Vertedero,8,2022,-5.49,36.121667,3.424505413,29.32490963
Vertedero,8,2023,-5.49,36.121667,4.636300438,30.85282238
Vertedero,8,2024,-5.49,36.121667,0.539697384,28.52708169
Vertedero,8,2025,-5.49,36.121667,4.083920135,29.87602165
Vertedero,8,2026,-5.49,36.121667,1.666536346,28.6133096
Vertedero,8,2027,-5.49,36.121667,0.488244572,30.83639704
Vertedero,8,2028,-5.49,36.121667,7.175412716,30.60238431
Vertedero,8,2029,-5.49,36.121667,0.039007893,30.17986549
Vertedero,8,2030,-5.49,36.121667,0.181131036,28.73894949
Vertedero,8,2031,-5.49,36.121667,14.64317701,28.93106945
Vertedero,8,2032,-5.49,36.121667,7.438535148,30.31238955
Vertedero,8,2033,-5.49,36.121667,0.002512204,29.48697864
Vertedero,8,2034,-5.49,36.121667,0.154747526,30.62387754
Vertedero,8,2035,-5.49,36.121667,0.719287503,28.29960268
Vertedero,8,2036,-5.49,36.121667,11.44729455,29.62714686
Vertedero,8,2037,-5.49,36.121667,2.334524905,29.45806668
Vertedero,8,2038,-5.49,36.121667,0.001282789,31.01940012
Vertedero,8,2039,-5.49,36.121667,1.934413776,30.368598
Vertedero,8,2040,-5.49,36.121667,0.001996882,29.29278939
Vertedero,8,2041,-5.49,36.121667,14.96224327,29.40333587
Vertedero,8,2042,-5.49,36.121667,12.57105645,30.77577042
Vertedero,8,2043,-5.49,36.121667,0.424910034,28.99837646
Vertedero,8,2044,-5.49,36.121667,0.381060602,30.93758151
Vertedero,8,2045,-5.49,36.121667,3.048323709,30.92242904
Vertedero,8,2046,-5.49,36.121667,14.8172407,30.71932964
Vertedero,8,2047,-5.49,36.121667,0.128308299,31.06736785
Vertedero,8,2048,-5.49,36.121667,1.69974653,30.14361257
Vertedero,8,2049,-5.49,36.121667,4.158838371,31.1090588
Vertedero,8,2050,-5.49,36.121667,16.81818399,30.23236261
Vertedero,8,2051,-5.49,36.121667,0.005628323,30.35786664
Vertedero,8,2052,-5.49,36.121667,0.007099053,30.21697289
Vertedero,8,2053,-5.49,36.121667,0.243951432,31.67793894
Vertedero,8,2054,-5.49,36.121667,0.253635994,30.81787877
Vertedero,8,2055,-5.49,36.121667,0.287838206,29.83283829
Vertedero,8,2056,-5.49,36.121667,0.001797601,31.12881844
Vertedero,8,2057,-5.49,36.121667,16.02572578,31.45109095
Vertedero,8,2058,-5.49,36.121667,0.052302127,31.06798903
Vertedero,8,2059,-5.49,36.121667,3.60955474,31.06858068
Vertedero,8,2060,-5.49,36.121667,0.285191839,31.12647646
Vertedero,8,2061,-5.49,36.121667,29.45859986,31.51838025
Vertedero,8,2062,-5.49,36.121667,0.361919035,30.93451696
Vertedero,8,2063,-5.49,36.121667,0.000113228,30.7146447
Vertedero,8,2064,-5.49,36.121667,1.692127824,31.20835315
Vertedero,8,2065,-5.49,36.121667,12.12647507,29.42635006
Vertedero,8,2066,-5.49,36.121667,1.439157769,30.66662676
Vertedero,8,2067,-5.49,36.121667,1.010716083,31.23519287
Vertedero,8,2068,-5.49,36.121667,0.013457723,30.03412141
Vertedero,8,2069,-5.49,36.121667,0.434328804,29.39701774
Vertedero,8,2070,-5.49,36.121667,0.001978666,30.92003194
Vertedero,8,2071,-5.49,36.121667,2.745327982,31.91486757
Vertedero,8,2072,-5.49,36.121667,0.440473998,30.19409751
Vertedero,8,2073,-5.49,36.121667,1.214954274,31.18129883
Vertedero,8,2074,-5.49,36.121667,0.002462269,31.03871578
Vertedero,8,2075,-5.49,36.121667,0.17268121,31.9851781
Vertedero,8,2076,-5.49,36.121667,0.133849606,31.56267405
Vertedero,8,2077,-5.49,36.121667,0.004273209,31.45606433
Vertedero,8,2078,-5.49,36.121667,1.019522309,29.67223019
Vertedero,8,2079,-5.49,36.121667,0.773237687,29.64996614
Vertedero,8,2080,-5.49,36.121667,0.014031402,31.17963316
Vertedero,8,2081,-5.49,36.121667,9.190188495,32.55523859
Vertedero,8,2082,-5.49,36.121667,8.175699466,33.28140633
Vertedero,8,2083,-5.49,36.121667,0.065729563,30.60939055
Vertedero,8,2084,-5.49,36.121667,0.316181422,31.39227767
Vertedero,8,2085,-5.49,36.121667,0.050472132,30.45302734
Vertedero,8,2086,-5.49,36.121667,5.81288813851131e-06,31.39035211
Vertedero,8,2087,-5.49,36.121667,2.252708054,31.31390361
Vertedero,8,2088,-5.49,36.121667,0.102754547,29.96212158
Vertedero,8,2089,-5.49,36.121667,0.720386864,30.39036393
Vertedero,8,2090,-5.49,36.121667,2.422317356,30.24217057
Vertedero,8,2091,-5.49,36.121667,0.81991623,31.15497003
Vertedero,8,2092,-5.49,36.121667,0.309606089,33.73634466
Vertedero,8,2093,-5.49,36.121667,1.554460289,32.14801203
Vertedero,8,2094,-5.49,36.121667,0.071006972,29.95440556
Vertedero,8,2095,-5.49,36.121667,0.257714248,30.2135815
Vertedero,8,2096,-5.49,36.121667,7.267262857,31.34145705
Vertedero,8,2097,-5.49,36.121667,0.362356771,31.90498283
Vertedero,8,2098,-5.49,36.121667,0.036998866,29.42546899
Vertedero,8,2099,-5.49,36.121667,15.13448793,33.22097759
Vertedero,8,2100,-5.49,36.121667,8.31325894609877e-05,31.74273071
Vertedero,9,2015,-5.49,36.121667,29.12937109,27.32610474
Vertedero,9,2016,-5.49,36.121667,44.30022504,26.35695089
Vertedero,9,2017,-5.49,36.121667,2.324904913,26.44309998
Vertedero,9,2018,-5.49,36.121667,5.796000252,27.12048848
Vertedero,9,2019,-5.49,36.121667,3.415535468,27.61777445
Vertedero,9,2020,-5.49,36.121667,16.4640742,27.09382935
Vertedero,9,2021,-5.49,36.121667,6.914782138,26.79198507
Vertedero,9,2022,-5.49,36.121667,0.404390417,27.58780009
Vertedero,9,2023,-5.49,36.121667,7.222372281,28.42845866
Vertedero,9,2024,-5.49,36.121667,8.139687637,27.13101705
Vertedero,9,2025,-5.49,36.121667,24.87498267,26.48693848
Vertedero,9,2026,-5.49,36.121667,0.956368385,26.32383931
Vertedero,9,2027,-5.49,36.121667,1.876135875,28.90427043
Vertedero,9,2028,-5.49,36.121667,29.16072391,27.39449666
Vertedero,9,2029,-5.49,36.121667,1.179299383,26.59941508
Vertedero,9,2030,-5.49,36.121667,0.041128124,26.65032959
Vertedero,9,2031,-5.49,36.121667,10.56388616,27.72082621
Vertedero,9,2032,-5.49,36.121667,4.663424678,27.54966329
Vertedero,9,2033,-5.49,36.121667,79.60428836,27.09714457
Vertedero,9,2034,-5.49,36.121667,54.25101184,28.05728048
Vertedero,9,2035,-5.49,36.121667,8.115130383,27.62609456
Vertedero,9,2036,-5.49,36.121667,0.795903659,27.85401204
Vertedero,9,2037,-5.49,36.121667,0.796852355,28.79805501
Vertedero,9,2038,-5.49,36.121667,0.115822424,28.63207092
Vertedero,9,2039,-5.49,36.121667,8.499336093,26.17639567
Vertedero,9,2040,-5.49,36.121667,0.26806817,27.70439555
Vertedero,9,2041,-5.49,36.121667,12.93943215,27.64101766
Vertedero,9,2042,-5.49,36.121667,11.21009506,26.48235982
Vertedero,9,2043,-5.49,36.121667,14.83199768,26.81336873
Vertedero,9,2044,-5.49,36.121667,11.80940845,27.9426534
Vertedero,9,2045,-5.49,36.121667,0.138767982,28.28710124
Vertedero,9,2046,-5.49,36.121667,0.750637459,29.25112508
Vertedero,9,2047,-5.49,36.121667,0.383041399,27.3411143
Vertedero,9,2048,-5.49,36.121667,0.094654914,29.22688802
Vertedero,9,2049,-5.49,36.121667,0.105280643,27.46331075
Vertedero,9,2050,-5.49,36.121667,0.120390227,28.62963664
Vertedero,9,2051,-5.49,36.121667,12.03753095,27.47367655
Vertedero,9,2052,-5.49,36.121667,12.85870606,27.97700094
Vertedero,9,2053,-5.49,36.121667,0.176472369,28.11407979
Vertedero,9,2054,-5.49,36.121667,0.482936997,28.62812602
Vertedero,9,2055,-5.49,36.121667,20.96663654,27.79888916
Vertedero,9,2056,-5.49,36.121667,18.20506595,28.30365092
Vertedero,9,2057,-5.49,36.121667,16.6533924,28.91573486
Vertedero,9,2058,-5.49,36.121667,1.974134931,28.62518412
Vertedero,9,2059,-5.49,36.121667,1.326554388,26.58623556
Vertedero,9,2060,-5.49,36.121667,2.813280998,28.23268229
Vertedero,9,2061,-5.49,36.121667,4.725536202,28.77483724
Vertedero,9,2062,-5.49,36.121667,0.044519707,28.67111511
Vertedero,9,2063,-5.49,36.121667,7.162842476,29.06372477
Vertedero,9,2064,-5.49,36.121667,5.352112017,27.74447123
Vertedero,9,2065,-5.49,36.121667,6.574727615,27.20939331
Vertedero,9,2066,-5.49,36.121667,0.489707261,29.11855774
Vertedero,9,2067,-5.49,36.121667,0.246740888,28.28807882
Vertedero,9,2068,-5.49,36.121667,5.987670181,26.07259216
Vertedero,9,2069,-5.49,36.121667,0.615491611,28.77567647
Vertedero,9,2070,-5.49,36.121667,6.268805548,28.35209147
Vertedero,9,2071,-5.49,36.121667,16.53606441,28.13183695
Vertedero,9,2072,-5.49,36.121667,20.35283024,27.06451314
Vertedero,9,2073,-5.49,36.121667,4.607779814,28.70525614
Vertedero,9,2074,-5.49,36.121667,0.008303737,28.77179057
Vertedero,9,2075,-5.49,36.121667,1.826174456,28.60557353
Vertedero,9,2076,-5.49,36.121667,6.462319906,28.10228475
Vertedero,9,2077,-5.49,36.121667,0.648988957,29.05864461
Vertedero,9,2078,-5.49,36.121667,17.44214146,27.94238078
Vertedero,9,2079,-5.49,36.121667,2.316786703,27.97945455
Vertedero,9,2080,-5.49,36.121667,2.638578547,27.84676412
Vertedero,9,2081,-5.49,36.121667,2.865899212,29.27524109
Vertedero,9,2082,-5.49,36.121667,37.82425857,28.58473511
Vertedero,9,2083,-5.49,36.121667,0.043870957,30.2013265
Vertedero,9,2084,-5.49,36.121667,0.890850352,27.92000732
Vertedero,9,2085,-5.49,36.121667,2.56564906,28.13406677
Vertedero,9,2086,-5.49,36.121667,0.420845533,29.44381816
Vertedero,9,2087,-5.49,36.121667,0.200715604,27.54230245
Vertedero,9,2088,-5.49,36.121667,6.349533087,28.08921712
Vertedero,9,2089,-5.49,36.121667,10.17893968,29.10918884
Vertedero,9,2090,-5.49,36.121667,20.37555536,29.81142375
Vertedero,9,2091,-5.49,36.121667,1.76286395,29.85695903
Vertedero,9,2092,-5.49,36.121667,6.124628618,28.06978251
Vertedero,9,2093,-5.49,36.121667,0.197588189,28.7176005
Vertedero,9,2094,-5.49,36.121667,4.742229791,28.59842936
Vertedero,9,2095,-5.49,36.121667,2.386672537,27.72009277
Vertedero,9,2096,-5.49,36.121667,0.158347184,29.72107646
Vertedero,9,2097,-5.49,36.121667,0.621944337,28.44599304
Vertedero,9,2098,-5.49,36.121667,4.828093619,27.20791423
Vertedero,9,2099,-5.49,36.121667,0.331839385,29.22779541
Vertedero,9,2100,-5.49,36.121667,10.8246076,29.10358683